ID,class,x,y,btm_broad_bpi,btm_fine_bpi,btm_broad_std,btm_fine_std,btm_slope,btm_vrm,btm_surface_ratio,btm_bpi_magnitude,btm_broad_x_fine_std,btm_rough_total,btm_northness_3,btm_eastness_3
1,NVB,453594.477237,5679192.373871,0.0,0.0,0.0,0.0,13.770500183105469,,1.0839859247207642,0.0,0.0,,-0.6317806725812625,0.4401061661533123
2,FMAT,453561.906453393,5679108.58525087,0.0,0.0,0.0,0.0,1.6186344623565674,,1.0198713541030884,0.0,0.0,,0.2011111370565329,-0.2064311083264597
3,ALG,453744.452238143,5679033.2864208,0.0,0.0,0.0,0.0,28.715511322021484,,1.2049907445907593,0.0,0.0,,-0.2426071683183907,-0.7835726476556956
4,ALG,453863.44530232,5679037.93445954,0.0,0.0,0.0,0.0,24.518558502197266,,1.2411054372787476,0.0,0.0,,-0.3827672840262252,0.8387826472049644
5,ALG,453964.611906273,5679016.72184267,0.0,0.0,0.0,0.0,46.288204193115234,,1.5983582735061646,0.0,0.0,,-0.924817952548402,0.1576277165609292
6,ALG,454022.798766296,5679018.69156725,-1.0,0.0,562.0,0.0,69.49740600585938,,3.1560206413269043,562.0,0.0,,-0.8431022741036206,-0.4965642102810819
7,ALG,454092.909720928,5678981.21145043,0.0,0.0,0.0,0.0,15.096406936645508,,1.0647481679916382,0.0,0.0,,-0.1163595589715168,0.8236937227867468
8,ALG,454153.990888766,5678960.20829519,0.0,0.0,0.0,0.0,10.367119789123535,,1.073147177696228,0.0,0.0,,-0.8615443440757996,-0.4339371332540282
9,ALG,454173.404145423,5679007.55488332,-1.0,0.0,562.0,0.0,14.58603286743164,,1.0391530990600586,562.0,0.0,,0.6503191000411335,0.7396384238683885
10,ALG,454120.970769676,5679029.63745334,0.0,0.0,0.0,0.0,48.870750427246094,,1.560952067375183,0.0,0.0,,0.2032739519520361,0.8798533512080917
11,ALG,454208.441471722,5679029.95075255,0.0,0.0,0.0,0.0,16.05502700805664,,1.0602422952651978,0.0,0.0,,-0.4190903444413938,-0.6578067664588431
12,ALG,454262.54067056,5679013.04151743,0.0,0.0,0.0,0.0,20.81159019470215,,1.1498607397079468,0.0,0.0,,-0.4428862211569481,0.8445942350248181
13,ALG,454274.106661601,5679064.05821076,0.0,0.0,0.0,0.0,38.82799911499024,,1.6506402492523191,0.0,0.0,,0.1121040704649807,-0.813018701949848
14,ALG,454315.512595845,5679120.75269125,0.0,0.0,0.0,0.0,52.107940673828125,,1.7276148796081543,0.0,0.0,,0.6406297950713565,-0.7084969823227998
15,ALG,454354.056166448,5679130.74492279,0.0,0.0,0.0,0.0,14.71829605102539,,1.1876344680786133,0.0,0.0,,-0.0381567193156245,-0.3782099042042401
16,ALG,454075.749568098,5678706.78665459,0.0,0.0,0.0,0.0,6.411596298217773,,1.0230228900909424,0.0,0.0,,0.3383618311616019,0.8659540924998267
17,ALG,454044.5036825,5678720.5245892,0.0,0.0,0.0,0.0,12.00086784362793,,1.1896837949752808,0.0,0.0,,-0.4975625152077862,-0.2962845090103712
18,NVB,453953.165195791,5678766.48217933,0.0,0.0,0.0,0.0,2.748119831085205,,1.1004482507705688,0.0,0.0,,0.8104982102175494,-0.1840420760501145
19,SGAM,453800.471966194,5678788.94779249,0.0,0.0,0.0,0.0,3.2675445079803467,,1.008366942405701,0.0,0.0,,0.1220246751128313,0.4957419801827711
20,NVB,453747.7938208,5678478.02185329,0.0,0.0,0.0,0.0,7.968812942504883,,1.0673686265945437,0.0,0.0,,-0.1443860729649426,-0.3994877962657018
21,SGZ,453650.222476438,5678490.87388036,0.0,0.0,0.0,0.0,8.18147087097168,,1.0263415575027466,0.0,0.0,,-0.6079564806320717,-0.3758880027042412
22,ALG,453607.698640431,5678653.44442,1.0,0.0,562.0,0.0,22.90219116210937,,1.198765754699707,562.0,0.0,,0.5100817049028867,-0.4540935848159547
23,NVB,453643.068761943,5678811.41723759,0.0,0.0,0.0,0.0,2.825781345367432,,1.0024019479751587,0.0,0.0,,-0.6922534844813569,0.708065146193306
24,NVB,453586.176398003,5678936.70294994,0.0,0.0,0.0,0.0,2.525601863861084,,1.0021870136260986,0.0,0.0,,0.3374306140595102,0.9055764539364746
25,NVB,453511.54525242,5678895.42418824,0.0,0.0,0.0,0.0,1.865939140319824,,1.001684069633484,0.0,0.0,,0.2022128194046451,-0.0167483740104669
26,ALG,453458.283958985,5678874.46169097,-1.0,0.0,562.0,0.0,40.31731033325195,,1.3944780826568604,562.0,0.0,,-0.7877988283322591,-0.3176353778768472
27,NVB,454023.528804231,5678923.79636312,0.0,0.0,0.0,0.0,0.8239578008651733,,1.009567379951477,0.0,0.0,,-0.5176366953032986,0.4016701591860008
28,NVB,454022.774058728,5678924.09825084,0.0,0.0,0.0,0.0,2.789370536804199,,1.0074249505996704,0.0,0.0,,-0.7556478234498841,0.4723504785218114
29,NVB,454022.05430776,5678924.33597644,0.0,0.0,0.0,0.0,2.0379858016967773,,1.0118428468704224,0.0,0.0,,-0.0083189071672475,0.5312393887768924
30,NVB,454021.326102978,5678924.53924987,0.0,0.0,0.0,0.0,5.933718204498291,,1.0249135494232178,0.0,0.0,,-0.1265323240537078,0.5296637867467308
31,NVB,454020.597995377,5678924.72587732,0.0,0.0,0.0,0.0,0.5068499445915222,,1.004499435424805,0.0,0.0,,-0.1945914100462717,-0.443705008803656
32,NVB,454019.896007317,5678924.88602287,0.0,0.0,0.0,0.0,1.3984949588775637,,1.0010253190994265,0.0,0.0,,-0.7702532008640247,-0.0347664296469126
33,NVB,454019.133293899,5678925.07022853,0.0,0.0,0.0,0.0,2.58571720123291,,1.0092594623565674,0.0,0.0,,0.5238003218675494,-0.7026939249757419
34,NVB,454018.396531515,5678925.25680523,0.0,0.0,0.0,0.0,3.148115873336792,,1.0042638778686523,0.0,0.0,,0.504721221514119,0.3732328820297123
35,NVB,454017.711774936,5678925.43036841,0.0,0.0,0.0,0.0,2.644316434860229,,1.0036735534667969,0.0,0.0,,-0.3182625652441506,-0.1485671864401036
36,NVB,454017.044191575,5678925.62733692,0.0,0.0,0.0,0.0,5.562711715698242,,1.0113685131072998,0.0,0.0,,0.4293462344737346,0.3308189585090301
37,NVB,454016.385061926,5678925.85875748,0.0,0.0,0.0,0.0,1.3337687253952026,,1.002487063407898,0.0,0.0,,0.6090814452098848,0.3968457580183919
38,NVB,454015.725666488,5678926.13567683,0.0,0.0,0.0,0.0,2.2166757583618164,,1.004837989807129,0.0,0.0,,-0.1309621626118685,0.0569019341729669
39,NVB,454015.066095995,5678926.44255878,0.0,0.0,0.0,0.0,2.917602777481079,,1.0051727294921875,0.0,0.0,,-0.3084138920621134,0.2306244850434589
40,NVB,454014.41497919,5678926.78389279,0.0,0.0,0.0,0.0,2.649492025375366,,1.0076018571853638,0.0,0.0,,-0.3824591161487033,0.0142789835075224
41,NVB,454013.798468081,5678927.12764841,0.0,0.0,0.0,0.0,2.503718376159668,,1.0030924081802368,0.0,0.0,,-0.4263771652815866,0.5150484699177332
42,NVB,454013.086904527,5678927.44532416,0.0,0.0,0.0,0.0,3.1978743076324463,,1.002108097076416,0.0,0.0,,-0.4452933708944018,0.8124768721279926
43,NVB,454012.401693883,5678927.69656783,0.0,0.0,0.0,0.0,2.2405812740325928,,1.0010989904403689,0.0,0.0,,-0.1455378878669765,0.911349656258611
44,NVB,454011.699342379,5678927.91885741,0.0,0.0,0.0,0.0,3.2911264896392822,,1.0069454908370972,0.0,0.0,,-0.3336366517637497,0.3215126464294384
45,NVB,454010.99712696,5678928.11784265,0.0,0.0,0.0,0.0,3.0743181705474854,,1.0020092725753784,0.0,0.0,,-0.1466426728049086,-0.3512272560571024
46,NVB,454010.294982812,5678928.30462081,0.0,0.0,0.0,0.0,0.9228307008743286,,1.0041766166687012,0.0,0.0,,-0.4812827730318177,-0.1244375256230847
47,NVB,454009.59306552,5678928.45255843,0.0,0.0,0.0,0.0,0.2519420087337494,,1.0011836290359497,0.0,0.0,,-0.2406840094978158,0.2696722118281434
48,NVB,454008.908600182,5678928.5761831,0.0,0.0,0.0,0.0,1.1623300313949585,,1.003414511680603,0.0,0.0,,0.5806078425736696,0.145297002546096
49,NVB,454008.189276233,5678928.7406654,0.0,0.0,0.0,0.0,0.8643073439598083,,1.0029315948486328,0.0,0.0,,0.3106388580518369,-0.0100653711769684
50,NVB,454007.539157293,5678928.91110075,0.0,0.0,0.0,0.0,1.4271336793899536,,1.0025187730789185,0.0,0.0,,-0.3113016956087208,0.290283034303018
51,NVB,454006.906256929,5678929.09717336,0.0,0.0,0.0,0.0,0.539117157459259,,1.0005873441696167,0.0,0.0,,0.0653709139319211,0.0429279878333414
52,NVB,454006.238446068,5678929.33298143,0.0,0.0,0.0,0.0,1.426038384437561,,1.0078359842300415,0.0,0.0,,-0.2323606918874866,0.560029213862761
53,NVB,454005.56178599,5678929.60203072,0.0,0.0,0.0,0.0,2.2380189895629883,,1.0051389932632446,0.0,0.0,,-0.1337478959986629,0.0444728452114796
54,NVB,454004.876432278,5678929.87768775,0.0,0.0,0.0,0.0,4.086558818817139,,1.006075143814087,0.0,0.0,,-0.1723183024830346,0.484720087186915
55,NVB,454004.199791556,5678930.14340773,0.0,0.0,0.0,0.0,1.0259592533111572,,1.0018439292907717,0.0,0.0,,-0.1034227589319728,0.1113041965530691
56,NVB,454003.540609272,5678930.38370505,0.0,0.0,0.0,0.0,3.7484307289123535,,1.008195161819458,0.0,0.0,,-0.3287135247780489,0.5969399092148567
57,NVB,454002.864124062,5678930.62279146,0.0,0.0,0.0,0.0,0.8839201331138611,,1.0037437677383425,0.0,0.0,,-0.1957100811225107,-0.0938772069818885
58,NVB,454002.100936361,5678930.88800562,0.0,0.0,0.0,0.0,3.816845655441284,,1.0042710304260254,0.0,0.0,,-0.766755511560628,0.6091232400931128
59,NVB,454001.381125773,5678931.13571689,0.0,0.0,0.0,0.0,1.03471577167511,,1.0037710666656494,0.0,0.0,,-0.1202118292156882,-0.1676491299913419
60,NVB,454000.644051153,5678931.37555887,0.0,0.0,0.0,0.0,3.7780544757843018,,1.0046736001968384,0.0,0.0,,-0.6139496867395867,0.3709748056760247
61,NVB,453999.932862736,5678931.62886922,0.0,0.0,0.0,0.0,2.233104467391968,,1.0087437629699707,0.0,0.0,,0.1089406474364991,-0.1461327571065908
62,NVB,453999.230374346,5678931.87446198,0.0,0.0,0.0,0.0,4.130987167358398,,1.0104658603668213,0.0,0.0,,0.1531318458807704,0.6493478432817331
63,NVB,453998.528106374,5678932.08232393,0.0,0.0,0.0,0.0,5.15458869934082,,1.0071686506271362,0.0,0.0,,0.5986590139960924,0.3646739067118732
64,NVB,453997.825942109,5678932.27243016,0.0,0.0,0.0,0.0,3.637645959854126,,1.0044851303100586,0.0,0.0,,-0.1019868393186282,0.6489839688263414
65,NVB,453997.158552177,5678932.43610515,0.0,0.0,0.0,0.0,0.8639752864837646,,1.0021740198135376,0.0,0.0,,-0.1684092218269753,0.3749726017750874
66,NVB,453996.465224098,5678932.59518946,0.0,0.0,0.0,0.0,4.305079936981201,,1.0072219371795654,0.0,0.0,,0.054752959521398,0.8996175091372437
67,NVB,453995.737290213,5678932.75185197,0.0,0.0,0.0,0.0,5.111987590789795,,1.0150249004364014,0.0,0.0,,0.2734059188001018,-0.3385510745317299
68,NVB,453995.044091766,5678932.88874159,0.0,0.0,0.0,0.0,4.424637794494629,,1.0333125591278076,0.0,0.0,,-0.2156710349201883,0.3704924589143789
69,NVB,453994.350919235,5678933.02119225,0.0,0.0,0.0,0.0,2.9474551677703857,,1.0440129041671753,0.0,0.0,,0.2048674072270034,-0.5115119575321713
70,NVB,453993.631834494,5678933.14461329,0.0,0.0,0.0,0.0,0.8732483386993408,,1.0031747817993164,0.0,0.0,,-0.1390291335132941,0.2307112972178294
71,NVB,453992.817424966,5678933.28856277,0.0,0.0,0.0,0.0,3.375673770904541,,1.0081809759140017,0.0,0.0,,-0.1232797179234012,0.3478902067614945
72,NVB,453992.10668358,5678933.46530119,0.0,0.0,0.0,0.0,0.7736813426017761,,1.005653738975525,0.0,0.0,,0.0622255283403299,-0.1054963098836778
73,NVB,453991.352500115,5678933.67063959,0.0,0.0,0.0,0.0,4.895939826965332,,1.0083329677581787,0.0,0.0,,0.5453491386824666,0.4415796614951968
74,NVB,453990.546297689,5678933.89121063,0.0,0.0,0.0,0.0,4.285882949829102,,1.0105804204940796,0.0,0.0,,0.6436633612663446,0.6374000170966228
75,NVB,453989.748736937,5678934.11405163,0.0,0.0,0.0,0.0,3.966836929321289,,1.0068296194076538,0.0,0.0,,0.7585998150202992,-0.0807743353446347
76,NVB,453988.95977894,5678934.34582095,0.0,0.0,0.0,0.0,1.088534235954285,,1.0037657022476196,0.0,0.0,,0.3472624741297292,0.6633553666610724
77,NVB,453988.248875231,5678934.55030222,0.0,0.0,0.0,0.0,1.7186566591262815,,1.0039138793945312,0.0,0.0,,0.1602774241545688,-0.4153707886683674
78,NVB,453987.555319774,5678934.74822622,0.0,0.0,0.0,0.0,6.839162349700928,,1.0242903232574463,0.0,0.0,,-0.4596413108171794,0.3241694137591953
79,NVB,453986.827087156,5678934.95593539,0.0,0.0,0.0,0.0,2.621626615524292,,1.0112764835357666,0.0,0.0,,-0.1515945998838371,-0.3183004946625437
80,NVB,453986.133596487,5678935.14276199,0.0,0.0,0.0,0.0,6.408560276031494,,1.0589048862457275,0.0,0.0,,0.1476826629627915,-0.0280084076350905
81,NVB,453985.43176242,5678935.276271,0.0,0.0,0.0,0.0,5.451786041259766,,1.0157729387283323,0.0,0.0,,-0.5705652174095851,0.0777983888658546
82,NVB,453984.67803262,5678935.40392781,0.0,0.0,0.0,0.0,5.513897895812988,,1.0085134506225586,0.0,0.0,,-0.6577598380011818,0.3151038680549299
83,NVB,453983.915654595,5678935.53042423,0.0,0.0,0.0,0.0,4.254004955291748,,1.0064281225204468,0.0,0.0,,-0.7960114923089412,0.0540750130433281
84,NVB,453983.161775564,5678935.68360464,0.0,0.0,0.0,0.0,3.5816383361816406,,1.005607843399048,0.0,0.0,,-0.729161317679966,-0.3444234865598661
85,NVB,453982.355909985,5678935.846469,0.0,0.0,0.0,0.0,2.628746747970581,,1.008376121520996,0.0,0.0,,-0.7321229646276562,0.4605984691923676
86,NVB,453981.653732004,5678936.03879326,0.0,0.0,0.0,0.0,2.055495500564575,,1.0035638809204102,0.0,0.0,,-0.714435587526672,0.6448355663347407
87,NVB,453980.916786031,5678936.25643884,0.0,0.0,0.0,0.0,0.3790843784809112,,1.000296950340271,0.0,0.0,,-0.3359307789456558,0.0900033363548066
88,NVB,453980.153921353,5678936.46616449,0.0,0.0,0.0,0.0,2.4189460277557373,,1.002938985824585,0.0,0.0,,-0.6474319757271269,0.2072314665990727
89,NVB,453979.451762719,5678936.65515937,0.0,0.0,0.0,0.0,1.0171654224395752,,1.0011900663375854,0.0,0.0,,-0.1458847483936739,-0.3513824522494087
90,NVB,453978.740955849,5678936.84299386,0.0,0.0,0.0,0.0,2.148124933242798,,1.0013514757156372,0.0,0.0,,-0.7493289901905628,0.0174611351661794
91,NVB,453978.004236764,5678937.0217987,0.0,0.0,0.0,0.0,3.326664447784424,,1.0044002532958984,0.0,0.0,,-0.3466653386662006,-0.8264218727642406
92,NVB,453977.276282618,5678937.18178868,0.0,0.0,0.0,0.0,6.198870658874512,,1.0083245038986206,0.0,0.0,,-0.7113227115750949,0.2451092463638594
93,NVB,453976.600412282,5678937.31544869,0.0,0.0,0.0,0.0,3.005727052688598,,1.00346577167511,0.0,0.0,,-0.4190452095689442,0.1747876759057305
94,NVB,453975.872574849,5678937.45546345,0.0,0.0,0.0,0.0,2.336325168609619,,1.0029078722000122,0.0,0.0,,-0.7441224889876232,0.5268808227642411
95,NVB,453975.049444957,5678937.61045778,0.0,0.0,0.0,0.0,0.5930126309394836,,1.0019196271896362,0.0,0.0,,-0.3628061242919909,0.4413271243368884
96,NVB,453974.295585002,5678937.76030815,0.0,0.0,0.0,0.0,1.107520580291748,,1.001718521118164,0.0,0.0,,0.1138233876226545,0.1176327710226575
97,NVB,453973.584888192,5678937.92927681,0.0,0.0,0.0,0.0,1.168451189994812,,1.0017452239990234,0.0,0.0,,-0.1966520084716184,0.2028634590446049
98,NVB,453972.891448831,5678938.10722443,0.0,0.0,0.0,0.0,1.1154786348342896,,1.0032590627670288,0.0,0.0,,0.2097913404759041,0.6398886402323475
99,NVB,453972.189335282,5678938.28845056,0.0,0.0,0.0,0.0,0.92339026927948,,1.0012786388397217,0.0,0.0,,0.5300221009625564,0.4149080591579441
100,NVB,453971.452706737,5678938.4517186,0.0,0.0,0.0,0.0,2.5232975482940674,,1.003462314605713,0.0,0.0,,-0.0700837072037802,0.8173107348840255
101,NVB,453970.724732853,5678938.61503716,0.0,0.0,0.0,0.0,1.9128249883651731,,1.002974271774292,0.0,0.0,,-0.0447289326503623,0.9267317107102016
102,NVB,453969.93608525,5678938.79353764,0.0,0.0,0.0,0.0,3.31018590927124,,1.0094716548919678,0.0,0.0,,-0.2379141914152796,0.9187475494773596
103,NVB,453969.208059397,5678938.96573389,0.0,0.0,0.0,0.0,2.158050060272217,,1.0016939640045166,0.0,0.0,,0.2017256526491389,0.471788384254951
104,NVB,453968.445220081,5678939.1710195,0.0,0.0,0.0,0.0,4.99449634552002,,1.0199055671691897,0.0,0.0,,0.165022630358726,0.696856489801247
105,NVB,453967.665038899,5678939.38175247,0.0,0.0,0.0,0.0,0.4079256653785705,,1.0160250663757324,0.0,0.0,,-0.0597274717539627,0.1262546315127285
106,NVB,453966.876222443,5678939.58910557,0.0,0.0,0.0,0.0,2.143394470214844,,1.0081489086151123,0.0,0.0,,0.0659633370811999,0.3344137786991538
107,NVB,453966.139639082,5678939.74460502,0.0,0.0,0.0,0.0,3.3023691177368164,,1.0083760023117063,0.0,0.0,,-0.6571814097370978,0.2299024331430872
108,NVB,453965.437732864,5678939.89031926,0.0,0.0,0.0,0.0,2.50275993347168,,1.003942608833313,0.0,0.0,,0.1068274642202103,0.9041621828030976
109,NVB,453964.744487803,5678940.03497432,0.0,0.0,0.0,0.0,1.2475284337997437,,1.00252366065979,0.0,0.0,,0.2297831361219836,0.5725559910322451
110,NVB,453964.016572024,5678940.18830472,0.0,0.0,0.0,0.0,1.1695623397827148,,1.0008485317230225,0.0,0.0,,0.679804883572665,0.2867364724883728
111,NVB,453963.15879037,5678940.34864402,0.0,0.0,0.0,0.0,4.436136245727539,,1.0060997009277344,0.0,0.0,,0.2808597876431498,0.7510326052282442
112,NVB,453962.370414961,5678940.48053518,0.0,0.0,0.0,0.0,2.016364097595215,,1.0031697750091553,0.0,0.0,,-0.4645056714125862,0.7097652689937731
113,NVB,453961.616742666,5678940.59820224,0.0,0.0,0.0,0.0,1.7823387384414673,,1.0090761184692385,0.0,0.0,,-0.4818236194697259,0.7276764455557401
114,NVB,453960.932307907,5678940.71627411,0.0,0.0,0.0,0.0,5.9899983406066895,,1.0148653984069824,0.0,0.0,,-0.0649108678060011,0.0199653684826031
115,NVB,453960.178518754,5678940.85391613,0.0,0.0,0.0,0.0,2.367210865020752,,1.002586007118225,0.0,0.0,,0.1059552227306704,0.6003702866231024
116,NVB,453959.354979328,5678941.07882168,0.0,0.0,0.0,0.0,1.2809985876083374,,1.0143771171569824,0.0,0.0,,-0.0736902833436757,0.4257606662749358
117,NVB,453958.600670932,5678941.30524178,0.0,0.0,0.0,0.0,1.545991063117981,,1.00227689743042,0.0,0.0,,0.1316398338318448,-0.6061091989625224
118,NVB,453957.144073044,5678941.74284926,0.0,0.0,0.0,0.0,2.2895023822784424,,1.0026003122329712,0.0,0.0,,-0.1051339312661503,0.9654521162800034
119,NVB,453956.441764089,5678941.95736584,0.0,0.0,0.0,0.0,1.0160140991210938,,1.0066227912902832,0.0,0.0,,0.1538753691593941,0.5534796328034992
120,NVB,453955.748129261,5678942.16860378,0.0,0.0,0.0,0.0,2.0426199436187744,,1.0012658834457395,0.0,0.0,,0.4920087794143438,0.5068778515047709
121,NVB,453955.07181677,5678942.37772344,0.0,0.0,0.0,0.0,0.8852151036262512,,1.002236008644104,0.0,0.0,,-0.2567862969350681,-0.3218901298610293
122,NVB,453954.378337635,5678942.5623278,0.0,0.0,0.0,0.0,2.475446939468384,,1.002909779548645,0.0,0.0,,0.2039550706750055,-0.9325427752453436
123,NVB,453953.676262183,5678942.73689392,0.0,0.0,0.0,0.0,3.653644323348999,,1.0043911933898926,0.0,0.0,,0.0648388227092878,-0.9467550942262286
124,NVB,453952.92234938,5678942.89562008,0.0,0.0,0.0,0.0,5.413591384887695,,1.0085792541503906,0.0,0.0,,-0.4512026927962136,-0.8108563058895273
125,NVB,453952.220520509,5678943.02801642,0.0,0.0,0.0,0.0,1.2485742568969729,,1.000918984413147,0.0,0.0,,-0.5376557313124927,0.1092206824456379
126,NVB,453951.544597292,5678943.17055211,0.0,0.0,0.0,0.0,8.238934516906738,,1.0163894891738892,0.0,0.0,,-0.4688130405156446,0.8017575880894617
127,NVB,453950.799319628,5678943.33265787,0.0,0.0,0.0,0.0,4.901307582855225,,1.018530011177063,0.0,0.0,,-0.3510224805880992,0.2800479312242417
128,NVB,453950.054054912,5678943.4925441,0.0,0.0,0.0,0.0,1.965808391571045,,1.004051685333252,0.0,0.0,,-0.3020771268633019,0.6349809106341971
129,NVB,453949.230761566,5678943.67527894,0.0,0.0,0.0,0.0,2.834580183029175,,1.009278416633606,0.0,0.0,,-0.2730615805554022,0.821826426606754
130,NVB,453948.485425383,5678943.84737203,0.0,0.0,0.0,0.0,1.4887560606002808,,1.0158483982086182,0.0,0.0,,-0.0754190576971003,0.4983731662845905
131,NVB,453947.800762939,5678944.00428324,0.0,0.0,0.0,0.0,1.5752205848693848,,1.0057218074798584,0.0,0.0,,0.236908625043885,0.1770170718993413
132,NVB,453947.098739135,5678944.16997095,0.0,0.0,0.0,0.0,4.798611164093018,,1.0133302211761477,0.0,0.0,,0.2280338565936502,0.592156018488496
133,NVB,453946.39675425,5678944.32900024,0.0,0.0,0.0,0.0,3.3554880619049072,,1.01291823387146,0.0,0.0,,0.3060145316382028,0.2116318385606701
134,NVB,453945.74672999,5678944.48278459,0.0,0.0,0.0,0.0,2.4797005653381348,,1.0046344995498655,0.0,0.0,,0.1989130903402166,0.0488944418239022
135,NVB,453945.088044515,5678944.63762799,0.0,0.0,0.0,0.0,1.5547327995300293,,1.008350491523743,0.0,0.0,,-0.492416328231997,0.5815607783578827
136,NVB,453944.403433864,5678944.78566108,0.0,0.0,0.0,0.0,2.42167329788208,,1.0011537075042725,0.0,0.0,,-0.2949488404062925,0.7510188038360236
137,NVB,453943.710168484,5678944.93364348,0.0,0.0,0.0,0.0,4.6417388916015625,,1.010183811187744,0.0,0.0,,-0.4029180117835882,0.4228880061659086
138,NVB,453942.938783556,5678945.12001062,0.0,0.0,0.0,0.0,2.1273159980773926,,1.0230371952056885,0.0,0.0,,-0.437556008363462,-0.0860234680578707
139,NVB,453942.210691571,5678945.30330166,0.0,0.0,0.0,0.0,7.631503105163574,,1.0122230052947998,0.0,0.0,,-0.6381541730273671,0.2668649280489458
140,NVB,453941.526035358,5678945.45910259,0.0,0.0,0.0,0.0,0.1272538155317306,,1.008263111114502,0.0,0.0,,-0.2007854417420588,0.0783998908980243
141,NVB,453940.798034198,5678945.62685731,0.0,0.0,0.0,0.0,2.1201765537261963,,1.0120090246200562,0.0,0.0,,-0.5659591896603886,-0.1373052827622429
142,NVB,453940.044036442,5678945.8000087,0.0,0.0,0.0,0.0,2.9270663261413574,,1.0035825967788696,0.0,0.0,,-0.1059448746516017,-0.2642954913723879
143,NVB,453939.281267084,5678945.99308449,0.0,0.0,0.0,0.0,3.048013687133789,,1.0076372623443604,0.0,0.0,,0.1218738574889887,0.0520645311275617
144,NVB,453938.544474782,5678946.18409265,0.0,0.0,0.0,0.0,3.809297800064087,,1.0083409547805786,0.0,0.0,,-0.5068636969137077,-0.407902616849209
145,NVB,453937.746911237,5678946.4069284,0.0,0.0,0.0,0.0,2.9278180599212646,,1.002369999885559,0.0,0.0,,-0.1204997132895306,0.6167667335322679
146,NVB,453936.984044372,5678946.61664989,0.0,0.0,0.0,0.0,0.7013929486274719,,1.0007110834121704,0.0,0.0,,-0.0926127469052553,0.1423480907223888
147,NVB,453936.238506348,5678946.82314339,0.0,0.0,0.0,0.0,2.595666646957397,,1.0029321908950806,0.0,0.0,,-0.7901958052294634,0.143489908597451
148,NVB,453935.553661581,5678947.01112591,0.0,0.0,0.0,0.0,1.875746726989746,,1.001252293586731,0.0,0.0,,-0.9010307409221482,-0.2025736746259478
149,NVB,453934.773660504,5678947.19078325,0.0,0.0,0.0,0.0,2.3404130935668945,,1.0029255151748655,0.0,0.0,,-0.7146775170550653,0.0347577694568643
150,NVB,453933.985011178,5678947.36928015,0.0,0.0,0.0,0.0,2.0552210807800293,,1.0020238161087036,0.0,0.0,,0.0825013200416066,-0.850992644035523
151,NVB,453933.213703689,5678947.54232961,0.0,0.0,0.0,0.0,2.209228754043579,,1.0023510456085205,0.0,0.0,,-0.3719149327577182,0.5628172574449146
152,NVB,453932.537812185,5678947.67931503,0.0,0.0,0.0,0.0,6.172381401062012,,1.0165172815322876,0.0,0.0,,0.3217826526198665,-0.564218491977701
153,NVB,453931.792650561,5678947.82144389,0.0,0.0,0.0,0.0,4.143858432769775,,1.0166367292404177,0.0,0.0,,-0.1339704942026003,0.4146901488694076
154,NVB,453931.012772689,5678947.98001603,0.0,0.0,0.0,0.0,10.476818084716797,,1.0942294597625732,0.0,0.0,,0.2320082671702358,-0.0212657257582879
155,NVB,453930.284868463,5678948.13112386,0.0,0.0,0.0,0.0,5.289988517761231,,1.0663620233535769,0.0,0.0,,0.3698702980630888,-0.1801067088071263
156,NVB,453929.522111617,5678948.32197925,0.0,0.0,0.0,0.0,1.2286555767059326,,1.0014426708221436,0.0,0.0,,0.1837961362603969,-0.1359379101069373
157,NVB,453928.741967396,5678948.52605001,0.0,0.0,0.0,0.0,2.696208477020264,,1.0061469078063965,0.0,0.0,,-0.3003273102283719,-0.0958875976060948
158,NVB,453927.987923623,5678948.70696835,0.0,0.0,0.0,0.0,1.2574602365493774,,1.0205694437026978,0.0,0.0,,-0.3736655750778623,0.0573502087753963
159,NVB,453927.216537934,5678948.89333395,0.0,0.0,0.0,0.0,2.788764715194702,,1.0014278888702393,0.0,0.0,,-0.1184637401387119,0.9035744947492012
160,NVB,453926.462474604,5678949.07758133,0.0,0.0,0.0,0.0,1.794040322303772,,1.0027363300323486,0.0,0.0,,0.7163261034311791,-0.4965977880910279
161,NVB,453925.682609484,5678949.23393348,0.0,0.0,0.0,0.0,3.7055373191833496,,1.051141619682312,0.0,0.0,,0.1792384996447377,0.4575328804609935
162,NVB,453924.980708117,5678949.37853441,0.0,0.0,0.0,0.0,3.584889888763428,,1.0119541883468628,0.0,0.0,,0.1860905196724491,0.6669824012637724
163,NVB,453924.252680243,5678949.55072651,0.0,0.0,0.0,0.0,8.619604110717773,,1.0166964530944824,0.0,0.0,,0.3318300777437801,0.8306006047757363
164,NVB,453923.51598464,5678949.72508736,0.0,0.0,0.0,0.0,6.352418422698975,,1.032548904418945,0.0,0.0,,0.2775457993970927,0.4469645225768506
165,NVB,453922.727308813,5678949.90802204,0.0,0.0,0.0,0.0,4.136631965637207,,1.0101077556610107,0.0,0.0,,0.0578871286197279,0.4615579317578838
166,NVB,453921.929965251,5678950.09312545,0.0,0.0,0.0,0.0,4.423015594482422,,1.0337551832199097,0.0,0.0,,-0.2141342192528421,0.4824488220307285
167,NVB,453921.149950547,5678950.2750009,0.0,0.0,0.0,0.0,9.129857063293455,,1.0309392213821411,0.0,0.0,,0.0455607867744078,0.3663982889920154
168,NVB,453920.430226475,5678950.50716861,0.0,0.0,0.0,0.0,4.927889347076416,,1.0094858407974243,0.0,0.0,,0.167160869494639,0.0429837757649147
169,NVB,453919.701841153,5678950.74039533,0.0,0.0,0.0,0.0,5.755242347717285,,1.0082051753997805,0.0,0.0,,0.1205347825892104,0.3275089298746326
170,NVB,453918.96512585,5678950.91808493,0.0,0.0,0.0,0.0,5.14578104019165,,1.0443596839904783,0.0,0.0,,0.0640753655822179,0.2771926215809633
171,NVB,453918.19377869,5678951.09779129,0.0,0.0,0.0,0.0,2.973048686981201,,1.0231071710586548,0.0,0.0,,0.5181924719581895,0.1426802324673721
172,NVB,453917.362062896,5678951.24052195,0.0,0.0,0.0,0.0,6.242158889770508,,1.011225938796997,0.0,0.0,,0.0662688389388763,0.3671905665842636
173,NVB,453916.530366557,5678951.37992333,0.0,0.0,0.0,0.0,2.581425905227661,,1.0239657163619995,0.0,0.0,,0.2355063190892998,0.2762066967064131
174,NVB,453915.707331391,5678951.51826556,0.0,0.0,0.0,0.0,0.6792712807655334,,1.0054608583450315,0.0,0.0,,0.3772884881654312,0.3173577117898211
175,NVB,453914.901287312,5678951.7110857,0.0,0.0,0.0,0.0,8.642685890197754,,1.0150388479232788,0.0,0.0,,0.3768296866545753,0.6534428987430947
176,NVB,453913.991269767,5678951.9232729,0.0,0.0,0.0,0.0,6.351383209228516,,1.0152500867843628,0.0,0.0,,0.4564514246008683,0.5859830291512692
177,NVB,453913.211072797,5678952.13621995,0.0,0.0,0.0,0.0,6.059659957885742,,1.0136905908584597,0.0,0.0,,0.3717960662746775,-0.2229800269776501
178,NVB,453912.404840201,5678952.36122194,0.0,0.0,0.0,0.0,1.3970839977264404,,1.0040888786315918,0.0,0.0,,0.2315332995121914,0.8396496427362926
179,NVB,453911.57246803,5678952.6160345,0.0,0.0,0.0,0.0,4.534351348876953,,1.0077298879623413,0.0,0.0,,0.6518253393811718,-0.0979719852807003
180,NVB,453910.74011529,5678952.8675178,0.0,0.0,0.0,0.0,4.726356506347656,,1.0103703737258911,0.0,0.0,,0.2840011108140042,0.8497835394303817
181,NVB,453909.933830571,5678953.10139735,0.0,0.0,0.0,0.0,5.037623882293701,,1.0124484300613403,0.0,0.0,,0.8067026535291637,-0.1280200933356175
182,NVB,453909.197101819,5678953.2813055,0.0,0.0,0.0,0.0,0.9877691864967346,,1.0059123039245603,0.0,0.0,,-0.2185988387669957,0.1252626360861651
183,NVB,453908.451705329,5678953.46338236,0.0,0.0,0.0,0.0,2.912660598754883,,1.006810426712036,0.0,0.0,,0.2597065307818623,0.2081824124548246
184,NVB,453907.602536742,5678953.63042467,0.0,0.0,0.0,0.0,2.979503870010376,,1.0035227537155151,0.0,0.0,,-0.1781666612287735,-0.3132033009620591
185,NVB,453906.814081029,5678953.77562702,0.0,0.0,0.0,0.0,1.7381421327590942,,1.0031808614730835,0.0,0.0,,-0.550969294833033,-0.6279524212811081
186,NVB,453906.01685363,5678953.94075372,0.0,0.0,0.0,0.0,2.586488723754883,,1.013910174369812,0.0,0.0,,-0.1903756266473988,0.6439332704269326
187,NVB,453905.228287401,5678954.10482128,0.0,0.0,0.0,0.0,0.9166518449783324,,1.0101505517959597,0.0,0.0,,0.0808415044768502,0.3831496995731298
188,NVB,453904.448388843,5678954.26671998,0.0,0.0,0.0,0.0,10.411898612976074,,1.0371156930923462,0.0,0.0,,0.0889389767953686,-0.3250569174980908
189,NVB,453903.711802794,5678954.4222136,0.0,0.0,0.0,0.0,2.884396314620972,,1.0198895931243896,0.0,0.0,,0.024518371625655,0.0042653103893453
190,NVB,453902.957855312,5678954.58648363,0.0,0.0,0.0,0.0,1.4933195114135742,,1.005603313446045,0.0,0.0,,-0.0811769212191418,-0.2134260447462319
191,NVB,453902.143012927,5678954.8036658,0.0,0.0,0.0,0.0,2.1541988849639893,,1.001460075378418,0.0,0.0,,0.1073136134944194,-0.4862355417680872
192,NVB,453900.678092443,5678955.18350635,0.0,0.0,0.0,0.0,1.1966068744659424,,1.0013891458511353,0.0,0.0,,-0.6727418355739697,0.361578226104604
193,NVB,453899.915308165,5678955.37879779,0.0,0.0,0.0,0.0,1.2699928283691406,,1.0011601448059082,0.0,0.0,,-0.5618064548932125,-0.3089067505344716
194,NVB,453899.117995972,5678955.55835026,0.0,0.0,0.0,0.0,4.553349494934082,,1.005954384803772,0.0,0.0,,-0.3203363697314711,-0.640761394478445
195,NVB,453898.329305962,5678955.74350196,0.0,0.0,0.0,0.0,4.714275360107422,,1.0073022842407229,0.0,0.0,,-0.7297510788064692,-0.2030036306452539
196,NVB,453897.462593533,5678955.95039202,0.0,0.0,0.0,0.0,2.6878628730773926,,1.0049383640289309,0.0,0.0,,-0.3904002989360398,0.637735715469989
197,NVB,453896.725825225,5678956.13695737,0.0,0.0,0.0,0.0,3.5137107372283936,,1.0037548542022705,0.0,0.0,,0.1542785484502848,0.8814359288612458
198,NVB,453895.963066744,5678956.32780952,0.0,0.0,0.0,0.0,1.1126947402954102,,1.0032711029052734,0.0,0.0,,-0.2839344462741885,0.723233202138844
199,NVB,453895.200249739,5678956.52864915,0.0,0.0,0.0,0.0,2.850266695022583,,1.0051860809326172,0.0,0.0,,-0.8658426512120369,0.2373544739130155
200,NVB,453894.454774615,5678956.72404143,0.0,0.0,0.0,0.0,4.192309856414795,,1.012556791305542,0.0,0.0,,-0.7846161521483044,0.2646341992127339
201,NVB,453893.709279954,5678956.92276283,0.0,0.0,0.0,0.0,7.1319580078125,,1.0175918340682983,0.0,0.0,,0.1662552555810677,0.7694706403110124
202,NVB,453892.955124044,5678957.12254319,0.0,0.0,0.0,0.0,6.559138774871826,,1.0340964794158936,0.0,0.0,,0.6497833542291205,0.4428886260674174
203,NVB,453892.166323242,5678957.32655966,0.0,0.0,0.0,0.0,1.6138867139816284,,1.0032305717468262,0.0,0.0,,0.8538775995276237,0.4645097018776706
204,NVB,453891.412238741,5678957.51413287,0.0,0.0,0.0,0.0,1.9676761627197263,,1.0042943954467771,0.0,0.0,,0.1320387363465789,-0.3093568720466915
205,NVB,453890.61488713,5678957.70034284,0.0,0.0,0.0,0.0,3.172211170196533,,1.0200164318084717,0.0,0.0,,-0.2139711589185897,0.6490607209296347
206,NVB,453889.861056033,5678957.84463652,0.0,0.0,0.0,0.0,3.117318630218506,,1.0090618133544922,0.0,0.0,,-0.2830965623794368,0.7291544573127001
207,NVB,453889.150582974,5678957.97475711,0.0,0.0,0.0,0.0,1.3001704216003418,,1.0083036422729492,0.0,0.0,,0.209712470158196,0.3293675515874342
208,NVB,453888.327221617,5678958.16858288,0.0,0.0,0.0,0.0,2.430091142654419,,1.0035021305084229,0.0,0.0,,-0.1127380771651524,0.5019254835675069
209,NVB,453887.512462936,5678958.37133708,0.0,0.0,0.0,0.0,0.7028458714485168,,1.0031156539916992,0.0,0.0,,-0.2921647645172608,-0.0972682572881459
210,NVB,453886.6889195,5678958.59623505,0.0,0.0,0.0,0.0,1.143018126487732,,1.0053460597991943,0.0,0.0,,-0.1794963607795961,0.4991600165367508
211,NVB,453885.804682505,5678958.83964347,0.0,0.0,0.0,0.0,2.172191619873047,,1.0086215734481812,0.0,0.0,,-0.3207348450239032,0.1663562975499044
212,NVB,453884.981138968,5678959.06454128,0.0,0.0,0.0,0.0,1.96766459941864,,1.0057770013809204,0.0,0.0,,-0.4220204237843565,-0.0791151308937572
213,NVB,453884.322399006,5678959.22825743,0.0,0.0,0.0,0.0,1.668432354927063,,1.0066498517990112,0.0,0.0,,-0.0139650172683282,0.6178833667037882
214,NVB,453883.62907915,5678959.38511238,0.0,0.0,0.0,0.0,3.0080554485321045,,1.0080490112304688,0.0,0.0,,-0.0484695599578043,0.8154393734866172
215,NVB,453882.840628886,5678959.52920261,0.0,0.0,0.0,0.0,1.0693554878234863,,1.0012569427490234,0.0,0.0,,0.5179445019225583,0.7823385871003318
216,NVB,453882.104158898,5678959.66471911,0.0,0.0,0.0,0.0,2.0986878871917725,,1.0015233755111694,0.0,0.0,,0.4387201245694203,0.8800420030357481
217,NVB,453881.306988853,5678959.81985577,0.0,0.0,0.0,0.0,4.189825057983398,,1.005766749382019,0.0,0.0,,0.3732258461948441,0.820877688091492
218,NVB,453880.457773461,5678959.99466325,0.0,0.0,0.0,0.0,2.467561960220337,,1.0027281045913696,0.0,0.0,,0.7753894585226111,0.5857568527097099
219,NVB,453879.643118389,5678960.17966099,0.0,0.0,0.0,0.0,3.097036123275757,,1.002090573310852,0.0,0.0,,0.6973640291145241,0.6574302540493515
220,NVB,453878.871639352,5678960.38155807,0.0,0.0,0.0,0.0,2.205789089202881,,1.005486249923706,0.0,0.0,,0.0964775403321911,0.8074241660965429
221,NVB,453878.082883347,5678960.57780503,0.0,0.0,0.0,0.0,1.655159592628479,,1.0029051303863523,0.0,0.0,,-0.0751404858515445,0.2075803434875643
222,NVB,453877.259612448,5678960.75609346,0.0,0.0,0.0,0.0,2.508192777633667,,1.0029486417770386,0.0,0.0,,-0.0237543737289499,0.5312153348268419
223,NVB,453876.601021703,5678960.89428523,0.0,0.0,0.0,0.0,4.638142108917236,,1.0057748556137085,0.0,0.0,,-0.7409964579452829,0.0115121430668455
224,NVB,453875.742988828,5678961.0967847,0.0,0.0,0.0,0.0,1.430246114730835,,1.0016454458236694,0.0,0.0,,-0.2783622581153073,-0.1051138298504024
225,NVB,453875.032287673,5678961.26574449,0.0,0.0,0.0,0.0,2.8692543506622314,,1.009182691574097,0.0,0.0,,-0.2540417945353492,0.2546147775237137
226,NVB,453874.269599658,5678961.44438754,0.0,0.0,0.0,0.0,3.576864719390869,,1.0129563808441162,0.0,0.0,,-0.2622299065423121,-0.0970376862537198
227,NVB,453873.437647849,5678961.62706378,0.0,0.0,0.0,0.0,1.013743281364441,,1.0052942037582395,0.0,0.0,,-0.0925205720416231,0.6861632048941851
228,NVB,453872.692347223,5678961.79249135,0.0,0.0,0.0,0.0,1.9810190200805664,,1.0077204704284668,0.0,0.0,,0.4447764741691727,0.2926293907379904
229,NVB,453871.964343002,5678961.96023973,0.0,0.0,0.0,0.0,1.4508424997329712,,1.0019543170928955,0.0,0.0,,0.6939474096072488,0.5495355028030228
230,NVB,453871.210290059,5678962.14226237,0.0,0.0,0.0,0.0,1.2789586782455444,,1.0006849765777588,0.0,0.0,,0.1498254584478281,0.423115850499145
231,NVB,453870.404237239,5678962.33618769,0.0,0.0,0.0,0.0,0.69808429479599,,1.001452922821045,0.0,0.0,,-0.1284428224084091,0.5227529974881256
232,NVB,453869.572070666,5678962.55548454,0.0,0.0,0.0,0.0,1.286098837852478,,1.006100058555603,0.0,0.0,,0.119538398802489,0.2642252149652925
233,NVB,453868.757102948,5678962.7937481,0.0,0.0,0.0,0.0,0.8302446007728577,,1.017314076423645,0.0,0.0,,-0.0161334746027292,0.0912066778254506
234,NVB,453867.976793075,5678963.02555605,0.0,0.0,0.0,0.0,3.681011915206909,,1.0336260795593262,0.0,0.0,,-0.0841679272001585,0.5258839350299556
235,NVB,453867.170525493,5678963.25610207,0.0,0.0,0.0,0.0,3.4006946086883545,,1.0098836421966553,0.0,0.0,,-0.1236536727536338,0.641230649918057
236,NVB,453866.355869756,5678963.44109844,0.0,0.0,0.0,0.0,3.534019708633423,,1.009790062904358,0.0,0.0,,-0.2414544002919668,-0.3247668090442086
237,NVB,453865.532539748,5678963.62937319,0.0,0.0,0.0,0.0,0.3818444609642029,,1.0042054653167725,0.0,0.0,,-0.1035081377566057,-0.142569272837766
238,NVB,453864.743848094,5678963.81452154,0.0,0.0,0.0,0.0,1.0811030864715576,,1.0035266876220703,0.0,0.0,,0.3122895659909658,-0.2717656275096971
239,NVB,453863.972537379,5678963.98756424,0.0,0.0,0.0,0.0,1.7399156093597412,,1.0024170875549316,0.0,0.0,,0.0253238384609808,0.8837063766182665
240,NVB,453863.244643311,5678964.13644644,0.0,0.0,0.0,0.0,1.3762444257736206,,1.002179741859436,0.0,0.0,,-0.050028955621943,0.5666386555641912
241,NVB,453862.542778412,5678964.27438345,0.0,0.0,0.0,0.0,1.6342875957489014,,1.0014387369155884,0.0,0.0,,-0.1518008239815919,0.0361362907661062
242,NVB,453861.728233006,5678964.44051397,0.0,0.0,0.0,0.0,3.221059560775757,,1.002652883529663,0.0,0.0,,-0.4817384324051419,0.6858380711863603
243,NVB,453860.974290138,5678964.60367026,0.0,0.0,0.0,0.0,3.071636915206909,,1.0047366619110107,0.0,0.0,,-0.6315118158314806,0.5127482521665396
244,NVB,453860.194422088,5678964.76001596,0.0,0.0,0.0,0.0,2.36494779586792,,1.0044654607772827,0.0,0.0,,0.1782688269329786,0.5315565752104617
245,NVB,453859.380104212,5678964.88730576,0.0,0.0,0.0,0.0,1.720590591430664,,1.00421404838562,0.0,0.0,,0.1824030143495367,0.3221460113335355
246,NVB,453858.565708262,5678965.02791221,0.0,0.0,0.0,0.0,4.401693344116211,,1.0096803903579712,0.0,0.0,,-0.1628708589514089,-0.6641678016961999
247,NVB,453857.768381083,5678965.20967996,0.0,0.0,0.0,0.0,1.739687442779541,,1.0017149448394775,0.0,0.0,,-0.0988104218395563,0.3775188333926679
248,NVB,453857.005568695,5678965.40940617,0.0,0.0,0.0,0.0,1.215437412261963,,1.0010452270507812,0.0,0.0,,0.2212203412986245,0.522650360163293
249,NVB,453856.225310239,5678965.63233515,0.0,0.0,0.0,0.0,2.0746281147003174,,1.0077416896820068,0.0,0.0,,-0.2613167709912604,0.4731659936668058
250,NVB,453855.392674595,5678965.93153091,0.0,0.0,0.0,0.0,1.6387131214141846,,1.0032286643981934,0.0,0.0,,-0.2269763541666021,0.8135010563149588
251,NVB,453854.638165564,5678966.19123292,0.0,0.0,0.0,0.0,3.337292432785034,,1.0049476623535156,0.0,0.0,,-0.5543641902339975,0.153519877197291
252,NVB,453853.97050944,5678966.39928493,0.0,0.0,0.0,0.0,2.9752211570739746,,1.0019444227218628,0.0,0.0,,0.0608917359867359,0.4076066731123388
253,NVB,453853.242198655,5678966.6191888,0.0,0.0,0.0,0.0,1.7471545934677124,,1.0027787685394287,0.0,0.0,,0.5478190638156972,0.251148345878773
254,NVB,453852.479392515,5678966.81780484,0.0,0.0,0.0,0.0,2.6478734016418457,,1.0052435398101809,0.0,0.0,,-0.1209747450440874,0.055749962871414
255,NVB,453851.716651385,5678967.00532354,0.0,0.0,0.0,0.0,2.20632553100586,,1.0030829906463623,0.0,0.0,,-0.5687017621989913,0.3985008612981752
256,NVB,453850.971375785,5678967.16631015,0.0,0.0,0.0,0.0,1.919966220855713,,1.0023572444915771,0.0,0.0,,-0.3162939324152324,-0.1628463744545377
257,NVB,453850.16551057,5678967.3280513,0.0,0.0,0.0,0.0,1.913266897201538,,1.007710337638855,0.0,0.0,,-0.0934849866041109,0.3567696575251095
258,NVB,453849.403029531,5678967.47118066,0.0,0.0,0.0,0.0,2.7941789627075195,,1.007328748703003,0.0,0.0,,-0.1092766868601722,0.4231006190441654
259,NVB,453848.692613434,5678967.59131005,0.0,0.0,0.0,0.0,4.164841175079346,,1.016964316368103,0.0,0.0,,0.2200876410211663,0.7347734778225935
260,NVB,453847.081058424,5678967.88482915,0.0,0.0,0.0,0.0,2.721769094467163,,1.0237857103347778,0.0,0.0,,-0.1398512097800095,-0.2196122895221417
261,NVB,453846.301183248,5678968.0422832,0.0,0.0,0.0,0.0,3.6228411197662354,,1.009190797805786,0.0,0.0,,0.1266430461792176,0.8268886345991558
262,NVB,453845.503933532,5678968.21073297,0.0,0.0,0.0,0.0,2.173374652862549,,1.0015684366226196,0.0,0.0,,-0.0272188213242725,0.8348250751371281
263,NVB,453844.654579767,5678968.40884089,0.0,0.0,0.0,0.0,2.1467361450195312,,1.005832552909851,0.0,0.0,,-0.5308921434322299,0.2307899762600536
264,NVB,453843.874502806,5678968.60069626,0.0,0.0,0.0,0.0,2.974865436553955,,1.0025107860565186,0.0,0.0,,0.6511189555240278,0.5201624938287258
265,NVB,453843.085810115,5678968.78584245,0.0,0.0,0.0,0.0,1.2495508193969729,,1.0048400163650513,0.0,0.0,,0.6777371079419487,0.1010112150895208
266,NVB,453842.331703768,5678968.97674016,0.0,0.0,0.0,0.0,3.0708272457122803,,1.017998218536377,0.0,0.0,,-0.1338557575555638,0.1233231355802579
267,NVB,453841.603522526,5678969.1744484,0.0,0.0,0.0,0.0,2.444386482238769,,1.0057235956192017,0.0,0.0,,-0.2658650246865376,0.1059352942545122
268,NVB,453840.857953718,5678969.38537181,0.0,0.0,0.0,0.0,2.297228574752808,,1.0031442642211914,0.0,0.0,,-0.9193353470350956,0.1041999310239589
269,NVB,453840.112313299,5678969.60850216,0.0,0.0,0.0,0.0,0.7849038243293762,,1.0038704872131348,0.0,0.0,,-0.1909357636383104,0.2723474177930157
270,NVB,453839.306037685,5678969.84015506,0.0,0.0,0.0,0.0,1.497193694114685,,1.0040796995162964,0.0,0.0,,-0.3837429216331573,0.6801100241291537
271,NVB,453838.569188544,5678970.04003172,0.0,0.0,0.0,0.0,2.9542882442474365,,1.0031485557556152,0.0,0.0,,-0.6279057478662103,0.5008071481625608
272,NVB,453837.884462941,5678970.20692095,0.0,0.0,0.0,0.0,1.650347352027893,,1.0046411752700806,0.0,0.0,,-0.763776849732123,0.2030713260620922
273,NVB,453837.165124894,5678970.37249741,0.0,0.0,0.0,0.0,1.519286036491394,,1.001962661743164,0.0,0.0,,-0.016070276028441,0.5171954118885891
274,NVB,453836.419881194,5678970.52793402,0.0,0.0,0.0,0.0,2.156287908554077,,1.0014479160308838,0.0,0.0,,0.4135334718358969,-0.6030347921294475
275,NVB,453835.622604972,5678970.70082171,0.0,0.0,0.0,0.0,1.9179537296295168,,1.0008363723754885,0.0,0.0,,0.349980917755287,0.6210929674282369
276,NVB,453834.703876184,5678970.92182686,0.0,0.0,0.0,0.0,0.5154519081115723,,1.0014588832855225,0.0,0.0,,0.1006979593845529,0.3869429434370389
277,NVB,453833.923642547,5678971.14031472,0.0,0.0,0.0,0.0,0.3948622047901153,,1.0025604963302612,0.0,0.0,,-0.2429308869571242,0.2884135955478364
278,NVB,453833.117151842,5678971.40858801,0.0,0.0,0.0,0.0,2.1760706901550293,,1.00093674659729,0.0,0.0,,-0.7287870518436618,0.5137254854733766
279,NVB,453832.267367904,5678971.67993663,0.0,0.0,0.0,0.0,2.636820077896118,,1.010265231132507,0.0,0.0,,-0.2983278564454232,-0.1694867715766867
280,NVB,453831.504521674,5678971.88520902,0.0,0.0,0.0,0.0,1.2694690227508545,,1.0019172430038452,0.0,0.0,,-0.4515427354488003,0.5423861123869869
281,NVB,453830.785293967,5678972.03191953,0.0,0.0,0.0,0.0,1.0050173997879028,,1.002593159675598,0.0,0.0,,-0.1882381545975693,0.8293064455346787
282,NVB,453830.048769782,5678972.176309,0.0,0.0,0.0,0.0,1.660468578338623,,1.0028789043426514,0.0,0.0,,-0.5293409934666201,0.76900943707741
283,NVB,453829.312375729,5678972.29850385,0.0,0.0,0.0,0.0,1.838648796081543,,1.006524920463562,0.0,0.0,,-0.7842151405554104,0.1142043446095454
284,NVB,453828.524079294,5678972.41595518,0.0,0.0,0.0,0.0,2.6198832988739014,,1.0019354820251465,0.0,0.0,,-0.7067996604132287,-0.2365533208959543
285,NVB,453827.770375729,5678972.53804838,0.0,0.0,0.0,0.0,1.9503103494644165,,1.0012022256851196,0.0,0.0,,-0.305865616931411,0.7583588560951844
286,NVB,453827.059971832,5678972.65595638,0.0,0.0,0.0,0.0,1.6644890308380127,,1.001235008239746,0.0,0.0,,0.0773373076066263,0.5697295854633032
287,NVB,453826.288770013,5678972.81013002,0.0,0.0,0.0,0.0,2.07323694229126,,1.0069609880447388,0.0,0.0,,0.2295223579586165,0.7584331796906914
288,NVB,453825.413327381,5678973.02916843,0.0,0.0,0.0,0.0,0.2075954377651214,,1.0017870664596558,0.0,0.0,,0.0614675604431964,0.3609676541716197
289,NVB,453824.719926964,5678973.19933494,0.0,0.0,0.0,0.0,2.680283069610596,,1.0051106214523315,0.0,0.0,,0.6730398103644345,-0.118195894758428
290,NVB,453823.84453631,5678973.40949535,0.0,0.0,0.0,0.0,2.192905902862549,,1.0053774118423462,0.0,0.0,,0.59039694918675,0.3562757976685844
291,NVB,453823.029774303,5678973.6122429,0.0,0.0,0.0,0.0,1.8732035160064695,,1.0014268159866333,0.0,0.0,,0.3415225142721668,0.8667399861703222
292,NVB,453822.249611655,5678973.8185226,0.0,0.0,0.0,0.0,1.471513748168945,,1.0025593042373655,0.0,0.0,,0.1494688525190801,0.8810799917701043
293,NVB,453821.530064643,5678974.01960893,0.0,0.0,0.0,0.0,0.4760478436946869,,1.0001755952835083,0.0,0.0,,-0.1144988677677972,0.5663938737080713
294,NVB,453820.79321464,5678974.21948394,0.0,0.0,0.0,0.0,2.585841417312622,,1.001453876495361,0.0,0.0,,-0.3996750194958159,0.763536432705341
295,NVB,453819.961051867,5678974.43766583,0.0,0.0,0.0,0.0,2.105976819992065,,1.003725528717041,0.0,0.0,,-0.2056404195064876,-0.1694620361575126
296,NVB,453819.189628409,5678974.62956954,0.0,0.0,0.0,0.0,4.180169582366943,,1.0354268550872805,0.0,0.0,,-0.0998549937416542,0.0663249163184283
297,NVB,453818.435559948,5678974.8138066,0.0,0.0,0.0,0.0,1.1714586019515991,,1.0128611326217651,0.0,0.0,,0.003535393009342,-0.2137872099082053
298,NVB,453817.620830194,5678975.01100495,0.0,0.0,0.0,0.0,3.757085084915161,,1.0057634115219116,0.0,0.0,,0.3469459696659123,0.3113355491555838
299,NVB,453816.849452188,5678975.19514033,0.0,0.0,0.0,0.0,0.7148943543434143,,1.0068224668502808,0.0,0.0,,-0.3046484750282038,0.1841422833186935
300,NVB,453816.138807013,5678975.35410728,0.0,0.0,0.0,0.0,2.636962890625,,1.002199411392212,0.0,0.0,,-0.3896030963380199,0.4823843723604926
301,NVB,453815.393562398,5678975.50954189,0.0,0.0,0.0,0.0,1.9719234704971316,,1.0072592496871948,0.0,0.0,,-0.1026654369877434,-0.2623421941771128
302,NVB,453814.561679259,5678975.68000492,0.0,0.0,0.0,0.0,0.4333290755748749,,1.005018949508667,0.0,0.0,,-0.6310520595026351,0.0268098309516456
303,NVB,453813.894333707,5678975.83478661,0.0,0.0,0.0,0.0,1.2104781866073608,,1.0016295909881592,0.0,0.0,,-0.4440996391357461,-0.1407810898066025
304,NVB,453813.027597195,5678976.0449966,0.0,0.0,0.0,0.0,5.4793782234191895,,1.0072154998779297,0.0,0.0,,-0.2739434069930315,0.6094469290773511
305,NVB,453812.221606538,5678976.2278187,0.0,0.0,0.0,0.0,1.1984971761703491,,1.0045084953308103,0.0,0.0,,-0.0648942808699732,0.2520403098963346
306,NVB,453811.45896114,5678976.39868759,0.0,0.0,0.0,0.0,4.842563152313232,,1.0165956020355225,0.0,0.0,,-0.1795447184057752,0.7722943092166332
307,NVB,453810.756840267,5678976.57989939,0.0,0.0,0.0,0.0,0.0585756823420524,,1.00275719165802,0.0,0.0,,-0.1598185147880394,0.022725780794985
308,NVB,453810.037364311,5678976.76877766,0.0,0.0,0.0,0.0,0.8393699526786804,,1.0045533180236816,0.0,0.0,,-0.0501204088294059,0.2584880338458077
309,NVB,453809.222627624,5678976.96708488,0.0,0.0,0.0,0.0,1.2442994117736816,,1.0056453943252563,0.0,0.0,,-0.087153983111257,0.5982201974946056
310,NVB,453808.572604349,5678977.11974821,0.0,0.0,0.0,0.0,1.8682401180267332,,1.0010335445404053,0.0,0.0,,0.2008341507441264,0.5492928365638453
311,NVB,453807.723261659,5678977.31563271,0.0,0.0,0.0,0.0,1.5283547639846802,,1.0015102624893188,0.0,0.0,,0.6937382648074655,-0.5955204095937082
312,NVB,453807.029756284,5678977.50355332,0.0,0.0,0.0,0.0,2.624274015426636,,1.0022599697113037,0.0,0.0,,0.5649417099156849,0.6340632753592249
313,NVB,453806.26685671,5678977.71770109,0.0,0.0,0.0,0.0,1.6729154586791992,,1.0033791065216064,0.0,0.0,,0.4331174415109999,0.1988200360609568
314,NVB,453805.48662157,5678977.93618614,0.0,0.0,0.0,0.0,1.9089703559875488,,1.0025867223739624,0.0,0.0,,0.196547757008484,0.4630216599617227
315,NVB,453804.758432018,5678978.13500071,0.0,0.0,0.0,0.0,1.2634092569351196,,1.0029566287994385,0.0,0.0,,-0.0671235048608701,0.0817542416580539
316,NVB,453804.038864613,5678978.33941463,0.0,0.0,0.0,0.0,0.4522235989570617,,1.0020538568496704,0.0,0.0,,0.2427948547001564,0.5478732049659014
317,NVB,453803.310753123,5678978.52491232,0.0,0.0,0.0,0.0,2.74072265625,,1.0032962560653689,0.0,0.0,,0.6446411842349496,0.5104798620188792
318,NVB,453802.565364682,5678978.70475974,0.0,0.0,0.0,0.0,2.235011339187622,,1.0068340301513672,0.0,0.0,,0.3484418366771304,0.8065611848577586
319,NVB,453801.811373561,5678978.87567849,0.0,0.0,0.0,0.0,3.14008903503418,,1.008176326751709,0.0,0.0,,0.2998279279010918,0.6324823235080699
320,NVB,453801.066102262,5678979.03555067,0.0,0.0,0.0,0.0,2.0491530895233154,,1.0032801628112793,0.0,0.0,,0.4502996344185205,0.6129420470757726
321,NVB,453800.346801665,5678979.19446541,0.0,0.0,0.0,0.0,0.2229767590761184,,1.0010772943496704,0.0,0.0,,0.0302609330406406,0.2409047963480788
322,NVB,453799.584175243,5678979.36200397,0.0,0.0,0.0,0.0,3.847664833068848,,1.0051803588867188,0.0,0.0,,-0.4196440191301189,0.5322637635887765
323,NVB,453798.734981852,5678979.53236375,0.0,0.0,0.0,0.0,2.900916814804077,,1.0075650215148926,0.0,0.0,,-0.0793558214231841,0.5837284632896028
324,NVB,453797.955150077,5678979.68204493,0.0,0.0,0.0,0.0,1.6863603591918943,,1.0066007375717163,0.0,0.0,,0.5321132834191787,0.2766509530474497
325,NVB,453797.253295591,5678979.81775669,0.0,0.0,0.0,0.0,5.781757831573486,,1.0281996726989746,0.0,0.0,,0.1564405972139508,-0.0836149000134946
326,NVB,453796.481903587,5678980.00410953,0.0,0.0,0.0,0.0,2.06083345413208,,1.0132153034210205,0.0,0.0,,0.1605331093501577,-0.078573799782698
327,NVB,453795.736417151,5678980.20060223,0.0,0.0,0.0,0.0,1.8865152597427368,,1.0041531324386597,0.0,0.0,,-0.6557827878215796,-0.0712419744846504
328,NVB,453794.912998936,5678980.40329609,0.0,0.0,0.0,0.0,2.9340734481811523,,1.0185669660568235,0.0,0.0,,-0.6871945689430105,-0.1556793328704729
329,NVB,453794.167616624,5678980.58203299,0.0,0.0,0.0,0.0,1.5740416049957275,,1.002458930015564,0.0,0.0,,-0.7305065093180713,0.5401646729994378
330,NVB,453793.491595955,5678980.74009134,0.0,0.0,0.0,0.0,2.6339402198791504,,1.0019227266311646,0.0,0.0,,0.0568268304660313,0.6821533628006344
331,NVB,453792.789584981,5678980.90243617,0.0,0.0,0.0,0.0,4.940675735473633,,1.0160889625549316,0.0,0.0,,-0.1272836392571422,0.2787951672037662
332,NVB,453792.070362189,5678981.04803342,0.0,0.0,0.0,0.0,3.2599472999572754,,1.0085079669952393,0.0,0.0,,-0.1839297151895608,0.1273618003082089
333,NVB,453791.351158913,5678981.19030142,0.0,0.0,0.0,0.0,2.1206789016723637,,1.0082604885101318,0.0,0.0,,-0.1787745752616383,0.4486498006709881
334,NVB,453790.640623377,5678981.3304007,0.0,0.0,0.0,0.0,1.7471545934677124,,1.0016851425170898,0.0,0.0,,-0.462208791534975,0.4545430281365323
335,NVB,453789.912413577,5678981.53254308,0.0,0.0,0.0,0.0,2.204587936401367,,1.003730297088623,0.0,0.0,,-0.5316352084626098,0.4092514913973792
336,NVB,453789.175496892,5678981.74351242,0.0,0.0,0.0,0.0,0.7624043226242065,,1.0047197341918943,0.0,0.0,,0.1247696476975439,-0.085473125944347
337,NVB,453788.37814678,5678981.92860234,0.0,0.0,0.0,0.0,0.8599071502685547,,1.0017696619033811,0.0,0.0,,0.0597456796140141,0.482166694422768
338,NVB,453787.632894445,5678982.08514407,0.0,0.0,0.0,0.0,1.508546233177185,,1.0031484365463257,0.0,0.0,,-0.3116948614460271,0.6795843400782452
339,NVB,453786.90478872,5678982.26953053,0.0,0.0,0.0,0.0,2.073938369750977,,1.005753517150879,0.0,0.0,,-0.1842244869874656,0.4466200840103944
340,NVB,453786.185344215,5678982.45285799,0.0,0.0,0.0,0.0,1.1557915210723877,,1.00070059299469,0.0,0.0,,0.3461191407209426,0.6799634136088254
341,NVB,453785.474567444,5678982.63401674,0.0,0.0,0.0,0.0,1.236241340637207,,1.0004061460494995,0.0,0.0,,0.7619110015669849,0.4546461041360283
342,NVB,453784.763901382,5678982.79631005,0.0,0.0,0.0,0.0,1.114780068397522,,1.0021157264709473,0.0,0.0,,-0.0804663513897731,0.1366440964154933
343,NVB,453784.053274378,5678982.95194492,0.0,0.0,0.0,0.0,0.5124199986457825,,1.00052809715271,0.0,0.0,,0.2226719792872847,0.2136863059709804
344,NVB,453783.368787461,5678983.0777695,0.0,0.0,0.0,0.0,0.3202037811279297,,1.004193902015686,0.0,0.0,,0.2436762123182702,0.0112766079735803
345,NVB,453782.649688061,5678983.20228107,0.0,0.0,0.0,0.0,0.9044286012649536,,1.0052690505981443,0.0,0.0,,-0.2556051160430777,0.4575707096954759
346,NVB,453781.895839371,5678983.34878389,0.0,0.0,0.0,0.0,3.908603429794312,,1.014523148536682,0.0,0.0,,-0.2987121101119865,-0.2407185726230652
347,NVB,453781.159280594,5678983.49871745,0.0,0.0,0.0,0.0,0.8173064589500427,,1.0021957159042358,0.0,0.0,,0.0544666356500448,0.4055268480506437
348,NVB,453780.422695733,5678983.65308985,0.0,0.0,0.0,0.0,3.3063406944274902,,1.0028544664382937,0.0,0.0,,0.1583276729084226,0.4794729453190041
349,NVB,453779.729260779,5678983.82880106,0.0,0.0,0.0,0.0,2.585268497467041,,1.00246000289917,0.0,0.0,,-0.3292924761419306,0.4490914934242596
350,NVB,453779.061790027,5678984.00466463,0.0,0.0,0.0,0.0,3.3313918113708496,,1.0120177268981934,0.0,0.0,,-0.3453059717325437,0.2892836159861172
351,NVB,453778.299058417,5678984.18995678,0.0,0.0,0.0,0.0,2.09419846534729,,1.002047061920166,0.0,0.0,,-0.3248686495154513,0.1762532148047888
352,NVB,453777.579633068,5678984.36995428,0.0,0.0,0.0,0.0,0.4490074515342712,,1.0025616884231567,0.0,0.0,,-0.4815993441598654,0.14492924326041
353,NVB,453776.920601964,5678984.5824895,0.0,0.0,0.0,0.0,3.126896619796753,,1.0025285482406616,0.0,0.0,,-0.4090808659209647,0.6256931147046486
354,NVB,453776.218199364,5678984.81141653,0.0,0.0,0.0,0.0,1.6157742738723757,,1.0042104721069336,0.0,0.0,,-0.5674677843585083,-0.1051074736061726
355,NVB,453775.507128945,5678985.04251213,0.0,0.0,0.0,0.0,0.6363672018051147,,1.00166654586792,0.0,0.0,,-0.2882265722659917,-0.4389236270574597
356,NVB,453774.787618754,5678985.23693584,0.0,0.0,0.0,0.0,1.272599220275879,,1.0007853507995603,0.0,0.0,,-0.4534792015846765,0.3166242639789428
357,NVB,453774.076893583,5678985.40921574,0.0,0.0,0.0,0.0,2.03162145614624,,1.0013326406478882,0.0,0.0,,-0.4501793528131513,0.7513692731913242
358,NVB,453773.262200652,5678985.59975115,0.0,0.0,0.0,0.0,0.8103333711624146,,1.002249002456665,0.0,0.0,,-0.1384964136681002,0.369626488235963
359,NVB,453772.482139702,5678985.78827029,0.0,0.0,0.0,0.0,0.8220382332801819,,1.0005661249160769,0.0,0.0,,0.1172134688754255,0.4814986920710478
360,NVB,453771.676029764,5678985.99106336,0.0,0.0,0.0,0.0,1.9584392309188845,,1.000877857208252,0.0,0.0,,-0.62351456554556,0.7060125448338397
361,NVB,453770.913323843,5678986.17191589,0.0,0.0,0.0,0.0,1.5405710935592651,,1.0014002323150637,0.0,0.0,,-0.8144926135369804,0.4705740257493129
362,NVB,453770.133529939,5678986.31493596,0.0,0.0,0.0,0.0,1.0829243659973145,,1.0011928081512451,0.0,0.0,,-0.3246026300128696,0.7188392710917393
363,NVB,453769.466469281,5678986.42088586,0.0,0.0,0.0,0.0,0.9662834405899048,,1.0005037784576416,0.0,0.0,,-0.6134056972987677,0.6519239159365674
364,NVB,453768.600134364,5678986.56228785,0.0,0.0,0.0,0.0,1.703685641288757,,1.0015195608139038,0.0,0.0,,0.4006766943165423,0.2067956567752654
365,NVB,453767.872386163,5678986.68563752,0.0,0.0,0.0,0.0,0.1757538765668869,,1.0047104358673096,0.0,0.0,,0.0226428491124043,0.7481753839140358
366,NVB,453767.083956951,5678986.82527727,0.0,0.0,0.0,0.0,1.7038809061050415,,1.0098755359649658,0.0,0.0,,0.2407484700325295,0.5226275082999109
367,NVB,453766.278042265,5678986.99477796,0.0,0.0,0.0,0.0,1.198724389076233,,1.0023406744003296,0.0,0.0,,-0.5796012716615105,0.5647752123594897
368,NVB,453765.532756395,5678987.15686624,0.0,0.0,0.0,0.0,2.2242064476013184,,1.0119377374649048,0.0,0.0,,-0.3097478761455584,-0.0431391774295621
369,NVB,453764.778880918,5678987.30780635,0.0,0.0,0.0,0.0,1.9895968437194824,,1.0073039531707764,0.0,0.0,,-0.2545472431629969,0.5871134873788253
370,NVB,453764.00763074,5678987.46974201,0.0,0.0,0.0,0.0,3.775390625,,1.0102322101593018,0.0,0.0,,0.2743801743034085,0.8591335915392279
371,NVB,453763.210155599,5678987.67591423,0.0,0.0,0.0,0.0,2.045551300048828,,1.0044618844985962,0.0,0.0,,0.7134467076676616,0.4568053961362645
372,NVB,453762.403921385,5678987.89979119,0.0,0.0,0.0,0.0,0.5768842697143555,,1.003644347190857,0.0,0.0,,-0.2922153255792202,0.6956288888519517
373,NVB,453761.615003144,5678988.12265999,0.0,0.0,0.0,0.0,0.7691736221313477,,1.000581979751587,0.0,0.0,,-0.8232169833896007,0.4043527122511676
374,NVB,453760.921410937,5678988.32500301,0.0,0.0,0.0,0.0,1.0316290855407717,,1.0018641948699951,0.0,0.0,,-0.1574833408390133,0.4016245766364789
375,NVB,453760.219176976,5678988.52507569,0.0,0.0,0.0,0.0,2.1864771842956543,,1.0012445449829102,0.0,0.0,,-0.4219374080010405,0.8092519941147677
376,NVB,453759.517021192,5678988.71183157,0.0,0.0,0.0,0.0,5.3457441329956055,,1.026465892791748,0.0,0.0,,0.1836530469993964,0.2289513934770178
377,NVB,453758.797568908,5678988.89626627,0.0,0.0,0.0,0.0,3.362353563308716,,1.004728078842163,0.0,0.0,,-0.7049366220860923,0.6140459625062554
378,NVB,453758.052152339,5678989.08054841,0.0,0.0,0.0,0.0,2.2218048572540283,,1.00483500957489,0.0,0.0,,-0.8108913976893103,0.3408993646051266
379,NVB,453757.306768324,5678989.25928183,0.0,0.0,0.0,0.0,1.34624981880188,,1.002918004989624,0.0,0.0,,-0.4235351463902632,0.8361137115100029
380,NVB,453756.578700292,5678989.43700712,0.0,0.0,0.0,0.0,0.6469622850418091,,1.004270315170288,0.0,0.0,,-0.358617508328622,0.5889284596155094
381,NVB,453755.876440044,5678989.64151833,0.0,0.0,0.0,0.0,0.4191924631595611,,1.0017470121383667,0.0,0.0,,-0.2326267171236418,0.1749018238401758
382,NVB,453755.165505453,5678989.84930782,0.0,0.0,0.0,0.0,2.1138877868652344,,1.0080513954162598,0.0,0.0,,-0.4913172727608966,0.2929321090041677
383,NVB,453754.38549577,5678990.02894735,0.0,0.0,0.0,0.0,0.7316750288009644,,1.0012876987457275,0.0,0.0,,-0.4264182577874096,0.4873373652175998
384,NVB,453753.648916255,5678990.18220752,0.0,0.0,0.0,0.0,2.483280658721924,,1.002321720123291,0.0,0.0,,-0.6468571445416554,0.4220118453386365
385,NVB,453752.89491639,5678990.35423133,0.0,0.0,0.0,0.0,3.1061408519744877,,1.004037857055664,0.0,0.0,,-0.874551041828918,0.3803508444654559
386,NVB,453752.123626544,5678990.5228242,0.0,0.0,0.0,0.0,3.3388705253601074,,1.0025968551635742,0.0,0.0,,-0.9516147912010116,-0.0007243427645553
387,NVB,453751.378320476,5678990.68824033,0.0,0.0,0.0,0.0,1.819637894630432,,1.0007447004318235,0.0,0.0,,-0.9083190985523591,0.1468145765921756
388,NVB,453750.624248802,5678990.87247092,0.0,0.0,0.0,0.0,3.037014961242676,,1.005249261856079,0.0,0.0,,-0.3960750549509176,0.8235809260345928
389,NVB,453749.870203163,5678991.05226253,0.0,0.0,0.0,0.0,2.0103507041931152,,1.0078359842300415,0.0,0.0,,-0.3443712238891012,0.422484325718194
390,NVB,453749.098971852,5678991.21086755,0.0,0.0,0.0,0.0,1.5256800651550293,,1.0035778284072876,0.0,0.0,,-0.111214297237139,-0.1446384667112113
391,NVB,453748.379688584,5678991.36644837,0.0,0.0,0.0,0.0,1.9077951908111568,,1.0032927989959717,0.0,0.0,,-0.5602003398333073,-0.1650053893765155
392,NVB,453747.703659495,5678991.52561254,0.0,0.0,0.0,0.0,0.6200112700462341,,1.001167058944702,0.0,0.0,,-0.6557863809193782,0.2178145431661666
393,NVB,453747.019008223,5678991.67917716,0.0,0.0,0.0,0.0,2.156117677688598,,1.0008653402328491,0.0,0.0,,-0.9565319478722946,0.1766458488452291
394,NVB,453746.351575157,5678991.84837961,0.0,0.0,0.0,0.0,2.145293951034546,,1.0017552375793457,0.0,0.0,,-0.5598008551648223,0.5962248012446675
395,NVB,453745.64084873,5678992.02065695,0.0,0.0,0.0,0.0,2.272557258605957,,1.001254677772522,0.0,0.0,,-0.3080306595984228,0.8925185625726487
396,NVB,453744.92145448,5678992.19510283,0.0,0.0,0.0,0.0,1.908589482307434,,1.0018757581710815,0.0,0.0,,0.0189814738643065,0.4919531169298472
397,NVB,453744.228044018,5678992.36637201,0.0,0.0,0.0,0.0,4.602378845214844,,1.0086418390274048,0.0,0.0,,-0.2229500830431138,0.7502457252528227
398,NVB,453743.499936272,5678992.55075447,0.0,0.0,0.0,0.0,1.008601188659668,,1.003303050994873,0.0,0.0,,-0.1021805074735349,0.4027823261455447
399,NVB,453742.763121571,5678992.74396383,0.0,0.0,0.0,0.0,0.7238247394561768,,1.0010634660720823,0.0,0.0,,-0.1811051054141061,0.9174641118723648
400,NVB,453742.052342823,5678992.92511867,0.0,0.0,0.0,0.0,4.138204097747803,,1.0077959299087524,0.0,0.0,,-0.6826365764550388,-0.091176797008405
401,NVB,453741.341596641,5678993.10072481,0.0,0.0,0.0,0.0,1.6383212804794312,,1.0013302564620972,0.0,0.0,,-0.7161392158016048,0.5633484173872709
402,NVB,453740.613632199,5678993.26069299,0.0,0.0,0.0,0.0,1.7762088775634766,,1.0020060539245603,0.0,0.0,,0.0174280522608929,0.5129965384264376
403,NVB,453739.903009841,5678993.41521416,0.0,0.0,0.0,0.0,1.6169679164886477,,1.0035303831100464,0.0,0.0,,-0.1428646408587112,0.5247520221037063
404,NVB,453739.105474748,5678993.6313715,0.0,0.0,0.0,0.0,2.357010126113892,,1.003341794013977,0.0,0.0,,-0.3356411887680937,0.5339134028351115
405,NVB,453738.359978997,5678993.82896851,0.0,0.0,0.0,0.0,1.0069509744644165,,1.009906530380249,0.0,0.0,,-0.5215717650281564,-0.0398327516520304
406,NVB,453737.710063727,5678993.96276064,0.0,0.0,0.0,0.0,1.1457548141479492,,1.0036603212356567,0.0,0.0,,-0.6244828126232459,0.5093441497320862
407,NVB,453736.947440979,5678994.12918343,0.0,0.0,0.0,0.0,2.5876452922821045,,1.003907561302185,0.0,0.0,,-0.4499550367350785,0.0845196887868178
408,NVB,453736.236596753,5678994.32143503,0.0,0.0,0.0,0.0,2.575225591659546,,1.0040000677108765,0.0,0.0,,-0.4914961962723077,0.3890126999522477
409,NVB,453735.525745971,5678994.51479629,0.0,0.0,0.0,0.0,1.651187300682068,,1.0026066303253174,0.0,0.0,,-0.5249514057842363,-0.6244948866381029
410,NVB,453734.832263357,5678994.69827165,0.0,0.0,0.0,0.0,7.247539520263672,,1.013293981552124,0.0,0.0,,-0.0704257148680602,0.4278075807987256
411,NVB,453734.078164805,5678994.88693958,0.0,0.0,0.0,0.0,1.5468761920928955,,1.0033408403396606,0.0,0.0,,0.0059171157869793,-0.3037518135052547
412,NVB,453733.367385651,5678995.06809363,0.0,0.0,0.0,0.0,5.026784896850586,,1.0100866556167605,0.0,0.0,,-0.5045552339348051,0.1531695579405705
413,NVB,453732.665339479,5678995.23598175,0.0,0.0,0.0,0.0,1.8557065725326536,,1.022567868232727,0.0,0.0,,-0.2318219664171228,-0.207700564748775
414,NVB,453731.833250177,5678995.44083763,0.0,0.0,0.0,0.0,1.695924997329712,,1.0223008394241333,0.0,0.0,,-0.0948716034436267,0.307987961850953
415,NVB,453731.122555701,5678995.60756503,0.0,0.0,0.0,0.0,4.84840202331543,,1.0639914274215698,0.0,0.0,,0.1946066844214181,-0.1101728606312313
416,NVB,453730.411906846,5678995.76652427,0.0,0.0,0.0,0.0,5.479607582092285,,1.0318310260772705,0.0,0.0,,0.3541990781860526,-0.2104287259219344
417,NVB,453729.709958375,5678995.91776621,0.0,0.0,0.0,0.0,7.230462074279785,,1.0726280212402344,0.0,0.0,,0.0253140620787674,0.3112266563270111
418,NVB,453729.016768984,5678996.0513033,0.0,0.0,0.0,0.0,5.4534173011779785,,1.0243152379989624,0.0,0.0,,0.0358128088534107,-0.1443183155131005
419,NVB,453728.28022751,5678996.19790275,0.0,0.0,0.0,0.0,4.694969177246094,,1.0144976377487185,0.0,0.0,,-0.3366844850102822,0.0878983898965339
420,NVB,453727.517676078,5678996.35211761,0.0,0.0,0.0,0.0,2.6176645755767822,,1.0193837881088257,0.0,0.0,,-0.119087181729892,-0.1838639792809887
421,NVB,453726.79846363,5678996.49548947,0.0,0.0,0.0,0.0,3.9342119693756095,,1.0746079683303833,0.0,0.0,,-0.16504559235778,-0.3883882340478457
422,NVB,453726.044645166,5678996.63643833,0.0,0.0,0.0,0.0,3.775672912597656,,1.0315295457839966,0.0,0.0,,-0.22177952992483,0.6453390502280726
423,NVB,453725.28213278,5678996.78399461,0.0,0.0,0.0,0.0,5.674294948577881,,1.0328298807144165,0.0,0.0,,-0.1552234847020439,-0.3436925452990376
424,NVB,453724.54545419,5678996.95389799,0.0,0.0,0.0,0.0,1.159870743751526,,1.0357909202575684,0.0,0.0,,0.2635007950976577,-0.2946862439657522
425,NVB,453723.756775258,5678997.13570308,0.0,0.0,0.0,0.0,1.301162838935852,,1.0341854095458984,0.0,0.0,,0.0325438110290794,0.3385472858536462
426,NVB,453723.011428794,5678997.30777491,0.0,0.0,0.0,0.0,6.367037773132324,,1.0135815143585205,0.0,0.0,,-0.5598607453491776,0.7008594849052076
427,NVB,453722.326809124,5678997.45578875,0.0,0.0,0.0,0.0,3.045112609863281,,1.0393515825271606,0.0,0.0,,-0.0376860819177611,0.0530446941156283
428,NVB,453721.616127296,5678997.62029583,0.0,0.0,0.0,0.0,1.2442655563354492,,1.0078071355819702,0.0,0.0,,0.3713385723352312,0.686948227348615
429,NVB,453720.809884303,5678997.84527828,0.0,0.0,0.0,0.0,6.251506805419922,,1.0301387310028076,0.0,0.0,,0.5477628930946093,0.7077214557297324
430,NVB,453720.072990244,5678998.05180226,0.0,0.0,0.0,0.0,4.001410484313965,,1.0178606510162354,0.0,0.0,,0.3419936739888977,-0.0004980534161038
431,NVB,453719.344718292,5678998.26392569,0.0,0.0,0.0,0.0,0.8590368032455444,,1.0129992961883545,0.0,0.0,,-0.1526849908677739,0.5247251822734244
432,NVB,453718.564432925,5678998.49017025,0.0,0.0,0.0,0.0,1.4704455137252808,,1.002968668937683,0.0,0.0,,-0.3832901243143526,-0.2138367916239485
433,NVB,453717.818890504,5678998.69553342,0.0,0.0,0.0,0.0,3.462451696395874,,1.008793830871582,0.0,0.0,,-0.527035683561002,-0.4126496881079624
434,NVB,453717.090938087,5678998.85327998,0.0,0.0,0.0,0.0,4.329322338104248,,1.0036489963531494,0.0,0.0,,-0.6812751862543355,-0.2988762667075809
435,NVB,453716.354272163,5678999.02096314,0.0,0.0,0.0,0.0,2.743633985519409,,1.0047568082809448,0.0,0.0,,-0.1040211775217473,-0.1673833031176088
436,NVB,453715.660827826,5678999.19777845,0.0,0.0,0.0,0.0,3.923206567764282,,1.0085550546646118,0.0,0.0,,0.3063816100479501,0.3799808914488161
437,NVB,453714.950113078,5678999.36783357,0.0,0.0,0.0,0.0,1.046648621559143,,1.0071289539337158,0.0,0.0,,0.1761221740592611,0.029738266662791
438,NVB,453714.152759335,5678999.55291601,0.0,0.0,0.0,0.0,2.4203240871429443,,1.0307646989822388,0.0,0.0,,-0.203519161672338,-0.3935346506343846
439,NVB,453713.494110104,5678999.699972,0.0,0.0,0.0,0.0,4.317063808441162,,1.0060421228408811,0.0,0.0,,-0.2747697763271913,0.2314330640111334
440,NVB,453712.766164023,5678999.85660843,0.0,0.0,0.0,0.0,1.3435121774673462,,1.0030206441879272,0.0,0.0,,-0.080978680259463,-0.0085992624457141
441,NVB,453711.951598518,5679000.02494296,0.0,0.0,0.0,0.0,4.790555953979492,,1.0301966667175293,0.0,0.0,,0.1532998555334688,-0.1633088856631793
442,NVB,453711.189020274,5679000.18359517,0.0,0.0,0.0,0.0,1.9836896657943728,,1.0145343542099,0.0,0.0,,0.1845453349714213,0.2617953517080139
443,NVB,453710.391816421,5679000.34315349,0.0,0.0,0.0,0.0,1.660169005393982,,1.0589591264724731,0.0,0.0,,-0.3263370976694555,-0.1382935674975499
444,NVB,453709.594547289,5679000.513809,0.0,0.0,0.0,0.0,3.168205738067627,,1.0238722562789917,0.0,0.0,,-0.340358748630329,-0.3067707764951169
445,NVB,453708.840408391,5679000.70913289,0.0,0.0,0.0,0.0,0.5219054818153381,,1.007988691329956,0.0,0.0,,-0.0433180353215583,0.0846037753667488
446,NVB,453708.068907728,5679000.91323275,0.0,0.0,0.0,0.0,2.0551021099090576,,1.00396728515625,0.0,0.0,,0.6549917748511122,0.3424161637645032
447,NVB,453707.340746096,5679001.10648969,0.0,0.0,0.0,0.0,1.1589031219482422,,1.0029144287109375,0.0,0.0,,0.5445996129264467,0.6454991246202728
448,NVB,453706.638646598,5679001.28325333,0.0,0.0,0.0,0.0,1.2175873517990112,,1.002180814743042,0.0,0.0,,0.2530867383657118,0.6613559774525277
449,NVB,453705.910550147,5679001.46541287,0.0,0.0,0.0,0.0,0.7500494718551636,,1.002922534942627,0.0,0.0,,0.1706112199584718,-0.1216421739499514
450,NVB,453705.095605848,5679001.69811091,0.0,0.0,0.0,0.0,1.5256764888763428,,1.0048245191574097,0.0,0.0,,0.231691926257038,0.5655156383377172
451,NVB,453704.341310111,5679001.92006783,0.0,0.0,0.0,0.0,0.925614058971405,,1.0013102293014526,0.0,0.0,,0.2341984533322968,-0.0411646366293618
452,NVB,453703.647734723,5679002.11907665,0.0,0.0,0.0,0.0,0.7351872324943542,,1.0035206079483032,0.0,0.0,,-0.3303139027690076,-0.0656326182172982
453,NVB,453702.858976455,5679002.31419639,0.0,0.0,0.0,0.0,0.9687516689300536,,1.000654220581055,0.0,0.0,,-0.7548759304163969,-0.2253944773010116
454,NVB,453702.104980778,5679002.48510562,0.0,0.0,0.0,0.0,1.3967537879943848,,1.004369616508484,0.0,0.0,,0.0463525292350498,-0.2428802350060623
455,NVB,453701.281609895,5679002.6789119,0.0,0.0,0.0,0.0,1.4683737754821775,,1.0017449855804443,0.0,0.0,,-0.0560753727119872,0.1578424286083176
456,NVB,453700.527679406,5679002.83872369,0.0,0.0,0.0,0.0,1.1794036626815796,,1.0005685091018677,0.0,0.0,,0.7999102594251369,0.2115855391287847
457,NVB,453699.756511141,5679002.98622662,0.0,0.0,0.0,0.0,3.837326765060425,,1.003557205200195,0.0,0.0,,0.3392049453901804,0.8266601382232158
458,NVB,453698.9333033,5679003.15228946,0.0,0.0,0.0,0.0,1.366834044456482,,1.0013093948364258,0.0,0.0,,0.0245371161666742,0.7631374559865353
459,NVB,453698.057820925,5679003.3768624,0.0,0.0,0.0,0.0,1.4387938976287842,,1.001631736755371,0.0,0.0,,-0.3144351166530939,0.6258324058457709
460,NVB,453697.217042411,5679003.58721237,0.0,0.0,0.0,0.0,3.0221405029296875,,1.003334879875183,0.0,0.0,,-0.5060008115251925,0.7753115115160347
461,NVB,453696.445606417,5679003.78021382,0.0,0.0,0.0,0.0,1.2100907564163208,,1.00070321559906,0.0,0.0,,-0.4234715519885996,0.7995240643329306
462,NVB,453695.700226059,5679003.9578317,0.0,0.0,0.0,0.0,0.7853134274482727,,1.003471851348877,0.0,0.0,,0.1951428778923447,0.1232222860625895
463,NVB,453694.998256566,5679004.11239974,0.0,0.0,0.0,0.0,0.6937260627746582,,1.0014344453811646,0.0,0.0,,0.596788816233317,-0.192496166356534
464,NVB,453694.235599242,5679004.28436704,0.0,0.0,0.0,0.0,1.4230706691741943,,1.001509666442871,0.0,0.0,,0.6575971549300799,-0.6729109562755656
465,NVB,453693.498867024,5679004.46314535,0.0,0.0,0.0,0.0,0.500232994556427,,1.0006983280181885,0.0,0.0,,-0.0937561198936069,-0.2641734032873057
466,NVB,453692.779326819,5679004.6620005,0.0,0.0,0.0,0.0,0.659904956817627,,1.003170609474182,0.0,0.0,,0.5590167593633666,0.1819737702654085
467,NVB,453691.938006265,5679004.96445733,0.0,0.0,0.0,0.0,1.1695300340652466,,1.0013405084609983,0.0,0.0,,0.3003277334628007,0.3354734380767809
468,NVB,453691.191796721,5679005.28301023,0.0,0.0,0.0,0.0,2.018471956253052,,1.0037875175476074,0.0,0.0,,-0.104076802992626,0.5673026775447664
469,NVB,453690.454202718,5679005.60827234,0.0,0.0,0.0,0.0,1.7469357252120972,,1.0081424713134766,0.0,0.0,,-0.2071867136133763,0.4707004095571599
470,NVB,453689.742566437,5679005.93479683,0.0,0.0,0.0,0.0,2.8196864128112797,,1.0100860595703125,0.0,0.0,,-0.2623355337202207,0.7618154853193101
471,NVB,453689.065568761,5679006.2581957,0.0,0.0,0.0,0.0,6.803484916687012,,1.0103511810302734,0.0,0.0,,-0.447847299743735,0.0539877734549089
472,NVB,453688.345271065,5679006.58577888,0.0,0.0,0.0,0.0,4.008654594421387,,1.0287054777145386,0.0,0.0,,0.0834339170284426,-0.6405628932493739
473,NVB,453687.581836537,5679006.88980316,0.0,0.0,0.0,0.0,0.6200112700462341,,1.004488825798035,0.0,0.0,,-0.3329223347852215,0.1527779420978862
474,NVB,453686.887894708,5679007.15095527,0.0,0.0,0.0,0.0,1.489510178565979,,1.00311017036438,0.0,0.0,,-0.6957744323578371,0.1210804003322651
475,NVB,453686.219975898,5679007.4022725,0.0,0.0,0.0,0.0,1.7575477361679075,,1.005748271942139,0.0,0.0,,-0.3683971261081766,0.3640057133433949
476,NVB,453685.517268227,5679007.68223895,0.0,0.0,0.0,0.0,2.441606044769287,,1.0029346942901611,0.0,0.0,,0.3969156868986394,-0.2231612203720832
477,NVB,453684.797179149,5679007.97431051,0.0,0.0,0.0,0.0,2.30256462097168,,1.0052720308303833,0.0,0.0,,0.1001625228363277,0.3733788685557635
478,NVB,453684.024861084,5679008.31712401,0.0,0.0,0.0,0.0,5.521815776824951,,1.007373929023743,0.0,0.0,,0.1702050139386387,-0.3262548476141449
479,NVB,453683.286998832,5679008.68788429,0.0,0.0,0.0,0.0,3.515810251235962,,1.004610896110535,0.0,0.0,,0.3572621491629864,0.5098923306560396
480,NVB,453682.592456074,5679009.05113099,0.0,0.0,0.0,0.0,5.521798133850098,,1.0211808681488037,0.0,0.0,,-0.1746726992005201,0.2189510644591118
481,NVB,453681.88044049,5679009.44201899,0.0,0.0,0.0,0.0,7.083629608154297,,1.0095722675323486,0.0,0.0,,0.4591584401527133,-0.6241421839589935
482,NVB,453681.194297756,5679009.84859587,0.0,0.0,0.0,0.0,4.415894031524658,,1.0044231414794922,0.0,0.0,,-0.1088710597507164,0.6934438940516626
483,NVB,453680.508109248,5679010.26294078,0.0,0.0,0.0,0.0,1.1936848163604736,,1.0052320957183838,0.0,0.0,,-0.355374778282584,0.1873779444157657
484,NVB,453679.804643762,5679010.67163515,0.0,0.0,0.0,0.0,1.4637043476104736,,1.0041697025299072,0.0,0.0,,0.4569513285443765,-0.0984540441340984
485,NVB,453679.109728513,5679011.09813603,0.0,0.0,0.0,0.0,2.8298609256744385,,1.0023162364959717,0.0,0.0,,0.3409961873533415,0.4042827410008003
486,NVB,453678.458178477,5679011.50935526,0.0,0.0,0.0,0.0,2.136280059814453,,1.0017796754837036,0.0,0.0,,0.1922889295279324,-0.221606775019184
487,NVB,453677.754595247,5679011.93802456,0.0,0.0,0.0,0.0,4.66288948059082,,1.0053701400756836,0.0,0.0,,0.7550902896342512,0.3434281503573557
488,NVB,453677.103169126,5679012.32815885,0.0,0.0,0.0,0.0,2.9963505268096924,,1.001608967781067,0.0,0.0,,0.8287336587686024,0.5218248306088684
489,NVB,453676.443146925,5679012.70825461,0.0,0.0,0.0,0.0,0.2383091151714325,,1.0006860494613647,0.0,0.0,,0.6079794030016697,0.34650046823593
490,NVB,453675.748361904,5679013.11256064,0.0,0.0,0.0,0.0,1.595941185951233,,1.0012108087539673,0.0,0.0,,-0.1694332565013195,0.6073820378568727
491,NVB,453675.001413077,5679013.55651126,0.0,0.0,0.0,0.0,8.20177173614502,,1.0152333974838257,0.0,0.0,,-0.8279964944044664,0.5502947517103185
492,NVB,453674.245620026,5679014.032593,0.0,0.0,0.0,0.0,2.787184238433838,,1.004275918006897,0.0,0.0,,-0.7578371889034501,0.4729297541370059
493,NVB,453673.533133426,5679014.50338065,0.0,0.0,0.0,0.0,3.1374082565307617,,1.003464698791504,0.0,0.0,,-0.6079641405914519,0.7328464430102182
494,NVB,453672.872843146,5679014.92897496,0.0,0.0,0.0,0.0,1.256209135055542,,1.0044821500778198,0.0,0.0,,0.6574674504212837,0.3189452599285153
495,NVB,453672.264599014,5679015.33489967,0.0,0.0,0.0,0.0,3.0460801124572754,,1.005213975906372,0.0,0.0,,0.7069472585741385,0.2340375966758814
496,NVB,453671.656413589,5679015.73083679,0.0,0.0,0.0,0.0,3.272728681564331,,1.0089949369430542,0.0,0.0,,0.4461059753209879,0.3563975945862657
497,NVB,453671.013635099,5679016.12213124,0.0,0.0,0.0,0.0,1.8516054153442385,,1.001642107963562,0.0,0.0,,0.8469198201450494,0.4765945694641759
498,NVB,453670.345048924,5679016.48663937,0.0,0.0,0.0,0.0,4.00917911529541,,1.0046322345733645,0.0,0.0,,0.7260845704784825,0.5852614437977816
499,NVB,453669.667886269,5679016.83777978,0.0,0.0,0.0,0.0,4.062372207641602,,1.002921462059021,0.0,0.0,,0.5866316314871457,0.800978345382962
500,NVB,453668.999417519,5679017.1823127,0.0,0.0,0.0,0.0,3.212543487548828,,1.0043845176696775,0.0,0.0,,0.6229942116604614,0.7173806457420732
501,NVB,453668.330909525,5679017.53350393,0.0,0.0,0.0,0.0,4.725625991821289,,1.0047169923782349,0.0,0.0,,0.5659479016295758,0.7826218836988463
502,NVB,453667.592928107,5679017.92423785,0.0,0.0,0.0,0.0,4.918102741241455,,1.0062710046768188,0.0,0.0,,0.3108231401195189,0.9020758359772352
503,NVB,453666.794173738,5679018.34679728,0.0,0.0,0.0,0.0,4.315847396850586,,1.0172157287597656,0.0,0.0,,0.1509155131811903,0.8207316061554133
504,NVB,453666.064892667,5679018.7298139,0.0,0.0,0.0,0.0,2.7713522911071777,,1.00227153301239,0.0,0.0,,0.1432622292860543,0.7986077749601751
505,NVB,453665.413805003,5679019.06224138,0.0,0.0,0.0,0.0,1.2484732866287231,,1.0047879219055176,0.0,0.0,,-0.0989082566564818,0.8739529014776934
506,NVB,453664.710546928,5679019.43542312,0.0,0.0,0.0,0.0,2.4379403591156006,,1.001365065574646,0.0,0.0,,0.569570718194056,0.438812411055643
507,NVB,453664.041744651,5679019.83655174,0.0,0.0,0.0,0.0,0.8793800473213196,,1.0021759271621704,0.0,0.0,,-0.1298070311336419,0.2650056612021063
508,NVB,453663.35560661,5679020.24201735,0.0,0.0,0.0,0.0,0.4079256653785705,,1.000342607498169,0.0,0.0,,-0.1127123095923802,0.3871206620277758
509,NVB,453662.591301103,5679020.69363303,0.0,0.0,0.0,0.0,1.279017448425293,,1.0039910078048706,0.0,0.0,,0.109008542522573,0.3710059985502538
510,NVB,453661.922465954,5679021.10031011,0.0,0.0,0.0,0.0,0.2733147740364074,,1.001278281211853,0.0,0.0,,0.900247762245521,0.2341211834096367
511,NVB,453661.244832255,5679021.53135021,0.0,0.0,0.0,0.0,2.0418667793273926,,1.001678705215454,0.0,0.0,,0.512708054061191,0.4843234734902502
512,NVB,453660.532527077,5679021.97106432,0.0,0.0,0.0,0.0,2.5122148990631104,,1.0026233196258545,0.0,0.0,,-0.1832170646499045,0.8218743957268941
513,NVB,453659.854984667,5679022.38656811,0.0,0.0,0.0,0.0,1.43129301071167,,1.0007317066192627,0.0,0.0,,-0.3542525337044742,0.8766317299159372
514,NVB,453659.177416059,5679022.80651075,0.0,0.0,0.0,0.0,1.5925506353378296,,1.0015954971313477,0.0,0.0,,-0.2730468651915352,0.8047036554870615
515,NVB,453658.499880039,5679023.2209047,0.0,0.0,0.0,0.0,1.1746667623519895,,1.001305103302002,0.0,0.0,,0.3406384262989985,0.784035503001918
516,NVB,453657.82231782,5679023.6397375,0.0,0.0,0.0,0.0,2.178436279296875,,1.0058023929595947,0.0,0.0,,0.099051287188154,0.5248821029781346
517,NVB,453657.170863601,5679024.03430906,0.0,0.0,0.0,0.0,1.967642307281494,,1.0028985738754272,0.0,0.0,,0.2350775671601354,0.6913694977843236
518,NVB,453656.484679109,5679024.44754217,0.0,0.0,0.0,0.0,2.4872097969055176,,1.004153609275818,0.0,0.0,,-0.012293712333881,-0.0573083319591174
519,NVB,453655.781171898,5679024.86289278,0.0,0.0,0.0,0.0,0.2816047668457031,,1.0055018663406372,0.0,0.0,,0.4531385716114574,0.4435650332628095
520,NVB,453655.112505879,5679025.24071636,0.0,0.0,0.0,0.0,1.8251729011535645,,1.0059731006622314,0.0,0.0,,0.0978355732157141,0.7597661586056735
521,NVB,453654.426569405,5679025.61177963,0.0,0.0,0.0,0.0,4.105081081390381,,1.0078496932983398,0.0,0.0,,0.0359803493375479,0.768033189961783
522,NVB,453653.714655427,5679025.98490945,0.0,0.0,0.0,0.0,0.729071319103241,,1.0109617710113523,0.0,0.0,,0.1746449156278199,0.3276162262382417
523,NVB,453653.01137004,5679026.36252907,0.0,0.0,0.0,0.0,1.161176085472107,,1.0007729530334473,0.0,0.0,,0.4777006134841172,0.6588815415243319
524,NVB,453652.281956887,5679026.76773897,0.0,0.0,0.0,0.0,3.062448501586914,,1.0075011253356934,0.0,0.0,,0.1979333769245796,0.8186479936746688
525,NVB,453651.63056746,5679027.1512128,0.0,0.0,0.0,0.0,3.1461117267608643,,1.0021076202392578,0.0,0.0,,-0.2110642318838105,0.6651991991796689
526,NVB,453651.005286072,5679027.51042541,0.0,0.0,0.0,0.0,2.2380266189575195,,1.0025391578674316,0.0,0.0,,0.2994596743549836,0.1379567078418967
527,NVB,453650.328069325,5679027.87044199,0.0,0.0,0.0,0.0,4.711326599121094,,1.007568359375,0.0,0.0,,-0.2923746693551339,0.155915802126728
528,NVB,453649.6249404,5679028.22142784,0.0,0.0,0.0,0.0,2.29346227645874,,1.0088783502578735,0.0,0.0,,0.1150260845153539,0.8255738321574735
529,NVB,453648.913012886,5679028.59677668,0.0,0.0,0.0,0.0,1.2267051935195925,,1.0025423765182495,0.0,0.0,,0.2393244136495107,0.0920856607935077
530,NVB,453648.209570233,5679029.00102935,0.0,0.0,0.0,0.0,1.5660908222198486,,1.004082441329956,0.0,0.0,,-0.2078165723690963,0.8245553712728567
531,NVB,453647.49746618,5679029.40634072,0.0,0.0,0.0,0.0,1.8948431015014648,,1.0013402700424194,0.0,0.0,,0.091947034240401,0.755773454941763
532,NVB,453646.837467233,5679029.7819951,0.0,0.0,0.0,0.0,1.1933543682098389,,1.0011168718338013,0.0,0.0,,0.2300458629195635,0.9175603576375544
533,NVB,453646.186175291,5679030.14882256,0.0,0.0,0.0,0.0,2.8692786693573,,1.007111668586731,0.0,0.0,,0.417559459440924,0.7412558042438463
534,NVB,453645.517547556,5679030.51998697,0.0,0.0,0.0,0.0,1.5743831396102903,,1.0031795501708984,0.0,0.0,,0.2634906410624704,0.8336331176686983
535,NVB,453644.770784831,5679030.93175263,0.0,0.0,0.0,0.0,1.40118670463562,,1.0016274452209473,0.0,0.0,,-0.3014616958964038,0.6160456773862294
536,NVB,453644.0761795,5679031.30498351,0.0,0.0,0.0,0.0,1.0153424739837646,,1.0015029907226562,0.0,0.0,,0.6166533908139046,0.1201212817200764
537,NVB,453643.390202765,5679031.68270419,0.0,0.0,0.0,0.0,0.3178199231624603,,1.0012338161468506,0.0,0.0,,0.1815389390350159,0.1721221835294068
538,NVB,453642.773581969,5679032.04085738,0.0,0.0,0.0,0.0,2.0805492401123047,,1.0039666891098022,0.0,0.0,,-0.2155332719666609,0.5696300046155715
539,NVB,453642.113393084,5679032.44869348,0.0,0.0,0.0,0.0,3.1584062576293945,,1.0049175024032593,0.0,0.0,,-0.1644706831182099,0.7612878950169537
540,NVB,453641.288560371,5679032.88996283,0.0,0.0,0.0,0.0,1.0873892307281494,,1.0087357759475708,0.0,0.0,,0.610020395856878,0.2751170920011158
541,NVB,453640.412171222,5679033.26767183,0.0,0.0,0.0,0.0,5.669305324554443,,1.009010910987854,0.0,0.0,,0.0627362584353494,0.8944059114909771
542,NVB,453639.553098126,5679033.64437294,0.0,0.0,0.0,0.0,2.365441083908081,,1.0034356117248535,0.0,0.0,,-0.0237013378019306,-0.9026588302927347
543,NVB,453638.745836128,5679034.04135484,0.0,0.0,0.0,0.0,3.371129035949707,,1.007365345954895,0.0,0.0,,0.7687569079638501,-0.5361335526381653
544,NVB,453638.076959389,5679034.45468827,0.0,0.0,0.0,0.0,3.145115375518799,,1.0072821378707886,0.0,0.0,,-0.2507158366002867,0.3307018352167707
545,NVB,453637.39919252,5679034.90792089,0.0,0.0,0.0,0.0,1.0856709480285645,,1.0023536682128906,0.0,0.0,,0.0520614166042732,0.7084167382271042
546,NVB,453636.729871262,5679035.39671571,0.0,0.0,0.0,0.0,3.953930139541626,,1.0115182399749756,0.0,0.0,,-0.4862736779221204,0.6606099436671987
547,NVB,453636.06091588,5679035.82336571,0.0,0.0,0.0,0.0,3.177436351776123,,1.0082499980926514,0.0,0.0,,-0.4664263041056773,0.4382695625854657
548,NVB,453635.374997177,5679036.19109814,0.0,0.0,0.0,0.0,5.167745113372803,,1.0055265426635742,0.0,0.0,,-0.824674264900494,0.4844819093749679
549,NVB,453634.715127781,5679036.54455696,0.0,0.0,0.0,0.0,1.5340074300765991,,1.012995958328247,0.0,0.0,,-0.1962930541035499,0.7189822517245843
550,NVB,453634.055081869,5679036.92797837,0.0,0.0,0.0,0.0,4.110044956207275,,1.0154913663864136,0.0,0.0,,0.2726815183686191,0.4852456709449783
551,NVB,453633.438153069,5679037.33828805,0.0,0.0,0.0,0.0,7.216124057769775,,1.0345404148101809,0.0,0.0,,-0.1079621177764856,-0.3466525633620159
552,NVB,453632.830035861,5679037.72201518,0.0,0.0,0.0,0.0,5.155304908752441,,1.022074818611145,0.0,0.0,,0.2164179847344172,-0.2058159535991917
553,NVB,453632.204674338,5679038.09454304,0.0,0.0,0.0,0.0,2.186795949935913,,1.0045723915100098,0.0,0.0,,0.6479072555207034,-0.2594520949836933
554,NVB,453631.57931929,5679038.46596112,0.0,0.0,0.0,0.0,1.2341065406799316,,1.0025349855422974,0.0,0.0,,-0.0414416165290357,0.1393728789885013
555,NVB,453630.95389229,5679038.84958617,0.0,0.0,0.0,0.0,5.489157199859619,,1.0067763328552246,0.0,0.0,,-0.000417661867562,-0.9031291746610056
556,NVB,453630.276327241,5679039.26841661,0.0,0.0,0.0,0.0,2.156982183456421,,1.003851294517517,0.0,0.0,,-0.1237788808790615,-0.2223398183211659
557,SGZ,453629.633485925,5679039.66969525,0.0,0.0,0.0,0.0,2.811495065689087,,1.003917217254639,0.0,0.0,,-0.1254538534639589,0.8757433405239827
558,SGZ,453628.964523253,5679040.09745438,0.0,0.0,0.0,0.0,3.1997883319854736,,1.0037604570388794,0.0,0.0,,0.4050103551246208,0.8770259842857517
559,SGZ,453628.321622977,5679040.50872046,0.0,0.0,0.0,0.0,0.8120394349098206,,1.0045459270477295,0.0,0.0,,-0.0056152578346869,0.7380318494338768
560,SGZ,453627.670080897,5679040.91771606,0.0,0.0,0.0,0.0,4.845072746276856,,1.0051662921905518,0.0,0.0,,0.0253820981030758,0.9719145309361132
561,SGZ,453627.044777699,5679041.28025597,0.0,0.0,0.0,0.0,2.068702459335327,,1.0027824640274048,0.0,0.0,,0.6273281048689694,0.14149098018512
562,SGZ,453626.437084734,5679041.5918503,0.0,0.0,0.0,0.0,4.866513252258301,,1.007408618927002,0.0,0.0,,0.1601693877899892,0.8388885516696486
563,SGZ,453625.855460734,5679041.88584186,0.0,0.0,0.0,0.0,3.3454880714416504,,1.0060670375823977,0.0,0.0,,0.4100593032774105,0.8211831542292902
564,SGZ,453625.230281568,5679042.2272968,0.0,0.0,0.0,0.0,2.7514002323150635,,1.0019623041152954,0.0,0.0,,0.1453171494818628,-0.4082194928474292
565,SGZ,453624.544100329,5679042.63941741,0.0,0.0,0.0,0.0,3.2708449363708496,,1.0071576833724976,0.0,0.0,,0.6301496918150571,0.6224320815076766
566,SGZ,453623.936191445,5679042.98763256,0.0,0.0,0.0,0.0,0.5377445220947266,,1.006438970565796,0.0,0.0,,0.3134214130766702,0.2619229226825524
567,SGZ,453623.363104399,5679043.30165003,0.0,0.0,0.0,0.0,8.689963340759277,,1.0317260026931765,0.0,0.0,,-0.4947307378396295,0.2855187962548329
568,SGZ,453622.703305762,5679043.64290084,0.0,0.0,0.0,0.0,9.678786277770996,,1.0492193698883057,0.0,0.0,,0.5262063516978926,-0.1869813607387762
569,SGZ,453621.939531655,5679044.00351491,0.0,0.0,0.0,0.0,6.358942985534668,,1.0338014364242554,0.0,0.0,,0.4884260566849388,-0.049800970006969
570,SGZ,453621.504385415,5679044.40934564,0.0,0.0,0.0,0.0,1.9980720281600952,,1.001589059829712,0.0,0.0,,0.5388822094599653,0.6192794139590682
571,SGZ,453621.493318437,5679044.81878423,0.0,0.0,0.0,0.0,2.0515501499176025,,1.00214421749115,0.0,0.0,,0.2242322245820946,0.627243394079544
572,SGZ,453621.473714308,5679045.20819674,0.0,0.0,0.0,0.0,0.8431589007377625,,1.0014533996582031,0.0,0.0,,0.0578201435667617,-0.2553411808717564
573,SGZ,453621.151172082,5679045.59915404,0.0,0.0,0.0,0.0,1.3508498668670654,,1.0028284788131714,0.0,0.0,,0.3246044840986249,-0.0696799871030874
574,SGZ,453620.474089677,5679045.93586378,0.0,0.0,0.0,0.0,5.717791557312012,,1.0141206979751587,0.0,0.0,,-0.6079164332710659,0.2006625218430547
575,SGZ,453619.745797426,5679046.1501975,0.0,0.0,0.0,0.0,15.433605194091797,,1.0508097410202026,0.0,0.0,,-0.6957655533546544,-0.3640353431963279
576,SGZ,453618.975093994,5679046.21779215,0.0,0.0,0.0,0.0,7.116976261138916,,1.0121359825134275,0.0,0.0,,-0.7050622141862236,0.3943462409238013
577,SGZ,453618.203919851,5679046.36528713,0.0,0.0,0.0,0.0,20.292354583740234,,1.0974035263061523,0.0,0.0,,-0.4447186807643147,0.7131223075166494
578,SGZ,453617.475464056,5679046.60736384,0.0,0.0,0.0,0.0,3.545294523239136,,1.0273429155349731,0.0,0.0,,0.2844047066065372,-0.0781393166679227
579,SGZ,453616.737791155,5679046.94482609,0.0,0.0,0.0,0.0,3.010347604751587,,1.004424214363098,0.0,0.0,,0.294013506855323,-0.3131113301478916
580,SGZ,453615.886513773,5679047.46694996,0.0,0.0,0.0,0.0,2.9433867931365967,,1.0069162845611572,0.0,0.0,,0.1719416764357584,0.5107565252535938
581,SGZ,453615.139218293,5679047.96860079,0.0,0.0,0.0,0.0,2.100327491760254,,1.0277448892593384,0.0,0.0,,0.2243780395983639,-0.2085844472698941
582,SGZ,453614.365546371,5679048.54001143,0.0,0.0,0.0,0.0,2.544945240020752,,1.012632131576538,0.0,0.0,,-0.2986672611952167,0.1875123198803135
583,SGZ,453613.565511058,5679049.17896242,0.0,0.0,0.0,0.0,14.034205436706545,,1.033078670501709,0.0,0.0,,-0.1350548329302664,-0.8586016497032732
584,SGZ,453612.835112995,5679049.75062787,0.0,0.0,0.0,0.0,1.192320704460144,,1.005483627319336,0.0,0.0,,-0.322159920229041,0.1664838203116026
585,SGZ,453612.191753395,5679050.23957359,0.0,0.0,0.0,0.0,6.893377304077148,,1.0188411474227903,0.0,0.0,,-0.2330788320045473,0.7159322249879657
586,SGZ,453611.627065165,5679050.59692059,0.0,0.0,0.0,0.0,5.345600605010986,,1.0107301473617554,0.0,0.0,,-0.3830442255975937,0.6382519347885686
587,SGZ,453611.097643472,5679050.84460847,0.0,0.0,0.0,0.0,0.5746987462043762,,1.0099353790283203,0.0,0.0,,-0.3933338589061737,0.0623204026305464
588,SGZ,453610.568326363,5679051.07454066,0.0,0.0,0.0,0.0,10.86240291595459,,1.033795714378357,0.0,0.0,,-0.2034704041658216,-0.8954840924420351
589,SGZ,453609.848492017,5679051.3222163,0.0,0.0,0.0,0.0,0.7593833804130554,,1.0007052421569824,0.0,0.0,,-0.143986790253379,-0.5924190206120495
590,SGZ,453609.206891025,5679051.51264499,0.0,0.0,0.0,0.0,2.3320870399475098,,1.0011461973190308,0.0,0.0,,0.6989845124218451,-0.0906280557321026
591,SGZ,453608.529957986,5679051.82382998,0.0,0.0,0.0,0.0,1.975957989692688,,1.004203200340271,0.0,0.0,,0.2518253039082136,0.8217474023483867
592,SGZ,453607.939004217,5679052.23207121,0.0,0.0,0.0,0.0,6.18162727355957,,1.0110712051391602,0.0,0.0,,-0.1817036552484277,0.7543988387568826
593,SGZ,453607.313633809,5679052.60570683,0.0,0.0,0.0,0.0,0.0585483685135841,,1.0017130374908447,0.0,0.0,,0.437197351181798,0.2836656087970303
594,SGZ,453606.592922975,5679053.0020857,0.0,0.0,0.0,0.0,11.183639526367188,,1.027287244796753,0.0,0.0,,-0.4657731844925085,0.8492519106877111
595,SGZ,453605.958884541,5679053.37788968,0.0,0.0,0.0,0.0,8.511183738708496,,1.0289227962493896,0.0,0.0,,0.023207510966718,0.90584314222455
596,SGZ,453605.24664529,5679053.80539181,0.0,0.0,0.0,0.0,8.63829231262207,,1.045310139656067,0.0,0.0,,0.465558088865489,-0.1146813765832782
597,SGZ,453604.44758961,5679054.2778827,0.0,0.0,0.0,0.0,6.268807888031006,,1.0115348100662231,0.0,0.0,,-0.8361254220860728,0.1323380438917365
598,SGZ,453603.674609475,5679054.73166115,0.0,0.0,0.0,0.0,11.70769214630127,,1.0358887910842896,0.0,0.0,,0.8612808209287968,-0.2683942353527794
599,SGZ,453602.936320485,5679055.17343653,0.0,0.0,0.0,0.0,8.30980396270752,,1.124173879623413,0.0,0.0,,-0.2679954990698125,0.2762370427780685
600,SGZ,453602.180852558,5679055.59291527,0.0,0.0,0.0,0.0,7.637726306915283,,1.0481122732162476,0.0,0.0,,-0.4159366860687392,0.1414099021064612
601,SGZ,453601.399478931,5679056.00225338,0.0,0.0,0.0,0.0,12.672489166259766,,1.032029390335083,0.0,0.0,,0.5576927444476452,-0.3423735401514894
602,SGZ,453600.548663875,5679056.44558493,0.0,0.0,0.0,0.0,8.334092140197754,,1.064247965812683,0.0,0.0,,-0.3015184476885761,0.4798437941241922
603,SGZ,453599.801726262,5679056.88619928,0.0,0.0,0.0,0.0,4.867424488067627,,1.031069040298462,0.0,0.0,,0.2688795160696163,-0.116304712716679
604,SGZ,453599.141434937,5679057.31067772,0.0,0.0,0.0,0.0,4.541955471038818,,1.087077021598816,0.0,0.0,,-0.2285086598289073,0.2933491229703063
605,SGZ,453598.464860708,5679057.56082681,0.0,0.0,0.0,0.0,14.11327838897705,,1.0822056531906128,0.0,0.0,,-0.3405606549513308,0.3299579419673019
606,SGZ,453597.823847552,5679057.65137908,0.0,0.0,0.0,0.0,5.851057529449463,,1.0314414501190186,0.0,0.0,,-0.6216389889609986,-0.3302418556072763
607,SGZ,453597.104391538,5679057.83468934,0.0,0.0,0.0,0.0,13.176214218139648,,1.0558154582977295,0.0,0.0,,-0.5770934196914078,-0.711197611348557
608,SGZ,453596.219656565,5679058.15907551,0.0,0.0,0.0,0.0,13.880351066589355,,1.0440810918807983,0.0,0.0,,-0.6142535274876336,-0.7090290013921966
609,SGZ,453595.524935303,5679058.5511675,0.0,0.0,0.0,0.0,19.18304443359375,,1.1296111345291138,0.0,0.0,,-0.4131734276503776,0.7655644202154789
610,SGZ,453594.847065777,5679059.0210424,0.0,0.0,0.0,0.0,6.50701379776001,,1.0260558128356934,0.0,0.0,,0.1633032148822776,0.3626399977750091
611,SGZ,453594.134387166,5679059.52289529,0.0,0.0,0.0,0.0,4.13435173034668,,1.0048092603683472,0.0,0.0,,0.2674658511036702,-0.5619670846821831
612,SGZ,453593.560709022,5679059.93678611,0.0,0.0,0.0,0.0,5.320027828216553,,1.0125805139541626,0.0,0.0,,-0.655068047259175,-0.2423196297751611
613,SGZ,453592.847860179,5679060.46749181,0.0,0.0,0.0,0.0,3.4451122283935547,,1.007670760154724,0.0,0.0,,-0.3424528184326662,0.3220893186298323
614,SGZ,453592.264748671,5679061.01338913,0.0,0.0,0.0,0.0,11.082531929016112,,1.037466287612915,0.0,0.0,,-0.8875078653962497,0.1862972269519058
615,SGZ,453591.785194171,5679061.61094607,0.0,0.0,0.0,0.0,6.807343006134033,,1.0192499160766602,0.0,0.0,,0.6773629104644385,-0.0981510995408316
616,SGZ,453591.322491375,5679062.28628596,0.0,0.0,0.0,0.0,7.407663822174072,,1.034268856048584,0.0,0.0,,0.2797537380146543,0.2653076426318035
617,SGZ,453590.91175675,5679062.95527356,0.0,0.0,0.0,0.0,0.9663452506065368,,1.0026659965515137,0.0,0.0,,0.1505814297199975,-0.1371412688120266
618,SGZ,453590.674223403,5679063.60752581,0.0,0.0,0.0,0.0,11.15754508972168,,1.029471755027771,0.0,0.0,,-0.4300832365267533,0.8528503063234467
619,SGZ,453590.531755827,5679064.28364352,0.0,0.0,0.0,0.0,18.444168090820312,,1.075791597366333,0.0,0.0,,0.3988544886243781,0.8313519946342133
620,SGZ,453590.415226571,5679064.96435319,0.0,0.0,0.0,0.0,3.6674766540527344,,1.0212868452072144,0.0,0.0,,0.077910626381853,0.2580549848190775
621,SGZ,453590.324393605,5679065.69071475,0.0,0.0,0.0,0.0,3.155996799468994,,1.0120731592178345,0.0,0.0,,-0.5022960113433675,0.1090700370906561
622,SGZ,453590.242025767,5679066.44930943,0.0,0.0,0.0,0.0,6.747979164123535,,1.0778579711914062,0.0,0.0,,-0.4108429976498498,-0.2781392659660742
623,SGZ,453590.238159803,5679067.10515858,0.0,0.0,0.0,0.0,11.253802299499512,,1.081635594367981,0.0,0.0,,-0.1908288323796156,-0.5645646657428516
624,SGZ,453590.278189464,5679067.65583866,0.0,0.0,0.0,0.0,10.41838836669922,,1.0627294778823853,0.0,0.0,,0.5726532265806054,-0.4888184839390162
625,SGZ,453590.377043377,5679068.50539264,0.0,0.0,0.0,0.0,13.148574829101562,,1.053445816040039,0.0,0.0,,-0.7049786152376808,-0.0361995102096412
626,SGZ,453590.501580556,5679069.40281797,0.0,0.0,0.0,0.0,9.669169425964355,,1.0677396059036257,0.0,0.0,,0.2467172994056706,0.1310219629411889
627,SGZ,453590.652101913,5679070.29706715,0.0,0.0,0.0,0.0,23.562397003173828,,1.145296931266785,0.0,0.0,,-0.960108431839564,0.1209456719896114
628,SGZ,453590.681893784,5679071.11625035,0.0,0.0,0.0,0.0,14.111077308654783,,1.069172739982605,0.0,0.0,,0.6421732325178625,0.497402787936605
629,SGZ,453590.642682401,5679071.89507521,0.0,0.0,0.0,0.0,20.358057022094727,,1.1793054342269895,0.0,0.0,,-0.6003633846225682,-0.248846937231224
630,SGZ,453590.551417666,5679072.6946788,0.0,0.0,0.0,0.0,10.903838157653809,,1.028355360031128,0.0,0.0,,0.6284772076848842,0.4611930377351019
631,SGZ,453590.416139515,5679073.61942655,0.0,0.0,0.0,0.0,8.499567031860352,,1.0251489877700806,0.0,0.0,,-0.7782141112024062,0.5758009602080562
632,SGZ,453590.418952929,5679074.6104645,0.0,0.0,0.0,0.0,4.3628692626953125,,1.108219027519226,0.0,0.0,,0.2173289646173136,-0.0638657834584324
633,NVB,453590.526285193,5679075.49003213,0.0,0.0,0.0,0.0,1.3944122791290283,,1.0014493465423584,0.0,0.0,,-0.3194060852445383,0.5885286930919904
634,NVB,453590.56425441,5679076.39027647,0.0,0.0,0.0,0.0,5.342154502868652,,1.0096993446350098,0.0,0.0,,0.396116348485855,0.8234755363877234
635,NVB,453590.5672968,5679077.34247394,0.0,0.0,0.0,0.0,0.8610163927078247,,1.0062681436538696,0.0,0.0,,0.2350727465432773,0.5323204975908422
636,SGZ,453590.587563858,5679078.3091999,0.0,0.0,0.0,0.0,7.570388317108154,,1.049599289894104,0.0,0.0,,-0.5305882794044937,0.1231304477845793
637,SGZ,453590.616662386,5679079.24601423,0.0,0.0,0.0,0.0,9.168061256408691,,1.0506547689437866,0.0,0.0,,-0.2009386622303171,0.4373863083163474
638,SGZ,453590.67200676,5679080.13526332,0.0,0.0,0.0,0.0,3.355820178985596,,1.085281491279602,0.0,0.0,,-0.2343615603056209,-0.0406695687996714
639,SGZ,453590.814455688,5679080.93069569,0.0,0.0,0.0,0.0,7.020026683807373,,1.0361285209655762,0.0,0.0,,-0.1446870985186477,0.3932152413328207
640,SGZ,453591.009016927,5679081.69536178,0.0,0.0,0.0,0.0,7.291078567504883,,1.0212085247039795,0.0,0.0,,0.1511742416960798,0.8535805135029365
641,SGZ,453591.220600103,5679082.50895792,0.0,0.0,0.0,0.0,4.499938488006592,,1.0155471563339231,0.0,0.0,,-0.6169118827589936,-0.1904220189936511
642,SGZ,453591.42393402,5679083.25369991,0.0,0.0,0.0,0.0,7.48009729385376,,1.0456165075302124,0.0,0.0,,-0.8290308389167899,-0.1972123970100978
643,SGZ,453591.601637007,5679083.94169273,0.0,0.0,0.0,0.0,7.426087856292725,,1.0612841844558716,0.0,0.0,,-0.4905363183666284,-0.5343493136134548
644,SGZ,453591.622721869,5679084.76970271,0.0,0.0,0.0,0.0,5.103709220886231,,1.0171974897384644,0.0,0.0,,-0.1182684923648594,-0.0368850902608928
645,SGZ,453591.565677531,5679085.63720375,0.0,0.0,0.0,0.0,6.526084899902344,,1.0354052782058716,0.0,0.0,,0.2825337790577445,0.3785369238823114
646,SGZ,453591.595515374,5679086.44861883,0.0,0.0,0.0,0.0,3.807976961135864,,1.0078800916671753,0.0,0.0,,0.6251351071423381,0.1208219753119987
647,SGZ,453591.711561688,5679087.31824989,0.0,0.0,0.0,0.0,1.5173720121383667,,1.0090423822402954,0.0,0.0,,0.2553439427130275,-0.6967498905093978
648,SGZ,453591.897167432,5679088.13391242,0.0,0.0,0.0,0.0,1.791042685508728,,1.0015119314193726,0.0,0.0,,0.0840024922898412,-0.6576726866654097
649,SGZ,453592.134401495,5679089.0009285,0.0,0.0,0.0,0.0,31.95309066772461,,1.2125821113586426,0.0,0.0,,-0.9768928210631308,-0.1781918447804093
650,SGZ,453592.718660842,5679089.7290497,0.0,0.0,0.0,0.0,10.72577667236328,,1.0489203929901123,0.0,0.0,,-0.5542395906585902,0.5439646918243107
651,SGZ,453593.355294258,5679090.38201545,0.0,0.0,0.0,0.0,2.095243453979492,,1.0190365314483645,0.0,0.0,,-0.0401704714421177,-0.0242625006491429
652,SGZ,453593.948431071,5679091.07245682,0.0,0.0,0.0,0.0,13.91367530822754,,1.0798072814941406,0.0,0.0,,-0.862532022018824,0.3368294181782977
653,SGZ,453594.169120998,5679091.80953266,0.0,0.0,0.0,0.0,2.7480621337890625,,1.022233247756958,0.0,0.0,,-0.5613239250018862,-0.0669990689027005
654,SGZ,453594.225355435,5679092.54785872,0.0,0.0,0.0,0.0,4.862964153289795,,1.008734941482544,0.0,0.0,,0.2935908977202792,0.0623156308507958
655,SGZ,453594.029565306,5679093.46004241,0.0,0.0,0.0,0.0,10.359312057495115,,1.0259798765182495,0.0,0.0,,-0.0056579105528754,0.7864443201641089
656,SGZ,453593.764725874,5679094.33963589,0.0,0.0,0.0,0.0,11.427960395812988,,1.0262919664382937,0.0,0.0,,0.1094876071036377,0.9441111898874018
657,SGZ,453593.395772862,5679095.26189658,0.0,0.0,0.0,0.0,8.997583389282227,,1.043745517730713,0.0,0.0,,-0.4311775829152902,0.2272058995262165
658,SGZ,453592.956239912,5679096.41124335,0.0,0.0,0.0,0.0,8.214021682739258,,1.015652418136597,0.0,0.0,,-0.8474840725677696,-0.1435412882516717
659,SGZ,453592.66429752,5679097.48377638,0.0,0.0,0.0,0.0,6.366099834442139,,1.021332859992981,0.0,0.0,,0.410805155668701,0.7606677045028097
660,SGZ,453593.023406607,5679098.23165601,0.0,0.0,0.0,0.0,11.600768089294434,,1.0326130390167236,0.0,0.0,,-0.7296707978827311,0.549994098621558
661,SGZ,453593.530276528,5679098.87386898,0.0,0.0,0.0,0.0,25.623714447021484,,1.1708298921585083,0.0,0.0,,-0.9698171550457432,-0.1195388952345749
662,SGZ,453593.811367619,5679099.64237428,0.0,0.0,0.0,0.0,1.9872699975967407,,1.0673226118087769,0.0,0.0,,0.0116501302010514,-0.3097264726475819
663,SGZ,453594.040719208,5679100.37839139,0.0,0.0,0.0,0.0,11.972814559936523,,1.1016664505004885,0.0,0.0,,0.0793548743027099,-0.750739590433832
664,SGZ,453594.491931888,5679101.65284304,0.0,0.0,0.0,0.0,3.5150351524353027,,1.025769829750061,0.0,0.0,,0.0048704307020636,0.1993182807196247
665,SGZ,453594.712510992,5679102.40878422,0.0,0.0,0.0,0.0,6.028732776641846,,1.0950230360031128,0.0,0.0,,-0.2079320610213444,0.380121937972755
666,SGZ,453594.934444055,5679102.93501175,0.0,0.0,0.0,0.0,6.152677059173584,,1.0498560667037964,0.0,0.0,,-0.1129418545754986,-0.2420380121267631
667,SGZ,453595.130425597,5679103.45886678,0.0,0.0,0.0,0.0,5.075361251831055,,1.0445611476898191,0.0,0.0,,0.3643065572600528,-0.1750819783672221
668,SGZ,453595.187373157,5679104.07623249,0.0,0.0,0.0,0.0,19.64981842041016,,1.27638840675354,0.0,0.0,,-0.561060048017152,-0.0070968086358647
669,SGZ,453595.209367641,5679104.74999027,0.0,0.0,0.0,0.0,10.183770179748535,,1.0438885688781738,0.0,0.0,,0.3549255889639737,0.1918548337724872
670,SGZ,453595.256404542,5679105.58037269,0.0,0.0,0.0,0.0,11.988234519958496,,1.0576411485671997,0.0,0.0,,-0.7470868475665094,0.269333858032053
671,SGZ,453595.294989335,5679106.37630255,0.0,0.0,0.0,0.0,4.512375354766846,,1.0626826286315918,0.0,0.0,,-0.0147682452988631,-0.0165118249017885
672,SGZ,453595.222146414,5679106.98735445,0.0,0.0,0.0,0.0,4.019155502319336,,1.0230441093444824,0.0,0.0,,-0.0831920117729179,0.4921323637004876
673,SGZ,453595.140877519,5679107.55951487,0.0,0.0,0.0,0.0,2.4250285625457764,,1.0290223360061646,0.0,0.0,,0.1257423275316447,0.8424428421171729
674,SGZ,453595.076964163,5679108.12400922,0.0,0.0,0.0,0.0,9.980875015258787,,1.0552899837493896,0.0,0.0,,-0.2070417999610406,0.785492762717228
675,SGZ,453595.140990357,5679109.00887032,0.0,0.0,0.0,0.0,23.32413482666016,,1.110525608062744,0.0,0.0,,-0.6016362641539547,0.7809940253457249
676,SGZ,453595.239701511,5679109.88283819,0.0,0.0,0.0,0.0,11.14303493499756,,1.0363842248916626,0.0,0.0,,-0.2578784473821003,0.5961412459667109
677,SGZ,453595.417385861,5679110.57416008,0.0,0.0,0.0,0.0,8.296716690063477,,1.0279903411865234,0.0,0.0,,-0.1909129362422578,0.9118697697163466
678,SGZ,453595.620936791,5679111.2822809,0.0,0.0,0.0,0.0,2.5058600902557373,,1.0214617252349854,0.0,0.0,,-0.1110057273558578,-0.0581975509521868
679,SGZ,453595.797404668,5679112.18001214,0.0,0.0,0.0,0.0,8.64289665222168,,1.0465465784072876,0.0,0.0,,-0.0442749647965517,-0.1924605423346186
680,SGZ,453595.956942161,5679113.01327713,0.0,0.0,0.0,0.0,11.962587356567385,,1.055240035057068,0.0,0.0,,0.7083901482200924,0.4918255749225146
681,SGZ,453596.10796869,5679113.82207711,0.0,0.0,0.0,0.0,10.267809867858888,,1.0365005731582642,0.0,0.0,,-0.6301170421483824,0.4555566838148039
682,SGZ,453596.328293236,5679114.6212976,0.0,0.0,0.0,0.0,4.663241386413574,,1.0148690938949585,0.0,0.0,,-0.556229023014029,0.255209924336069
683,SGZ,453596.5315108,5679115.38601451,0.0,0.0,0.0,0.0,11.10119915008545,,1.035534143447876,0.0,0.0,,-0.0614374595070127,0.4952017755544355
684,SGZ,453596.553479289,5679116.06421119,0.0,0.0,0.0,0.0,6.960415363311768,,1.0118358135223389,0.0,0.0,,-0.8494761112267709,0.4264322405697804
685,SGZ,453596.575245029,5679116.77680942,0.0,0.0,0.0,0.0,7.03857421875,,1.0264345407485962,0.0,0.0,,0.448606710300818,0.7785636512463708
686,SGZ,453596.734625739,5679117.63670786,0.0,0.0,0.0,0.0,14.354485511779783,,1.061779260635376,0.0,0.0,,-0.7522641543884725,0.2345576639333151
687,SGZ,453596.885717849,5679118.43441054,0.0,0.0,0.0,0.0,4.625969886779785,,1.017285704612732,0.0,0.0,,-0.7353696946348679,0.388028454734489
688,SGZ,453597.140707977,5679119.22606695,0.0,0.0,0.0,0.0,3.1181981563568115,,1.0180617570877075,0.0,0.0,,0.0058064485545293,-0.5337951482963886
689,SGZ,453597.429781439,5679120.10892505,0.0,0.0,0.0,0.0,2.068729877471924,,1.027656078338623,0.0,0.0,,-0.3284834279919494,-0.4889227381131082
690,SGZ,453597.701604034,5679120.98169358,0.0,0.0,0.0,0.0,6.40669059753418,,1.0238676071166992,0.0,0.0,,-0.0880659631882917,-0.6009766363023386
691,SGZ,453597.748706735,5679121.80097869,0.0,0.0,0.0,0.0,7.583574771881103,,1.0820003747940063,0.0,0.0,,-0.2548904985094374,-0.0944054034618763
692,SGZ,453597.786664031,5679122.70344237,0.0,0.0,0.0,0.0,11.168020248413086,,1.0303832292556765,0.0,0.0,,-0.74713718347141,0.0449095811205096
693,SGZ,453597.81690169,5679123.44716397,0.0,0.0,0.0,0.0,4.128317356109619,,1.0205492973327637,0.0,0.0,,0.2004450107600409,-0.2255064322890672
694,SGZ,453597.829581024,5679124.23295322,0.0,0.0,0.0,0.0,2.6534602642059326,,1.0449873208999634,0.0,0.0,,-0.0048536488215324,-0.0170233513045646
695,SGZ,453597.85870686,5679125.16532853,0.0,0.0,0.0,0.0,23.8541316986084,,1.172563076019287,0.0,0.0,,-0.4465195168655086,-0.2437253557302118
696,SGZ,453597.88791119,5679126.08438711,0.0,0.0,0.0,0.0,17.686120986938477,,1.0817419290542605,0.0,0.0,,0.6860041971293086,0.1286989863849756
697,SGZ,453597.934490735,5679126.99245043,0.0,0.0,0.0,0.0,11.77282428741455,,1.0622016191482544,0.0,0.0,,-0.6508751835082339,0.132098765253462
698,SGZ,453598.032895077,5679127.91857544,0.0,0.0,0.0,0.0,28.701919555664062,,1.3115733861923218,0.0,0.0,,-0.0698345895129062,-0.6199387245264673
699,SGZ,453598.148831625,5679128.80707172,0.0,0.0,0.0,0.0,10.189669609069824,,1.0756365060806274,0.0,0.0,,0.2242026152420471,-0.1512980184769356
700,SGZ,453598.361417541,5679129.45087925,0.0,0.0,0.0,0.0,5.843154430389404,,1.056586742401123,0.0,0.0,,0.3740470898561144,0.1293005940520968
701,SGZ,453598.521943243,5679130.11657528,0.0,0.0,0.0,0.0,10.472771644592283,,1.032719612121582,0.0,0.0,,0.5829887151211107,0.2144897273150241
702,SGZ,453598.350554408,5679131.29413697,0.0,0.0,0.0,0.0,9.136919975280762,,1.1210519075393677,0.0,0.0,,-0.8670961408072616,-0.1282521194498884
703,SGZ,453598.309224611,5679132.43251357,0.0,0.0,0.0,0.0,8.925520896911621,,1.0490858554840088,0.0,0.0,,0.3241260235629516,0.1442189672179361
704,SGZ,453598.640624961,5679133.47653716,0.0,0.0,0.0,0.0,3.5437123775482178,,1.0352011919021606,0.0,0.0,,-0.4548746812329425,0.4525686679754769
705,SGZ,453598.989472567,5679134.49735847,0.0,0.0,0.0,0.0,8.99020767211914,,1.107650876045227,0.0,0.0,,-0.3185761589023874,0.2906865251472433
706,SGZ,453599.40781463,5679135.47530842,0.0,0.0,0.0,0.0,15.583206176757812,,1.0673763751983645,0.0,0.0,,-0.8306099737466274,-0.1495338733245025
707,SGZ,453599.948607411,5679136.2364658,0.0,0.0,0.0,0.0,12.75324821472168,,1.1376924514770508,0.0,0.0,,0.444208663084896,0.1567171764546885
708,SGZ,453600.402432604,5679137.06813566,0.0,0.0,0.0,0.0,14.236949920654297,,1.0679761171340942,0.0,0.0,,-0.5807120005253762,-0.1660491156701744
709,SGZ,453600.189273501,5679137.99020499,0.0,0.0,0.0,0.0,6.648831367492676,,1.0688220262527466,0.0,0.0,,-0.2821788619677133,0.1347627560841938
710,SGZ,453599.985213976,5679138.83686383,0.0,0.0,0.0,0.0,4.282298564910889,,1.0766500234603882,0.0,0.0,,0.1559121932497295,0.166233271174781
711,SGZ,453599.937400721,5679139.60675982,0.0,0.0,0.0,0.0,9.671378135681152,,1.0900100469589231,0.0,0.0,,0.26243344636019,0.5066375934613817
712,SGZ,453599.872611156,5679140.31995769,0.0,0.0,0.0,0.0,9.169059753417969,,1.0309102535247805,0.0,0.0,,-0.674109992164433,0.3662814808036675
713,SGZ,453599.765560664,5679140.86089274,0.0,0.0,0.0,0.0,5.928415775299072,,1.0186846256256104,0.0,0.0,,-0.2304183117474061,-0.0094844857055285
714,SGZ,453599.675551866,5679141.44742863,0.0,0.0,0.0,0.0,4.498885154724121,,1.1488778591156006,0.0,0.0,,-0.3874432470411412,0.2086719853268582
715,SGZ,453599.664156725,5679141.91235352,0.0,0.0,0.0,0.0,13.185786247253418,,1.1909048557281494,0.0,0.0,,0.0282486454290984,-0.3745744169231968
716,SGZ,453599.801582524,5679142.09183577,0.0,0.0,0.0,0.0,13.185786247253418,,1.1909048557281494,0.0,0.0,,0.0282486454290984,-0.3745744169231968
717,SGZ,453599.99833712,5679142.48474277,0.0,0.0,0.0,0.0,12.532022476196287,,1.1373884677886963,0.0,0.0,,-0.1206864870898714,-0.0863202390792881
718,SGZ,453600.23660713,5679143.17642154,0.0,0.0,0.0,0.0,3.4260947704315186,,1.057990550994873,0.0,0.0,,0.0051666225327173,0.0521994514241566
719,SGZ,453600.396832465,5679143.89316499,0.0,0.0,0.0,0.0,11.57088565826416,,1.069290041923523,0.0,0.0,,-0.8265771558804995,-0.0249756553187465
720,SGZ,453600.305718454,5679144.66724486,0.0,0.0,0.0,0.0,20.01418685913086,,1.1052618026733398,0.0,0.0,,-0.4340925359619751,-0.534500874004011
721,SGZ,453600.206099918,5679145.41575,0.0,0.0,0.0,0.0,3.375382900238037,,1.0334763526916504,0.0,0.0,,0.136862683869305,-0.1538383654672419
722,SGZ,453600.149474775,5679146.21222844,0.0,0.0,0.0,0.0,12.151948928833008,,1.049533128738403,0.0,0.0,,-0.3563150569937927,-0.4563252863716102
723,SGZ,453600.2482132,5679147.08175728,0.0,0.0,0.0,0.0,5.0819478034973145,,1.0074952840805054,0.0,0.0,,-0.2007102396686086,-0.5444346539365474
724,SGZ,453600.364653885,5679147.88480446,0.0,0.0,0.0,0.0,17.553964614868164,,1.1694095134735107,0.0,0.0,,-0.6936469472986276,-0.3651107473995836
725,SGZ,453600.524519651,5679148.66258292,0.0,0.0,0.0,0.0,20.35371971130371,,1.2288264036178589,0.0,0.0,,-0.5043908571901512,-0.5944674281853517
726,SGZ,453600.710291377,5679149.45050195,0.0,0.0,0.0,0.0,19.86664581298828,,1.1778876781463623,0.0,0.0,,0.8313633151143326,0.1527668487362031
727,SGZ,453600.930833272,5679150.21310125,0.0,0.0,0.0,0.0,3.030749797821045,,1.0392849445343018,0.0,0.0,,-0.6925390113202007,-0.0353737174193255
728,SGZ,453601.168410404,5679151.02241111,0.0,0.0,0.0,0.0,16.074609756469727,,1.1004568338394165,0.0,0.0,,-0.0510733331444822,-0.472496851206504
729,SGZ,453601.371825638,5679151.753836,0.0,0.0,0.0,0.0,4.214311599731445,,1.032286524772644,0.0,0.0,,-0.0240875270433505,0.0395607205654391
730,SGZ,453601.506897388,5679152.33282018,0.0,0.0,0.0,0.0,8.524304389953613,,1.0313347578048706,0.0,0.0,,-0.7222337550117937,-0.1089416960666654
731,SGZ,453601.56389166,5679152.94241769,0.0,0.0,0.0,0.0,10.523137092590332,,1.090768575668335,0.0,0.0,,-0.3496360140419121,-0.7643103560643042
732,SGZ,453601.386614186,5679153.65051361,0.0,0.0,0.0,0.0,5.3811750411987305,,1.0246503353118896,0.0,0.0,,-0.2542955725633881,0.2154703160859481
733,SGZ,453601.183241086,5679154.38065105,0.0,0.0,0.0,0.0,14.04119873046875,,1.0702210664749146,0.0,0.0,,0.5976949487120811,0.6208131884909808
734,SGZ,453600.892546919,5679155.24122632,0.0,0.0,0.0,0.0,6.623694896697998,,1.0237981081008911,0.0,0.0,,-0.4032471673397533,0.3145864335894296
735,SGZ,453600.567677654,5679156.02613607,0.0,0.0,0.0,0.0,5.949151039123535,,1.036681056022644,0.0,0.0,,0.1019106820585965,-0.4382623588526225
736,SGZ,453600.215738286,5679156.99843678,0.0,0.0,0.0,0.0,9.122416496276855,,1.0253593921661377,0.0,0.0,,0.129272387271212,0.6755267047164363
737,SGZ,453599.699283079,5679157.98197536,0.0,0.0,0.0,0.0,6.865185737609863,,1.0281168222427368,0.0,0.0,,0.1427193555732901,0.5417148786012135
738,SGZ,453599.123786601,5679158.70326115,0.0,0.0,0.0,0.0,15.780923843383787,,1.090010643005371,0.0,0.0,,-0.3942046379529522,-0.2821478144700189
739,SGZ,453598.53268055,5679159.13591568,0.0,0.0,0.0,0.0,13.177132606506348,,1.1341062784194946,0.0,0.0,,-0.4943817336170463,-0.037295132280436
740,SGZ,453597.933037211,5679159.54854407,0.0,0.0,0.0,0.0,6.519821166992188,,1.0984750986099243,0.0,0.0,,0.177777551287082,0.0266146634244262
741,SGZ,453597.488515637,5679160.07528277,0.0,0.0,0.0,0.0,3.546191692352295,,1.0698550939559937,0.0,0.0,,0.2954540127419187,-0.1663407663230256
742,SGZ,453596.889369232,5679160.40357178,0.0,0.0,0.0,0.0,4.591864585876465,,1.0143500566482544,0.0,0.0,,0.1421243674122242,0.4827669462165724
743,SGZ,453596.12765599,5679160.41239973,0.0,0.0,0.0,0.0,13.845938682556152,,1.073439598083496,0.0,0.0,,0.0311192390104904,0.7202051163422615
744,SGZ,453595.469730086,5679160.43404672,0.0,0.0,0.0,0.0,4.824627876281738,,1.0311846733093262,0.0,0.0,,0.5656304120029486,-0.4561948136537412
745,SGZ,453594.966788621,5679160.59310836,0.0,0.0,0.0,0.0,13.559404373168944,,1.0778728723526,0.0,0.0,,0.6426580297532186,0.2286772493136853
746,SGZ,453594.403426063,5679160.7240697,0.0,0.0,0.0,0.0,9.833547592163086,,1.1285322904586792,0.0,0.0,,0.2913046949101591,0.0942663260524103
747,SGZ,453593.815092849,5679160.68619936,0.0,0.0,0.0,0.0,7.158946514129639,,1.036263346672058,0.0,0.0,,-0.8462622726576542,0.2050520372751322
748,SGZ,453593.184806175,5679160.42390892,0.0,0.0,0.0,0.0,8.885876655578613,,1.0756886005401611,0.0,0.0,,-0.1605683382418374,0.5226409124766934
749,SGZ,453592.546172025,5679160.10941022,0.0,0.0,0.0,0.0,4.454639911651611,,1.032793402671814,0.0,0.0,,0.3918868677227736,0.2167484318716639
750,SGZ,453591.925011325,5679159.76727029,0.0,0.0,0.0,0.0,9.489256858825684,,1.0374126434326172,0.0,0.0,,0.3285199325068922,-0.5599667742622039
751,SGZ,453591.243338056,5679159.41256622,0.0,0.0,0.0,0.0,4.584500312805176,,1.030417799949646,0.0,0.0,,0.5297088730677274,0.3616170224089581
752,SGZ,453590.276542451,5679158.97294899,0.0,0.0,0.0,0.0,4.60129976272583,,1.0271198749542236,0.0,0.0,,-0.096149712492382,-0.1847614207591207
753,SGZ,453589.404218648,5679158.65818233,0.0,0.0,0.0,0.0,4.855134010314941,,1.039578557014465,0.0,0.0,,0.3814119087564167,-0.4012764302112984
754,SGZ,453588.608474527,5679158.56692999,0.0,0.0,0.0,0.0,16.934633255004883,,1.050859451293945,0.0,0.0,,0.798336040985113,0.5330325792412456
755,SGZ,453588.027141433,5679158.80987133,0.0,0.0,0.0,0.0,12.382999420166016,,1.0502699613571167,0.0,0.0,,0.2822688242388521,0.4524723544516802
756,SGZ,453587.455365982,5679158.89972123,0.0,0.0,0.0,0.0,8.325559616088867,,1.047709822654724,0.0,0.0,,0.004814695506107,0.1595936240845521
757,SGZ,453586.824189986,5679158.78835324,0.0,0.0,0.0,0.0,14.683600425720217,,1.0511523485183716,0.0,0.0,,-0.8657033484012153,0.1268569500237634
758,SGZ,453586.174474278,5679158.88551196,0.0,0.0,0.0,0.0,8.464644432067871,,1.0358718633651731,0.0,0.0,,-0.675572248467352,0.493470668569983
759,SGZ,453585.496837717,5679159.31432614,0.0,0.0,0.0,0.0,8.636820793151855,,1.042455792427063,0.0,0.0,,-0.2391779055110819,-0.4982493086475173
760,SGZ,453584.032105298,5679159.65304821,0.0,0.0,0.0,0.0,7.462325096130371,,1.023718237876892,0.0,0.0,,-0.2692285659384175,-0.1426008577676445
761,SGZ,453583.343491494,5679159.00754377,0.0,0.0,0.0,0.0,7.643187522888184,,1.0201436281204224,0.0,0.0,,-0.1825977051034035,-0.7951282963779153
762,SGZ,453582.541460772,5679158.51451838,0.0,0.0,0.0,0.0,3.1028313636779785,,1.019742488861084,0.0,0.0,,0.6542262235770803,-0.5120032108268676
763,SGZ,453581.771256295,5679158.49555072,0.0,0.0,0.0,0.0,7.875425815582275,,1.015573501586914,0.0,0.0,,0.8354947523051733,0.4310134058296789
764,SGZ,453580.992907198,5679158.3899732,0.0,0.0,0.0,0.0,6.472558498382568,,1.0275083780288696,0.0,0.0,,0.7528178739966992,0.2870720519083039
765,SGZ,453580.180487951,5679158.19097437,0.0,0.0,0.0,0.0,10.623680114746094,,1.0515002012252808,0.0,0.0,,-0.6445423263335256,0.0018240420186661
766,SGZ,453579.358216482,5679158.19500459,0.0,0.0,0.0,0.0,9.185799598693848,,1.045669674873352,0.0,0.0,,-0.5397239563598105,-0.6569840749109619
767,SGZ,453578.638574219,5679158.40827587,0.0,0.0,0.0,0.0,4.535847187042236,,1.0366313457489014,0.0,0.0,,-0.5714255622671501,-0.4539008913347835
768,SGZ,453577.962193519,5679158.62402169,0.0,0.0,0.0,0.0,7.784257888793945,,1.0591031312942505,0.0,0.0,,-0.7278776116810918,-0.0762574077833905
769,SGZ,453577.182503136,5679158.74593797,0.0,0.0,0.0,0.0,6.932751178741455,,1.067088007926941,0.0,0.0,,0.4372575700471625,-0.5381578912401451
770,SGZ,453576.282500733,5679158.72176541,0.0,0.0,0.0,0.0,5.722018241882324,,1.03010892868042,0.0,0.0,,-0.4655943674418694,-0.0078688907165928
771,SGZ,453575.321043503,5679158.8448293,0.0,0.0,0.0,0.0,7.271141052246094,,1.0485384464263916,0.0,0.0,,0.0391931642630631,-0.6815144130474611
772,SGZ,453574.194147792,5679159.13560204,0.0,0.0,0.0,0.0,12.006482124328612,,1.0369141101837158,0.0,0.0,,-0.5359577781776071,-0.7172219214021863
773,SGZ,453573.387982076,5679159.3439236,0.0,0.0,0.0,0.0,13.150477409362791,,1.0694490671157837,0.0,0.0,,-0.9492037808011896,-0.0880307575862766
774,SGZ,453572.685898076,5679159.51512676,0.0,0.0,0.0,0.0,7.727693557739258,,1.040818452835083,0.0,0.0,,-0.4922947859137663,0.2652403767789414
775,SGZ,453571.931976019,5679159.67048745,0.0,0.0,0.0,0.0,12.381056785583496,,1.0782639980316162,0.0,0.0,,0.0271652830862338,-0.0828194392377187
776,SGZ,453571.178845741,5679159.69157102,0.0,0.0,0.0,0.0,4.173983573913574,,1.0933185815811155,0.0,0.0,,0.2403045383066738,-0.1637244675453741
777,SGZ,453570.383082069,5679159.60364603,0.0,0.0,0.0,0.0,16.770099639892578,,1.103574514389038,0.0,0.0,,0.3115991742898166,-0.8060697742106111
778,SGZ,453569.500867178,5679159.49856464,0.0,0.0,0.0,0.0,10.011801719665527,,1.0426080226898191,0.0,0.0,,-0.1151113017311072,-0.0219027954996733
779,SGZ,453568.549380072,5679159.39862348,0.0,0.0,0.0,0.0,10.567578315734863,,1.0782136917114258,0.0,0.0,,-0.1810627120170288,0.3573085660268187
780,SGZ,453567.676147384,5679159.23810655,0.0,0.0,0.0,0.0,17.167936325073242,,1.061115026473999,0.0,0.0,,-0.6476523969163672,-0.7482957009019757
781,SGZ,453566.915559832,5679159.05605851,0.0,0.0,0.0,0.0,8.294151306152344,,1.0193147659301758,0.0,0.0,,-0.5157060660044168,0.2655240291335085
782,SGZ,453566.033397402,5679158.94209892,0.0,0.0,0.0,0.0,11.771940231323242,,1.157379388809204,0.0,0.0,,-0.8450836277527719,0.3888630268038898
783,SGZ,453564.977822064,5679158.88038529,0.0,0.0,0.0,0.0,8.711847305297852,,1.0758957862854004,0.0,0.0,,-0.5432593086160455,0.5120933967929839
784,SGZ,453563.783512465,5679158.86113418,0.0,0.0,0.0,0.0,9.633978843688965,,1.059173583984375,0.0,0.0,,-0.7483102637619754,-0.1466552679584982
785,SGZ,453563.03808814,5679159.04317853,0.0,0.0,0.0,0.0,7.425918579101562,,1.0812681913375854,0.0,0.0,,0.1280958416519221,-0.2860255885015727
786,SGZ,453562.525751541,5679159.32758628,0.0,0.0,0.0,0.0,5.212710380554199,,1.052687168121338,0.0,0.0,,0.335908455700219,0.260161132654341
787,SGZ,453561.720475626,5679159.38498368,0.0,0.0,0.0,0.0,3.2863399982452397,,1.0368257761001587,0.0,0.0,,0.1973446486563038,0.2702356862978674
788,SGZ,453560.829357201,5679159.32201994,0.0,0.0,0.0,0.0,9.339856147766112,,1.0529040098190308,0.0,0.0,,0.5333696831463918,-0.5310157588073058
789,SGZ,453560.14673624,5679159.12822367,0.0,0.0,0.0,0.0,13.32360553741455,,1.2832742929458618,0.0,0.0,,0.1592592734107331,-0.8028161023912933
790,SGZ,453559.568517864,5679158.84293254,0.0,0.0,0.0,0.0,9.166157722473145,,1.0397034883499146,0.0,0.0,,-0.1703287564275117,-0.940068677910374
791,SGZ,453558.903946509,5679158.52383904,0.0,0.0,0.0,0.0,7.930538177490234,,1.014616847038269,0.0,0.0,,0.0843999208335362,-0.7495792473292799
792,SGZ,453558.366783923,5679158.61500075,0.0,0.0,0.0,0.0,5.235771179199219,,1.0129592418670654,0.0,0.0,,0.2820721923279314,-0.0999908705882146
793,SGZ,453557.672490538,5679158.93273768,0.0,0.0,0.0,0.0,7.980461597442627,,1.023057222366333,0.0,0.0,,-0.7871383890263249,-0.2749159780220749
794,SGZ,453557.030735497,5679159.14757618,0.0,0.0,0.0,0.0,4.098613739013672,,1.018677830696106,0.0,0.0,,0.4097156001069645,-0.6232567949810676
795,SGZ,453556.293861186,5679159.34742659,0.0,0.0,0.0,0.0,4.0863776206970215,,1.0085619688034058,0.0,0.0,,0.9266902081830368,-0.1172921513832899
796,SGZ,453554.990192555,5679158.79262171,0.0,0.0,0.0,0.0,8.823180198669434,,1.0681618452072144,0.0,0.0,,0.3288739106100917,0.3720432247011138
797,SGZ,453553.558657392,5679157.90524219,0.0,0.0,0.0,0.0,11.365140914916992,,1.058234930038452,0.0,0.0,,-0.1372035813929255,0.6441732797924824
798,SGZ,453552.092286767,5679157.0542792,0.0,0.0,0.0,0.0,5.799911975860596,,1.185663819313049,0.0,0.0,,-0.728982930792303,0.4147763922577278
799,SGZ,453551.080359614,5679156.92956451,0.0,0.0,0.0,0.0,6.858267784118652,,1.0944592952728271,0.0,0.0,,-0.3460967091207478,0.1708835139731682
800,SGZ,453550.377326024,5679157.2616762,0.0,0.0,0.0,0.0,6.228440761566162,,1.0404870510101318,0.0,0.0,,-0.1408506118818877,0.5155528348167449
801,SGZ,453549.794309248,5679157.78981473,0.0,0.0,0.0,0.0,8.125907897949219,,1.2153513431549072,0.0,0.0,,-0.032642314096245,-0.2493214834885877
802,SGZ,453549.297435873,5679158.38726696,0.0,0.0,0.0,0.0,15.377382278442385,,1.150314211845398,0.0,0.0,,-0.1129390010963515,-0.027688926851626
803,SGZ,453548.933470156,5679158.46280333,0.0,0.0,0.0,0.0,10.149972915649414,,1.181296944618225,0.0,0.0,,-0.4783058339893944,0.1345008686928983
804,SGZ,453548.605243734,5679158.3487805,0.0,0.0,0.0,0.0,10.910231590270996,,1.160563349723816,0.0,0.0,,0.2124466250258453,0.1682958751036724
805,SGZ,453548.294405767,5679158.22154305,0.0,0.0,0.0,0.0,25.461170196533203,,1.1447876691818235,0.0,0.0,,0.385394678519493,0.3124129700490015
806,SGZ,453547.358212372,5679158.46349758,0.0,0.0,0.0,0.0,16.437328338623047,,1.1128257513046265,0.0,0.0,,-0.4278006510687723,-0.3538009121927675
807,SGZ,453546.005161049,5679158.94381182,0.0,0.0,0.0,0.0,3.3448610305786133,,1.0288532972335815,0.0,0.0,,-0.3604637718544706,0.2064689352658529
808,SGZ,453545.034131667,5679159.22218283,0.0,0.0,0.0,0.0,17.106225967407227,,1.1010606288909912,0.0,0.0,,-0.381638728107074,0.4221399838044962
809,SGZ,453544.254185303,5679159.38737523,0.0,0.0,0.0,0.0,5.627609252929688,,1.021752119064331,0.0,0.0,,-0.0654249078281092,-0.746093487707774
810,SGZ,453543.57744341,5679159.66415312,0.0,0.0,0.0,0.0,7.215706825256348,,1.0295029878616333,0.0,0.0,,0.2572836442313111,-0.796847607362778
811,SGZ,453542.943616035,5679160.00222132,0.0,0.0,0.0,0.0,6.423122406005859,,1.0336872339248655,0.0,0.0,,0.093318443564081,-0.5206727085369908
812,SGZ,453542.18049488,5679160.2496355,0.0,0.0,0.0,0.0,6.317652702331543,,1.0302282571792605,0.0,0.0,,-0.4915114142115277,-0.0404305802233347
813,SGZ,453541.426637586,5679160.393896,0.0,0.0,0.0,0.0,4.866189479827881,,1.0346142053604126,0.0,0.0,,-0.0856839330153004,0.3873859635308769
814,SGZ,453540.725056967,5679160.47964729,0.0,0.0,0.0,0.0,2.476228713989258,,1.0239129066467283,0.0,0.0,,0.3176486561164565,0.508814764222329
815,SGZ,453539.972044351,5679160.48075278,0.0,0.0,0.0,0.0,12.82177448272705,,1.041507363319397,0.0,0.0,,0.7214037152700511,0.4424024262783049
816,SGZ,453539.115558798,5679160.4157714,0.0,0.0,0.0,0.0,13.738171577453612,,1.0364640951156616,0.0,0.0,,0.8769127310340936,0.2667065616579553
817,SGZ,453538.223052111,5679160.58806736,0.0,0.0,0.0,0.0,20.199949264526367,,1.1066458225250244,0.0,0.0,,0.0142347956860177,-0.7349184576559346
818,SGZ,453537.26946964,5679160.84323528,0.0,0.0,0.0,0.0,9.447171211242676,,1.0443849563598633,0.0,0.0,,0.2408368360087004,-0.4668115518362607
819,SGZ,453536.508149127,5679160.7854738,0.0,0.0,0.0,0.0,4.852044105529785,,1.0154870748519895,0.0,0.0,,-0.115410998683728,-0.6389090796962157
820,SGZ,453535.859873322,5679160.63848828,0.0,0.0,0.0,0.0,1.3686763048171997,,1.0029844045639038,0.0,0.0,,0.074383346653676,-0.2582221064999834
821,SGZ,453535.29704673,5679160.67844773,0.0,0.0,0.0,0.0,6.152423858642578,,1.0085842609405518,0.0,0.0,,-0.8521324848309418,0.0797221351659857
822,SGZ,453534.682080911,5679160.75361196,0.0,0.0,0.0,0.0,1.5076013803482056,,1.0064764022827148,0.0,0.0,,-0.5691536710653504,0.0843579949943728
823,SGZ,453534.075743829,5679160.83326613,0.0,0.0,0.0,0.0,25.632543563842773,,1.1231523752212524,0.0,0.0,,-0.5670573184260171,0.789779444533501
824,SGZ,453532.3073032,5679159.83624712,0.0,0.0,0.0,0.0,3.0391128063201904,,1.0065762996673584,0.0,0.0,,-0.3523557082210979,0.669434527759548
825,SGZ,453530.125227083,5679158.53160066,0.0,0.0,0.0,0.0,12.39551830291748,,1.0508031845092771,0.0,0.0,,-0.6527458229757118,0.3894019097504575
826,SGZ,453528.9838755,5679158.33842352,0.0,0.0,0.0,0.0,3.167375326156616,,1.0072429180145264,0.0,0.0,,-0.2580757552611384,-0.2640079355531252
827,SGZ,453528.23855517,5679158.50270894,0.0,0.0,0.0,0.0,4.7249016761779785,,1.021166443824768,0.0,0.0,,-0.7961162227496237,-0.065395864854187
828,SGZ,453527.553472232,5679158.72616745,0.0,0.0,0.0,0.0,4.526686668395996,,1.0857168436050415,0.0,0.0,,-0.3991564109971057,0.5518939378132414
829,SGZ,453526.850706015,5679159.01277821,0.0,0.0,0.0,0.0,6.163392543792725,,1.034517765045166,0.0,0.0,,-0.603222760257489,0.0942688097143393
830,SGZ,453526.147736689,5679159.33379046,0.0,0.0,0.0,0.0,0.8239387273788452,,1.0321264266967771,0.0,0.0,,-0.1940330567185438,0.1436480745119704
831,SGZ,453525.453363292,5679159.66484129,0.0,0.0,0.0,0.0,12.041988372802734,,1.1586101055145264,0.0,0.0,,-0.0498209735661293,-0.4158030260398551
832,SGZ,453524.698313547,5679160.01107064,0.0,0.0,0.0,0.0,10.313678741455078,,1.0302966833114624,0.0,0.0,,-0.6010663966317005,0.5150964005258548
833,SGZ,453524.177995225,5679160.18112286,0.0,0.0,0.0,0.0,15.456501007080078,,1.0683046579360962,0.0,0.0,,-0.5767663681960132,0.5802648420376386
834,SGZ,453523.657879948,5679160.3167735,0.0,0.0,0.0,0.0,7.535799980163574,,1.020421862602234,0.0,0.0,,-0.4706334946794713,-0.3500826739380078
835,SGZ,453523.060158412,5679160.40313628,0.0,0.0,0.0,0.0,4.468843936920166,,1.0091208219528198,0.0,0.0,,-0.2991254089130225,0.3659945242806016
836,SGZ,453522.428059472,5679160.44823473,0.0,0.0,0.0,0.0,12.938544273376465,,1.0279405117034912,0.0,0.0,,-0.2984917545632748,0.9080825350204056
837,SGZ,453521.709574885,5679160.46507902,0.0,0.0,0.0,0.0,9.474933624267578,,1.0193294286727903,0.0,0.0,,-0.0231476893155912,0.8798830502553239
838,SGZ,453521.232275688,5679160.67866589,0.0,0.0,0.0,0.0,12.026859283447266,,1.044306397438049,0.0,0.0,,-0.2736378445408991,0.7966146181704242
839,SGZ,453520.780843023,5679160.90905193,0.0,0.0,0.0,0.0,5.103268623352051,,1.011226773262024,0.0,0.0,,-0.0057588840986098,-0.2922583455306671
840,SGZ,453520.86116791,5679160.49780278,0.0,0.0,0.0,0.0,10.34780502319336,,1.0303316116333008,0.0,0.0,,-0.516504051615393,-0.3844785233080109
841,SGZ,453521.002372168,5679160.03697354,0.0,0.0,0.0,0.0,2.3926351070404053,,1.014573574066162,0.0,0.0,,0.0263788761970026,-0.3004782746490598
842,SGZ,453520.396565619,5679160.02673871,0.0,0.0,0.0,0.0,6.859405517578125,,1.015761375427246,0.0,0.0,,0.0957455706317412,-0.8425765895169514
843,SGZ,453519.651657659,5679160.12111048,0.0,0.0,0.0,0.0,1.093683838844299,,1.0541998147964478,0.0,0.0,,-0.2375438967696423,0.0801472760927842
844,SGZ,453519.02757164,5679160.27501306,0.0,0.0,0.0,0.0,8.246777534484863,,1.0301826000213623,0.0,0.0,,-0.4754972890400274,0.5556689286995323
845,SGZ,453518.437954682,5679160.45464371,0.0,0.0,0.0,0.0,3.103595972061157,,1.03287672996521,0.0,0.0,,-0.6824764843058166,0.3878923516418363
846,SGZ,453517.839669652,5679160.63644267,0.0,0.0,0.0,0.0,10.817909240722656,,1.031684160232544,0.0,0.0,,-0.616901195381225,-0.5621791836576905
847,SGZ,453516.912470601,5679160.82073884,0.0,0.0,0.0,0.0,10.287683486938477,,1.02901029586792,0.0,0.0,,-0.1540996483666028,-0.3305180961378967
848,SGZ,453515.968086105,5679160.98384789,0.0,0.0,0.0,0.0,7.949143409729004,,1.0264711380004885,0.0,0.0,,0.2405504555820321,0.3491076550731702
849,SGZ,453515.058727547,5679161.07835809,0.0,0.0,0.0,0.0,6.222353458404541,,1.0125536918640137,0.0,0.0,,0.3747624972284177,-0.9044869972745152
850,SGZ,453514.141035067,5679161.11844044,0.0,0.0,0.0,0.0,5.830196380615234,,1.02476167678833,0.0,0.0,,0.8272426230859625,-0.4506782768280296
851,SGZ,453513.329678552,5679160.73965881,0.0,0.0,0.0,0.0,15.010818481445312,,1.09024178981781,0.0,0.0,,0.2632855145124695,-0.7117623071952718
852,SGZ,453512.648539359,5679160.29505996,0.0,0.0,0.0,0.0,10.943659782409668,,1.0597734451293943,0.0,0.0,,0.2131314564480578,-0.7296554415204485
853,SGZ,453512.01898262,5679159.90958322,0.0,0.0,0.0,0.0,2.6696367263793945,,1.0110881328582764,0.0,0.0,,0.1823766331035484,-0.1426758909715656
854,SGZ,453511.144964654,5679159.88222734,0.0,0.0,0.0,0.0,1.6102356910705566,,1.0089070796966553,0.0,0.0,,-0.0814947229191539,-0.1145115874684245
855,SGZ,453510.244051418,5679160.01229938,0.0,0.0,0.0,0.0,15.758983612060549,,1.0694620609283447,0.0,0.0,,-0.3394551960400818,0.6732522155174588
856,SGZ,453509.403362346,5679160.20376407,0.0,0.0,0.0,0.0,8.240866661071777,,1.0728424787521362,0.0,0.0,,-0.2445107856025578,-0.4687832262917942
857,SGZ,453508.675148151,5679160.40255141,0.0,0.0,0.0,0.0,16.01327133178711,,1.105164647102356,0.0,0.0,,-0.9230031907544118,0.1837346042255134
858,SGZ,453507.790660065,5679160.68253862,0.0,0.0,0.0,0.0,2.877716064453125,,1.0328549146652222,0.0,0.0,,0.0804665999668129,-0.4793042794059212
859,SGZ,453506.854176733,5679160.97331636,0.0,0.0,0.0,0.0,6.785056114196777,,1.040054202079773,0.0,0.0,,0.641434154359427,-0.6677517919149514
860,SGZ,453505.865802996,5679161.25712898,0.0,0.0,0.0,0.0,1.11890709400177,,1.0026382207870483,0.0,0.0,,-0.4101877218490259,-0.6765056102242566
861,SGZ,453504.869088797,5679161.48762343,0.0,0.0,0.0,0.0,5.336299419403076,,1.008582592010498,0.0,0.0,,-0.8139044683732943,0.2781096179666957
862,SGZ,453503.881324381,5679161.66823112,0.0,0.0,0.0,0.0,2.7042765617370605,,1.0098726749420166,0.0,0.0,,-0.12562847891369,-0.066016506304446
863,SGZ,453502.85341123,5679161.31924302,0.0,0.0,0.0,0.0,1.5312849283218384,,1.0014221668243408,0.0,0.0,,0.0103505500399489,0.3917937791224381
864,SGZ,453501.869480671,5679160.85065975,0.0,0.0,0.0,0.0,5.5353593826293945,,1.0063122510910034,0.0,0.0,,-0.1012109579075869,0.8749319739398006
865,SGZ,453500.94378201,5679160.78082641,0.0,0.0,0.0,0.0,2.985643148422241,,1.005558729171753,0.0,0.0,,-0.2101837596714379,-0.5984796818323386
866,SGZ,453499.974271236,5679160.80173504,0.0,0.0,0.0,0.0,5.997574329376221,,1.0083656311035156,0.0,0.0,,-0.0649419108100145,0.5564862242089005
867,SGZ,453499.00477356,5679160.82042411,0.0,0.0,0.0,0.0,16.962682723999023,,1.0619819164276123,0.0,0.0,,-0.2526982168890598,-0.8527359829432797
868,SGZ,453498.078452279,5679160.85601455,0.0,0.0,0.0,0.0,4.337415218353272,,1.010433793067932,0.0,0.0,,-0.4509797844050044,0.5352573551769217
869,SGZ,453497.151967125,5679160.91934809,0.0,0.0,0.0,0.0,3.921496629714966,,1.0125524997711182,0.0,0.0,,-0.0890400348771441,0.3773148110045854
870,SGZ,453496.242201942,5679161.08265924,0.0,0.0,0.0,0.0,16.071868896484375,,1.085067868232727,0.0,0.0,,-0.7414574987306358,0.5509151378559808
871,SGZ,453495.349726939,5679161.24940171,0.0,0.0,0.0,0.0,8.456378936767578,,1.029815912246704,0.0,0.0,,-0.9575771768725412,0.0135492496374359
872,SGZ,453494.379350861,5679161.41679372,0.0,0.0,0.0,0.0,2.484650135040283,,1.056692600250244,0.0,0.0,,-0.5562573611284991,-0.0591215491223948
873,SGZ,453493.461094483,5679161.55231024,0.0,0.0,0.0,0.0,11.44785213470459,,1.0881327390670776,0.0,0.0,,-0.43656116803323,0.4240998258514968
874,SGZ,453492.654664062,5679161.80501266,0.0,0.0,0.0,0.0,9.45067024230957,,1.0153099298477173,0.0,0.0,,0.6456217443418393,-0.4581367431705909
875,SGZ,453491.796317039,5679162.0551888,0.0,0.0,0.0,0.0,1.578144907951355,,1.0068178176879885,0.0,0.0,,0.542950863313668,0.2312230234504246
876,SGZ,453490.929537892,5679162.26758298,0.0,0.0,0.0,0.0,3.9324004650115967,,1.008690357208252,0.0,0.0,,-0.200482582034935,0.0431498759712264
877,SGZ,453490.03841303,5679162.20572094,0.0,0.0,0.0,0.0,1.1460775136947632,,1.0090428590774536,0.0,0.0,,0.0404540257992706,0.3637960516462837
878,SGZ,453489.078586181,5679162.05245212,0.0,0.0,0.0,0.0,2.35784125328064,,1.007030010223389,0.0,0.0,,0.0919453175653296,0.5940171646550924
879,SGZ,453488.360907661,5679161.93279686,0.0,0.0,0.0,0.0,8.52248477935791,,1.025852918624878,0.0,0.0,,-0.4482854842309456,0.7101071339605891
880,SGZ,453487.582670787,5679161.80834473,0.0,0.0,0.0,0.0,1.3732744455337524,,1.002003192901611,0.0,0.0,,-0.6246791069804284,0.6316543335052004
881,SGZ,453486.89958586,5679161.69333277,0.0,0.0,0.0,0.0,2.275761127471924,,1.0043236017227173,0.0,0.0,,-0.591377082513889,0.4387300639034802
882,SGZ,453486.26838472,5679161.58639562,0.0,0.0,0.0,0.0,0.917883038520813,,1.0012263059616089,0.0,0.0,,0.209834201946541,-0.3696726030793402
883,SGZ,453485.421282055,5679161.39827975,0.0,0.0,0.0,0.0,4.374978542327881,,1.0060123205184937,0.0,0.0,,0.5822223562719343,-0.7409961597747269
884,SGZ,453484.600898211,5679161.0826985,0.0,0.0,0.0,0.0,5.724086284637451,,1.0093953609466553,0.0,0.0,,0.7684327011432742,-0.2226006785226409
885,SGZ,453483.850062105,5679160.71536903,0.0,0.0,0.0,0.0,1.465462327003479,,1.0043573379516602,0.0,0.0,,0.3446912391826497,0.2672645753477662
886,SGZ,453483.254897005,5679160.36893498,0.0,0.0,0.0,0.0,2.898040294647217,,1.0075700283050537,0.0,0.0,,-0.0716386941863781,0.4478614193657644
887,SGZ,453482.63416707,5679159.9546541,0.0,0.0,0.0,0.0,5.474015235900879,,1.00879168510437,0.0,0.0,,-0.6142723377979985,0.4948956279257446
888,SGZ,453482.162236521,5679159.25937162,0.0,0.0,0.0,0.0,3.472506284713745,,1.0050508975982666,0.0,0.0,,0.4917753339018617,0.5234279790780045
889,SGZ,453481.741907875,5679158.6198823,0.0,0.0,0.0,0.0,25.082517623901367,,1.2029321193695068,0.0,0.0,,0.1480145418662672,0.9691753902052912
890,SGZ,453481.208455327,5679158.08293288,0.0,0.0,0.0,0.0,5.707747459411621,,1.0129395723342896,0.0,0.0,,-0.2909220672279414,0.7642482446227526
891,SGZ,453480.6751471,5679157.5215694,0.0,0.0,0.0,0.0,2.3631553649902344,,1.004997968673706,0.0,0.0,,-0.821194077155797,0.0109755176638478
892,SGZ,453480.09009291,5679156.9288267,0.0,0.0,0.0,0.0,16.052242279052734,,1.058904051780701,0.0,0.0,,-0.4037416568314811,-0.8871585206530154
893,SGZ,453479.531233112,5679156.29739689,0.0,0.0,0.0,0.0,3.3297982215881348,,1.0124081373214722,0.0,0.0,,-0.3403347703888508,-0.2782645954000182
894,SGZ,453479.015595625,5679155.67510055,0.0,0.0,0.0,0.0,5.285910606384277,,1.0072311162948608,0.0,0.0,,-0.6985533952672854,0.2633482697924869
895,SGZ,453478.542655889,5679155.15071591,0.0,0.0,0.0,0.0,26.10569953918457,,1.213763952255249,0.0,0.0,,-0.3047337017664616,0.9379137286060908
896,SGZ,453478.113364643,5679154.56333246,0.0,0.0,0.0,0.0,8.100275993347168,,1.0570688247680664,0.0,0.0,,0.3776734089299895,0.0296536085220567
897,SGZ,453477.806147421,5679153.82352251,0.0,0.0,0.0,0.0,11.060025215148926,,1.0320427417755127,0.0,0.0,,-0.2279031927876207,-0.8119673795306527
898,SGZ,453477.533786046,5679153.04396691,0.0,0.0,0.0,0.0,7.083429336547852,,1.0242058038711548,0.0,0.0,,-0.6561500197436638,0.3050922891628254
899,SGZ,453477.130735189,5679152.41012825,0.0,0.0,0.0,0.0,11.58811855316162,,1.0373966693878174,0.0,0.0,,-0.9552588727501764,0.2344624454276542
900,SGZ,453476.75366887,5679151.77311381,0.0,0.0,0.0,0.0,24.034156799316406,,1.1135932207107544,0.0,0.0,,-0.8209441987887942,-0.0191326942774875
901,SGZ,453476.419942841,5679151.12525778,0.0,0.0,0.0,0.0,7.967550754547119,,1.0286802053451538,0.0,0.0,,-0.1770096927569041,-0.2821898775860549
902,SGZ,453476.216309678,5679150.43267002,0.0,0.0,0.0,0.0,7.893805027008057,,1.053527593612671,0.0,0.0,,0.4497945244090436,0.1387730930444735
903,NVB,453475.99541259,5679149.73221188,0.0,0.0,0.0,0.0,34.366180419921875,,1.261399507522583,0.0,0.0,,0.9473042594303072,-0.0744522244033347
904,NVB,453475.765736027,5679149.05278741,0.0,0.0,0.0,0.0,4.832913398742676,,1.007878661155701,0.0,0.0,,0.411525197857421,-0.6326659376699574
905,NVB,453475.553152966,5679148.41008623,0.0,0.0,0.0,0.0,21.39857292175293,,1.0926486253738403,0.0,0.0,,-0.79061670999744,-0.4911031017758003
906,SGZ,453475.332046165,5679147.74513935,0.0,0.0,0.0,0.0,7.490135192871094,,1.0164014101028442,0.0,0.0,,-0.5378690007402528,0.561037343625425
907,SGZ,453475.093616429,5679147.08230964,0.0,0.0,0.0,0.0,2.665231227874756,,1.004643440246582,0.0,0.0,,-0.3611505901691768,0.6768981296714394
908,SGZ,453474.855186737,5679146.41947991,0.0,0.0,0.0,0.0,2.5277292728424072,,1.004142165184021,0.0,0.0,,0.0243806726515978,0.8721437705901091
909,SGZ,453474.625857924,5679145.68123983,0.0,0.0,0.0,0.0,2.469719886779785,,1.003618240356445,0.0,0.0,,-0.5375003134895144,0.7764811309011419
910,SGZ,453474.370531591,5679144.94839496,0.0,0.0,0.0,0.0,9.007049560546875,,1.0150848627090454,0.0,0.0,,-0.6228310601240931,0.7008597249560921
911,SGZ,453474.063531511,5679144.17196383,0.0,0.0,0.0,0.0,3.9226155281066895,,1.0241423845291138,0.0,0.0,,-0.761506177190376,0.5080736099900599
912,SGZ,453473.773428207,5679143.46554782,0.0,0.0,0.0,0.0,3.518305540084839,,1.0070534944534302,0.0,0.0,,-0.6065253924628126,0.6705279484828967
913,SGZ,453473.448344595,5679142.81996225,0.0,0.0,0.0,0.0,8.051153182983398,,1.010655641555786,0.0,0.0,,-0.6495136839348867,0.7210722831033175
914,SGZ,453473.106043001,5679142.15873819,0.0,0.0,0.0,0.0,4.423868179321289,,1.004849553108215,0.0,0.0,,-0.1432220201445654,0.9654644088687302
915,SGZ,453472.746870998,5679141.42306006,0.0,0.0,0.0,0.0,4.881118297576904,,1.0067150592803955,0.0,0.0,,0.6102811717304052,0.7159845525600894
916,SGZ,453472.387548233,5679140.71290566,0.0,0.0,0.0,0.0,0.7434396743774414,,1.0013035535812378,0.0,0.0,,0.4385530659301788,0.4875557491528004
917,SGZ,453472.054288657,5679139.98625875,0.0,0.0,0.0,0.0,0.8714638948440552,,1.001875400543213,0.0,0.0,,0.0617184151570246,-0.8129061831204726
918,SGZ,453471.603952458,5679138.56642567,0.0,0.0,0.0,0.0,3.668247699737549,,1.0058671236038208,0.0,0.0,,-0.4832128415651999,0.6713144994941231
919,SGZ,453471.12133629,5679138.21510694,0.0,0.0,0.0,0.0,4.6841020584106445,,1.0089682340621948,0.0,0.0,,-0.8195209696029835,-0.1110824663266817
920,SGZ,453470.639172674,5679137.78721697,0.0,0.0,0.0,0.0,1.6738710403442385,,1.0009971857070925,0.0,0.0,,-0.7420758730770748,-0.2021184179011292
921,SGZ,453470.392416644,5679137.06884956,0.0,0.0,0.0,0.0,0.5154746770858765,,1.0007107257843018,0.0,0.0,,-0.6429375653762496,0.0680228321095934
922,SGZ,453470.14615252,5679136.26725255,0.0,0.0,0.0,0.0,1.988651156425476,,1.0040652751922607,0.0,0.0,,-0.868126882496531,0.2490267178857876
923,SGZ,453469.9340228,5679135.54797999,0.0,0.0,0.0,0.0,2.9069395065307617,,1.0021387338638306,0.0,0.0,,-0.710680202278836,0.6782192733775191
924,SGZ,453469.73915704,5679134.83657781,0.0,0.0,0.0,0.0,5.478830814361572,,1.011616587638855,0.0,0.0,,-0.8915461478321761,0.3954459851691589
925,SGZ,453469.656719924,5679134.14026702,0.0,0.0,0.0,0.0,4.78706169128418,,1.0206801891326904,0.0,0.0,,-0.9396233103095474,0.3198255404864874
926,SGZ,453469.859285011,5679133.54884881,0.0,0.0,0.0,0.0,5.94356632232666,,1.0068769454956057,0.0,0.0,,-0.8691679708099493,0.4860454839363919
927,SGZ,453470.036016494,5679132.9350826,0.0,0.0,0.0,0.0,4.235036849975586,,1.0052651166915894,0.0,0.0,,-0.8471282596148759,0.5211292164528142
928,SGZ,453470.161395606,5679132.22335345,0.0,0.0,0.0,0.0,5.727127552032471,,1.0218489170074463,0.0,0.0,,-0.4620783379779751,0.848674551077694
929,SGZ,453470.243677218,5679131.48140591,0.0,0.0,0.0,0.0,4.365420818328857,,1.0038423538208008,0.0,0.0,,-0.8044562795320416,0.5818740441443316
930,SGZ,453470.326319516,5679130.67842334,0.0,0.0,0.0,0.0,5.451963424682617,,1.006293773651123,0.0,0.0,,-0.9368214868568144,0.2714149385354333
931,SGZ,453470.33147423,5679129.80617732,0.0,0.0,0.0,0.0,2.0435352325439453,,1.002241134643555,0.0,0.0,,-0.3945145368625438,0.291104281293466
932,SGZ,453469.98856357,5679129.24815778,0.0,0.0,0.0,0.0,1.8592928647994995,,1.0029135942459106,0.0,0.0,,0.1599469751345368,-0.4014255200671592
933,SGZ,453469.236058822,5679129.16380744,0.0,0.0,0.0,0.0,1.432162880897522,,1.0042630434036257,0.0,0.0,,-0.3401951790689756,0.5701485636075331
934,SGZ,453468.519019754,5679128.93650675,0.0,0.0,0.0,0.0,1.6601680517196655,,1.0027767419815063,0.0,0.0,,-0.3062486520219982,0.9199719788093792
935,SGZ,453468.082623613,5679128.0871758,0.0,0.0,0.0,0.0,1.9490457773208616,,1.0038594007492063,0.0,0.0,,-0.7195188249470662,0.6327639705787634
936,SGZ,453467.663399649,5679127.26125141,0.0,0.0,0.0,0.0,3.218628406524658,,1.0019227266311646,0.0,0.0,,-0.9136007266549117,0.3657033855930141
937,SGZ,453467.217496171,5679126.55613387,0.0,0.0,0.0,0.0,6.874919414520264,,1.0091973543167114,0.0,0.0,,-0.9835504225385066,-0.0760452060092268
938,NVB,453466.798003477,5679125.77570828,0.0,0.0,0.0,0.0,3.4215874671936035,,1.005713939666748,0.0,0.0,,-0.9005630850998925,-0.3708258800256455
939,NVB,453466.421549268,5679125.03548861,0.0,0.0,0.0,0.0,4.682371616363525,,1.0187162160873413,0.0,0.0,,-0.762545510714267,-0.520633141263394
940,NVB,453466.07937368,5679124.35317939,0.0,0.0,0.0,0.0,6.140858173370361,,1.0496879816055298,0.0,0.0,,-0.4117155153899658,-0.4371476487566344
941,NVB,453465.720078558,5679123.63858573,0.0,0.0,0.0,0.0,6.554978370666504,,1.0841182470321655,0.0,0.0,,-0.0687805706055492,0.0103597058112138
942,NVB,453465.222888832,5679122.82440783,0.0,0.0,0.0,0.0,44.46811294555664,,1.887764811515808,0.0,0.0,,-0.0018251915803194,0.7943373905954724
943,NVB,453464.820594839,5679122.0629498,0.0,0.0,0.0,0.0,21.60541343688965,,1.527800440788269,0.0,0.0,,-0.2959374044386023,-0.2494527264379585
944,NVB,453464.504810556,5679121.30866166,0.0,0.0,0.0,0.0,12.239837646484377,,1.1607555150985718,0.0,0.0,,-0.5404730369389021,0.2453111004407514
945,NVB,453464.180771537,5679120.48662895,0.0,0.0,0.0,0.0,21.44256591796875,,1.213519811630249,0.0,0.0,,0.137052469457941,0.7256541576994623
946,NVB,453463.882671046,5679119.6691886,0.0,0.0,0.0,0.0,19.61431121826172,,1.1252351999282837,0.0,0.0,,-0.7679282497401768,0.4788752569102312
947,NVB,453463.618908155,5679118.89967116,0.0,0.0,0.0,0.0,7.237907886505127,,1.018499493598938,0.0,0.0,,-0.4760481972162083,0.6444513673905465
948,NVB,453463.286594872,5679118.01322305,0.0,0.0,0.0,0.0,1.9480561017990112,,1.0091423988342283,0.0,0.0,,-0.6773034300775445,0.5661255867125872
949,NVB,453462.953724132,5679117.22110177,0.0,0.0,0.0,0.0,1.0750781297683716,,1.0080697536468506,0.0,0.0,,-0.5035388404537774,0.5015977794027573
950,NVB,453462.680906412,5679116.51922654,0.0,0.0,0.0,0.0,1.308072209358215,,1.014905333518982,0.0,0.0,,0.1226091179135735,-0.1353541314812183
951,NVB,453462.340122109,5679115.60165484,0.0,0.0,0.0,0.0,7.1548848152160645,,1.0244640111923218,0.0,0.0,,0.4101570156043636,0.1647600421632783
952,NVB,453461.98152959,5679114.76832012,0.0,0.0,0.0,0.0,17.355199813842773,,1.1460516452789309,0.0,0.0,,-0.8520395020874898,0.2907475906860211
953,NVB,453461.579295368,5679113.99687436,0.0,0.0,0.0,0.0,3.838411569595337,,1.0210556983947754,0.0,0.0,,-0.0194421404368724,0.2273158297049064
954,NVB,453461.202730721,5679113.2755198,0.0,0.0,0.0,0.0,2.716635227203369,,1.040428638458252,0.0,0.0,,-0.0877910899668521,0.0246516989131318
955,NVB,453460.8097419,5679112.40424965,0.0,0.0,0.0,0.0,17.505931854248047,,1.1173158884048462,0.0,0.0,,0.4203865014410902,-0.7511804511760066
956,NVB,453460.520408481,5679111.56799494,0.0,0.0,0.0,0.0,5.818929672241211,,1.0138062238693235,0.0,0.0,,-0.8338687023675989,-0.0513526762244919
957,NVB,453460.26501903,5679110.84624683,0.0,0.0,0.0,0.0,1.719939351081848,,1.0065659284591677,0.0,0.0,,-0.8094833655784804,0.1974468945978733
958,NVB,453459.932804877,5679109.94315263,0.0,0.0,0.0,0.0,3.651943206787109,,1.0048041343688965,0.0,0.0,,0.259355689519019,0.5241986224108336
959,NVB,453459.582749692,5679109.12984406,0.0,0.0,0.0,0.0,0.7928066849708557,,1.0038886070251465,0.0,0.0,,-0.4948265369491577,0.1712122405260029
960,NVB,453459.232399393,5679108.36647322,0.0,0.0,0.0,0.0,5.448156833648682,,1.0120905637741089,0.0,0.0,,-0.5738734472503596,0.507340987886907
961,NVB,453458.933840709,5679107.62671361,0.0,0.0,0.0,0.0,9.855527877807615,,1.0203850269317627,0.0,0.0,,-0.5105471142861243,0.7813297537616058
962,NVB,453458.644225598,5679106.83817712,0.0,0.0,0.0,0.0,6.958386421203613,,1.0110784769058228,0.0,0.0,,-0.6102209473235235,0.3025375617926926
963,SGZ,453458.31192653,5679105.94950932,0.0,0.0,0.0,0.0,2.5146446228027344,,1.0085376501083374,0.0,0.0,,-0.4474928702638321,0.0146609698479769
964,SGZ,453458.012980991,5679105.27522361,0.0,0.0,0.0,0.0,3.71802020072937,,1.0068373680114746,0.0,0.0,,-0.0703980862785364,-0.5741765639635653
965,SGZ,453457.59383806,5679104.4359819,0.0,0.0,0.0,0.0,0.890383243560791,,1.005861520767212,0.0,0.0,,-0.0143692725170417,-0.3949871591746765
966,SGZ,453457.226512975,5679103.61591251,0.0,0.0,0.0,0.0,4.749667644500732,,1.0039997100830078,0.0,0.0,,-0.8310337540555605,0.5288814915260033
967,SGZ,453456.885080441,5679102.80820361,0.0,0.0,0.0,0.0,0.5720533132553101,,1.002016544342041,0.0,0.0,,-0.6182236165593116,0.1559661431169395
968,SGZ,453456.560715006,5679102.04165694,0.0,0.0,0.0,0.0,2.390277147293091,,1.003190994262695,0.0,0.0,,-0.6579891665753829,-0.2207605888817295
969,SGZ,453456.245155402,5679101.24963768,0.0,0.0,0.0,0.0,0.807914674282074,,1.0030303001403809,0.0,0.0,,-0.0230121132611563,-0.0365425515905515
970,SGZ,453455.946938412,5679100.4521721,0.0,0.0,0.0,0.0,1.9907314777374268,,1.0015910863876345,0.0,0.0,,-0.4288971671263198,0.0814462637400145
971,SGZ,453455.622645336,5679099.67341838,0.0,0.0,0.0,0.0,9.958484649658203,,1.029861330986023,0.0,0.0,,-0.2941827413449157,0.2692390750731286
972,SGZ,453455.298326086,5679098.89910356,0.0,0.0,0.0,0.0,0.654116690158844,,1.0016732215881348,0.0,0.0,,-0.3234591043905439,0.1645181291925987
973,SGZ,453454.896493542,5679098.05996402,0.0,0.0,0.0,0.0,1.8692278861999512,,1.0083248615264893,0.0,0.0,,0.004929896834762,-0.097330893230866
974,SGZ,453454.442790893,5679097.21052992,0.0,0.0,0.0,0.0,1.5756943225860596,,1.0008851289749146,0.0,0.0,,-0.4745484334413212,-0.3871469576945412
975,SGZ,453454.188091343,5679096.37226016,0.0,0.0,0.0,0.0,1.2700287103652954,,1.0015212297439575,0.0,0.0,,-0.5659834874785312,-0.1750764456440879
976,SGZ,453454.071233408,5679095.64245265,0.0,0.0,0.0,0.0,1.467660903930664,,1.0044846534729004,0.0,0.0,,-0.6423217735452301,-0.1949013722283296
977,SGZ,453453.954382055,5679094.91153541,0.0,0.0,0.0,0.0,5.637351036071777,,1.0055246353149414,0.0,0.0,,-0.6009039162794552,0.7734455698195797
978,SGZ,453453.742432138,5679094.16229969,0.0,0.0,0.0,0.0,6.396366119384766,,1.0101041793823242,0.0,0.0,,-0.5488313175393266,0.7688193859186119
979,SGZ,453453.461262997,5679093.40932545,0.0,0.0,0.0,0.0,6.610179901123047,,1.0118813514709473,0.0,0.0,,-0.0237930530054886,0.9273566203967104
980,NVB,453453.084824762,5679092.66688563,0.0,0.0,0.0,0.0,1.1900962591171265,,1.0178272724151611,0.0,0.0,,-0.2420878041637855,-0.0126130469025776
981,NVB,453452.656168729,5679091.97296681,0.0,0.0,0.0,0.0,7.987001419067383,,1.0152959823608398,0.0,0.0,,-0.7221733951275194,-0.1227250394247841
982,NVB,453452.279382922,5679091.28934253,0.0,0.0,0.0,0.0,3.3395931720733643,,1.0044091939926147,0.0,0.0,,-0.7055948163932936,0.4378600535289489
983,NVB,453451.911357017,5679090.58801375,0.0,0.0,0.0,0.0,3.947504758834839,,1.0124765634536743,0.0,0.0,,-0.7259376767796167,0.3648670064760212
984,NVB,453451.509184107,5679089.80657987,0.0,0.0,0.0,0.0,22.079288482666016,,1.1399201154708862,0.0,0.0,,-0.4165266441080134,0.8268271621285391
985,NVB,453451.158513996,5679089.0975853,0.0,0.0,0.0,0.0,9.662693977355955,,1.0565959215164185,0.0,0.0,,-0.8781329729496195,0.3372146493209015
986,NVB,453450.816505374,5679088.38753215,0.0,0.0,0.0,0.0,7.6457319259643555,,1.0126136541366575,0.0,0.0,,0.4184683513207428,0.7490022004902136
987,NVB,453450.509339338,5679087.63995292,0.0,0.0,0.0,0.0,18.84199523925781,,1.094127178192139,0.0,0.0,,0.5412883808956622,0.4441419541746943
988,NVB,453450.236714075,5679086.90589509,0.0,0.0,0.0,0.0,21.968042373657227,,1.2261571884155271,0.0,0.0,,-0.7965128237261027,0.0590246788073305
989,NVB,453449.972546885,5679086.20518025,0.0,0.0,0.0,0.0,2.7062087059021,,1.0033936500549316,0.0,0.0,,-0.3297954015326703,0.2821908861654317
990,NVB,453449.717087097,5679085.49563876,0.0,0.0,0.0,0.0,0.6702315807342529,,1.001115798950195,0.0,0.0,,-0.2512227373696233,-0.0487544557745798
991,NVB,453449.409435754,5679084.83017934,0.0,0.0,0.0,0.0,2.4781622886657715,,1.0018783807754517,0.0,0.0,,-0.4930866494821726,0.5086223227288628
992,NVB,453449.075885501,5679084.15346912,0.0,0.0,0.0,0.0,3.3600547313690186,,1.0029598474502563,0.0,0.0,,-0.0840553198283233,0.8649018166217676
993,NVB,453448.742473095,5679083.45345459,0.0,0.0,0.0,0.0,2.1135566234588623,,1.0017098188400269,0.0,0.0,,-0.6401004580577944,0.6235270593727353
994,NVB,453448.469841585,5679082.72050642,0.0,0.0,0.0,0.0,2.733110189437866,,1.00158429145813,0.0,0.0,,-0.2416942255137862,0.9043951563865056
995,NVB,453448.205864985,5679081.98760941,0.0,0.0,0.0,0.0,2.1527116298675537,,1.0032081604003906,0.0,0.0,,-0.589471799138182,0.6249475057975759
996,NVB,453447.89926374,5679081.14459347,0.0,0.0,0.0,0.0,2.906677007675171,,1.002861261367798,0.0,0.0,,-0.0512804898578015,0.5669689376078857
997,NVB,453447.626855485,5679080.37391452,0.0,0.0,0.0,0.0,1.9742258787155151,,1.0033020973205566,0.0,0.0,,-0.6511323120856867,0.7281067059647038
998,NVB,453447.371284557,5679079.68323831,0.0,0.0,0.0,0.0,2.6669576168060303,,1.004193663597107,0.0,0.0,,-0.560971604604054,0.6371139819715183
999,NVB,453447.10707195,5679078.99029147,0.0,0.0,0.0,0.0,1.689763069152832,,1.0014756917953491,0.0,0.0,,-0.4422720829019602,0.8263580678164953
1000,NVB,453446.85162579,5679078.27853041,0.0,0.0,0.0,0.0,3.213083505630493,,1.0026222467422483,0.0,0.0,,-0.4750215373449608,0.4174118283951318
1001,NVB,453446.60484765,5679077.56460106,0.0,0.0,0.0,0.0,4.751969337463379,,1.0044509172439575,0.0,0.0,,0.0825898409879099,0.2220142567466662
1002,NVB,453446.357984253,5679076.86509817,0.0,0.0,0.0,0.0,1.9282159805297847,,1.0016400814056396,0.0,0.0,,-0.5877256938926744,-0.1679712022841016
1003,NVB,453446.03311571,5679076.18400007,0.0,0.0,0.0,0.0,2.418546199798584,,1.010767102241516,0.0,0.0,,0.6838352527616318,0.077335692046105
1004,ALG,453445.682315486,5679075.49719978,0.0,0.0,0.0,0.0,25.01398086547852,,1.2635473012924194,0.0,0.0,,0.2510978469898313,-0.3841051112224942
1005,ALG,453445.384094029,5679074.70084348,0.0,0.0,0.0,0.0,25.58556365966797,,1.233967900276184,0.0,0.0,,-0.0715160617298483,-0.923421892007255
1006,ALG,453445.137539244,5679073.94918333,0.0,0.0,0.0,0.0,12.016590118408203,,1.064687728881836,0.0,0.0,,-0.1564345757235488,-0.916500218762772
1007,ALG,453444.907874236,5679073.26864811,0.0,0.0,0.0,0.0,0.7142807245254517,,1.00149667263031,0.0,0.0,,-0.3220267223402929,-0.3159045214637963
1008,ALG,453444.600381285,5679072.57655501,0.0,0.0,0.0,0.0,3.829576969146729,,1.0086532831192017,0.0,0.0,,-0.1410605242231223,-0.4303469098182342
1009,ALG,453444.258144328,5679071.90534202,0.0,0.0,0.0,0.0,1.623744249343872,,1.0035642385482788,0.0,0.0,,0.0742134035135083,0.3093320513092971
1010,ALG,453443.846845856,5679071.20375695,0.0,0.0,0.0,0.0,3.576391696929932,,1.0084960460662842,0.0,0.0,,0.3555636321527049,0.1723267968222032
1011,ALG,453443.392778522,5679070.41646691,0.0,0.0,0.0,0.0,3.639989137649536,,1.0054991245269775,0.0,0.0,,0.0449429173324366,0.4333767232101915
1012,ALG,453443.059314728,5679069.72532994,0.0,0.0,0.0,0.0,6.380690574645996,,1.0100809335708618,0.0,0.0,,0.3960169128091051,-0.7950924772167602
1013,ALG,453442.70872505,5679069.00301822,0.0,0.0,0.0,0.0,3.728005409240722,,1.0044071674346924,0.0,0.0,,-0.5853242750208134,-0.2988325855374057
1014,ALG,453442.323443894,5679068.29270877,0.0,0.0,0.0,0.0,1.9177322387695312,,1.0078094005584717,0.0,0.0,,-0.1387643813379373,0.7176796646029898
1015,ALG,453441.972552484,5679067.6214445,0.0,-1.0,0.0,1362.0,67.67057800292969,,3.025533437728882,1362.0,0.0,,0.7529994743939429,0.6362881884500614
1016,ALG,453441.656378931,5679066.933739,2.0,0.0,562.0,0.0,55.5401496887207,,1.8575409650802608,562.0,0.0,,0.7794349831631742,0.6107227664292146
1017,ALG,453441.470343,5679066.19353427,2.0,0.0,562.0,0.0,16.457563400268555,,1.053197145462036,562.0,0.0,,0.5999533790071975,0.5241515973562353
1018,ALG,453441.310324121,5679065.44460524,2.0,0.0,562.0,0.0,9.51337432861328,,1.0258105993270874,562.0,0.0,,-0.3962279736886389,0.0492457381628415
1019,ALG,453441.064091587,5679064.63856829,2.0,0.0,562.0,0.0,27.619503021240234,,1.1390429735183716,562.0,0.0,,-0.8877319438353437,-0.3060050088255833
1020,ALG,453440.817485047,5679063.89578581,2.0,1.0,562.0,1363.0,25.42815971374512,,1.1804426908493042,1474.3178083439134,766006.0,,-0.8101908339805822,-0.3370924755057243
1021,ALG,453440.536206713,5679063.16167642,1.0,0.0,562.0,0.0,56.920631408691406,,2.1234097480773926,562.0,0.0,,-0.8934661777661392,-0.1167230447068421
1022,ALG,453440.263327328,5679062.47089759,0.0,0.0,0.0,0.0,3.5415074825286865,,1.0597364902496338,0.0,0.0,,-0.0259660986747962,-0.0761056320418927
1023,NVB,453439.97309895,5679061.78667476,1.0,0.0,562.0,0.0,27.003538131713867,,1.1599537134170532,562.0,0.0,,0.8414572224899448,0.1642393903671069
1024,NVB,453439.691676396,5679061.07697935,1.0,0.0,562.0,0.0,3.0507614612579346,,1.0331579446792605,562.0,0.0,,-0.3011564261580402,0.0187211346949041
1025,NVB,453439.418836539,5679060.37954212,0.0,0.0,0.0,0.0,55.62400436401367,,2.1069915294647217,0.0,0.0,,-0.7942342205108673,-0.4376420113583698
1026,NVB,453439.137473152,5679059.65985914,0.0,0.0,0.0,0.0,2.6981406211853027,,1.0094356536865234,0.0,0.0,,-0.8372858933309898,0.0506803817162113
1027,NVB,453438.830381586,5679058.90007239,0.0,0.0,0.0,0.0,0.8806067109107971,,1.0085439682006836,0.0,0.0,,-0.4833845360984534,-0.1215091594889356
1028,NVB,453438.480094687,5679058.12671297,0.0,0.0,0.0,0.0,4.6663818359375,,1.0177336931228638,0.0,0.0,,-0.067920084952059,0.1878377675266906
1029,NVB,453438.138154231,5679057.40556194,0.0,0.0,0.0,0.0,1.5888031721115112,,1.0161315202713013,0.0,0.0,,-0.0731675806855773,0.3935563963985094
1030,ALG,453437.779022317,5679056.66433342,0.0,0.0,0.0,0.0,1.8968303203582764,,1.0118612051010132,0.0,0.0,,-0.2661495735235917,0.6318259522029782
1031,ALG,453437.471025317,5679056.05768906,0.0,0.0,0.0,0.0,4.779430866241455,,1.0103422403335571,0.0,0.0,,-0.6078682543053128,0.4087692353785996
1032,ALG,453437.180213322,5679055.47223189,0.0,0.0,0.0,0.0,3.873962163925171,,1.0304230451583862,0.0,0.0,,-0.2441609501372839,0.3878472509475716
1033,ALG,453436.89747865,5679054.98448196,0.0,0.0,0.0,0.0,3.4666907787323,,1.0113385915756226,0.0,0.0,,-0.4379074238087728,0.4821953681869959
1034,ALG,453436.649192677,5679054.52578968,0.0,0.0,0.0,0.0,2.7840490341186523,,1.0181944370269775,0.0,0.0,,-0.1371019868900389,0.0741314404489413
1035,ALG,453436.497698076,5679053.79910628,0.0,0.0,0.0,0.0,1.154038667678833,,1.0042917728424072,0.0,0.0,,-0.4962372914037061,0.558930155240032
1036,ALG,453436.337679942,5679053.05017713,0.0,0.0,0.0,0.0,2.536727905273437,,1.0023586750030518,0.0,0.0,,-0.2158085809139895,0.7439440048922267
1037,ALG,453436.01379776,5679052.20261939,0.0,0.0,0.0,0.0,2.655236959457397,,1.0179991722106934,0.0,0.0,,-0.3410612861647442,0.3926728902741945
1038,ALG,453435.664095573,5679051.33049405,0.0,0.0,0.0,0.0,2.1165778636932373,,1.0131065845489502,0.0,0.0,,-0.0548507948316171,0.7338937204182123
1039,ALG,453435.297037879,5679050.46603442,0.0,0.0,0.0,0.0,2.404857397079468,,1.0127705335617063,0.0,0.0,,-0.0475363020453784,0.973920903278906
1040,ALG,453434.894625895,5679049.72565954,0.0,0.0,0.0,0.0,4.492325782775879,,1.0060924291610718,0.0,0.0,,-0.6513446480600181,0.6125529068377098
1041,ALG,453434.500586581,5679049.03305413,0.0,0.0,0.0,0.0,1.6546508073806765,,1.003895282745361,0.0,0.0,,-0.5799253047764584,0.6107982092982674
1042,ALG,453434.184493218,5679048.33203158,0.0,0.0,0.0,0.0,2.5551083087921143,,1.0050917863845823,0.0,0.0,,-0.6857123051200205,0.2050681825139461
1043,ALG,453433.84299335,5679047.53652857,0.0,0.0,0.0,0.0,4.83988618850708,,1.055281639099121,0.0,0.0,,-0.2516741464414636,0.2858312467684682
1044,ALG,453433.691210363,5679046.85867313,0.0,0.0,0.0,0.0,1.5592528581619265,,1.002877712249756,0.0,0.0,,-0.0400554216041306,0.8301718153838271
1045,ALG,453433.652176304,5679046.14153295,0.0,0.0,0.0,0.0,0.4574618935585022,,1.002832293510437,0.0,0.0,,-0.2710324222455089,0.5536152054860481
1046,ALG,453433.786133549,5679045.44317219,0.0,0.0,0.0,0.0,3.2020528316497803,,1.0078045129776,0.0,0.0,,-0.4883633846645162,0.3392792122720489
1047,ALG,453433.997308069,5679044.8595741,0.0,0.0,0.0,0.0,0.945283591747284,,1.0032345056533811,0.0,0.0,,-0.4406310399543474,0.7218214224698123
1048,ALG,453434.329735285,5679044.26226619,0.0,0.0,0.0,0.0,2.553360939025879,,1.0103929042816162,0.0,0.0,,-0.3516449848447343,0.5691024731064926
1049,ALG,453434.687628076,5679043.74945114,0.0,0.0,0.0,0.0,3.1922872066497803,,1.0038065910339355,0.0,0.0,,-0.4590436814256324,0.7171933896231105
1050,ALG,453435.105559759,5679043.32910182,0.0,0.0,0.0,0.0,3.3236515522003174,,1.003431797027588,0.0,0.0,,-0.0767438439757365,0.9544856982502928
1051,NVB,453435.583812559,5679042.95349989,0.0,0.0,0.0,0.0,1.022361159324646,,1.0100719928741455,0.0,0.0,,-0.2671328251681168,0.6174036840682485
1052,NVB,453436.061559947,5679042.66334699,0.0,0.0,0.0,0.0,1.151810884475708,,1.0063886642456057,0.0,0.0,,-0.3647795943257322,0.6222405809009613
1053,NVB,453436.556006556,5679042.47650113,0.0,0.0,0.0,0.0,5.025881290435791,,1.0056205987930298,0.0,0.0,,-0.5356998935846994,0.7015802189081134
1054,NVB,453437.162821313,5679042.31473466,0.0,0.0,0.0,0.0,5.847606658935547,,1.018823504447937,0.0,0.0,,-0.57965222675674,0.3849181820238866
1055,NVB,453437.725902578,5679042.23039317,0.0,0.0,0.0,0.0,1.4223405122756958,,1.0072579383850098,0.0,0.0,,-0.2624218387564008,-0.1654123859177563
1056,NVB,453438.497053713,5679042.08735475,0.0,0.0,0.0,0.0,6.723606586456299,,1.0290549993515017,0.0,0.0,,-0.1601100437913888,0.6101463010609132
1057,NVB,453439.259379375,5679041.973118,0.0,0.0,0.0,0.0,0.8195196390151978,,1.00854754447937,0.0,0.0,,-0.3225953493771716,0.1015890014775608
1058,NVB,453440.082104942,5679041.89031183,0.0,0.0,0.0,0.0,7.09711503982544,,1.013517141342163,0.0,0.0,,-0.7222085866505276,0.432456142746406
1059,NVB,453440.861530184,5679041.81168859,0.0,0.0,0.0,0.0,3.041067361831665,,1.0026493072509766,0.0,0.0,,-0.3813549593437504,0.2012005564680755
1060,NVB,453441.640935722,5679041.73639445,0.0,0.0,0.0,0.0,8.171070098876953,,1.0173861980438232,0.0,0.0,,-0.1770242146475832,0.4742735290865769
1061,NVB,453442.58484172,5679041.65208508,0.0,0.0,0.0,0.0,2.122467517852783,,1.014182209968567,0.0,0.0,,-0.1691607384406072,0.2343339178514975
1062,NVB,453443.381510911,5679041.58466123,0.0,0.0,0.0,0.0,6.888357162475586,,1.0171998739242554,0.0,0.0,,-0.4076374758655392,0.6801563630465077
1063,NVB,453444.178271955,5679041.5017011,0.0,0.0,0.0,0.0,8.005295753479004,,1.0280572175979614,0.0,0.0,,0.1257023897006242,0.1386351668863502
1064,NVB,453444.96641754,5679041.41203134,0.0,0.0,0.0,0.0,3.3324036598205566,,1.0110969543457031,0.0,0.0,,-0.0001081452568164,0.6537144710025733
1065,NVB,453445.935815442,5679041.40777552,0.0,0.0,0.0,0.0,3.852389335632324,,1.0084062814712524,0.0,0.0,,-0.3299656770377162,0.8172078690931368
1066,NVB,453446.844701842,5679041.39095435,0.0,0.0,0.0,0.0,2.347176074981689,,1.0042898654937744,0.0,0.0,,-0.6094753924525473,0.7609460987727495
1067,NVB,453447.633057353,5679041.26577304,0.0,0.0,0.0,0.0,1.4818193912506104,,1.003004550933838,0.0,0.0,,-0.5306800681497238,0.6513392158035262
1068,NVB,453448.577429081,5679041.10267228,0.0,0.0,0.0,0.0,1.0223811864852903,,1.000730037689209,0.0,0.0,,-0.6226123451200416,0.6830626766202421
1069,NVB,453449.443789371,5679040.95908596,0.0,0.0,0.0,0.0,3.0114588737487797,,1.0033475160598757,0.0,0.0,,-0.5596952551552455,0.3369431501598443
1070,NVB,453450.292787516,5679040.82427503,0.0,0.0,0.0,0.0,5.012660026550293,,1.004670023918152,0.0,0.0,,-0.6145478864481254,0.4057459008453852
1071,NVB,453451.13311114,5679040.69274202,0.0,0.0,0.0,0.0,2.0018270015716557,,1.0042189359664917,0.0,0.0,,-0.2803524246890454,-0.051920243002348
1072,NVB,453451.982017369,5679040.5734671,0.0,0.0,0.0,0.0,2.376042604446411,,1.0028605461120603,0.0,0.0,,-0.1756784154052636,0.6364642632724617
1073,NVB,453452.787649527,5679040.45393625,0.0,0.0,0.0,0.0,1.623403787612915,,1.0011790990829468,0.0,0.0,,-0.351575415932039,-0.1986850300876693
1074,NVB,453453.523925082,5679040.35397108,0.0,0.0,0.0,0.0,1.5371131896972656,,1.001926064491272,0.0,0.0,,-0.2293768239076758,0.5687955661934025
1075,NVB,453454.415960954,5679040.25936574,0.0,0.0,0.0,0.0,0.6638325452804565,,1.003050446510315,0.0,0.0,,-0.4069610141346508,0.1756260447665508
1076,NVB,453455.247242564,5679040.19325508,0.0,0.0,0.0,0.0,2.791299343109131,,1.0152539014816284,0.0,0.0,,-0.2179186340545195,0.1944878206549884
1077,NVB,453456.078517597,5679040.12825406,0.0,0.0,0.0,0.0,3.1331326961517334,,1.002305030822754,0.0,0.0,,-0.3062946924502724,0.6608854077309253
1078,NVB,453456.901131245,5679040.06431151,0.0,0.0,0.0,0.0,3.50746488571167,,1.006497144699097,0.0,0.0,,-0.3719120059122816,0.602124080544749
1079,NVB,453457.689053478,5679040.01237123,0.0,0.0,0.0,0.0,2.561054944992065,,1.0059258937835691,0.0,0.0,,-0.7085492817779503,0.2401978451654267
1080,NVB,453458.528911116,5679039.95962812,0.0,0.0,0.0,0.0,4.074930191040039,,1.0101498365402222,0.0,0.0,,-0.1265700093509686,0.2501667696159448
1081,NVB,453459.455474273,5679039.88076306,0.0,0.0,0.0,0.0,3.040494203567505,,1.0126605033874512,0.0,0.0,,-0.5816108742019589,0.127951107985209
1082,NVB,453460.286932905,5679039.78468921,0.0,0.0,0.0,0.0,3.489439010620117,,1.030107021331787,0.0,0.0,,-0.378788773955617,-0.094046896892908
1083,NVB,453461.040471997,5679039.69259375,0.0,0.0,0.0,0.0,2.39576268196106,,1.0122449398040771,0.0,0.0,,-0.2788351263638701,0.0928201483519854
1084,NVB,453461.811314125,5679039.60171027,0.0,0.0,0.0,0.0,6.57274055480957,,1.0273833274841309,0.0,0.0,,-0.5087627950472984,0.4155063271991746
1085,NVB,453462.59952489,5679039.50094147,0.0,0.0,0.0,0.0,1.466310977935791,,1.0080889463424685,0.0,0.0,,-0.388645817225016,0.2906614936416012
1086,NVB,453463.439762874,5679039.38383362,0.0,0.0,0.0,0.0,2.5297868251800537,,1.0079429149627686,0.0,0.0,,-0.0136901168583234,0.0240334658606335
1087,NVB,453464.236713671,5679039.26868935,0.0,0.0,0.0,0.0,2.104548692703247,,1.0119380950927734,0.0,0.0,,-0.1565413645841846,0.6213199196177784
1088,NVB,453464.99048879,5679039.13664331,0.0,0.0,0.0,0.0,0.9449135661125184,,1.002119064331055,0.0,0.0,,0.0697563081393549,0.3314877403861533
1089,NVB,453465.787564156,5679039.00041406,0.0,0.0,0.0,0.0,5.1595635414123535,,1.005488038063049,0.0,0.0,,-0.1996053209572407,0.6178848015232212
1090,NVB,453466.714487852,5679038.8605131,0.0,0.0,0.0,0.0,2.150832414627075,,1.0030688047409058,0.0,0.0,,0.0925661371762662,0.4856527929523208
1091,NVB,453467.44203611,5679038.77270249,0.0,0.0,0.0,0.0,3.2361278533935547,,1.0020626783370972,0.0,0.0,,0.019389613312171,0.3549503421674063
1092,NVB,453468.342739538,5679038.67592728,0.0,0.0,0.0,0.0,2.21964168548584,,1.0048975944519043,0.0,0.0,,0.0211690286154092,0.2038575324429291
1093,NVB,453469.200122992,5679038.58666431,0.0,0.0,0.0,0.0,2.1023366451263428,,1.006480097770691,0.0,0.0,,-0.461714767328584,0.0049218112729838
1094,NVB,453470.014147129,5679038.51157197,0.0,0.0,0.0,0.0,2.560025691986084,,1.0030803680419922,0.0,0.0,,-0.2638150462035809,0.6240001615225265
1095,NVB,453470.802082219,5679038.45741092,0.0,0.0,0.0,0.0,4.822284698486328,,1.0068949460983276,0.0,0.0,,-0.5684451939745054,0.5017285716226505
1096,NVB,453471.6073597,5679038.39780346,0.0,0.0,0.0,0.0,3.052455186843872,,1.0055675506591797,0.0,0.0,,-0.3462643446002267,0.2336631132368677
1097,NVB,453472.51666537,5679038.30995674,0.0,0.0,0.0,0.0,4.374502658843994,,1.0086389780044556,0.0,0.0,,-0.194438611046035,0.6522854984785335
1098,NVB,453473.218203178,5679038.22976025,0.0,0.0,0.0,0.0,1.780397653579712,,1.0045839548110962,0.0,0.0,,-0.4938432796510905,-0.2144592236658157
1099,NVB,453474.075711121,5679038.11941192,0.0,0.0,0.0,0.0,0.95982426404953,,1.009152054786682,0.0,0.0,,-0.1645869571577539,0.094188346467914
1100,NVB,453474.872556696,5679038.02202223,0.0,0.0,0.0,0.0,3.306706190109253,,1.015133023262024,0.0,0.0,,-0.4263398825019739,0.1574094400809979
1101,NVB,453475.643424714,5679037.92669848,0.0,0.0,0.0,0.0,3.985026597976685,,1.0274207592010498,0.0,0.0,,0.0634094014495358,0.3509978240726146
1102,NVB,453476.371064577,5679037.82335085,0.0,0.0,0.0,0.0,4.494503498077393,,1.0275706052780151,0.0,0.0,,0.2915875443835918,0.7801259995819478
1103,NVB,453477.116033708,5679037.71677625,0.0,0.0,0.0,0.0,5.523584842681885,,1.0708378553390503,0.0,0.0,,0.0011123966480535,0.3527518211107861
1104,NVB,453477.938876408,5679037.61399103,0.0,0.0,0.0,0.0,1.534345030784607,,1.0216015577316284,0.0,0.0,,-0.4403225903252952,-0.0732311238523963
1105,NVB,453478.727040841,5679037.52098872,0.0,0.0,0.0,0.0,1.111659288406372,,1.0215946435928345,0.0,0.0,,0.0868341090018121,0.0593941203910108
1106,NVB,453479.541169677,5679037.42813975,0.0,0.0,0.0,0.0,0.8592454791069031,,1.0167512893676758,0.0,0.0,,0.0202608220347651,0.6722571101340327
1107,NVB,453480.407266669,5679037.32893915,0.0,0.0,0.0,0.0,2.5625550746917725,,1.027538537979126,0.0,0.0,,-0.00438558200451,0.4287822109473194
1108,NVB,453481.256001571,5679037.23851401,0.0,0.0,0.0,0.0,3.495152950286865,,1.0090665817260742,0.0,0.0,,-0.3335553838995002,0.4337952563917478
1109,NVB,453482.026895653,5679037.13875072,0.0,0.0,0.0,0.0,3.189507246017456,,1.008311152458191,0.0,0.0,,-0.557387625956776,-0.0081903873670314
1110,NVB,453482.814863289,5679037.07903984,0.0,0.0,0.0,0.0,1.49181067943573,,1.0041179656982422,0.0,0.0,,-0.5192541284479201,0.1291919309273596
1111,NVB,453483.679898047,5679037.1596148,0.0,0.0,0.0,0.0,1.7601872682571411,,1.0015840530395508,0.0,0.0,,-0.4352507711917294,-0.0934113556249225
1112,NVB,453484.33641104,5679037.37545901,0.0,0.0,0.0,0.0,2.1962058544158936,,1.0057170391082764,0.0,0.0,,0.0341327506005448,0.3339880268779858
1113,NVB,453484.853850537,5679037.69147027,0.0,0.0,0.0,0.0,2.095085382461548,,1.0046604871749878,0.0,0.0,,-0.4770680750342657,0.061560200723588
1114,NVB,453485.336179131,5679038.09050656,0.0,0.0,0.0,0.0,0.72853684425354,,1.0023688077926636,0.0,0.0,,-0.3442465781166223,0.7461238999765998
1115,NVB,453485.757589756,5679038.54578102,0.0,0.0,0.0,0.0,1.2796610593795776,,1.003783106803894,0.0,0.0,,-0.1694081919476785,-0.0071401993401766
1116,NVB,453486.170057153,5679039.04983236,0.0,0.0,0.0,0.0,2.5392329692840576,,1.0028958320617676,0.0,0.0,,0.3875294845917081,-0.8283074844758658
1117,NVB,453486.582223024,5679039.60493116,0.0,0.0,0.0,0.0,2.93058705329895,,1.0065726041793823,0.0,0.0,,0.4674759789893932,-0.3162730733005241
1118,NVB,453486.967808259,5679040.26419097,0.0,0.0,0.0,0.0,1.698551893234253,,1.0009313821792605,0.0,0.0,,0.4232541889389995,-0.2629657966493854
1119,NVB,453487.266858574,5679040.92072,0.0,0.0,0.0,0.0,0.0497976280748844,,1.0051581859588623,0.0,0.0,,-0.1024350357081426,0.0393775324910704
1120,NVB,453487.488179538,5679041.54904565,0.0,0.0,0.0,0.0,1.0933419466018677,,1.0036598443984983,0.0,0.0,,-0.1510240488381874,0.1131342031910957
1121,NVB,453487.700314698,5679042.26720812,0.0,0.0,0.0,0.0,1.308074712753296,,1.001048564910889,0.0,0.0,,-0.2428682657526736,-0.2606453562946084
1122,NVB,453487.90378853,5679042.98642919,0.0,0.0,0.0,0.0,3.019726276397705,,1.0120943784713743,0.0,0.0,,0.0259491775952496,-0.2311218812705616
1123,NVB,453488.063758879,5679043.74423508,0.0,0.0,0.0,0.0,0.4987206757068634,,1.0036977529525757,0.0,0.0,,-0.3125532860914473,0.5738110147561346
1124,NVB,453488.214248415,5679044.64181555,0.0,0.0,0.0,0.0,0.9809959530830384,,1.0098683834075928,0.0,0.0,,-0.372120497286968,0.1366744054206591
1125,NVB,453488.339370118,5679045.4382574,0.0,0.0,0.0,0.0,2.6629531383514404,,1.003748655319214,0.0,0.0,,-0.663486340960188,0.5233862664860559
1126,NVB,453488.533664819,5679046.24620555,0.0,0.0,0.0,0.0,2.963562250137329,,1.010140299797058,0.0,0.0,,-0.2649143869314764,0.6177891744250381
1127,NVB,453488.762480494,5679047.07100412,0.0,0.0,0.0,0.0,0.950917661190033,,1.0032010078430176,0.0,0.0,,0.0511147941667891,-0.0479065490725139
1128,NVB,453488.974635597,5679047.78583737,0.0,0.0,0.0,0.0,0.327287882566452,,1.0072969198226929,0.0,0.0,,0.6454389702937735,0.0277458478595148
1129,NVB,453489.229697713,5679048.56307101,0.0,0.0,0.0,0.0,2.5314857959747314,,1.0046430826187134,0.0,0.0,,-0.3061793515270601,-0.0069884469431093
1130,NVB,453489.484838551,5679049.32698791,0.0,0.0,0.0,0.0,0.754375696182251,,1.0044150352478027,0.0,0.0,,-0.4770914770166345,-0.0175588147696052
1131,NVB,453489.77425783,5679050.14881516,0.0,0.0,0.0,0.0,2.291245222091675,,1.008997082710266,0.0,0.0,,0.0149075301458139,0.039390434924234
1132,NVB,453489.986288557,5679050.88473321,0.0,0.0,0.0,0.0,0.9643607139587402,,1.010260820388794,0.0,0.0,,0.2980267055703884,-0.1595224998160866
1133,NVB,453490.163391928,5679051.67260395,0.0,0.0,0.0,0.0,2.225484609603882,,1.0046106576919556,0.0,0.0,,0.6188351241882859,0.6237979065531779
1134,NVB,453490.348927272,5679052.49825656,0.0,0.0,0.0,0.0,4.879526615142822,,1.010172724723816,0.0,0.0,,-0.4868961055422938,0.5883243016467921
1135,NVB,453490.517860999,5679053.2039563,0.0,0.0,0.0,0.0,1.33918035030365,,1.003876805305481,0.0,0.0,,-0.3681486273316248,0.0410935586152166
1136,NVB,453490.695705246,5679053.86642778,0.0,0.0,0.0,0.0,2.568569660186768,,1.0087238550186155,0.0,0.0,,-0.4216049855136933,-0.7070647735357017
1137,NVB,453490.881870023,5679054.5855465,0.0,0.0,0.0,0.0,4.985172748565674,,1.0097343921661377,0.0,0.0,,-0.889064411598202,-0.3505043773411853
1138,NVB,453491.06778573,5679055.34683487,0.0,0.0,0.0,0.0,3.2013919353485107,,1.009357452392578,0.0,0.0,,-0.2338754052358808,-0.8502504813534694
1139,NVB,453491.27123401,5679056.07049474,0.0,0.0,0.0,0.0,9.950751304626465,,1.0342564582824707,0.0,0.0,,0.8295787193856515,-0.4113362454508027
1140,NVB,453491.509039425,5679056.83874822,0.0,0.0,0.0,0.0,1.9984610080718996,,1.0023918151855469,0.0,0.0,,0.395829472825765,0.2145936227267433
1141,NVB,453491.772534053,5679057.65376364,0.0,0.0,0.0,0.0,5.2684855461120605,,1.0057908296585083,0.0,0.0,,-0.7497830187951329,-0.5128770832608528
1142,NVB,453492.019066505,5679058.40986122,0.0,0.0,0.0,0.0,9.556736946105955,,1.0179075002670288,0.0,0.0,,-0.9044411638579496,-0.3792407786912589
1143,NVB,453492.265540011,5679059.17594635,0.0,0.0,0.0,0.0,4.2814788818359375,,1.0106521844863892,0.0,0.0,,-0.8735048378260973,-0.2497797372581531
1144,NVB,453492.520727391,5679059.93209503,0.0,0.0,0.0,0.0,2.8460893630981445,,1.0022014379501345,0.0,0.0,,-0.5378894007603351,-0.7861294916814255
1145,NVB,453492.750173204,5679060.65035959,0.0,0.0,0.0,0.0,4.089360237121582,,1.009981393814087,0.0,0.0,,-0.7215041784207101,-0.5634514782814465
1146,SGZ,453492.987998576,5679061.41528384,0.0,0.0,0.0,0.0,1.2350410223007202,,1.0014771223068235,0.0,0.0,,-0.6403671639220211,-0.5008146904516952
1147,SGZ,453493.208697871,5679062.14903345,0.0,0.0,0.0,0.0,0.3818193078041076,,1.0095452070236206,0.0,0.0,,-0.4867129834723431,-0.5354982371687239
1148,SGZ,453493.412192421,5679062.86492516,0.0,0.0,0.0,0.0,1.5626810789108276,,1.0018293857574463,0.0,0.0,,-0.2621687636757268,0.2115652953930365
1149,SGZ,453493.60693385,5679063.59741165,0.0,0.0,0.0,0.0,3.472291946411133,,1.0040212869644165,0.0,0.0,,0.7394585847323011,0.0408136621438114
1150,SGZ,453493.979035042,5679065.07448939,0.0,0.0,0.0,0.0,2.076108455657959,,1.0050374269485474,0.0,0.0,,0.6886534735267119,0.1077950455841804
1151,SGZ,453494.164970981,5679065.83244849,0.0,0.0,0.0,0.0,1.5050033330917358,,1.0021857023239136,0.0,0.0,,0.1516133799018157,-0.490596681175034
1152,SGZ,453494.359496246,5679066.60155599,0.0,0.0,0.0,0.0,1.9595800638198853,,1.0519200563430786,0.0,0.0,,0.4548942533271686,-0.2335573788748751
1153,SGZ,453494.536836413,5679067.3494764,0.0,0.0,0.0,0.0,6.973753452301025,,1.0484559535980225,0.0,0.0,,-0.650805045797907,-0.2372783839116813
1154,SGZ,453494.70564632,5679068.07626086,0.0,0.0,0.0,0.0,4.435049533843994,,1.0178998708724976,0.0,0.0,,-0.9619812921168316,-0.1460417707622948
1155,SGZ,453494.874397264,5679068.81303286,0.0,0.0,0.0,0.0,5.598487377166748,,1.0181905031204224,0.0,0.0,,-0.9810568413803064,0.0594827969656076
1156,SGZ,453495.060536586,5679069.53659037,0.0,0.0,0.0,0.0,5.170543193817139,,1.0048907995224,0.0,0.0,,-0.9460388225018652,0.2715501226594404
1157,SGZ,453494.917968913,5679070.22824261,0.0,0.0,0.0,0.0,4.777392864227295,,1.0042929649353027,0.0,0.0,,-0.8268817650158731,0.4040393414797645
1158,SGZ,453494.437993432,5679070.89570654,0.0,0.0,0.0,0.0,4.241365909576416,,1.0039182901382446,0.0,0.0,,-0.8786718602168619,0.4463681246291169
1159,SGZ,453494.389809599,5679071.7266371,0.0,0.0,0.0,0.0,1.003862738609314,,1.0006495714187622,0.0,0.0,,-0.8847454368966816,0.3337742998941775
1160,SGZ,453494.695936905,5679072.65066133,0.0,0.0,0.0,0.0,1.3063820600509644,,1.0018011331558228,0.0,0.0,,-0.8047437296191463,0.410835406955835
1161,SGZ,453494.907470574,5679073.47091853,0.0,0.0,0.0,0.0,0.907567858695984,,1.0006667375564575,0.0,0.0,,-0.2128341881581455,0.8010216569424468
1162,SGZ,453495.076038129,5679074.2387629,0.0,0.0,0.0,0.0,2.5608015060424805,,1.001641035079956,0.0,0.0,,-0.7164185783333789,0.6060546256176772
1163,SGZ,453495.296154628,5679075.07127821,0.0,0.0,0.0,0.0,1.409030556678772,,1.0019643306732178,0.0,0.0,,0.0236308226827272,-0.0272795539192969
1164,SGZ,453495.604097831,5679075.68790779,0.0,0.0,0.0,0.0,0.972339391708374,,1.0008578300476074,0.0,0.0,,-0.6539249377674703,-0.0383389912609602
1165,SGZ,453495.956154324,5679076.16274779,0.0,0.0,0.0,0.0,11.533020973205566,,1.02858304977417,0.0,0.0,,-0.8263389693165456,0.1047232642462822
1166,SGZ,453496.342469758,5679076.69882729,0.0,0.0,0.0,0.0,8.254191398620605,,1.0164016485214231,0.0,0.0,,0.2917063741431187,0.5064519973492531
1167,SGZ,453496.711298567,5679077.26476718,0.0,0.0,0.0,0.0,2.049217939376831,,1.0012730360031128,0.0,0.0,,-0.4423006644942881,0.7459470741873958
1168,SGZ,453497.06267353,5679077.85501882,0.0,0.0,0.0,0.0,2.0316741466522217,,1.002363204956055,0.0,0.0,,-0.7139348702461906,0.371092780200936
1169,SGZ,453497.379343936,5679078.45949244,0.0,0.0,0.0,0.0,3.035284757614136,,1.0025689601898191,0.0,0.0,,-0.4350721016683911,0.6776178520353007
1170,SGZ,453497.712786631,5679079.15506597,0.0,0.0,0.0,0.0,2.227170705795288,,1.0014411211013794,0.0,0.0,,0.6171874353379082,0.3097269647476883
1171,SGZ,453498.003007556,5679079.84150606,0.0,0.0,0.0,0.0,4.475810527801514,,1.0059304237365725,0.0,0.0,,0.8976126085958378,-0.0712084518629701
1172,SGZ,453498.250131235,5679080.4977279,0.0,0.0,0.0,0.0,6.758464336395264,,1.0392385721206665,0.0,0.0,,-0.0162778946076159,-0.4610031601785546
1173,SGZ,453498.616063375,5679081.55416741,0.0,0.0,0.0,0.0,7.7247724533081055,,1.0233210325241089,0.0,0.0,,-0.683248166653998,0.3888843162348479
1174,SGZ,453498.972940951,5679082.67824917,0.0,0.0,0.0,0.0,7.49945068359375,,1.0431137084960938,0.0,0.0,,-0.1123329971135508,0.7235526663883695
1175,SGZ,453499.184049332,5679083.57063854,0.0,0.0,0.0,0.0,6.16612720489502,,1.011027693748474,0.0,0.0,,-0.8413303094654706,0.3324826751180855
1176,SGZ,453499.326829932,5679084.3083668,0.0,0.0,0.0,0.0,5.394037246704102,,1.0146046876907349,0.0,0.0,,0.0916517023018149,0.3498273365856474
1177,SGZ,453499.540009509,5679084.85008216,0.0,0.0,0.0,0.0,15.188526153564451,,1.1143386363983154,0.0,0.0,,0.6674254027007042,0.6826539848034093
1178,SGZ,453499.754014934,5679085.25197181,0.0,0.0,0.0,0.0,10.359856605529783,,1.0310978889465332,0.0,0.0,,-0.1631948311805819,0.8623136288323893
1179,SGZ,453500.26960343,5679085.88203498,0.0,0.0,0.0,0.0,9.194306373596191,,1.0154377222061155,0.0,0.0,,-0.8248089728339972,0.5411831546072837
1180,SGZ,453501.008855159,5679086.74425048,0.0,0.0,0.0,0.0,7.700747013092041,,1.016116738319397,0.0,0.0,,-0.9350174317398952,-0.1813117445795438
1181,SGZ,453501.644635386,5679087.54037861,0.0,0.0,0.0,0.0,5.023151874542236,,1.022849440574646,0.0,0.0,,-0.5729571373313058,0.3817752800398244
1182,SGZ,453501.742018547,5679088.63740307,0.0,0.0,0.0,0.0,2.468355894088745,,1.0092567205429075,0.0,0.0,,-0.3608129409951766,0.7743527083798146
1183,SGZ,453501.579342933,5679089.80280696,0.0,0.0,0.0,0.0,6.908583164215088,,1.0274758338928225,0.0,0.0,,0.2847531199473934,0.6445233446679761
1184,SGZ,453501.730300317,5679090.62159641,0.0,0.0,0.0,0.0,10.502920150756836,,1.026826024055481,0.0,0.0,,-0.2552889134398581,-0.3858337489467274
1185,SGZ,453502.06367184,5679091.32937674,0.0,0.0,0.0,0.0,13.493309020996094,,1.049583911895752,0.0,0.0,,0.4851021039071621,-0.7205781399323629
1186,SGZ,453502.050009893,5679092.17715767,0.0,0.0,0.0,0.0,3.183520555496216,,1.0138177871704102,0.0,0.0,,-0.1101715241981297,0.3576192801102603
1187,SGZ,453501.837331874,5679093.01599491,0.0,0.0,0.0,0.0,10.614700317382812,,1.0213704109191897,0.0,0.0,,-0.9145223579662792,0.3710449504122775
1188,SGZ,453501.650520108,5679093.87163139,0.0,0.0,0.0,0.0,2.0896880626678467,,1.0042132139205933,0.0,0.0,,-0.630461184152927,0.2988152150108322
1189,SGZ,453501.654462781,5679094.6695768,0.0,0.0,0.0,0.0,0.6933042407035828,,1.0014629364013672,0.0,0.0,,-0.2972222238882152,0.5864744091094143
1190,SGZ,453501.788543086,5679095.41502198,0.0,0.0,0.0,0.0,2.4547348022460938,,1.0061529874801636,0.0,0.0,,-0.46228599817719,-0.5734853811957185
1191,SGZ,453501.518099014,5679095.77631845,0.0,0.0,0.0,0.0,2.6557939052581787,,1.001692533493042,0.0,0.0,,0.258673918926601,-0.2079852041637542
1192,SGZ,453501.07559957,5679095.96014589,0.0,0.0,0.0,0.0,11.683313369750977,,1.0422875881195068,0.0,0.0,,-0.1253165491237766,0.8260614295727645
1193,SGZ,453500.933326923,5679096.60186047,0.0,0.0,0.0,0.0,17.7011661529541,,1.1367032527923584,0.0,0.0,,-0.6165716423090178,0.5355557435889619
1194,SGZ,453500.937092572,5679097.42976852,0.0,0.0,0.0,0.0,6.56110429763794,,1.0403344631195068,0.0,0.0,,-0.5545631755188488,-0.529301015402306
1195,SGZ,453501.010123425,5679098.25364659,0.0,0.0,0.0,0.0,4.694720268249512,,1.1517219543457031,0.0,0.0,,0.1573354894008927,-0.0144114908102624
1196,SGZ,453501.290976131,5679099.06099575,0.0,0.0,0.0,0.0,7.803149700164795,,1.0879725217819214,0.0,0.0,,0.5718637773077312,-0.0477138517732337
1197,SGZ,453501.69306268,5679099.85796321,0.0,0.0,0.0,0.0,11.200974464416504,,1.0834654569625854,0.0,0.0,,-0.1772082304120117,-0.9434619491607804
1198,SGZ,453502.615405245,5679100.49486745,0.0,0.0,0.0,0.0,6.780805587768555,,1.078536033630371,0.0,0.0,,-0.6623517760356218,-0.3071167985517866
1199,SGZ,453503.728509125,5679101.07297073,0.0,0.0,0.0,0.0,14.74705696105957,,1.075281858444214,0.0,0.0,,0.1140312930274966,0.6043055466065719
1200,SGZ,453504.270011203,5679101.71206477,0.0,0.0,0.0,0.0,14.82184886932373,,1.0351176261901855,0.0,0.0,,-0.8300149629334367,0.221324176404293
1201,SGZ,453504.568862232,5679102.40299461,0.0,0.0,0.0,0.0,4.836624622344971,,1.0164638757705688,0.0,0.0,,-0.2604075378964506,-0.0655884920155739
1202,SGZ,453504.815135266,5679103.20348082,0.0,0.0,0.0,0.0,4.684725284576416,,1.0719573497772217,0.0,0.0,,-0.1132844669395589,-0.3176376790145563
1203,SGZ,453504.888776048,5679103.92415416,0.0,0.0,0.0,0.0,4.532104969024658,,1.059754490852356,0.0,0.0,,-0.5938289611753669,0.1869744457048975
1204,SGZ,453504.90179992,5679104.65001836,0.0,0.0,0.0,0.0,8.633434295654297,,1.021959900856018,0.0,0.0,,0.1508514162900861,-0.2863119726425758
1205,SGZ,453504.975113063,5679105.42617808,0.0,0.0,0.0,0.0,4.862518310546875,,1.0282703638076782,0.0,0.0,,-0.7231888146462887,0.0578187882586016
1206,SGZ,453505.065808074,5679106.19023301,0.0,0.0,0.0,0.0,6.063347816467285,,1.0253701210021973,0.0,0.0,,0.4873694281086671,-0.2425500039305185
1207,SGZ,453505.199947899,5679106.92569056,0.0,0.0,0.0,0.0,21.5528621673584,,1.1021205186843872,0.0,0.0,,0.198100485841966,-0.8550627926270785
1208,SGZ,453505.34269021,5679107.67007705,0.0,0.0,0.0,0.0,9.106769561767578,,1.080737829208374,0.0,0.0,,0.0551431849147043,0.1113951117528163
1209,SGZ,453505.934411801,5679108.59911657,0.0,0.0,0.0,0.0,21.89727210998535,,1.166720628738403,0.0,0.0,,-0.7237240125832741,-0.5715133235286368
1210,SGZ,453506.578436375,5679109.46520821,0.0,0.0,0.0,0.0,3.259066104888916,,1.0315828323364258,0.0,0.0,,-0.0768576097063244,0.2157171572020011
1211,SGZ,453507.144986504,5679110.25981724,0.0,0.0,0.0,0.0,3.404169797897339,,1.1400642395019531,0.0,0.0,,-0.1364957462885797,0.1729782713017388
1212,SGZ,453507.391115895,5679111.08471738,0.0,0.0,0.0,0.0,5.911333084106445,,1.1174825429916382,0.0,0.0,,-0.4998093661713431,0.3668293610760904
1213,SGZ,453507.507775878,5679111.84892559,0.0,0.0,0.0,0.0,0.6649713516235352,,1.0836505889892578,0.0,0.0,,-0.1607055509747151,-0.1082801386280722
1214,SGZ,453507.257097058,5679113.26017805,0.0,0.0,0.0,0.0,17.142303466796875,,1.0906654596328735,0.0,0.0,,-0.5553771229158495,-0.8062520082045196
1215,SGZ,453506.84070393,5679114.88574664,0.0,0.0,0.0,0.0,7.306244850158691,,1.0110243558883667,0.0,0.0,,0.3589904752348652,-0.443110110056253
1216,SGZ,453506.990096217,5679115.96976088,0.0,0.0,0.0,0.0,15.3489351272583,,1.0651410818099976,0.0,0.0,,0.4121344734358892,-0.8870564526299315
1217,SGZ,453507.31415914,5679116.78846262,0.0,0.0,0.0,0.0,13.990443229675291,,1.1054832935333252,0.0,0.0,,-0.4494128626636038,-0.5200359400595631
1218,SGZ,453507.75508034,5679116.87207921,0.0,0.0,0.0,0.0,3.929149866104126,,1.016860842704773,0.0,0.0,,-0.8333167118069311,-0.2154158651476746
1219,SGZ,453508.240055806,5679116.8238937,0.0,0.0,0.0,0.0,4.464529991149902,,1.0184146165847778,0.0,0.0,,-0.2905276359653883,-0.4776913308037256
1220,SGZ,453508.725077132,5679116.76794008,0.0,0.0,0.0,0.0,6.493544101715088,,1.050052523612976,0.0,0.0,,0.3109479839703055,0.1616638399268648
1221,SGZ,453508.957003118,5679117.06672697,0.0,0.0,0.0,0.0,27.390193939208984,,1.146418809890747,0.0,0.0,,0.7772927017455676,0.3987141089578889
1222,SGZ,453509.092742377,5679117.53141087,0.0,0.0,0.0,0.0,21.43756103515625,,1.0874828100204468,0.0,0.0,,-0.1712712911074866,0.7195552559715823
1223,SGZ,453509.133828239,5679117.90231547,0.0,0.0,0.0,0.0,22.43224334716797,,1.2123234272003174,0.0,0.0,,-0.6393889121851151,0.7192632897349028
1224,SGZ,453509.15751258,5679118.28865405,0.0,0.0,0.0,0.0,9.41049575805664,,1.1149733066558838,0.0,0.0,,-0.5854131492475876,0.7832849912989124
1225,SGZ,453509.18116416,5679118.68054127,0.0,0.0,0.0,0.0,3.280778169631958,,1.0209351778030396,0.0,0.0,,-0.6082144609524588,0.676607321891027
1226,SGZ,453509.196252581,5679119.05684119,0.0,0.0,0.0,0.0,2.1784474849700928,,1.0044625997543335,0.0,0.0,,-0.6398643082040354,0.578290575505459
1227,SGZ,453509.20271232,5679119.4286511,0.0,0.0,0.0,0.0,9.040311813354492,,1.0517511367797852,0.0,0.0,,-0.8854840190771744,0.336444244472376
1228,SGZ,453509.269651495,5679119.81857439,0.0,0.0,0.0,0.0,8.489916801452637,,1.0449116230010986,0.0,0.0,,-0.9532845670454612,0.2688463254510227
1229,SGZ,453509.353926682,5679120.20416098,0.0,0.0,0.0,0.0,5.841419696807861,,1.0133992433547974,0.0,0.0,,-0.8943838308310429,0.3201283178434307
1230,SGZ,453509.446371875,5679120.67191852,0.0,0.0,0.0,0.0,2.560789108276367,,1.0070091485977173,0.0,0.0,,-0.2982596146432032,0.7416358719653183
1231,SGZ,453509.590923393,5679121.11002005,0.0,0.0,0.0,0.0,3.218156576156616,,1.0081366300582886,0.0,0.0,,-0.0750905987585935,0.8551584354361467
1232,SGZ,453509.804956561,5679121.50747047,0.0,0.0,0.0,0.0,8.862324714660645,,1.0197031497955322,0.0,0.0,,-0.6814589874689694,0.5339813351793281
1233,SGZ,453510.079639571,5679121.89418135,0.0,0.0,0.0,0.0,2.419496774673462,,1.00973379611969,0.0,0.0,,-0.7525779904689656,-0.0407609618596425
1234,SGZ,453510.423424198,5679122.30460533,0.0,0.0,0.0,0.0,4.703577041625977,,1.007433295249939,0.0,0.0,,-0.5705198291204335,0.4056278828838529
1235,SGZ,453510.810614414,5679122.69309026,0.0,0.0,0.0,0.0,9.60129737854004,,1.0244369506835938,0.0,0.0,,-0.1779353270666967,0.9554184507410438
1236,SGZ,453511.241262634,5679123.05075831,0.0,0.0,0.0,0.0,2.5544772148132324,,1.015395164489746,0.0,0.0,,-0.6134919723527209,0.3561279692048284
1237,SGZ,453511.844707499,5679123.46049586,0.0,0.0,0.0,0.0,2.7396247386932373,,1.0158631801605225,0.0,0.0,,-0.375955324586576,-0.2980473720342777
1238,SGZ,453512.456977685,5679123.84143154,0.0,0.0,0.0,0.0,5.014251708984375,,1.0089133977890017,0.0,0.0,,-0.4731891332726119,0.2496919692357549
1239,SGZ,453513.311152732,5679124.29704003,0.0,0.0,0.0,0.0,4.313803672790527,,1.0116100311279297,0.0,0.0,,-0.7359251944981625,0.4528791181724287
1240,SGZ,453514.157249552,5679124.65494129,0.0,0.0,0.0,0.0,4.91635274887085,,1.006309986114502,0.0,0.0,,-0.8794725287025251,0.318483819909242
1241,SGZ,453514.934913107,5679124.87593714,0.0,0.0,0.0,0.0,4.976955413818359,,1.0140409469604492,0.0,0.0,,-0.5416813727285532,0.2621978897545696
1242,SGZ,453515.739026248,5679125.01496636,0.0,0.0,0.0,0.0,7.070485591888428,,1.064397931098938,0.0,0.0,,-0.0409936765843123,0.5856221356129643
1243,SGZ,453516.552089142,5679125.10410885,0.0,0.0,0.0,0.0,5.388702392578125,,1.0294376611709597,0.0,0.0,,-0.7352622934917541,0.2525779842274364
1244,SGZ,453517.382848398,5679125.1278795,0.0,0.0,0.0,0.0,10.926140785217283,,1.0483893156051636,0.0,0.0,,0.0189934985697631,0.2983260861421191
1245,SGZ,453518.196579562,5679125.10382959,0.0,0.0,0.0,0.0,15.983149528503418,,1.079666018486023,0.0,0.0,,-0.1372229450887554,-0.8742486648780474
1246,SGZ,453519.03647852,5679125.04553131,0.0,0.0,0.0,0.0,8.855348587036133,,1.0852985382080078,0.0,0.0,,-0.0790113060794186,0.4860905916450706
1247,SGZ,453519.885104431,5679124.97507703,0.0,0.0,0.0,0.0,3.929415225982666,,1.0504964590072632,0.0,0.0,,-0.7280488176077714,0.6168730056599846
1248,SGZ,453520.725108177,5679124.89902294,0.0,0.0,0.0,0.0,9.12352466583252,,1.0307862758636477,0.0,0.0,,-0.3900256780004407,0.8795111557309373
1249,SGZ,453521.58248722,5679124.81197365,0.0,0.0,0.0,0.0,1.2867214679718018,,1.0007047653198242,0.0,0.0,,0.106494581727583,0.7792824890047868
1250,SGZ,453522.4741059,5679124.78949285,0.0,0.0,0.0,0.0,29.01484489440918,,1.2211518287658691,0.0,0.0,,-0.0465945829025239,-0.9100204683090096
1251,SGZ,453523.348434425,5679124.76358058,0.0,0.0,0.0,0.0,8.848966598510742,,1.0478390455245972,0.0,0.0,,-0.3023512850620526,-0.4635330456817408
1252,SGZ,453524.214166993,5679124.72762957,0.0,0.0,0.0,0.0,4.679539203643799,,1.076809644699097,0.0,0.0,,0.482416708301032,0.3791618302936503
1253,SGZ,453525.15735479,5679124.76649003,0.0,0.0,0.0,0.0,11.715169906616213,,1.075013518333435,0.0,0.0,,0.142044098596991,0.6855088871850716
1254,SGZ,453526.083357249,5679124.78416336,0.0,0.0,0.0,0.0,3.86147141456604,,1.0342098474502563,0.0,0.0,,0.244311658054517,0.0431932804927797
1255,SGZ,453527.053669146,5679124.62675503,0.0,0.0,0.0,0.0,24.433874130249023,,1.294508695602417,0.0,0.0,,-0.6786783296659095,-0.3354318180003376
1256,SGZ,453527.946198237,5679124.45002145,0.0,0.0,0.0,0.0,7.913995742797852,,1.0204235315322876,0.0,0.0,,-0.479698768625842,-0.0478766204374987
1257,SGZ,453528.769678026,5679124.24069699,0.0,0.0,0.0,0.0,17.577964782714844,,1.0542393922805786,0.0,0.0,,0.1733256462712298,0.7983539489128813
1258,SGZ,453529.662508329,5679124.01291574,0.0,0.0,0.0,0.0,11.696675300598145,,1.0464518070220947,0.0,0.0,,0.2069146041929218,-0.8237397241477162
1259,SGZ,453530.546696773,5679123.78286385,0.0,0.0,0.0,0.0,11.53243350982666,,1.039989709854126,0.0,0.0,,-0.3101659315509724,0.4623144351273512
1260,SGZ,453531.353200646,5679123.51684085,0.0,0.0,0.0,0.0,9.803754806518556,,1.0400865077972412,0.0,0.0,,-0.8519671392173787,0.0016720916217913
1261,SGZ,453532.229002612,5679123.24123885,0.0,0.0,0.0,0.0,6.021716117858887,,1.025186538696289,0.0,0.0,,-0.603466023151641,0.3794102092171036
1262,SGZ,453532.888504057,5679122.95215277,0.0,0.0,0.0,0.0,15.67285442352295,,1.121475338935852,0.0,0.0,,-0.7247218444326173,0.5978219405324676
1263,SGZ,453533.582598857,5679122.66770987,0.0,0.0,0.0,0.0,16.2529296875,,1.147209882736206,0.0,0.0,,-0.4999207670483118,0.4177341616329093
1264,SGZ,453534.405259661,5679122.59710079,0.0,0.0,0.0,0.0,1.7753231525421145,,1.063031554222107,0.0,0.0,,0.6620120719039381,-0.1329614341206043
1265,SGZ,453535.201719981,5679122.5662886,0.0,0.0,0.0,0.0,4.605936527252197,,1.05163311958313,0.0,0.0,,-0.4831302077157186,-0.3148148038343086
1266,SGZ,453535.997996926,5679122.56654871,0.0,0.0,0.0,0.0,6.811185359954834,,1.09570050239563,0.0,0.0,,-0.1921542353035427,0.0264671508473545
1267,SGZ,453536.837371551,5679122.59702676,0.0,0.0,0.0,0.0,14.153181076049805,,1.0378473997116089,0.0,0.0,,-0.3537410373856242,-0.1949798888878788
1268,SGZ,453537.668104377,5679122.62523419,0.0,0.0,0.0,0.0,6.70552396774292,,1.08605694770813,0.0,0.0,,0.2588621823263765,0.1477064841374061
1269,SGZ,453538.541908699,5679122.68809845,0.0,0.0,0.0,0.0,4.556301116943359,,1.0407456159591677,0.0,0.0,,0.0425788787011112,0.2387104498184621
1270,SGZ,453539.363921155,5679122.72735191,0.0,0.0,0.0,0.0,19.00983428955078,,1.1289745569229126,0.0,0.0,,-0.851553766438781,0.072055412603842
1271,SGZ,453540.125604704,5679122.72296839,0.0,0.0,0.0,0.0,18.6582088470459,,1.114751935005188,0.0,0.0,,-0.1966241967158209,0.1062358746175303
1272,SGZ,453541.051940886,5679122.68404386,0.0,0.0,0.0,0.0,4.60836124420166,,1.0650395154953003,0.0,0.0,,-0.23705957799915,0.0131754481355196
1273,SGZ,453541.892101306,5679122.58135404,0.0,0.0,0.0,0.0,7.080634117126465,,1.0263004302978516,0.0,0.0,,-0.0392094414959018,0.6945881035950201
1274,SGZ,453542.715102506,5679122.45303825,0.0,0.0,0.0,0.0,9.213497161865234,,1.026096224784851,0.0,0.0,,0.0373305690638799,0.872995220831995
1275,SGZ,453543.529501159,5679122.31579349,0.0,0.0,0.0,0.0,2.006037950515747,,1.0026495456695557,0.0,0.0,,0.6442908855429569,-0.223739453579585
1276,SGZ,453544.378244377,5679122.22536148,0.0,0.0,0.0,0.0,2.1738905906677246,,1.016369104385376,0.0,0.0,,0.2662775886726749,0.618841579255288
1277,SGZ,453545.183745817,5679122.12912541,0.0,0.0,0.0,0.0,13.187512397766112,,1.0385963916778564,0.0,0.0,,-0.0995694802562972,0.9507644109747152
1278,SGZ,453545.972238623,5679121.98173965,0.0,0.0,0.0,0.0,7.8404717445373535,,1.0164777040481567,0.0,0.0,,0.6519200966823774,-0.3245913332318406
1279,SGZ,453546.786728834,5679121.82895836,0.0,0.0,0.0,0.0,0.5666919946670532,,1.0206915140151978,0.0,0.0,,0.4134744334576695,-0.7629286380067487
1280,SGZ,453547.592099252,5679121.7549166,0.0,0.0,0.0,0.0,4.5948638916015625,,1.013649582862854,0.0,0.0,,0.5433305390625861,-0.2445819115723877
1281,SGZ,453548.406144196,5679121.67759664,0.0,0.0,0.0,0.0,5.795268058776856,,1.0124937295913696,0.0,0.0,,-0.0842149315478889,-0.9354796429190908
1282,SGZ,453549.229164829,5679121.54595099,0.0,0.0,0.0,0.0,5.172884941101074,,1.0355076789855957,0.0,0.0,,-0.2335942842836179,-0.5604419505935128
1283,SGZ,453550.104127911,5679121.41239216,0.0,0.0,0.0,0.0,3.846639633178711,,1.010855197906494,0.0,0.0,,0.2154818367267565,-0.8782360054278119
1284,SGZ,453550.926958625,5679121.31292844,0.0,0.0,0.0,0.0,17.481653213500977,,1.073842167854309,0.0,0.0,,-0.1550254815126774,0.8573090613176043
1285,SGZ,453551.592809654,5679121.41451603,0.0,0.0,0.0,0.0,10.875572204589844,,1.0540653467178345,0.0,0.0,,0.0607300879261169,-0.3119459250925538
1286,SGZ,453552.371200556,5679121.51232841,0.0,0.0,0.0,0.0,5.42745304107666,,1.0197246074676514,0.0,0.0,,-0.6782906176287832,-0.5863915681308726
1287,SGZ,453553.107390619,5679121.42789007,0.0,0.0,0.0,0.0,8.639551162719727,,1.04485023021698,0.0,0.0,,-0.0959127214265443,0.0868450472352549
1288,SGZ,453553.809871024,5679121.18899528,0.0,0.0,0.0,0.0,5.087897777557373,,1.020374059677124,0.0,0.0,,0.3090851875570164,0.1118330024079257
1289,SGZ,453554.323357648,5679120.70927601,0.0,0.0,0.0,0.0,2.2764596939086914,,1.084856033325195,0.0,0.0,,0.1426094313012724,0.2507721947140385
1290,SGZ,453554.715793494,5679120.20886684,0.0,0.0,0.0,0.0,7.189108848571777,,1.0259910821914673,0.0,0.0,,-0.162978270185746,0.0723271381370406
1291,SGZ,453555.039657836,5679119.59485698,0.0,0.0,0.0,0.0,4.025542259216309,,1.0232739448547363,0.0,0.0,,-0.5298201522005872,-0.2796205480661572
1292,SGZ,453555.285876825,5679118.93821796,0.0,0.0,0.0,0.0,15.408917427062988,,1.0634207725524902,0.0,0.0,,-0.7009700341386083,-0.4861636233626534
1293,SGZ,453555.410724319,5679118.31526573,0.0,0.0,0.0,0.0,6.831546783447266,,1.0166971683502195,0.0,0.0,,-0.4113388548461573,-0.3225045535040436
1294,SGZ,453555.509882056,5679117.64555177,0.0,0.0,0.0,0.0,4.686898231506348,,1.0129714012145996,0.0,0.0,,-0.7001620192400607,-0.037324601450087
1295,SGZ,453555.531918183,5679116.84443044,0.0,0.0,0.0,0.0,15.809931755065918,,1.0465742349624634,0.0,0.0,,-0.9512397434821216,0.2544915895623266
1296,SGZ,453555.50140307,5679116.14842692,0.0,0.0,0.0,0.0,9.323681831359863,,1.025761365890503,0.0,0.0,,-0.6594649860096911,0.2714381953320308
1297,SGZ,453555.419423395,5679115.37332641,0.0,0.0,0.0,0.0,7.954687595367432,,1.0112719535827637,0.0,0.0,,-0.7087262268897797,0.5907666311348937
1298,SGZ,453555.29478463,5679114.49365621,0.0,0.0,0.0,0.0,11.160648345947266,,1.0581178665161133,0.0,0.0,,-0.2126512279915552,0.730039221674795
1299,SGZ,453555.239182078,5679113.648796,0.0,0.0,0.0,0.0,16.1888370513916,,1.0635305643081665,0.0,0.0,,-0.8942187391054873,0.2933959458604642
1300,SGZ,453555.131480004,5679112.83248238,0.0,0.0,0.0,0.0,14.636395454406738,,1.0963964462280271,0.0,0.0,,-0.331177971048527,0.0156459438751208
1301,SGZ,453554.875695655,5679112.17621135,0.0,0.0,0.0,0.0,6.201091289520264,,1.0347896814346311,0.0,0.0,,-0.5583514957551791,-0.0666013079529751
1302,SGZ,453554.611518314,5679111.47550015,0.0,0.0,0.0,0.0,3.4220874309539795,,1.0126770734786987,0.0,0.0,,-0.7107870840493223,-0.0722556863361586
1303,SGZ,453554.339805562,5679110.58497443,0.0,0.0,0.0,0.0,6.189513206481934,,1.0942589044570925,0.0,0.0,,0.0516086558834124,-0.0336481896223905
1304,SGZ,453554.093926603,5679109.71679643,0.0,0.0,0.0,0.0,1.0049818754196167,,1.0152699947357178,0.0,0.0,,-0.0486953018951836,-0.5737557027009462
1305,SGZ,453553.925673253,5679108.89457676,0.0,0.0,0.0,0.0,6.993168830871582,,1.0198520421981812,0.0,0.0,,-0.455442142602757,-0.0712023656071649
1306,SGZ,453553.791928185,5679108.09142668,0.0,0.0,0.0,0.0,6.311479091644287,,1.0200364589691162,0.0,0.0,,-0.4372129271592293,-0.3645566829012568
1307,SGZ,453553.701464106,5679107.28742216,0.0,0.0,0.0,0.0,9.83044147491455,,1.0346474647521973,0.0,0.0,,0.8326175040878939,-0.0889398300781712
1308,SGZ,453553.66302753,5679106.46707805,0.0,0.0,0.0,0.0,6.363149642944336,,1.0443190336227417,0.0,0.0,,0.6224114121735213,-0.5053537983526925
1309,SGZ,453553.667675521,5679105.67917133,0.0,0.0,0.0,0.0,8.463029861450195,,1.0225050449371338,0.0,0.0,,-0.3676079103905686,-0.2934729153292737
1310,SGZ,453553.706995403,5679104.88259102,0.0,0.0,0.0,0.0,1.3344255685806274,,1.037145972251892,0.0,0.0,,0.467799075061019,-0.2859929692570735
1311,SGZ,453553.738066281,5679104.01715653,0.0,0.0,0.0,0.0,5.012441635131836,,1.0262082815170288,0.0,0.0,,-0.3729231635592883,-0.3248615188654238
1312,SGZ,453553.769196074,5679103.14173448,0.0,0.0,0.0,0.0,8.76692008972168,,1.0197365283966064,0.0,0.0,,-0.6493495890465933,-0.3755145258195324
1313,SGZ,453553.76570635,5679102.26610821,0.0,0.0,0.0,0.0,12.499451637268066,,1.0834378004074097,0.0,0.0,,-0.4925036104213955,-0.0724669239243553
1314,SGZ,453553.72744656,5679101.41580145,0.0,0.0,0.0,0.0,17.59786605834961,,1.093927264213562,0.0,0.0,,0.8851738189685693,-0.1906289585921473
1315,SGZ,453553.567822133,5679100.59807173,0.0,0.0,0.0,0.0,2.727592945098877,,1.0096518993377686,0.0,0.0,,0.2145126080422592,0.5318194633330892
1316,SGZ,453553.399091156,5679099.85686216,0.0,0.0,0.0,0.0,3.217874526977539,,1.0058931112289429,0.0,0.0,,0.7284094729147986,0.1031593845187774
1317,SGZ,453553.238347341,5679099.22889588,0.0,0.0,0.0,0.0,4.905698299407959,,1.0079859495162964,0.0,0.0,,-0.3469770813082178,0.2010037116775358
1318,SGZ,453553.043848207,5679098.4542413,0.0,0.0,0.0,0.0,2.1297366619110107,,1.00538969039917,0.0,0.0,,-0.3090292619711963,0.2588931386340347
1319,SGZ,453552.857886145,5679097.69961287,0.0,0.0,0.0,0.0,10.205641746520996,,1.0393388271331787,0.0,0.0,,-0.8877271325747064,-0.3303843419831624
1320,SGZ,453552.654634019,5679096.94155314,0.0,0.0,0.0,0.0,2.9839892387390137,,1.0064305067062378,0.0,0.0,,-0.4106024756188462,-0.3758236974834879
1321,SGZ,453552.38182873,5679096.23635187,0.0,0.0,0.0,0.0,13.571139335632324,,1.0454269647598269,0.0,0.0,,-0.7032142430400709,0.2907150616612978
1322,SGZ,453552.143479303,5679095.55909801,0.0,0.0,0.0,0.0,1.4495898485183716,,1.009548306465149,0.0,0.0,,-0.2712524499535952,-0.05700200793165
1323,SGZ,453551.939762487,5679094.87982893,0.0,0.0,0.0,0.0,2.47163987159729,,1.0436837673187256,0.0,0.0,,-0.1392605257528599,-0.0222160456368232
1324,SGZ,453551.882549978,5679094.30796171,0.0,0.0,0.0,0.0,13.94552516937256,,1.0535790920257568,0.0,0.0,,-0.6846025985202985,0.0997092906387322
1325,SGZ,453551.851518122,5679093.69962664,0.0,0.0,0.0,0.0,12.789957046508787,,1.0527523756027222,0.0,0.0,,-0.9205242128620216,0.2947024826172487
1326,SGZ,453551.839478524,5679092.80619365,0.0,0.0,0.0,0.0,11.169270515441896,,1.0970553159713743,0.0,0.0,,-0.5977073436972463,-0.1311222400710708
1327,SGZ,453551.870687066,5679091.91745486,0.0,0.0,0.0,0.0,11.721620559692385,,1.029586672782898,0.0,0.0,,0.7316122997428645,-0.4743919106942254
1328,SGZ,453552.031247212,5679091.10938235,0.0,0.0,0.0,0.0,8.210007667541504,,1.0301513671875,0.0,0.0,,0.1668662508569222,-0.3408237009618274
1329,SGZ,453552.183466704,5679090.24799185,0.0,0.0,0.0,0.0,10.876880645751951,,1.0896492004394531,0.0,0.0,,0.0999919967624683,-0.3273636642630473
1330,SGZ,453552.257497798,5679089.43607957,0.0,0.0,0.0,0.0,3.829600095748901,,1.0534590482711792,0.0,0.0,,-0.476801947676699,-0.690836322086719
1331,SGZ,453552.149266132,5679088.70965382,0.0,0.0,0.0,0.0,3.3219051361083984,,1.0718075037002563,0.0,0.0,,-0.0009509360144616,-0.6382477758354455
1332,SGZ,453551.981052761,5679087.88077571,0.0,0.0,0.0,0.0,5.394169807434082,,1.051228404045105,0.0,0.0,,-0.1719159775743664,-0.6015024672334317
1333,SGZ,453551.82110148,5679087.11853233,0.0,0.0,0.0,0.0,17.002859115600586,,1.0773847103118896,0.0,0.0,,-0.597067354255211,-0.3745620161448058
1334,SGZ,453551.643958356,5679086.33621171,0.0,0.0,0.0,0.0,6.144405841827393,,1.0664650201797483,0.0,0.0,,0.2903379179475938,-0.2477318444599097
1335,SGZ,453551.484144625,5679085.55066403,0.0,0.0,0.0,0.0,8.223525047302246,,1.0706342458724976,0.0,0.0,,-0.6778085379150561,0.3500974652423353
1336,SGZ,453551.341359128,5679084.81293676,0.0,0.0,0.0,0.0,9.762965202331545,,1.0649124383926392,0.0,0.0,,0.0815554953065244,-0.2015570428502863
1337,SGZ,453551.198874818,5679084.02416201,0.0,0.0,0.0,0.0,16.3327693939209,,1.0859968662261963,0.0,0.0,,-0.705496087278576,-0.2923797955518312
1338,SGZ,453551.021810393,5679083.22852464,0.0,0.0,0.0,0.0,1.5015199184417725,,1.0079702138900757,0.0,0.0,,-0.1151458479263475,0.3737100205239587
1339,SGZ,453550.896498371,5679082.46315628,0.0,0.0,0.0,0.0,10.781556129455566,,1.0339584350585938,0.0,0.0,,0.3129084640407349,0.7934383577547898
1340,SGZ,453550.832051873,5679081.65042705,0.0,0.0,0.0,0.0,6.914835453033447,,1.028290033340454,0.0,0.0,,0.4487262819287874,0.70056621390201
1341,SGZ,453550.784974018,5679080.82781238,0.0,0.0,0.0,0.0,2.3948559761047363,,1.02720308303833,0.0,0.0,,-0.1523136275603437,0.2566141615063805
1342,SGZ,453550.72922823,5679080.0073661,0.0,0.0,0.0,0.0,10.283246040344238,,1.0452347993850708,0.0,0.0,,-0.7692465230864225,0.3255516171785882
1343,SGZ,453550.656166204,5679079.18792743,0.0,0.0,0.0,0.0,15.629441261291504,,1.0631532669067385,0.0,0.0,,0.062194218590002,0.7885488676232019
1344,SGZ,453550.539561514,5679078.4137323,0.0,0.0,0.0,0.0,3.9416656494140634,,1.030463695526123,0.0,0.0,,-0.6101811403291936,0.5010057422311741
1345,SGZ,453550.431389103,5679077.67731897,0.0,0.0,0.0,0.0,5.808785915374756,,1.0541884899139404,0.0,0.0,,-0.7029831587775467,0.5801811512432419
1346,SGZ,453550.349547892,5679076.87891406,0.0,0.0,0.0,0.0,5.7803168296813965,,1.0207459926605225,0.0,0.0,,-0.1549870735158277,0.4530343587960037
1347,SGZ,453550.320080986,5679076.00535402,0.0,0.0,0.0,0.0,1.808187484741211,,1.0044132471084597,0.0,0.0,,-0.503142488440442,0.2844821508292587
1348,SGZ,453550.273278205,5679075.13613077,0.0,0.0,0.0,0.0,1.096458077430725,,1.000727653503418,0.0,0.0,,-0.6479918791283946,0.2920115223045279
1349,SGZ,453550.148313393,5679074.31194681,0.0,0.0,0.0,0.0,2.43514347076416,,1.0015292167663574,0.0,0.0,,-0.756016812137144,0.4223439407343328
1350,SGZ,453550.006052016,5679073.48544127,0.0,0.0,0.0,0.0,0.8421301245689392,,1.0026671886444092,0.0,0.0,,0.3273492914035424,0.2630607562303726
1351,SGZ,453549.837747565,5679072.67209929,0.0,0.0,0.0,0.0,1.0069509744644165,,1.001408934593201,0.0,0.0,,0.3863226998133701,0.3775619270730526
1352,SGZ,453549.678058714,5679071.86546672,0.0,0.0,0.0,0.0,2.95217514038086,,1.0081729888916016,0.0,0.0,,-0.2838360105971906,0.813612607093772
1353,SGZ,453549.518422277,5679071.04995632,0.0,0.0,0.0,0.0,0.8887730836868286,,1.0030784606933594,0.0,0.0,,0.368039914614878,0.4081281866025314
1354,SGZ,453549.333260007,5679070.15994097,0.0,0.0,0.0,0.0,1.034595251083374,,1.0034048557281494,0.0,0.0,,0.2336429268041997,-0.0124334602826577
1355,SGZ,453549.182199918,5679069.35779837,0.0,0.0,0.0,0.0,4.310577869415283,,1.011266827583313,0.0,0.0,,-0.1412011202516311,0.6319021687251054
1356,SGZ,453549.073844452,5679068.65245738,0.0,0.0,0.0,0.0,2.6358063220977783,,1.0243462324142456,0.0,0.0,,0.2030696437429648,0.4162856429161133
1357,SGZ,453548.991846361,5679067.88068592,0.0,0.0,0.0,0.0,6.889251232147217,,1.0139522552490234,0.0,0.0,,-0.034865592859029,0.7325633395409743
1358,SGZ,453548.927243078,5679067.09459011,0.0,0.0,0.0,0.0,6.989771842956543,,1.0296310186386108,0.0,0.0,,-0.5950842590353801,0.6814379674368786
1359,SGZ,453548.871386303,5679066.29300918,0.0,0.0,0.0,0.0,8.364124298095703,,1.0540359020233154,0.0,0.0,,-0.903612997746852,0.1236891418635432
1360,SGZ,453548.841402394,5679065.50711761,0.0,0.0,0.0,0.0,2.9543771743774414,,1.0114842653274536,0.0,0.0,,0.1840432225171668,0.3467463747580133
1361,SGZ,453548.8031303,5679064.65903023,0.0,0.0,0.0,0.0,1.7074785232543943,,1.0335708856582642,0.0,0.0,,-0.0343230039851131,-0.2103470057148383
1362,SGZ,453548.738435409,5679063.88847061,0.0,0.0,0.0,0.0,5.951988697052002,,1.0221123695373535,0.0,0.0,,-0.4668522365252356,-0.7448494364497323
1363,SGZ,453548.638983699,5679063.14101102,0.0,0.0,0.0,0.0,1.021271586418152,,1.020498752593994,0.0,0.0,,-0.2012120016107037,0.0081011626355886
1364,SGZ,453548.522183061,5679062.40010767,0.0,0.0,0.0,0.0,3.8276093006134033,,1.0084348917007446,0.0,0.0,,0.594307011734621,0.2816734795151944
1365,SGZ,453548.362278514,5679061.63009608,0.0,0.0,0.0,0.0,5.792590141296387,,1.048344969749451,0.0,0.0,,-0.4074855907213353,-0.023310579171158
1366,SGZ,453548.202256147,5679060.88005958,0.0,0.0,0.0,0.0,1.125038743019104,,1.0072181224822998,0.0,0.0,,-0.3051874185953618,-0.7748143844840105
1367,SGZ,453548.05946491,5679060.14344195,0.0,0.0,0.0,0.0,6.40413236618042,,1.013419508934021,0.0,0.0,,-0.6663883895874466,-0.6997057692150861
1368,SGZ,453547.925132104,5679059.4401672,0.0,0.0,0.0,0.0,6.628015041351318,,1.0097124576568604,0.0,0.0,,-0.3172477759720269,-0.6850194335098742
1369,SGZ,453547.78249151,5679058.67802582,0.0,0.0,0.0,0.0,1.0513107776641846,,1.0161060094833374,0.0,0.0,,-0.0113248525460114,0.06372160920089
1370,SGZ,453547.649009921,5679057.83048645,0.0,0.0,0.0,0.0,1.5908664464950562,,1.016022562980652,0.0,0.0,,0.229039316234872,-0.0222294170355901
1371,SGZ,453547.532458268,5679057.04741341,0.0,0.0,0.0,0.0,3.612125396728516,,1.015774846076965,0.0,0.0,,-0.1917621328743357,0.1182730295670739
1372,SGZ,453547.424574561,5679056.26217199,0.0,0.0,0.0,0.0,3.194475650787353,,1.015392780303955,0.0,0.0,,0.225245736782302,0.2016294858017688
1373,SGZ,453547.342773207,5679055.45710865,0.0,0.0,0.0,0.0,5.389423370361328,,1.0390857458114624,0.0,0.0,,-0.5786488924745528,0.021446164628788
1374,SGZ,453547.295532243,5679054.66223712,0.0,0.0,0.0,0.0,0.2951046824455261,,1.0208067893981934,0.0,0.0,,-0.0413652713435721,0.1551761195941229
1375,SGZ,453547.265895578,5679053.81752996,0.0,0.0,0.0,0.0,3.256675243377685,,1.007023811340332,0.0,0.0,,-0.2317213521071171,0.9010175246892445
1376,SGZ,453547.227322552,5679053.02049003,0.0,0.0,0.0,0.0,5.1871771812438965,,1.0068724155426023,0.0,0.0,,-0.4681915192135588,0.4572420235048302
1377,SGZ,453547.171119065,5679052.27772464,0.0,0.0,0.0,0.0,2.6084418296813965,,1.0373454093933103,0.0,0.0,,-0.0479278111333241,0.0679479095390734
1378,SGZ,453547.097776183,5679051.5060042,0.0,0.0,0.0,0.0,6.711203575134277,,1.025673747062683,0.0,0.0,,-0.3881237297467435,0.130970908778692
1379,SGZ,453546.981185406,5679050.72958951,0.0,0.0,0.0,0.0,6.030200481414795,,1.022655010223389,0.0,0.0,,0.0331750491359006,0.1236316085859731
1380,SGZ,453546.855985668,5679049.94535567,0.0,0.0,0.0,0.0,7.297243595123291,,1.024829626083374,0.0,0.0,,-0.6879952450269905,0.3936333745253943
1381,SGZ,453546.73074667,5679049.16778019,0.0,0.0,0.0,0.0,3.368473052978516,,1.021662712097168,0.0,0.0,,-0.6291667794616586,-0.3483927211474012
1382,SGZ,453546.597036214,5679048.35908126,0.0,0.0,0.0,0.0,1.8168752193450928,,1.0086206197738647,0.0,0.0,,0.0130592283684025,0.6568011792119107
1383,SGZ,453546.463247213,5679047.56369907,0.0,0.0,0.0,0.0,0.8862196803092957,,1.0011507272720337,0.0,0.0,,-0.2927841862571664,0.6934404005198225
1384,SGZ,453546.337896985,5679046.80498895,0.0,0.0,0.0,0.0,0.6489954590797424,,1.002808690071106,0.0,0.0,,0.248715397716814,-0.2971783069110176
1385,SGZ,453546.195878826,5679045.93742337,0.0,0.0,0.0,0.0,0.7099990248680115,,1.0175886154174805,0.0,0.0,,0.6815107986729484,0.1275670820202088
1386,SGZ,453546.061998245,5679045.15757735,0.0,0.0,0.0,0.0,2.422905445098877,,1.0036406517028809,0.0,0.0,,-0.8696747812126583,0.2500251196167212
1387,SGZ,453545.954141062,5679044.36789698,0.0,0.0,0.0,0.0,3.76362681388855,,1.0025938749313354,0.0,0.0,,-0.7019320111878448,0.6917039607260538
1388,SGZ,453545.863645909,5679043.56944091,0.0,0.0,0.0,0.0,3.254547595977783,,1.0019725561141968,0.0,0.0,,-0.9717570694909436,0.0384059578066117
1389,SGZ,453545.798578301,5679042.86213572,0.0,0.0,0.0,0.0,1.7157049179077148,,1.002420425415039,0.0,0.0,,-0.3124235346821405,-0.4049441187294054
1390,SGZ,453545.733844637,5679042.09823442,0.0,0.0,0.0,0.0,3.653441190719605,,1.004054069519043,0.0,0.0,,-0.3461760237596827,-0.8610229959064264
1391,SGZ,453545.669523494,5679041.26442024,0.0,0.0,0.0,0.0,1.4367294311523438,,1.0383851528167725,0.0,0.0,,-0.0768530356103634,0.2778257152845092
1392,SGZ,453545.587460598,5679040.50374598,0.0,0.0,0.0,0.0,0.5660386085510254,,1.0322717428207395,0.0,0.0,,-0.0295382631385914,-0.0263166440614799
1393,SGZ,453545.428375297,5679039.59501831,0.0,0.0,0.0,0.0,0.685422420501709,,1.0036426782608032,0.0,0.0,,0.0791347818715232,0.298955307475686
1394,SGZ,453545.277159107,5679038.81950905,0.0,0.0,0.0,0.0,2.492143392562866,,1.0176012516021729,0.0,0.0,,-0.1515064715186223,-0.3338021110562274
1395,SGZ,453545.125942953,5679038.04399979,0.0,0.0,0.0,0.0,0.8648733496665955,,1.025202751159668,0.0,0.0,,-0.2874566549293735,-0.3473350222605982
1396,SGZ,453545.009555578,5679037.23318349,0.0,0.0,0.0,0.0,1.2991052865982056,,1.1111574172973633,0.0,0.0,,-0.0591199057815923,0.0291618245030177
1397,SGZ,453544.953712574,5679036.42938303,0.0,0.0,0.0,0.0,5.307399272918701,,1.0332236289978027,0.0,0.0,,-0.291919172923589,0.2086205307830682
1398,SGZ,453544.914989306,5679035.65786681,0.0,0.0,0.0,0.0,6.09417200088501,,1.0166436433792114,0.0,0.0,,-0.0057564520085942,0.7738846039795604
1399,SGZ,453544.876292237,5679034.88191168,0.0,0.0,0.0,0.0,2.74072265625,,1.009548544883728,0.0,0.0,,-0.7012978278952456,0.2008133852538095
1400,SGZ,453544.829372535,5679034.03266343,0.0,0.0,0.0,0.0,2.121946334838867,,1.0074620246887207,0.0,0.0,,0.0672452857748028,0.1442271115602482
1401,SGZ,453544.773326598,5679033.26326453,0.0,0.0,0.0,0.0,8.752019882202148,,1.030789852142334,0.0,0.0,,-0.571400433355438,0.533152781598164
1402,SGZ,453544.80341616,5679032.56428915,0.0,0.0,0.0,0.0,4.154407501220703,,1.0134212970733645,0.0,0.0,,-0.2882411707499572,-0.1162727271847571
1403,SGZ,453544.920007879,5679031.87359254,0.0,0.0,0.0,0.0,3.1230475902557373,,1.0031903982162476,0.0,0.0,,0.5150231485283439,-0.282165864631318
1404,SGZ,453545.08802419,5679031.26865138,0.0,0.0,0.0,0.0,3.496445894241333,,1.0161551237106323,0.0,0.0,,0.3518417627040566,0.5016018186818859
1405,SGZ,453545.359799837,5679030.68096892,0.0,0.0,0.0,0.0,1.9141494035720823,,1.0076252222061155,0.0,0.0,,0.5726588322821861,0.2938783107508688
1406,SGZ,453545.709259098,5679030.12925735,0.0,0.0,0.0,0.0,5.706485748291016,,1.0592087507247925,0.0,0.0,,-0.652737159452263,0.2977899849630859
1407,SGZ,453546.154169889,5679029.53593783,0.0,0.0,0.0,0.0,2.98264217376709,,1.0053476095199585,0.0,0.0,,-0.7779029550476994,-0.2553362611932009
1408,SGZ,453546.659415377,5679028.98514539,0.0,0.0,0.0,0.0,1.835626006126404,,1.0035483837127686,0.0,0.0,,-0.76745669769653,0.5762614626891072
1409,SGZ,453547.2078824,5679028.44348606,0.0,0.0,0.0,0.0,2.184675931930542,,1.001649022102356,0.0,0.0,,-0.5608819974232144,0.70709962573022
1410,SGZ,453547.712931322,5679027.9259854,0.0,0.0,0.0,0.0,0.8469499349594116,,1.0012450218200684,0.0,0.0,,-0.3905420216078322,0.5601421258138255
1411,SGZ,453548.200624756,5679027.41615067,0.0,0.0,0.0,0.0,1.5332826375961304,,1.0056182146072388,0.0,0.0,,-0.3182328693955104,0.4642198938727486
1412,SGZ,453548.757471369,5679026.92115087,0.0,0.0,0.0,0.0,1.7056931257247925,,1.002597451210022,0.0,0.0,,-0.2839321229388465,0.2145336979058719
1413,SGZ,453549.34880614,5679026.44854984,0.0,0.0,0.0,0.0,2.9028444290161133,,1.0042465925216677,0.0,0.0,,-0.1788439203217615,0.8588022778698366
1414,SGZ,453549.983473729,5679025.96621653,0.0,0.0,0.0,0.0,2.223350048065185,,1.0029313564300537,0.0,0.0,,0.4001804147419048,0.8579674002199669
1415,SGZ,453550.609060889,5679025.55596441,0.0,0.0,0.0,0.0,2.333225011825561,,1.0026859045028689,0.0,0.0,,-0.1798983895738201,0.6468072623283544
1416,SGZ,453551.208303882,5679025.20992329,0.0,0.0,0.0,0.0,7.880367755889893,,1.050722360610962,0.0,0.0,,-0.4812746824328315,-0.120471234975257
1417,SGZ,453552.006659411,5679024.85617866,0.0,0.0,0.0,0.0,1.1946152448654177,,1.0028997659683228,0.0,0.0,,-0.7192332130593359,0.2528537564707789
1418,SGZ,453552.769996347,5679024.56992312,0.0,0.0,0.0,0.0,2.5861730575561523,,1.008805751800537,0.0,0.0,,-0.5374991362816984,0.2161643491960864
1419,NVB,453553.489902153,5679024.31004569,0.0,0.0,0.0,0.0,4.542381763458252,,1.0059144496917725,0.0,0.0,,-0.4034989456144078,0.6646635818711396
1420,NVB,453554.183679871,5679024.07775822,0.0,0.0,0.0,0.0,1.797392725944519,,1.0016509294509888,0.0,0.0,,-0.062632535430742,0.4037443713772163
1421,NVB,453554.851506268,5679023.84309806,0.0,0.0,0.0,0.0,1.8026483058929443,,1.0025657415390017,0.0,0.0,,-0.0383407756740028,0.3463781249952575
1422,NVB,453555.571503586,5679023.56768425,0.0,0.0,0.0,0.0,3.012942314147949,,1.003187656402588,0.0,0.0,,0.4003571354701332,-0.5649912733442385
1423,NVB,453556.265765599,5679023.25327673,0.0,0.0,0.0,0.0,2.770912170410156,,1.023049235343933,0.0,0.0,,0.2122916934412542,-0.0733827784203447
1424,NVB,453556.882088626,5679022.94617776,0.0,0.0,0.0,0.0,0.9403511881828308,,1.0136114358901978,0.0,0.0,,-0.1350856419687506,0.462425179713198
1425,NVB,453557.515753916,5679022.63363222,0.0,0.0,0.0,0.0,1.7546294927597046,,1.012844800949097,0.0,0.0,,0.0806761976954475,0.2382040571245241
1426,NVB,453558.227482451,5679022.29269316,0.0,0.0,0.0,0.0,3.224093198776245,,1.0569305419921875,0.0,0.0,,-0.1054329880169892,-0.245226062679515
1427,NVB,453558.947885347,5679021.94847591,0.0,0.0,0.0,0.0,4.407945156097412,,1.024060606956482,0.0,0.0,,-0.4358392209738449,0.3470626575151329
1428,NVB,453559.694383464,5679021.58221719,0.0,0.0,0.0,0.0,4.374964237213135,,1.0448790788650513,0.0,0.0,,0.0257219384420027,0.1065960556485096
1429,NVB,453560.406124897,5679021.23905849,0.0,0.0,0.0,0.0,6.951605319976807,,1.0095375776290894,0.0,0.0,,0.004240633755243,0.8879755775521815
1430,NVB,453561.187307482,5679020.86190654,0.0,0.0,0.0,0.0,4.581480503082275,,1.036979079246521,0.0,0.0,,-0.6797569552191686,-0.2230810443305926
1431,NVB,453561.933772663,5679020.50119625,0.0,0.0,0.0,0.0,2.64290452003479,,1.0098727941513062,0.0,0.0,,-0.3753420364791553,0.4686416989849431
1432,NVB,453562.688958012,5679020.12943966,0.0,0.0,0.0,0.0,4.874615669250488,,1.0093684196472168,0.0,0.0,,0.6110234031889522,0.7600135575783016
1433,NVB,453563.400738452,5679019.77962232,0.0,0.0,0.0,0.0,3.862523078918457,,1.0088268518447876,0.0,0.0,,0.3257044611013199,-0.6428975570514393
1434,NVB,453564.086430116,5679019.4507366,0.0,0.0,0.0,0.0,1.7634072303771973,,1.00289785861969,0.0,0.0,,-0.5140735490713197,8.47642568835294e-05
1435,NVB,453564.823926074,5679019.14324193,0.0,0.0,0.0,0.0,1.5670852661132812,,1.0127863883972168,0.0,0.0,,-0.4252643375487069,0.0032420565418943
1436,NVB,453565.535267819,5679018.86777617,0.0,0.0,0.0,0.0,3.9424023628234863,,1.00853168964386,0.0,0.0,,-0.0792272397506587,-0.9667650927498214
1437,NVB,453566.194700433,5679018.5886749,0.0,0.0,0.0,0.0,3.751091241836548,,1.006444215774536,0.0,0.0,,-0.5032062752086156,-0.3790159368234755
1438,NVB,453566.871553837,5679018.29081028,0.0,0.0,0.0,0.0,2.720890522003174,,1.002205729484558,0.0,0.0,,-0.8099289831633353,0.0002079593891927
1439,NVB,453567.548381005,5679017.99738452,0.0,0.0,0.0,0.0,1.410440444946289,,1.0081498622894287,0.0,0.0,,-0.3589594240969784,0.4311787576132382
1440,NVB,453568.277149918,5679017.70204549,0.0,0.0,0.0,0.0,2.4287257194519043,,1.0054314136505127,0.0,0.0,,0.1215768458529525,0.1598667651356954
1441,NVB,453569.049218866,5679017.40252269,0.0,0.0,0.0,0.0,4.848868370056152,,1.007175326347351,0.0,0.0,,-0.5412572000730619,0.3142429908178594
1442,NVB,453569.769319792,5679017.10935194,0.0,0.0,0.0,0.0,0.4494629800319671,,1.00290048122406,0.0,0.0,,-0.0537304079847708,0.0791393907978961
1443,NVB,453570.428791375,5679016.82359194,0.0,0.0,0.0,0.0,0.4878654778003692,,1.001099705696106,0.0,0.0,,0.2768321525790115,-0.1380965570931117
1444,NVB,453571.131464835,5679016.55029409,0.0,0.0,0.0,0.0,1.147045016288757,,1.0036159753799438,0.0,0.0,,0.0703875098947558,0.6160568463837169
1445,NVB,453571.868803183,5679016.26943223,0.0,0.0,0.0,0.0,1.9519555568695068,,1.0048186779022217,0.0,0.0,,0.4317523089407262,0.0228304199082853
1446,NVB,453572.684309361,5679015.94242107,0.0,0.0,0.0,0.0,1.1965574026107788,,1.0018612146377563,0.0,0.0,,0.3807905538087842,0.3963221977979753
1447,NVB,453573.395886111,5679015.62700439,0.0,0.0,0.0,0.0,1.0779911279678345,,1.0035744905471802,0.0,0.0,,0.5906187888974789,-0.2077687485123506
1448,NVB,453574.107469347,5679015.31047792,0.0,0.0,0.0,0.0,4.222681045532227,,1.012967586517334,0.0,0.0,,0.4132010764500213,0.3382603887976136
1449,NVB,453574.758606477,5679014.97028987,0.0,0.0,0.0,0.0,1.4636672735214231,,1.0012224912643433,0.0,0.0,,0.7344874278646483,0.4703026495081808
1450,NVB,453575.557548803,5679014.51666735,0.0,0.0,0.0,0.0,0.9676077365875244,,1.0012450218200684,0.0,0.0,,0.0079845987520167,0.3797022779449778
1451,NVB,453576.23459125,5679014.18661982,0.0,0.0,0.0,0.0,1.1358108520507812,,1.0008665323257446,0.0,0.0,,0.6837682864307459,0.0769510668561804
1452,NVB,453576.920124839,5679013.88436647,0.0,0.0,0.0,0.0,1.6632007360458374,,1.000918745994568,0.0,0.0,,0.4464571645263395,0.410613237172628
1453,NVB,453577.614496361,5679013.5510917,0.0,0.0,0.0,0.0,1.27865469455719,,1.00187349319458,0.0,0.0,,0.2515140232580001,0.1230523446715837
1454,NVB,453578.439029753,5679013.16087648,0.0,0.0,0.0,0.0,1.281670093536377,,1.0011169910430908,0.0,0.0,,-0.3090069688610425,0.6501961390660059
1455,NVB,453579.168046433,5679012.82336679,0.0,0.0,0.0,0.0,2.719019651412964,,1.0025392770767212,0.0,0.0,,-0.671742168835496,0.3806104647627434
1456,NVB,453579.853403125,5679012.55107584,0.0,0.0,0.0,0.0,1.327559471130371,,1.001082420349121,0.0,0.0,,-0.4347544182008386,-0.726237367020615
1457,NVB,453580.703527688,5679012.22426796,0.0,0.0,0.0,0.0,0.6502050161361694,,1.0011872053146362,0.0,0.0,,-0.4801376384966284,0.7002019109326788
1458,NVB,453581.466829611,5679011.94355829,0.0,0.0,0.0,0.0,1.1814091205596924,,1.0015904903411863,0.0,0.0,,-0.8051819137589907,0.3172244561580334
1459,NVB,453582.247473747,5679011.65740196,0.0,0.0,0.0,0.0,0.7353347539901733,,1.0004643201828003,0.0,0.0,,-0.8624397163905009,0.3937351664879556
1460,NVB,453583.010926036,5679011.3511684,0.0,0.0,0.0,0.0,1.5626715421676636,,1.000993728637695,0.0,0.0,,-0.8583248513278127,0.3343550068618278
1461,NVB,453583.800447274,5679011.02733219,0.0,0.0,0.0,0.0,0.7318057417869568,,1.000396728515625,0.0,0.0,,-0.9031600464125552,-0.131945763976553
1462,NVB,453584.607448098,5679010.67474503,0.0,0.0,0.0,0.0,2.2428295612335205,,1.007853865623474,0.0,0.0,,-0.5487150395953359,0.3839408458494085
1463,NVB,453585.345073257,5679010.34505389,0.0,0.0,0.0,0.0,1.2003216743469238,,1.0018415451049805,0.0,0.0,,-0.4396468954014796,0.3341930447298509
1464,NVB,453586.056779826,5679010.00744151,0.0,0.0,0.0,0.0,2.474698066711426,,1.002675175666809,0.0,0.0,,-0.0267731192683604,0.8344185768299459
1465,NVB,453586.768486328,5679009.66982908,0.0,0.0,0.0,0.0,1.1677318811416626,,1.0041197538375854,0.0,0.0,,-0.2210356434504307,-0.0660962379671295
1466,NVB,453587.488821377,5679009.33670651,0.0,0.0,0.0,0.0,0.7247373461723328,,1.0039961338043213,0.0,0.0,,0.1076718728804412,0.2591333247200664
1467,NVB,453588.261340141,5679008.96061061,0.0,0.0,0.0,0.0,1.093706130981445,,1.0013024806976318,0.0,0.0,,0.6824441865099455,0.2824352241865469
1468,NVB,453588.973209997,5679008.59525478,0.0,0.0,0.0,0.0,1.2427304983139038,,1.000979781150818,0.0,0.0,,0.4934191638102035,-0.5069013631906115
1469,NVB,453589.65889305,5679008.26747658,0.0,0.0,0.0,0.0,3.3661465644836426,,1.0043165683746338,0.0,0.0,,0.3984072521884583,0.7784287169809052
1470,NVB,453590.405290287,5679007.91786088,0.0,0.0,0.0,0.0,1.0063406229019165,,1.0077857971191406,0.0,0.0,,0.1307424546616798,0.1630093247516505
1471,NVB,453591.255754053,5679007.53334601,0.0,0.0,0.0,0.0,1.550862193107605,,1.0069565773010254,0.0,0.0,,0.0343443809598551,0.4224951362735347
1472,NVB,453592.002013781,5679007.20703445,0.0,0.0,0.0,0.0,2.37469744682312,,1.0074161291122437,0.0,0.0,,-0.2709740604529077,-0.2658079457933855
1473,NVB,453592.756974008,5679006.87300574,0.0,0.0,0.0,0.0,1.443062424659729,,1.001539945602417,0.0,0.0,,-0.3121551566978474,0.4599241488192305
1474,NVB,453593.503344808,5679006.52782866,0.0,0.0,0.0,0.0,1.964833378791809,,1.0015628337860107,0.0,0.0,,0.5408943399901679,0.3742719441127787
1475,NVB,453594.188916292,5679006.21891545,0.0,0.0,0.0,0.0,2.052506446838379,,1.0071903467178345,0.0,0.0,,0.0169427584702125,0.3162116424090685
1476,NVB,453594.874284957,5679005.94440373,0.0,0.0,0.0,0.0,1.5468473434448242,,1.001537561416626,0.0,0.0,,0.6152647593139723,-0.04584873352879
1477,NVB,453595.620361242,5679005.64916421,0.0,0.0,0.0,0.0,1.3762444257736206,,1.0010191202163696,0.0,0.0,,0.6303762970908187,0.3090756285112047
1478,NVB,453597.069331356,5679005.04289372,0.0,0.0,0.0,0.0,0.9014855027198792,,1.0059435367584229,0.0,0.0,,0.6338471067456716,0.657789589544905
1479,NVB,453597.858929851,5679004.70573938,0.0,0.0,0.0,0.0,1.7458575963974,,1.0007452964782717,0.0,0.0,,0.7892758460942558,0.5939215852877581
1480,NVB,453598.53592472,5679004.38345804,0.0,0.0,0.0,0.0,2.345755100250244,,1.0046062469482422,0.0,0.0,,0.3910951240728179,0.6847873815960304
1481,NVB,453599.247656328,5679004.04140557,0.0,0.0,0.0,0.0,2.152794599533081,,1.0037392377853394,0.0,0.0,,0.8583453737739527,0.3920511678653775
1482,NVB,453600.02853446,5679003.71529728,0.0,0.0,0.0,0.0,3.0115761756896973,,1.0047763586044312,0.0,0.0,,0.8181500630799948,0.3349018781489506
1483,NVB,453600.78335012,5679003.40568182,0.0,0.0,0.0,0.0,1.6771315336227417,,1.0018137693405151,0.0,0.0,,0.8034114793833639,0.1302824847269776
1484,NVB,453601.529504416,5679003.09712501,0.0,0.0,0.0,0.0,1.2304925918579102,,1.0037024021148682,0.0,0.0,,0.6007342048723149,0.34164763665969
1485,NVB,453602.214820227,5679002.83149048,0.0,0.0,0.0,0.0,1.0618454217910769,,1.0022963285446167,0.0,0.0,,0.2297880322192947,0.5980602686166999
1486,NVB,453602.900168688,5679002.56030726,0.0,0.0,0.0,0.0,1.638031244277954,,1.0010581016540527,0.0,0.0,,0.111327450817799,0.7530065379454419
1487,NVB,453603.646551703,5679002.21290977,0.0,0.0,0.0,0.0,0.6833143830299377,,1.0011906623840332,0.0,0.0,,-0.1010265641636714,0.7088466124974725
1488,NVB,453604.340947201,5679001.87519375,0.0,0.0,0.0,0.0,0.914155662059784,,1.001572608947754,0.0,0.0,,-0.1106003505739667,0.7287689635148863
1489,NVB,453605.070236356,5679001.4910731,0.0,0.0,0.0,0.0,2.221698760986328,,1.0009597539901731,0.0,0.0,,-0.3545030322842916,0.6096131879859851
1490,NVB,453605.773443437,5679001.12677448,0.0,0.0,0.0,0.0,0.5209156274795532,,1.0010608434677124,0.0,0.0,,-0.5265919884138969,0.7623738004365612
1491,NVB,453606.528526726,5679000.77165963,0.0,0.0,0.0,0.0,2.0911648273468018,,1.0015937089920044,0.0,0.0,,-0.2064805915657259,0.8093136951214003
1492,NVB,453607.257632578,5679000.41861116,0.0,0.0,0.0,0.0,3.4063680171966557,,1.0043845176696775,0.0,0.0,,-0.4174832572232853,0.7382076652709002
1493,NVB,453607.99535389,5679000.07227199,0.0,0.0,0.0,0.0,1.5542540550231934,,1.0027745962142944,0.0,0.0,,-0.3665932041895789,0.8715622644860684
1494,NVB,453608.785075649,5678999.71403173,0.0,0.0,0.0,0.0,2.683107614517212,,1.005416989326477,0.0,0.0,,-0.2258787576228248,0.5977649211584178
1495,NVB,453609.540001732,5678999.38555005,0.0,0.0,0.0,0.0,1.7632492780685425,,1.0009989738464355,0.0,0.0,,-0.4199010479385636,0.2891344562277893
1496,NVB,453610.25149047,5678999.08455653,0.0,0.0,0.0,0.0,0.919524312019348,,1.0012470483779907,0.0,0.0,,-0.5151561467723984,0.0620044490017584
1497,NVB,453611.093114444,5678998.73106092,0.0,0.0,0.0,0.0,1.2688950300216677,,1.0028626918792725,0.0,0.0,,-0.6348484324173148,0.0275754120963474
1498,NVB,453611.821958356,5678998.42240115,0.0,0.0,0.0,0.0,2.183516025543213,,1.0029616355895996,0.0,0.0,,-0.7536005998881777,-0.0841410887498743
1499,NVB,453612.542127832,5678998.1170195,0.0,0.0,0.0,0.0,3.2117679119110107,,1.0041086673736572,0.0,0.0,,-0.2900001471080409,-0.2140623447552493
1500,NVB,453613.253662106,5678997.80825761,0.0,0.0,0.0,0.0,0.8952017426490784,,1.0081353187561035,0.0,0.0,,-0.035132741796388,0.1133632485680528
1501,NVB,453614.02593003,5678997.47432885,0.0,0.0,0.0,0.0,3.118614435195923,,1.0085902214050293,0.0,0.0,,-0.1516428831433387,0.2472567439330458
1502,NVB,453614.754793319,5678997.16233962,0.0,0.0,0.0,0.0,2.374296188354492,,1.0052977800369265,0.0,0.0,,-0.2594875773284416,0.5064862620349935
1503,NVB,453615.457613815,5678996.8635141,0.0,0.0,0.0,0.0,1.5737309455871582,,1.0028566122055054,0.0,0.0,,-0.6075101058108808,0.5822961495702258
1504,NVB,453616.31665144,5678996.49236427,0.0,0.0,0.0,0.0,3.96828818321228,,1.0041488409042358,0.0,0.0,,-0.6056804929640102,0.7414050856023157
1505,NVB,453617.106470516,5678996.11747725,0.0,0.0,0.0,0.0,2.2467470169067383,,1.0021711587905884,0.0,0.0,,-0.3114528107074432,0.7407436471231218
1506,NVB,453617.878881935,5678995.75913411,0.0,0.0,0.0,0.0,0.1976519525051117,,1.0027557611465454,0.0,0.0,,-0.159383103768243,0.469687662698071
1507,NVB,453618.61642582,5678995.4427566,0.0,0.0,0.0,0.0,2.0676825046539307,,1.0027532577514648,0.0,0.0,,0.2092131646884399,0.6439884845463547
1508,NVB,453619.319265625,5678995.14060155,0.0,0.0,0.0,0.0,1.1549968719482422,,1.0024614334106443,0.0,0.0,,-0.3233801439532943,0.572591820531538
1509,NVB,453620.135048695,5678994.76586719,0.0,0.0,0.0,0.0,1.646174073219299,,1.00164532661438,0.0,0.0,,0.2530061950374286,0.4580950547964605
1510,NVB,453620.760093618,5678994.44660723,0.0,0.0,0.0,0.0,1.5160562992095947,,1.001482009887695,0.0,0.0,,0.6913879025965803,0.0214382160631027
1511,NVB,453621.419862115,5678994.1097955,0.0,0.0,0.0,0.0,2.4353222846984863,,1.0014865398406982,0.0,0.0,,0.2395397140503644,0.7504391843531438
1512,NVB,453622.14014848,5678993.78443788,0.0,0.0,0.0,0.0,1.5132454633712769,,1.0010656118392944,0.0,0.0,,-0.1704010624147642,0.3740489557963415
1513,NVB,453622.886301004,5678993.47587905,0.0,0.0,0.0,0.0,2.138188123703003,,1.0027633905410769,0.0,0.0,,-0.1647468384852331,0.2520682890692465
1514,NVB,453623.701240477,5678993.24429923,0.0,0.0,0.0,0.0,5.553172111511231,,1.0350830554962158,0.0,0.0,,-0.3280949509229361,0.4855920559431164
1515,NVB,453624.568226097,5678992.9930501,0.0,0.0,0.0,0.0,2.160207271575928,,1.0048266649246216,0.0,0.0,,-0.7412737397816297,0.1843958070990441
1516,NVB,453625.357384226,5678992.73024478,0.0,0.0,0.0,0.0,2.274625539779663,,1.0036213397979736,0.0,0.0,,-0.1593036707146283,0.3888387598844355
1517,NVB,453625.999574868,5678992.43882956,0.0,0.0,0.0,0.0,0.37146857380867,,1.002018928527832,0.0,0.0,,0.0709056501192871,-0.4623639470429315
1518,NVB,453626.667860456,5678992.12537266,0.0,0.0,0.0,0.0,1.3892464637756348,,1.0014429092407229,0.0,0.0,,-0.7775710447205775,0.3004080647083444
1519,NVB,453627.431733938,5678991.74700251,0.0,0.0,0.0,0.0,3.02966046333313,,1.0025473833084106,0.0,0.0,,-0.688709675449275,0.4175168990101938
1520,NVB,453628.126284337,5678991.38265093,0.0,0.0,0.0,0.0,2.6257009506225586,,1.0029056072235107,0.0,0.0,,-0.7972785922943512,0.415048221099469
1521,NVB,453628.794896557,5678991.01370745,0.0,0.0,0.0,0.0,5.586131572723389,,1.0074236392974854,0.0,0.0,,-0.7688823312508672,0.5702819730689008
1522,NVB,453629.498271519,5678990.62055381,0.0,0.0,0.0,0.0,4.395521640777588,,1.0068527460098269,0.0,0.0,,-0.5721116413689565,0.6906227398268644
1523,NVB,453630.201476477,5678990.25625302,0.0,0.0,0.0,0.0,5.823235034942627,,1.0105615854263306,0.0,0.0,,-0.264953199097758,0.908306097049517
1524,NVB,453630.930488767,5678989.91873857,0.0,0.0,0.0,0.0,2.9754791259765625,,1.002524971961975,0.0,0.0,,-0.187239396755039,0.93879362039925
1525,NVB,453631.685439107,5678989.58581587,0.0,0.0,0.0,0.0,2.565535068511963,,1.0042181015014648,0.0,0.0,,-0.265100673026404,0.9140420093011437
1526,NVB,453632.475112961,5678989.23534134,0.0,0.0,0.0,0.0,1.5256764888763428,,1.0021295547485352,0.0,0.0,,-0.4164799722046291,0.6793055396135048
1527,NVB,453633.186691379,5678988.91880956,0.0,0.0,0.0,0.0,2.48276686668396,,1.00148606300354,0.0,0.0,,-0.7892000899603238,0.4260735908213597
1528,NVB,453633.898171709,5678988.61892364,0.0,0.0,0.0,0.0,0.3086547255516052,,1.0009597539901731,0.0,0.0,,-0.4241024529685742,0.4902109345802456
1529,NVB,453634.652971483,5678988.3115244,0.0,0.0,0.0,0.0,3.019737958908081,,1.0043343305587769,0.0,0.0,,-0.5529677947649373,0.7890738889868
1530,NVB,453635.390383276,5678988.01733989,0.0,0.0,0.0,0.0,1.2361878156661987,,1.0013468265533447,0.0,0.0,,-0.2204784770262615,0.1939914845254634
1531,NVB,453636.084553937,5678987.71735184,0.0,0.0,0.0,0.0,1.0017664432525637,,1.001240849494934,0.0,0.0,,0.1421716684506127,0.2675708943982098
1532,NVB,453636.813487314,5678987.39315357,0.0,0.0,0.0,0.0,0.3313505053520202,,1.0021618604660034,0.0,0.0,,0.2545861663285658,0.0512119916768911
1533,NVB,453637.629334078,5678987.00732013,0.0,0.0,0.0,0.0,2.094034194946289,,1.012448787689209,0.0,0.0,,0.6773547141415223,-0.2523948355480807
1534,NVB,453638.358267326,5678986.68312173,0.0,0.0,0.0,0.0,1.1753523349761963,,1.0012081861495972,0.0,0.0,,0.6249535576309508,-0.1153611817681183
1535,NVB,453639.043769934,5678986.3853019,0.0,0.0,0.0,0.0,3.1512625217437744,,1.0064165592193604,0.0,0.0,,0.5133859622022304,-0.5759105330416159
1536,NVB,453639.746862976,5678986.03986565,0.0,0.0,0.0,0.0,1.4717272520065308,,1.0038034915924072,0.0,0.0,,0.4742036277083676,-0.1129833461152385
1537,NVB,453640.406701817,5678985.69084533,0.0,0.0,0.0,0.0,1.159724235534668,,1.002418041229248,0.0,0.0,,0.5052880089968281,-0.5854282625738244
1538,NVB,453641.023116573,5678985.3670939,0.0,0.0,0.0,0.0,0.5329251289367676,,1.0015227794647217,0.0,0.0,,0.3260654769678624,-0.5216354676724083
1539,NVB,453641.691512033,5678985.03477036,0.0,0.0,0.0,0.0,1.8068867921829224,,1.0062050819396973,0.0,0.0,,-0.1292370346278145,-0.092109878383329
1540,NVB,453642.44669667,5678984.66189643,0.0,0.0,0.0,0.0,2.473564386367798,,1.0069973468780518,0.0,0.0,,0.0960934023929413,0.1198783450522726
1541,NVB,453643.149697928,5678984.33199606,0.0,0.0,0.0,0.0,3.2150914669036865,,1.0104384422302246,0.0,0.0,,-0.2689182167325103,-0.0067410701892387
1542,NVB,453643.869773393,5678984.04214775,0.0,0.0,0.0,0.0,1.519286036491394,,1.000840425491333,0.0,0.0,,-0.0869142882325379,0.8737299015139991
1543,NVB,453644.641947162,5678983.7237522,0.0,0.0,0.0,0.0,2.889920949935913,,1.0018128156661987,0.0,0.0,,-0.4217700127869365,0.8848392945168574
1544,NVB,453645.396817909,5678983.40414493,0.0,0.0,0.0,0.0,2.06954288482666,,1.00170636177063,0.0,0.0,,-0.3845440866698975,0.8235241481533143
1545,NVB,453646.047668313,5678983.11166932,0.0,0.0,0.0,0.0,0.6696629524230957,,1.0074636936187744,0.0,0.0,,-0.0381675904724856,0.4125260506235184
1546,NVB,453646.776666177,5678982.77637286,0.0,0.0,0.0,0.0,2.6049046516418457,,1.0028446912765503,0.0,0.0,,-0.3158824231640314,0.8951150128103329
1547,NVB,453647.436243089,5678982.47174107,0.0,0.0,0.0,0.0,1.380447268486023,,1.0304224491119385,0.0,0.0,,-0.3026833829685295,0.891269025896365
1548,NVB,453648.061050704,5678982.19242916,0.0,0.0,0.0,0.0,3.0194363594055176,,1.0026806592941284,0.0,0.0,,-0.139807232860427,0.8500633725957668
1549,NVB,453648.894107853,5678981.82334239,0.0,0.0,0.0,0.0,1.8299540281295776,,1.0204123258590698,0.0,0.0,,0.0328978624221614,0.9288577324812568
1550,NVB,453649.683616813,5678981.50060934,0.0,0.0,0.0,0.0,3.4971132278442383,,1.0030730962753296,0.0,0.0,,-0.0992063802306654,0.939823074849866
1551,NVB,453650.429669068,5678981.20869384,0.0,0.0,0.0,0.0,4.429524421691895,,1.0070552825927734,0.0,0.0,,0.0645814591724347,0.9519680176008656
1552,NVB,453651.149685174,5678980.92883242,0.0,0.0,0.0,0.0,3.5987343788146973,,1.0030542612075806,0.0,0.0,,0.2039698361831203,0.8964758206678919
1553,NVB,453651.887128307,5678980.62909773,0.0,0.0,0.0,0.0,2.4001336097717285,,1.002947211265564,0.0,0.0,,0.0867090675209923,0.944956513689118
1554,NVB,453652.720093649,5678980.27554675,0.0,0.0,0.0,0.0,3.7927112579345694,,1.0129963159561155,0.0,0.0,,0.3361237566494754,0.8864953389671181
1555,NVB,453653.457628115,5678979.96027572,0.0,0.0,0.0,0.0,3.660641670227051,,1.0032806396484375,0.0,0.0,,0.4578867080433098,0.8442779982486841
1556,NVB,453654.169113376,5678979.65927825,0.0,0.0,0.0,0.0,2.7244620323181152,,1.001671552658081,0.0,0.0,,0.3757951994082627,0.895631837772704
1557,NVB,453655.687312006,5678979.05340461,0.0,0.0,0.0,0.0,3.0858874320983887,,1.0066293478012085,0.0,0.0,,0.0633924629997196,0.7553162679407827
1558,NVB,453656.364171604,5678978.75331288,0.0,0.0,0.0,0.0,2.9009103775024414,,1.0028178691864014,0.0,0.0,,0.4558417632134839,0.5273267463205548
1559,NVB,453657.058510466,5678978.42447007,0.0,0.0,0.0,0.0,4.309035778045654,,1.0033117532730105,0.0,0.0,,0.0930534667166483,0.9635553507540496
1560,NVB,453657.770152213,5678978.0968388,0.0,0.0,0.0,0.0,2.3456778526306152,,1.0066319704055786,0.0,0.0,,0.1571530987576127,0.0980953987160895
1561,NVB,453658.516484712,5678977.75720423,0.0,0.0,0.0,0.0,0.6130558848381042,,1.0026510953903198,0.0,0.0,,-0.259288659720867,-0.2535519205271263
1562,NVB,453659.280250726,5678977.39658665,0.0,0.0,0.0,0.0,3.4844353199005127,,1.02040433883667,0.0,0.0,,-0.3700084732614315,-0.1796847066616016
1563,NVB,453660.017993669,5678977.04580372,0.0,0.0,0.0,0.0,5.392605781555176,,1.039805889129639,0.0,0.0,,-0.2005314253074763,-0.1226377728221093
1564,NVB,453660.712417136,5678976.70253412,0.0,0.0,0.0,0.0,1.336154222488403,,1.0123858451843262,0.0,0.0,,-0.1146300891572358,-0.1149797428590437
1565,NVB,453661.398316433,5678976.33701895,0.0,0.0,0.0,0.0,7.136188507080078,,1.009479284286499,0.0,0.0,,0.3824482891002394,-0.8737866453883806
1566,NVB,453662.110225599,5678975.96388845,0.0,0.0,0.0,0.0,4.365058422088623,,1.0060149431228638,0.0,0.0,,0.0212161679393072,-0.9356321625393808
1567,NVB,453662.908819222,5678975.56796298,0.0,0.0,0.0,0.0,1.2300007343292236,,1.0009292364120483,0.0,0.0,,-0.0810326568457805,-0.4779143944052706
1568,NVB,453663.629056419,5678975.25036968,0.0,0.0,0.0,0.0,1.611064910888672,,1.0037299394607544,0.0,0.0,,-0.0819645581990732,-0.5885093221038743
1569,NVB,453664.349241309,5678974.94165413,0.0,0.0,0.0,0.0,2.4391350746154785,,1.0018397569656372,0.0,0.0,,-0.839764171373666,-0.0018053767113364
1570,NVB,453665.017530382,5678974.62708427,0.0,0.0,0.0,0.0,1.1421438455581665,,1.0013864040374756,0.0,0.0,,0.1943626336157683,0.4006446796334542
1571,NVB,453665.651095966,5678974.33006625,0.0,0.0,0.0,0.0,2.049713611602783,,1.004053235054016,0.0,0.0,,-0.0700454730105011,0.3160311111999436
1572,NVB,453666.345107498,5678974.05670902,0.0,0.0,0.0,0.0,1.937844038009644,,1.0133099555969238,0.0,0.0,,-0.1656580905638726,0.2229915398862514
1573,NVB,453667.065135431,5678973.7746267,0.0,0.0,0.0,0.0,1.978657960891724,,1.000935673713684,0.0,0.0,,-0.6114087314464446,0.3687490295269522
1574,NVB,453667.880587431,5678973.45537382,0.0,0.0,0.0,0.0,0.5860503911972046,,1.0030478239059448,0.0,0.0,,-0.5307485790645444,-0.1377012989212727
1575,NVB,453668.626612108,5678973.16789551,0.0,0.0,0.0,0.0,2.581307888031006,,1.003131628036499,0.0,0.0,,-0.9030069667954452,-0.121507728898629
1576,NVB,453669.381265339,5678972.88490698,0.0,0.0,0.0,0.0,2.384249448776245,,1.0029476881027222,0.0,0.0,,-0.8362738457198352,-0.0948893555020347
1577,NVB,453670.07525702,5678972.6148786,0.0,0.0,0.0,0.0,1.9880841970443728,,1.001504898071289,0.0,0.0,,-0.5576232539238563,-0.687804559113284
1578,NVB,453670.821412138,5678972.30520553,0.0,0.0,0.0,0.0,0.4494036436080932,,1.0004781484603882,0.0,0.0,,-0.5474826909387762,-0.3291381403257707
1579,NVB,453671.576535374,5678971.94231637,0.0,0.0,0.0,0.0,1.8401421308517456,,1.0021647214889526,0.0,0.0,,0.0473973838427239,0.6073682362373957
1580,NVB,453672.227651567,5678971.60433976,0.0,0.0,0.0,0.0,0.66844642162323,,1.0012603998184204,0.0,0.0,,0.1447405022330951,0.1025424451472037
1581,NVB,453672.913203788,5678971.29763918,0.0,0.0,0.0,0.0,1.8016709089279173,,1.0026888847351074,0.0,0.0,,-0.3196562931684137,0.4953412880105665
1582,NVB,453673.616137249,5678970.97883338,0.0,0.0,0.0,0.0,1.3525046110153198,,1.00129234790802,0.0,0.0,,-0.4514164177123596,0.3284307370848287
1583,NVB,453674.319240425,5678970.6311746,0.0,0.0,0.0,0.0,4.027482032775879,,1.005259990692139,0.0,0.0,,-0.4328584959849157,0.7253161137219335
1584,NVB,453675.005040608,5678970.28230418,0.0,0.0,0.0,0.0,1.3254529237747192,,1.002694010734558,0.0,0.0,,0.0229182333462523,0.5642570510107473
1585,NVB,453675.682107644,5678969.94669951,0.0,0.0,0.0,0.0,0.810283362865448,,1.00299870967865,0.0,0.0,,0.4414811409015944,0.0555030963468928
1586,NVB,453676.359194208,5678969.6077656,0.0,0.0,0.0,0.0,0.9757651090621948,,1.001615285873413,0.0,0.0,,0.0922828768151989,0.2283283808400756
1587,NVB,453677.027606396,5678969.27210989,0.0,0.0,0.0,0.0,1.5901591777801514,,1.0018335580825806,0.0,0.0,,0.6811241387603894,0.3715278078212267
1588,NVB,453677.687220156,5678968.96081722,0.0,0.0,0.0,0.0,0.7657831907272339,,1.002779245376587,0.0,0.0,,0.4181941987545921,-0.0519143045814972
1589,NVB,453678.381518069,5678968.6386309,0.0,0.0,0.0,0.0,0.2383091151714325,,1.0021615028381348,0.0,0.0,,0.0895918810494574,-0.1715329447621851
1590,NVB,453679.084457595,5678968.3187149,0.0,0.0,0.0,0.0,0.2414924949407577,,1.0003197193145752,0.0,0.0,,0.1760948603132828,-0.1588190855739315
1591,NVB,453679.735331582,5678968.0217976,0.0,0.0,0.0,0.0,0.3316390812397003,,1.0035659074783323,0.0,0.0,,-0.4272339151135642,0.0341961544754662
1592,NVB,453680.403475809,5678967.73164045,0.0,0.0,0.0,0.0,3.851608276367188,,1.0040857791900637,0.0,0.0,,-0.5769411895562141,0.4220112168009096
1593,NVB,453681.097714738,5678967.41944144,0.0,0.0,0.0,0.0,1.3888965845108032,,1.000977873802185,0.0,0.0,,-0.8622920620085428,0.0088049926780101
1594,NVB,453681.809308769,5678967.09957611,0.0,0.0,0.0,0.0,1.3246415853500366,,1.0042157173156738,0.0,0.0,,0.0388028831435551,0.2907071351736799
1595,NVB,453682.642081973,5678966.77820409,0.0,0.0,0.0,0.0,2.938725709915161,,1.0144999027252195,0.0,0.0,,-0.0048318323663585,-0.0315430868627868
1596,NVB,453683.440020763,5678966.49324934,0.0,0.0,0.0,0.0,1.6746994256973269,,1.0030534267425537,0.0,0.0,,-0.7777025306677957,0.3024259039570509
1597,NVB,453684.142685696,5678966.21994146,0.0,0.0,0.0,0.0,1.789397358894348,,1.0010261535644531,0.0,0.0,,-0.5104134774693558,0.0849652448394999
1598,NVB,453684.958168842,5678965.89513818,0.0,0.0,0.0,0.0,1.5276477336883545,,1.0012779235839844,0.0,0.0,,-0.5623689871149432,0.1016217913823775
1599,NVB,453685.695628828,5678965.59207116,0.0,0.0,0.0,0.0,7.52764081954956,,1.0425221920013428,0.0,0.0,,-0.3507763051161768,0.2611163558963898
1600,NVB,453686.381101652,5678965.29868615,0.0,0.0,0.0,0.0,2.1703989505767822,,1.0050337314605713,0.0,0.0,,-0.3507714562757857,-0.2599024346961806
1601,NVB,453687.057965398,5678964.99748208,0.0,0.0,0.0,0.0,4.988471031188965,,1.03587543964386,0.0,0.0,,0.1029003814770283,-0.0215752202265902
1602,NVB,453687.769493683,5678964.68871349,0.0,0.0,0.0,0.0,1.2150756120681765,,1.0046063661575315,0.0,0.0,,-0.2594777518581641,0.2060592172255319
1603,NVB,453688.429034819,5678964.38962693,0.0,0.0,0.0,0.0,2.105957508087158,,1.0011459589004517,0.0,0.0,,-0.1462245418473699,0.4301958402156621
1604,NVB,453689.15806827,5678964.0476682,0.0,0.0,0.0,0.0,2.910891056060791,,1.0018879175186155,0.0,0.0,,-0.3883021182757027,0.4914162238478911
1605,NVB,453689.869759574,5678963.71115622,0.0,0.0,0.0,0.0,1.5974615812301636,,1.0015931129455566,0.0,0.0,,-0.0230531013000303,0.2630182263755227
1606,NVB,453690.59005985,5678963.38246319,0.0,0.0,0.0,0.0,1.8080155849456787,,1.0012412071228027,0.0,0.0,,-0.6185827578821977,0.7289651314266036
1607,NVB,453691.28415438,5678963.0946773,0.0,0.0,0.0,0.0,1.2840015888214111,,1.0003886222839355,0.0,0.0,,-0.807980197130585,0.56658451468386
1608,NVB,453691.978294552,5678962.79912326,0.0,0.0,0.0,0.0,1.8446531295776367,,1.002019286155701,0.0,0.0,,-0.6069221470036245,0.7610047353223903
1609,NVB,453692.715930204,5678962.46609293,0.0,0.0,0.0,0.0,3.7970919609069824,,1.0116702318191528,0.0,0.0,,-0.7117426637340832,0.5659953155805861
1610,NVB,453693.40153303,5678962.15051275,0.0,0.0,0.0,0.0,5.539566040039063,,1.0251696109771729,0.0,0.0,,0.26909727527211,-0.3937947118527662
1611,NVB,453694.052445121,5678961.84693591,0.0,0.0,0.0,0.0,4.282991409301758,,1.0114195346832275,0.0,0.0,,-0.7112211677256831,0.2373016115669349
1612,NVB,453694.729445332,5678961.52242689,0.0,0.0,0.0,0.0,3.182912349700928,,1.006576657295227,0.0,0.0,,0.2683017938588842,-0.0429234390730983
1613,NVB,453695.449529816,5678961.23035444,0.0,0.0,0.0,0.0,3.1150341033935547,,1.0073567628860474,0.0,0.0,,-0.5575155489411365,0.7557808976600157
1614,NVB,453696.195611037,5678960.93288598,0.0,0.0,0.0,0.0,4.14241361618042,,1.0092424154281616,0.0,0.0,,0.4841536583497677,0.1394150451418841
1615,NVB,453696.924245703,5678960.65861994,0.0,0.0,0.0,0.0,2.7453205585479736,,1.0037593841552734,0.0,0.0,,-0.3721206554065482,0.4210261544038702
1616,NVB,453697.748441188,5678960.3238787,0.0,0.0,0.0,0.0,2.1142706871032715,,1.0261720418930054,0.0,0.0,,0.0783645208432566,0.2046880903989331
1617,NVB,453698.555235798,5678960.00457175,0.0,0.0,0.0,0.0,2.0002827644348145,,1.005446434020996,0.0,0.0,,0.1016726427560517,0.2607906556666558
1618,NVB,453699.223293787,5678959.72883948,0.0,0.0,0.0,0.0,4.461633205413818,,1.0499597787857056,0.0,0.0,,-0.381201276885508,0.6412212575217245
1619,NVB,453699.986899519,5678959.39485144,0.0,0.0,0.0,0.0,2.254287004470825,,1.0095454454421997,0.0,0.0,,0.2902208510570223,0.3536055445310946
1620,NVB,453700.629149876,5678959.09233289,0.0,0.0,0.0,0.0,3.121427059173584,,1.0210206508636477,0.0,0.0,,-0.035360576617962,0.0110662461074763
1621,NVB,453701.19330542,5678958.82375779,0.0,0.0,0.0,0.0,4.426825046539307,,1.008432388305664,0.0,0.0,,0.0650615069263628,0.2143751357246417
1622,NVB,453701.905067511,5678958.47503772,0.0,0.0,0.0,0.0,5.109127521514893,,1.0148407220840454,0.0,0.0,,-0.2906717347517444,0.7951405060957019
1623,NVB,453702.521523238,5678958.14351341,0.0,0.0,0.0,0.0,1.649496078491211,,1.0014268159866333,0.0,0.0,,0.0894698255907923,0.6479961708974563
1624,NVB,453704.0406079,5678957.38559776,0.0,0.0,0.0,0.0,1.08660888671875,,1.0023066997528076,0.0,0.0,,0.0258658875597981,0.657729416876608
1625,NVB,453704.847623808,5678957.02855943,0.0,0.0,0.0,0.0,2.72334098815918,,1.0023411512374878,0.0,0.0,,0.1843511533860854,0.8905839412774738
1626,NVB,453705.602385085,5678956.72670207,0.0,0.0,0.0,0.0,0.6541142463684082,,1.0016083717346191,0.0,0.0,,-0.066555965579911,0.3594236574879039
1627,NVB,453706.365827119,5678956.42045661,0.0,0.0,0.0,0.0,0.9265618920326232,,1.0073864459991455,0.0,0.0,,-0.1032191624790099,0.2842184631286213
1628,NVB,453707.033930199,5678956.13695558,0.0,0.0,0.0,0.0,1.5388097763061523,,1.0012717247009275,0.0,0.0,,0.3234237713875132,0.4578766862836139
1629,NVB,453707.728056099,5678955.84361961,0.0,0.0,0.0,0.0,2.055484771728516,,1.000969171524048,0.0,0.0,,0.5052529638932601,0.4656733494581789
1630,NVB,453708.396139505,5678955.56344766,0.0,0.0,0.0,0.0,1.768758773803711,,1.0006670951843262,0.0,0.0,,-0.4713212036006918,0.446864672832525
1631,NVB,453709.072858007,5678955.28665571,0.0,0.0,0.0,0.0,1.0078285932540894,,1.0015088319778442,0.0,0.0,,-0.862573828768399,-0.206925193065237
1632,NVB,453709.775605845,5678954.99891909,0.0,0.0,0.0,0.0,2.536507129669189,,1.0070734024047852,0.0,0.0,,-0.7861312657443565,-0.4337863978472375
1633,NVB,453710.565298767,5678954.64399786,0.0,0.0,0.0,0.0,0.8425700664520264,,1.005574107170105,0.0,0.0,,-0.6348078219396001,0.2326275639604058
1634,NVB,453711.285577753,5678954.31863213,0.0,0.0,0.0,0.0,0.1180011928081512,,1.0064513683319092,0.0,0.0,,-0.2441155389130299,0.57217522120738
1635,NVB,453712.014511393,5678953.99331721,0.0,0.0,0.0,0.0,1.573764085769653,,1.0018625259399414,0.0,0.0,,-0.2050608634690557,0.813719624655899
1636,NVB,453712.830253063,5678953.62412194,0.0,0.0,0.0,0.0,4.011012554168701,,1.003884196281433,0.0,0.0,,-0.260687735103019,0.80575766981051
1637,NVB,453713.637274703,5678953.26597299,0.0,0.0,0.0,0.0,2.8634228706359863,,1.0015664100646973,0.0,0.0,,-0.1529551703478159,0.4221798466963635
1638,NVB,453714.392433245,5678952.89642138,0.0,0.0,0.0,0.0,2.481771230697632,,1.0032979249954224,0.0,0.0,,0.0653874603141998,0.7406544009054191
1639,NVB,453715.069536215,5678952.55415497,0.0,0.0,0.0,0.0,0.5496343374252319,,1.0045686960220337,0.0,0.0,,0.3871910947640468,0.5037001158219114
1640,NVB,453715.711870233,5678952.23720874,0.0,0.0,0.0,0.0,4.464622497558594,,1.009379744529724,0.0,0.0,,0.7574206495090935,0.3270341892327809
1641,NVB,453716.362937196,5678951.90699659,0.0,0.0,0.0,0.0,2.099045515060425,,1.0032798051834106,0.0,0.0,,0.753952336131931,0.1864685027513968
1642,NVB,453717.100590345,5678951.5706348,0.0,0.0,0.0,0.0,2.158423662185669,,1.0023983716964722,0.0,0.0,,0.4451979567111543,0.7982184817495895
1643,NVB,453717.838191239,5678951.24315077,0.0,0.0,0.0,0.0,0.5262361168861389,,1.0046827793121338,0.0,0.0,,0.7467851776157128,0.4908135744555125
1644,NVB,453718.567078651,5678950.92560335,0.0,0.0,0.0,0.0,2.5799882411956787,,1.0049294233322144,0.0,0.0,,0.2568100357034067,0.6045177518237236
1645,NVB,453719.313340654,5678950.59706033,0.0,0.0,0.0,0.0,1.7876207828521729,,1.001695990562439,0.0,0.0,,0.5594035276521265,0.8165418888919579
1646,NVB,453720.059628687,5678950.26407833,0.0,0.0,0.0,0.0,3.645054340362549,,1.004160761833191,0.0,0.0,,0.6925178783368174,0.6494970688694073
1647,NVB,453720.849320662,5678949.90915607,0.0,0.0,0.0,0.0,1.503237247467041,,1.0048117637634275,0.0,0.0,,-0.041602819447161,0.7267737458773439
1648,NVB,453721.586914717,5678949.58278142,0.0,0.0,0.0,0.0,1.684347152709961,,1.002085566520691,0.0,0.0,,0.148116413443527,0.7821680076091445
1649,NVB,453722.333006868,5678949.28309105,0.0,0.0,0.0,0.0,0.3835912644863128,,1.0006598234176636,0.0,0.0,,-0.0002648152706834,0.5782613085841729
1650,NVB,453723.070424683,5678948.98667891,0.0,0.0,0.0,0.0,1.7351038455963137,,1.001086711883545,0.0,0.0,,-0.3097899221652366,0.8420987247253858
1651,NVB,453723.799161644,5678948.69465475,0.0,0.0,0.0,0.0,1.2337684631347656,,1.0017099380493164,0.0,0.0,,-0.2358981702205432,0.8301606417701737
1652,NVB,453724.510582614,5678948.40363851,0.0,0.0,0.0,0.0,2.2934069633483887,,1.0037920475006104,0.0,0.0,,-0.2316906891066647,0.0558182113952561
1653,NVB,453725.308772361,5678948.07540015,0.0,0.0,0.0,0.0,3.1754963397979736,,1.0044105052947998,0.0,0.0,,-0.4434995436072976,0.5153564240457099
1654,NVB,453726.028945763,5678947.76778872,0.0,0.0,0.0,0.0,3.196887969970703,,1.0037742853164673,0.0,0.0,,-0.527598663715523,0.7551319809306984
1655,NVB,453726.757839034,5678947.44913081,0.0,0.0,0.0,0.0,0.8731884956359863,,1.0027759075164795,0.0,0.0,,0.2956716057320683,0.058654921138738
1656,NVB,453727.391387007,5678947.15432732,0.0,0.0,0.0,0.0,0.4989450573921203,,1.0013152360916138,0.0,0.0,,0.8527242467325449,0.2687463131343064
1657,NVB,453728.077039255,5678946.82986632,0.0,0.0,0.0,0.0,1.6169679164886477,,1.0022639036178589,0.0,0.0,,0.5949900061012424,0.7372133511219497
1658,NVB,453728.771424418,5678946.49213939,0.0,0.0,0.0,0.0,9.43296241760254,,1.0690006017684937,0.0,0.0,,0.6707013602577864,0.1219218425177083
1659,NVB,453729.457167858,5678946.15214207,0.0,0.0,0.0,0.0,2.5103864669799805,,1.0028287172317505,0.0,0.0,,0.9478553016949124,-0.0010308308009699
1660,NVB,453730.221018796,5678945.77598145,0.0,0.0,0.0,0.0,1.6110854148864746,,1.0034797191619873,0.0,0.0,,0.5711353487464477,-0.0396547063182931
1661,NVB,453730.941217876,5678945.46393067,0.0,0.0,0.0,0.0,1.1947643756866455,,1.0074338912963867,0.0,0.0,,0.3868013241460865,0.6445742418789319
1662,NVB,453731.696055274,5678945.14875408,0.0,0.0,0.0,0.0,2.9688425064086914,,1.0043190717697144,0.0,0.0,,0.2647938618084967,-0.193108601834909
1663,NVB,453732.433694076,5678944.81461032,0.0,0.0,0.0,0.0,1.6866464614868164,,1.0024831295013428,0.0,0.0,,0.3876808423774786,-0.0156394812311185
1664,NVB,453733.1366814,5678944.48581169,0.0,0.0,0.0,0.0,1.3851006031036377,,1.0037223100662231,0.0,0.0,,0.2085587221873729,-0.008695648415635
1665,NVB,453733.804886821,5678944.18455276,0.0,0.0,0.0,0.0,1.6723507642745972,,1.003454566001892,0.0,0.0,,-0.2711271083270828,0.5306124695355935
1666,NVB,453734.481779499,5678943.87779599,0.0,0.0,0.0,0.0,1.0532444715499878,,1.0004416704177856,0.0,0.0,,-0.0245357951778198,0.4376714488905377
1667,NVB,453735.149965255,5678943.57986613,0.0,0.0,0.0,0.0,1.6850850582122805,,1.0008087158203125,0.0,0.0,,-0.5410590208593068,0.4219027683964524
1668,NVB,453735.861359251,5678943.29328778,0.0,0.0,0.0,0.0,1.216697096824646,,1.0012569427490234,0.0,0.0,,-0.2035984964910996,0.8889634391372576
1669,NVB,453736.633394782,5678942.99707781,0.0,0.0,0.0,0.0,0.6382209658622742,,1.0020207166671753,0.0,0.0,,-0.0714598265068061,0.554004765897155
1670,NVB,453737.396866846,5678942.68528072,0.0,0.0,0.0,0.0,0.4198625385761261,,1.001376748085022,0.0,0.0,,-0.2238991106931415,0.2669373801968247
1671,NVB,453738.108351969,5678942.38316598,0.0,0.0,0.0,0.0,1.243437647819519,,1.0088707208633425,0.0,0.0,,-0.4332569829351123,0.0475641620116199
1672,NVB,453738.845918502,5678942.06122863,0.0,0.0,0.0,0.0,0.2935248613357544,,1.000436544418335,0.0,0.0,,-0.7613252733317855,0.2782262097129807
1673,NVB,453739.600794375,5678941.73939292,0.0,0.0,0.0,0.0,1.6045136451721191,,1.001266360282898,0.0,0.0,,-0.8385373425185748,0.3292298945012038
1674,NVB,453740.295048171,5678941.42385954,0.0,0.0,0.0,0.0,1.0137859582901,,1.0018291473388672,0.0,0.0,,-0.3162372249622013,0.5557676686650791
1675,NVB,453741.04138659,5678941.08199774,0.0,0.0,0.0,0.0,1.0274899005889893,,1.001855731010437,0.0,0.0,,0.1275816357680087,0.5951839696694396
1676,NVB,453741.744471017,5678940.73655243,0.0,0.0,0.0,0.0,2.997923851013184,,1.003390908241272,0.0,0.0,,0.4157562430213439,0.5121381400184409
1677,NVB,453742.38720723,5678940.35080089,0.0,0.0,0.0,0.0,1.1986695528030396,,1.0019571781158447,0.0,0.0,,0.1728707318405914,0.9176590271902004
1678,NVB,453743.064581725,5678939.96192351,0.0,0.0,0.0,0.0,0.8343659043312073,,1.0013020038604736,0.0,0.0,,0.0239673744689013,0.5500836991522773
1679,NVB,453743.810939444,5678939.61673227,0.0,0.0,0.0,0.0,1.8859474658966064,,1.003435730934143,0.0,0.0,,-0.3751420478273355,0.2423078492178465
1680,NVB,453744.574632566,5678939.26720374,0.0,0.0,0.0,0.0,1.9479777812957764,,1.0024733543395996,0.0,0.0,,-0.4420867164583041,0.0459220495580453
1681,NVB,453745.355458978,5678938.94773948,0.0,0.0,0.0,0.0,1.4693738222122192,,1.0040743350982666,0.0,0.0,,0.0234885189035611,0.208891994219766
1682,NVB,453746.153568634,5678938.63281575,0.0,0.0,0.0,0.0,1.0191287994384766,,1.0165016651153564,0.0,0.0,,-0.1649502158778704,0.6752511472230548
1683,NVB,453746.925609831,5678938.33549505,0.0,0.0,0.0,0.0,1.2288247346878052,,1.0014442205429075,0.0,0.0,,0.3902772288204006,0.0182020509354568
1684,NVB,453747.602345014,5678938.05537063,0.0,0.0,0.0,0.0,2.629661798477173,,1.0175843238830566,0.0,0.0,,0.3991239469641141,-0.0375444584667067
1685,NVB,453748.287767445,5678937.76974836,0.0,0.0,0.0,0.0,3.395383596420288,,1.0083236694335938,0.0,0.0,,-0.0800731595548706,0.404858209059646
1686,NVB,453749.059678083,5678937.49462201,0.0,0.0,0.0,0.0,1.0964996814727783,,1.0006576776504517,0.0,0.0,,0.0631047210287043,-0.1205242936953048
1687,NVB,453749.779627916,5678937.22473918,0.0,0.0,0.0,0.0,2.521958112716675,,1.0035006999969482,0.0,0.0,,-0.4104384316492566,0.8043799268628812
1688,NVB,453750.500060107,5678936.87273641,0.0,0.0,0.0,0.0,2.3747146129608154,,1.0021555423736572,0.0,0.0,,-0.4188780028210521,-0.3092969681668239
1689,NVB,453751.151059123,5678936.55361868,0.0,0.0,0.0,0.0,1.867266297340393,,1.0028204917907717,0.0,0.0,,-0.4084507720082979,0.230501508888394
1690,NVB,453751.871497708,5678936.20050605,0.0,0.0,0.0,0.0,1.1022309064865112,,1.0013738870620728,0.0,0.0,,-0.6643521696969544,0.6421318216139321
1691,NVB,453753.537566153,5678935.46674948,0.0,0.0,0.0,0.0,1.3710246086120603,,1.001095414161682,0.0,0.0,,0.1127053432802144,0.3072075607087884
1692,NVB,453754.240669074,5678935.11797387,0.0,0.0,0.0,0.0,1.0327376127243042,,1.0015133619308472,0.0,0.0,,0.2588315026530712,0.6598535997760105
1693,NVB,453754.95248529,5678934.75926149,0.0,0.0,0.0,0.0,1.053562045097351,,1.0007567405700684,0.0,0.0,,0.1974695579740554,0.2616830539437179
1694,NVB,453755.690043886,5678934.4384323,0.0,0.0,0.0,0.0,0.3178199231624603,,1.0006422996520996,0.0,0.0,,-0.2570001471571496,0.2580107357562018
1695,NVB,453756.418986842,5678934.11089384,0.0,0.0,0.0,0.0,1.4864635467529297,,1.0017194747924805,0.0,0.0,,-0.1483019809823277,0.3612006463919191
1696,NVB,453757.139314157,5678933.77664611,0.0,0.0,0.0,0.0,0.7233181595802307,,1.0004096031188965,0.0,0.0,,-0.2470297730706486,-0.0496086572869705
1697,NVB,453757.833677339,5678933.44224581,0.0,0.0,0.0,0.0,1.1611907482147217,,1.0016945600509644,0.0,0.0,,0.0641158334548572,0.3782128914904805
1698,NVB,453758.536682117,5678933.11011574,0.0,0.0,0.0,0.0,0.6229766011238098,,1.0013121366500854,0.0,0.0,,-0.0494066656578968,0.2579773178656633
1699,NVB,453759.213631519,5678932.79336931,0.0,0.0,0.0,0.0,2.5861172676086426,,1.0150591135025024,0.0,0.0,,-0.2041836578802487,0.3763116687752042
1700,NVB,453759.916590555,5678932.46900722,0.0,0.0,0.0,0.0,2.7246036529541016,,1.0051627159118652,0.0,0.0,,-0.1291129194055252,0.0334258220615211
1701,NVB,453760.697376545,5678932.15619981,0.0,0.0,0.0,0.0,1.0701390504837036,,1.002329707145691,0.0,0.0,,-0.4447065143312947,0.3864729769975828
1702,NVB,453761.452068061,5678931.8654344,0.0,0.0,0.0,0.0,0.5376899242401123,,1.0007811784744265,0.0,0.0,,-0.606092357121868,0.6768503657008361
1703,NVB,453762.198372044,5678931.52911925,0.0,0.0,0.0,0.0,2.2658417224884038,,1.0038609504699707,0.0,0.0,,-0.4436736483390922,-0.212147247606148
1704,NVB,453762.927334007,5678931.198251,0.0,0.0,0.0,0.0,1.9085509777069087,,1.0024241209030151,0.0,0.0,,-0.0386701275665625,0.2302278889840198
1705,NVB,453763.664931041,5678930.87076271,0.0,0.0,0.0,0.0,2.3182389736175537,,1.004806637763977,0.0,0.0,,-0.207573864667869,0.0191982068103171
1706,NVB,453764.402677908,5678930.51775059,0.0,0.0,0.0,0.0,2.033175230026245,,1.006152629852295,0.0,0.0,,-0.3032085076611131,0.6090543695346461
1707,NVB,453765.105649552,5678930.19116858,0.0,0.0,0.0,0.0,3.9423367977142334,,1.0170331001281738,0.0,0.0,,0.1413991209939844,0.0087628676579945
1708,NVB,453765.834506995,5678929.87805572,0.0,0.0,0.0,0.0,1.5245568752288818,,1.0011385679244995,0.0,0.0,,-0.0397456589322452,0.7159507001575646
1709,NVB,453766.554703176,5678929.56600169,0.0,0.0,0.0,0.0,1.8641960620880127,,1.0023709535598757,0.0,0.0,,0.4417900535668371,0.4274934065599856
1710,NVB,453767.29240417,5678929.22075741,0.0,0.0,0.0,0.0,0.8089622259140015,,1.001400589942932,0.0,0.0,,0.2809660174156601,0.5636101985718462
1711,NVB,453768.038733716,5678928.88000279,0.0,0.0,0.0,0.0,2.61745285987854,,1.0028278827667236,0.0,0.0,,0.3158503756350212,0.6247624289193254
1712,NVB,453768.77634335,5678928.55029456,0.0,0.0,0.0,0.0,0.50628662109375,,1.0074408054351809,0.0,0.0,,0.1661311333277555,0.1953664436546005
1713,NVB,453769.600623566,5678928.20000964,0.0,0.0,0.0,0.0,1.3245880603790283,,1.0007911920547483,0.0,0.0,,0.3674776430702217,0.8839622130972004
1714,NVB,453770.381493449,5678927.87277482,0.0,0.0,0.0,0.0,3.0686912536621094,,1.0019980669021606,0.0,0.0,,0.0029886002422762,0.8658654504772434
1715,NVB,453771.170952787,5678927.55668802,0.0,0.0,0.0,0.0,1.4953477382659912,,1.0027073621749878,0.0,0.0,,0.1972765684116407,-0.563080400249275
1716,NVB,453771.925728175,5678927.25149515,0.0,0.0,0.0,0.0,2.478424549102783,,1.0047738552093506,0.0,0.0,,-0.1427266768194676,0.8291870010226612
1717,NVB,453772.697845441,5678926.9408552,0.0,0.0,0.0,0.0,0.9177656173706056,,1.0009478330612185,0.0,0.0,,-0.2581812454029256,0.5807819068666068
1718,NVB,453773.443972542,5678926.63450164,0.0,0.0,0.0,0.0,0.6374335289001465,,1.0007768869400024,0.0,0.0,,0.1409635232963561,-0.7690546658431133
1719,NVB,453774.146754502,5678926.34010094,0.0,0.0,0.0,0.0,2.8386383056640625,,1.0043883323669434,0.0,0.0,,-0.1929685909534145,0.5115798570339202
1720,NVB,453774.884383181,5678926.00706295,0.0,0.0,0.0,0.0,2.1818459033966064,,1.0027552843093872,0.0,0.0,,-0.5394967108326237,0.3090730680601599
1721,NVB,453775.604721982,5678925.67059409,0.0,0.0,0.0,0.0,1.0049866437911987,,1.0019513368606567,0.0,0.0,,-0.3764382053172836,0.2939019036832661
1722,NVB,453776.316575443,5678925.30522141,0.0,0.0,0.0,0.0,4.717377185821533,,1.010687232017517,0.0,0.0,,-0.6361941345690806,0.2093913512914913
1723,NVB,453777.071767392,5678924.92900546,0.0,0.0,0.0,0.0,2.4818127155303955,,1.010488986968994,0.0,0.0,,-0.5710724810675696,-0.0073095667929281
1724,NVB,453777.948307203,5678924.52242842,0.0,0.0,0.0,0.0,0.7421488761901855,,1.000692367553711,0.0,0.0,,-0.3988843609739629,0.6295000694198141
1725,NVB,453778.712016855,5678924.16956741,0.0,0.0,0.0,0.0,1.0238685607910156,,1.0017074346542358,0.0,0.0,,0.020135533280497,0.4693976062001195
1726,NVB,453779.475719924,5678923.81781606,0.0,0.0,0.0,0.0,1.6233144998550415,,1.0027183294296265,0.0,0.0,,-0.0621070028435456,0.6763683640183622
1727,NVB,453780.291507353,5678923.43973601,0.0,0.0,0.0,0.0,0.7098628282546997,,1.0041123628616333,0.0,0.0,,0.021291718461481,-0.1242797991230408
1728,NVB,453781.037900923,5678923.08788289,0.0,0.0,0.0,0.0,0.4901984930038452,,1.0036247968673706,0.0,0.0,,-0.060479062810951,0.3380543796743092
1729,NVB,453781.688891021,5678922.76987237,0.0,0.0,0.0,0.0,1.5460448265075684,,1.0077849626541138,0.0,0.0,,0.1419056154585724,0.2178546857040855
1730,NVB,453782.39193942,5678922.42997209,0.0,0.0,0.0,0.0,2.2038042545318604,,1.0139669179916382,0.0,0.0,,-0.2180491355255449,0.3351869653994002
1731,NVB,453783.129534801,5678922.10248198,0.0,0.0,0.0,0.0,0.2230341583490371,,1.000904560089111,0.0,0.0,,-0.7126996250388306,0.1888817699892115
1732,NVB,453783.901937746,5678921.74301291,0.0,0.0,0.0,0.0,2.311686992645264,,1.0025677680969238,0.0,0.0,,-0.8603040085629945,0.3706938770138067
1733,NVB,453784.822206221,5678921.25900817,0.0,0.0,0.0,0.0,0.8701568841934204,,1.0047277212142944,0.0,0.0,,-0.3246809093286871,0.2438738605190411
1734,NVB,453785.612204975,5678920.85081251,0.0,0.0,0.0,0.0,0.8239196538925171,,1.0004655122756958,0.0,0.0,,-0.61286120101141,0.1397007222278237
1735,NVB,453786.445366284,5678920.46173616,0.0,0.0,0.0,0.0,2.483675479888916,,1.0015534162521362,0.0,0.0,,-0.7787801206377404,0.5614324258489477
1736,NVB,453787.251912095,5678920.18348011,0.0,0.0,0.0,0.0,1.723416090011597,,1.001750111579895,0.0,0.0,,-0.736242297252537,-0.2168026512145933
1737,NVB,453788.006399524,5678919.92711374,0.0,0.0,0.0,0.0,2.83550238609314,,1.0097163915634155,0.0,0.0,,-0.2057429329261516,0.3558953276772924
1738,NVB,453788.769535062,5678919.67190783,0.0,0.0,0.0,0.0,2.6838414669036865,,1.003461480140686,0.0,0.0,,-0.5943481884747044,0.0068375133001437
1739,NVB,453789.541488066,5678919.38900944,0.0,0.0,0.0,0.0,0.7459793090820312,,1.0026448965072632,0.0,0.0,,-0.3254038976264481,-0.0994621562868297
1740,NVB,453790.270245809,5678919.09254025,0.0,0.0,0.0,0.0,2.048560857772827,,1.0013046264648438,0.0,0.0,,-0.5511778274071553,0.4272311620159718
1741,NVB,453791.033791537,5678918.76742125,0.0,0.0,0.0,0.0,0.7718003988265991,,1.001889705657959,0.0,0.0,,-0.385119666231811,0.0420135721916032
1742,NVB,453791.745383109,5678918.44643631,0.0,0.0,0.0,0.0,0.6260945796966553,,1.0014835596084597,0.0,0.0,,-0.1393144879271836,0.1681783917391472
1743,NVB,453792.387704681,5678918.13059357,0.0,0.0,0.0,0.0,1.394390106201172,,1.0022186040878296,0.0,0.0,,-0.1977838192086977,0.5615309472154457
1744,NVB,453793.073403772,5678917.79724912,0.0,0.0,0.0,0.0,1.5540279150009155,,1.000644326210022,0.0,0.0,,-0.2006289908916577,0.2959980100603399
1745,NVB,453793.802389186,5678917.46193912,0.0,0.0,0.0,0.0,2.232074022293091,,1.001173973083496,0.0,0.0,,-0.6205268632150348,-0.0071940443171756
1746,NVB,453794.548670852,5678917.1289501,0.0,0.0,0.0,0.0,2.5191166400909424,,1.0038796663284302,0.0,0.0,,-0.0544854290557203,-0.283744464875731
1747,NVB,453795.303483383,5678916.81709663,0.0,0.0,0.0,0.0,0.7568071484565735,,1.0006437301635742,0.0,0.0,,-0.1059158947169082,0.7842574870475629
1748,NVB,453796.066950525,5678916.50529389,0.0,0.0,0.0,0.0,1.5959298610687256,,1.0030187368392944,0.0,0.0,,-0.1573030704485587,0.4622939625306172
1749,NVB,453796.787098666,5678916.2010052,0.0,0.0,0.0,0.0,4.398430824279785,,1.0214579105377195,0.0,0.0,,0.3236284372470905,0.3861413800168609
1750,NVB,453797.472615048,5678915.89873275,0.0,0.0,0.0,0.0,1.6684080362319946,,1.0023305416107178,0.0,0.0,,0.4089676857148316,0.4416596553140006
1751,NVB,453798.149535319,5678915.5864219,0.0,0.0,0.0,0.0,4.120420932769775,,1.0179930925369265,0.0,0.0,,0.4345385567564106,-0.1188964427562991
1752,NVB,453798.861334701,5678915.22992502,0.0,0.0,0.0,0.0,1.659147024154663,,1.0041626691818235,0.0,0.0,,-0.116330360083103,0.2123871378754676
1753,NVB,453799.512284341,5678914.91857141,0.0,0.0,0.0,0.0,1.423431158065796,,1.003435730934143,0.0,0.0,,-0.1660306169166091,0.3657479979667745
1754,NVB,453800.180386974,5678914.6339528,0.0,0.0,0.0,0.0,2.8298327922821045,,1.0073314905166626,0.0,0.0,,0.1160487140728688,0.7288166915257782
1755,NVB,453800.805138073,5678914.36239693,0.0,0.0,0.0,0.0,1.7513093948364258,,1.0186721086502075,0.0,0.0,,0.0496461459581879,0.5065002580512777
1756,NVB,453801.560008691,5678914.04055531,0.0,0.0,0.0,0.0,0.9747999310493468,,1.0011016130447388,0.0,0.0,,0.1452134821218384,-0.1568419452787625
1757,NVB,453802.392914512,5678913.69475667,0.0,0.0,0.0,0.0,2.3306150436401367,,1.0026158094406128,0.0,0.0,,-0.3362169970968245,-0.0048669095368487
1758,NVB,453803.14763523,5678913.39843865,0.0,0.0,0.0,0.0,0.852759599685669,,1.0019123554229736,0.0,0.0,,-0.1832958156636466,0.7272492516959401
1759,NVB,453803.885027023,5678913.10534817,0.0,0.0,0.0,0.0,1.543521523475647,,1.0010077953338623,0.0,0.0,,0.1520595845524765,0.5352237686899062
1760,NVB,453804.648532523,5678912.78688623,0.0,0.0,0.0,0.0,0.9565238356590272,,1.0004863739013672,0.0,0.0,,0.3636828745263171,0.3962507171677263
1761,NVB,453805.403617709,5678912.42842322,0.0,0.0,0.0,0.0,2.751091241836548,,1.0143049955368042,0.0,0.0,,0.0754164986597705,0.4717001130496447
1762,NVB,453806.141328376,5678912.08095586,0.0,0.0,0.0,0.0,2.179853916168213,,1.0152685642242432,0.0,0.0,,0.028078876896489,0.4575453338547563
1763,NVB,453806.835609386,5678911.759868,0.0,0.0,0.0,0.0,1.973770022392273,,1.0044145584106443,0.0,0.0,,-0.1213866930512303,0.4152070444510803
1764,NVB,453807.521170562,5678911.44982659,0.0,0.0,0.0,0.0,1.2179909944534302,,1.0032490491867063,0.0,0.0,,-0.0301086998933729,0.1311558448087342
1765,NVB,453808.224014969,5678911.14432558,0.0,0.0,0.0,0.0,1.4204436540603638,,1.0013481378555298,0.0,0.0,,-0.4423151759456491,0.5714954273368856
1766,NVB,453808.900901841,5678910.83756244,0.0,0.0,0.0,0.0,1.5169402360916138,,1.0008636713027954,0.0,0.0,,-0.5924388537418852,0.4954395702747252
1767,NVB,453809.595202157,5678910.51314516,0.0,0.0,0.0,0.0,1.3031229972839355,,1.0014976263046265,0.0,0.0,,-0.4761403716292573,0.4491880883817185
1768,NVB,453810.280802181,5678910.19644513,0.0,0.0,0.0,0.0,1.4056423902511597,,1.0013285875320437,0.0,0.0,,-0.0893384812779017,0.5317884422639446
1769,NVB,453810.975069831,5678909.87757637,0.0,0.0,0.0,0.0,2.780097246170044,,1.0058751106262207,0.0,0.0,,-0.0371932097141231,0.8924835280660067
1770,NVB,453811.730095845,5678909.52910031,0.0,0.0,0.0,0.0,4.532045364379883,,1.0208567380905151,0.0,0.0,,-0.0451493176756363,0.0990167636261661
1771,NVB,453812.493763433,5678909.18289441,0.0,0.0,0.0,0.0,1.366834044456482,,1.0014303922653198,0.0,0.0,,0.3118472257273111,0.9232052600337726
1772,NVB,453813.283349367,5678908.84460885,0.0,0.0,0.0,0.0,0.6490238308906555,,1.00203275680542,0.0,0.0,,0.0084424086106462,0.18345757284382
1773,NVB,453814.125051992,5678908.47444574,0.0,0.0,0.0,0.0,1.930762529373169,,1.0016677379608154,0.0,0.0,,0.0111176654204788,0.2222346094266845
1774,NVB,453814.888628233,5678908.1437758,0.0,0.0,0.0,0.0,1.8477147817611692,,1.0011969804763794,0.0,0.0,,-0.1465796977706403,0.3124533924145355
1775,NVB,453816.199010393,5678907.54996959,0.0,0.0,0.0,0.0,1.962800145149231,,1.0043339729309082,0.0,0.0,,-0.6087944984530612,0.7207500663289185
1776,NVB,453816.867268015,5678907.23871609,0.0,0.0,0.0,0.0,1.2570266723632812,,1.00516939163208,0.0,0.0,,-0.2173904856712474,-0.1119761028264372
1777,NVB,453817.544180247,5678906.92751331,0.0,0.0,0.0,0.0,1.8049468994140625,,1.0011048316955566,0.0,0.0,,-0.735947958218492,0.3782824593768827
1778,NVB,453818.195043817,5678906.63058463,0.0,0.0,0.0,0.0,2.4308419227600098,,1.001933217048645,0.0,0.0,,-0.5816115758690406,0.5653406977692607
1779,NVB,453818.889297806,5678906.31393463,0.0,0.0,0.0,0.0,1.614885330200195,,1.0058470964431765,0.0,0.0,,0.00079176427092,-0.158491425865214
1780,NVB,453819.592160831,5678906.00510343,0.0,0.0,0.0,0.0,1.0302387475967407,,1.0043752193450928,0.0,0.0,,0.0898692507746075,0.5048519051262714
1781,NVB,453820.312268023,5678905.70747097,0.0,0.0,0.0,0.0,1.4633647203445437,,1.002607822418213,0.0,0.0,,-0.7152624465673317,0.5196427487820429
1782,NVB,453821.153742158,5678905.37614759,0.0,0.0,0.0,0.0,0.9581042528152466,,1.002121090888977,0.0,0.0,,0.0816003690033854,0.6796767059810822
1783,NVB,453821.943119036,5678905.07337246,0.0,0.0,0.0,0.0,2.3624589443206787,,1.002297282218933,0.0,0.0,,-0.1242249115829195,0.7162421459834641
1784,NVB,453822.61110935,5678904.80761733,0.0,0.0,0.0,0.0,1.6462161540985107,,1.0027457475662231,0.0,0.0,,0.1783988279725473,0.0001641472213641
1785,NVB,453823.435306517,5678904.47064354,0.0,0.0,0.0,0.0,0.6356337070465088,,1.000540852546692,0.0,0.0,,-0.2246523552268956,0.4595045429595719
1786,NVB,453824.172898467,5678904.1431496,0.0,0.0,0.0,0.0,2.5567398071289062,,1.007340908050537,0.0,0.0,,0.5683706399756567,0.0852471815546164
1787,NVB,453824.841311688,5678903.80526196,0.0,0.0,0.0,0.0,2.295830249786377,,1.0019184350967407,0.0,0.0,,-0.1953462533892916,0.745990412515169
1788,NVB,453825.475073685,5678903.47271987,0.0,0.0,0.0,0.0,1.1318622827529907,,1.0018279552459717,0.0,0.0,,-0.1801972236102732,0.1095651703280452
1789,NVB,453826.143519332,5678903.12928348,0.0,0.0,0.0,0.0,1.8029484748840328,,1.0078355073928833,0.0,0.0,,-0.5303382807023508,0.0365560571378125
1790,NVB,453826.933344868,5678902.74993662,0.0,0.0,0.0,0.0,0.4786272644996643,,1.007883071899414,0.0,0.0,,-0.4218286562145104,0.0945875832539258
1791,NVB,453827.566885407,5678902.45512511,0.0,0.0,0.0,0.0,0.6296671032905579,,1.002083659172058,0.0,0.0,,-0.2261801636104075,0.9183188278932024
1792,NVB,453828.382759373,5678902.06150392,0.0,0.0,0.0,0.0,0.7642725706100464,,1.0019285678863523,0.0,0.0,,-0.2448251812878042,0.1211212465240196
1793,NVB,453829.025026044,5678901.75453604,0.0,0.0,0.0,0.0,1.56572163105011,,1.0016273260116575,0.0,0.0,,-0.5864447943647154,0.4590705177657184
1794,NVB,453829.771337236,5678901.41599506,0.0,0.0,0.0,0.0,1.1664985418319702,,1.0023249387741089,0.0,0.0,,-0.4045818375618406,0.0073686984792811
1795,NVB,453830.404786449,5678901.13671951,0.0,0.0,0.0,0.0,1.915538430213928,,1.0120151042938232,0.0,0.0,,-0.624566692498303,0.0244157417771114
1796,NVB,453831.072912796,5678900.84765938,0.0,0.0,0.0,0.0,0.406301885843277,,1.0030232667922974,0.0,0.0,,-0.6342887608081512,0.0523908487380557
1797,NVB,453831.853790362,5678900.51819904,0.0,0.0,0.0,0.0,2.760694026947021,,1.0040873289108276,0.0,0.0,,-0.5076385620544104,0.4609750956590375
1798,NVB,453832.461099768,5678900.26873372,0.0,0.0,0.0,0.0,0.9747539758682252,,1.0048741102218628,0.0,0.0,,-0.1491147587160465,0.0455042038508377
1799,NVB,453833.259019711,5678899.9848736,0.0,0.0,0.0,0.0,2.293428659439087,,1.0013411045074463,0.0,0.0,,-0.5281747861495828,0.5416241689405686
1800,NVB,453834.039688861,5678899.69092434,0.0,0.0,0.0,0.0,1.797616958618164,,1.00125253200531,0.0,0.0,,-0.2922369469326076,0.302291561909833
1801,NVB,453834.803074678,5678899.39243459,0.0,0.0,0.0,0.0,2.269292116165161,,1.0051153898239136,0.0,0.0,,-0.1775004672401157,0.509766951562973
1802,NVB,453835.488477479,5678899.10902422,0.0,0.0,0.0,0.0,1.3407514095306396,,1.000606894493103,0.0,0.0,,-0.3647317271417192,0.7533803522810553
1803,NVB,453836.174068934,5678898.79343168,0.0,0.0,0.0,0.0,2.2422800064086914,,1.0130969285964966,0.0,0.0,,0.0069212139831501,0.0590392058091918
1804,NVB,453836.937923084,5678898.41504131,0.0,0.0,0.0,0.0,1.228635549545288,,1.003949522972107,0.0,0.0,,-0.126544205307176,0.6349395068462426
1805,NVB,453837.6236836,5678898.07059572,0.0,0.0,0.0,0.0,2.2049672603607178,,1.002747893333435,0.0,0.0,,0.0940788370408965,0.4992009667717372
1806,NVB,453838.292069687,5678897.73714586,0.0,0.0,0.0,0.0,2.202544927597046,,1.0074917078018188,0.0,0.0,,-0.6622361771682915,-0.0497018098700688
1807,NVB,453838.977888643,5678897.38271259,0.0,0.0,0.0,0.0,1.1181784868240356,,1.0057035684585571,0.0,0.0,,-0.3912497820357059,-0.4894399160865454
1808,NVB,453839.62899785,5678897.04361248,0.0,0.0,0.0,0.0,2.898356914520264,,1.0213030576705933,0.0,0.0,,-0.3970217390727718,0.1062484009368593
1809,NVB,453840.253999913,5678896.72877411,0.0,0.0,0.0,0.0,4.973358631134033,,1.0075747966766355,0.0,0.0,,-0.6230775412192916,0.3885838394773425
1810,NVB,453840.939636512,5678896.40541306,0.0,0.0,0.0,0.0,1.4695992469787598,,1.00377094745636,0.0,0.0,,-0.5820704899770853,0.1400553974402153
1811,NVB,453841.720610809,5678896.05930583,0.0,0.0,0.0,0.0,2.052928924560547,,1.0045424699783323,0.0,0.0,,-0.4039029493416169,-0.1844579403507475
1812,NVB,453842.336665281,5678895.79435431,0.0,0.0,0.0,0.0,0.650626540184021,,1.00412118434906,0.0,0.0,,-0.332874414878354,0.2741637116609109
1813,NVB,453843.126255064,5678895.45495604,0.0,0.0,0.0,0.0,3.13791823387146,,1.003112554550171,0.0,0.0,,-0.2133846709467197,0.5268937242511695
1814,NVB,453843.829142168,5678895.14168378,0.0,0.0,0.0,0.0,0.827039361000061,,1.0031967163085938,0.0,0.0,,0.0284712326017767,0.0580633596164401
1815,NVB,453844.48857382,5678894.85923014,0.0,0.0,0.0,0.0,2.614278554916382,,1.0031030178070068,0.0,0.0,,-0.1911138594527938,0.4712336121664315
1816,NVB,453845.173767683,5678894.61133023,0.0,0.0,0.0,0.0,0.3211369812488556,,1.001406192779541,0.0,0.0,,0.0038239754428853,-0.0913624956526487
1817,NVB,453845.885042541,5678894.34360737,0.0,0.0,0.0,0.0,2.5872137546539307,,1.006419062614441,0.0,0.0,,-0.3824795327554457,0.3540610554352879
1818,NVB,453846.683078487,5678894.03977078,0.0,0.0,0.0,0.0,1.397878885269165,,1.005494475364685,0.0,0.0,,-0.1546240143480799,0.4908270440288629
1819,NVB,453847.403092456,5678893.75767206,0.0,0.0,0.0,0.0,0.9166210293769836,,1.0016132593154907,0.0,0.0,,-0.0228467248994137,0.7026094082999498
1820,NVB,453848.114445224,5678893.47663226,0.0,0.0,0.0,0.0,2.384217500686645,,1.0030063390731812,0.0,0.0,,0.0863456998767101,0.4932172292147616
1821,NVB,453848.869305351,5678893.15589586,0.0,0.0,0.0,0.0,2.018705368041992,,1.0021750926971436,0.0,0.0,,-0.3154539618674321,0.6818732456671733
1822,NVB,453849.572263575,5678892.83041608,0.0,0.0,0.0,0.0,0.4641169905662536,,1.001623034477234,0.0,0.0,,0.4616117732964417,-0.0292723350251895
1823,NVB,453850.154043722,5678892.50644543,0.0,0.0,0.0,0.0,1.7743784189224243,,1.001918911933899,0.0,0.0,,-0.5065985433328327,0.5074700095041283
1824,NVB,453850.735901881,5678892.169158,0.0,0.0,0.0,0.0,2.630561590194702,,1.004180669784546,0.0,0.0,,-0.4609325781174476,-0.2736420037442584
1825,NVB,453851.335075778,5678891.83086227,0.0,0.0,0.0,0.0,0.6310074329376221,,1.001500964164734,0.0,0.0,,-0.4388585476156637,0.6838733796760573
1826,NVB,453852.020691971,5678891.51082944,0.0,0.0,0.0,0.0,1.807587027549744,,1.0066338777542114,0.0,0.0,,0.1864086558528464,0.3842765892803725
1827,NVB,453852.732200481,5678891.20315576,0.0,0.0,0.0,0.0,2.0303070545196533,,1.0033607482910156,0.0,0.0,,-0.2457571666752356,0.4076289811901143
1828,NVB,453853.4783275,5678890.89568493,0.0,0.0,0.0,0.0,0.9828476905822754,,1.001765489578247,0.0,0.0,,0.0261751974854497,0.3997602773775021
1829,NVB,453854.1984385,5678890.59693966,0.0,0.0,0.0,0.0,2.142738342285156,,1.002544403076172,0.0,0.0,,0.3344789367415644,0.8230604545258875
1830,NVB,453854.979314057,5678890.26747704,0.0,0.0,0.0,0.0,0.7835192680358887,,1.000810146331787,0.0,0.0,,-0.0141251103016618,0.5213680241289257
1831,NVB,453855.708079579,5678889.96878237,0.0,0.0,0.0,0.0,1.1357873678207395,,1.0008805990219116,0.0,0.0,,0.7707931363221173,0.5621979817480693
1832,NVB,453856.402109411,5678889.68985983,0.0,0.0,0.0,0.0,0.5440555214881897,,1.0025081634521484,0.0,0.0,,-0.0509795444379492,0.0227170232568612
1833,NVB,453857.104832857,5678889.40432958,0.0,0.0,0.0,0.0,2.1894240379333496,,1.0022189617156982,0.0,0.0,,-0.3892934524731293,0.6218782619643713
1834,NVB,453857.816249916,5678889.11219163,0.0,0.0,0.0,0.0,6.53227424621582,,1.0330429077148438,0.0,0.0,,0.0420451825352279,0.3150390465936868
1835,NVB,453858.510351139,5678888.8210619,0.0,0.0,0.0,0.0,1.708607196807861,,1.0026731491088867,0.0,0.0,,0.4672756472203129,0.1959214522226373
1836,NVB,453859.161179116,5678888.52967849,0.0,0.0,0.0,0.0,1.255015254020691,,1.0016331672668457,0.0,0.0,,0.6123872750557944,0.1559646992896898
1837,NVB,453859.803137778,5678888.27486533,0.0,0.0,0.0,0.0,1.420084834098816,,1.005544662475586,0.0,0.0,,0.6163636732201652,0.0806298929518521
1838,NVB,453860.453770549,5678888.01677366,0.0,0.0,0.0,0.0,1.453572392463684,,1.004584789276123,0.0,0.0,,-0.1443054435351897,0.5144197129846514
1839,NVB,453861.147969126,5678887.70899777,0.0,0.0,0.0,0.0,2.9623234272003174,,1.0043120384216309,0.0,0.0,,-0.1798432979322532,0.7877138471195516
1840,NVB,453861.963683769,5678887.34200659,0.0,0.0,0.0,0.0,8.352912902832031,,1.0336880683898926,0.0,0.0,,0.5171043814117772,0.0135177627563084
1841,NVB,453862.718750837,5678886.98575758,0.0,0.0,0.0,0.0,1.0500121116638184,,1.0034942626953125,0.0,0.0,,0.1339773165793277,0.6885088429641585
1842,NVB,453863.49120515,5678886.61629319,0.0,0.0,0.0,0.0,1.4631764888763428,,1.0071606636047363,0.0,0.0,,-0.002098892702367,0.6309239523211062
1843,NVB,453864.229021334,5678886.24995504,0.0,0.0,0.0,0.0,1.2931634187698364,,1.0023460388183594,0.0,0.0,,-0.3536186733564135,0.4127880393535255
1844,NVB,453864.845451438,5678885.92063754,0.0,0.0,0.0,0.0,0.7907546162605286,,1.004577875137329,0.0,0.0,,0.0253146402558418,0.4935858205970678
1845,NVB,453865.470555637,5678885.58804153,0.0,0.0,0.0,0.0,4.163746356964111,,1.0060211420059204,0.0,0.0,,-0.438824317657162,-0.0502371305641998
1846,NVB,453866.104125835,5678885.28767829,0.0,0.0,0.0,0.0,0.8116958737373352,,1.0023081302642822,0.0,0.0,,-0.0575749198731121,0.2213225298239313
1847,NVB,453866.763685901,5678884.98302824,0.0,0.0,0.0,0.0,1.4930059909820557,,1.007280707359314,0.0,0.0,,0.0268935951102069,0.6424940167465135
1848,NVB,453867.449281346,5678884.66632326,0.0,0.0,0.0,0.0,3.010490894317627,,1.0079833269119265,0.0,0.0,,0.4283606308177591,0.5769978100495368
1849,NVB,453868.12614407,5678884.36288425,0.0,0.0,0.0,0.0,3.57711124420166,,1.005661964416504,0.0,0.0,,0.258000388643917,0.5452080920478249
1850,NVB,453868.802974233,5678884.06499382,0.0,0.0,0.0,0.0,1.74105966091156,,1.009833574295044,0.0,0.0,,-0.0540447040746698,0.1862860094472382
1851,NVB,453869.488335427,5678883.78823888,0.0,0.0,0.0,0.0,2.9287445545196533,,1.0295262336730957,0.0,0.0,,0.0638223971560882,0.0949115030861321
1852,NVB,453870.173657561,5678883.51814224,0.0,0.0,0.0,0.0,1.582066774368286,,1.0049817562103271,0.0,0.0,,-0.154226171954553,0.2549694814133866
1853,NVB,453870.936968876,5678883.23185602,0.0,0.0,0.0,0.0,4.64762020111084,,1.0092467069625854,0.0,0.0,,0.1451496729465175,0.3716105802225206
1854,NVB,453871.656889933,5678882.96529128,0.0,0.0,0.0,0.0,2.961137533187866,,1.0174174308776855,0.0,0.0,,-0.1701260651290669,0.3921858581003303
1855,NVB,453872.221066571,5678882.69115535,0.0,0.0,0.0,0.0,2.7297866344451904,,1.0131527185440063,0.0,0.0,,-0.2455906804218911,-0.2088041457462024
1856,NVB,453872.845988141,5678882.38963114,0.0,0.0,0.0,0.0,2.902872323989868,,1.004720687866211,0.0,0.0,,-0.5394311941669961,0.1522292355244656
1857,NVB,453873.45363291,5678882.08245682,0.0,0.0,0.0,0.0,5.841809749603272,,1.0257679224014282,0.0,0.0,,-0.2596041026817095,-0.4152321334462084
1858,NVB,453874.087222018,5678881.77876376,0.0,0.0,0.0,0.0,0.6286956667900085,,1.004817247390747,0.0,0.0,,-0.2177090760818814,0.0849978806472903
1859,NVB,453874.781569041,5678881.44546294,0.0,0.0,0.0,0.0,1.7302451133728027,,1.0050989389419556,0.0,0.0,,-0.2658907979560057,-0.0695113134818104
1860,NVB,453875.432304765,5678881.16961439,0.0,0.0,0.0,0.0,4.288242340087891,,1.0117416381835938,0.0,0.0,,-0.3399293393613521,-0.1812180085881659
1861,NVB,453876.100421225,5678880.88166018,0.0,0.0,0.0,0.0,3.648459196090698,,1.009972095489502,0.0,0.0,,0.7690025822627544,-0.424422069675021
1862,NVB,453876.786093948,5678880.55163766,0.0,0.0,0.0,0.0,5.270569801330566,,1.0091068744659424,0.0,0.0,,0.0101605534154944,0.4529169620700166
1863,NVB,453877.445711705,5678880.23699916,0.0,0.0,0.0,0.0,0.5937987565994263,,1.0015910863876345,0.0,0.0,,-0.2634676069049281,0.0673338466698643
1864,NVB,453878.096681278,5678879.92120018,0.0,0.0,0.0,0.0,2.439596652984619,,1.0017439126968384,0.0,0.0,,-0.3949291307670231,0.4294397914145351
1865,NVB,453878.730380551,5678879.59864138,0.0,0.0,0.0,0.0,0.5091367959976196,,1.0004476308822632,0.0,0.0,,-0.0362496441488188,0.8386834271445393
1866,NVB,453879.355399137,5678879.28047073,0.0,0.0,0.0,0.0,2.0082883834838867,,1.0015552043914795,0.0,0.0,,0.021281715051191,0.6923725631839988
1867,NVB,453880.049940738,5678878.9138776,0.0,0.0,0.0,0.0,2.075145483016968,,1.0043373107910156,0.0,0.0,,0.7681227130331925,0.0806839015543778
1868,NVB,453880.718303865,5678878.58375334,0.0,0.0,0.0,0.0,2.246532917022705,,1.0040104389190674,0.0,0.0,,0.0557871093474595,0.6771297147509626
1869,NVB,453881.394931518,5678878.3202634,0.0,0.0,0.0,0.0,3.086877822875977,,1.009520173072815,0.0,0.0,,-0.5211016826095493,0.1548807076684753
1870,NVB,453882.106177633,5678878.0569762,0.0,0.0,0.0,0.0,1.3881808519363403,,1.002424240112305,0.0,0.0,,-0.0943690053797482,0.1244694592462139
1871,NVB,453882.851957699,5678877.80831818,0.0,0.0,0.0,0.0,2.432082414627075,,1.002230167388916,0.0,0.0,,0.2125317198796671,0.7735006760283992
1872,NVB,453883.61503397,5678877.56198095,0.0,0.0,0.0,0.0,2.9466705322265625,,1.003819704055786,0.0,0.0,,-0.0059872301569084,-0.2059990098316166
1873,NVB,453884.352120314,5678877.31993046,0.0,0.0,0.0,0.0,2.395881414413452,,1.0028061866760254,0.0,0.0,,-0.2116063875521924,0.1566522098090056
1874,NVB,453885.115209489,5678877.07137362,0.0,0.0,0.0,0.0,1.922338604927063,,1.001198172569275,0.0,0.0,,-0.2996084644216921,0.9105021443530998
1875,NVB,453885.843686612,5678876.8215042,0.0,0.0,0.0,0.0,0.8599517941474915,,1.0009608268737793,0.0,0.0,,-0.2497255810985667,0.6462435296141482
1876,NVB,453886.520268434,5678876.56578192,0.0,0.0,0.0,0.0,2.60640287399292,,1.0104082822799685,0.0,0.0,,0.2450246463660186,0.0392511400069445
1877,NVB,453887.214321965,5678876.28241777,0.0,0.0,0.0,0.0,9.144756317138672,,1.1009329557418823,0.0,0.0,,-0.3129434480704999,0.5106814982687876
1878,NVB,453887.969191809,5678875.95945819,0.0,0.0,0.0,0.0,3.5335984230041504,,1.01470947265625,0.0,0.0,,0.1427500246381441,-0.2712876473527094
1879,NVB,453888.637437348,5678875.64930836,0.0,0.0,0.0,0.0,4.853842258453369,,1.0310564041137695,0.0,0.0,,0.1471992263886618,0.4212781187581153
1880,NVB,453889.279666968,5678875.34788423,0.0,0.0,0.0,0.0,2.5390045642852783,,1.0045989751815796,0.0,0.0,,0.4279529678032436,0.1182309512530465
1881,NVB,453889.965332142,5678875.0189703,0.0,0.0,0.0,0.0,1.155825138092041,,1.004090428352356,0.0,0.0,,0.094984468207585,0.1661797607929301
1882,NVB,453890.624981396,5678874.69878206,0.0,0.0,0.0,0.0,2.5225932598114014,,1.0042924880981443,0.0,0.0,,-0.2349641797209057,0.1032950438720936
1883,NVB,453891.276047463,5678874.36633608,0.0,0.0,0.0,0.0,5.642890453338623,,1.017290472984314,0.0,0.0,,0.1899474621682744,0.2014123163089066
1884,NVB,453891.953161835,5678874.01961564,0.0,0.0,0.0,0.0,1.616990566253662,,1.0042248964309692,0.0,0.0,,0.0546312897703339,0.8348129200572999
1885,NVB,453892.664953125,5678873.66311033,0.0,0.0,0.0,0.0,2.470777034759521,,1.0058400630950928,0.0,0.0,,0.0369173815277034,0.6367171452424844
1886,NVB,453893.37669236,5678873.31548278,0.0,0.0,0.0,0.0,1.5841516256332395,,1.0081230401992798,0.0,0.0,,0.023710489385796,-0.0356522781923875
1887,NVB,453894.088399037,5678872.97340381,0.0,0.0,0.0,0.0,2.0120503902435303,,1.0076950788497925,0.0,0.0,,-0.2020623295429,0.3377547408028782
1888,NVB,453894.81744739,5678872.6258775,0.0,0.0,0.0,0.0,1.845678806304932,,1.0152071714401243,0.0,0.0,,-0.0289957338244745,0.0175618085999311
1889,NVB,453895.529056457,5678872.30044432,0.0,0.0,0.0,0.0,3.6995792388916016,,1.0129327774047852,0.0,0.0,,-0.0759268295663283,0.2338913710149577
1890,NVB,453896.266635828,5678871.9740534,0.0,0.0,0.0,0.0,1.6181830167770386,,1.0202057361602783,0.0,0.0,,-0.0241312464528856,0.2682336556261652
1891,NVB,453896.94346383,5678871.67616056,0.0,0.0,0.0,0.0,1.1792433261871338,,1.0059692859649658,0.0,0.0,,-0.1412726853756262,0.6403557409593329
1892,NVB,453897.576901711,5678871.39798937,0.0,0.0,0.0,0.0,0.7879651784896851,,1.018524408340454,0.0,0.0,,0.0116272185445306,0.8209701762203302
1893,NVB,453898.227655285,5678871.11880976,0.0,0.0,0.0,0.0,1.489472270011902,,1.0020368099212646,0.0,0.0,,0.6325837757111548,0.5083579333073929
1894,NVB,453898.921629921,5678870.84876131,0.0,0.0,0.0,0.0,0.9699415564537048,,1.0060142278671265,0.0,0.0,,0.0879209227131081,0.6180684906982447
1895,NVB,453899.624278622,5678870.5754343,0.0,0.0,0.0,0.0,2.5665345191955566,,1.005174994468689,0.0,0.0,,-0.4131708279880514,0.8591335902921545
1896,NVB,453900.30963103,5678870.29978642,0.0,0.0,0.0,0.0,2.375949621200561,,1.0116068124771118,0.0,0.0,,0.1329854149294794,0.3764524893632495
1897,NVB,453901.029783806,5678869.9932688,0.0,0.0,0.0,0.0,1.4176737070083618,,1.0011142492294312,0.0,0.0,,-0.3495755009864483,0.8003839382624279
1898,NVB,453901.749975517,5678869.68009274,0.0,0.0,0.0,0.0,1.730732798576355,,1.001878261566162,0.0,0.0,,0.0884137420467383,0.7916397324499856
1899,NVB,453902.487788295,5678869.31375103,0.0,0.0,0.0,0.0,2.151414394378662,,1.002261519432068,0.0,0.0,,-0.0571582274779414,0.6812614405421451
1900,NVB,453903.138918385,5678868.97020679,0.0,0.0,0.0,0.0,1.449303150177002,,1.001954436302185,0.0,0.0,,-0.5922689635786598,-0.2000403651269641
1901,NVB,453903.755423453,5678868.62756953,0.0,0.0,0.0,0.0,2.452124834060669,,1.0053308010101318,0.0,0.0,,-0.3733625136165472,-0.4116821219364321
1902,NVB,453904.389289678,5678868.27615574,0.0,0.0,0.0,0.0,1.4467302560806274,,1.004690647125244,0.0,0.0,,0.0903990498019251,0.2149112069652625
1903,NVB,453905.023038893,5678867.944717,0.0,0.0,0.0,0.0,3.054487466812134,,1.0077844858169556,0.0,0.0,,-0.4091821325239664,0.6045921276271377
1904,NVB,453905.699892204,5678867.64238451,0.0,0.0,0.0,0.0,2.1212520599365234,,1.0194871425628662,0.0,0.0,,0.2936537996988037,0.1110657952950213
1905,NVB,453906.402748287,5678867.3335456,0.0,0.0,0.0,0.0,0.7051047682762146,,1.00456964969635,0.0,0.0,,0.1499246956916368,0.5295713731797401
1906,NVB,453907.201077959,5678866.97865542,0.0,0.0,0.0,0.0,1.2482153177261353,,1.0010823011398315,0.0,0.0,,0.0240603641283014,0.6754567205117011
1907,NVB,453907.921262644,5678866.66658853,0.0,0.0,0.0,0.0,0.7811596989631653,,1.0019612312316897,0.0,0.0,,0.4328594974714888,0.5287882423516082
1908,NVB,453908.615444447,5678866.36102794,0.0,0.0,0.0,0.0,2.060076713562012,,1.0012750625610352,0.0,0.0,,0.5049131502483225,0.6635507416850354
1909,NVB,453909.326850962,5678866.06999509,0.0,0.0,0.0,0.0,1.7727482318878174,,1.0015058517456057,0.0,0.0,,-0.0985203209201569,0.7000926157184963
1910,NVB,453910.020798777,5678865.80438458,0.0,0.0,0.0,0.0,0.4760568141937256,,1.0091131925582886,0.0,0.0,,-0.0101818835817783,0.2702282978578834
1911,NVB,453910.688633277,5678865.56414576,0.0,0.0,0.0,0.0,1.2985262870788574,,1.0056346654891968,0.0,0.0,,0.0258736710480922,-0.0187309235091746
1912,NVB,453911.356721102,5678865.28062749,0.0,0.0,0.0,0.0,0.2518975436687469,,1.0060861110687256,0.0,0.0,,-0.6810123558030238,-0.398961376403819
1913,NVB,453912.07718481,5678864.92084192,0.0,0.0,0.0,0.0,2.770084381103516,,1.009971022605896,0.0,0.0,,-0.2466788604605941,0.3252060515874787
1914,NVB,453912.70242823,5678864.56382816,0.0,0.0,0.0,0.0,1.049158215522766,,1.001457691192627,0.0,0.0,,-0.7719455141376456,0.4401621524058859
1915,NVB,453913.284560942,5678864.17881784,0.0,0.0,0.0,0.0,4.821662902832031,,1.0069745779037476,0.0,0.0,,-0.3028331711671074,0.7575642483503398
1916,NVB,453913.857681694,5678863.85479185,0.0,0.0,0.0,0.0,3.381377935409546,,1.0132535696029663,0.0,0.0,,0.0985656015063451,0.0182445354761013
1917,NVB,453914.57798275,5678863.52274925,0.0,0.0,0.0,0.0,0.9253495931625366,,1.0104126930236816,0.0,0.0,,-0.213611310542342,-0.062530769241394
1918,NVB,453915.359093382,5678863.15222073,0.0,0.0,0.0,0.0,2.2224295139312744,,1.0019733905792236,0.0,0.0,,-0.1094669014631536,0.4015493682949558
1919,NVB,453916.044717409,5678862.82996291,0.0,0.0,0.0,0.0,4.291133880615234,,1.0066473484039309,0.0,0.0,,-0.7439715177769309,0.427027945361343
1920,NVB,453916.686931917,5678862.53075602,0.0,0.0,0.0,0.0,0.8298126459121704,,1.0013641119003296,0.0,0.0,,-0.5084946085547543,0.0001119137495053
1921,NVB,453917.363797293,5678862.22620307,0.0,0.0,0.0,0.0,0.7736813426017761,,1.002513766288757,0.0,0.0,,-0.5430782857051805,0.1449692956417567
1922,NVB,453918.092674713,5678861.90752754,0.0,0.0,0.0,0.0,1.9011555910110476,,1.002294659614563,0.0,0.0,,-0.1263329325673714,0.6511800246377513
1923,NVB,453918.830031303,5678861.61886527,0.0,0.0,0.0,0.0,1.4663766622543335,,1.001378297805786,0.0,0.0,,0.0396338932887176,0.4275822152589321
1924,NVB,453919.558551359,5678861.36122466,0.0,0.0,0.0,0.0,1.9717940092086792,,1.0039499998092651,0.0,0.0,,0.18155001124764,0.7231441984242691
1925,NVB,453920.260997122,5678861.12229738,0.0,0.0,0.0,0.0,1.8281103372573853,,1.0016610622406006,0.0,0.0,,0.127562244037427,0.755107220817587
1926,NVB,453920.971993523,5678860.90117635,0.0,0.0,0.0,0.0,2.4097676277160645,,1.0036264657974243,0.0,0.0,,0.3476929454551918,0.5891063497498535
1927,NVB,453921.743773489,5678860.64600827,0.0,0.0,0.0,0.0,2.4202702045440674,,1.0040873289108276,0.0,0.0,,-0.0782940323877442,0.7472012556333422
1928,NVB,453922.446349019,5678860.38488624,0.0,0.0,0.0,0.0,0.8649084568023682,,1.0016487836837769,0.0,0.0,,0.0272054077313665,0.2368341418174588
1929,NVB,453923.08842019,5678860.11009284,0.0,0.0,0.0,0.0,0.5327146053314209,,1.001271367073059,0.0,0.0,,-0.4495037880333036,0.6533825583784787
1930,NVB,453923.773985175,5678859.7978219,0.0,0.0,0.0,0.0,3.023788928985596,,1.0017536878585815,0.0,0.0,,-0.6127344575792698,0.0879427866394202
1931,NVB,453924.451012404,5678859.46552514,0.0,0.0,0.0,0.0,1.2870488166809082,,1.0049904584884644,0.0,0.0,,-0.3254257209846184,0.5992769427250088
1932,NVB,453925.136746137,5678859.12440115,0.0,0.0,0.0,0.0,2.038726568222046,,1.0056904554367063,0.0,0.0,,0.5984007107346647,0.4877447866547526
1933,NVB,453925.848346209,5678858.80007498,0.0,0.0,0.0,0.0,1.797618746757507,,1.0020395517349243,0.0,0.0,,-0.0722630895340705,0.6634220013895161
1934,NVB,453926.61201673,5678858.45163861,0.0,0.0,0.0,0.0,2.1527559757232666,,1.0035712718963623,0.0,0.0,,0.3255780704540414,0.7291938713112351
1935,NVB,453927.32363616,5678858.12398312,0.0,0.0,0.0,0.0,3.150062322616577,,1.0034537315368652,0.0,0.0,,0.20411163427048,0.8610834329532544
1936,NVB,453927.96582387,5678857.82921422,0.0,0.0,0.0,0.0,0.9571877121925354,,1.0059075355529783,0.0,0.0,,0.0581384889150424,0.2895836366614808
1937,NVB,453928.746809905,5678857.47976922,0.0,0.0,0.0,0.0,1.471776843070984,,1.0029970407485962,0.0,0.0,,0.3552384485716779,0.3576098134932292
1938,NVB,453929.458312266,5678857.17208864,0.0,0.0,0.0,0.0,3.076240539550781,,1.006603121757507,0.0,0.0,,0.1799315985182732,0.3766934129047501
1939,NVB,453930.16111451,5678856.87212544,0.0,0.0,0.0,0.0,2.192676305770874,,1.0053002834320068,0.0,0.0,,-0.3544104219135923,0.1620739130251186
1940,NVB,453930.881173953,5678856.5811413,0.0,0.0,0.0,0.0,1.504755616188049,,1.0064243078231812,0.0,0.0,,0.0049698656740082,0.412485928614483
1941,NVB,453931.644688181,5678856.25933792,0.0,0.0,0.0,0.0,1.4529777765274048,,1.0125123262405396,0.0,0.0,,-0.3054964689184059,0.0150339149556593
1942,NVB,453932.330187549,5678855.95816352,0.0,0.0,0.0,0.0,2.5911202430725098,,1.0061631202697754,0.0,0.0,,-0.4610316216264935,0.6882803488253963
1943,NVB,453932.937613621,5678855.68760567,0.0,0.0,0.0,0.0,2.190130710601806,,1.0009688138961792,0.0,0.0,,-0.4232489976696201,0.6802487327696038
1944,NVB,453933.71852779,5678855.35036718,0.0,0.0,0.0,0.0,1.483513355255127,,1.0014798641204834,0.0,0.0,,-0.2553462947896946,0.4920571993096174
1945,NVB,453934.45600655,5678855.04061861,0.0,0.0,0.0,0.0,1.948033571243286,,1.0018230676651,0.0,0.0,,-0.3024054286263147,0.196403984994322
1946,NVB,453935.176247474,5678854.7185617,0.0,0.0,0.0,0.0,1.5459929704666138,,1.0069124698638916,0.0,0.0,,-0.0045494357838052,0.1065625307535452
1947,NVB,453936.538980588,5678854.0495779,0.0,0.0,0.0,0.0,4.608489990234375,,1.015269160270691,0.0,0.0,,0.1282928195391083,0.1519595172200824
1948,NVB,453937.242048486,5678853.70411523,0.0,0.0,0.0,0.0,4.034707069396973,,1.003345251083374,0.0,0.0,,0.0584510535934084,0.546731598070657
1949,NVB,453937.988577614,5678853.32672356,0.0,0.0,0.0,0.0,7.205667495727539,,1.0445541143417358,0.0,0.0,,0.3868931754217379,0.1383017115777397
1950,NVB,453938.6224865,5678852.96753894,0.0,0.0,0.0,0.0,2.6845126152038574,,1.0045584440231323,0.0,0.0,,-0.4541590439965355,0.1346338448975264
1951,NVB,453939.230451015,5678852.60487317,0.0,0.0,0.0,0.0,2.550163507461548,,1.003210425376892,0.0,0.0,,-0.5218117884707026,0.579407291174079
1952,NVB,453939.864184489,5678852.27565111,0.0,0.0,0.0,0.0,2.3634238243103027,,1.0074418783187866,0.0,0.0,,-0.6312951074289023,0.031567177563405
1953,NVB,453940.532231154,5678851.99878874,0.0,0.0,0.0,0.0,0.8600357174873352,,1.002736210823059,0.0,0.0,,-0.7118406033994479,-0.1074651357502117
1954,NVB,453941.278130197,5678851.72904039,0.0,0.0,0.0,0.0,3.6462676525115967,,1.0232539176940918,0.0,0.0,,-0.220327796755854,0.6907787622919459
1955,NVB,453942.015244748,5678851.48143589,0.0,0.0,0.0,0.0,2.244133472442627,,1.002074956893921,0.0,0.0,,0.0446653666127606,0.7372509336040584
1956,NVB,453942.787016593,5678851.22737548,0.0,0.0,0.0,0.0,2.20660662651062,,1.0011956691741943,0.0,0.0,,-0.0005634167462252,0.9941097007153192
1957,NVB,453943.515431002,5678850.98748831,0.0,0.0,0.0,0.0,2.547319173812866,,1.0025049448013306,0.0,0.0,,-0.3175665111963728,0.8037932810996876
1958,NVB,453944.252551902,5678850.73877388,0.0,0.0,0.0,0.0,0.2070954740047454,,1.000753402709961,0.0,0.0,,0.0065026910528001,0.7497066177816009
1959,NVB,453944.981290813,5678850.44340017,0.0,0.0,0.0,0.0,3.572837829589844,,1.0022600889205933,0.0,0.0,,0.4495104969621065,0.6114835729012649
1960,NVB,453945.675599547,5678850.11564177,0.0,0.0,0.0,0.0,2.071186065673828,,1.0079561471939087,0.0,0.0,,0.1936302587352504,0.7478823285366398
1961,NVB,453946.326440497,5678849.82092201,0.0,0.0,0.0,0.0,0.6576223373413086,,1.0021774768829346,0.0,0.0,,-0.3208862759733628,0.4789284253359802
1962,NVB,453947.02059332,5678849.51979696,0.0,0.0,0.0,0.0,2.59376859664917,,1.0031623840332031,0.0,0.0,,-0.3517394084297053,0.8636155600692734
1963,NVB,453947.809972601,5678849.21478983,0.0,0.0,0.0,0.0,0.6435181498527527,,1.0019363164901731,0.0,0.0,,-0.2972404492681087,0.544413889966734
1964,NVB,453948.555832175,5678848.95169915,0.0,0.0,0.0,0.0,0.6490550637245178,,1.0025520324707031,0.0,0.0,,-0.2711697426267695,0.5368209627434423
1965,NVB,453949.293095525,5678848.67857023,0.0,0.0,0.0,0.0,1.2808291912078855,,1.0029199123382568,0.0,0.0,,-0.6163421910911657,0.6238111260026411
1966,NVB,453950.00477802,5678848.33981542,0.0,0.0,0.0,0.0,2.2212722301483154,,1.0090909004211426,0.0,0.0,,-0.6265567304764831,0.2318685863307278
1967,NVB,453950.664779552,5678847.95858714,0.0,0.0,0.0,0.0,0.9056753516197203,,1.002261519432068,0.0,0.0,,-0.412461295821594,0.5009816833127841
1968,NVB,453951.350673398,5678847.58971768,0.0,0.0,0.0,0.0,3.5134172439575195,,1.0080012083053589,0.0,0.0,,-0.6696618997627861,0.4474710260372421
1969,NVB,453951.993015108,5678847.26831336,0.0,0.0,0.0,0.0,4.001764297485352,,1.003293752670288,0.0,0.0,,-0.5479504491102861,0.7852514193133883
1970,NVB,453952.626650246,5678846.95573619,0.0,0.0,0.0,0.0,4.561130046844482,,1.004656195640564,0.0,0.0,,-0.7422467701766208,0.6563665916982331
1971,NVB,453953.277601008,5678846.64215049,0.0,0.0,0.0,0.0,9.507294654846191,,1.0275883674621582,0.0,0.0,,-0.6834217293702577,0.7115216247028533
1972,NVB,453953.911177629,5678846.33956077,0.0,0.0,0.0,0.0,3.308655023574829,,1.0092461109161377,0.0,0.0,,-0.8071659509855708,0.1546413404817511
1973,NVB,453954.588079084,5678846.02834627,0.0,0.0,0.0,0.0,1.4810744524002075,,1.0042855739593506,0.0,0.0,,-0.145303311922033,0.4862049389519491
1974,NVB,453955.308376753,5678845.69629996,0.0,0.0,0.0,0.0,2.307079792022705,,1.0031334161758425,0.0,0.0,,0.2725326204371586,0.3822219645265751
1975,NVB,453956.002723571,5678845.36188229,0.0,0.0,0.0,0.0,4.782587051391602,,1.0055948495864868,0.0,0.0,,0.0532437049797009,-0.5309147808937308
1976,NVB,453956.688409248,5678845.02852366,0.0,0.0,0.0,0.0,5.470827102661133,,1.0196391344070437,0.0,0.0,,0.2808401547551454,0.8260662614774001
1977,NVB,453957.322031036,5678844.71816558,0.0,0.0,0.0,0.0,5.323220729827881,,1.0091432332992554,0.0,0.0,,0.7109770050006478,0.2968294794588611
1978,NVB,453957.946998184,5678844.40775682,0.0,0.0,0.0,0.0,4.830281734466553,,1.0057965517044067,0.0,0.0,,0.8444647232252086,0.4129416324522335
1979,NVB,453958.624119968,5678844.05881122,0.0,0.0,0.0,0.0,2.3634066581726074,,1.021433711051941,0.0,0.0,,0.3421981893873815,0.9026195731234624
1980,NVB,453959.266435125,5678843.74184523,0.0,0.0,0.0,0.0,2.9756317138671875,,1.0055721998214722,0.0,0.0,,0.3229949526253675,-0.3347823261007179
1981,NVB,453959.917391843,5678843.42714925,0.0,0.0,0.0,0.0,5.286112308502197,,1.0074812173843384,0.0,0.0,,-0.16822910040188,0.954851015120361
1982,NVB,453960.594234394,5678843.12592178,0.0,0.0,0.0,0.0,1.3777447938919067,,1.001706600189209,0.0,0.0,,0.0335575288784988,-0.0335789276636456
1983,NVB,453961.279692547,5678842.83140324,0.0,0.0,0.0,0.0,3.1200881004333496,,1.014768362045288,0.0,0.0,,-0.3468542865196897,0.6821612424589664
1984,NVB,453961.973785763,5678842.54026444,0.0,0.0,0.0,0.0,4.571005821228027,,1.0144299268722534,0.0,0.0,,0.0371479657418053,-0.19588743435847
1985,NVB,453962.685136188,5678842.25810462,0.0,0.0,0.0,0.0,3.758489608764648,,1.0079811811447144,0.0,0.0,,-0.4546591596244805,0.7742063295221442
1986,NVB,453963.465846549,5678841.95526476,0.0,0.0,0.0,0.0,4.215192794799805,,1.0036863088607788,0.0,0.0,,0.4038032625608521,-0.4433407124082318
1987,NVB,453964.151265553,5678841.66740434,0.0,0.0,0.0,0.0,5.396442890167236,,1.006697177886963,0.0,0.0,,-0.4363649613544622,0.8716623018798376
1988,NVB,453964.758682917,5678841.39795377,0.0,0.0,0.0,0.0,2.7052712440490723,,1.0089685916900637,0.0,0.0,,0.0598615281639859,-0.2146515045516478
1989,NVB,453965.504904548,5678841.07271674,0.0,0.0,0.0,0.0,1.4930845499038696,,1.0029830932617188,0.0,0.0,,0.0107589359215089,0.2765635057996498
1990,NVB,453966.164327196,5678840.79025296,0.0,0.0,0.0,0.0,0.944905698299408,,1.0043270587921145,0.0,0.0,,-0.1000010256112256,-0.7644183172074062
1991,NVB,453966.806297875,5678840.53210194,0.0,0.0,0.0,0.0,1.5959298610687256,,1.004582405090332,0.0,0.0,,-0.6692442498631742,0.4544176765521605
1992,NVB,453967.43953606,5678840.287217,0.0,0.0,0.0,0.0,2.354820251464844,,1.001915454864502,0.0,0.0,,-0.220809772013987,-0.1554718346675206
1993,NVB,453968.072793671,5678840.03900282,0.0,0.0,0.0,0.0,1.1453365087509155,,1.00115168094635,0.0,0.0,,-0.3459771113421491,0.1889333064323163
1994,NVB,453968.758115008,5678839.76778792,0.0,0.0,0.0,0.0,1.888676762580872,,1.0017595291137695,0.0,0.0,,0.3778634830471972,-0.1444827815326257
1995,NVB,453969.469562258,5678839.46898156,0.0,0.0,0.0,0.0,5.0514235496521,,1.0107163190841677,0.0,0.0,,-0.4858328110264584,0.4811060326945353
1996,NVB,453970.172439218,5678839.15569808,0.0,0.0,0.0,0.0,3.0847442150115967,,1.0031970739364624,0.0,0.0,,-0.0936812923535101,-0.4121113444483203
1997,NVB,453970.8927291,5678838.82476009,0.0,0.0,0.0,0.0,3.832580804824829,,1.003192901611328,0.0,0.0,,-0.3997861027001806,0.6791566021753354
1998,NVB,453971.630399455,5678838.48171622,0.0,0.0,0.0,0.0,1.3820958137512207,,1.0079694986343384,0.0,0.0,,-0.2660566051039518,-0.038021002414245
1999,NVB,453972.359505994,5678838.12308549,0.0,0.0,0.0,0.0,1.2643101215362549,,1.001941204071045,0.0,0.0,,0.0618541669339119,0.0631844375343417
2000,NVB,453973.08869681,5678837.75002823,0.0,0.0,0.0,0.0,4.5656328201293945,,1.0064016580581665,0.0,0.0,,-0.1843053283658298,0.3662902182519418
2001,NVB,453973.731186031,5678837.40309841,0.0,0.0,0.0,0.0,3.8555753231048575,,1.0063753128051758,0.0,0.0,,0.4997968791709939,-0.4837651107943135
2002,NVB,453974.33888819,5678837.08481907,0.0,0.0,0.0,0.0,1.5301628112792969,,1.0011175870895386,0.0,0.0,,0.0729763974325864,0.2031020132369005
2003,NVB,453974.981377304,5678836.73788914,0.0,0.0,0.0,0.0,4.091947555541992,,1.0104546546936035,0.0,0.0,,0.1300469883951931,0.3780074162327918
2004,NVB,453975.641233907,5678836.38107279,0.0,0.0,0.0,0.0,7.22901725769043,,1.019243836402893,0.0,0.0,,-0.2263718881730675,0.7472459198697347
2005,NVB,453976.326872542,5678836.05548056,0.0,0.0,0.0,0.0,3.5031533241271973,,1.0097805261611938,0.0,0.0,,-0.0324539670943042,-0.3487935606552848
2006,NVB,453977.029606197,5678835.76661049,0.0,0.0,0.0,0.0,7.292058944702148,,1.0114315748214722,0.0,0.0,,0.0174175996627798,0.869799862775365
2007,NVB,453977.801576434,5678835.4781451,0.0,0.0,0.0,0.0,3.879645109176636,,1.0030361413955688,0.0,0.0,,0.6438864963257168,-0.1791859579424208
2008,NVB,453978.556088253,5678835.21510219,0.0,0.0,0.0,0.0,3.208430528640747,,1.0060917139053345,0.0,0.0,,0.3739968114654,0.7335417356162514
2009,NVB,453979.327948098,5678834.94550202,0.0,0.0,0.0,0.0,0.907467484474182,,1.0351964235305786,0.0,0.0,,-0.0256545885384306,-0.0556237328866697
2010,NVB,453980.039141511,5678834.68997412,0.0,0.0,0.0,0.0,2.0063469409942627,,1.0091755390167236,0.0,0.0,,-0.1249780088337765,-0.2398090528448774
2011,NVB,453980.767695927,5678834.4256695,0.0,0.0,0.0,0.0,3.799762725830078,,1.0057820081710815,0.0,0.0,,0.183826870461143,0.7154669685297458
2012,NVB,453981.496334622,5678834.14693835,0.0,0.0,0.0,0.0,2.881681442260742,,1.010216236114502,0.0,0.0,,0.4892049691240138,0.0493631918660895
2013,NVB,453982.199054937,5678833.86028727,0.0,0.0,0.0,0.0,5.035542964935303,,1.0404669046401978,0.0,0.0,,0.0462591704496477,0.3236981722731606
2014,NVB,453982.867169864,5678833.57121432,0.0,0.0,0.0,0.0,5.238377571105957,,1.01729416847229,0.0,0.0,,-0.3632471770408558,-0.2876716567362725
2015,NVB,453983.604748383,5678833.24370553,0.0,0.0,0.0,0.0,2.753747940063477,,1.0047519207000732,0.0,0.0,,0.0284625745366807,-0.1778637126600131
2016,NVB,453984.394364568,5678832.89763481,0.0,0.0,0.0,0.0,0.2928377091884613,,1.0144526958465576,0.0,0.0,,0.0035772102805552,-0.4445069150910044
2017,NVB,453985.105868965,5678832.5888395,0.0,0.0,0.0,0.0,1.1176108121871948,,1.024674892425537,0.0,0.0,,0.1519119412877604,0.3050139307844787
2018,NVB,453985.765880419,5678832.20538884,0.0,0.0,0.0,0.0,2.759395837783813,,1.0210415124893188,0.0,0.0,,0.4894529537296568,-0.3711146231454341
2019,NVB,453986.287768854,5678831.76120347,0.0,0.0,0.0,0.0,1.1236507892608645,,1.035817265510559,0.0,0.0,,-0.2349761676181464,0.3591305796343573
2020,NVB,453986.680091558,5678831.27297993,0.0,0.0,0.0,0.0,3.671868085861206,,1.0320172309875488,0.0,0.0,,-0.068765721944369,-0.4173480213750619
2021,NVB,453986.98608251,5678830.74762951,0.0,0.0,0.0,0.0,5.467301368713379,,1.0542279481887815,0.0,0.0,,-0.1018103366234228,0.3704631805800878
2022,NVB,453987.205631462,5678830.2040176,0.0,0.0,0.0,0.0,5.434792518615723,,1.0338683128356934,0.0,0.0,,-0.2773707713490485,0.392484775082867
2023,NVB,453987.330103312,5678829.63876445,0.0,0.0,0.0,0.0,3.119508981704712,,1.0382819175720217,0.0,0.0,,0.0865809650379354,-0.0990827977678399
2024,NVB,453987.368100766,5678829.06079846,0.0,0.0,0.0,0.0,10.870649337768556,,1.0526591539382937,0.0,0.0,,-0.4013246635949686,-0.0282035959015812
2025,NVB,453987.268092056,5678828.40212273,0.0,0.0,0.0,0.0,5.961239814758301,,1.0082650184631348,0.0,0.0,,0.7065693328294552,0.1755644350935868
2026,NVB,453987.046575614,5678827.80155443,0.0,0.0,0.0,0.0,2.8393068313598637,,1.0026679039001465,0.0,0.0,,-0.6518859267277332,-0.2939524262308819
2027,NVB,453986.703629298,5678827.2457768,0.0,0.0,0.0,0.0,2.7519662380218506,,1.005473494529724,0.0,0.0,,-0.5086301202358726,0.4225461569778613
2028,NVB,453986.273488728,5678826.80046613,0.0,0.0,0.0,0.0,3.873281717300415,,1.0091922283172607,0.0,0.0,,0.4869169238323181,0.2147040905066096
2029,NVB,453985.799530517,5678826.44811967,0.0,0.0,0.0,0.0,2.4913816452026367,,1.0105687379837036,0.0,0.0,,0.0356207294116044,-0.3459320173891151
2030,NVB,453985.264529848,5678826.17420978,0.0,0.0,0.0,0.0,5.706060886383057,,1.0252019166946411,0.0,0.0,,-0.3966135910609096,0.0075573059472119
2031,NVB,453984.686016376,5678825.94110686,0.0,0.0,0.0,0.0,5.96442461013794,,1.0122922658920288,0.0,0.0,,0.1448993905703137,0.5152401756166337
2032,NVB,453984.099010531,5678825.68021011,0.0,0.0,0.0,0.0,4.320167064666748,,1.006054162979126,0.0,0.0,,0.0736914126210987,-0.714536209459473
2033,NVB,453983.460343259,5678825.37351095,0.0,0.0,0.0,0.0,5.452579975128174,,1.025657057762146,0.0,0.0,,0.4100629006838483,0.2928075431021075
2034,NVB,453982.787187494,5678825.04441482,0.0,0.0,0.0,0.0,7.037156581878662,,1.013247013092041,0.0,0.0,,0.3935002400392779,0.1068137766750265
2035,NVB,453982.088081056,5678824.71294742,0.0,0.0,0.0,0.0,0.5632909536361694,,1.0184277296066284,0.0,0.0,,-0.2599104192310666,0.3561229322117944
2036,NVB,453981.380586067,5678824.3359305,0.0,0.0,0.0,0.0,1.7588876485824585,,1.0063741207122805,0.0,0.0,,-0.174334376339085,0.5216704225172916
2037,NVB,453980.751196313,5678823.92274782,0.0,0.0,0.0,0.0,0.7132277488708496,,1.0302135944366455,0.0,0.0,,-0.0604882910686338,0.0775057199939594
2038,NVB,453980.182648066,5678823.46553008,0.0,0.0,0.0,0.0,2.572439193725586,,1.0283135175704956,0.0,0.0,,-0.7058561052580233,0.6022833666611574
2039,NVB,453979.623137188,5678822.94288894,0.0,0.0,0.0,0.0,3.301571846008301,,1.0057607889175415,0.0,0.0,,-0.5978564062723519,-0.1000798872223051
2040,NVB,453979.132817493,5678822.42842059,0.0,0.0,0.0,0.0,3.0285940170288086,,1.005970120429993,0.0,0.0,,0.461620077523418,0.4496330907393539
2041,NVB,453978.590473168,5678821.93029458,0.0,0.0,0.0,0.0,4.12202262878418,,1.0045888423919678,0.0,0.0,,0.5169066051739017,0.4517615082710214
2042,NVB,453977.901533276,5678821.34031075,0.0,0.0,0.0,0.0,4.774460792541504,,1.0050759315490725,0.0,0.0,,0.5296101914506132,-0.1719999503630099
2043,NVB,453977.281440755,5678820.81731529,0.0,0.0,0.0,0.0,0.8469253778457642,,1.0030885934829712,0.0,0.0,,0.2120066499533148,-0.2232822114281328
2044,NVB,453976.644149478,5678820.27535321,0.0,0.0,0.0,0.0,2.2870914936065674,,1.0036356449127195,0.0,0.0,,0.2456342701919087,-0.2939362318647231
2045,NVB,453976.015480412,5678819.73899031,0.0,0.0,0.0,0.0,3.712913751602173,,1.0088618993759155,0.0,0.0,,-0.1482751420603246,0.7823526086312856
2046,NVB,453975.412599949,5678819.23274181,0.0,0.0,0.0,0.0,1.6558544635772705,,1.0134702920913696,0.0,0.0,,-0.2520419517977136,0.4375855158835718
2047,NVB,453974.757954395,5678818.69844649,0.0,0.0,0.0,0.0,5.5586442947387695,,1.0079838037490845,0.0,0.0,,-0.3703021521274403,0.8957311228901158
2048,NVB,453974.094712753,5678818.15411295,0.0,0.0,0.0,0.0,3.132774829864502,,1.0077284574508667,0.0,0.0,,-0.0159970773226623,-0.2940818819768906
2049,NVB,453973.500461147,5678817.65235381,0.0,0.0,0.0,0.0,5.513859748840332,,1.0122538805007937,0.0,0.0,,0.3059811618528818,-0.3176137723374995
2050,NVB,453972.888932936,5678817.14494479,0.0,0.0,0.0,0.0,3.6182608604431152,,1.0049593448638916,0.0,0.0,,-0.1607234125620801,0.4952127274064691
2051,NVB,453971.683938493,5678816.00149934,0.0,0.0,0.0,0.0,2.1564688682556152,,1.0036598443984983,0.0,0.0,,-0.3038116520344873,0.036746226017367
2052,NVB,453971.124539007,5678815.4599922,0.0,0.0,0.0,0.0,3.455159902572632,,1.0102834701538086,0.0,0.0,,-0.034899033138914,0.3022800908899295
2053,NVB,453970.539467905,5678814.86839545,0.0,0.0,0.0,0.0,3.527953624725342,,1.0187547206878662,0.0,0.0,,0.0351480317171083,0.4297339777256233
2054,NVB,453969.885439439,5678814.22867554,0.0,0.0,0.0,0.0,3.008070468902588,,1.0041375160217283,0.0,0.0,,0.1618816566077688,-0.2334042132051667
2055,NVB,453969.274443787,5678813.63026853,0.0,0.0,0.0,0.0,2.125932455062866,,1.00295090675354,0.0,0.0,,-0.0513962703324985,-0.3316339773327216
2056,NVB,453968.64611316,5678813.03619917,0.0,0.0,0.0,0.0,4.542783737182617,,1.0225729942321775,0.0,0.0,,0.5457988958973953,0.1539717080463639
2057,NVB,453968.043648964,5678812.45892749,0.0,0.0,0.0,0.0,3.0683305263519287,,1.012748956680298,0.0,0.0,,0.4546235161706303,-0.2793388885181768
2058,NVB,453967.458429071,5678811.89285426,0.0,0.0,0.0,0.0,8.356178283691406,,1.0742226839065552,0.0,0.0,,0.3237261347334137,-0.0056066680058161
2059,NVB,453966.864814268,5678811.28234125,0.0,0.0,0.0,0.0,1.0607587099075315,,1.0083836317062378,0.0,0.0,,0.2022529784281263,0.0345269363749982
2060,NVB,453966.288339948,5678810.70078234,0.0,0.0,0.0,0.0,6.3472981452941895,,1.0484191179275513,0.0,0.0,,0.250222297911775,-0.0593322199331234
2061,NVB,453965.754703709,5678810.1938282,0.0,0.0,0.0,0.0,4.818923473358154,,1.008740782737732,0.0,0.0,,-0.0055458080960271,-0.5792064954468019
2062,NVB,453965.195123352,5678809.68339302,0.0,0.0,0.0,0.0,3.780712604522705,,1.029719352722168,0.0,0.0,,0.1582371434740135,-0.0051668149186857
2063,NVB,453964.540609069,5678809.12690225,0.0,0.0,0.0,0.0,3.595867872238159,,1.0107394456863403,0.0,0.0,,0.1235457501164366,0.127421646643696
2064,NVB,453963.920388614,5678808.62610028,0.0,0.0,0.0,0.0,2.9735653400421143,,1.0052289962768557,0.0,0.0,,-0.0317208211931659,-0.0159031646923698
2065,NVB,453963.317373504,5678808.14315512,0.0,0.0,0.0,0.0,2.048614740371704,,1.001359224319458,0.0,0.0,,0.3151320460272671,-0.3221782764852216
2066,NVB,453962.679941447,5678807.6256059,0.0,0.0,0.0,0.0,4.437964916229248,,1.022125005722046,0.0,0.0,,0.5503368588216272,-0.016633337182557
2067,NVB,453962.077017345,5678807.12712445,0.0,0.0,0.0,0.0,3.61279559135437,,1.0351066589355469,0.0,0.0,,0.4078314162193459,0.2879916778664327
2068,NVB,453961.439299907,5678806.65840317,0.0,0.0,0.0,0.0,4.776436805725098,,1.009812593460083,0.0,0.0,,0.6122487877288469,0.1461997494445701
2069,NVB,453960.715471885,5678806.11482393,0.0,0.0,0.0,0.0,5.927640438079834,,1.0288623571395874,0.0,0.0,,0.5804706100580771,0.58540378818653
2070,NVB,453960.069502431,5678805.57724878,0.0,0.0,0.0,0.0,7.162154197692871,,1.0140628814697266,0.0,0.0,,0.2319033413980259,0.3117150766018277
2071,NVB,453959.432336881,5678805.01420044,0.0,0.0,0.0,0.0,0.6741973757743835,,1.0063016414642334,0.0,0.0,,0.2992722828584599,0.1665112335413687
2072,NVB,453958.821115589,5678804.45463307,0.0,0.0,0.0,0.0,2.085943460464477,,1.0029964447021484,0.0,0.0,,0.7537821624736588,0.152638837542111
2073,NVB,453958.339706068,5678803.89693461,0.0,0.0,0.0,0.0,1.917241334915161,,1.0020312070846558,0.0,0.0,,0.6337458292613255,0.319956207171124
2074,NVB,453957.824002947,5678803.28354725,0.0,0.0,0.0,0.0,5.493847846984863,,1.0170221328735352,0.0,0.0,,0.4134465568340535,0.3947714966123128
2075,NVB,453957.265066127,5678802.6632484,0.0,0.0,0.0,0.0,1.3295071125030518,,1.0020959377288818,0.0,0.0,,0.2221927770642356,0.3074476302886562
2076,NVB,453956.749129519,5678802.08981118,0.0,0.0,0.0,0.0,3.9787020683288574,,1.0122872591018677,0.0,0.0,,0.1565506494565358,0.4355143233649086
2077,NVB,453956.207359165,5678801.49402751,0.0,0.0,0.0,0.0,4.957540512084961,,1.0051445960998535,0.0,0.0,,-0.0992638581211563,0.9509528452236614
2078,NVB,453955.630931785,5678800.9046997,0.0,0.0,0.0,0.0,0.3581421375274658,,1.0101609230041504,0.0,0.0,,0.100374775885827,0.2370650012780349
2079,NVB,453954.915791687,5678800.35562189,0.0,0.0,0.0,0.0,2.3076672554016118,,1.0030978918075562,0.0,0.0,,-0.1719531689420422,0.2648285644138692
2080,NVB,453954.148620592,5678799.82399595,0.0,0.0,0.0,0.0,3.715779066085816,,1.0087590217590332,0.0,0.0,,0.0531015962976782,0.9458403644817044
2081,NVB,453953.398557466,5678799.32687275,0.0,0.0,0.0,0.0,2.8137762546539307,,1.0039464235305786,0.0,0.0,,-0.2731259820482845,0.4575461565213838
2082,NVB,453952.708946398,5678798.85229838,0.0,0.0,0.0,0.0,4.801945686340332,,1.0188970565795898,0.0,0.0,,0.1310974365534925,0.8571864986943313
2083,NVB,453952.028171693,5678798.34670218,0.0,0.0,0.0,0.0,2.850038290023804,,1.0039613246917725,0.0,0.0,,-0.1511446996940499,0.5001818124446037
2084,NVB,453951.416821624,5678797.80932879,0.0,0.0,0.0,0.0,2.643486499786377,,1.0042169094085691,0.0,0.0,,-0.2641722278100791,0.4984933434262874
2085,NVB,453950.88324564,5678797.29238606,0.0,0.0,0.0,0.0,0.8411242365837097,,1.001964092254639,0.0,0.0,,0.2794474127616171,0.3489247834308801
2086,NVB,453950.401895545,5678796.72469955,0.0,0.0,0.0,0.0,5.063873291015625,,1.008979320526123,0.0,0.0,,-0.4902398346067864,0.3110915206798874
2087,NVB,453949.869033741,5678796.08568665,0.0,0.0,0.0,0.0,1.891516923904419,,1.0196380615234375,0.0,0.0,,-0.2882220395840728,0.3734008244823625
2088,NVB,453949.267318725,5678795.38079476,0.0,0.0,0.0,0.0,2.1272194385528564,,1.0036919116973877,0.0,0.0,,0.139903633905731,0.3483622652397525
2089,NVB,453948.708136469,5678794.80266497,0.0,0.0,0.0,0.0,1.1439824104309082,,1.0015921592712402,0.0,0.0,,-0.1783803014338425,-0.0468639366356481
2090,NVB,453948.131638738,5678794.2255436,0.0,0.0,0.0,0.0,3.065866231918335,,1.00342857837677,0.0,0.0,,-0.0431797460559707,0.2920344952898847
2091,NVB,453947.433912702,5678793.65881069,0.0,0.0,0.0,0.0,1.9333254098892207,,1.0197263956069946,0.0,0.0,,0.0633730476755066,0.4455620505767679
2092,NVB,453946.770428376,5678793.15664447,0.0,0.0,0.0,0.0,0.6345727443695068,,1.001732349395752,0.0,0.0,,-0.2703098267837733,0.5629915566933597
2093,NVB,453946.098367507,5678792.64111083,0.0,0.0,0.0,0.0,1.806056261062622,,1.0022668838500977,0.0,0.0,,-0.5570933398828183,-0.07806435866498
2094,NVB,453945.486602806,5678792.17475956,0.0,0.0,0.0,0.0,3.981630086898804,,1.013325572013855,0.0,0.0,,-0.5418360944308481,0.2252444574467198
2095,NVB,453944.745805736,5678791.5733717,0.0,0.0,0.0,0.0,1.4142544269561768,,1.0034840106964111,0.0,0.0,,0.4730398442177348,0.3387103002651934
2096,NVB,453944.134670931,5678790.9993767,0.0,0.0,0.0,0.0,2.0102009773254395,,1.0037627220153809,0.0,0.0,,0.7052063345216353,0.1422442540604968
2097,NVB,453943.540955642,5678790.40661753,0.0,0.0,0.0,0.0,2.0324532985687256,,1.002813458442688,0.0,0.0,,0.2466178836516563,0.2294037395199664
2098,NVB,453942.9130638,5678789.73819428,0.0,0.0,0.0,0.0,5.058418273925781,,1.0196130275726318,0.0,0.0,,-0.1897677274201615,0.5339679042623238
2099,NVB,453942.336703203,5678789.13776819,0.0,0.0,0.0,0.0,5.145967483520508,,1.014135479927063,0.0,0.0,,-0.0646572441807237,0.454120584418642
2100,NVB,453941.716920728,5678788.56261263,0.0,0.0,0.0,0.0,2.9057228565216064,,1.010611057281494,0.0,0.0,,-0.4505106687712398,0.7281586833877148
2101,NVB,453941.079842273,5678787.9851363,0.0,0.0,0.0,0.0,1.74713933467865,,1.003583312034607,0.0,0.0,,-0.905973274986872,0.1280537262889421
2102,NVB,453940.433927593,5678787.43868168,0.0,0.0,0.0,0.0,2.238876819610596,,1.0054444074630735,0.0,0.0,,-0.2415243015780104,0.415490816649954
2103,NVB,453939.796459759,5678786.92778893,0.0,0.0,0.0,0.0,2.2493703365325928,,1.0070236921310425,0.0,0.0,,-0.2390265175784786,0.5956167094981768
2104,NVB,453939.133171274,5678786.3923302,0.0,0.0,0.0,0.0,1.518676519393921,,1.005102038383484,0.0,0.0,,-0.3851928630144791,0.5439294858732132
2105,NVB,453938.453047811,5678785.77575999,0.0,0.0,0.0,0.0,1.4260156154632568,,1.0035868883132937,0.0,0.0,,-0.4628175439009644,0.7337483738758074
2106,NVB,453937.798316643,5678785.25699771,0.0,0.0,0.0,0.0,2.540985345840454,,1.0026016235351562,0.0,0.0,,-0.5190049451879268,0.4184523247690432
2107,NVB,453937.108142841,5678784.8789683,0.0,0.0,0.0,0.0,0.4223801791667938,,1.0032367706298828,0.0,0.0,,-0.326601352462126,0.3190309295054508
2108,NVB,453936.417436664,5678784.59193653,0.0,0.0,0.0,0.0,1.7776216268539429,,1.0011377334594729,0.0,0.0,,-0.5659783986652216,0.3850674104209745
2109,NVB,453935.778333015,5678784.36069495,0.0,0.0,0.0,0.0,2.35744309425354,,1.0039875507354736,0.0,0.0,,-0.1262928279628546,0.8243074220621939
2110,NVB,453935.095313939,5678784.2390632,0.0,0.0,0.0,0.0,2.121009111404419,,1.001685619354248,0.0,0.0,,-0.2135471467125804,0.8527572589191917
2111,NVB,453934.351096341,5678784.22250108,0.0,0.0,0.0,0.0,2.0306525230407715,,1.0043413639068604,0.0,0.0,,-0.4119711801183889,0.6253001170471749
2112,NVB,453933.606404712,5678784.28694904,0.0,0.0,0.0,0.0,3.3859307765960693,,1.0052825212478638,0.0,0.0,,-0.8741405598644824,-0.0895604576796231
2113,NVB,453932.835320913,5678784.42448706,0.0,0.0,0.0,0.0,1.9487605094909668,,1.0026062726974487,0.0,0.0,,-0.7093951176303128,0.1858689798307754
2114,NVB,453932.011920314,5678784.62830484,0.0,0.0,0.0,0.0,0.6558519601821899,,1.0017521381378174,0.0,0.0,,-0.5775143204518028,-0.280602891676612
2115,NVB,453931.266202586,5678784.86808963,0.0,0.0,0.0,0.0,1.6622166633605957,,1.0028870105743408,0.0,0.0,,-0.5295294875634772,0.1781641602330742
2116,NVB,453930.572327535,5678785.12260469,0.0,0.0,0.0,0.0,2.381915330886841,,1.0037589073181152,0.0,0.0,,-0.2762526485334985,0.5815422685241899
2117,NVB,453929.886951107,5678785.40380381,0.0,0.0,0.0,0.0,2.0684595108032227,,1.0008573532104492,0.0,0.0,,0.4646128868121422,0.4087033769965577
2118,NVB,453929.192744758,5678785.71491488,0.0,0.0,0.0,0.0,3.260180950164795,,1.0043025016784668,0.0,0.0,,-0.3983389920020815,0.6103888175331718
2119,NVB,453927.752112491,5678786.38677073,0.0,0.0,0.0,0.0,4.758528709411621,,1.0091166496276855,0.0,0.0,,-0.7452268858428587,0.0490854641584027
2120,NVB,453927.023099524,5678786.72986114,0.0,0.0,0.0,0.0,3.023160934448242,,1.0048295259475708,0.0,0.0,,0.1185188307139302,0.8634153454266045
2121,NVB,453926.32008904,5678787.06644506,0.0,0.0,0.0,0.0,0.5799984335899353,,1.0017573833465576,0.0,0.0,,0.1206711052920206,-0.0134997206083454
2122,NVB,453925.617013548,5678787.4141262,0.0,0.0,0.0,0.0,4.646823883056641,,1.0185327529907229,0.0,0.0,,0.062130054775377,0.2966734312549181
2123,NVB,453924.888045854,5678787.74944831,0.0,0.0,0.0,0.0,5.41660213470459,,1.008403778076172,0.0,0.0,,0.2685335294154726,0.6011612231055435
2124,NVB,453924.124602872,5678788.06015373,0.0,0.0,0.0,0.0,1.5079737901687622,,1.0045782327651978,0.0,0.0,,-0.5387264312703894,-0.2968810735170157
2125,NVB,453923.291806695,5678788.39042895,0.0,0.0,0.0,0.0,0.5290890336036682,,1.0034825801849363,0.0,0.0,,-0.3034556817733917,-0.2306038776449626
2126,NVB,453922.536972651,5678788.70895297,0.0,0.0,0.0,0.0,4.045248985290527,,1.010910987854004,0.0,0.0,,-0.572142573301992,0.6169313827655872
2127,NVB,453921.764608647,5678789.06510636,0.0,0.0,0.0,0.0,2.271531820297241,,1.004902958869934,0.0,0.0,,0.201674205180943,0.0742775294588831
2128,NVB,453921.009514661,5678789.42801935,0.0,0.0,0.0,0.0,4.375560283660889,,1.0155086517333984,0.0,0.0,,-0.4053414721875787,0.5806950556938225
2129,NVB,453920.245577707,5678789.82306373,0.0,0.0,0.0,0.0,1.6039682626724243,,1.006120681762695,0.0,0.0,,-0.4499292763041335,0.0363367298553226
2130,NVB,453919.473031612,5678790.21028929,0.0,0.0,0.0,0.0,1.1175758838653564,,1.001205563545227,0.0,0.0,,0.2849877555294755,0.5454789824489085
2131,NVB,453918.691856892,5678790.5930252,0.0,0.0,0.0,0.0,0.2346957921981811,,1.000928282737732,0.0,0.0,,-0.6529611335677102,0.398994510229369
2132,NVB,453917.841361403,5678790.98978222,0.0,0.0,0.0,0.0,1.3552846908569336,,1.0009430646896362,0.0,0.0,,-0.379867592892784,0.8835499992418412
2133,NVB,453917.069022942,5678791.34149624,0.0,0.0,0.0,0.0,2.1754329204559326,,1.0015567541122437,0.0,0.0,,-0.4722337351559591,0.142218457024607
2134,NVB,453916.383470085,5678791.65265685,0.0,0.0,0.0,0.0,0.789624810218811,,1.0028772354125977,0.0,0.0,,0.0049502112019878,0.5300105624812619
2135,NVB,453915.663273061,5678791.96805367,0.0,0.0,0.0,0.0,3.6920862197875977,,1.0039963722229004,0.0,0.0,,-0.2736635499524431,0.607682731569921
2136,NVB,453914.934395457,5678792.28783867,0.0,0.0,0.0,0.0,1.3470525741577148,,1.0139563083648682,0.0,0.0,,0.3479319127484324,0.1934068804949559
2137,NVB,453914.179554196,5678792.60747162,0.0,0.0,0.0,0.0,2.704092502593994,,1.0058830976486206,0.0,0.0,,-0.447105354460152,0.6859485002332293
2138,NVB,453913.433588285,5678792.8894244,0.0,0.0,0.0,0.0,2.28259539604187,,1.0053956508636477,0.0,0.0,,-0.0084244891504563,0.714233070220485
2139,NVB,453912.644161251,5678793.2033059,0.0,0.0,0.0,0.0,2.5013368129730225,,1.0124456882476809,0.0,0.0,,0.0562003293062251,-0.213492745076867
2140,NVB,453911.906622376,5678793.52414969,0.0,0.0,0.0,0.0,3.255757570266724,,1.009679079055786,0.0,0.0,,0.0823357692480687,0.6193943077269225
2141,NVB,453911.203766549,5678793.83409879,0.0,0.0,0.0,0.0,1.2101008892059326,,1.0052595138549805,0.0,0.0,,-0.2794207214175496,0.2780533660822397
2142,NVB,453910.474784639,5678794.17163904,0.0,0.0,0.0,0.0,2.2232367992401123,,1.008228421211243,0.0,0.0,,-0.6319576170580362,0.1757818984596365
2143,NVB,453909.632929879,5678794.5706653,0.0,0.0,0.0,0.0,2.0045032501220703,,1.002860426902771,0.0,0.0,,-0.7876140338221854,0.0886012420266747
2144,NVB,453908.88661927,5678794.91143325,0.0,0.0,0.0,0.0,3.436368703842163,,1.004252314567566,0.0,0.0,,0.2861406817622096,0.7059581606722878
2145,NVB,453908.175134648,5678795.2168925,0.0,0.0,0.0,0.0,1.24523663520813,,1.0051559209823608,0.0,0.0,,0.1571700704424579,0.0060356838893002
2146,NVB,453907.489782508,5678795.49365077,0.0,0.0,0.0,0.0,3.308134078979492,,1.0034167766571045,0.0,0.0,,-0.5773787898576922,0.4927789778491223
2147,NVB,453906.735109562,5678795.78443007,0.0,0.0,0.0,0.0,1.8824888467788696,,1.0018457174301147,0.0,0.0,,-0.5466228924140686,0.6863250959237858
2148,NVB,453905.902266335,5678796.12247157,0.0,0.0,0.0,0.0,1.5047942399978638,,1.004045009613037,0.0,0.0,,-0.4561203892035692,-0.018386873657309
2149,NVB,453905.130011293,5678796.45975795,0.0,0.0,0.0,0.0,1.5712958574295044,,1.0006622076034546,0.0,0.0,,-0.3638696964938443,0.5789492236463093
2150,NVB,453904.366339249,5678796.80930195,0.0,0.0,0.0,0.0,1.6509151458740234,,1.0017428398132324,0.0,0.0,,-0.7297055149271792,0.4160751249061208
2151,NVB,453903.602569668,5678797.17549179,0.0,0.0,0.0,0.0,3.5693929195404053,,1.0029417276382446,0.0,0.0,,-0.004514396014343,0.2248468448429845
2152,NVB,453902.864724642,5678797.54849196,0.0,0.0,0.0,0.0,1.6813900470733645,,1.002330660820007,0.0,0.0,,-0.1637454087641108,0.3893306022412348
2153,NVB,453902.126938032,5678797.91150451,0.0,0.0,0.0,0.0,1.6295855045318604,,1.0029678344726562,0.0,0.0,,-0.5402181845269262,-0.0616305051187065
2154,NVB,453901.432625489,5678798.2403688,0.0,0.0,0.0,0.0,2.8357224464416504,,1.0041791200637815,0.0,0.0,,-0.2720935470325137,0.907644717152898
2155,NVB,453900.77301552,5678798.55500927,0.0,0.0,0.0,0.0,0.828565776348114,,1.0039595365524292,0.0,0.0,,0.2390930134673926,0.039454160801798
2156,NVB,453900.09602494,5678798.88175535,0.0,0.0,0.0,0.0,1.9379979372024536,,1.0027107000350952,0.0,0.0,,0.027970570125963,0.7847779998062334
2157,NVB,453899.34959653,5678799.2424975,0.0,0.0,0.0,0.0,0.5869834423065186,,1.0007314682006836,0.0,0.0,,0.1629379988253062,0.6450245554547634
2158,NVB,453898.637974669,5678799.57126019,0.0,0.0,0.0,0.0,3.908620357513428,,1.0106676816940308,0.0,0.0,,-0.2670010978976653,0.8691576575151824
2159,NVB,453897.900343632,5678799.90763886,0.0,0.0,0.0,0.0,3.915006399154663,,1.0138707160949707,0.0,0.0,,0.3307100734354065,-0.013017300145392
2160,NVB,453897.214860738,5678800.20659081,0.0,0.0,0.0,0.0,4.413534164428711,,1.0061527490615845,0.0,0.0,,0.0315142817424306,0.6404277367489946
2161,NVB,453896.338581445,5678800.57212109,0.0,0.0,0.0,0.0,2.835832357406616,,1.0068589448928833,0.0,0.0,,-0.019416949673175,0.8655921406813584
2162,NVB,453895.549172437,5678800.8826717,0.0,0.0,0.0,0.0,4.374986171722412,,1.0359138250350952,0.0,0.0,,0.2352392993560269,0.5520877280059883
2163,NVB,453894.733728251,5678801.20527719,0.0,0.0,0.0,0.0,3.297938585281372,,1.0021638870239258,0.0,0.0,,-0.3405284045458362,0.4624740618115517
2164,NVB,453893.935651573,5678801.51799641,0.0,0.0,0.0,0.0,1.332597732543945,,1.001376986503601,0.0,0.0,,-0.3866397642865082,0.6805649958301317
2165,NVB,453893.120142259,5678801.85169902,0.0,0.0,0.0,0.0,0.8861760497093201,,1.0018378496170044,0.0,0.0,,0.3515663889023945,-0.027558579845461
2166,NVB,453892.48670326,5678802.13097956,0.0,0.0,0.0,0.0,0.6445461511611938,,1.0019596815109253,0.0,0.0,,0.3186158348963904,0.2568198005041248
2167,NVB,453891.905477454,5678802.36173614,0.0,0.0,0.0,0.0,3.3686702251434326,,1.0035141706466677,0.0,0.0,,0.6970260790791954,-0.2613633072607186
2168,NVB,453891.202737021,5678802.65170836,0.0,0.0,0.0,0.0,4.806169509887695,,1.007757544517517,0.0,0.0,,0.7307998836735116,-0.2795068082502029
2169,NVB,453890.543405751,5678802.91862968,0.0,0.0,0.0,0.0,6.643884181976318,,1.034894585609436,0.0,0.0,,0.4308203176579332,-0.0814882432102729
2170,NVB,453889.840619718,5678803.21636987,0.0,0.0,0.0,0.0,3.630990743637085,,1.0094044208526611,0.0,0.0,,-0.1629756138461372,0.1434458743585898
2171,NVB,453889.155116722,5678803.5186503,0.0,0.0,0.0,0.0,4.489430904388428,,1.0062392950057983,0.0,0.0,,-0.3711564895043986,-0.4101903616190596
2172,NVB,453888.434865494,5678803.84292247,0.0,0.0,0.0,0.0,2.310283899307251,,1.0015918016433716,0.0,0.0,,-0.0657902394296393,0.5693398199259998
2173,NVB,453887.679996022,5678804.1669918,0.0,0.0,0.0,0.0,2.600902318954468,,1.003461480140686,0.0,0.0,,0.4719518330626661,0.228236718501008
2174,NVB,453886.93365753,5678804.51219659,0.0,0.0,0.0,0.0,1.71589457988739,,1.0045697689056396,0.0,0.0,,-0.1959305032960086,0.1568126174765211
2175,NVB,453886.18729947,5678804.86073049,0.0,0.0,0.0,0.0,2.660694122314453,,1.0055320262908936,0.0,0.0,,-0.9043657033124988,-0.2898415176681561
2176,NVB,453885.475605038,5678805.201699,0.0,0.0,0.0,0.0,3.2177555561065674,,1.0057545900344849,0.0,0.0,,-0.8963776756667753,-0.0819080411990141
2177,NVB,453884.76390404,5678805.54377718,0.0,0.0,0.0,0.0,4.488826274871826,,1.0047663450241089,0.0,0.0,,-0.1973148629265502,0.6045877480884182
2178,NVB,453883.982791082,5678805.91541238,0.0,0.0,0.0,0.0,1.2586570978164673,,1.003703474998474,0.0,0.0,,0.0477616067850675,-0.0560069809242422
2179,NVB,453883.279900517,5678806.23090765,0.0,0.0,0.0,0.0,0.4020708799362182,,1.0045180320739746,0.0,0.0,,0.2763932596938377,-0.730595217808598
2180,NVB,453882.637897271,5678806.49460051,0.0,0.0,0.0,0.0,3.738590955734253,,1.004494071006775,0.0,0.0,,-0.1704814719759242,-0.7693388392954281
2181,NVB,453881.935266632,5678806.76570653,0.0,0.0,0.0,0.0,4.077611446380615,,1.0046443939208984,0.0,0.0,,-0.932860459281668,-0.0875823068310541
2182,NVB,453881.241355502,5678807.02576591,0.0,0.0,0.0,0.0,8.106868743896484,,1.0109038352966309,0.0,0.0,,-0.9836048219126148,0.0811243172420107
2183,NVB,453880.547346811,5678807.30247115,0.0,0.0,0.0,0.0,3.3188369274139404,,1.006401777267456,0.0,0.0,,-0.8587714876530219,0.3857306395260944
2184,NVB,453879.766500021,5678807.62860708,0.0,0.0,0.0,0.0,3.4582552909851074,,1.0053941011428833,0.0,0.0,,-0.931157469265368,-0.1452056070993437
2185,NVB,453879.080996247,5678807.93088663,0.0,0.0,0.0,0.0,3.6071090698242183,,1.0066676139831543,0.0,0.0,,-0.8778253998201011,0.2611681721156825
2186,NVB,453878.352031127,5678808.26509473,0.0,0.0,0.0,0.0,1.281670093536377,,1.0065792798995972,0.0,0.0,,-0.038557563723256,-0.2818329829093764
2187,NVB,453877.596985265,5678808.61912576,0.0,0.0,0.0,0.0,2.9326372146606445,,1.0043152570724487,0.0,0.0,,-0.7922327199721556,0.2711169549872967
2188,NVB,453876.83321977,5678808.9842033,0.0,0.0,0.0,0.0,1.4492546319961548,,1.0057116746902466,0.0,0.0,,-0.829110371544456,-0.1190667728896437
2189,NVB,453876.052034571,5678809.36804473,0.0,0.0,0.0,0.0,2.562451124191284,,1.002954602241516,0.0,0.0,,-0.947657205783541,-0.2206698164926684
2190,NVB,453875.331515683,5678809.73781456,0.0,0.0,0.0,0.0,2.078065633773804,,1.0096086263656616,0.0,0.0,,-0.6883177791562751,-0.0197608949512502
2191,NVB,453874.637038406,5678810.0944197,0.0,0.0,0.0,0.0,1.5695879459381104,,1.001613736152649,0.0,0.0,,-0.6335206319202474,-0.0747885274349625
2192,NVB,453873.968700277,5678810.42121425,0.0,0.0,0.0,0.0,4.788812637329102,,1.0281859636306765,0.0,0.0,,-0.7104806612448215,0.2893708648772138
2193,NVB,453873.369897611,5678810.69736691,0.0,0.0,0.0,0.0,2.0925021171569824,,1.045514702796936,0.0,0.0,,-0.3362274232885844,0.1846041200197625
2194,NVB,453872.692755277,5678811.04963439,0.0,0.0,0.0,0.0,2.274606466293335,,1.0052708387374878,0.0,0.0,,-0.3483586535285843,0.0569780822049608
2195,NVB,453872.00690631,5678811.41072892,0.0,0.0,0.0,0.0,1.8155806064605715,,1.0007271766662598,0.0,0.0,,-0.7129560678951371,0.4866299206995008
2196,NVB,453871.329776852,5678811.76077682,0.0,0.0,0.0,0.0,1.2427055835723877,,1.0013585090637207,0.0,0.0,,-0.1683014866701056,0.4256724536441584
2197,NVB,453870.609348555,5678812.11501003,0.0,0.0,0.0,0.0,2.3998982906341557,,1.0011357069015503,0.0,0.0,,-0.7270934584832669,0.380334742718149
2198,NVB,453869.897678786,5678812.45153823,0.0,0.0,0.0,0.0,1.5558087825775146,,1.0010961294174194,0.0,0.0,,-0.7877814619081835,0.3100236719706861
2199,NVB,453869.108085441,5678812.79315859,0.0,0.0,0.0,0.0,0.3866384327411651,,1.002130150794983,0.0,0.0,,-0.4734892653477223,0.0020003252162563
2200,NVB,453868.370659964,5678813.09402322,0.0,0.0,0.0,0.0,3.6133177280426025,,1.009312629699707,0.0,0.0,,-0.6029221312351399,0.0164281162077076
2201,NVB,453867.711346531,5678813.35761344,0.0,0.0,0.0,0.0,3.5807600021362305,,1.0069594383239746,0.0,0.0,,0.2407104895603028,-0.533422478948589
2202,NVB,453867.034704434,5678813.62443137,0.0,0.0,0.0,0.0,3.451415777206421,,1.003378987312317,0.0,0.0,,0.4420904226854346,-0.7256426655925058
2203,NVB,453866.349420738,5678813.88897907,0.0,0.0,0.0,0.0,5.07826042175293,,1.008870005607605,0.0,0.0,,0.3348293699270269,-0.901338313102193
2204,NVB,453865.646951442,5678814.13234044,0.0,0.0,0.0,0.0,5.727130889892578,,1.0103492736816406,0.0,0.0,,-0.0180520896557291,-0.9497791234302188
2205,NVB,453864.953117147,5678814.37908165,0.0,0.0,0.0,0.0,2.464693307876587,,1.003409743309021,0.0,0.0,,-0.8949141017412509,-0.2464340428068052
2206,NVB,453864.181014597,5678814.68973057,0.0,0.0,0.0,0.0,1.3803316354751587,,1.001344919204712,0.0,0.0,,-0.9051066488449112,0.0209054692502054
2207,NVB,453863.417547034,5678815.00375932,0.0,0.0,0.0,0.0,2.215466022491455,,1.0026551485061646,0.0,0.0,,-0.5756034176929977,0.7122769722409843
2208,NVB,453862.636445115,5678815.37317295,0.0,0.0,0.0,0.0,2.4567697048187256,,1.002177119255066,0.0,0.0,,-0.5480013398038684,0.7273081115570367
2209,NVB,453861.915944546,5678815.73961238,0.0,0.0,0.0,0.0,2.364009141921997,,1.0022677183151243,0.0,0.0,,-0.2212722995375728,-0.8477154693400494
2210,NVB,453861.186717809,5678816.11820802,0.0,0.0,0.0,0.0,1.2475284337997437,,1.0012511014938354,0.0,0.0,,-0.1359430894327152,0.2633833611962576
2211,NVB,453860.501004443,5678816.45599727,0.0,0.0,0.0,0.0,7.519863605499268,,1.0143818855285645,0.0,0.0,,0.1052218413528149,0.938781062965158
2212,NVB,453859.841430301,5678816.76397597,0.0,0.0,0.0,0.0,3.724908828735352,,1.0049281120300293,0.0,0.0,,0.3799071291187288,0.4904385938405692
2213,NVB,453859.12099451,5678817.11931786,0.0,0.0,0.0,0.0,3.635584831237793,,1.0070909261703491,0.0,0.0,,0.5515482892782669,0.0098860747598222
2214,NVB,453858.426593885,5678817.46260484,0.0,0.0,0.0,0.0,4.509883880615234,,1.0133070945739746,0.0,0.0,,-0.1214063327528714,-0.295565958853327
2215,NVB,453857.749638907,5678817.78268892,0.0,0.0,0.0,0.0,2.5755622386932373,,1.035485029220581,0.0,0.0,,0.1577996905327562,0.2323243537025581
2216,NVB,453856.951207804,5678818.15532974,0.0,0.0,0.0,0.0,0.2986437976360321,,1.057894587516785,0.0,0.0,,-0.1391856588802904,-0.0371974473256437
2217,NVB,453856.222253789,5678818.48731634,0.0,0.0,0.0,0.0,4.258556842803955,,1.0521599054336548,0.0,0.0,,0.0738491153489496,0.2723149984288664
2218,NVB,453855.589280434,5678818.68669351,0.0,0.0,0.0,0.0,2.8249542713165283,,1.0058355331420898,0.0,0.0,,-0.0732793842380026,0.2026664894575402
2219,NVB,453854.783040177,5678818.91501872,0.0,0.0,0.0,0.0,14.70051097869873,,1.0564709901809692,0.0,0.0,,0.2492248779530449,0.4748586851261927
2220,NVB,453854.115331415,5678819.13416796,0.0,0.0,0.0,0.0,3.2980923652648926,,1.0261459350585938,0.0,0.0,,-0.1943378362960802,0.1828255822602492
2221,NVB,453853.291456697,5678819.41787797,0.0,0.0,0.0,0.0,2.8973677158355717,,1.0235048532485962,0.0,0.0,,-0.1219297251216727,0.1994500847403636
2222,NVB,453852.606386686,5678819.64580345,0.0,0.0,0.0,0.0,4.003469944000244,,1.0234438180923462,0.0,0.0,,0.2805706445470979,-0.3627100729187971
2223,NVB,453851.886561771,5678819.89683023,0.0,0.0,0.0,0.0,6.323848247528076,,1.0255193710327148,0.0,0.0,,-0.4975110906097891,0.1136365019353596
2224,NVB,453851.175313314,5678820.16122442,0.0,0.0,0.0,0.0,10.141586303710938,,1.0244898796081543,0.0,0.0,,-0.4856260735239659,0.5428511689641593
2225,NVB,453850.481126737,5678820.46788968,0.0,0.0,0.0,0.0,2.5985677242279053,,1.0079500675201416,0.0,0.0,,-0.4340617237923193,0.3038609750655844
2226,NVB,453849.726013372,5678820.83301533,0.0,0.0,0.0,0.0,2.77915620803833,,1.002345085144043,0.0,0.0,,-0.3283536351668779,0.7318566432457297
2227,NVB,453849.144329517,5678821.14144974,0.0,0.0,0.0,0.0,1.7843669652938845,,1.002904772758484,0.0,0.0,,0.1947606660681629,-0.0321322176881911
2228,NVB,453848.519203648,5678821.47848337,0.0,0.0,0.0,0.0,1.72164785861969,,1.001164793968201,0.0,0.0,,-0.2420818952133404,0.9357835590890063
2229,NVB,453847.815978453,5678821.85057162,0.0,0.0,0.0,0.0,0.4118747115135193,,1.000921607017517,0.0,0.0,,-0.3380034298946981,0.8773049339260321
2230,NVB,453847.173510811,5678822.1930523,0.0,0.0,0.0,0.0,3.041322708129883,,1.0029269456863403,0.0,0.0,,-0.0503373627282723,0.9422267822997002
2231,NVB,453846.479122216,5678822.53411879,0.0,0.0,0.0,0.0,1.7404052019119265,,1.0024728775024414,0.0,0.0,,-0.1650413527999145,0.3927439486206943
2232,NVB,453845.767430932,5678822.873974,0.0,0.0,0.0,0.0,0.4589191973209381,,1.0034751892089844,0.0,0.0,,0.1852739458442532,0.3792117825881438
2233,NVB,453845.047111044,5678823.2093395,0.0,0.0,0.0,0.0,1.4769786596298218,,1.0040175914764404,0.0,0.0,,0.3838042905171258,0.158332280899669
2234,NVB,453844.352813351,5678823.5348696,0.0,0.0,0.0,0.0,1.8163747787475584,,1.0052571296691897,0.0,0.0,,-0.2554385803088293,0.3811695013704795
2235,NVB,453843.684609429,5678823.8383573,0.0,0.0,0.0,0.0,2.557753086090088,,1.0077812671661377,0.0,0.0,,0.269594159180246,-0.3570100672440621
2236,NVB,453843.042382169,5678824.13977771,0.0,0.0,0.0,0.0,1.1784884929656982,,1.0112282037734983,0.0,0.0,,-0.1537241934122439,0.3863133354344129
2237,NVB,453842.36551707,5678824.44432428,0.0,0.0,0.0,0.0,5.308562278747559,,1.011967420578003,0.0,0.0,,-0.1435550400050798,0.6628942348159813
2238,NVB,453841.584751541,5678824.75602998,0.0,0.0,0.0,0.0,3.450124263763428,,1.0044548511505127,0.0,0.0,,0.027537826401872,0.6130823445174091
2239,NVB,453840.864743614,5678825.03812816,0.0,0.0,0.0,0.0,0.5565357208251953,,1.0097005367279053,0.0,0.0,,0.2229629548270408,-0.0579254747041802
2240,NVB,453840.257667973,5678825.24875361,0.0,0.0,0.0,0.0,1.4554005861282349,,1.0026901960372925,0.0,0.0,,-0.2191579553322354,0.8599723143897027
2241,NVB,453839.572551516,5678825.48444606,0.0,0.0,0.0,0.0,0.6201483011245728,,1.0053858757019043,0.0,0.0,,-0.4690721156551693,0.6000857566325934
2242,NVB,453838.818035785,5678825.74747568,0.0,0.0,0.0,0.0,1.340059518814087,,1.0063197612762451,0.0,0.0,,0.5005781240743225,-0.0354815811489272
2243,NVB,453838.167452929,5678825.99779746,0.0,0.0,0.0,0.0,4.914933681488037,,1.0380685329437256,0.0,0.0,,0.608968779577321,-0.0464989547782765
2244,NVB,453837.490808716,5678826.26461286,0.0,0.0,0.0,0.0,3.744183301925659,,1.0367975234985352,0.0,0.0,,0.3797947941700699,0.3161142888763166
2245,NVB,453836.761963726,5678826.57773229,0.0,0.0,0.0,0.0,2.456594705581665,,1.0282456874847412,0.0,0.0,,0.1718306935613048,0.4182355881498091
2246,NVB,453836.102491902,5678826.86795336,0.0,0.0,0.0,0.0,1.3902236223220823,,1.0041686296463013,0.0,0.0,,-0.465247462401883,0.2147974181450993
2247,NVB,453835.425645815,5678827.16917016,0.0,0.0,0.0,0.0,1.6987577676773071,,1.0061402320861816,0.0,0.0,,-0.1909568045050481,-0.3135552059490576
2248,NVB,453834.731379902,5678827.48915078,0.0,0.0,0.0,0.0,9.115434646606444,,1.1064553260803225,0.0,0.0,,0.4101194387057087,0.0656992293403094
2249,NVB,453834.063064637,5678827.81150304,0.0,0.0,0.0,0.0,1.0513159036636353,,1.042920470237732,0.0,0.0,,0.0163324181957594,0.3708219912036394
2250,NVB,453833.377329541,5678828.15261912,0.0,0.0,0.0,0.0,1.794214367866516,,1.008288860321045,0.0,0.0,,-0.2729002425501732,0.4781373730726995
2251,NVB,453832.682900762,5678828.50034276,0.0,0.0,0.0,0.0,2.151707887649536,,1.0021350383758545,0.0,0.0,,-0.7346700879474669,0.2272793057923913
2252,NVB,453832.005768056,5678828.85038731,0.0,0.0,0.0,0.0,0.5590667724609375,,1.0035606622695925,0.0,0.0,,-0.5646330742112765,-0.3497746520584113
2253,NVB,453831.389458099,5678829.15972713,0.0,0.0,0.0,0.0,6.287189483642578,,1.0185807943344116,0.0,0.0,,0.1377498939825134,-0.5667549825077202
2254,NVB,453830.790652481,5678829.43587657,0.0,0.0,0.0,0.0,7.0771355628967285,,1.0362141132354736,0.0,0.0,,-0.0916612288044489,-0.5905754716728141
2255,NVB,453830.191840313,5678829.71313569,0.0,0.0,0.0,0.0,7.26503324508667,,1.0206305980682373,0.0,0.0,,-0.408078925256677,0.3064620521782948
2256,NVB,453829.584354002,5678829.99367319,0.0,0.0,0.0,0.0,4.268697738647461,,1.008985161781311,0.0,0.0,,-0.6432842426436736,0.2591486408614274
2257,NVB,453828.890211257,5678830.29256846,0.0,0.0,0.0,0.0,2.063248634338379,,1.0027189254760742,0.0,0.0,,-0.1991739804306517,-0.2185579982093076
2258,NVB,453828.178733273,5678830.59580107,0.0,0.0,0.0,0.0,2.062565565109253,,1.004774570465088,0.0,0.0,,-0.4486391501976785,-0.419948274002728
2259,NVB,453827.484590418,5678830.89469622,0.0,0.0,0.0,0.0,5.457950115203857,,1.0121270418167114,0.0,0.0,,0.00745029417549,-0.6534369300938849
2260,NVB,453826.755822694,5678831.19449799,0.0,0.0,0.0,0.0,3.175120115280152,,1.0072983503341677,0.0,0.0,,-0.6627534759598231,-0.0361712355874189
2261,NVB,453826.053357096,5678831.43674612,0.0,0.0,0.0,0.0,1.9331135749816892,,1.0121053457260132,0.0,0.0,,0.2020560992612795,0.2262894993249138
2262,NVB,453825.350917491,5678831.67455527,0.0,0.0,0.0,0.0,4.081175327301025,,1.0033797025680542,0.0,0.0,,0.4891673026275632,0.4140458059161589
2263,NVB,453824.674396009,5678831.92028475,0.0,0.0,0.0,0.0,2.630606412887573,,1.0017701387405396,0.0,0.0,,0.3604828277184153,0.4332384403646294
2264,NVB,453824.023584371,5678832.20944584,0.0,0.0,0.0,0.0,2.671980619430542,,1.0052335262298584,0.0,0.0,,-0.217638681841202,0.0985525368817778
2265,NVB,453823.372733627,5678832.50526525,0.0,0.0,0.0,0.0,1.4060226678848269,,1.0050135850906372,0.0,0.0,,-0.4630794252856741,0.2232332233552432
2266,NVB,453822.643711738,5678832.84834605,0.0,0.0,0.0,0.0,6.251201152801514,,1.0128697156906128,0.0,0.0,,-0.7025136235276964,0.6932438365019601
2267,NVB,453821.966708387,5678833.17619517,0.0,0.0,0.0,0.0,4.547675132751465,,1.005083084106445,0.0,0.0,,-0.6413850218501899,0.7415795063444222
2268,NVB,453821.324505556,5678833.47317491,0.0,0.0,0.0,0.0,1.389820575714111,,1.025852918624878,0.0,0.0,,-0.3226733878866171,0.0420499391423044
2269,NVB,453820.604196651,5678833.80631873,0.0,0.0,0.0,0.0,1.8386064767837524,,1.008926510810852,0.0,0.0,,-0.3877630144317119,0.3225383314158539
2270,NVB,453819.875343768,5678834.12054634,0.0,0.0,0.0,0.0,2.857995986938477,,1.0032448768615725,0.0,0.0,,-0.5966379968742945,0.2513097949593068
2271,NVB,453819.129220724,5678834.42801397,0.0,0.0,0.0,0.0,2.312586545944214,,1.0036362409591677,0.0,0.0,,-0.6863336809773166,-0.1435813470661597
2272,NVB,453818.339616407,5678834.770739,0.0,0.0,0.0,0.0,2.1548752784729004,,1.0029319524765017,0.0,0.0,,-0.870799594423025,-0.2374111942960441
2273,NVB,453817.688661075,5678835.0843136,0.0,0.0,0.0,0.0,3.687638759613037,,1.0036348104476929,0.0,0.0,,-0.654294581376979,-0.3464750493176333
2274,NVB,453817.003022271,5678835.40878234,0.0,0.0,0.0,0.0,2.32624888420105,,1.0036475658416748,0.0,0.0,,-0.8129229174252471,0.320813451470846
2275,NVB,453816.317500587,5678835.71327592,0.0,0.0,0.0,0.0,1.8892649412155151,,1.0009863376617432,0.0,0.0,,-0.5616913821780584,0.7303121017992643
2276,NVB,453815.649431238,5678835.99345696,0.0,0.0,0.0,0.0,2.1885790824890137,,1.0031511783599854,0.0,0.0,,-0.4732658023451692,0.1080596119424841
2277,NVB,453815.007423239,5678836.25714434,0.0,0.0,0.0,0.0,4.525772571563721,,1.05861234664917,0.0,0.0,,-0.3021889625199069,0.0789909109978391
2278,NVB,453814.382730868,5678836.51982349,0.0,0.0,0.0,0.0,3.428762912750244,,1.005562424659729,0.0,0.0,,-0.1175527955588889,0.5092372513897027
2279,NVB,453813.740644658,5678836.7968275,0.0,0.0,0.0,0.0,1.2869360446929932,,1.0313661098480225,0.0,0.0,,0.1793094590372048,0.0117287539218782
2280,NVB,453812.976782257,5678837.17743507,0.0,0.0,0.0,0.0,0.6599283814430237,,1.0025500059127808,0.0,0.0,,-0.0900001246140171,0.5248855665099726
2281,NVB,453812.26497749,5678837.53615265,0.0,0.0,0.0,0.0,1.1085690259933472,,1.0006967782974243,0.0,0.0,,0.7700808992463964,0.3007968745056683
2282,NVB,453811.639998457,5678837.84765962,0.0,0.0,0.0,0.0,1.3460514545440674,,1.0031111240386963,0.0,0.0,,0.43318033074479,0.3339757141667456
2283,NVB,453810.884888096,5678838.21167183,0.0,0.0,0.0,0.0,2.223550796508789,,1.0012127161026,0.0,0.0,,0.9647902648442856,0.0033160677309601
2284,NVB,453810.216636032,5678838.52292481,0.0,0.0,0.0,0.0,1.3266072273254397,,1.0146771669387815,0.0,0.0,,0.64540520923908,0.4918794479632946
2285,NVB,453809.52249829,5678838.82070865,0.0,0.0,0.0,0.0,1.711898922920227,,1.0020984411239624,0.0,0.0,,0.6003332603848107,0.4832497906984858
2286,NVB,453808.811148991,5678839.10174495,0.0,0.0,0.0,0.0,0.3316390812397003,,1.0034552812576294,0.0,0.0,,0.0663449731242443,0.0196930327076009
2287,NVB,453808.039106853,5678839.40129111,0.0,0.0,0.0,0.0,0.6132544875144958,,1.0012813806533811,0.0,0.0,,-0.2622790504104533,0.4107743699309765
2288,NVB,453807.310474319,5678839.67778681,0.0,0.0,0.0,0.0,0.7106715440750122,,1.001172423362732,0.0,0.0,,-0.2783381050309994,0.7723652705997669
2289,NVB,453806.607922697,5678839.93445968,0.0,0.0,0.0,0.0,1.5409942865371704,,1.000691533088684,0.0,0.0,,-0.6635746240253086,0.546293281213969
2290,NVB,453805.801249024,5678840.23602195,0.0,0.0,0.0,0.0,1.5540279150009155,,1.007570505142212,0.0,0.0,,-0.4217132984380384,0.7054516775372708
2291,NVB,453805.133100768,5678840.52951884,0.0,0.0,0.0,0.0,0.7771109342575073,,1.001742959022522,0.0,0.0,,-0.5599968047005218,0.7738486141495379
2292,NVB,453804.464887342,5678840.83411296,0.0,0.0,0.0,0.0,1.77165424823761,,1.0015442371368408,0.0,0.0,,-0.0846770543578837,0.6407819017682829
2293,NVB,453803.822565996,5678841.15106638,0.0,0.0,0.0,0.0,0.6115433573722839,,1.0037055015563965,0.0,0.0,,-0.8150710560042991,-0.0123555118230477
2294,NVB,453803.128134743,5678841.49878743,0.0,0.0,0.0,0.0,2.753796100616455,,1.0034748315811155,0.0,0.0,,-0.6964156001550622,0.451636437886588
2295,NVB,453802.459771381,5678841.82890513,0.0,0.0,0.0,0.0,2.636873245239258,,1.0058826208114624,0.0,0.0,,-0.658020057201913,0.6379185292213837
2296,NVB,453801.817410802,5678842.15251675,0.0,0.0,0.0,0.0,1.6342569589614868,,1.0021930932998655,0.0,0.0,,0.274586627096633,-0.0361950536292028
2297,NVB,453801.122933782,5678842.50800572,0.0,0.0,0.0,0.0,1.8054875135421755,,1.010277509689331,0.0,0.0,,-0.3845619732759361,0.073670842371233
2298,NVB,453800.281016093,5678842.91589819,0.0,0.0,0.0,0.0,0.9396401643753052,,1.0080435276031494,0.0,0.0,,-0.3525753559073143,0.0747327874911916
2299,NVB,453799.560620754,5678843.26346656,0.0,0.0,0.0,0.0,2.550235748291016,,1.015101671218872,0.0,0.0,,-0.6650298924009573,-0.0876030664819932
2300,NVB,453798.866273782,5678843.59676076,0.0,0.0,0.0,0.0,3.6910321712493896,,1.0063300132751465,0.0,0.0,,-0.0271563730253491,0.8517145034894246
2301,NVB,453798.119934083,5678843.94084745,0.0,0.0,0.0,0.0,3.743843078613281,,1.0091124773025513,0.0,0.0,,-0.2492597605050958,0.6647103516115732
2302,NVB,453797.425775856,5678844.24195942,0.0,0.0,0.0,0.0,1.4241255521774292,,1.085498929023743,0.0,0.0,,-0.5635256996621744,-0.1028383206863029
2303,NVB,453796.835733181,5678844.4992917,0.0,0.0,0.0,0.0,3.561577558517456,,1.0192811489105225,0.0,0.0,,-0.1598329080769762,0.1237737403074255
2304,NVB,453796.115682724,5678844.78804417,0.0,0.0,0.0,0.0,1.024954319000244,,1.001496434211731,0.0,0.0,,-0.0222893655653458,0.8834207520041547
2305,NVB,453795.456520461,5678845.0249949,0.0,0.0,0.0,0.0,1.952886819839477,,1.0008996725082395,0.0,0.0,,-0.2417511578802333,0.7878493137929751
2306,NVB,453794.754039607,5678845.26945971,0.0,0.0,0.0,0.0,1.6737308502197266,,1.0028125047683716,0.0,0.0,,-0.1847524808509742,0.5433838988484775
2307,NVB,453794.034138803,5678845.53268824,0.0,0.0,0.0,0.0,1.9147573709487915,,1.0008792877197266,0.0,0.0,,-0.4442929118175382,0.7596618054926226
2308,NVB,453793.27075656,5678845.83117403,0.0,0.0,0.0,0.0,1.138314723968506,,1.000830888748169,0.0,0.0,,-0.6156294972153442,0.6805970539692314
2309,NVB,453792.559308331,5678846.12885479,0.0,0.0,0.0,0.0,1.32873272895813,,1.0016762018203735,0.0,0.0,,-0.487155261693919,0.3295370681137188
2310,NVB,453791.917148902,5678846.41806405,0.0,0.0,0.0,0.0,2.277949094772339,,1.001047968864441,0.0,0.0,,-0.6486064399320414,0.6085950950640587
2311,NVB,453791.240247292,5678846.72815489,0.0,0.0,0.0,0.0,4.379088878631592,,1.0058379173278809,0.0,0.0,,-0.3289116180580371,0.7975175779153544
2312,NVB,453790.467897578,5678847.07985656,0.0,0.0,0.0,0.0,0.9014559388160706,,1.0033406019210815,0.0,0.0,,-0.1466179188213335,0.0999771358828258
2313,NVB,453789.816998718,5678847.38344131,0.0,0.0,0.0,0.0,1.4794553518295288,,1.0051300525665283,0.0,0.0,,-0.6045264631294248,0.3503916382842917
2314,NVB,453789.192063594,5678847.6871784,0.0,0.0,0.0,0.0,0.4849595129489898,,1.0038843154907229,0.0,0.0,,-0.5434814820689572,0.1454483034448892
2315,NVB,453788.619192781,5678847.96791597,0.0,0.0,0.0,0.0,1.4325884580612185,,1.0029195547103882,0.0,0.0,,-0.2184551165412577,0.2928612705511078
2316,NVB,453788.020247407,5678848.26736646,0.0,0.0,0.0,0.0,1.8810722827911377,,1.0033273696899414,0.0,0.0,,0.1274509521832645,0.955699582039606
2317,NVB,453787.386624976,5678848.57660125,0.0,0.0,0.0,0.0,1.0239123106002808,,1.0011636018753052,0.0,0.0,,0.1110674628347734,0.365347992154364
2318,NVB,453786.744458636,5678848.86691982,0.0,0.0,0.0,0.0,1.253676176071167,,1.0006160736083984,0.0,0.0,,0.4919361398903538,-0.6802617750115482
2319,NVB,453786.024348771,5678849.16565892,0.0,0.0,0.0,0.0,2.3303279876708984,,1.004307746887207,0.0,0.0,,0.520027085054875,-0.0043420496068882
2320,NVB,453785.321704387,5678849.43786609,0.0,0.0,0.0,0.0,3.506943702697754,,1.0049035549163818,0.0,0.0,,0.456990099494293,-0.1545390517814207
2321,NVB,453784.662508827,5678849.68036457,0.0,0.0,0.0,0.0,3.1579794883728027,,1.0057053565979004,0.0,0.0,,0.7152168143870207,0.0875025968154572
2322,NVB,453783.93388101,5678849.95574838,0.0,0.0,0.0,0.0,3.4328088760375977,,1.007427453994751,0.0,0.0,,0.7698599776683733,-0.2276948870649768
2323,NVB,453782.554490549,5678850.51141199,0.0,0.0,0.0,0.0,1.627127170562744,,1.0151103734970093,0.0,0.0,,0.2858985723051317,-0.0535695049237238
2324,NVB,453781.869122544,5678850.78926911,0.0,0.0,0.0,0.0,0.3581421375274658,,1.0100979804992676,0.0,0.0,,0.2085256952831461,-0.1442744162408772
2325,NVB,453781.201089747,5678851.06278888,0.0,0.0,0.0,0.0,4.452907085418701,,1.0128117799758911,0.0,0.0,,0.6616298818185783,-0.2773282469586187
2326,NVB,453780.532985236,5678851.3485156,0.0,0.0,0.0,0.0,1.4313313961029053,,1.009482502937317,0.0,0.0,,-0.1490871547901083,0.1201892027524361
2327,NVB,453779.882079118,5678851.65320926,0.0,0.0,0.0,0.0,2.247299909591675,,1.0035849809646606,0.0,0.0,,0.4381690251365094,-0.2442799403369949
2328,NVB,453779.170479993,5678851.97641257,0.0,0.0,0.0,0.0,1.7319588661193848,,1.0029677152633667,0.0,0.0,,-0.2090788594042933,-0.109083289336578
2329,NVB,453778.432851855,5678852.31056066,0.0,0.0,0.0,0.0,1.474904179573059,,1.002046823501587,0.0,0.0,,-0.3377525499734919,-0.3005857889666092
2330,NVB,453777.660487974,5678852.66448053,0.0,0.0,0.0,0.0,0.8083277940750122,,1.000946879386902,0.0,0.0,,0.5452117220642312,-0.2306146894598859
2331,NVB,453776.940227551,5678852.98874255,0.0,0.0,0.0,0.0,1.4753693342208862,,1.0028337240219116,0.0,0.0,,-0.3260854991736841,-0.568504938852715
2332,NVB,453776.219986612,5678853.30967533,0.0,0.0,0.0,0.0,3.807695865631104,,1.0050150156021118,0.0,0.0,,-0.8645693648572427,0.1333231231373883
2333,NVB,453775.517230741,5678853.60074701,0.0,0.0,0.0,0.0,3.640439987182617,,1.0050160884857178,0.0,0.0,,-0.8436847808981635,0.307975458264312
2334,NVB,453774.849275669,5678853.8609495,0.0,0.0,0.0,0.0,2.7544970512390137,,1.0018019676208496,0.0,0.0,,-0.9111402449517266,0.1972610411055558
2335,NVB,453774.172424861,5678854.16216106,0.0,0.0,0.0,0.0,5.243017673492432,,1.0053170919418335,0.0,0.0,,-0.9074819266341596,0.3676400645812217
2336,NVB,453773.521414001,5678854.48460984,0.0,0.0,0.0,0.0,3.092001676559448,,1.0021097660064695,0.0,0.0,,-0.9305037660680064,0.3166782844883237
2337,NVB,453772.887875197,5678854.77941701,0.0,0.0,0.0,0.0,3.812284231185913,,1.0029618740081787,0.0,0.0,,-0.718735505861612,0.588776152988471
2338,NVB,453772.23707275,5678855.0663544,0.0,0.0,0.0,0.0,1.790862202644348,,1.0022975206375122,0.0,0.0,,-0.5589186580643725,0.6300448413153917
2339,NVB,453771.594983505,5678855.34335499,0.0,0.0,0.0,0.0,1.344677209854126,,1.0012578964233398,0.0,0.0,,-0.218933754821193,0.4385315944157076
2340,NVB,453770.918158507,5678855.64012736,0.0,0.0,0.0,0.0,3.214489698410034,,1.0030593872070312,0.0,0.0,,-0.233863173158043,0.7702247963294894
2341,NVB,453770.215284931,5678855.95117368,0.0,0.0,0.0,0.0,2.2163121700286865,,1.0045071840286257,0.0,0.0,,0.0722000828664113,-0.2456846405919153
2342,NVB,453769.512411298,5678856.26221993,0.0,0.0,0.0,0.0,5.237638473510742,,1.013064980506897,0.0,0.0,,-0.1761688532234067,0.8503807092604162
2343,NVB,453768.826872886,5678856.56892885,0.0,0.0,0.0,0.0,2.9149956703186035,,1.0072975158691406,0.0,0.0,,-0.2060194458969633,0.1057997997426267
2344,NVB,453768.141399586,5678856.86454043,0.0,0.0,0.0,0.0,4.260748863220215,,1.0087971687316897,0.0,0.0,,0.19839531808005,0.684462846224155
2345,NVB,453767.44721298,5678857.17008868,0.0,0.0,0.0,0.0,3.73633337020874,,1.0271477699279783,0.0,0.0,,-0.4497763496859021,-0.1623543375644884
2346,NVB,453766.674926321,5678857.51069074,0.0,0.0,0.0,0.0,4.013167858123779,,1.009723424911499,0.0,0.0,,0.2002321438296322,0.1346368253261595
2347,NVB,453765.946049483,5678857.82824257,0.0,0.0,0.0,0.0,0.179508700966835,,1.002666711807251,0.0,0.0,,-0.285789181858237,0.4670916694058915
2348,NVB,453765.260595516,5678858.12052472,0.0,0.0,0.0,0.0,0.2928322553634643,,1.000951647758484,0.0,0.0,,0.4830798002613461,0.5649300171249596
2349,NVB,453764.540379692,5678858.43701752,0.0,0.0,0.0,0.0,1.950760841369629,,1.013005018234253,0.0,0.0,,0.2432391274802272,-0.1468857609266446
2350,NVB,453763.854782232,5678858.75371356,0.0,0.0,0.0,0.0,1.5127370357513428,,1.000688076019287,0.0,0.0,,0.5982759728147613,0.1798888955151619
2351,NVB,453763.169249896,5678859.05931227,0.0,0.0,0.0,0.0,0.6356555223464966,,1.211841344833374,0.0,0.0,,-0.0969739325463973,0.0371802593460614
2352,NVB,453762.431685576,5678859.38236158,0.0,0.0,0.0,0.0,6.313363075256348,,1.01253342628479,0.0,0.0,,0.6326293497729837,0.2207544478573413
2353,NVB,453761.78958259,5678859.66158084,0.0,0.0,0.0,0.0,2.2640485763549805,,1.0013794898986816,0.0,0.0,,0.8316949535246922,-0.0149564591973039
2354,NVB,453761.112626488,5678859.98054693,0.0,0.0,0.0,0.0,1.543500304222107,,1.0021083354949951,0.0,0.0,,0.9642842181375424,-0.0097562607349198
2355,NVB,453760.418159058,5678860.33381287,0.0,0.0,0.0,0.0,3.025045871734619,,1.0057761669158936,0.0,0.0,,0.7100758649905906,-0.1419920124201646
2356,NVB,453759.697747291,5678860.68359707,0.0,0.0,0.0,0.0,2.4804606437683105,,1.009629726409912,0.0,0.0,,0.5033492684456247,0.7320285535470985
2357,NVB,453758.960078385,5678861.02440172,0.0,0.0,0.0,0.0,4.39987850189209,,1.0036675930023191,0.0,0.0,,0.6309972138624577,0.6677536897640793
2358,NVB,453758.231174832,5678861.34639175,0.0,0.0,0.0,0.0,5.212887287139893,,1.0074326992034912,0.0,0.0,,0.4221757683154155,0.8502766182119131
2359,NVB,453757.536915734,5678861.66414614,0.0,0.0,0.0,0.0,2.042846918106079,,1.0033438205718994,0.0,0.0,,0.1630692270730862,0.8195966210166862
2360,NVB,453756.877392351,5678861.96212871,0.0,0.0,0.0,0.0,2.3943159580230717,,1.0028129816055298,0.0,0.0,,0.2018230283614307,0.8482870742552975
2361,NVB,453756.183217882,5678862.26545651,0.0,0.0,0.0,0.0,2.2237350940704346,,1.0018471479415894,0.0,0.0,,-0.1093599764855828,0.9526189945076792
2362,NVB,453755.437109174,5678862.56958896,0.0,0.0,0.0,0.0,2.2924485206604004,,1.0011786222457886,0.0,0.0,,0.0083063287123069,0.9253771006859854
2363,NVB,453754.777689934,5678862.8498157,0.0,0.0,0.0,0.0,1.9979649782180784,,1.0021086931228638,0.0,0.0,,-0.2464139631943234,0.9524233543171376
2364,NVB,453754.126879626,5678863.13786133,0.0,0.0,0.0,0.0,1.8535155057907104,,1.001831293106079,0.0,0.0,,-0.1839812448069797,0.9228642250808584
2365,NVB,453753.441405188,5678863.43347163,0.0,0.0,0.0,0.0,0.2519420087337494,,1.0011036396026611,0.0,0.0,,0.8839295021496828,0.2397788423666184
2366,NVB,453752.72990819,5678863.73891692,0.0,0.0,0.0,0.0,0.5702527165412903,,1.000583291053772,0.0,0.0,,0.5613528374931045,-0.135988649895203
2367,NVB,453751.966405231,5678864.05737382,0.0,0.0,0.0,0.0,1.3826618194580078,,1.0018107891082764,0.0,0.0,,0.8216880642460006,-0.4399484731077474
2368,NVB,453751.211674167,5678864.3559064,0.0,0.0,0.0,0.0,1.174630045890808,,1.0020339488983154,0.0,0.0,,0.2190755248854197,-0.6182319638157331
2369,NVB,453750.500300862,5678864.64026664,0.0,0.0,0.0,0.0,1.024893283843994,,1.0026373863220217,0.0,0.0,,-0.4901318105247583,-0.3291378528221957
2370,NVB,453749.797490849,5678864.94021386,0.0,0.0,0.0,0.0,2.8741164207458496,,1.0042575597763062,0.0,0.0,,-0.944961482717852,0.0573057222862833
2371,NVB,453749.146549793,5678865.25045364,0.0,0.0,0.0,0.0,2.1635661125183105,,1.0048102140426636,0.0,0.0,,-0.908614830002668,0.0809614046616787
2372,NVB,453748.460983708,5678865.56159971,0.0,0.0,0.0,0.0,4.7177934646606445,,1.0053564310073853,0.0,0.0,,-0.9529650081225703,0.2638077027544304
2373,NVB,453747.766671677,5678865.88823107,0.0,0.0,0.0,0.0,4.71685791015625,,1.004684329032898,0.0,0.0,,-0.948301302596219,-0.0153993692146099
2374,NVB,453747.055069917,5678866.21143149,0.0,0.0,0.0,0.0,2.1866097450256348,,1.0041874647140503,0.0,0.0,,-0.9057141735417616,-0.1074516778990086
2375,NVB,453746.369490622,5678866.52479683,0.0,0.0,0.0,0.0,3.815066814422608,,1.0084917545318604,0.0,0.0,,-0.7108419657762736,-0.1367084737242628
2376,NVB,453745.692709329,5678866.81379895,0.0,0.0,0.0,0.0,4.361647129058838,,1.0067843198776243,0.0,0.0,,-0.7568517222881703,-0.0622248960652676
2377,NVB,453744.99863831,5678867.09937012,0.0,0.0,0.0,0.0,3.243083000183105,,1.01239812374115,0.0,0.0,,-0.6622268512946242,-0.0788374375562176
2378,NVB,453744.217825469,5678867.41772459,0.0,0.0,0.0,0.0,1.681651949882507,,1.002660036087036,0.0,0.0,,-0.776391179425008,-0.3767417812485643
2379,NVB,453743.515041045,5678867.71323234,0.0,0.0,0.0,0.0,4.566157817840576,,1.006319522857666,0.0,0.0,,-0.8642176320416376,0.2297413625987844
2380,NVB,453742.881676073,5678867.97807445,0.0,0.0,0.0,0.0,2.26570725440979,,1.0016639232635498,0.0,0.0,,-0.4058196863222797,0.2317842602830647
2381,NVB,453742.187526605,5678868.27696211,0.0,0.0,0.0,0.0,1.7767720222473145,,1.0019984245300293,0.0,0.0,,-0.5074035857811322,0.058052867459949
2382,NVB,453741.51928225,5678868.58598983,0.0,0.0,0.0,0.0,2.845054149627685,,1.0167303085327148,0.0,0.0,,0.1959781976098721,-0.1357009511930546
2383,NVB,453740.842311498,5678868.90717365,0.0,0.0,0.0,0.0,3.511561155319214,,1.0099691152572632,0.0,0.0,,-0.4236144818853476,0.474346552583015
2384,NVB,453740.061126627,5678869.2887822,0.0,0.0,0.0,0.0,1.302579045295715,,1.0047985315322876,0.0,0.0,,0.0428858645198767,0.1225721798840551
2385,NVB,453739.375396801,5678869.62767069,0.0,0.0,0.0,0.0,0.8640129566192627,,1.0006613731384275,0.0,0.0,,0.0674757087639992,0.4490262247850649
2386,NVB,453738.672396803,5678869.95979903,0.0,0.0,0.0,0.0,3.294388771057129,,1.0774801969528198,0.0,0.0,,0.4565439171383803,-0.1726908457841542
2387,NVB,453737.9521788,5678870.27628941,0.0,0.0,0.0,0.0,4.244722843170166,,1.0110540390014648,0.0,0.0,,0.4175012333194308,0.7360430167869003
2388,NVB,453737.223508268,5678870.5583273,0.0,0.0,0.0,0.0,1.339133381843567,,1.0033776760101318,0.0,0.0,,0.3787751693745353,0.5328027421696854
2389,NVB,453736.495000717,5678870.81262191,0.0,0.0,0.0,0.0,2.227200746536255,,1.0036673545837402,0.0,0.0,,0.7804423966686015,0.0798970187765809
2390,NVB,453735.801000738,5678871.08598527,0.0,0.0,0.0,0.0,4.020153045654297,,1.0103739500045776,0.0,0.0,,0.7711909698792837,-0.0079865827748379
2391,NVB,453735.089495825,5678871.3925387,0.0,0.0,0.0,0.0,3.2616496086120605,,1.0039432048797607,0.0,0.0,,0.9166229057680412,0.2843051512155143
2392,NVB,453734.395352272,5678871.69031595,0.0,0.0,0.0,0.0,2.39591383934021,,1.008630394935608,0.0,0.0,,0.5087269432775219,-0.1503592396660269
2393,NVB,453733.675218713,5678871.99237948,0.0,0.0,0.0,0.0,1.5848459005355835,,1.002279281616211,0.0,0.0,,0.2484672168918891,0.1460530525032008
2394,NVB,453732.920368782,5678872.31088541,0.0,0.0,0.0,0.0,2.9388463497161865,,1.0025229454040527,0.0,0.0,,-0.5163003292395102,0.07145989608442
2395,NVB,453732.200091629,5678872.63736282,0.0,0.0,0.0,0.0,1.3491319417953491,,1.0013612508773804,0.0,0.0,,-0.1113944738696842,0.4993098559011151
2396,NVB,453730.75926974,5678873.33581629,0.0,0.0,0.0,0.0,0.5175159573554993,,1.0019580125808716,0.0,0.0,,-0.2596925199082417,0.702410754024858
2397,NVB,453730.065028018,5678873.65023909,0.0,0.0,0.0,0.0,1.8438985347747805,,1.006919264793396,0.0,0.0,,-0.2801057464583066,0.6580399230557799
2398,NVB,453729.336082951,5678873.97888483,0.0,0.0,0.0,0.0,0.9141182899475098,,1.0012127161026,0.0,0.0,,-0.2077240620949408,0.7649633366743185
2399,NVB,453728.676557446,5678874.27686504,0.0,0.0,0.0,0.0,1.52570903301239,,1.0084314346313477,0.0,0.0,,-0.0941896316384511,0.5628941313808792
2400,NVB,453728.060409373,5678874.55734389,0.0,0.0,0.0,0.0,2.676568031311035,,1.0020033121109009,0.0,0.0,,-0.0958296562025398,0.8829981424599028
2401,NVB,453727.400838113,5678874.8630921,0.0,0.0,0.0,0.0,1.629193902015686,,1.0096675157546997,0.0,0.0,,-0.3613978850034539,0.7755840889191554
2402,NVB,453726.645687608,5678875.23264492,0.0,0.0,0.0,0.0,2.5435495376586914,,1.007392406463623,0.0,0.0,,-0.5919900587579833,0.5041229766518303
2403,NVB,453725.942738743,5678875.55589432,0.0,0.0,0.0,0.0,4.777440547943115,,1.0047833919525146,0.0,0.0,,-0.7967841025024298,-0.1131975306489641
2404,NVB,453725.239868091,5678875.86582691,0.0,0.0,0.0,0.0,6.873483657836914,,1.0138813257217407,0.0,0.0,,-0.716343693158314,0.4454299014209893
2405,NVB,453724.554319682,5678876.17364173,0.0,0.0,0.0,0.0,1.2186529636383057,,1.028822898864746,0.0,0.0,,-0.091642334292846,-0.1838811881643073
2406,NVB,453723.712524801,5678876.55933148,0.0,0.0,0.0,0.0,6.786512851715088,,1.07544207572937,0.0,0.0,,0.3768118412618316,0.1643726809490931
2407,NVB,453723.009575693,5678876.88258061,0.0,0.0,0.0,0.0,2.4560487270355225,,1.0026805400848389,0.0,0.0,,0.6606618360161843,0.3890059031748594
2408,NVB,453722.280806151,5678877.18126305,0.0,0.0,0.0,0.0,0.7466543316841125,,1.0175126791000366,0.0,0.0,,0.6841743517880614,-0.0664229810404098
2409,NVB,453721.552206163,5678877.45109248,0.0,0.0,0.0,0.0,2.191660165786743,,1.0018301010131836,0.0,0.0,,0.5531861242299928,0.0621280829340417
2410,NVB,453720.832143327,5678877.74094783,0.0,0.0,0.0,0.0,2.625130653381348,,1.037580132484436,0.0,0.0,,-0.2530869239511763,0.3348694508922706
2411,NVB,453720.146666338,5678878.03655525,0.0,0.0,0.0,0.0,1.9380050897598269,,1.0120251178741455,0.0,0.0,,-0.510484784954362,0.197117492370523
2412,NVB,453719.391880504,5678878.34396261,0.0,0.0,0.0,0.0,1.3645880222320557,,1.0048736333847046,0.0,0.0,,-0.2953835053930902,-0.1509997353969354
2413,NVB,453718.654547391,5678878.62705764,0.0,0.0,0.0,0.0,1.370625376701355,,1.0012942552566528,0.0,0.0,,0.0220059944210492,-0.5653366559358668
2414,NVB,453717.925744901,5678878.93128831,0.0,0.0,0.0,0.0,0.7473074197769165,,1.00092351436615,0.0,0.0,,0.008752480973559,-0.236641864384933
2415,NVB,453717.266270728,5678879.22038975,0.0,0.0,0.0,0.0,2.8893861770629883,,1.006734848022461,0.0,0.0,,-0.4003847742026723,0.5703274478579843
2416,NVB,453716.59809621,5678879.51720836,0.0,0.0,0.0,0.0,1.1033817529678345,,1.0016251802444458,0.0,0.0,,-0.485110599098966,0.4452240743290627
2417,NVB,453715.904022988,5678879.80277698,0.0,0.0,0.0,0.0,3.0206964015960693,,1.0054941177368164,0.0,0.0,,-0.4807798989177002,0.2218832632513854
2418,NVB,453715.201340753,5678880.08052657,0.0,0.0,0.0,0.0,2.451195240020752,,1.0160372257232666,0.0,0.0,,-0.4739347594017626,-0.2652603652527021
2419,NVB,453714.455019952,5678880.42016646,0.0,0.0,0.0,0.0,1.2286897897720337,,1.0016993284225464,0.0,0.0,,-0.7787396871942386,-0.1043153273469255
2420,NVB,453713.743278466,5678880.76666817,0.0,0.0,0.0,0.0,2.286561727523804,,1.0125218629837036,0.0,0.0,,-0.7752185235144843,0.0285559224424634
2421,NVB,453713.092230258,5678881.09466063,0.0,0.0,0.0,0.0,2.108586311340332,,1.0076212882995603,0.0,0.0,,-0.881898788366041,-0.0890139134401906
2422,NVB,453712.441116753,5678881.43375032,0.0,0.0,0.0,0.0,0.5440329909324646,,1.0036425590515137,0.0,0.0,,-0.4817234876154674,-0.16516410283778
2423,NVB,453711.703195871,5678881.81672023,0.0,0.0,0.0,0.0,3.358128070831299,,1.0019410848617554,0.0,0.0,,-0.920113185715918,-0.2870148333520364
2424,NVB,453711.034701205,5678882.16791504,0.0,0.0,0.0,0.0,2.637501716613769,,1.0026061534881592,0.0,0.0,,-0.9626155240135208,-0.1177168351310055
2425,NVB,453710.374854585,5678882.52027041,0.0,0.0,0.0,0.0,3.0917563438415527,,1.002415895462036,0.0,0.0,,-0.9473720980884136,-0.1841938223376384
2426,NVB,453709.671702111,5678882.87791992,0.0,0.0,0.0,0.0,3.6708924770355225,,1.0029927492141724,0.0,0.0,,-0.9565640163581864,0.0281818748764691
2427,NVB,453708.994689654,5678883.20575938,0.0,0.0,0.0,0.0,2.373422622680664,,1.004137635231018,0.0,0.0,,-0.8722517098220502,-0.0457942451029669
2428,NVB,453708.3264427,5678883.5147843,0.0,0.0,0.0,0.0,3.7666616439819336,,1.0054901838302612,0.0,0.0,,-0.2401187950999498,-0.6449587609425539
2429,NVB,453707.614883367,5678883.83021308,0.0,0.0,0.0,0.0,2.568530321121216,,1.0086792707443235,0.0,0.0,,-0.8643004087162255,0.0695585788255977
2430,NVB,453706.903356602,5678884.14009315,0.0,0.0,0.0,0.0,2.103969097137451,,1.0038219690322876,0.0,0.0,,-0.5241476798368598,0.3236326990066291
2431,NVB,453706.157269966,5678884.43978204,0.0,0.0,0.0,0.0,1.0459307432174685,,1.0010210275650024,0.0,0.0,,0.140442038062368,0.1764219596735549
2432,NVB,453705.393926204,5678884.73049126,0.0,0.0,0.0,0.0,2.140714406967163,,1.0064162015914917,0.0,0.0,,0.1185604023203561,0.1102178356732144
2433,NVB,453704.613129546,5678885.04551263,0.0,0.0,0.0,0.0,2.674703598022461,,1.010272741317749,0.0,0.0,,0.5101462746865449,-0.0027535135821892
2434,NVB,453703.85827716,5678885.3640158,0.0,0.0,0.0,0.0,2.591871738433838,,1.004640817642212,0.0,0.0,,0.2373962425569845,-0.5385807551562459
2435,NVB,453703.181551377,5678885.64302672,0.0,0.0,0.0,0.0,1.9063459634780884,,1.0042035579681396,0.0,0.0,,0.5538016209033977,-0.7972208442000297
2436,NVB,453702.513480186,5678885.92208849,0.0,0.0,0.0,0.0,2.602136850357056,,1.002125859260559,0.0,0.0,,0.1437485312184173,-0.9018375020511996
2437,NVB,453701.775963008,5678886.23625433,0.0,0.0,0.0,0.0,1.382053017616272,,1.0040106773376465,0.0,0.0,,0.0719751459262582,-0.7260312257014089
2438,NVB,453701.125070467,5678886.53761233,0.0,0.0,0.0,0.0,1.300938367843628,,1.0012317895889282,0.0,0.0,,-0.3440423271643035,0.0152710244965769
2439,NVB,453700.482825989,5678886.84013091,0.0,0.0,0.0,0.0,1.9071744680404663,,1.0030324459075928,0.0,0.0,,0.173171782129777,-0.1227175270695978
2440,NVB,453699.762591812,5678887.15883727,0.0,0.0,0.0,0.0,0.9963979721069336,,1.00311279296875,0.0,0.0,,-0.3075053171103476,-0.4131322382876258
2441,NVB,453699.042377161,5678887.47421438,0.0,0.0,0.0,0.0,1.852705478668213,,1.0022685527801514,0.0,0.0,,-0.5641126355971184,0.2266690217419759
2442,NVB,453698.322097183,5678887.8006887,0.0,0.0,0.0,0.0,1.6690664291381836,,1.007367730140686,0.0,0.0,,-0.0385634352824664,0.3937771181624327
2443,NVB,453697.593071129,5678888.14264826,0.0,0.0,0.0,0.0,4.15607213973999,,1.0048307180404663,0.0,0.0,,0.0599198676119835,0.8935262905294823
2444,NVB,453696.846951116,5678888.44788491,0.0,0.0,0.0,0.0,4.258363723754883,,1.0053218603134155,0.0,0.0,,0.6292210938975549,0.686567971655594
2445,NVB,453696.040300775,5678888.74388736,0.0,0.0,0.0,0.0,1.5457342863082886,,1.0040239095687866,0.0,0.0,,-0.1193876250797248,0.3897059049130391
2446,NVB,453695.277165072,5678888.9990843,0.0,0.0,0.0,0.0,0.9920967221260072,,1.002354860305786,0.0,0.0,,0.2870091764095732,0.4219437871521959
2447,NVB,453694.557563609,5678889.21014656,0.0,0.0,0.0,0.0,2.166306257247925,,1.0033739805221558,0.0,0.0,,-0.2311647817170459,0.6744776541272843
2448,NVB,453693.838040433,5678889.40789202,0.0,0.0,0.0,0.0,4.507014274597168,,1.0138782262802124,0.0,0.0,,0.4437700008683857,-0.4143019807818552
2449,NVB,453693.161849174,5678889.59590439,0.0,0.0,0.0,0.0,2.48734712600708,,1.0028986930847168,0.0,0.0,,0.7390134458794204,0.427518073287325
2450,NVB,453692.5116675,5678889.77630133,0.0,0.0,0.0,0.0,1.2427304983139038,,1.002466320991516,0.0,0.0,,-0.1875674279833323,0.7703887207803145
2451,NVB,453691.748753512,5678889.99376717,0.0,0.0,0.0,0.0,4.052273273468018,,1.006205677986145,0.0,0.0,,-0.3127131060504193,0.8861424918840072
2452,NVB,453691.003194461,5678890.20356666,0.0,0.0,0.0,0.0,4.169442176818848,,1.0035133361816406,0.0,0.0,,-0.2116360657851692,0.8971670879689805
2453,NVB,453690.301091356,5678890.38254824,0.0,0.0,0.0,0.0,5.2779951095581055,,1.0067602396011353,0.0,0.0,,-0.0637947734624631,0.9805586238075996
2454,NVB,453689.53831433,5678890.57670958,0.0,0.0,0.0,0.0,2.892628669738769,,1.0033708810806274,0.0,0.0,,0.0360596030797138,0.9355123706912202
2455,NVB,453688.766784703,5678890.78746586,0.0,0.0,0.0,0.0,2.640389204025269,,1.002291560173035,0.0,0.0,,-0.107990508087346,0.8686123114110176
2456,NVB,453687.977834771,5678891.01698562,0.0,0.0,0.0,0.0,3.019575595855713,,1.0050171613693235,0.0,0.0,,0.5938316082486464,0.610472061077464
2457,NVB,453687.206194084,5678891.24660712,0.0,0.0,0.0,0.0,3.60861086845398,,1.0057542324066162,0.0,0.0,,-0.2761779956016132,0.3221945917072913
2458,NVB,453686.382514502,5678891.49478845,0.0,0.0,0.0,0.0,1.920133709907532,,1.001956343650818,0.0,0.0,,0.0772750222819973,0.631046574079132
2459,NVB,453685.602127676,5678891.73989508,0.0,0.0,0.0,0.0,2.220367908477783,,1.0023889541625977,0.0,0.0,,-0.1015533991892985,0.9372848988997916
2460,NVB,453684.839219829,5678891.95625053,0.0,0.0,0.0,0.0,1.3845202922821045,,1.001860737800598,0.0,0.0,,0.5014548503464032,0.3792020124092059
2461,NVB,453684.137025021,5678892.15076775,0.0,0.0,0.0,0.0,0.6986397504806519,,1.0001989603042605,0.0,0.0,,0.6966888582512022,0.6078684642157849
2462,NVB,453683.426149418,5678892.34967291,0.0,0.0,0.0,0.0,1.2232820987701416,,1.001949667930603,0.0,0.0,,0.4398055202315826,0.0124592400647408
2463,NVB,453682.715280307,5678892.54746827,0.0,0.0,0.0,0.0,2.633018732070923,,1.003899335861206,0.0,0.0,,0.5433787925695645,0.5162350643522617
2464,NVB,453682.013072333,5678892.74420476,0.0,0.0,0.0,0.0,4.536095142364502,,1.0056456327438354,0.0,0.0,,0.0932202467367055,0.9272224977225226
2465,NVB,453681.293104535,5678893.01741059,0.0,0.0,0.0,0.0,2.651633977890014,,1.0069458484649658,0.0,0.0,,0.2591928947327448,-0.2395049469242748
2466,NVB,453680.607703041,5678893.29969785,0.0,0.0,0.0,0.0,2.8748316764831543,,1.0041275024414062,0.0,0.0,,0.019921608036806,0.4091074670533961
2467,NVB,453679.913712141,5678893.57083686,0.0,0.0,0.0,0.0,1.4846991300582886,,1.007954478263855,0.0,0.0,,0.0255044202195195,-0.1229049985674035
2468,NVB,453679.089640324,5678893.88560111,0.0,0.0,0.0,0.0,0.5993834733963013,,1.0016686916351318,0.0,0.0,,0.1438999362148735,-0.3797635944832619
2469,NVB,453678.335008026,5678894.16637109,0.0,0.0,0.0,0.0,2.7511043548583984,,1.0038028955459597,0.0,0.0,,-0.3011533480471181,0.4062161468141487
2470,NVB,453677.693277854,5678894.38121929,0.0,0.0,0.0,0.0,1.5901591777801514,,1.0029075145721436,0.0,0.0,,-0.1625991342719629,0.4034955123517055
2471,NVB,453676.869558457,5678894.636058,0.0,0.0,0.0,0.0,1.192043423652649,,1.0018590688705444,0.0,0.0,,0.3493780229454561,-0.0430219594501201
2472,NVB,453676.097910542,5678894.86678815,0.0,0.0,0.0,0.0,2.215594291687012,,1.0065898895263672,0.0,0.0,,-0.0736779966193129,-0.319350987969448
2473,NVB,453675.352311415,5678895.08324453,0.0,0.0,0.0,0.0,2.2899057865142822,,1.0022376775741575,0.0,0.0,,0.220181203323089,-0.5682742506641592
2474,NVB,453674.597992296,5678895.3107472,0.0,0.0,0.0,0.0,2.2293174266815186,,1.001479983329773,0.0,0.0,,0.0815126327037192,-0.9318257071943472
2475,NVB,453673.809002302,5678895.54692391,0.0,0.0,0.0,0.0,1.827064514160156,,1.002186894416809,0.0,0.0,,-0.227990870540127,-0.7051378583741346
2476,NVB,453672.950748946,5678895.78713204,0.0,0.0,0.0,0.0,1.554273247718811,,1.034366250038147,0.0,0.0,,-0.1660765133306407,-0.1663775909451872
2477,NVB,453672.187905645,5678895.99238899,0.0,0.0,0.0,0.0,0.818699061870575,,1.0030180215835571,0.0,0.0,,0.0810907510318846,-0.818752249756042
2478,NVB,453671.442384662,5678896.19552827,0.0,0.0,0.0,0.0,3.698488712310791,,1.0097638368606567,0.0,0.0,,-0.3008455085797576,0.0729119150885305
2479,NVB,453670.670932343,5678896.39296604,0.0,0.0,0.0,0.0,1.4509944915771484,,1.0169346332550049,0.0,0.0,,-0.0361560870513349,-0.1311632738687137
2480,NVB,453669.951466655,5678896.58072178,0.0,0.0,0.0,0.0,2.591768741607666,,1.004827618598938,0.0,0.0,,-0.4570444828261888,-0.1109720249206648
2481,NVB,453669.266534637,5678896.78310764,0.0,0.0,0.0,0.0,3.392547607421875,,1.0177420377731323,0.0,0.0,,-0.2328667506549823,0.5950334530779727
2482,NVB,453668.564214912,5678896.99870831,0.0,0.0,0.0,0.0,5.066713333129883,,1.016391038894653,0.0,0.0,,-0.6062956321348566,0.2169561747170857
2483,NVB,453667.818615365,5678897.21516399,0.0,0.0,0.0,0.0,6.002790927886963,,1.0231504440307615,0.0,0.0,,-0.6827332213297274,0.2569784566474933
2484,NVB,453667.055615041,5678897.44705391,0.0,0.0,0.0,0.0,4.379501819610596,,1.0052589178085327,0.0,0.0,,0.0115234690694732,0.8428542735467169
2485,NVB,453666.28388165,5678897.69220957,0.0,0.0,0.0,0.0,3.44932222366333,,1.007010817527771,0.0,0.0,,0.2611655053103399,0.8741432098386918
2486,NVB,453665.52069183,5678897.95628146,0.0,0.0,0.0,0.0,2.706186056137085,,1.001917600631714,0.0,0.0,,0.2949144121944699,0.9322029555377332
2487,NVB,453664.783465913,5678898.22050609,0.0,0.0,0.0,0.0,5.4539713859558105,,1.0337415933609009,0.0,0.0,,0.1363430029749779,-0.1129118489148529
2488,NVB,453663.959530144,5678898.51196448,0.0,0.0,0.0,0.0,1.8644620180130005,,1.0212582349777222,0.0,0.0,,-0.2374847285294359,0.3949205671185374
2489,NVB,453663.196314037,5678898.78047506,0.0,0.0,0.0,0.0,3.0848610401153564,,1.0066908597946167,0.0,0.0,,0.4094597544791967,0.6007299992789271
2490,NVB,453662.450459439,5678899.04020962,0.0,0.0,0.0,0.0,2.8776628971099854,,1.0089023113250732,0.0,0.0,,0.4969309036944526,-0.1840404041356212
2491,NVB,453661.687275886,5678899.30317142,0.0,0.0,0.0,0.0,4.765438079833984,,1.0100769996643066,0.0,0.0,,-0.4685323542993285,0.7511421860369625
2492,NVB,453660.93283185,5678899.55175762,0.0,0.0,0.0,0.0,3.112356662750244,,1.012972116470337,0.0,0.0,,-0.1774786399169051,0.7772922400473302
2493,NVB,453660.161176435,5678899.78359594,0.0,0.0,0.0,0.0,2.6212925910949707,,1.0107475519180298,0.0,0.0,,0.0976778099136119,0.7885272831152722
2494,NVB,453659.398345461,5678899.9866322,0.0,0.0,0.0,0.0,3.3450751304626465,,1.0147806406021118,0.0,0.0,,0.1221626059736197,0.4317345408693597
2495,NVB,453658.713458583,5678900.18124905,0.0,0.0,0.0,0.0,2.639542579650879,,1.0070290565490725,0.0,0.0,,-0.1627539930951773,0.4090468578083635
2496,NVB,453658.019903957,5678900.37803435,0.0,0.0,0.0,0.0,3.676288366317749,,1.0056828260421753,0.0,0.0,,0.0555132742040973,-0.3303355105008475
2497,NVB,453657.27410782,5678900.62778087,0.0,0.0,0.0,0.0,2.503771543502808,,1.0072497129440308,0.0,0.0,,-0.1371365035627837,0.1019216510158073
2498,NVB,453656.510930466,5678900.88963244,0.0,0.0,0.0,0.0,1.7769372463226318,,1.015588641166687,0.0,0.0,,0.0955575913813054,0.3101818538415326
2499,NVB,453655.713147507,5678901.14906069,0.0,0.0,0.0,0.0,2.270730495452881,,1.0125861167907717,0.0,0.0,,-0.2454314690976861,0.3735769241542443
2500,NVB,453654.924045283,5678901.4041009,0.0,0.0,0.0,0.0,3.0928895473480225,,1.0093361139297483,0.0,0.0,,-0.1603212633062963,0.5972569542037846
2501,NVB,453654.15228498,5678901.65369428,0.0,0.0,0.0,0.0,2.1002402305603027,,1.0301865339279177,0.0,0.0,,-0.0484582182383273,0.3346641604677351
2502,NVB,453653.449951324,5678901.87151307,0.0,0.0,0.0,0.0,4.111217975616455,,1.0275312662124634,0.0,0.0,,-0.4504133942318599,0.5213376748236968
2503,NVB,453652.738976038,5678902.08706138,0.0,0.0,0.0,0.0,3.1036019325256348,,1.0281566381454468,0.0,0.0,,-0.5828659073790383,0.3188955530134902
2504,NVB,453651.958410678,5678902.36212735,0.0,0.0,0.0,0.0,4.044900894165039,,1.010991454124451,0.0,0.0,,-0.3533725659131523,0.27430111939046
2505,NVB,453651.221275342,5678902.61081452,0.0,0.0,0.0,0.0,5.67108678817749,,1.0184640884399414,0.0,0.0,,-0.468840404847775,0.5380805272532424
2506,NVB,453650.44952133,5678902.85929782,0.0,0.0,0.0,0.0,5.909090042114258,,1.0832513570785522,0.0,0.0,,0.3484993690556687,-0.5325663348112885
2507,NVB,453649.677767271,5678903.10778104,0.0,0.0,0.0,0.0,5.359591007232666,,1.0562375783920288,0.0,0.0,,-0.3000208570786347,0.6379014564457974
2508,NVB,453648.923342077,5678903.35303691,0.0,0.0,0.0,0.0,8.31857681274414,,1.0265517234802246,0.0,0.0,,-0.3883836577897175,0.3112474406024818
2509,NVB,453648.212314259,5678903.57746264,0.0,0.0,0.0,0.0,3.0588812828063965,,1.009463906288147,0.0,0.0,,-0.7699273079331403,0.3272666203943569
2510,NVB,453647.492677477,5678903.79406926,0.0,0.0,0.0,0.0,2.260334253311157,,1.0078037977218628,0.0,0.0,,-0.3129015250684002,-0.5401476452050314
2511,NVB,453646.677551932,5678904.05894333,0.0,0.0,0.0,0.0,2.865577459335327,,1.0025488138198853,0.0,0.0,,-0.539943012342417,0.4585225330229757
2512,NVB,453645.905843367,5678904.29965809,0.0,0.0,0.0,0.0,2.651747941970825,,1.0096451044082642,0.0,0.0,,-0.5259514385962654,-0.3232753976442375
2513,NVB,453645.108223051,5678904.53134207,0.0,0.0,0.0,0.0,5.4866790771484375,,1.013062834739685,0.0,0.0,,-0.5539127568079444,-0.0691983159922658
2514,NVB,453644.301974162,5678904.7585361,0.0,0.0,0.0,0.0,0.8088439702987671,,1.0033589601516724,0.0,0.0,,-0.3962797351443508,-0.6418404678462513
2515,NVB,453643.52169574,5678904.9847732,0.0,0.0,0.0,0.0,2.5231618881225586,,1.0030280351638794,0.0,0.0,,-0.8481775192647216,-0.3239882283802608
2516,NVB,453642.845345061,5678905.19941474,0.0,0.0,0.0,0.0,4.364517688751221,,1.0201590061187744,0.0,0.0,,0.0468633892529215,-0.5723542966408979
2517,NVB,453642.168961674,5678905.41960486,0.0,0.0,0.0,0.0,3.461378812789917,,1.0053284168243408,0.0,0.0,,-0.1806707571783918,0.3817933400100955
2518,NVB,453641.510024791,5678905.61659256,0.0,0.0,0.0,0.0,1.0621591806411743,,1.0081597566604614,0.0,0.0,,-0.0523039680325256,-0.0232437826732453
2519,NVB,453640.816449631,5678905.81670554,0.0,0.0,0.0,0.0,5.659303188323975,,1.0129034519195557,0.0,0.0,,-0.1792024457066636,0.7299852358335187
2520,NVB,453640.079627275,5678906.01212472,0.0,0.0,0.0,0.0,1.0874024629592896,,1.0063177347183228,0.0,0.0,,0.1153901302206968,0.3677607933024687
2521,NVB,453639.360101128,5678906.20986522,0.0,0.0,0.0,0.0,1.0499680042266846,,1.0093578100204468,0.0,0.0,,0.1561890799694919,0.6450191212708996
2522,NVB,453638.614663243,5678906.39857494,0.0,0.0,0.0,0.0,2.345980405807495,,1.0077526569366455,0.0,0.0,,-0.206267257197662,-0.0118332182313643
2523,NVB,453637.869192645,5678906.59283323,0.0,0.0,0.0,0.0,2.000097274780273,,1.0050456523895264,0.0,0.0,,0.218711566880467,0.7980225105950692
2524,NVB,453637.132350534,5678906.79158132,0.0,0.0,0.0,0.0,2.2361395359039307,,1.0020822286605835,0.0,0.0,,-0.2692257467431906,0.7353792539072338
2525,NVB,453636.343338609,5678907.03108348,0.0,0.0,0.0,0.0,2.293821096420288,,1.001431941986084,0.0,0.0,,-0.3409852746261501,0.825875438124177
2526,NVB,453635.606346102,5678907.25535518,0.0,0.0,0.0,0.0,1.524728775024414,,1.00117290019989,0.0,0.0,,-0.3785817936215028,0.7368443139939319
2527,NVB,453634.886806653,5678907.45531473,0.0,0.0,0.0,0.0,1.317150592803955,,1.0013351440429688,0.0,0.0,,-0.4121731069040355,0.7012574335320084
2528,NVB,453634.193244227,5678907.65320767,0.0,0.0,0.0,0.0,0.885435938835144,,1.0023926496505735,0.0,0.0,,-0.793086766234155,0.4225640670788674
2529,NVB,453633.464860511,5678907.88529824,0.0,0.0,0.0,0.0,0.9574264883995056,,1.0019813776016235,0.0,0.0,,-0.1811527701265468,0.2575685636687037
2530,NVB,453632.727776335,5678908.12510586,0.0,0.0,0.0,0.0,0.7510717511177063,,1.002971649169922,0.0,0.0,,-0.1966191461998935,0.2488278906289142
2531,NVB,453631.990646368,5678908.37268152,0.0,0.0,0.0,0.0,0.6769893765449524,,1.0012682676315308,0.0,0.0,,0.4967221489135107,0.3486600577454459
2532,NVB,453631.201477258,5678908.63881664,0.0,0.0,0.0,0.0,1.0111113786697388,,1.0023850202560425,0.0,0.0,,0.7973359115826716,0.1371326309314028
2533,NVB,453630.455666383,5678908.89078008,0.0,0.0,0.0,0.0,0.9824421405792236,,1.0035300254821775,0.0,0.0,,0.620020561090835,0.5564730074228169
2534,NVB,453629.709763952,5678909.15827966,0.0,0.0,0.0,0.0,3.197088718414306,,1.0036582946777344,0.0,0.0,,0.5510471505282598,0.8179560876179202
2535,NVB,453628.998584707,5678909.40822741,0.0,0.0,0.0,0.0,0.848539412021637,,1.010502815246582,0.0,0.0,,0.382907045280886,0.7556303034234221
2536,NVB,453628.287509997,5678909.64041945,0.0,0.0,0.0,0.0,3.838279962539673,,1.0043617486953735,0.0,0.0,,0.393865131815597,0.5986958399089338
2537,NVB,453627.567826333,5678909.86479235,0.0,0.0,0.0,0.0,2.1255362033843994,,1.0009475946426392,0.0,0.0,,-0.094235803479006,0.9221162945973116
2538,NVB,453626.848194924,5678910.08028737,0.0,0.0,0.0,0.0,1.8644546270370483,,1.004170536994934,0.0,0.0,,-0.1269741065583936,0.1329647732236667
2539,NVB,453626.067895839,5678910.30985193,0.0,0.0,0.0,0.0,4.251502513885498,,1.0105326175689695,0.0,0.0,,0.1359952642718175,0.6437327775078949
2540,NVB,453625.330948475,5678910.52635457,0.0,0.0,0.0,0.0,1.272375464439392,,1.00074303150177,0.0,0.0,,-0.0766220504230484,0.4479146215393583
2541,NVB,453623.882952254,5678910.97060988,0.0,0.0,0.0,0.0,2.0630288124084477,,1.002515435218811,0.0,0.0,,-0.0038159412437293,0.900938351959737
2542,NVB,453623.120073455,5678911.18141073,0.0,0.0,0.0,0.0,2.489689588546753,,1.0037217140197754,0.0,0.0,,0.2902903516799675,0.8284861312796915
2543,NVB,453622.322615172,5678911.38534921,0.0,0.0,0.0,0.0,0.715978741645813,,1.002030372619629,0.0,0.0,,-0.3222084264597905,0.7300870374419746
2544,NVB,453621.421183173,5678911.60865091,0.0,0.0,0.0,0.0,3.249147891998291,,1.008272409439087,0.0,0.0,,0.4371187915380668,0.4431231791875357
2545,NVB,453620.649682261,5678911.81385191,0.0,0.0,0.0,0.0,1.616998553276062,,1.004839539527893,0.0,0.0,,0.5011141678993856,0.4779622447595509
2546,NVB,453619.86074776,5678912.04003568,0.0,0.0,0.0,0.0,1.7796883583068848,,1.0023082494735718,0.0,0.0,,-0.2965931036952629,0.0574618249358367
2547,NVB,453619.123623544,5678912.28650041,0.0,0.0,0.0,0.0,0.5391042828559875,,1.003528356552124,0.0,0.0,,-0.0619469958019198,-0.6087031856979668
2548,NVB,453618.438551498,5678912.51218615,0.0,0.0,0.0,0.0,2.4759721755981445,,1.0021557807922363,0.0,0.0,,0.0254479087068266,-0.7760540717155155
2549,NVB,453617.753420577,5678912.74785939,0.0,0.0,0.0,0.0,2.156655788421631,,1.0016632080078125,0.0,0.0,,0.0085927968984082,0.2960652823851462
2550,NVB,453617.042149082,5678913.01334226,0.0,0.0,0.0,0.0,1.6601407527923584,,1.0021549463272097,0.0,0.0,,0.0180252810926018,-0.231078459111926
2551,NVB,453616.270137945,5678913.30510162,0.0,0.0,0.0,0.0,0.9332338571548462,,1.0015960931777954,0.0,0.0,,0.714681410074752,-0.3442909226738782
2552,NVB,453615.44604836,5678913.6220787,0.0,0.0,0.0,0.0,2.5228071212768555,,1.0150387287139893,0.0,0.0,,0.4449253730986267,-0.1275489006652486
2553,NVB,453614.691522976,5678913.88397722,0.0,0.0,0.0,0.0,0.9373584985733032,,1.0196031332015991,0.0,0.0,,0.2036197557975207,0.1571428889240607
2554,NVB,453613.954607645,5678914.09493017,0.0,0.0,0.0,0.0,2.0067355632781982,,1.0078375339508057,0.0,0.0,,0.1849905886970141,-0.1175203415031179
2555,NVB,453613.261050623,5678914.29171154,0.0,0.0,0.0,0.0,1.6551405191421509,,1.0077917575836182,0.0,0.0,,0.1069333059109436,0.127074379027465
2556,NVB,453612.550099221,5678914.50281734,0.0,0.0,0.0,0.0,3.1954519748687744,,1.0050987005233765,0.0,0.0,,0.4810009336027913,0.4731339364163693
2557,NVB,453611.821779594,5678914.72380863,0.0,0.0,0.0,0.0,2.66846251487732,,1.0057297945022583,0.0,0.0,,-0.3965189315298261,-0.2138617920893625
2558,NVB,453611.093427231,5678914.95034849,0.0,0.0,0.0,0.0,2.055140495300293,,1.001514196395874,0.0,0.0,,-0.3783821497647255,0.8462985419022088
2559,NVB,453610.304354813,5678915.19983561,0.0,0.0,0.0,0.0,3.095721960067749,,1.002289056777954,0.0,0.0,,-0.1397175015736439,0.9691076315126192
2560,NVB,453609.541213663,5678915.45502427,0.0,0.0,0.0,0.0,1.7111088037490845,,1.005711317062378,0.0,0.0,,-0.3753888948311175,0.2440771013265155
2561,NVB,453608.804069172,5678915.70481722,0.0,0.0,0.0,0.0,2.801194429397583,,1.0077283382415771,0.0,0.0,,-0.4426484491653488,0.5089025842590237
2562,NVB,453608.066970406,5678915.946842,0.0,0.0,0.0,0.0,1.5168538093566897,,1.0023216009140017,0.0,0.0,,-0.0028375683759439,0.8986145343733236
2563,NVB,453607.252012247,5678916.18285908,0.0,0.0,0.0,0.0,1.2201697826385498,,1.0011574029922483,0.0,0.0,,0.1688608399042986,0.6991235630469489
2564,NVB,453606.515116108,5678916.39048215,0.0,0.0,0.0,0.0,1.008130669593811,,1.0056228637695312,0.0,0.0,,0.3811488294647844,0.706038538279568
2565,NVB,453605.81287786,5678916.59165078,0.0,0.0,0.0,0.0,2.500350952148437,,1.004284143447876,0.0,0.0,,0.0947909903855928,0.5945606977586452
2566,NVB,453605.049886836,5678916.82131527,0.0,0.0,0.0,0.0,2.641453742980957,,1.003405213356018,0.0,0.0,,-0.2956905408646288,0.847079752416783
2567,NVB,453604.295576596,5678917.04659177,0.0,0.0,0.0,0.0,1.1623446941375732,,1.0022186040878296,0.0,0.0,,-0.475362039610522,0.442621357688195
2568,NVB,453603.575996182,5678917.25320684,0.0,0.0,0.0,0.0,2.8007917404174805,,1.0022963285446167,0.0,0.0,,-0.4187267801518488,0.7099674171002465
2569,NVB,453602.830451709,5678917.45966884,0.0,0.0,0.0,0.0,2.831640243530273,,1.0045011043548584,0.0,0.0,,-0.3673976815146162,0.5669612926357622
2570,NVB,453602.09348993,5678917.67838877,0.0,0.0,0.0,0.0,3.2711071968078613,,1.0168391466140747,0.0,0.0,,-0.2519099202517035,0.5942240165954251
2571,NVB,453601.313123939,5678917.91904817,0.0,0.0,0.0,0.0,0.5521883964538574,,1.0075578689575195,0.0,0.0,,-0.3712104701693525,0.0544548538534215
2572,NVB,453600.506689231,5678918.17731012,0.0,0.0,0.0,0.0,2.702328681945801,,1.0018354654312134,0.0,0.0,,-0.059588338349502,0.737056680461882
2573,NVB,453599.717589979,5678918.43123509,0.0,0.0,0.0,0.0,0.2761469781398773,,1.0032724142074585,0.0,0.0,,0.1563662876563709,0.1023250788943127
2574,NVB,453598.980542993,5678918.6643812,0.0,0.0,0.0,0.0,0.719038724899292,,1.0013396739959717,0.0,0.0,,-0.4162470949280257,0.1529250392048221
2575,NVB,453598.217531936,5678918.89737422,0.0,0.0,0.0,0.0,1.6438268423080444,,1.003342866897583,0.0,0.0,,-0.4062820427376647,0.8671784706948077
2576,NVB,453597.506586242,5678919.10736893,0.0,0.0,0.0,0.0,1.284536838531494,,1.0043200254440308,0.0,0.0,,-0.4356087522624333,0.4304851094472779
2577,NVB,453596.804295182,5678919.31741459,0.0,0.0,0.0,0.0,2.112473726272583,,1.0016618967056274,0.0,0.0,,0.4532036567905123,0.1821316832761233
2578,NVB,453596.093375572,5678919.52297026,0.0,0.0,0.0,0.0,2.3090908527374268,,1.0070692300796509,0.0,0.0,,-0.3027801383086601,0.598558158042866
2579,NVB,453595.382455924,5678919.72852587,0.0,0.0,0.0,0.0,1.9934622049331665,,1.0017842054367063,0.0,0.0,,0.0041909399784723,0.7289862953274104
2580,NVB,453594.645454471,5678919.95390347,0.0,0.0,0.0,0.0,0.290262222290039,,1.0011475086212158,0.0,0.0,,0.295952853333388,0.4264628570221864
2581,NVB,453593.917088025,5678920.18266121,0.0,0.0,0.0,0.0,1.8810232877731323,,1.002434492111206,0.0,0.0,,-0.0199089179745635,0.6874376595538408
2582,NVB,453593.180073405,5678920.41025814,0.0,0.0,0.0,0.0,1.6595954895019531,,1.0009829998016355,0.0,0.0,,-0.3342770537528339,0.7258281982119318
2583,NVB,453592.408426947,5678920.6398704,0.0,0.0,0.0,0.0,0.6064719557762146,,1.0027952194213867,0.0,0.0,,0.2481320096074109,0.4345708258114308
2584,NVB,453591.558705189,5678920.90009581,0.0,0.0,0.0,0.0,0.7029401659965515,,1.0015652179718018,0.0,0.0,,-0.1655560750950826,-0.21621950830832
2585,NVB,453590.778305832,5678921.14630281,0.0,0.0,0.0,0.0,2.1601462364196777,,1.002399444580078,0.0,0.0,,-0.0917344592351185,0.8079117744318006
2586,NVB,453590.067281225,5678921.36961359,0.0,0.0,0.0,0.0,1.415536880493164,,1.0007922649383545,0.0,0.0,,-0.3817935759396785,0.8591377059508876
2587,NVB,453589.330207499,5678921.60719771,0.0,0.0,0.0,0.0,1.319675326347351,,1.0208531618118286,0.0,0.0,,-0.1865588016149495,0.4294038981203851
2588,NVB,453588.636531415,5678921.82395203,0.0,0.0,0.0,0.0,3.3241894245147705,,1.002827286720276,0.0,0.0,,-0.4494529185268847,0.7947111694879418
2589,NVB,453587.873454315,5678922.06804133,0.0,0.0,0.0,0.0,1.8465546369552608,,1.0070786476135254,0.0,0.0,,-0.042410600567396,0.0455172384430238
2590,NVB,453587.188360864,5678922.29705355,0.0,0.0,0.0,0.0,2.1321494579315186,,1.0026085376739502,0.0,0.0,,-0.0110413557767904,0.717128316204632
2591,NVB,453586.511974389,5678922.51723891,0.0,0.0,0.0,0.0,5.617128372192383,,1.0190225839614868,0.0,0.0,,-0.139021352643803,0.3604906934362775
2592,NVB,453585.783731769,5678922.72491107,0.0,0.0,0.0,0.0,2.9246485233306885,,1.0086904764175415,0.0,0.0,,-0.4251211910844865,0.5698849482349898
2593,NVB,453585.029577406,5678922.92355226,0.0,0.0,0.0,0.0,1.738174557685852,,1.0066673755645752,0.0,0.0,,0.0240211872976252,0.4886548604535228
2594,NVB,453584.249426255,5678923.12758895,0.0,0.0,0.0,0.0,0.563511848449707,,1.0014381408691406,0.0,0.0,,-0.3003724207607962,0.2873374266615336
2595,NVB,453583.469183464,5678923.34716175,0.0,0.0,0.0,0.0,1.571308135986328,,1.00128436088562,0.0,0.0,,-0.5515504026896407,0.1622706221262035
2596,NVB,453582.714878499,5678923.57132647,0.0,0.0,0.0,0.0,1.4821624755859375,,1.001283049583435,0.0,0.0,,-0.5280654536157848,0.7074151307261021
2597,NVB,453581.97785668,5678923.80003209,0.0,0.0,0.0,0.0,3.0192317962646484,,1.004848837852478,0.0,0.0,,-0.374372777448756,0.5581960860067348
2598,NVB,453581.171459965,5678924.0516337,0.0,0.0,0.0,0.0,3.385319232940674,,1.0152292251586914,0.0,0.0,,-0.1357167814539763,0.2077199181365029
2599,NVB,453580.434398798,5678924.28699753,0.0,0.0,0.0,0.0,1.340098857879639,,1.0011001825332642,0.0,0.0,,0.1471540176686502,0.2841315491506779
2600,NVB,453579.749350731,5678924.50824101,0.0,0.0,0.0,0.0,2.4714174270629883,,1.00584876537323,0.0,0.0,,-0.6443615117587992,0.5941469669611317
2601,NVB,453579.003634791,5678924.74355369,0.0,0.0,0.0,0.0,1.822232127189636,,1.0066863298416138,0.0,0.0,,-0.2951622026404625,0.451710236999664
2602,NVB,453578.257925351,5678924.97775657,0.0,0.0,0.0,0.0,0.7472239136695862,,1.004394292831421,0.0,0.0,,-0.0244523350522428,0.0442299557248363
2603,NVB,453577.546939289,5678925.19440785,0.0,0.0,0.0,0.0,0.8556636571884155,,1.00290846824646,0.0,0.0,,-0.0207769823184121,0.4387043290022794
2604,NVB,453576.783933484,5678925.42628907,0.0,0.0,0.0,0.0,1.0245752334594729,,1.0044256448745728,0.0,0.0,,0.1117617399435734,-0.0196567685188411
2605,NVB,453576.159585777,5678925.62791437,0.0,0.0,0.0,0.0,1.9010692834854128,,1.0024644136428833,0.0,0.0,,0.1707338560087738,0.2772883464761068
2606,NVB,453575.517837056,5678925.84497374,0.0,0.0,0.0,0.0,1.049958348274231,,1.0008999109268188,0.0,0.0,,0.175691171742972,-0.0462156050636127
2607,NVB,453574.858759305,5678926.06526017,0.0,0.0,0.0,0.0,1.4262300729751587,,1.0057103633880615,0.0,0.0,,0.2292497765539806,-0.7301984288345187
2608,NVB,453574.164794482,5678926.33084126,0.0,0.0,0.0,0.0,1.2564507722854614,,1.002769112586975,0.0,0.0,,-0.0471696058239742,-0.7588353432603726
2609,NVB,453573.43609308,5678926.61619324,0.0,0.0,0.0,0.0,0.8398592472076416,,1.0350199937820437,0.0,0.0,,-0.2973071982688394,-0.1500498258626461
2610,NVB,453572.681434119,5678926.90028232,0.0,0.0,0.0,0.0,0.8836051821708679,,1.00188148021698,0.0,0.0,,-0.0168307224099319,-0.2066131566846759
2611,NVB,453571.892175997,5678927.18083799,0.0,0.0,0.0,0.0,3.341865062713623,,1.0044692754745483,0.0,0.0,,-0.5779001102295986,-0.4080508723802454
2612,NVB,453571.068351435,5678927.45231159,0.0,0.0,0.0,0.0,2.1524195671081543,,1.004394292831421,0.0,0.0,,-0.6277998825635519,-0.485146263030153
2613,NVB,453570.288088197,5678927.67521228,0.0,0.0,0.0,0.0,1.7496955394744873,,1.002877116203308,0.0,0.0,,-0.5431918492918612,0.5923426833698432
2614,NVB,453569.612073813,5678927.8321417,0.0,0.0,0.0,0.0,2.9573395252227783,,1.0070946216583252,0.0,0.0,,-0.7214364874887907,0.0901809314376545
2615,NVB,453568.927476706,5678927.97681301,0.0,0.0,0.0,0.0,1.7089678049087524,,1.0034013986587524,0.0,0.0,,-0.2451138043357417,0.049496618532933
2616,NVB,453568.138872817,5678928.14639549,0.0,0.0,0.0,0.0,1.4012815952301023,,1.0042047500610352,0.0,0.0,,0.2738241325299272,0.221827904729473
2617,NVB,453567.393319799,5678928.35396387,0.0,0.0,0.0,0.0,2.878230333328247,,1.0034308433532717,0.0,0.0,,-0.1252017631082134,0.913040281840723
2618,NVB,453566.647609657,5678928.58816565,0.0,0.0,0.0,0.0,1.8083524703979488,,1.0020252466201782,0.0,0.0,,0.3312898467243244,0.6103113974828102
2619,NVB,453565.936505122,5678928.824791,0.0,0.0,0.0,0.0,2.3533055782318115,,1.0017595291137695,0.0,0.0,,0.6520019518247248,-0.0700191028225529
2620,NVB,453565.095239897,5678929.11835646,0.0,0.0,0.0,0.0,3.8412933349609375,,1.006150245666504,0.0,0.0,,-0.0437571252142024,-0.8839469139421378
2621,NVB,453564.375604943,5678929.33384578,0.0,0.0,0.0,0.0,3.890589475631714,,1.0148065090179443,0.0,0.0,,0.1034163359452173,-0.5110902767967489
2622,NVB,453563.612683421,5678929.55129926,0.0,0.0,0.0,0.0,1.4629888534545898,,1.0042448043823242,0.0,0.0,,-0.3366258499504984,-0.7121515003312621
2623,NVB,453562.832504848,5678929.75977275,0.0,0.0,0.0,0.0,2.4340813159942627,,1.0294963121414185,0.0,0.0,,0.2656128608792846,-0.66749203285833
2624,NVB,453562.095724037,5678929.94741657,0.0,0.0,0.0,0.0,1.1327252388000488,,1.0037752389907837,0.0,0.0,,0.2633354247598272,-0.4284009061629368
2625,NVB,453561.402275539,5678930.12532802,0.0,0.0,0.0,0.0,2.932699680328369,,1.014577865600586,0.0,0.0,,0.1682690391368895,-0.2346109567872839
2626,NVB,453560.596014957,5678930.35362325,0.0,0.0,0.0,0.0,4.738219738006592,,1.0408402681350708,0.0,0.0,,-0.1549397625387797,0.0474432086697229
2627,NVB,453559.789695414,5678930.59190594,0.0,0.0,0.0,0.0,4.004794120788574,,1.010728120803833,0.0,0.0,,0.0681421450298931,-0.3571984455550009
2628,NVB,453559.026629626,5678930.83377299,0.0,0.0,0.0,0.0,1.3612416982650757,,1.0046627521514893,0.0,0.0,,-0.0692782079806697,0.5557683153458207
2629,NVB,453558.150692793,5678931.13601132,0.0,0.0,0.0,0.0,3.989422082901001,,1.0088586807250977,0.0,0.0,,-0.1471816451582861,-0.0317909729025407
2630,NVB,453557.352779024,5678931.41651449,0.0,0.0,0.0,0.0,5.277137756347656,,1.0152302980422974,0.0,0.0,,0.2163863375240942,0.3436504986487161
2631,NVB,453556.702302594,5678931.64572829,0.0,0.0,0.0,0.0,1.9010051488876345,,1.0774673223495483,0.0,0.0,,0.2137628841222153,0.024492882559218
2632,NVB,453555.878477021,5678931.91720031,0.0,0.0,0.0,0.0,3.48223090171814,,1.0183348655700684,0.0,0.0,,-0.1506825658984106,-0.1922297730843633
2633,NVB,453555.158599322,5678932.17374874,0.0,0.0,0.0,0.0,1.4939535856246948,,1.012733817100525,0.0,0.0,,-0.2749381150294395,-0.2395802884213695
2634,NVB,453554.48202776,5678932.42500375,0.0,0.0,0.0,0.0,2.010362148284912,,1.0087112188339231,0.0,0.0,,-0.037301579888395,-0.2442353646755016
2635,NVB,453553.77088322,5678932.66828637,0.0,0.0,0.0,0.0,2.817850351333618,,1.0127756595611572,0.0,0.0,,-0.1439021708949295,0.2749251637182833
2636,NVB,453553.007777757,5678932.91681121,0.0,0.0,0.0,0.0,2.461519241333008,,1.0076706409454346,0.0,0.0,,-0.5433550348128245,-0.0850352599063247
2637,NVB,453552.149313514,5678933.1914078,0.0,0.0,0.0,0.0,0.3730247616767883,,1.005407691001892,0.0,0.0,,-0.0329811804267273,-0.2778926180047969
2638,NVB,453551.403674458,5678933.41340113,0.0,0.0,0.0,0.0,3.374094009399414,,1.0065809488296509,0.0,0.0,,-0.3278344022388756,0.8101855110885574
2639,NVB,453550.684091101,5678933.62001139,0.0,0.0,0.0,0.0,2.880955934524536,,1.0047649145126345,0.0,0.0,,-0.2254325998391382,-0.3648613351770444
2640,NVB,453549.955898839,5678933.81880242,0.0,0.0,0.0,0.0,0.7741956114768982,,1.0058151483535769,0.0,0.0,,-0.4160852065906959,0.6077678848565385
2641,NVB,453549.054370447,5678934.05763206,0.0,0.0,0.0,0.0,4.374863624572754,,1.0051599740982056,0.0,0.0,,-0.0655185347888927,0.624128010067346
2642,NVB,453548.291389096,5678934.28507162,0.0,0.0,0.0,0.0,2.443619728088379,,1.0029915571212769,0.0,0.0,,0.6090468948257696,-0.4613252640861144
2643,NVB,453547.511026294,5678934.52461598,0.0,0.0,0.0,0.0,2.0100252628326416,,1.0046794414520264,0.0,0.0,,0.0884588588696417,0.3227946667533307
2644,NVB,453546.730702727,5678934.75750189,0.0,0.0,0.0,0.0,2.724858045578003,,1.0059232711791992,0.0,0.0,,-0.0687199189573851,0.2968645110033346
2645,NVB,453545.941665491,5678935.00032421,0.0,0.0,0.0,0.0,6.830654144287109,,1.0094926357269287,0.0,0.0,,-0.0338055891464081,0.3696871776528296
2646,NVB,453545.152634751,5678935.24203673,0.0,0.0,0.0,0.0,0.3750621378421783,,1.0049983263015747,0.0,0.0,,-0.266169101680798,-0.0797383751968203
2647,NVB,453544.381168726,5678935.44057191,0.0,0.0,0.0,0.0,1.003846287727356,,1.0029038190841677,0.0,0.0,,0.0247949876329337,-0.1524944756235333
2648,NVB,453543.644367276,5678935.6315432,0.0,0.0,0.0,0.0,4.886463642120361,,1.0083763599395752,0.0,0.0,,-0.0587119311400035,0.3010924322095793
2649,NVB,453542.872560661,5678935.88778409,0.0,0.0,0.0,0.0,4.734464168548584,,1.0115623474121094,0.0,0.0,,0.1243819208213913,0.3386062076214501
2650,NVB,453541.979300136,5678936.19213795,0.0,0.0,0.0,0.0,1.3329575061798096,,1.0136913061141968,0.0,0.0,,0.0848697610740854,-0.0750910415489185
2651,NVB,453541.250675205,5678936.46417024,0.0,0.0,0.0,0.0,2.027167320251465,,1.0093367099761963,0.0,0.0,,0.118143921708062,0.3563696497951791
2652,NVB,453540.522030573,5678936.73953163,0.0,0.0,0.0,0.0,1.2747092247009275,,1.0046517848968506,0.0,0.0,,-0.4804866505255766,0.2409635601533817
2653,NVB,453539.775991366,5678937.02921729,0.0,0.0,0.0,0.0,3.88887882232666,,1.007486343383789,0.0,0.0,,-0.5030015123147356,0.0624722223992935
2654,NVB,453539.125461556,5678937.26730746,0.0,0.0,0.0,0.0,1.481817364692688,,1.0086019039154053,0.0,0.0,,-0.3228290076052951,0.2727794861894897
2655,NVB,453538.405615546,5678937.51830573,0.0,0.0,0.0,0.0,2.9748380184173584,,1.0031205415725708,0.0,0.0,,0.1048252770605516,0.4211213911749318
2656,NVB,453537.599189783,5678937.7743418,0.0,0.0,0.0,0.0,1.790862202644348,,1.0073378086090088,0.0,0.0,,-0.0017596647798288,-0.2906715315091511
2657,NVB,453536.870826515,5678938.00198456,0.0,0.0,0.0,0.0,2.141638994216919,,1.0180683135986328,0.0,0.0,,-0.3997577916748852,0.1146676385639203
2658,NVB,453536.125343738,5678938.19734298,0.0,0.0,0.0,0.0,3.434436559677124,,1.0076700448989868,0.0,0.0,,-0.7358609088728949,0.2903973242147527
2659,NVB,453535.345229039,5678938.39471647,0.0,0.0,0.0,0.0,2.8581812381744385,,1.0129036903381348,0.0,0.0,,-0.5721546394485361,-0.5023245174725902
2660,NVB,453534.582449892,5678938.58775314,0.0,0.0,0.0,0.0,4.377012252807617,,1.0058494806289673,0.0,0.0,,-0.008113598971829,0.3562242202817192
2661,NVB,453533.837006297,5678938.77645297,0.0,0.0,0.0,0.0,2.6967694759368896,,1.0025594234466553,0.0,0.0,,0.0098502325028268,-0.7152179062192442
2662,NVB,453533.100210816,5678938.96631355,0.0,0.0,0.0,0.0,2.5755326747894287,,1.0074782371520996,0.0,0.0,,-0.1170188723669803,0.3451908470804774
2663,NVB,453532.354551006,5678939.19163427,0.0,0.0,0.0,0.0,2.18223237991333,,1.006306529045105,0.0,0.0,,0.1610594572986063,-0.6378672946561482
2664,NVB,453531.582841909,5678939.43122814,0.0,0.0,0.0,0.0,5.369061470031738,,1.0072875022888184,0.0,0.0,,-0.3100289427940053,0.6687935959067604
2665,NVB,453530.776356767,5678939.69725108,0.0,0.0,0.0,0.0,1.5878210067749023,,1.0057487487792969,0.0,0.0,,0.2544322699112272,0.1729799983827268
2666,NVB,453530.039220516,5678939.94481723,0.0,0.0,0.0,0.0,0.3953261971473694,,1.0029717683792114,0.0,0.0,,-0.4317294546165023,0.0930581333919301
2667,NVB,453529.397665817,5678940.12858102,0.0,0.0,0.0,0.0,3.3081979751586914,,1.006030797958374,0.0,0.0,,-0.326600278484799,-0.0528897873999002
2668,NVB,453528.704091189,5678940.32757443,0.0,0.0,0.0,0.0,1.818513035774231,,1.0054335594177246,0.0,0.0,,-0.5877049269937831,0.3568927065688718
2669,NVB,453528.010490325,5678940.5310067,0.0,0.0,0.0,0.0,3.845107555389404,,1.0195791721343994,0.0,0.0,,0.3233458383890082,-0.5004097261868287
2670,NVB,453527.282283724,5678940.7320151,0.0,0.0,0.0,0.0,5.4084792137146,,1.0094215869903564,0.0,0.0,,0.1264290729992938,0.333601714959827
2671,NVB,453526.484682274,5678940.9592482,0.0,0.0,0.0,0.0,4.90083646774292,,1.0263780355453491,0.0,0.0,,-0.1390861425983394,-0.8807695728938892
2672,NVB,453525.730360827,5678941.18562694,0.0,0.0,0.0,0.0,10.233123779296877,,1.0291675329208374,0.0,0.0,,-0.0854415392242278,0.4415242600844433
2673,NVB,453524.941335371,5678941.42622771,0.0,0.0,0.0,0.0,0.4324217438697815,,1.0103048086166382,0.0,0.0,,0.2160000010026609,0.1116324618938782
2674,NVB,453524.169088639,5678941.75681856,0.0,0.0,0.0,0.0,3.0334103107452397,,1.014087200164795,0.0,0.0,,-0.0962705662792513,0.3871852198823911
2675,NVB,453523.448842111,5678942.07550887,0.0,0.0,0.0,0.0,1.289011836051941,,1.0118271112442017,0.0,0.0,,-0.2617591642893888,0.0155847026701046
2676,NVB,453522.719993232,5678942.3852702,0.0,0.0,0.0,0.0,0.6742187142372131,,1.021313190460205,0.0,0.0,,0.0171553878028678,-0.7776755797605398
2677,NVB,453522.06954106,5678942.61004224,0.0,0.0,0.0,0.0,8.732219696044922,,1.0478150844573977,0.0,0.0,,-0.310424106091282,0.3343954273358111
2678,NVB,453521.427848371,5678942.81710967,0.0,0.0,0.0,0.0,1.5619045495986938,,1.022649884223938,0.0,0.0,,-0.7079418757289483,0.2839074359207595
2679,NVB,453520.655856862,5678943.10442078,0.0,0.0,0.0,0.0,6.73510217666626,,1.0258287191390991,0.0,0.0,,-0.1378133869606563,-0.2504713016984134
2680,NVB,453519.935931089,5678943.3687341,0.0,0.0,0.0,0.0,5.973442554473877,,1.028644561767578,0.0,0.0,,-0.3419895319010906,0.1370468680943012
2681,NVB,453519.25988809,5678943.53009812,0.0,0.0,0.0,0.0,2.357982873916626,,1.007344365119934,0.0,0.0,,-0.4132100956421452,-0.3860792674562208
2682,NVB,453518.453847617,5678943.72065829,0.0,0.0,0.0,0.0,4.998881816864014,,1.0129474401474,0.0,0.0,,-0.1792194560605374,0.3950386112354505
2683,NVB,453517.673705695,5678943.92246895,0.0,0.0,0.0,0.0,3.253852367401123,,1.00415301322937,0.0,0.0,,-0.0812601701419962,-0.4604806728755082
2684,NVB,453516.919527844,5678944.12443283,0.0,0.0,0.0,0.0,0.5727306008338928,,1.0160964727401731,0.0,0.0,,-0.1153026080426457,0.1021172816311371
2685,NVB,453516.156682144,5678944.328565,0.0,0.0,0.0,0.0,1.774150848388672,,1.003933310508728,0.0,0.0,,-0.631661397369386,-0.2111253544960344
2686,NVB,453515.28981615,5678944.55982709,0.0,0.0,0.0,0.0,3.8763527870178223,,1.0068508386611938,0.0,0.0,,0.1682143520810461,0.3247100814744768
2687,NVB,453514.48359856,5678944.78034951,0.0,0.0,0.0,0.0,1.6484860181808472,,1.0016928911209106,0.0,0.0,,0.078034203734552,0.2624785282206991
2688,NVB,453513.720523397,5678945.02332192,0.0,0.0,0.0,0.0,1.8111250400543213,,1.005466103553772,0.0,0.0,,0.0877723569221461,-0.277155256325976
2689,NVB,453512.992119421,5678945.25762085,0.0,0.0,0.0,0.0,3.1109023094177246,,1.00335693359375,0.0,0.0,,-0.5825336546063669,0.6442014178289829
2690,NVB,453512.27254048,5678945.46311788,0.0,0.0,0.0,0.0,2.697482824325561,,1.0046690702438354,0.0,0.0,,-0.3207603134261181,-0.5164624422397363
2691,NVB,453511.570257802,5678945.67093652,0.0,0.0,0.0,0.0,3.08223295211792,,1.0070453882217407,0.0,0.0,,0.0494849898959121,0.3078466344845398
2692,NVB,453510.867942323,5678945.88430373,0.0,0.0,0.0,0.0,4.559022426605225,,1.0090805292129517,0.0,0.0,,0.2747392276972262,-0.18784854419263
2693,NVB,453510.078883158,5678946.13045166,0.0,0.0,0.0,0.0,3.132776021957397,,1.006458044052124,0.0,0.0,,-0.4619460860902897,0.0154740762888759
2694,NVB,453509.341745628,5678946.37801588,0.0,0.0,0.0,0.0,2.9271280765533447,,1.016756534576416,0.0,0.0,,0.1296879535029075,-0.521831114512664
2695,NVB,453508.613498668,5678946.58568093,0.0,0.0,0.0,0.0,6.146955490112305,,1.0154560804367063,0.0,0.0,,0.2165290260569934,0.4553694342735883
2696,NVB,453507.859176146,5678946.81205796,0.0,0.0,0.0,0.0,4.159864902496338,,1.013391613960266,0.0,0.0,,0.3078464334383574,-0.7867645451216879
2697,NVB,453507.113298579,5678947.07399733,0.0,0.0,0.0,0.0,9.018880844116213,,1.01885724067688,0.0,0.0,,-0.2692336405373415,0.6872119498007391
2698,NVB,453506.367407852,5678947.33815608,0.0,0.0,0.0,0.0,3.970978260040283,,1.0250953435897827,0.0,0.0,,0.1589976518092565,-0.8983857985363907
2699,NVB,453505.543460872,5678947.62959797,0.0,0.0,0.0,0.0,10.978338241577148,,1.0234156847000122,0.0,0.0,,-0.0055080744364357,0.7021881132697821
2700,NVB,453504.832221637,5678947.88841239,0.0,0.0,0.0,0.0,4.42844820022583,,1.029468655586243,0.0,0.0,,-0.0483404780263484,-0.2249197139862535
2701,NVB,453503.982231771,5678948.19301751,0.0,0.0,0.0,0.0,6.960686683654785,,1.039228081703186,0.0,0.0,,-0.1426927907029018,0.3133750065745411
2702,NVB,453503.184307718,5678948.47462494,0.0,0.0,0.0,0.0,3.7684717178344727,,1.0145206451416016,0.0,0.0,,-0.3236832963934393,-0.7656112338724143
2703,NVB,453502.403843766,5678948.73081077,0.0,0.0,0.0,0.0,6.578057289123535,,1.0127898454666138,0.0,0.0,,-0.3487509161740006,0.7007213360033883
2704,NVB,453501.580388047,5678948.93902264,0.0,0.0,0.0,0.0,4.082425117492676,,1.1758967638015747,0.0,0.0,,-0.3339351183045485,0.2825173045709216
2705,NVB,453500.765567329,5678949.15061472,0.0,0.0,0.0,0.0,3.8895223140716553,,1.0437554121017456,0.0,0.0,,-0.0167324505797896,-0.0494553669327998
2706,NVB,453500.011146011,5678949.39363693,0.0,0.0,0.0,0.0,0.356234610080719,,1.0112184286117554,0.0,0.0,,-0.2462042647568917,-0.002141710331177
2707,NVB,453499.282819863,5678949.61461786,0.0,0.0,0.0,0.0,6.337447643280029,,1.0140188932418823,0.0,0.0,,-0.228093660663886,-0.3054757203183801
2708,NVB,453498.502499867,5678949.84638928,0.0,0.0,0.0,0.0,0.8302446007728577,,1.0055556297302246,0.0,0.0,,0.0431570939117547,0.0694491617856676
2709,NVB,453497.635842474,5678950.04213814,0.0,0.0,0.0,0.0,4.537382125854492,,1.0190175771713257,0.0,0.0,,-0.4088189640812061,-0.2405908933341579
2710,NVB,453496.838507931,5678950.2238694,0.0,0.0,0.0,0.0,5.52359676361084,,1.0138747692108154,0.0,0.0,,-0.246415682257865,0.3239672192677054
2711,NVB,453496.093114724,5678950.40368785,0.0,0.0,0.0,0.0,3.603002548217773,,1.0036683082580566,0.0,0.0,,-0.3599898597911353,-0.3819592783891464
2712,NVB,453495.347590382,5678950.6057008,0.0,0.0,0.0,0.0,1.9147287607192995,,1.0075637102127075,0.0,0.0,,0.1261491606936964,0.2813115452562304
2713,NVB,453494.679866627,5678950.82370997,0.0,0.0,0.0,0.0,0.1381051987409591,,1.0043529272079468,0.0,0.0,,-0.0038778478408491,-0.7191023674337758
2714,NVB,453493.977360109,5678951.06925779,0.0,0.0,0.0,0.0,3.7732045650482178,,1.0071393251419067,0.0,0.0,,0.0592613943939929,0.3650567069384345
2715,NVB,453493.274801105,5678951.32368338,0.0,0.0,0.0,0.0,2.280956506729126,,1.006201148033142,0.0,0.0,,-0.0172652413715097,-0.3586881088596874
2716,NVB,453492.520366227,5678951.56892433,0.0,0.0,0.0,0.0,5.7507524490356445,,1.0111063718795776,0.0,0.0,,0.0838809569352658,0.3065575713108295
2717,NVB,453491.670500021,5678951.8524433,0.0,0.0,0.0,0.0,0.4712753891944885,,1.0030840635299685,0.0,0.0,,0.1961529716959801,0.1115291997046189
2718,NVB,453490.92468042,5678952.10439359,0.0,0.0,0.0,0.0,1.3196619749069214,,1.0164507627487185,0.0,0.0,,0.4082799899862861,0.1175441830529861
2719,NVB,453490.274272393,5678952.32139491,0.0,0.0,0.0,0.0,1.9486550092697144,,1.00779926776886,0.0,0.0,,0.3655111049549218,0.8432705185232768
2720,NVB,453489.450488169,5678952.58509192,0.0,0.0,0.0,0.0,1.2557631731033323,,1.0030993223190308,0.0,0.0,,0.1138649761556695,0.7077001357911566
2721,NVB,453488.765520209,5678952.79190106,0.0,0.0,0.0,0.0,3.282988786697388,,1.0186936855316162,0.0,0.0,,-0.0358210977143061,0.1766052248229572
2722,NVB,453488.045782571,5678953.02402936,0.0,0.0,0.0,0.0,1.735138773918152,,1.0061798095703125,0.0,0.0,,-0.192584921132514,-0.1731858524784385
2723,NVB,453487.291065447,5678953.31698812,0.0,0.0,0.0,0.0,5.987046241760254,,1.019442796707153,0.0,0.0,,0.0910545208171805,-0.1073799456708363
2724,NVB,453486.562502539,5678953.57791808,0.0,0.0,0.0,0.0,7.220996856689453,,1.015878200531006,0.0,0.0,,-0.3055489437077361,0.3240501244625156
2725,NVB,453485.756112715,5678953.82729051,0.0,0.0,0.0,0.0,6.322642803192139,,1.012545466423035,0.0,0.0,,-0.1610242288895626,0.3277266832489747
2726,NVB,453484.96692081,5678954.09563049,0.0,0.0,0.0,0.0,3.488633394241333,,1.0079326629638672,0.0,0.0,,0.1393458887074246,-0.4810118120377509
2727,NVB,453484.246769872,5678954.39767131,0.0,0.0,0.0,0.0,8.64753532409668,,1.0186705589294434,0.0,0.0,,-0.2349138565089338,-0.3033597855337727
2728,NVB,453483.509512704,5678954.66520823,0.0,0.0,0.0,0.0,5.454619407653809,,1.02161705493927,0.0,0.0,,0.149490206816199,0.3576139317149786
2729,NVB,453482.781264265,5678954.8728709,0.0,0.0,0.0,0.0,0.8982736468315125,,1.027889370918274,0.0,0.0,,0.0692044572460988,0.0410910900768354
2730,NVB,453482.070423573,5678955.06398986,0.0,0.0,0.0,0.0,5.4576029777526855,,1.014237642288208,0.0,0.0,,0.3018666745952189,0.5784315868510345
2731,NVB,453481.359609074,5678955.25066984,0.0,0.0,0.0,0.0,1.7958002090454102,,1.0018340349197388,0.0,0.0,,0.0560415310379639,-0.1221012164892456
2732,NVB,453480.68340685,5678955.43866403,0.0,0.0,0.0,0.0,7.828109264373779,,1.0114350318908691,0.0,0.0,,-0.2124881161819508,0.4312492023208341
2733,NVB,453479.963917892,5678955.62862193,0.0,0.0,0.0,0.0,4.209929466247559,,1.0087465047836304,0.0,0.0,,-0.5709005772485597,-0.5150008683813495
2734,NVB,453479.175073138,5678955.83814575,0.0,0.0,0.0,0.0,4.215591907501221,,1.0265766382217407,0.0,0.0,,-0.6196005891283586,0.0786624491882744
2735,NVB,453478.394889615,5678956.04661091,0.0,0.0,0.0,0.0,0.6516187787055969,,1.0007543563842771,0.0,0.0,,0.0881850385884265,0.0424203488564499
2736,NVB,453477.588682876,5678956.26491011,0.0,0.0,0.0,0.0,0.7931607961654663,,1.0057799816131592,0.0,0.0,,-0.1904141921633881,0.0343764740939827
2737,NVB,453476.817042507,5678956.49229163,0.0,0.0,0.0,0.0,3.124629259109497,,1.0036183595657349,0.0,0.0,,-0.657734682554161,0.0473865003730316
2738,NVB,453475.958645062,5678956.75467294,0.0,0.0,0.0,0.0,4.282790660858154,,1.0089130401611328,0.0,0.0,,-0.2287302342712319,0.3229192022938472
2739,NVB,453475.204274682,5678956.98881495,0.0,0.0,0.0,0.0,1.1714859008789062,,1.0087742805480957,0.0,0.0,,0.0377686793810023,0.3030930655580561
2740,NVB,453474.458506508,5678957.23188586,0.0,0.0,0.0,0.0,2.8767051696777344,,1.0104763507843018,0.0,0.0,,-0.2656595971112915,-0.1984438434947454
2741,NVB,453473.764614136,5678957.48414141,0.0,0.0,0.0,0.0,2.629490613937378,,1.005632996559143,0.0,0.0,,-0.053409251363339,0.2842274136977938
2742,NVB,453473.062217837,5678957.710822,0.0,0.0,0.0,0.0,1.5648183822631836,,1.0073304176330566,0.0,0.0,,-0.4162148637742115,-0.0775672086489253
2743,NVB,453472.351363527,5678957.90415953,0.0,0.0,0.0,0.0,2.026894807815552,,1.0128144025802612,0.0,0.0,,-0.0190312520836338,0.7297794358749271
2744,NVB,453471.623029222,5678958.12624764,0.0,0.0,0.0,0.0,2.1806890964508057,,1.0047972202301023,0.0,0.0,,0.0110601480170667,-0.169724692379702
2745,NVB,453470.833619955,5678958.43120724,0.0,0.0,0.0,0.0,1.6223773956298828,,1.0062551498413086,0.0,0.0,,0.0400154903683908,0.3375884925912185
2746,NVB,453469.97478923,5678958.76682995,0.0,0.0,0.0,0.0,4.57554292678833,,1.0119839906692505,0.0,0.0,,-0.2791810845532231,0.6830360492653534
2747,NVB,453469.168201564,5678959.04949252,0.0,0.0,0.0,0.0,1.6645255088806152,,1.0032404661178589,0.0,0.0,,-0.4180532691053745,-0.1052940181076935
2748,NVB,453468.405261298,5678959.26915627,0.0,0.0,0.0,0.0,1.786865472793579,,1.0020779371261597,0.0,0.0,,-0.5086550539830448,0.1599399938785177
2749,NVB,453467.590228689,5678959.51625623,0.0,0.0,0.0,0.0,0.539117157459259,,1.00182044506073,0.0,0.0,,-0.5400287819828882,0.438701469354892
2750,NVB,453466.783817956,5678959.76895591,0.0,0.0,0.0,0.0,3.122866630554199,,1.0043723583221436,0.0,0.0,,-0.3585564366271307,-0.1634665334606276
2751,NVB,453465.986140599,5678960.00838992,0.0,0.0,0.0,0.0,3.213477611541748,,1.0052450895309448,0.0,0.0,,-0.1905603069476943,-0.0008981003562582
2752,NVB,453465.01516542,5678960.28120231,0.0,0.0,0.0,0.0,1.2995903491973877,,1.0135033130645752,0.0,0.0,,-0.0173368778047216,0.5890924347491696
2753,NVB,453464.269639306,5678960.48321232,0.0,0.0,0.0,0.0,10.476271629333496,,1.0310051441192627,0.0,0.0,,-0.0098317061442659,0.5482839461881767
2754,NVB,453463.454711388,5678960.71255621,0.0,0.0,0.0,0.0,3.183090686798096,,1.0166492462158203,0.0,0.0,,0.3110253370752907,0.2313817348070284
2755,NVB,453462.830495617,5678960.89086827,0.0,0.0,0.0,0.0,2.827913999557495,,1.0189173221588137,0.0,0.0,,-0.2276760160476773,0.0815207114386698
2756,NVB,453462.136904281,5678961.0920753,0.0,0.0,0.0,0.0,7.691256046295166,,1.0205680131912231,0.0,0.0,,0.1427803830479519,0.5538469011558881
2757,NVB,453461.347901047,5678961.32823082,0.0,0.0,0.0,0.0,1.2225732803344729,,1.025068759918213,0.0,0.0,,-0.0296976206529681,0.2554539666018237
2758,NVB,453460.567467206,5678961.57886388,0.0,0.0,0.0,0.0,9.186148643493652,,1.0268601179122925,0.0,0.0,,-0.2770314531763378,0.4434553137832229
2759,NVB,453459.752197939,5678961.86591324,0.0,0.0,0.0,0.0,5.76975679397583,,1.0091097354888916,0.0,0.0,,-0.0942391520772889,-0.1639249080334726
2760,NVB,453458.919717568,5678962.13621428,0.0,0.0,0.0,0.0,2.5711398124694824,,1.002757906913757,0.0,0.0,,0.1253766902539629,0.1837555217820018
2761,NVB,453458.139198289,5678962.40127356,0.0,0.0,0.0,0.0,7.804580211639404,,1.012518286705017,0.0,0.0,,-0.3998120216204248,0.6150829274002789
2762,NVB,453457.470803309,5678962.73247186,0.0,0.0,0.0,0.0,5.008035182952881,,1.006556510925293,0.0,0.0,,0.3272655058286999,0.3192221319460113
2763,NVB,453456.845025855,5678963.17489872,0.0,0.0,0.0,0.0,1.890748620033264,,1.0023268461227417,0.0,0.0,,-0.0354020975263931,-0.0343038201442913
2764,NVB,453456.305146102,5678963.72770027,0.0,0.0,0.0,0.0,2.5174665451049805,,1.0026100873947144,0.0,0.0,,-0.5728144716601834,0.3769209032672969
2765,NVB,453455.885448353,5678964.4476773,0.0,0.0,0.0,0.0,4.393999576568604,,1.0049206018447876,0.0,0.0,,-0.2021321591488597,0.3306990096720832
2766,NVB,453455.681338005,5678965.30099109,0.0,0.0,0.0,0.0,3.8426008224487305,,1.0057071447372437,0.0,0.0,,0.1531729812533113,-0.0094418346303003
2767,NVB,453455.744677875,5678966.29904594,0.0,0.0,0.0,0.0,1.6233528852462769,,1.0049796104431152,0.0,0.0,,-0.3417638218142826,-0.1561425571677614
2768,NVB,453456.102383537,5678967.28108475,0.0,0.0,0.0,0.0,1.3867312669754028,,1.014771819114685,0.0,0.0,,0.1020942534467933,-0.0395158268955517
2769,NVB,453456.641700867,5678968.2875023,0.0,0.0,0.0,0.0,5.083730220794678,,1.006295680999756,0.0,0.0,,-0.2878121592943318,0.3225309903299153
2770,NVB,453457.284547099,5678969.35002017,0.0,0.0,0.0,0.0,1.5929605960845947,,1.0028929710388184,0.0,0.0,,-0.0660839841349562,0.780369409769828
2771,NVB,453457.952517995,5678970.55473667,0.0,0.0,0.0,0.0,1.8876898288726809,,1.0021936893463137,0.0,0.0,,-0.5118253681124867,-0.3533547618466269
2772,NVB,453458.611657239,5678971.7893646,0.0,0.0,0.0,0.0,1.4780369997024536,,1.0109219551086426,0.0,0.0,,0.3547245290492944,-0.0233106857611609
2773,NVB,453459.210410345,5678972.9903425,0.0,0.0,0.0,0.0,5.895575523376465,,1.006114482879639,0.0,0.0,,-0.4439224711478792,0.7571760535182529
2774,NVB,453459.912134887,5678974.34174756,0.0,0.0,0.0,0.0,1.1729531288146973,,1.0216758251190186,0.0,0.0,,0.0162781880207357,0.3902050914054011
2775,NVB,453460.648681984,5678975.65895563,0.0,0.0,0.0,0.0,1.7894107103347778,,1.0018092393875122,0.0,0.0,,0.0275162387245552,0.2631742052831652
2776,NVB,453461.479565587,5678977.12321048,0.0,0.0,0.0,0.0,2.841331243515014,,1.0142332315444946,0.0,0.0,,-0.1763778487695068,-0.0257225424083444
2777,NVB,453462.215988583,5678978.46150323,0.0,0.0,0.0,0.0,4.835341453552246,,1.0067179203033447,0.0,0.0,,-0.2477520705760756,0.4895877323501357
2778,NVB,453462.831028962,5678979.83570072,0.0,0.0,0.0,0.0,2.6364076137542725,,1.0109421014785769,0.0,0.0,,-0.2772727774527049,0.2081493856633226
2779,NVB,453463.428537049,5678981.24752659,0.0,0.0,0.0,0.0,3.39202880859375,,1.0050829648971558,0.0,0.0,,0.1913953633637997,0.6588196016447009
2780,NVB,453464.034516439,5678982.69047596,0.0,0.0,0.0,0.0,2.0617692470550537,,1.0036364793777466,0.0,0.0,,-0.0475975829699189,-0.0241541895134416
2781,NVB,453464.658054803,5678984.09135792,0.0,0.0,0.0,0.0,6.2962965965271,,1.017649531364441,0.0,0.0,,-0.2831514096552567,0.4594338736265422
2782,NVB,453465.333843292,5678985.43817009,0.0,0.0,0.0,0.0,1.663230061531067,,1.002740740776062,0.0,0.0,,-0.3568227532139865,0.2960902991109392
2783,NVB,453465.940623573,5678986.74573247,0.0,0.0,0.0,0.0,2.8279592990875244,,1.002840280532837,0.0,0.0,,-0.306883743907102,0.8693807879379678
2784,NVB,453466.676444829,5678988.18611974,0.0,0.0,0.0,0.0,1.7320547103881836,,1.001393437385559,0.0,0.0,,0.194650654034561,0.226723630301228
2785,NVB,453467.317726511,5678989.51386173,0.0,0.0,0.0,0.0,4.083617210388184,,1.027405858039856,0.0,0.0,,-0.4269917300802428,0.0265948936691275
2786,NVB,453457.745846819,5679017.22808634,0.0,0.0,0.0,0.0,2.008275032043457,,1.0160199403762815,0.0,0.0,,-0.0893545542008509,0.339105944264887
2787,NVB,453457.201376069,5679017.09280544,0.0,0.0,0.0,0.0,3.77088475227356,,1.005428671836853,0.0,0.0,,-0.3360764876536247,0.2322539678634014
2788,NVB,453456.761189169,5679016.88600614,0.0,0.0,0.0,0.0,4.128398418426514,,1.0228018760681152,0.0,0.0,,-0.3310423298064567,-0.2762513425411618
2789,NVB,453456.3905817,5679016.62191028,0.0,0.0,0.0,0.0,6.182129859924316,,1.0221441984176636,0.0,0.0,,-0.4176455420397499,0.2284054782842315
2790,NVB,453456.054921412,5679016.30253266,0.0,0.0,0.0,0.0,4.002315044403076,,1.0065451860427856,0.0,0.0,,-0.3398720294467175,0.2413774958059408
2791,NVB,453455.788873363,5679015.92030986,0.0,0.0,0.0,0.0,3.1219701766967773,,1.0083835124969482,0.0,0.0,,-0.5600703542157667,0.0102576126978783
2792,NVB,453455.52314024,5679015.4848201,0.0,0.0,0.0,0.0,1.936068654060364,,1.0042529106140137,0.0,0.0,,-0.0123172991224637,0.6809552305467813
2793,NVB,453455.231377197,5679015.06027412,0.0,0.0,0.0,0.0,2.083918571472168,,1.0077662467956543,0.0,0.0,,-0.2155318584573521,0.122766478688675
2794,NVB,453455.01762531,5679014.61621351,0.0,0.0,0.0,0.0,2.822434902191162,,1.0185924768447876,0.0,0.0,,-0.2318924359499269,0.0283586326401689
2795,NVB,453454.942756701,5679014.10416843,0.0,0.0,0.0,0.0,3.58247709274292,,1.005783200263977,0.0,0.0,,-0.4360973314450858,0.5515339804338395
2796,NVB,453455.110838648,5679013.48924156,0.0,0.0,0.0,0.0,1.907591700553894,,1.0071393251419067,0.0,0.0,,-0.0094231889298469,0.5018892135028822
2797,NVB,453455.261027121,5679012.97297814,0.0,0.0,0.0,0.0,4.813594818115234,,1.0088560581207275,0.0,0.0,,-0.1289994263894288,-0.0925243441426327
2798,NVB,453455.393689519,5679012.49323341,0.0,0.0,0.0,0.0,6.259130954742432,,1.0247135162353516,0.0,0.0,,0.1235893179132176,0.2967525969110887
2799,NVB,453455.638752497,5679012.0330192,0.0,0.0,0.0,0.0,5.547422885894775,,1.0183600187301636,0.0,0.0,,0.2567032247004312,0.8983383726462653
2800,NVB,453455.952548522,5679011.65866336,0.0,0.0,0.0,0.0,4.521705627441406,,1.01810884475708,0.0,0.0,,0.0831091705286759,0.9274634612484728
2801,NVB,453456.30052408,5679011.35886395,0.0,0.0,0.0,0.0,3.915205478668213,,1.0128459930419922,0.0,0.0,,-0.1607434017256654,0.2729282569648469
2802,NVB,453456.881922755,5679011.10372533,0.0,0.0,0.0,0.0,9.441610336303713,,1.0348889827728271,0.0,0.0,,-0.1922158809582362,0.5283450964878207
2803,NVB,453457.653398488,5679010.90519866,0.0,0.0,0.0,0.0,0.8173100352287292,,1.0143275260925293,0.0,0.0,,-0.0159670107662892,-0.0627024104075086
2804,NVB,453458.511441631,5679010.70385435,0.0,0.0,0.0,0.0,5.030670642852783,,1.0083062648773191,0.0,0.0,,-0.0005294896363272,0.2731761780625414
2805,NVB,453459.438814788,5679010.48738305,0.0,0.0,0.0,0.0,7.057368755340576,,1.0531764030456543,0.0,0.0,,-0.4820825519125613,0.2153781241291932
2806,NVB,453460.279935314,5679010.22046228,0.0,0.0,0.0,0.0,2.6131014823913574,,1.018543720245361,0.0,0.0,,0.1329643312435186,0.2248951186412816
2807,NVB,453460.957087331,5679009.87266897,0.0,0.0,0.0,0.0,2.4629523754119877,,1.0060904026031494,0.0,0.0,,-0.1559806836524736,-0.4378291479326748
2808,NVB,453461.582605818,5679009.4746309,0.0,0.0,0.0,0.0,5.036048889160156,,1.005660057067871,0.0,0.0,,-0.3400328596830905,0.7993365212544495
2809,NVB,453462.182441976,5679009.028721,0.0,0.0,0.0,0.0,1.434712290763855,,1.0038210153579712,0.0,0.0,,-0.3987301780614596,-0.0468531213862872
2810,NVB,453462.739227214,5679008.54482452,0.0,0.0,0.0,0.0,3.8536107540130615,,1.014490008354187,0.0,0.0,,-0.3973996767444555,0.4473804114711317
2811,NVB,453463.383393172,5679007.92050411,0.0,0.0,0.0,0.0,2.6002798080444336,,1.0109901428222656,0.0,0.0,,-0.0913280069328154,-0.0499373807692379
2812,NVB,453463.888675973,5679007.36416829,0.0,0.0,0.0,0.0,4.28936767578125,,1.0117433071136477,0.0,0.0,,-0.2877475687290763,0.3516446047104599
2813,NVB,453464.40328252,5679006.69469134,0.0,0.0,0.0,0.0,0.8873809576034546,,1.0019097328186035,0.0,0.0,,-0.3351291416705695,0.5213921746447142
2814,NVB,453464.81432688,5679005.97466272,0.0,0.0,0.0,0.0,0.7829878926277161,,1.001123070716858,0.0,0.0,,-0.2031648259019991,0.4811175950541896
2815,NVB,453465.095674223,5679005.23278194,0.0,0.0,0.0,0.0,0.7870017290115356,,1.001986026763916,0.0,0.0,,0.3936313279781507,0.2758977236308993
2816,NVB,453465.273695559,5679004.40039932,0.0,0.0,0.0,0.0,3.356365203857422,,1.007779240608215,0.0,0.0,,-0.1929118348115805,0.4264279134797404
2817,NVB,453465.433849797,5679003.66224127,0.0,0.0,0.0,0.0,0.2719503939151764,,1.0047897100448608,0.0,0.0,,-0.2723269142531568,0.4852668386010579
2818,NVB,453465.793391636,5679002.86977336,0.0,0.0,0.0,0.0,3.89616322517395,,1.0239354372024536,0.0,0.0,,0.2799009464783148,-0.0022446739456204
2819,NVB,453466.34368592,5679002.01961524,0.0,0.0,0.0,0.0,4.704718112945557,,1.019550085067749,0.0,0.0,,-0.1732609249890236,0.3430928130835166
2820,NVB,453466.729441137,5679001.18513109,0.0,0.0,0.0,0.0,1.567969560623169,,1.0055639743804932,0.0,0.0,,-0.3617098803528657,0.2845660527115
2821,NVB,453466.959377697,5679000.3552748,0.0,0.0,0.0,0.0,8.9353609085083,,1.0176434516906738,0.0,0.0,,-0.102113670576858,0.5444479787400164
2822,NVB,453467.076821941,5678999.52142434,0.0,0.0,0.0,0.0,2.001500129699707,,1.0144106149673462,0.0,0.0,,0.0353614755966568,0.6262954569292839
2823,NVB,453467.133728726,5678998.67944771,0.0,0.0,0.0,0.0,6.391139030456543,,1.0369043350219729,0.0,0.0,,0.3249882021614175,-0.1877208592887429
2824,NVB,453467.217058913,5678997.75994358,0.0,0.0,0.0,0.0,4.853913307189941,,1.0058001279830933,0.0,0.0,,0.2729469952650039,-0.1504753401603341
2825,NVB,453467.438491418,5678996.90451238,0.0,0.0,0.0,0.0,3.4882819652557373,,1.0056486129760742,0.0,0.0,,-0.3954477665855919,0.3746518233539733
2826,NVB,453467.737370728,5678996.12500305,0.0,0.0,0.0,0.0,2.886571168899536,,1.0462937355041504,0.0,0.0,,-0.2029263475823814,-0.2914234581155956
2827,NVB,453468.079773013,5678995.30357981,0.0,0.0,0.0,0.0,8.148758888244629,,1.05500590801239,0.0,0.0,,-0.3580479995598031,-0.2579924342494067
2828,NVB,453468.39616504,5678994.48977118,0.0,0.0,0.0,0.0,6.74815845489502,,1.0188933610916138,0.0,0.0,,-0.0350308836884091,0.3216081043105932
2829,NVB,453468.686710784,5678993.65583399,0.0,0.0,0.0,0.0,4.36897611618042,,1.013824462890625,0.0,0.0,,-0.4913748987168804,-0.0683402974120382
2830,NVB,453469.003745432,5678992.733272,0.0,0.0,0.0,0.0,1.3395873308181765,,1.0039914846420288,0.0,0.0,,-0.5474615607831115,0.0957006917594931
2831,NVB,453469.398030074,5678991.9199237,0.0,0.0,0.0,0.0,5.266790866851807,,1.0099499225616455,0.0,0.0,,-0.6894009446415658,0.2248420422203044
2832,NVB,453469.887792403,5678991.06052944,0.0,0.0,0.0,0.0,1.4969574213027954,,1.031011700630188,0.0,0.0,,-0.0447014424244825,-0.0740345421583303
2833,NVB,453470.360507461,5678990.15664374,0.0,0.0,0.0,0.0,3.5791757106781006,,1.0085315704345703,0.0,0.0,,-0.3976764182194106,-0.3229161000770484
2834,NVB,453470.625134492,5678989.31478493,0.0,0.0,0.0,0.0,3.0376241207122803,,1.002844214439392,0.0,0.0,,-0.1453328174958731,0.1436875617916352
2835,NVB,453470.768483439,5678988.4910754,0.0,0.0,0.0,0.0,2.086031675338745,,1.0123920440673828,0.0,0.0,,0.2875775679167396,-0.7255741174482034
2836,NVB,453470.85127533,5678987.66256892,0.0,0.0,0.0,0.0,0.4264127910137176,,1.0010977983474731,0.0,0.0,,-0.2991075190279115,-0.0904574208018124
2837,NVB,453470.882073116,5678986.84485282,0.0,0.0,0.0,0.0,5.87662410736084,,1.008499026298523,0.0,0.0,,-0.4202523071040926,0.5218891161359578
2838,NVB,453470.973880441,5678985.95536245,0.0,0.0,0.0,0.0,5.403651237487793,,1.0223321914672852,0.0,0.0,,0.2941050853998786,0.567404952367128
2839,NVB,453471.134591262,5678985.12287738,0.0,0.0,0.0,0.0,2.057874917984009,,1.0057344436645508,0.0,0.0,,-0.0841891017544414,0.5387365962133659
2840,NVB,453471.46798384,5678984.36132814,0.0,0.0,0.0,0.0,1.9421844482421875,,1.0114880800247192,0.0,0.0,,-0.253662897179045,0.5338079493272979
2841,NVB,453471.939878546,5678983.59615835,0.0,0.0,0.0,0.0,1.5100994110107422,,1.006120204925537,0.0,0.0,,0.3224932187632343,0.0312574665168333
2842,NVB,453472.437724284,5678982.83336141,0.0,0.0,0.0,0.0,4.849314212799072,,1.0202302932739258,0.0,0.0,,0.035993471028486,0.1547979770044407
2843,NVB,453472.675980021,5678982.06015223,0.0,0.0,0.0,0.0,2.528183937072754,,1.0046539306640625,0.0,0.0,,-0.239785328151087,0.3157097185946907
2844,NVB,453472.715012631,5678981.31350985,0.0,0.0,0.0,0.0,1.4569071531295776,,1.0134713649749756,0.0,0.0,,0.0885804686045122,0.0377978165429646
2845,NVB,453472.823650444,5678980.50513189,0.0,0.0,0.0,0.0,3.686723470687866,,1.044533133506775,0.0,0.0,,-0.0424246400187557,0.4358522917748217
2846,NVB,453472.984059297,5678979.72369428,0.0,0.0,0.0,0.0,5.181690692901611,,1.0432192087173462,0.0,0.0,,0.4052497195614326,0.5744712795861447
2847,NVB,453473.161672676,5678978.9601146,0.0,0.0,0.0,0.0,3.5457777976989746,,1.0074797868728638,0.0,0.0,,0.1947687906577209,0.3821199819876724
2848,NVB,453473.409245338,5678978.074874,0.0,0.0,0.0,0.0,3.783803701400757,,1.0178825855255127,0.0,0.0,,-0.5333018933425531,-0.107608420717897
2849,NVB,453473.656326094,5678977.272863,0.0,0.0,0.0,0.0,7.980463981628418,,1.0722253322601318,0.0,0.0,,-0.1866295212985889,0.1956927328412133
2850,NVB,453473.937304383,5678976.59312665,0.0,0.0,0.0,0.0,2.5395846366882324,,1.0057038068771362,0.0,0.0,,-0.5116250732469004,0.0042467901717709
2851,NVB,453474.331830382,5678975.73871815,0.0,0.0,0.0,0.0,3.832851648330689,,1.0068564414978027,0.0,0.0,,0.049068935671986,0.1034668120588223
2852,NVB,453474.578373228,5678975.02770481,0.0,0.0,0.0,0.0,4.930279731750488,,1.015621304512024,0.0,0.0,,0.1982381090783429,-0.2910752912812904
2853,NVB,453474.773413872,5678974.24425228,0.0,0.0,0.0,0.0,11.319433212280272,,1.0622787475585938,0.0,0.0,,-0.3673722984390826,0.5452956269407597
2854,NVB,453474.916958877,5678973.38725082,0.0,0.0,0.0,0.0,3.6760153770446777,,1.0249890089035034,0.0,0.0,,-0.0280793438383958,0.2990299977628523
2855,NVB,453475.016823594,5678972.59879678,0.0,0.0,0.0,0.0,7.84857702255249,,1.0269533395767212,0.0,0.0,,-0.0899355710773693,-0.2621157001140166
2856,NVB,453475.125329912,5678971.81261334,0.0,0.0,0.0,0.0,3.882148265838623,,1.0087988376617432,0.0,0.0,,-0.7242146115477662,-0.0004662549381851
2857,NVB,453475.424351825,5678971.00868968,0.0,0.0,0.0,0.0,2.67773962020874,,1.0381933450698853,0.0,0.0,,-0.0466248094628039,0.6255303302424452
2858,NVB,453475.8618494,5678970.20558432,0.0,0.0,0.0,0.0,1.5679641962051392,,1.010281324386597,0.0,0.0,,-0.3967758520702014,0.5121408678270218
2859,NVB,453476.351268721,5678969.40389551,0.0,0.0,0.0,0.0,2.209247589111328,,1.003838062286377,0.0,0.0,,0.1979341250623576,0.0757142503164768
2860,NVB,453476.814664733,5678968.61204079,0.0,0.0,0.0,0.0,1.946087121963501,,1.0007359981536863,0.0,0.0,,0.2940604338037465,-0.3740565386074077
2861,NVB,453477.000761745,5678967.87736509,0.0,0.0,0.0,0.0,0.8741916418075562,,1.014557957649231,0.0,0.0,,-0.0897159126619524,0.0595159771020579
2862,NVB,453477.07432757,5678967.14535372,0.0,0.0,0.0,0.0,2.464518547058105,,1.0172171592712402,0.0,0.0,,0.0555789557689107,0.3200362320005213
2863,NVB,453477.147834366,5678966.4233299,0.0,0.0,0.0,0.0,3.1481082439422607,,1.0111523866653442,0.0,0.0,,-0.1331199185241639,0.1770065957333012
2864,NVB,453477.265336116,5678965.57949171,0.0,0.0,0.0,0.0,0.7552803158760071,,1.0014398097991943,0.0,0.0,,0.1626979228155298,0.1234738384772723
2865,NVB,453477.39102043,5678964.81560507,0.0,0.0,0.0,0.0,5.798352718353272,,1.0130677223205566,0.0,0.0,,-0.3944074677710579,-0.4391276802226718
2866,NVB,453477.629393203,5678964.02242062,0.0,0.0,0.0,0.0,3.567970037460327,,1.0119953155517578,0.0,0.0,,-0.3030553804112572,0.2228497389600992
2867,NVB,453477.919517232,5678963.25950566,0.0,0.0,0.0,0.0,1.4522123336791992,,1.0065056085586548,0.0,0.0,,-0.1243435816515837,0.7185030674210874
2868,NVB,453478.304771039,5678962.50936025,0.0,0.0,0.0,0.0,3.5165257453918457,,1.018107533454895,0.0,0.0,,0.1869640896935152,-0.4755193827576129
2869,NVB,453478.733370522,5678961.74726351,0.0,0.0,0.0,0.0,4.737130165100098,,1.01856529712677,0.0,0.0,,-0.1601654419965059,0.34024003038411
2870,NVB,453479.040849707,5678960.9766827,0.0,0.0,0.0,0.0,2.864234447479248,,1.002474069595337,0.0,0.0,,0.09908771694738,0.3792026136206542
2871,NVB,453479.28797529,5678960.16690341,0.0,0.0,0.0,0.0,2.418540954589844,,1.005474090576172,0.0,0.0,,-0.2968332080301337,0.4417626064037432
2872,NVB,453479.509339934,5678959.32256912,0.0,0.0,0.0,0.0,2.6443536281585693,,1.0029867887496948,0.0,0.0,,0.1822220049959018,-0.2212790200196892
2873,NVB,453479.721859655,5678958.51036581,0.0,0.0,0.0,0.0,8.843279838562012,,1.0143107175827026,0.0,0.0,,0.2589298528007926,0.7178964538596873
2874,NVB,453479.934254747,5678957.71924732,0.0,0.0,0.0,0.0,0.8404214382171631,,1.002204418182373,0.0,0.0,,0.3826295262102177,0.0823072712411843
2875,NVB,453480.172528708,5678956.9427087,0.0,0.0,0.0,0.0,0.3234790861606598,,1.0075069665908811,0.0,0.0,,0.0798044423973503,-0.678232681738062
2876,NVB,453480.410809181,5678956.16506035,0.0,0.0,0.0,0.0,3.87616777420044,,1.006675362586975,0.0,0.0,,-0.3771668321091213,-0.1712200193625688
2877,NVB,453480.623243488,5678955.36728347,0.0,0.0,0.0,0.0,2.7869153022766118,,1.028412938117981,0.0,0.0,,-0.4345359641523922,-0.2000962043989584
2878,NVB,453480.809307071,5678954.63815631,0.0,0.0,0.0,0.0,7.368436813354492,,1.020391583442688,0.0,0.0,,-0.4536290035916678,0.2822825688905206
2879,NVB,453480.987069985,5678953.84905269,0.0,0.0,0.0,0.0,3.57973313331604,,1.0249274969100952,0.0,0.0,,-0.3805642182150663,0.0531219033174655
2880,NVB,453481.147490654,5678953.06539543,0.0,0.0,0.0,0.0,2.822019577026367,,1.043306827545166,0.0,0.0,,0.1707762754701182,-0.008354982235027
2881,NVB,453481.290549409,5678952.29051372,0.0,0.0,0.0,0.0,0.943581759929657,,1.0188297033309937,0.0,0.0,,-0.2054003400572649,-0.0318708739330753
2882,NVB,453481.494171451,5678951.51931915,0.0,0.0,0.0,0.0,2.897613525390625,,1.0183459520339966,0.0,0.0,,0.1604130278293768,-0.0891540881600739
2883,NVB,453481.741007997,5678950.75836781,0.0,0.0,0.0,0.0,10.291921615600586,,1.0240991115570068,0.0,0.0,,0.0092122237292725,0.1183397161543471
2884,NVB,453482.26516241,5678949.93690807,0.0,0.0,0.0,0.0,1.0800434350967407,,1.0113532543182373,0.0,0.0,,-0.1861481845720678,-0.742275642915719
2885,NVB,453482.788897081,5678949.18647089,0.0,0.0,0.0,0.0,1.1235733032226562,,1.0071803331375122,0.0,0.0,,-0.045248669306844,0.0939291250434641
2886,NVB,453483.069965417,5678948.49119801,0.0,0.0,0.0,0.0,3.927765130996704,,1.031627535820007,0.0,0.0,,-0.2233831768020527,0.3767153971478498
2887,NVB,453483.290890055,5678947.72121539,0.0,0.0,0.0,0.0,5.846155643463135,,1.037085771560669,0.0,0.0,,-0.1709225869961509,-0.1548892305905944
2888,NVB,453483.503179611,5678946.94785245,0.0,0.0,0.0,0.0,4.899265766143799,,1.0218162536621094,0.0,0.0,,-0.0204577664678912,-0.2851968948975166
2889,NVB,453483.637563659,5678946.17624874,0.0,0.0,0.0,0.0,3.161293029785156,,1.0196903944015503,0.0,0.0,,-0.1267211715527977,0.3262942465852872
2890,NVB,453483.728621704,5678945.41326717,0.0,0.0,0.0,0.0,6.663077831268311,,1.01516592502594,0.0,0.0,,-0.4883361698132494,0.3778648067454761
2891,NVB,453483.880459362,5678944.61735171,0.0,0.0,0.0,0.0,1.2525291442871094,,1.0047941207885742,0.0,0.0,,-0.1999107683823024,0.2140395840733187
2892,NVB,453484.057900486,5678943.88262469,0.0,0.0,0.0,0.0,2.097756147384644,,1.0039106607437134,0.0,0.0,,0.0868020519621536,0.2173953972331926
2893,NVB,453484.252447733,5678943.18240151,0.0,0.0,0.0,0.0,3.047495126724243,,1.002773404121399,0.0,0.0,,0.059880805709812,-0.6328046419437722
2894,NVB,453484.508331862,5678942.35491753,0.0,0.0,0.0,0.0,2.5679914951324463,,1.0027031898498535,0.0,0.0,,-0.2330645032557774,-0.309502536773325
2895,NVB,453484.746388574,5678941.61499979,0.0,0.0,0.0,0.0,2.323113918304444,,1.0079861879348757,0.0,0.0,,0.2510933721170609,-0.7763755456154438
2896,NVB,453485.001551388,5678940.90958588,0.0,0.0,0.0,0.0,3.0213396549224854,,1.0022236108779907,0.0,0.0,,0.162494574153813,-0.255032484585694
2897,NVB,453485.248000454,5678940.21410838,0.0,0.0,0.0,0.0,4.5717878341674805,,1.0141749382019043,0.0,0.0,,0.2070364734065476,0.3395992981919839
2898,NVB,453485.546692376,5678939.46567073,0.0,0.0,0.0,0.0,8.366458892822266,,1.029840111732483,0.0,0.0,,-0.0624908187810602,0.5939364512540569
2899,NVB,453485.827904377,5678938.74598373,0.0,0.0,0.0,0.0,2.8256640434265137,,1.009937047958374,0.0,0.0,,-0.3908385743920268,0.3287955703538761
2900,NVB,453486.100192827,5678938.07174444,0.0,0.0,0.0,0.0,2.396400213241577,,1.008275866508484,0.0,0.0,,-0.0459994643181289,-0.489849761984104
2901,NVB,453486.42442252,5678937.39559247,0.0,0.0,0.0,0.0,3.342646598815918,,1.0118162631988523,0.0,0.0,,-0.241793909426763,0.3462467562927942
2902,NVB,453486.896050788,5678936.67481088,0.0,0.0,0.0,0.0,5.877507209777832,,1.006728172302246,0.0,0.0,,0.311127488167806,-0.5900605287814576
2903,NVB,453487.358571902,5678936.03054937,0.0,0.0,0.0,0.0,3.765883207321167,,1.0031852722167969,0.0,0.0,,0.2061182773355845,-0.8817820741551615
2904,NVB,453487.803704878,5678935.39950231,0.0,0.0,0.0,0.0,8.163732528686523,,1.0115844011306765,0.0,0.0,,-0.3917282451521833,0.5515863461328783
2905,NVB,453488.153721384,5678934.75346632,0.0,0.0,0.0,0.0,5.065018653869629,,1.0066680908203125,0.0,0.0,,-0.3617710029133749,-0.1598139887299625
2906,NVB,453488.486277662,5678934.13285181,0.0,0.0,0.0,0.0,6.213889122009277,,1.0383561849594116,0.0,0.0,,-0.3255105779705984,-0.0104011397333813
2907,NVB,453488.853406764,5678933.52020989,0.0,0.0,0.0,0.0,1.543522834777832,,1.0175429582595823,0.0,0.0,,0.4482310613996415,0.4169295496802982
2908,NVB,453489.22069315,5678932.88093448,0.0,0.0,0.0,0.0,2.9103541374206543,,1.0177888870239258,0.0,0.0,,-0.3449650197966947,0.35540811462473
2909,NVB,453489.613995997,5678932.23293462,0.0,0.0,0.0,0.0,3.732956886291504,,1.0330768823623655,0.0,0.0,,-0.0920016281183267,-0.2895490168129904
2910,NVB,453490.015973138,5678931.58165668,0.0,0.0,0.0,0.0,1.111282467842102,,1.0062744617462158,0.0,0.0,,0.0047418241583071,-0.8030513788298631
2911,NVB,453490.461446553,5678930.89290361,0.0,0.0,0.0,0.0,5.355549812316895,,1.0607929229736328,0.0,0.0,,-0.2128606020278169,0.4816939921648961
2912,NVB,453490.941525536,5678930.20657447,0.0,0.0,0.0,0.0,4.026981353759766,,1.0187681913375854,0.0,0.0,,0.1299229409366102,-0.245088840189929
2913,NVB,453491.404131167,5678929.54788626,0.0,0.0,0.0,0.0,3.2683162689208984,,1.0118268728256226,0.0,0.0,,-0.181240490032031,-0.359887235131991
2914,NVB,453491.831600087,5678928.97666203,0.0,0.0,0.0,0.0,0.7741935849189758,,1.0122182369232178,0.0,0.0,,-0.1597193517708632,0.0145518233329597
2915,NVB,453492.276345541,5678928.41108867,0.0,0.0,0.0,0.0,6.836535453796387,,1.027039647102356,0.0,0.0,,-0.121915377343929,0.3134596426305214
2916,NVB,453492.834119724,5678927.7585114,0.0,0.0,0.0,0.0,4.61367654800415,,1.0225046873092651,0.0,0.0,,-0.1996675626201978,-0.4210647208524531
2917,NVB,453493.365510218,5678927.17680331,0.0,0.0,0.0,0.0,3.24162220954895,,1.0104700326919556,0.0,0.0,,0.013731315132862,0.873941060416802
2918,NVB,453493.835970413,5678926.6535529,0.0,0.0,0.0,0.0,1.6810855865478516,,1.0037745237350464,0.0,0.0,,0.1397438800510596,0.1758795572513846
2919,NVB,453494.350136609,5678926.05731603,0.0,0.0,0.0,0.0,3.323744058609009,,1.0051935911178589,0.0,0.0,,-0.0066161932541458,-0.6441348366045904
2920,NVB,453494.855595604,5678925.46990583,0.0,0.0,0.0,0.0,3.441998243331909,,1.0093402862548828,0.0,0.0,,-0.3717795691196559,0.7841411289120849
2921,NVB,453495.395673254,5678924.88270009,0.0,0.0,0.0,0.0,4.239232063293457,,1.0056298971176147,0.0,0.0,,0.0813379467976758,-0.4388488599597122
2922,NVB,453495.996681013,5678924.23703657,0.0,0.0,0.0,0.0,4.436715126037598,,1.0116307735443115,0.0,0.0,,0.0263738479006221,0.7940545108543393
2923,NVB,453496.493301552,5678923.68064753,0.0,0.0,0.0,0.0,3.913892984390259,,1.0047531127929688,0.0,0.0,,-0.2361680367692139,-0.3320040238162853
2924,NVB,453496.981457426,5678923.09202522,0.0,0.0,0.0,0.0,4.170961856842041,,1.004041314125061,0.0,0.0,,-0.1335304503674837,-0.3232828996551462
2925,NVB,453497.478405562,5678922.48014971,0.0,0.0,0.0,0.0,5.098913192749023,,1.0098696947097778,0.0,0.0,,0.0375977342910467,0.3580014653287973
2926,NVB,453497.983903425,5678921.88608094,0.0,0.0,0.0,0.0,4.075627326965332,,1.0034843683242798,0.0,0.0,,-0.0814834967804748,-0.9823609333212868
2927,NVB,453498.454782501,5678921.29180767,0.0,0.0,0.0,0.0,0.6547379493713379,,1.0016028881072998,0.0,0.0,,0.2979434627257209,-0.0001819902288455
2928,NVB,453498.830374835,5678920.71139852,0.0,0.0,0.0,0.0,7.932630062103271,,1.0135033130645752,0.0,0.0,,-0.0644739976169214,0.9274871707517162
2929,NVB,453499.223296134,5678920.12776241,0.0,0.0,0.0,0.0,7.5910210609436035,,1.0250394344329834,0.0,0.0,,-0.0649653757655862,-0.570818839479797
2930,NVB,453499.789848372,5678919.45415092,0.0,0.0,0.0,0.0,2.282633066177368,,1.0033539533615112,0.0,0.0,,-0.1020341222037791,-0.3410856582702529
2931,NVB,453500.330075999,5678918.8414211,0.0,0.0,0.0,0.0,5.081113338470459,,1.0154974460601809,0.0,0.0,,-0.2046222363875636,0.5771380363546137
2932,NVB,453500.818126423,5678918.2705542,0.0,0.0,0.0,0.0,7.894659519195557,,1.0131944417953491,0.0,0.0,,-0.178447619798605,-0.8522344955805227
2933,NVB,453501.34111008,5678917.64662479,0.0,0.0,0.0,0.0,3.1333394050598145,,1.0076932907104492,0.0,0.0,,-0.3112931598840482,0.3183579295471792
2934,NVB,453501.863779055,5678917.0759623,0.0,0.0,0.0,0.0,2.5874476432800293,,1.0094128847122192,0.0,0.0,,-0.2776258146574319,0.1918520155396121
2935,NVB,453502.386402076,5678916.51306786,0.0,0.0,0.0,0.0,1.327441930770874,,1.0051549673080444,0.0,0.0,,-0.2099312580107435,-0.2058544342929306
2936,NVB,453502.908985699,5678915.95683177,0.0,0.0,0.0,0.0,5.070018768310547,,1.0187934637069702,0.0,0.0,,-0.1389275152450343,0.1206190328024612
2937,NVB,453503.440708912,5678915.31852686,0.0,0.0,0.0,0.0,2.8703527450561523,,1.0042306184768677,0.0,0.0,,-0.5933372867589496,-0.1527414488727441
2938,NVB,453503.946245194,5678914.71779935,0.0,0.0,0.0,0.0,2.9211294651031494,,1.0188506841659546,0.0,0.0,,-0.1404558051921145,0.2755602279329928
2939,NVB,453504.477804397,5678914.10723758,0.0,0.0,0.0,0.0,6.617398262023926,,1.0134599208831787,0.0,0.0,,-0.3902251914429847,-0.400659083686363
2940,NVB,453504.991857562,5678913.52986539,0.0,0.0,0.0,0.0,2.630250930786133,,1.0204302072525024,0.0,0.0,,-0.1320287430677455,-0.2327887589514821
2941,NVB,453505.514473575,5678912.96808048,0.0,0.0,0.0,0.0,7.477311134338379,,1.0103093385696411,0.0,0.0,,-0.3955457844281431,0.7397862347595786
2942,NVB,453506.028526591,5678912.39070823,0.0,0.0,0.0,0.0,8.030522346496582,,1.0231571197509766,0.0,0.0,,-0.291559865989189,-0.4741852254437642
2943,NVB,453506.499332411,5678911.80864148,0.0,0.0,0.0,0.0,3.97289776802063,,1.0093460083007812,0.0,0.0,,-0.4876933876065411,0.2396366243135152
2944,NVB,453506.953143386,5678911.17320554,0.0,0.0,0.0,0.0,4.378575325012207,,1.0069282054901123,0.0,0.0,,-0.4505131193533145,0.5054888884945223
2945,NVB,453507.406672498,5678910.58548788,0.0,0.0,0.0,0.0,4.947545528411865,,1.0116150379180908,0.0,0.0,,0.0026798073247408,-0.3189821898091514
2946,NVB,453507.868541646,5678910.05108825,0.0,0.0,0.0,0.0,1.9333162307739256,,1.0112122297286987,0.0,0.0,,-0.0835071077892261,0.0088668066464854
2947,NVB,453508.339314423,5678909.47457003,0.0,0.0,0.0,0.0,0.8325676918029785,,1.0111653804779053,0.0,0.0,,0.1100304058666551,0.1784234764238329
2948,NVB,453508.801799447,5678908.8358559,0.0,0.0,0.0,0.0,0.4712097346782684,,1.0110021829605105,0.0,0.0,,0.0574985387870217,-0.1591581524239984
2949,NVB,453509.298896499,5678908.1984559,0.0,0.0,0.0,0.0,6.304239749908447,,1.0063073635101318,0.0,0.0,,-0.2150977946838458,0.9166308415867016
2950,NVB,453509.882186237,5678907.62149226,0.0,0.0,0.0,0.0,3.235836267471313,,1.0044111013412476,0.0,0.0,,-0.4036863517203775,0.2407252127046902
2951,NVB,453510.508926136,5678907.01482144,0.0,0.0,0.0,0.0,2.840867042541504,,1.0082077980041504,0.0,0.0,,0.1215431374359428,-0.0805381543248734
2952,NVB,453511.100870362,5678906.43790882,0.0,0.0,0.0,0.0,2.5580313205718994,,1.0072537660598757,0.0,0.0,,-0.1848159682188676,0.3113298532292535
2953,NVB,453511.580153187,5678905.88585553,0.0,0.0,0.0,0.0,1.5568125247955322,,1.0088766813278198,0.0,0.0,,-0.2745219307980253,-0.4163470387927593
2954,NVB,453512.085911043,5678905.24739673,0.0,0.0,0.0,0.0,3.909101247787476,,1.0112345218658447,0.0,0.0,,0.3532271300356465,0.2732732455500366
2955,NVB,453512.400853475,5678904.67772649,0.0,0.0,0.0,0.0,2.857576608657837,,1.0044175386428833,0.0,0.0,,-0.4349407407992642,-0.0084339778324341
2956,NVB,453512.680810276,5678904.1699966,0.0,0.0,0.0,0.0,4.038528919219971,,1.0206005573272705,0.0,0.0,,-0.5891420701652682,-0.3813144589611373
2957,NVB,453513.152145878,5678903.49804148,0.0,0.0,0.0,0.0,1.1843347549438477,,1.017003059387207,0.0,0.0,,0.0121000256198216,-0.2057246368910406
2958,NVB,453513.561994541,5678902.97887109,0.0,0.0,0.0,0.0,7.6637282371521,,1.010721206665039,0.0,0.0,,-0.1740395152281484,0.2724267336805723
2959,NVB,453514.032648538,5678902.42232764,0.0,0.0,0.0,0.0,9.424115180969238,,1.0185827016830444,0.0,0.0,,-0.1108669694035246,-0.9094824153973224
2960,NVB,453514.607505632,5678901.80758179,0.0,0.0,0.0,0.0,9.591866493225098,,1.0161372423171997,0.0,0.0,,-0.3331349418187571,0.4945414804461334
2961,NVB,453515.138774843,5678901.24584734,0.0,0.0,0.0,0.0,7.122925758361816,,1.019995093345642,0.0,0.0,,0.1713543525588957,-0.3764341119006455
2962,NVB,453515.704590525,5678900.69652427,0.0,0.0,0.0,0.0,6.560764312744141,,1.0334392786026,0.0,0.0,,-0.2056543769196942,0.3213645182212021
2963,NVB,453516.279054233,5678900.14836199,0.0,0.0,0.0,0.0,4.270832538604736,,1.0090395212173462,0.0,0.0,,-0.3276096091380878,0.4571810573398544
2964,NVB,453516.78432649,5678899.59202277,0.0,0.0,0.0,0.0,6.614060401916504,,1.0099650621414185,0.0,0.0,,-0.6886000047895261,-0.3664693902339281
2965,NVB,453517.289723164,5678899.01459869,0.0,0.0,0.0,0.0,8.344348907470703,,1.0432497262954712,0.0,0.0,,0.1369018054576362,-0.3297485127838919
2966,NVB,453517.786379936,5678898.45154994,0.0,0.0,0.0,0.0,4.988873481750488,,1.0050257444381714,0.0,0.0,,-0.1356872286993512,0.9610001615092276
2967,NVB,453518.300273869,5678897.90081037,0.0,0.0,0.0,0.0,5.711773872375488,,1.0105581283569336,0.0,0.0,,-0.2285724033920841,-0.3541345830301665
2968,NVB,453518.779804646,5678897.30658698,0.0,0.0,0.0,0.0,3.4172770977020264,,1.0093821287155151,0.0,0.0,,-0.0987261288986112,0.27677138746854
2969,NVB,453519.173162289,5678896.64859809,0.0,0.0,0.0,0.0,2.5697174072265625,,1.0048996210098269,0.0,0.0,,0.0432129564464935,0.3346450770827702
2970,NVB,453519.574814173,5678896.05169532,0.0,0.0,0.0,0.0,3.3212029933929443,,1.0034425258636477,0.0,0.0,,-0.4386153729763467,-0.4814993043022952
2971,NVB,453520.028072866,5678895.50947579,0.0,0.0,0.0,0.0,1.2346988916397097,,1.0051774978637695,0.0,0.0,,-0.415608150487385,-0.0876339959361373
2972,NVB,453520.533632831,5678894.90430829,0.0,0.0,0.0,0.0,5.305690288543701,,1.0096609592437744,0.0,0.0,,0.3590609508175821,0.2957639482587212
2973,NVB,453521.090950272,5678894.32830027,0.0,0.0,0.0,0.0,5.597357749938965,,1.0087387561798096,0.0,0.0,,-0.6426600761620865,-0.4011234129255827
2974,NVB,453521.700470683,5678893.70599018,0.0,0.0,0.0,0.0,2.236093759536743,,1.006723403930664,0.0,0.0,,-0.4041541687077147,-0.3184919840067883
2975,NVB,453522.240360737,5678893.14985499,0.0,0.0,0.0,0.0,3.3139162063598637,,1.0096884965896606,0.0,0.0,,-0.2175119039419682,-0.2925167451868111
2976,NVB,453522.736833353,5678892.61787833,0.0,0.0,0.0,0.0,4.162903785705566,,1.003745675086975,0.0,0.0,,-0.5022124029977663,0.8400619996057884
2977,NVB,453523.233436926,5678892.06370706,0.0,0.0,0.0,0.0,4.616277694702148,,1.0065609216690063,0.0,0.0,,-0.4708011115982871,-0.4186844339454532
2978,NVB,453523.712973529,5678891.46837364,0.0,0.0,0.0,0.0,5.744418621063232,,1.0088505744934082,0.0,0.0,,-0.6636216563482045,0.3200423018382172
2979,NVB,453524.157904586,5678890.87061637,0.0,0.0,0.0,0.0,2.141741991043091,,1.009832501411438,0.0,0.0,,-0.4140985130070927,-0.2028998709856687
2980,NVB,453524.559523046,5678890.27926199,0.0,0.0,0.0,0.0,2.313033103942871,,1.0035183429718018,0.0,0.0,,0.0359430260227004,-0.3945282670931164
2981,NVB,453524.943727345,5678889.70556106,0.0,0.0,0.0,0.0,1.7666521072387695,,1.0022977590560913,0.0,0.0,,0.2972297836637248,-0.4665794770031657
2982,NVB,453525.449515848,5678889.06155277,0.0,0.0,0.0,0.0,1.7112287282943726,,1.0015608072280884,0.0,0.0,,-0.1761616717203739,0.2973345316648834
2983,NVB,453526.058688313,5678888.49805794,0.0,0.0,0.0,0.0,1.0316373109817505,,1.0033749341964722,0.0,0.0,,0.0205321170357947,-0.2666129804397281
2984,NVB,453526.659245358,5678887.92785361,0.0,0.0,0.0,0.0,3.891907215118408,,1.0080219507217407,0.0,0.0,,-0.6650784196548917,0.3463120782507045
2985,NVB,453527.233812187,5678887.36193488,0.0,0.0,0.0,0.0,4.301677227020264,,1.0045082569122314,0.0,0.0,,-0.2192057848729884,0.1599724074851867
2986,NVB,453527.721865286,5678886.7899566,0.0,0.0,0.0,0.0,2.0165600776672363,,1.009047508239746,0.0,0.0,,0.0963195161542959,-0.0901859220370279
2987,NVB,453528.071450629,5678886.21605117,0.0,0.0,0.0,0.0,1.5846426486968994,,1.0045229196548462,0.0,0.0,,0.6610064346597575,-0.0940410533373838
2988,NVB,453528.46424361,5678885.65349844,0.0,0.0,0.0,0.0,2.756476640701294,,1.0069741010665894,0.0,0.0,,0.1613261808122829,0.5503534802045528
2989,NVB,453528.969540287,5678885.09271953,0.0,0.0,0.0,0.0,4.0437116622924805,,1.003679871559143,0.0,0.0,,0.6227026808753208,0.7161839142788367
2990,NVB,453529.544296707,5678884.49461852,0.0,0.0,0.0,0.0,7.428313732147217,,1.0101468563079834,0.0,0.0,,0.8042151736427746,0.5440963844454506
2991,NVB,453530.075609546,5678883.92511497,0.0,0.0,0.0,0.0,5.779468059539795,,1.007091045379639,0.0,0.0,,0.7019896397261943,0.6690282994254432
2992,NVB,453530.546202298,5678883.37855809,0.0,0.0,0.0,0.0,4.554020881652832,,1.011526107788086,0.0,0.0,,0.5982606183183878,0.6825963407493595
2993,NVB,453531.112762344,5678882.70272491,0.0,0.0,0.0,0.0,7.00548267364502,,1.0156195163726809,0.0,0.0,,0.7586343008774263,0.5595641275104462
2994,NVB,453531.609587411,5678882.11082236,0.0,0.0,0.0,0.0,4.799525737762451,,1.0151071548461914,0.0,0.0,,0.764045066265889,0.4546181612636976
2995,NVB,453532.080369903,5678881.53208327,0.0,0.0,0.0,0.0,4.776470184326172,,1.0102200508117676,0.0,0.0,,0.2730792727034393,0.5541226369957074
2996,NVB,453532.516658234,5678880.932055,0.0,0.0,0.0,0.0,1.8182412385940552,,1.0084916353225708,0.0,0.0,,0.1036780856916444,0.4968092983787108
2997,NVB,453532.996553711,5678880.27568596,0.0,0.0,0.0,0.0,4.200135231018066,,1.0060327053070068,0.0,0.0,,0.3311901658303424,0.9247326757813458
2998,NVB,453533.458871302,5678879.66471359,0.0,0.0,0.0,0.0,4.306872367858887,,1.006191372871399,0.0,0.0,,0.4742161952180603,0.7616783552132688
2999,NVB,453533.973096961,5678879.05737687,0.0,0.0,0.0,0.0,0.3514771163463592,,1.0189813375473022,0.0,0.0,,0.2285991547849546,0.0710349649989196
3000,NVB,453534.547865664,5678878.45705603,0.0,0.0,0.0,0.0,2.03922176361084,,1.0008600950241089,0.0,0.0,,-0.6170887678610341,0.2477457062531146
3001,NVB,453535.165868133,5678877.86364892,0.0,0.0,0.0,0.0,2.3985471725463867,,1.0031044483184814,0.0,0.0,,0.3000461763194178,0.8281278657980554
3002,NVB,453535.69733731,5678877.26751152,0.0,0.0,0.0,0.0,2.1689577102661133,,1.001746654510498,0.0,0.0,,0.2231236612705539,0.9194970208190404
3003,NVB,453536.176852436,5678876.67550653,0.0,0.0,0.0,0.0,3.667504787445069,,1.0041303634643557,0.0,0.0,,0.7570147712252933,0.5889201947106147
3004,NVB,453536.699961547,5678876.02938022,0.0,0.0,0.0,0.0,0.6870677471160889,,1.0012657642364502,0.0,0.0,,0.2885165611337401,0.8081283622993768
3005,NVB,453537.170808799,5678875.43954355,0.0,0.0,0.0,0.0,1.871316075325012,,1.0034537315368652,0.0,0.0,,0.6804936460508757,0.3411439166325896
3006,NVB,453537.58078542,5678874.89817735,0.0,0.0,0.0,0.0,1.9206995964050293,,1.0016487836837769,0.0,0.0,,0.2118071782814428,0.6164861901502076
3007,NVB,453538.034329831,5678874.30712875,0.0,0.0,0.0,0.0,2.895112991333008,,1.0028603076934814,0.0,0.0,,0.8935445225574835,0.3774842010452456
3008,NVB,453538.496555,5678873.71169228,0.0,0.0,0.0,0.0,4.631552219390869,,1.0058996677398682,0.0,0.0,,0.547429754512577,0.5318635052464266
3009,NVB,453539.002498557,5678873.04104964,0.0,0.0,0.0,0.0,2.1689577102661133,,1.0077894926071167,0.0,0.0,,0.6222343452422027,0.4432824678439451
3010,NVB,453539.438792449,5678872.43991125,0.0,0.0,0.0,0.0,5.396181106567383,,1.0211855173110962,0.0,0.0,,0.2863352296547246,0.4507806200401278
3011,NVB,453539.883577177,5678871.86656711,0.0,0.0,0.0,0.0,3.348297595977783,,1.0121909379959106,0.0,0.0,,0.2949318869840276,0.3258095688502684
3012,NVB,453540.406397523,5678871.2692686,0.0,0.0,0.0,0.0,3.7613635063171382,,1.005286693572998,0.0,0.0,,0.0269070627453718,0.7484745123530088
3013,NVB,453541.033256625,5678870.64151053,0.0,0.0,0.0,0.0,3.637686967849731,,1.0027170181274414,0.0,0.0,,0.2188756724990902,0.9732905457543596
3014,NVB,453541.547258462,5678870.07190406,0.0,0.0,0.0,0.0,2.335496187210083,,1.0026625394821167,0.0,0.0,,0.0936487656611987,0.9586911901048266
3015,NVB,453541.991938127,5678869.51631546,0.0,0.0,0.0,0.0,2.231005907058716,,1.001224398612976,0.0,0.0,,0.2820629407879485,0.8195674435000554
3016,NVB,453542.402117121,5678868.94054744,0.0,0.0,0.0,0.0,2.3123996257781982,,1.0049078464508057,0.0,0.0,,0.6005164894614929,0.6443014781342962
3017,NVB,453542.77770377,5678868.3601362,0.0,0.0,0.0,0.0,4.986602783203125,,1.0119073390960691,0.0,0.0,,-0.1135113676761189,0.7851258499706179
3018,NVB,453543.309269963,5678867.74735237,0.0,0.0,0.0,0.0,2.6977999210357666,,1.0021575689315796,0.0,0.0,,0.2517971831168807,0.331532087148757
3019,NVB,453543.918459157,5678867.18052698,0.0,0.0,0.0,0.0,3.2626516819000244,,1.008482575416565,0.0,0.0,,0.0278157143569704,-0.1449407827614896
3020,NVB,453544.518443596,5678866.70686765,0.0,0.0,0.0,0.0,1.0308668613433838,,1.004970908164978,0.0,0.0,,0.439283340483092,0.4334590235441471
3021,NVB,453545.144156079,5678866.27331168,0.0,0.0,0.0,0.0,1.9949560165405276,,1.0052313804626465,0.0,0.0,,0.3666045391309477,0.4108963549783813
3022,NVB,453545.795662093,5678865.86876181,0.0,0.0,0.0,0.0,0.9824421405792236,,1.0022201538085938,0.0,0.0,,0.7644194003906181,0.4205372434289316
3023,NVB,453546.412359682,5678865.49618973,0.0,0.0,0.0,0.0,3.630746841430664,,1.00310218334198,0.0,0.0,,0.696174630361874,0.6411264305696265
3024,NVB,453546.994268499,5678865.15226627,0.0,0.0,0.0,0.0,3.268944501876831,,1.009838342666626,0.0,0.0,,0.8722634699589809,0.4211132542396556
3025,NVB,453547.602317909,5678864.77853331,0.0,0.0,0.0,0.0,3.630708694458008,,1.0043981075286863,0.0,0.0,,0.580917272761244,0.782031440777757
3026,NVB,453548.210445829,5678864.39148355,0.0,0.0,0.0,0.0,5.807210922241211,,1.005810022354126,0.0,0.0,,0.756480513646084,0.5085857492826494
3027,NVB,453548.913951243,5678863.9750328,0.0,0.0,0.0,0.0,5.414743900299072,,1.0113637447357178,0.0,0.0,,0.2901214157960615,0.4950008743321087
3028,NVB,453549.617312537,5678863.58299601,0.0,0.0,0.0,0.0,4.167885780334473,,1.0053482055664062,0.0,0.0,,0.7626698231615311,0.393597311143388
3029,NVB,453550.320641023,5678863.19650779,0.0,0.0,0.0,0.0,2.172549247741699,,1.03169846534729,0.0,0.0,,0.3396205081235788,0.3834180320216906
3030,NVB,453551.00651617,5678862.83433141,0.0,0.0,0.0,0.0,5.106685638427734,,1.00441312789917,0.0,0.0,,0.5657021224777766,0.7737680569253264
3031,NVB,453551.674924891,5678862.49868632,0.0,0.0,0.0,0.0,4.392611026763916,,1.0047454833984375,0.0,0.0,,0.6571219020854632,0.7093026921206684
3032,NVB,453552.386390564,5678862.19991751,0.0,0.0,0.0,0.0,2.954892158508301,,1.0031980276107788,0.0,0.0,,0.420212421734002,0.7062665286316768
3033,NVB,453553.097581206,5678861.94775722,0.0,0.0,0.0,0.0,1.456914305686951,,1.0019235610961914,0.0,0.0,,0.6631432316231839,0.3402019083369531
3034,NVB,453553.782670479,5678861.71874798,0.0,0.0,0.0,0.0,1.3612127304077148,,1.0010080337524414,0.0,0.0,,0.8157524306385714,-0.1572999308140367
3035,NVB,453554.485101667,5678861.48429215,0.0,0.0,0.0,0.0,1.919966220855713,,1.0073022842407229,0.0,0.0,,-0.1645719226056747,-0.2474528336964526
3036,NVB,453555.265561805,5678861.22699149,0.0,0.0,0.0,0.0,0.7654370069503784,,1.0038732290267944,0.0,0.0,,0.226222704064756,0.2378887318918787
3037,NVB,453556.045871318,5678860.9952145,0.0,0.0,0.0,0.0,1.382844090461731,,1.0008130073547363,0.0,0.0,,0.1402507767496394,0.24323694215898
3038,NVB,453556.800164576,5678860.77216209,0.0,0.0,0.0,0.0,1.9818809032440183,,1.003706693649292,0.0,0.0,,-0.4337799689318316,0.8187420856141543
3039,NVB,453557.589279174,5678860.51491225,0.0,0.0,0.0,0.0,2.844818115234375,,1.0035916566848757,0.0,0.0,,0.7907456931019898,0.0814737886085977
3040,NVB,453558.33513376,5678860.25518761,0.0,0.0,0.0,0.0,0.889238178730011,,1.0016515254974363,0.0,0.0,,0.2022246283869979,0.0215295293590075
3041,NVB,453559.159056538,5678859.96595971,0.0,0.0,0.0,0.0,3.887672185897827,,1.0067096948623655,0.0,0.0,,-0.4294555937918383,0.7789891316775653
3042,NVB,453559.930861757,5678859.70860754,0.0,0.0,0.0,0.0,1.910005807876587,,1.0054283142089844,0.0,0.0,,0.0967810561911354,-0.0141919747688904
3043,NVB,453560.693946852,5678859.46230152,0.0,0.0,0.0,0.0,0.8836015462875366,,1.002368688583374,0.0,0.0,,-0.1952727079592033,-0.0722699564003417
3044,NVB,453561.422334913,5678859.22910796,0.0,0.0,0.0,0.0,1.6189260482788086,,1.0113015174865725,0.0,0.0,,-0.5124647784804818,-0.0182241407945468
3045,NVB,453562.124752549,5678858.99687091,0.0,0.0,0.0,0.0,3.5436079502105717,,1.0039864778518677,0.0,0.0,,-0.2413515661782275,-0.4700662801023735
3046,NVB,453562.861775494,5678858.76705745,0.0,0.0,0.0,0.0,0.8485249280929565,,1.007394552230835,0.0,0.0,,-0.2015110480830204,-0.0266913763313801
3047,NVB,453563.615976699,5678858.55954059,0.0,0.0,0.0,0.0,0.715978741645813,,1.003294587135315,0.0,0.0,,-0.4445343131703792,0.4718295054061118
3048,NVB,453564.335637977,5678858.33850272,0.0,0.0,0.0,0.0,2.39577865600586,,1.0034960508346558,0.0,0.0,,0.1687594129710337,-0.1019226472910989
3049,NVB,453565.124882982,5678858.05905757,0.0,0.0,0.0,0.0,0.5662315487861633,,1.0009957551956177,0.0,0.0,,0.240928953580557,-0.0506327062599181
3050,NVB,453565.836099009,5678857.80245722,0.0,0.0,0.0,0.0,1.7966196537017822,,1.003745198249817,0.0,0.0,,0.3511163183687729,0.6498207050416341
3051,NVB,453566.590581481,5678857.54722176,0.0,0.0,0.0,0.0,1.3032877445220947,,1.0047696828842163,0.0,0.0,,0.4228222157816489,0.3035885308469376
3052,NVB,453567.371034273,5678857.29102963,0.0,0.0,0.0,0.0,0.4507594108581543,,1.0016809701919556,0.0,0.0,,0.2802852670738998,0.6409085022031062
3053,NVB,453568.203453925,5678857.02848531,0.0,0.0,0.0,0.0,1.7536720037460327,,1.0013834238052368,0.0,0.0,,-0.4425039536537296,0.817795540415769
3054,NVB,453569.06176535,5678856.77830105,0.0,0.0,0.0,0.0,0.9940129518508912,,1.000981092453003,0.0,0.0,,0.1687497409267043,0.4533344403556222
3055,NVB,453569.824725515,5678856.55307898,0.0,0.0,0.0,0.0,1.1198235750198364,,1.0009589195251465,0.0,0.0,,0.4933894686162996,0.607391798485336
3056,NVB,453570.561715272,5678856.32881345,0.0,0.0,0.0,0.0,3.2039387226104736,,1.0040634870529177,0.0,0.0,,0.6791895969994938,0.581782583083908
3057,NVB,453571.281598654,5678856.07004419,0.0,0.0,0.0,0.0,2.2730414867401123,,1.0279927253723145,0.0,0.0,,0.2996722665421933,0.3781316485088715
3058,NVB,453571.914857396,5678855.82408122,0.0,0.0,0.0,0.0,2.705718278884888,,1.0046831369400024,0.0,0.0,,-0.0016435929069691,0.2422269441958433
3059,NVB,453572.504699098,5678855.60227703,0.0,0.0,0.0,0.0,2.299898386001587,,1.0041780471801758,0.0,0.0,,-0.1810999370203832,0.8104659016324735
3060,NVB,453573.224628155,5678855.33573949,0.0,0.0,0.0,0.0,1.223227620124817,,1.0110529661178589,0.0,0.0,,-0.2604744918726058,-0.2904505898287658
3061,NVB,453573.961912186,5678855.06153588,0.0,0.0,0.0,0.0,1.4031468629837036,,1.0043655633926392,0.0,0.0,,-0.2047642126620448,0.5033331375036996
3062,NVB,453574.881139179,5678854.7551121,0.0,0.0,0.0,0.0,1.309564471244812,,1.0041362047195437,0.0,0.0,,-0.2365775941177283,0.2861532658528042
3063,NVB,453575.730762809,5678854.51042471,0.0,0.0,0.0,0.0,2.99697494506836,,1.0028802156448364,0.0,0.0,,0.5493761909580964,-0.4989488747878363
3064,NVB,453576.493611313,5678854.30406738,0.0,0.0,0.0,0.0,3.072995662689209,,1.003551721572876,0.0,0.0,,0.4752389014749947,0.6802188952092544
3065,NVB,453577.273886767,5678854.07783693,0.0,0.0,0.0,0.0,1.308952569961548,,1.0055207014083862,0.0,0.0,,0.2026799451784001,0.0015687789207345
3066,NVB,453578.036970755,5678853.83152924,0.0,0.0,0.0,0.0,2.271662950515747,,1.0070586204528809,0.0,0.0,,0.0402763376001834,0.3249783963536624
3067,NVB,453578.765403563,5678853.59056598,0.0,0.0,0.0,0.0,6.652743339538574,,1.0320552587509155,0.0,0.0,,0.3770032879198978,0.2414764063020308
3068,NVB,453579.502425494,5678853.36075098,0.0,0.0,0.0,0.0,4.136416912078857,,1.01216459274292,0.0,0.0,,0.0794900527789879,-0.0773294660198495
3069,NVB,453580.248036551,5678853.14208421,0.0,0.0,0.0,0.0,2.1203691959381104,,1.0048538446426392,0.0,0.0,,0.4526352291387263,0.1616863083772267
3070,NVB,453580.985006053,5678852.92114689,0.0,0.0,0.0,0.0,6.046655178070068,,1.0144362449645996,0.0,0.0,,0.5490193777238078,0.3657760746321392
3071,NVB,453581.756907984,5678852.64714666,0.0,0.0,0.0,0.0,2.5381972789764404,,1.0032209157943726,0.0,0.0,,0.5127183911930253,0.7965818308447989
3072,NVB,453582.476810277,5678852.3850472,0.0,0.0,0.0,0.0,2.76373553276062,,1.0097055435180664,0.0,0.0,,-0.0735040081522842,0.4717836046307351
3073,NVB,453583.153190887,5678852.16486222,0.0,0.0,0.0,0.0,2.912704467773437,,1.0076179504394531,0.0,0.0,,0.1639930896230082,0.0570017980654349
3074,NVB,453583.847024601,5678851.92036521,0.0,0.0,0.0,0.0,0.988270938396454,,1.0022695064544678,0.0,0.0,,-0.1244309075153844,-0.5432627956291637
3075,NVB,453584.558213271,5678851.66820208,0.0,0.0,0.0,0.0,1.84260892868042,,1.0016283988952637,0.0,0.0,,-0.3997499430443194,-0.2669020991632241
3076,NVB,453585.364484737,5678851.43657528,0.0,0.0,0.0,0.0,2.0454888343811035,,1.001528263092041,0.0,0.0,,-0.7237450251729555,0.3480449412214234
3077,NVB,453586.170631851,5678851.22603322,0.0,0.0,0.0,0.0,1.871310234069824,,1.0019235610961914,0.0,0.0,,0.0388943778061519,0.5515565354354529
3078,NVB,453586.95107027,5678850.97205862,0.0,0.0,0.0,0.0,0.2815744578838348,,1.001958250999451,0.0,0.0,,0.5336151014965309,-0.1821843837358618
3079,NVB,453587.653630318,5678850.71540528,0.0,0.0,0.0,0.0,0.5886333584785461,,1.0056663751602173,0.0,0.0,,-0.2430710050389488,0.4171113299379571
3080,NVB,453588.373375224,5678850.47993876,0.0,0.0,0.0,0.0,3.1269466876983643,,1.0040018558502195,0.0,0.0,,-0.7395841184921137,0.5786338908319633
3081,NVB,453589.153610693,5678850.26036551,0.0,0.0,0.0,0.0,2.482019186019897,,1.0021814107894895,0.0,0.0,,-0.7809748908101466,0.4087807689658911
3082,NVB,453589.933885365,5678850.03413382,0.0,0.0,0.0,0.0,0.6113520860671997,,1.0033445358276367,0.0,0.0,,0.3686619530094264,-0.3484995766775841
3083,NVB,453590.670867375,5678849.81097614,0.0,0.0,0.0,0.0,1.2565126419067385,,1.0010645389556885,0.0,0.0,,0.5036372713652484,-0.450838996127948
3084,NVB,453591.399240534,5678849.57999928,0.0,0.0,0.0,0.0,1.976212859153748,,1.0013477802276611,0.0,0.0,,-0.3855459161918948,-0.1565152875281212
3085,NVB,453592.170997847,5678849.33041205,0.0,0.0,0.0,0.0,0.2792282104492187,,1.0026814937591553,0.0,0.0,,-0.0629263142430727,0.3261843791573816
3086,NVB,453592.91675207,5678849.08733007,0.0,0.0,0.0,0.0,1.9643914699554443,,1.0014581680297852,0.0,0.0,,0.8551023110473736,-0.1499943912234513
3087,NVB,453593.619285586,5678848.83511512,0.0,0.0,0.0,0.0,0.4003540575504303,,1.0023887157440186,0.0,0.0,,0.289939200828423,0.3045340811473746
3088,NVB,453594.32189755,5678848.56958337,0.0,0.0,0.0,0.0,3.858457326889038,,1.004510760307312,0.0,0.0,,0.2643551130594462,0.9081233892640898
3089,NVB,453595.197594874,5678848.30618155,0.0,0.0,0.0,0.0,2.694955587387085,,1.0097205638885498,0.0,0.0,,0.0671387728119992,0.7852134203039675
3090,NVB,453596.0211487,5678848.0790946,0.0,0.0,0.0,0.0,2.446082830429077,,1.002920389175415,0.0,0.0,,-0.944169555197548,0.2016872632074651
3091,NVB,453596.84471556,5678847.8497881,0.0,0.0,0.0,0.0,2.293476819992065,,1.0026609897613523,0.0,0.0,,-0.2456770269263054,0.0058276831198649
3092,NVB,453597.460532808,5678847.62591562,0.0,0.0,0.0,0.0,3.5954549312591557,,1.0063380002975464,0.0,0.0,,0.4846077289295641,0.5515631550330579
3093,NVB,453598.11985847,5678847.36234793,0.0,0.0,0.0,0.0,1.4631760120391846,,1.014144778251648,0.0,0.0,,0.3855314494857285,-0.2916371072910906
3094,NVB,453598.909192705,5678847.06736322,0.0,0.0,0.0,0.0,2.773132801055908,,1.011833906173706,0.0,0.0,,-0.1251074430710011,0.2540454567890588
3095,NVB,453599.654926873,5678846.82760979,0.0,0.0,0.0,0.0,0.4693950712680816,,1.006366491317749,0.0,0.0,,0.2102970390459002,0.5238650132595951
3096,NVB,453600.443796625,5678846.61141562,0.0,0.0,0.0,0.0,1.0949859619140625,,1.0068891048431396,0.0,0.0,,0.3649853978714716,-0.1109460058172708
3097,NVB,453601.258800164,5678846.36652146,0.0,0.0,0.0,0.0,3.1392078399658203,,1.0163599252700806,0.0,0.0,,0.8049333300454539,0.1796229647947287
3098,NVB,453602.022033049,5678846.0946877,0.0,0.0,0.0,0.0,1.201616644859314,,1.0087511539459229,0.0,0.0,,0.5185084655726139,-0.0361063947720895
3099,NVB,453602.759236693,5678845.83379813,0.0,0.0,0.0,0.0,3.2111549377441406,,1.0064449310302734,0.0,0.0,,0.0367052365990976,0.2794443103243497
3100,NVB,453603.487851097,5678845.56176021,0.0,0.0,0.0,0.0,0.3281594812870025,,1.0028244256973269,0.0,0.0,,0.0937102929458235,0.1971616077228466
3101,NVB,453604.181696654,5678845.31504196,0.0,0.0,0.0,0.0,4.308932781219482,,1.021845817565918,0.0,0.0,,0.1051261794388239,0.0288829049976088
3102,NVB,453604.884157521,5678845.07503302,0.0,0.0,0.0,0.0,4.299344539642334,,1.0070751905441284,0.0,0.0,,-0.3133194365655594,-0.3601838308292835
3103,NVB,453605.61247095,5678844.8540424,0.0,0.0,0.0,0.0,1.859214305877685,,1.0081167221069336,0.0,0.0,,-0.6877933775392351,0.3462719955054967
3104,NVB,453606.392711898,5678844.63335773,0.0,0.0,0.0,0.0,12.273036003112791,,1.08514142036438,0.0,0.0,,-0.0593647381057958,0.4876012026754083
3105,NVB,453607.181692408,5678844.3982975,0.0,0.0,0.0,0.0,4.569346904754639,,1.015053153038025,0.0,0.0,,-0.0410331564029785,0.1379925392551849
3106,NVB,453607.936008722,5678844.17080131,0.0,0.0,0.0,0.0,2.5601747035980225,,1.0055601596832275,0.0,0.0,,0.1306188179412825,0.1735991372434497
3107,NVB,453608.707496853,5678843.96671132,0.0,0.0,0.0,0.0,2.7814648151397705,,1.0142382383346558,0.0,0.0,,0.1382538950115495,-0.309710868420734
3108,NVB,453609.479004558,5678843.75929208,0.0,0.0,0.0,0.0,2.5279335975646973,,1.022851586341858,0.0,0.0,,-0.2442369708110091,0.7694195078570177
3109,NVB,453610.259330292,5678843.52418055,0.0,0.0,0.0,0.0,3.5453882217407227,,1.0043272972106934,0.0,0.0,,0.5409176877598806,-0.4185473564707638
3110,NVB,453611.01394722,5678843.24563656,0.0,0.0,0.0,0.0,13.143729209899902,,1.0718791484832764,0.0,0.0,,-0.3841044306418334,0.52488519425944
3111,NVB,453611.707929646,5678842.97561335,0.0,0.0,0.0,0.0,4.555258750915527,,1.0399653911590576,0.0,0.0,,0.0250500927733923,-0.2843829841614291
3112,NVB,453612.384465525,5678842.72879239,0.0,0.0,0.0,0.0,5.12955379486084,,1.0103347301483154,0.0,0.0,,-0.7289246995192128,0.5946897035387669
3113,NVB,453613.191075233,5678842.43945688,0.0,0.0,0.0,0.0,5.072179317474365,,1.021060824394226,0.0,0.0,,0.3528279164174566,-0.0650978422694799
3114,NVB,453613.919630099,5678842.17740555,0.0,0.0,0.0,0.0,3.844347476959229,,1.007128119468689,0.0,0.0,,-0.2708008570744688,-0.1760088529293655
3115,NVB,453614.656649896,5678841.94758727,0.0,0.0,0.0,0.0,0.6903998851776123,,1.0084342956542969,0.0,0.0,,-0.1600145672460122,0.3093779642565709
3116,NVB,453615.38495621,5678841.72770548,0.0,0.0,0.0,0.0,0.7636885046958923,,1.0747580528259275,0.0,0.0,,-0.0351839809961335,0.2525564415807992
3117,NVB,453616.22588984,5678841.48851139,0.0,0.0,0.0,0.0,4.687146186828613,,1.0211697816848757,0.0,0.0,,0.0064071315343673,0.0698220327371983
3118,NVB,453617.023445861,5678841.26681791,0.0,0.0,0.0,0.0,3.9509313106536874,,1.0147117376327517,0.0,0.0,,-0.1073231682957201,0.3861347340381746
3119,NVB,453617.699883351,5678841.03664242,0.0,0.0,0.0,0.0,0.2929087579250335,,1.0118961334228516,0.0,0.0,,-0.025727115064886,-0.01259076541313
3120,NVB,453618.497766176,5678840.75946239,0.0,0.0,0.0,0.0,4.96081018447876,,1.0106629133224487,0.0,0.0,,0.4922758369141175,0.5658279722680598
3121,NVB,453619.217607278,5678840.50734714,0.0,0.0,0.0,0.0,4.025006294250488,,1.022809624671936,0.0,0.0,,-0.0345802977849143,0.285341728212497
3122,NVB,453619.919936488,5678840.28953143,0.0,0.0,0.0,0.0,4.690243244171143,,1.0094518661499023,0.0,0.0,,0.4154069701953832,0.498713030874236
3123,NVB,453620.700307314,5678840.04665077,0.0,0.0,0.0,0.0,5.256458282470703,,1.016190767288208,0.0,0.0,,-0.3791589535015791,0.1271017799280824
3124,NVB,453621.47201043,5678839.80593851,0.0,0.0,0.0,0.0,3.6150870323181152,,1.0038080215454102,0.0,0.0,,0.637911588864097,0.2800581651242513
3125,NVB,453622.269657646,5678839.56870831,0.0,0.0,0.0,0.0,1.437962770462036,,1.0170176029205322,0.0,0.0,,0.3934725629052969,0.1172933252847772
3126,NVB,453623.032673395,5678839.33349356,0.0,0.0,0.0,0.0,2.246586322784424,,1.0030263662338257,0.0,0.0,,-0.7845915607665394,0.1869214390109056
3127,NVB,453623.769777627,5678839.08924796,0.0,0.0,0.0,0.0,0.9613629579544068,,1.0086445808410645,0.0,0.0,,0.1651454748733802,-0.2261771417506289
3128,NVB,453624.498266451,5678838.83829294,0.0,0.0,0.0,0.0,2.995514392852783,,1.0054069757461548,0.0,0.0,,-0.3041992977506986,0.3873974708447527
3129,NVB,453625.269910495,5678838.60756787,0.0,0.0,0.0,0.0,4.510350227355957,,1.0178366899490356,0.0,0.0,,-0.2351787543548654,0.4225069145765021
3130,NVB,453626.024219175,5678838.38117967,0.0,0.0,0.0,0.0,3.5502376556396484,,1.0098724365234375,0.0,0.0,,0.1556478674388676,0.3167461952843042
3131,NVB,453626.804896841,5678838.08614119,0.0,0.0,0.0,0.0,0.3948311507701874,,1.0163660049438477,0.0,0.0,,0.5095761913125743,-0.0613722193201817
3132,NVB,453627.542196936,5678837.80860339,0.0,0.0,0.0,0.0,1.643895983695984,,1.0140650272369385,0.0,0.0,,0.1071847221882979,0.0875297565246974
3133,NVB,453628.331032297,5678837.59795508,0.0,0.0,0.0,0.0,0.8909159302711487,,1.013256549835205,0.0,0.0,,-0.4437843341180061,0.5346791325563961
3134,NVB,453629.163127469,5678837.38978103,0.0,0.0,0.0,0.0,3.597215175628662,,1.0070286989212036,0.0,0.0,,-0.2065507044235988,0.3744715182060238
3135,NVB,453629.882765286,5678837.17206638,0.0,0.0,0.0,0.0,1.20379376411438,,1.005683422088623,0.0,0.0,,0.7973838643542539,0.1955516849804102
3136,NVB,453630.585231152,5678836.93094543,0.0,0.0,0.0,0.0,0.3868237137794494,,1.0053445100784302,0.0,0.0,,0.4058889252681992,0.4202999933493878
3137,NVB,453631.287677366,5678836.6931536,0.0,0.0,0.0,0.0,2.7210772037506104,,1.0082271099090576,0.0,0.0,,-0.2855107714288898,0.5021000689948106
3138,NVB,453632.024859517,5678836.43559049,0.0,0.0,0.0,0.0,1.407676100730896,,1.0105595588684082,0.0,0.0,,-0.7256319287843409,-0.1456885684468348
3139,NVB,453632.73596676,5678836.19673978,0.0,0.0,0.0,0.0,0.8537308573722839,,1.003196120262146,0.0,0.0,,-0.2049730777715393,0.4933032403518985
3140,NVB,453633.524886782,5678835.97166448,0.0,0.0,0.0,0.0,0.8229619860649109,,1.0037857294082642,0.0,0.0,,0.2518553888657424,0.28118429815044
3141,NVB,453634.270468483,5678835.75743154,0.0,0.0,0.0,0.0,1.0549548864364624,,1.0007059574127195,0.0,0.0,,0.161057769197205,0.348306499048173
3142,NVB,453635.068095284,5678835.52352923,0.0,0.0,0.0,0.0,1.45094895362854,,1.001481294631958,0.0,0.0,,-0.5711807635824466,0.1191990747498556
3143,NVB,453635.87445504,5678835.27636108,0.0,0.0,0.0,0.0,3.2503366470336914,,1.0049792528152466,0.0,0.0,,-0.5108822107189351,0.4439511375273956
3144,NVB,453636.663492512,5678835.03131036,0.0,0.0,0.0,0.0,2.0082175731658936,,1.0045431852340698,0.0,0.0,,0.6528055546558932,0.3548903573074546
3145,NVB,453637.383371699,5678834.77253509,0.0,0.0,0.0,0.0,0.950830578804016,,1.003026843070984,0.0,0.0,,0.1605077897639361,-0.2466442849497791
3146,NVB,453638.267988508,5678834.46368062,0.0,0.0,0.0,0.0,0.828481912612915,,1.0034323930740356,0.0,0.0,,-0.6640963818746255,0.578120817825094
3147,NVB,453638.970545356,5678834.20702272,0.0,0.0,0.0,0.0,2.8579816818237305,,1.0065162181854248,0.0,0.0,,0.2203004068780241,0.2045950007807217
3148,NVB,453639.707772758,5678833.9416908,0.0,0.0,0.0,0.0,1.747696042060852,,1.005535364151001,0.0,0.0,,0.1640746819001254,0.0488702530929636
3149,NVB,453640.41035565,5678833.68059387,0.0,0.0,0.0,0.0,4.326815605163574,,1.0095040798187256,0.0,0.0,,-0.5519674834706768,0.3903860404639542
3150,NVB,453641.121638818,5678833.41177974,0.0,0.0,0.0,0.0,0.6792641878128052,,1.0064245462417605,0.0,0.0,,-0.424352034137272,0.0406763540666664
3151,NVB,453641.858768054,5678833.16309354,0.0,0.0,0.0,0.0,2.232778549194336,,1.003425121307373,0.0,0.0,,0.305390617953106,0.6352249756579961
3152,NVB,453642.613284819,5678832.90119246,0.0,0.0,0.0,0.0,1.7649744749069214,,1.0094635486602783,0.0,0.0,,0.1298657240395984,0.0255028790549094
3153,NVB,453643.341772447,5678832.65023571,0.0,0.0,0.0,0.0,6.763088703155518,,1.0214942693710327,0.0,0.0,,-0.1565519631441976,0.7345497200082042
3154,NVB,453644.078725116,5678832.43151196,0.0,0.0,0.0,0.0,2.764460563659668,,1.0169429779052734,0.0,0.0,,0.0472536083978847,-0.294278291169582
3155,NVB,453644.841563066,5678832.22625777,0.0,0.0,0.0,0.0,2.595088005065918,,1.0091898441314695,0.0,0.0,,-0.0311496187426067,0.0621361324434721
3156,NVB,453645.725715365,5678831.99619316,0.0,0.0,0.0,0.0,3.810101985931397,,1.0105353593826294,0.0,0.0,,-0.270068109741977,0.1591719895259778
3157,NVB,453646.523223816,5678831.78226481,0.0,0.0,0.0,0.0,0.9557231068611144,,1.0044490098953247,0.0,0.0,,0.0071977650031307,-0.2029829872112132
3158,NVB,453647.251508663,5678831.56570927,0.0,0.0,0.0,0.0,1.1874467134475708,,1.004906177520752,0.0,0.0,,-0.2501422530697298,0.4536854017418708
3159,NVB,453648.057867617,5678831.31853987,0.0,0.0,0.0,0.0,3.254969835281372,,1.0084872245788574,0.0,0.0,,-0.2833727921071339,0.2944531753056459
3160,NVB,453648.855643812,5678831.05911242,0.0,0.0,0.0,0.0,2.8082311153411865,,1.0127626657485962,0.0,0.0,,-0.0731296531773077,0.4900554764621533
3161,NVB,453649.584026525,5678830.82591075,0.0,0.0,0.0,0.0,2.652700424194336,,1.0051428079605105,0.0,0.0,,0.2213610644316073,-0.0476153178746588
3162,NVB,453650.399079108,5678830.5721337,0.0,0.0,0.0,0.0,2.536651372909546,,1.0072407722473145,0.0,0.0,,-0.0816897058065442,-0.0427864894903129
3163,NVB,453651.09279769,5678830.34649616,0.0,0.0,0.0,0.0,1.1967846155166626,,1.00549054145813,0.0,0.0,,-0.193403569438688,-0.1907968941789759
3164,NVB,453651.803910316,5678830.10653401,0.0,0.0,0.0,0.0,0.6369597315788269,,1.010840654373169,0.0,0.0,,-0.4097034027857957,0.2853216885045377
3165,NVB,453652.575735596,5678829.84473388,0.0,0.0,0.0,0.0,3.929241418838501,,1.003092885017395,0.0,0.0,,-0.4846899848247658,0.250537034923369
3166,NVB,453653.347586957,5678829.57849476,0.0,0.0,0.0,0.0,2.226072311401367,,1.0027035474777222,0.0,0.0,,-0.9203586849537108,0.0907164848209389
3167,NVB,453654.10208338,5678829.31992177,0.0,0.0,0.0,0.0,1.4779956340789795,,1.002946376800537,0.0,0.0,,-0.0759376170625461,0.3160294631944019
3168,NVB,453654.856684279,5678829.04359305,0.0,0.0,0.0,0.0,1.148073673248291,,1.008112549781799,0.0,0.0,,0.0781637984771729,0.169285419163818
3169,NVB,453655.61127859,5678828.76837399,0.0,0.0,0.0,0.0,1.4329707622528076,,1.0080279111862185,0.0,0.0,,0.3562357154739091,0.3139996541264356
3170,NVB,453656.313958465,5678828.49062972,0.0,0.0,0.0,0.0,1.6480742692947388,,1.0032305717468262,0.0,0.0,,0.196431954977225,0.7468214627997428
3171,NVB,453657.051295781,5678828.2064308,0.0,0.0,0.0,0.0,2.682802200317383,,1.0093947649002075,0.0,0.0,,0.5483075758666509,0.3658053477924546
3172,NVB,453657.918425531,5678827.9274349,0.0,0.0,0.0,0.0,3.293222427368164,,1.0151495933532717,0.0,0.0,,0.2205023666598929,0.4279108588316589
3173,NVB,453658.72477723,5678827.68137415,0.0,0.0,0.0,0.0,2.1777150630950928,,1.0034258365631104,0.0,0.0,,0.391161557693177,0.0622909219662886
3174,NVB,453659.461637537,5678827.47818516,0.0,0.0,0.0,0.0,4.45703125,,1.0055170059204102,0.0,0.0,,-0.1263992264186019,0.4789891474316439
3175,NVB,453660.189895486,5678827.26606734,0.0,0.0,0.0,0.0,0.6753581762313843,,1.0277880430221558,0.0,0.0,,0.1346026385545055,0.1581295936542278
3176,NVB,453660.909453098,5678827.06166661,0.0,0.0,0.0,0.0,0.5425092577934265,,1.0180529356002808,0.0,0.0,,0.252235896721073,-0.0970593545032952
3177,NVB,453661.767712457,5678826.81924038,0.0,0.0,0.0,0.0,1.6846998929977417,,1.0028574466705322,0.0,0.0,,-0.6907495535496166,0.5036520184321261
3178,NVB,453662.565246052,5678826.6008715,0.0,0.0,0.0,0.0,2.2468395233154297,,1.0022052526474,0.0,0.0,,-0.6836540782935007,0.2082121961159375
3179,NVB,453663.250113399,5678826.4084738,0.0,0.0,0.0,0.0,3.722146511077881,,1.0069208145141602,0.0,0.0,,-0.6297350534520385,0.1408376490136477
3180,NVB,453664.056562745,5678826.14576658,0.0,0.0,0.0,0.0,5.023561954498291,,1.0276458263397217,0.0,0.0,,-0.5139655408105888,-0.0744086940841504
3181,NVB,453664.793873428,5678825.86600586,0.0,0.0,0.0,0.0,3.744401216506958,,1.008649826049805,0.0,0.0,,-0.6760365015448726,-0.0460930451518488
3182,NVB,453665.531118745,5678825.59734234,0.0,0.0,0.0,0.0,2.435018301010132,,1.0029562711715698,0.0,0.0,,-0.1749994026365364,0.5635507318736093
3183,NVB,453666.242419893,5678825.32519677,0.0,0.0,0.0,0.0,1.7434676885604858,,1.0032482147216797,0.0,0.0,,0.530802404000546,-0.0324295481274498
3184,NVB,453666.953832016,5678825.03418576,0.0,0.0,0.0,0.0,2.9865851402282715,,1.0035183429718018,0.0,0.0,,0.4953383883633095,0.781115841517964
3185,NVB,453667.639188939,5678824.75855807,0.0,0.0,0.0,0.0,1.0549589395523071,,1.015609622001648,0.0,0.0,,0.4277061053332263,0.485263549569336
3186,NVB,453668.350150327,5678824.54411817,0.0,0.0,0.0,0.0,1.433186650276184,,1.0022248029708862,0.0,0.0,,0.4432068426047154,0.2627597773993914
3187,NVB,453669.225639943,5678824.31510973,0.0,0.0,0.0,0.0,2.2231953144073486,,1.010782241821289,0.0,0.0,,-0.2897548182934776,0.2692052615015459
3188,NVB,453670.040325473,5678824.12347544,0.0,0.0,0.0,0.0,2.489351987838745,,1.003578782081604,0.0,0.0,,-0.2034523612707774,0.7685064818959733
3189,NVB,453670.768413022,5678823.94020958,0.0,0.0,0.0,0.0,1.0168755054473877,,1.01569402217865,0.0,0.0,,0.0114290846761433,-0.6259641840720594
3190,NVB,453671.548865488,5678823.68289744,0.0,0.0,0.0,0.0,2.9024550914764404,,1.004231095314026,0.0,0.0,,0.3089700966791525,-0.1155533384914843
3191,NVB,453672.207977618,5678823.45483488,0.0,0.0,0.0,0.0,4.852856159210205,,1.006532073020935,0.0,0.0,,-0.31111798646107,0.1561961492996231
3192,NVB,453672.919167318,5678823.20155409,0.0,0.0,0.0,0.0,1.4623898267745972,,1.0055028200149536,0.0,0.0,,-0.2356812647241325,0.4684549815837242
3193,NVB,453673.682441108,5678822.92194532,0.0,0.0,0.0,0.0,1.7776117324829102,,1.0046409368515017,0.0,0.0,,0.4131894603849762,-0.0540673256213534
3194,NVB,453674.419600945,5678822.66770744,0.0,0.0,0.0,0.0,2.762655735015869,,1.0042022466659546,0.0,0.0,,-0.1641465364347493,0.1499899419975366
3195,NVB,453675.208740383,5678822.40489723,0.0,0.0,0.0,0.0,0.3737490475177765,,1.0039829015731812,0.0,0.0,,0.3409815878429272,-0.1666711308842862
3196,NVB,453675.971922592,5678822.14082443,0.0,0.0,0.0,0.0,4.762447834014893,,1.0185991525650024,0.0,0.0,,0.1761320905158959,0.5490843738387582
3197,NVB,453676.67446401,5678821.88638265,0.0,0.0,0.0,0.0,2.4468820095062256,,1.0022988319396973,0.0,0.0,,0.4677382531781417,0.5454617459551111
3198,NVB,453677.42901767,5678821.61781988,0.0,0.0,0.0,0.0,1.0715322494506836,,1.0270074605941772,0.0,0.0,,0.0500956667686488,-0.0267852344916837
3199,NVB,453678.157574931,5678821.3546529,0.0,0.0,0.0,0.0,3.6399800777435294,,1.0168819427490234,0.0,0.0,,-0.4544187206861866,0.7202193874918913
3200,NVB,453678.877510219,5678821.08588631,0.0,0.0,0.0,0.0,3.1886541843414307,,1.010141134262085,0.0,0.0,,0.5099726046018546,-0.3040811638466529
3201,NVB,453679.640711761,5678820.81848397,0.0,0.0,0.0,0.0,3.3564372062683105,,1.0155867338180542,0.0,0.0,,0.1203574122323689,0.273353407035673
3202,NVB,453680.44697062,5678820.5879572,0.0,0.0,0.0,0.0,4.414762020111084,,1.0099785327911377,0.0,0.0,,0.4808741133677882,0.3562625698838961
3203,NVB,453681.253124961,5678820.37518599,0.0,0.0,0.0,0.0,3.96836256980896,,1.0101064443588257,0.0,0.0,,0.5773765272826391,-0.1029608134414229
3204,NVB,453681.989899099,5678820.18642137,0.0,0.0,0.0,0.0,2.808027744293213,,1.005646586418152,0.0,0.0,,0.5647957248316381,0.2457130634762133
3205,NVB,453682.735458341,5678819.97551304,0.0,0.0,0.0,0.0,1.4155311584472656,,1.0037109851837158,0.0,0.0,,-0.0048967036688742,0.6764053834013181
3206,NVB,453683.463649651,5678819.77449036,0.0,0.0,0.0,0.0,0.9966896176338196,,1.001594305038452,0.0,0.0,,0.4839404193537952,0.3252464474849993
3207,NVB,453684.23512028,5678819.57261246,0.0,0.0,0.0,0.0,0.8669735789299011,,1.0051058530807495,0.0,0.0,,0.416154874194061,0.0237326155278159
3208,NVB,453685.015251961,5678819.36967568,0.0,0.0,0.0,0.0,2.230116128921509,,1.0025969743728638,0.0,0.0,,-0.0563368279296424,0.5473993714297379
3209,NVB,453685.899388526,5678819.14182604,0.0,0.0,0.0,0.0,4.9271016120910645,,1.0125527381896973,0.0,0.0,,-0.5345599014120189,0.6598518377820428
3210,NVB,453686.679722497,5678818.90448751,0.0,0.0,0.0,0.0,4.464637756347656,,1.029911756515503,0.0,0.0,,-0.3607601233070674,-0.1610574380451429
3211,NVB,453687.399657263,5678818.63572014,0.0,0.0,0.0,0.0,3.4167349338531494,,1.0099066495895386,0.0,0.0,,0.6180992132573024,0.0578714810774718
3212,NVB,453688.041583402,5678818.3864696,0.0,0.0,0.0,0.0,1.3612852096557615,,1.0061718225479126,0.0,0.0,,0.4812029974366038,0.1589724633044005
3213,NVB,453688.761563766,5678818.109934,0.0,0.0,0.0,0.0,3.523737668991089,,1.0039730072021484,0.0,0.0,,0.1179115228167996,0.6090327902342677
3214,NVB,453689.550761002,5678817.8371348,0.0,0.0,0.0,0.0,1.386383891105652,,1.0054941177368164,0.0,0.0,,0.0194080775030433,0.8134010556826392
3215,NVB,453690.287874139,5678817.59066354,0.0,0.0,0.0,0.0,2.1582460403442383,,1.0100131034851074,0.0,0.0,,-0.1950417168463096,-0.0684499329690468
3216,NVB,453691.059585891,5678817.34772503,0.0,0.0,0.0,0.0,2.0318193435668945,,1.0055861473083496,0.0,0.0,,-0.1609320927057937,0.3655216568837245
3217,NVB,453691.848580612,5678817.10932718,0.0,0.0,0.0,0.0,0.9286031126976012,,1.0015668869018557,0.0,0.0,,0.0097223652623652,0.2248219258783207
3218,NVB,453692.65483219,5678816.87990889,0.0,0.0,0.0,0.0,1.899238348007202,,1.0059596300125122,0.0,0.0,,-0.1704700163953414,0.4180295900782225
3219,NVB,453693.443892085,5678816.63041359,0.0,0.0,0.0,0.0,1.0843849182128906,,1.0072349309921265,0.0,0.0,,-0.4995881145622487,-0.3155546898450854
3220,NVB,453694.215845153,5678816.34641484,0.0,0.0,0.0,0.0,4.329998016357422,,1.0065675973892212,0.0,0.0,,-0.3358914520663298,0.7881167643244554
3221,NVB,453694.97908486,5678816.07235265,0.0,0.0,0.0,0.0,1.0535681247711182,,1.0008840560913086,0.0,0.0,,-0.3920692048937296,-0.2941347041229045
3222,NVB,453695.716439158,5678815.78482095,0.0,0.0,0.0,0.0,0.9183998703956604,,1.0018230676651,0.0,0.0,,0.1795936832343731,0.1274548294367488
3223,NVB,453696.384400268,5678815.52351543,0.0,0.0,0.0,0.0,1.1547017097473145,,1.0039647817611694,0.0,0.0,,-0.2352487989750312,0.5228807777862216
3224,NVB,453697.087025262,5678815.25464537,0.0,0.0,0.0,0.0,1.4522279500961304,,1.001550555229187,0.0,0.0,,-0.0838568829578678,0.8625927832537288
3225,NVB,453697.902048528,5678815.00530233,0.0,0.0,0.0,0.0,0.3484291136264801,,1.0029096603393557,0.0,0.0,,-0.1316855265206832,0.1053221497946518
3226,NVB,453698.682251179,5678814.79015719,0.0,0.0,0.0,0.0,0.7013412714004517,,1.0023776292800903,0.0,0.0,,0.2866650601998738,-0.3517942638468721
3227,NVB,453699.453649118,5678814.60048482,0.0,0.0,0.0,0.0,1.7025701999664309,,1.0042073726654053,0.0,0.0,,0.2624292006100459,0.2806174990929013
3228,NVB,453700.190539728,5678814.3917434,0.0,0.0,0.0,0.0,3.0114283561706543,,1.0053757429122925,0.0,0.0,,0.8612044406793209,0.2929573800392462
3229,NVB,453700.901590625,5678814.16176438,0.0,0.0,0.0,0.0,4.571802616119385,,1.0046395063400269,0.0,0.0,,0.8692669763676876,0.32013328589649
3230,NVB,453701.673301704,5678813.91882484,0.0,0.0,0.0,0.0,3.4358432292938232,,1.010034203529358,0.0,0.0,,0.4048053999093855,0.5948500130667166
3231,NVB,453703.103933845,5678813.48000221,0.0,0.0,0.0,0.0,3.748956203460693,,1.0131597518920898,0.0,0.0,,-0.2304210233709124,0.0967164704195626
3232,NVB,453703.823789222,5678813.22455007,0.0,0.0,0.0,0.0,3.195923328399658,,1.0054336786270142,0.0,0.0,,-0.0371180727311551,0.1362682660100365
3233,NVB,453704.56946466,5678812.99366458,0.0,0.0,0.0,0.0,7.414473533630371,,1.0210859775543213,0.0,0.0,,0.1706653927854426,0.5420530902781349
3234,NVB,453705.323768505,5678812.76726881,0.0,0.0,0.0,0.0,1.6850980520248413,,1.007814884185791,0.0,0.0,,-0.1750864393291194,0.3809780210394407
3235,NVB,453706.078117986,5678812.53310488,0.0,0.0,0.0,0.0,3.127702474594116,,1.02496600151062,0.0,0.0,,0.3418852261154708,-0.1032509566788244
3236,NVB,453706.815236613,5678812.28552236,0.0,0.0,0.0,0.0,4.543873310089111,,1.0110975503921509,0.0,0.0,,-0.134631498537844,0.3278749226630148
3237,NVB,453707.552511805,5678812.01130629,0.0,0.0,0.0,0.0,5.726988792419434,,1.0222489833831787,0.0,0.0,,0.1000927870277766,0.1755766523998959
3238,NVB,453708.307291813,5678811.70390008,0.0,0.0,0.0,0.0,0.5687016844749451,,1.0246421098709106,0.0,0.0,,0.0921711064579844,0.1292620765343605
3239,NVB,453709.027225157,5678811.43513074,0.0,0.0,0.0,0.0,3.0737247467041016,,1.0097957849502563,0.0,0.0,,0.2229222714207834,0.0022751101776907
3240,NVB,453709.70362467,5678811.21049601,0.0,0.0,0.0,0.0,2.498951196670532,,1.0035285949707031,0.0,0.0,,-0.5101043368642153,0.165868852604501
3241,NVB,453710.432140701,5678810.95398444,0.0,0.0,0.0,0.0,2.725537061691284,,1.0031719207763672,0.0,0.0,,-0.4806198176658897,0.0942554557634991
3242,NVB,453711.125966692,5678810.70947626,0.0,0.0,0.0,0.0,2.316401243209839,,1.0113904476165771,0.0,0.0,,-0.4480082642276063,-0.2940770477990504
3243,NVB,453711.836958199,5678810.48948381,0.0,0.0,0.0,0.0,3.780774354934693,,1.0147258043289185,0.0,0.0,,-0.3651737999853368,-0.1198525918557815
3244,NVB,453712.608590269,5678810.25985994,0.0,0.0,0.0,0.0,4.526830673217773,,1.0054535865783691,0.0,0.0,,-0.4586271642046252,0.8542789915690356
3245,NVB,453713.2675826,5678810.05176907,0.0,0.0,0.0,0.0,0.0414192862808704,,1.0006283521652222,0.0,0.0,,0.1729074118355759,0.4105301215370785
3246,NVB,453713.961330125,5678809.82057738,0.0,0.0,0.0,0.0,1.124910831451416,,1.0008914470672607,0.0,0.0,,0.7323935191714678,0.0887756817260396
3247,NVB,453714.724281414,5678809.59534134,0.0,0.0,0.0,0.0,2.583573341369629,,1.0037888288497925,0.0,0.0,,0.1249438524306626,0.6095665324853895
3248,NVB,453715.443888127,5678809.38205782,0.0,0.0,0.0,0.0,1.6728665828704834,,1.0023186206817627,0.0,0.0,,0.6795764490382122,0.3391321415527397
3249,NVB,453716.155179501,5678809.11101749,0.0,0.0,0.0,0.0,2.435021162033081,,1.0013333559036257,0.0,0.0,,0.6973911244875867,-0.3162995748470883
3250,NVB,453716.840513692,5678808.83871472,0.0,0.0,0.0,0.0,2.0010807514190674,,1.0034044981002808,0.0,0.0,,0.1222722644245498,0.4424289148686545
3251,NVB,453717.534300147,5678808.60086435,0.0,0.0,0.0,0.0,2.6849136352539062,,1.002189040184021,0.0,0.0,,-0.437139037392289,0.67966117105911
3252,NVB,453718.280039965,5678808.35888028,0.0,0.0,0.0,0.0,3.5694987773895264,,1.004873275756836,0.0,0.0,,-0.531073206129501,-0.0046785951913264
3253,NVB,453719.008333634,5678808.14009868,0.0,0.0,0.0,0.0,3.930789470672608,,1.00970458984375,0.0,0.0,,-0.1461866072173412,0.5156883450896047
3254,NVB,453719.753831987,5678807.93917441,0.0,0.0,0.0,0.0,1.1648653745651243,,1.0030488967895508,0.0,0.0,,0.0933842444386157,0.3702298953531868
3255,NVB,453720.525333095,5678807.73174433,0.0,0.0,0.0,0.0,2.587678909301758,,1.0025380849838257,0.0,0.0,,0.2604118841751584,0.803530028405063
3256,NVB,453721.348865845,5678807.50686377,0.0,0.0,0.0,0.0,4.938816547393799,,1.0072585344314575,0.0,0.0,,-0.2362933374110183,0.8596648541442856
3257,NVB,453722.051104366,5678807.30346546,0.0,0.0,0.0,0.0,3.25858211517334,,1.0065478086471558,0.0,0.0,,0.5293274627708909,0.176368702437825
3258,NVB,453722.701513393,5678807.08311591,0.0,0.0,0.0,0.0,5.950477123260498,,1.0061615705490112,0.0,0.0,,0.8684374795377131,-0.4436499921089605
3259,NVB,453723.308636585,5678806.8647314,0.0,0.0,0.0,0.0,2.800407886505127,,1.0062891244888306,0.0,0.0,,0.6452390107574172,0.1564946331930985
3260,NVB,453723.967810982,5678806.62556725,0.0,0.0,0.0,0.0,1.4332391023635864,,1.00217604637146,0.0,0.0,,0.2379312210221003,0.4170042227595762
3261,NVB,453724.670362458,5678806.36890175,0.0,0.0,0.0,0.0,8.9072847366333,,1.0206620693206787,0.0,0.0,,-0.1608738627975872,0.7480933018031637
3262,NVB,453725.33827612,5678806.11536188,0.0,0.0,0.0,0.0,6.39903736114502,,1.0310713052749634,0.0,0.0,,0.5449983057444628,0.0577450505050133
3263,NVB,453726.023694521,5678805.82863186,0.0,0.0,0.0,0.0,2.684943437576294,,1.0042752027511597,0.0,0.0,,0.7182218442542679,0.4984366861204776
3264,NVB,453726.709119392,5678805.54079204,0.0,0.0,0.0,0.0,2.1008596420288086,,1.0044769048690796,0.0,0.0,,0.3037284129980692,-0.1573340541884899
3265,NVB,453727.42894064,5678805.2908864,0.0,0.0,0.0,0.0,5.834358215332031,,1.01151442527771,0.0,0.0,,0.3917783043111116,0.5928397535468471
3266,NVB,453728.200636954,5678805.05016373,0.0,0.0,0.0,0.0,3.485154867172241,,1.0035346746444702,0.0,0.0,,-0.1864732248803337,0.2396966659325488
3267,NVB,453728.91162093,5678804.83127948,0.0,0.0,0.0,0.0,2.9384469985961914,,1.0398221015930176,0.0,0.0,,0.0141518725628495,0.1044744377369283
3268,NVB,453729.535883286,5678804.64184916,0.0,0.0,0.0,0.0,2.314908981323242,,1.008944034576416,0.0,0.0,,0.3017302765939555,0.2067653344544373
3269,NVB,453730.290081227,5678804.43320666,0.0,0.0,0.0,0.0,3.835206031799317,,1.023595929145813,0.0,0.0,,0.5967385940283524,0.3638676553816956
3270,NVB,453731.035291956,5678804.28110937,0.0,0.0,0.0,0.0,3.448195695877075,,1.0160754919052124,0.0,0.0,,0.2488373511153407,0.289060404632125
3271,NVB,453731.693872391,5678804.14292985,0.0,0.0,0.0,0.0,8.895630836486816,,1.0209904909133911,0.0,0.0,,0.2115380598906045,0.6046238123946048
3272,NVB,453732.517306605,5678803.93469405,0.0,0.0,0.0,0.0,3.201631784439087,,1.0086268186569214,0.0,0.0,,-0.2007202205537293,0.3733027511703203
3273,NVB,453733.210785611,5678803.74899953,0.0,0.0,0.0,0.0,3.0352654457092285,,1.004960536956787,0.0,0.0,,-0.5659573494608031,-0.1042588852835976
3274,NVB,453733.939111026,5678803.52466791,0.0,0.0,0.0,0.0,6.267994403839111,,1.0212725400924685,0.0,0.0,,-0.667575455906345,-0.2548504024408689
3275,NVB,453734.659218804,5678803.22593357,0.0,0.0,0.0,0.0,2.122967004776001,,1.013270616531372,0.0,0.0,,-0.3120047934263681,-0.0895050694409446
3276,NVB,453735.327275339,5678802.94797884,0.0,0.0,0.0,0.0,1.586985468864441,,1.006365418434143,0.0,0.0,,-0.0586816659937767,-0.0983278715492095
3277,NVB,453736.021243291,5678802.67905446,0.0,0.0,0.0,0.0,3.656564712524414,,1.00340735912323,0.0,0.0,,0.6310053357940871,-0.1008282801643788
3278,NVB,453736.723826614,5678802.41683924,0.0,0.0,0.0,0.0,5.181087017059326,,1.0060895681381226,0.0,0.0,,-0.2590893055452439,0.4643081839352268
3279,NVB,453737.426279466,5678802.17681853,0.0,0.0,0.0,0.0,1.7063393592834473,,1.006489634513855,0.0,0.0,,-0.3082443282923137,0.2509324005716344
3280,NVB,453738.171965872,5678801.94371041,0.0,0.0,0.0,0.0,0.1138661727309227,,1.0022574663162231,0.0,0.0,,0.6200260132997767,0.2994563578274243
3281,NVB,453738.908886833,5678801.72941674,0.0,0.0,0.0,0.0,1.582183599472046,,1.0027741193771362,0.0,0.0,,0.8842073639945905,0.2102658566119307
3282,NVB,453739.62842041,5678801.52833803,0.0,0.0,0.0,0.0,2.453040599822998,,1.008538842201233,0.0,0.0,,0.0416291573904126,0.6209289608615637
3283,NVB,453740.373813253,5678801.34516747,0.0,0.0,0.0,0.0,0.7034940719604492,,1.001806139945984,0.0,0.0,,-0.2487058518778822,0.3196392104840206
3284,NVB,453741.093268512,5678801.15740536,0.0,0.0,0.0,0.0,2.719036817550659,,1.0101468563079834,0.0,0.0,,-0.3882619831372078,0.3532965481690289
3285,NVB,453741.769666192,5678800.9327679,0.0,0.0,0.0,0.0,2.269292116165161,,1.0039693117141724,0.0,0.0,,0.5671590885469237,0.3372590912565665
3286,NVB,453742.454933552,5678800.6715602,0.0,0.0,0.0,0.0,1.5378538370132446,,1.001466989517212,0.0,0.0,,0.2421191472913138,0.7987923597612356
3287,NVB,453743.148803249,5678800.41928111,0.0,0.0,0.0,0.0,1.9773755073547363,,1.0091845989227295,0.0,0.0,,0.2435407786330001,-0.0379413926062596
3288,NVB,453743.903182976,5678800.17956493,0.0,0.0,0.0,0.0,3.0272762775421143,,1.017188310623169,0.0,0.0,,0.2446445223907921,0.3574861534098399
3289,NVB,453744.614276904,5678799.94181389,0.0,0.0,0.0,0.0,1.373165726661682,,1.0025439262390137,0.0,0.0,,0.0237658635892071,-0.2455412001125773
3290,NVB,453745.316670605,5678799.71178003,0.0,0.0,0.0,0.0,4.867202281951904,,1.009305477142334,0.0,0.0,,0.215016547983157,0.3936206200746732
3291,NVB,453746.799329199,5678799.25549893,0.0,0.0,0.0,0.0,2.9255247116088867,,1.0078545808792114,0.0,0.0,,0.3675315350447725,-0.1447994064021897
3292,NVB,453747.449782482,5678799.02737926,0.0,0.0,0.0,0.0,2.235598564147949,,1.0269235372543335,0.0,0.0,,-0.151577367636346,0.3323921195306663
3293,NVB,453748.143645346,5678798.77620946,0.0,0.0,0.0,0.0,5.453492641448975,,1.0176050662994385,0.0,0.0,,-0.2879424160592234,0.4392362099036884
3294,NVB,453748.794157227,5678798.53810212,0.0,0.0,0.0,0.0,4.839864730834961,,1.0158274173736572,0.0,0.0,,0.0700301928061115,-0.0083600018417732
3295,NVB,453749.479287231,5678798.30019811,0.0,0.0,0.0,0.0,3.757063150405884,,1.012813687324524,0.0,0.0,,0.390276354976143,0.0521153372207864
3296,NVB,453750.242210266,5678798.07939754,0.0,0.0,0.0,0.0,3.903759002685547,,1.0066486597061155,0.0,0.0,,0.7292373565980084,0.5550335770721952
3297,NVB,453751.074395657,5678797.85456474,0.0,0.0,0.0,0.0,2.4454245567321777,,1.02225923538208,0.0,0.0,,0.6446221682649255,-0.0371570918914189
3298,NVB,453751.845875356,5678797.65046079,0.0,0.0,0.0,0.0,5.7187275886535645,,1.0096328258514404,0.0,0.0,,0.4159073969775934,-0.3847890701003841
3299,NVB,453752.53948371,5678797.44257001,0.0,0.0,0.0,0.0,2.0766258239746094,,1.0091015100479126,0.0,0.0,,0.0095451592214751,0.177798220970137
3300,NVB,453753.345868323,5678797.18984123,0.0,0.0,0.0,0.0,7.129917621612549,,1.01874577999115,0.0,0.0,,-0.4013370742614024,0.5140998282016963
3301,NVB,453754.048157212,5678796.97756225,0.0,0.0,0.0,0.0,2.622605323791504,,1.0240120887756348,0.0,0.0,,-0.109939885625263,0.2002147950066186
3302,NVB,453754.74173937,5678796.77411019,0.0,0.0,0.0,0.0,3.2491602897644043,,1.0057392120361328,0.0,0.0,,-0.4566422936467653,0.2332150089094697
3303,NVB,453755.444047738,5678796.5585019,0.0,0.0,0.0,0.0,1.4815471172332764,,1.0050331354141235,0.0,0.0,,0.2166260425660397,0.3079887832420188
3304,NVB,453756.189837354,5678796.30763642,0.0,0.0,0.0,0.0,0.2666537761688232,,1.0058201551437378,0.0,0.0,,-0.1285180874375036,-0.0482154136160812
3305,NVB,453756.883693174,5678796.05757559,0.0,0.0,0.0,0.0,0.9723273515701294,,1.0017863512039185,0.0,0.0,,-0.2501096796656568,0.4180946852459775
3306,NVB,453757.534139373,5678795.83056481,0.0,0.0,0.0,0.0,1.5257097482681274,,1.002556324005127,0.0,0.0,,-0.2249109232437229,-0.1310466914528742
3307,NVB,453758.245180332,5678795.60169037,0.0,0.0,0.0,0.0,3.088142156600952,,1.0034291744232178,0.0,0.0,,-0.5005050427400194,-0.0229286303542984
3308,NVB,453759.051453756,5678795.36782639,0.0,0.0,0.0,0.0,0.5303561091423035,,1.002283811569214,0.0,0.0,,-0.3729740945571431,0.1324041187281217
3309,NVB,453759.849124735,5678795.12503367,0.0,0.0,0.0,0.0,0.1852665543556213,,1.0039609670639038,0.0,0.0,,0.2192792358933162,0.3216918058531964
3310,NVB,453760.568878764,5678794.8862223,0.0,0.0,0.0,0.0,3.459561824798584,,1.0099279880523682,0.0,0.0,,0.3476894871707832,0.3404163291782063
3311,NVB,453761.331996678,5678794.63212882,0.0,0.0,0.0,0.0,2.7303271293640137,,1.0026172399520874,0.0,0.0,,0.2195873241091947,0.1948454091221517
3312,NVB,453762.051737579,5678794.39553677,0.0,0.0,0.0,0.0,1.9638705253601076,,1.0027786493301392,0.0,0.0,,0.1984365277313489,0.1835070900658554
3313,NVB,453762.728140575,5678794.16978778,0.0,0.0,0.0,0.0,2.647366762161255,,1.0084692239761353,0.0,0.0,,-0.1628337552122969,0.2635536264437841
3314,NVB,453763.430598387,5678793.92865503,0.0,0.0,0.0,0.0,3.502678155899048,,1.008780837059021,0.0,0.0,,0.042197642034824,-0.2355022916840442
3315,NVB,453764.228451571,5678793.65478948,0.0,0.0,0.0,0.0,4.994824409484863,,1.018218755722046,0.0,0.0,,0.0652375280396188,-0.0854608344152453
3316,NVB,453764.956905479,5678793.40826044,0.0,0.0,0.0,0.0,3.3819034099578857,,1.011380672454834,0.0,0.0,,0.0057293276189963,0.5011042665833741
3317,NVB,453765.633549444,5678793.14145126,0.0,0.0,0.0,0.0,1.9738476276397705,,1.008772373199463,0.0,0.0,,0.2991324157287427,0.2303790316632411
3318,NVB,453766.336156966,5678792.8747945,0.0,0.0,0.0,0.0,3.5527188777923584,,1.0034271478652954,0.0,0.0,,0.021862014590442,0.6883125625043269
3319,NVB,453766.995218053,5678792.65449214,0.0,0.0,0.0,0.0,0.563491940498352,,1.00099778175354,0.0,0.0,,-0.0804167526605755,-0.2793938332659747
3320,NVB,453767.628178641,5678792.45734155,0.0,0.0,0.0,0.0,0.8883437514305115,,1.016542673110962,0.0,0.0,,0.494590004208958,-0.1994494407189694
3321,NVB,453768.295848568,5678792.244858,0.0,0.0,0.0,0.0,3.704395532608032,,1.019879698753357,0.0,0.0,,0.7557799600201065,-0.5491036479375664
3322,NVB,453768.989573297,5678792.01699067,0.0,0.0,0.0,0.0,3.988813161849976,,1.0065299272537231,0.0,0.0,,0.8432729343152793,-0.2270474524521775
3323,NVB,453769.735146987,5678791.80274495,0.0,0.0,0.0,0.0,1.1129692792892456,,1.0067871809005735,0.0,0.0,,0.2589339341040197,0.0645043230308494
3324,NVB,453770.567194283,5678791.60121438,0.0,0.0,0.0,0.0,2.566495895385742,,1.0037193298339844,0.0,0.0,,-0.1636084465347086,0.8329105911300747
3325,NVB,453771.364708117,5678791.38505398,0.0,0.0,0.0,0.0,0.9761034846305848,,1.0007678270339966,0.0,0.0,,0.2744060588436428,0.2685166631456408
3326,NVB,453772.101835669,5678791.13524592,0.0,0.0,0.0,0.0,1.8649712800979612,,1.001271367073059,0.0,0.0,,-0.3341551588058788,0.6216274133172022
3327,NVB,453772.761078893,5678790.88387069,0.0,0.0,0.0,0.0,1.314278483390808,,1.0031152963638306,0.0,0.0,,-0.2203318386542296,0.2389259029363849
3328,NVB,453773.377101546,5678790.62336348,0.0,0.0,0.0,0.0,1.1945974826812744,,1.0007805824279783,0.0,0.0,,-0.2981983624593028,0.2458050764622014
3329,NVB,453774.062490734,5678790.34106821,0.0,0.0,0.0,0.0,2.1626315116882324,,1.002569556236267,0.0,0.0,,-0.1294371745157844,0.4250836407173846
3330,NVB,453774.773556764,5678790.10775336,0.0,0.0,0.0,0.0,3.249845504760742,,1.0132290124893188,0.0,0.0,,-0.2215880958542326,0.0943049780015932
3331,NVB,453775.492977553,5678789.92553677,0.0,0.0,0.0,0.0,2.789383888244629,,1.0060720443725586,0.0,0.0,,0.6207288700811956,-0.0893822062688193
3332,NVB,453776.273155952,5678789.71371316,0.0,0.0,0.0,0.0,2.462350845336914,,1.0017167329788208,0.0,0.0,,0.3864929228923536,0.4736437636026897
3333,NVB,453777.010263637,5678789.46723382,0.0,0.0,0.0,0.0,3.304677963256836,,1.0023469924926758,0.0,0.0,,0.3855350537860348,-0.2014027734964679
3334,NVB,453777.756182179,5678789.19417175,0.0,0.0,0.0,0.0,1.3561997413635254,,1.0012004375457764,0.0,0.0,,0.4445282032089234,0.4057709099700783
3335,NVB,453778.398050842,5678788.9537917,0.0,0.0,0.0,0.0,3.8704192638397217,,1.0043433904647827,0.0,0.0,,0.4452968057755224,0.2971426727309088
3336,NVB,453779.039860828,5678788.72339916,0.0,0.0,0.0,0.0,2.686671495437622,,1.0024480819702148,0.0,0.0,,0.2571572244394339,0.635285785833957
3337,NVB,453779.73366962,5678788.48110442,0.0,0.0,0.0,0.0,1.829329490661621,,1.0026214122772217,0.0,0.0,,0.5181899130570308,0.3523621491728966
3338,NVB,453780.514049726,5678788.23487881,0.0,0.0,0.0,0.0,2.4910500049591064,,1.0096030235290527,0.0,0.0,,0.4960051870454613,0.5831057396563649
3339,NVB,453781.294338572,5678788.00418932,0.0,0.0,0.0,0.0,2.3758809566497803,,1.0105311870574951,0.0,0.0,,0.267660142367222,0.3816427343761813
3340,NVB,453782.065901178,5678787.78565595,0.0,0.0,0.0,0.0,1.6461951732635498,,1.0024396181106567,0.0,0.0,,0.4057721938529839,0.4108411017693061
3341,NVB,453782.785451872,5678787.58124413,0.0,0.0,0.0,0.0,1.9812098741531368,,1.0060852766036987,0.0,0.0,,-0.1056321101160959,0.1019715455586527
3342,NVB,453783.504982985,5678787.38016143,0.0,0.0,0.0,0.0,3.608563184738159,,1.0086021423339844,0.0,0.0,,-0.2679948357387876,0.1841380944954972
3343,NVB,453784.207205004,5678787.17897705,0.0,0.0,0.0,0.0,4.644141674041748,,1.0115994215011597,0.0,0.0,,0.3016958241034613,0.4250045739791732
3344,NVB,453784.926794676,5678786.96790666,0.0,0.0,0.0,0.0,2.815382242202759,,1.0108284950256348,0.0,0.0,,-0.1138109663813937,-0.3914172021915308
3345,NVB,453785.663804104,5678786.73807244,0.0,0.0,0.0,0.0,4.009664058685303,,1.01469087600708,0.0,0.0,,0.0976149659060699,0.5615574238834286
3346,NVB,453786.357638569,5678786.49133821,0.0,0.0,0.0,0.0,1.6158279180526731,,1.0031236410140991,0.0,0.0,,-0.151462765416605,-0.1243132253842427
3347,NVB,453787.043039948,5678786.20682235,0.0,0.0,0.0,0.0,3.9951796531677246,,1.0085803270339966,0.0,0.0,,-0.617734178665021,0.2881061786475509
3348,NVB,453787.780101356,5678785.96811011,0.0,0.0,0.0,0.0,4.397216796875,,1.0264286994934082,0.0,0.0,,-0.4976682083014904,-0.1747464241184666
3349,NVB,453788.568731606,5678785.79073765,0.0,0.0,0.0,0.0,3.812287569046021,,1.0234798192977903,0.0,0.0,,-0.0943056588681531,0.3746193171600933
3350,NVB,453789.418002133,5678785.60373317,0.0,0.0,0.0,0.0,3.485696792602539,,1.0043280124664309,0.0,0.0,,-0.1179347820152191,0.0964689683751568
3351,NVB,453790.154952673,5678785.38388608,0.0,0.0,0.0,0.0,6.548069953918457,,1.0195471048355105,0.0,0.0,,-0.3341849706246348,0.3188091373299694
3352,NVB,453790.770857058,5678785.14335264,0.0,0.0,0.0,0.0,3.6691970825195312,,1.0190445184707642,0.0,0.0,,-0.5932674147129186,-0.1307114132482628
3353,NVB,453791.447401707,5678784.89318717,0.0,0.0,0.0,0.0,2.731712102890014,,1.0236138105392456,0.0,0.0,,0.1120341793308488,0.1207503767696303
3354,NVB,453792.288414861,5678784.63843817,0.0,0.0,0.0,0.0,1.5221699476242063,,1.004037380218506,0.0,0.0,,0.1274827453202817,0.1625638351832913
3355,NVB,453792.990883911,5678784.39508333,0.0,0.0,0.0,0.0,3.528465509414673,,1.0239468812942505,0.0,0.0,,-0.0623064863247219,-0.1050590657926426
3356,NVB,453793.641621164,5678784.11813182,0.0,0.0,0.0,0.0,1.5593132972717283,,1.0226653814315796,0.0,0.0,,-0.0289245939553356,-0.3422492625845816
3357,NVB,453794.30095428,5678783.85121859,0.0,0.0,0.0,0.0,2.804581880569458,,1.0172048807144165,0.0,0.0,,-0.0999927761162079,0.087416395131456
3358,NVB,453795.150888791,5678783.55102122,0.0,0.0,0.0,0.0,2.866429567337036,,1.0221744775772097,0.0,0.0,,0.1545854014728189,0.0176365010221338
3359,NVB,453795.870614593,5678783.31664554,0.0,0.0,0.0,0.0,5.813266277313232,,1.0124070644378662,0.0,0.0,,0.1013180124346045,-0.2543258396418598
3360,NVB,453797.275715004,5678782.80219198,0.0,0.0,0.0,0.0,3.7522411346435542,,1.0129122734069824,0.0,0.0,,-0.0479735808269642,0.5993670928937207
3361,NVB,453798.012749723,5678782.56791769,0.0,0.0,0.0,0.0,2.182286739349365,,1.0137510299682615,0.0,0.0,,0.0267754349585582,0.0253848132851568
3362,NVB,453798.844892969,5678782.34973822,0.0,0.0,0.0,0.0,1.6996787786483765,,1.0012062788009644,0.0,0.0,,-0.4024354124899294,0.1834731034082831
3363,NVB,453799.538459608,5678782.14850169,0.0,0.0,0.0,0.0,1.593324065208435,,1.0014090538024902,0.0,0.0,,-0.159912809019687,0.7769652801414554
3364,NVB,453800.240889127,5678781.91180458,0.0,0.0,0.0,0.0,0.5633448958396912,,1.0021544694900513,0.0,0.0,,-0.4298813113893262,0.4313931243269894
3365,NVB,453800.969360318,5678781.66194304,0.0,0.0,0.0,0.0,0.7936654686927795,,1.0006994009017944,0.0,0.0,,-0.2721346160300212,0.2661607798935426
3366,NVB,453801.671698581,5678781.440782,0.0,0.0,0.0,0.0,2.1287858486175537,,1.0035011768341064,0.0,0.0,,-0.1973072662083837,0.6483229933047597
3367,NVB,453802.373984707,5678781.22849872,0.0,0.0,0.0,0.0,2.3836781978607178,,1.0038244724273682,0.0,0.0,,0.5195943225920588,0.4039464861197848
3368,NVB,453803.102416693,5678780.98529535,0.0,0.0,0.0,0.0,4.889885425567627,,1.0068496465682983,0.0,0.0,,0.3703866962078304,0.8620867443540859
3369,NVB,453803.82222016,5678780.73760221,0.0,0.0,0.0,0.0,1.7335208654403689,,1.003473162651062,0.0,0.0,,0.679491496428223,0.2849747189267018
3370,NVB,453804.594041869,5678780.47467752,0.0,0.0,0.0,0.0,1.1397184133529663,,1.0016348361968994,0.0,0.0,,0.2116229085491962,0.6414283600641206
3371,NVB,453805.33118033,5678780.2226469,0.0,0.0,0.0,0.0,4.327066898345947,,1.015456199645996,0.0,0.0,,-0.4025741043799792,0.7358415151008343
3372,NVB,453806.024883351,5678779.99810551,0.0,0.0,0.0,0.0,0.9920967221260072,,1.0048750638961792,0.0,0.0,,0.3179750239963079,0.3515124081235498
3373,NVB,453806.727299456,5678779.76362728,0.0,0.0,0.0,0.0,2.5853843688964844,,1.0020428895950315,0.0,0.0,,-0.0503954787699659,-0.2399209456030518
3374,NVB,453807.516423496,5678779.5019136,0.0,0.0,0.0,0.0,4.394914150238037,,1.0039981603622437,0.0,0.0,,-0.8003717947664392,0.5795168680139073
3375,NVB,453808.166697521,5678779.30375159,0.0,0.0,0.0,0.0,3.3958740234375,,1.002342939376831,0.0,0.0,,-0.8701504306198465,0.4760062065551095
3376,NVB,453809.033751207,5678779.0358364,0.0,0.0,0.0,0.0,2.3056859970092773,,1.001901149749756,0.0,0.0,,-0.5111236087739729,0.7826870378095219
3377,NVB,453809.788257021,5678778.77391937,0.0,0.0,0.0,0.0,1.5444250106811523,,1.004531979560852,0.0,0.0,,0.6699346006677677,-0.0355582809570821
3378,NVB,453810.473474549,5678778.52047387,0.0,0.0,0.0,0.0,1.7547863721847534,,1.007793664932251,0.0,0.0,,0.1420349445591243,-0.1464119756281869
3379,NVB,453811.21038475,5678778.3072832,0.0,0.0,0.0,0.0,4.941383361816406,,1.03271746635437,0.0,0.0,,-0.1187208887201989,0.3386418429452926
3380,NVB,453811.999143891,5678778.10771384,0.0,0.0,0.0,0.0,0.2778467833995819,,1.003386378288269,0.0,0.0,,-0.0859151276325251,0.0930415630012528
3381,NVB,453812.787994139,5678777.89260821,0.0,0.0,0.0,0.0,6.1232099533081055,,1.0069239139556885,0.0,0.0,,-0.0209725921498828,0.7960292919793979
3382,NVB,453813.542284866,5678777.66731186,0.0,0.0,0.0,0.0,3.447460174560547,,1.0083742141723633,0.0,0.0,,0.3443892136911806,-0.5062772598396387
3383,NVB,453814.279286046,5678777.43858469,0.0,0.0,0.0,0.0,2.733693122863769,,1.0031189918518066,0.0,0.0,,0.0706567086318298,0.3286796912644869
3384,NVB,453815.016261142,5678777.21429638,0.0,0.0,0.0,0.0,2.072995185852051,,1.0048351287841797,0.0,0.0,,0.0070709174694923,0.2753573930634433
3385,NVB,453815.727227073,5678776.99762378,0.0,0.0,0.0,0.0,2.7705302238464355,,1.0044599771499634,0.0,0.0,,0.6515449046799947,0.1030061181984161
3386,NVB,453816.455488976,5678776.78327211,0.0,0.0,0.0,0.0,2.140714406967163,,1.0020736455917358,0.0,0.0,,0.8188938203613279,0.1804698488439412
3387,NVB,453817.218420984,5678776.56024563,0.0,0.0,0.0,0.0,2.1508030891418457,,1.0073721408843994,0.0,0.0,,0.5086642050899055,0.3137515767230683
3388,NVB,453818.068093407,5678776.30443492,0.0,0.0,0.0,0.0,7.062819004058838,,1.0317193269729614,0.0,0.0,,-0.3418342041145764,0.5025320619206336
3389,NVB,453818.77930003,5678776.0467021,0.0,0.0,0.0,0.0,4.210859298706055,,1.007236361503601,0.0,0.0,,0.9691792123741232,0.0395020543076092
3390,NVB,453819.473191066,5678775.78997741,0.0,0.0,0.0,0.0,5.264264106750488,,1.0155385732650757,0.0,0.0,,-0.0619937008975273,0.5773660986527124
3391,NVB,453820.132236158,5678775.57189007,0.0,0.0,0.0,0.0,1.0464015007019043,,1.0119000673294067,0.0,0.0,,-0.2334112368522836,-0.0632295338528243
3392,NVB,453820.877969574,5678775.32989633,0.0,0.0,0.0,0.0,6.646039962768555,,1.0298174619674685,0.0,0.0,,0.343909112973557,-0.0817867941322701
3393,NVB,453821.61519814,5678775.06232799,0.0,0.0,0.0,0.0,5.960312843322754,,1.0126397609710691,0.0,0.0,,-0.4298352304877511,0.1336554447088824
3394,NVB,453822.248435793,5678774.81745471,0.0,0.0,0.0,0.0,1.2816563844680786,,1.008418321609497,0.0,0.0,,0.4205902786678941,-0.2689874497019109
3395,NVB,453822.933606995,5678774.57177623,0.0,0.0,0.0,0.0,1.6976721286773682,,1.0606718063354492,0.0,0.0,,-0.1390030607150625,0.1051613297783379
3396,NVB,453823.688040302,5678774.32206489,0.0,0.0,0.0,0.0,2.986656427383423,,1.0099486112594604,0.0,0.0,,-0.0313956208195624,0.5371752299329314
3397,NVB,453824.451115057,5678774.07462369,0.0,0.0,0.0,0.0,7.635310173034668,,1.0317811965942385,0.0,0.0,,0.550440128139773,-0.2882147361676194
3398,NVB,453825.188200187,5678773.83146905,0.0,0.0,0.0,0.0,4.627146720886231,,1.0147172212600708,0.0,0.0,,0.1738233997641821,0.6223744942594652
3399,NVB,453825.890602131,5678773.59920857,0.0,0.0,0.0,0.0,3.440236568450928,,1.027284860610962,0.0,0.0,,0.51882799197021,0.0111040511610956
3400,NVB,453826.601697598,5678773.36034043,0.0,0.0,0.0,0.0,5.368151664733887,,1.039961814880371,0.0,0.0,,-0.0908427121075905,0.485716939966841
3401,NVB,453827.330089028,5678773.1237932,0.0,0.0,0.0,0.0,2.352193832397461,,1.0090042352676392,0.0,0.0,,0.2395808716029143,0.1198262554223486
3402,NVB,453828.058480416,5678772.88724589,0.0,0.0,0.0,0.0,3.652046442031861,,1.0437413454055786,0.0,0.0,,-0.3825782288063369,-0.0656233177620268
3403,NVB,453828.8388574,5678772.64101551,0.0,0.0,0.0,0.0,1.4144774675369265,,1.0091934204101562,0.0,0.0,,-0.1635234801658734,-0.0079482507158194
3404,NVB,453829.654008585,5678772.36835461,0.0,0.0,0.0,0.0,5.168871402740479,,1.0153206586837769,0.0,0.0,,-0.5582834323454132,0.3992366856675691
3405,NVB,453830.399481064,5678772.1707491,0.0,0.0,0.0,0.0,1.5781712532043457,,1.001319169998169,0.0,0.0,,0.2889981176790401,0.4196639982640686
3406,NVB,453831.127449242,5678772.00633384,0.0,0.0,0.0,0.0,0.7106092572212219,,1.0008351802825928,0.0,0.0,,-0.1738045709809021,0.0121188156648971
3407,NVB,453831.855515007,5678771.8252726,0.0,0.0,0.0,0.0,1.0016103982925415,,1.0007874965667725,0.0,0.0,,-0.1697878028817215,-0.3098600035711227
3408,NVB,453832.583691374,5678771.62534592,0.0,0.0,0.0,0.0,0.5390676856040955,,1.0005308389663696,0.0,0.0,,0.5640284657485557,0.1281437294481877
3409,NVB,453833.372846246,5678771.35808101,0.0,0.0,0.0,0.0,1.9227182865142824,,1.002254843711853,0.0,0.0,,-0.2350785759012146,0.1005453646784436
3410,NVB,453834.110080511,5678771.08940179,0.0,0.0,0.0,0.0,1.7953580617904663,,1.0039516687393188,0.0,0.0,,-0.1584992098284379,0.4733018406812815
3411,NVB,453834.76933303,5678770.83580193,0.0,0.0,0.0,0.0,3.2968103885650635,,1.008591890335083,0.0,0.0,,0.0682474644837462,-0.1646777286221817
3412,NVB,453835.46332068,5678770.56242991,0.0,0.0,0.0,0.0,4.362837791442871,,1.020977020263672,0.0,0.0,,-0.3405552883195792,0.4148650791935771
3413,NVB,453836.165917238,5678770.29687668,0.0,0.0,0.0,0.0,1.8891648054122925,,1.0012266635894775,0.0,0.0,,-0.0009430090222195,0.2689778144965628
3414,NVB,453836.902904032,5678770.07036687,0.0,0.0,0.0,0.0,2.546456813812256,,1.0025420188903809,0.0,0.0,,0.2264049682017002,0.7237755297908572
3415,NVB,453837.64842816,5678769.86388284,0.0,0.0,0.0,0.0,2.6628129482269287,,1.00339937210083,0.0,0.0,,0.0576638968407153,0.6105854293227814
3416,NVB,453838.454872172,5678769.60004811,0.0,0.0,0.0,0.0,1.1309523582458496,,1.0012006759643557,0.0,0.0,,-0.4748862905135671,0.7716849136486456
3417,NVB,453839.235333087,5678769.33939024,0.0,0.0,0.0,0.0,2.009025812149048,,1.0037989616394043,0.0,0.0,,-0.0955482648322317,-0.3727391627322181
3418,NVB,453839.989947546,5678769.05860494,0.0,0.0,0.0,0.0,2.50002670288086,,1.002396821975708,0.0,0.0,,-0.0582334984866726,0.7217390720394327
3419,NVB,453840.657945304,5678768.78951915,0.0,0.0,0.0,0.0,1.4379281997680664,,1.057133436203003,0.0,0.0,,0.1112011018499242,-0.0990828763513492
3420,NVB,453841.343278056,5678768.51609587,0.0,0.0,0.0,0.0,2.081987142562866,,1.0103493928909302,0.0,0.0,,0.0642794723076044,0.4857958452719784
3421,NVB,453842.123589111,5678768.28096146,0.0,0.0,0.0,0.0,2.352067708969116,,1.0034527778625488,0.0,0.0,,0.6999449855270109,0.300240610728305
3422,NVB,453842.921013943,5678768.07922031,0.0,0.0,0.0,0.0,4.628078460693359,,1.0097777843475342,0.0,0.0,,0.207385516241024,0.4618506847855366
3423,NVB,453843.744395744,5678767.87874103,0.0,0.0,0.0,0.0,2.425999641418457,,1.0021395683288574,0.0,0.0,,0.5860987830503914,0.4346900365799137
3424,NVB,453844.515830946,5678767.6812864,0.0,0.0,0.0,0.0,2.3914895057678223,,1.0046688318252563,0.0,0.0,,0.5476879918473182,0.0810586975406757
3425,NVB,453845.192281244,5678767.44665254,0.0,0.0,0.0,0.0,4.531338214874268,,1.0063080787658691,0.0,0.0,,-0.4348824652986474,0.4042885864431718
3426,NVB,453845.860239644,5678767.18422467,0.0,0.0,0.0,0.0,1.0697051286697388,,1.0011488199234009,0.0,0.0,,-0.146118778336164,0.3683560367285345
3427,NVB,453846.614964255,5678766.88457337,0.0,0.0,0.0,0.0,3.1443657875061035,,1.0074564218521118,0.0,0.0,,0.5736330997897486,0.5588116284858446
3428,NVB,453847.377972481,5678766.64822724,0.0,0.0,0.0,0.0,0.987976849079132,,1.0017437934875488,0.0,0.0,,-0.048062769323577,0.5325754969009324
3429,NVB,453848.149518065,5678766.43190688,0.0,0.0,0.0,0.0,0.5898140072822571,,1.0021443367004397,0.0,0.0,,-0.1711880494155491,0.4827528818159267
3430,NVB,453848.921271781,5678766.18007515,0.0,0.0,0.0,0.0,1.32320237159729,,1.0015919208526611,0.0,0.0,,-0.1561143268274226,0.9406872282537772
3431,NVB,453849.658374906,5678765.93358904,0.0,0.0,0.0,0.0,0.1309790313243866,,1.0002381801605225,0.0,0.0,,-0.1147962908318116,0.6380110796243622
3432,NVB,453850.360645289,5678765.72352095,0.0,0.0,0.0,0.0,2.599041700363159,,1.0019882917404177,0.0,0.0,,0.2305426052111354,0.511404535836203
3433,NVB,453851.106175141,5678765.51592593,0.0,0.0,0.0,0.0,4.2508039474487305,,1.0093202590942385,0.0,0.0,,0.1864129468025054,0.7444460307283521
3434,NVB,453851.938412618,5678765.28109496,0.0,0.0,0.0,0.0,2.8459255695343018,,1.003839135169983,0.0,0.0,,0.1846207113318594,0.1355809186891541
3435,NVB,453852.640676374,5678765.0721364,0.0,0.0,0.0,0.0,1.8152892589569087,,1.0035488605499268,0.0,0.0,,-0.2986950117303809,0.2511862832833611
3436,NVB,453853.308341593,5678764.85964567,0.0,0.0,0.0,0.0,2.0737435817718506,,1.0030364990234375,0.0,0.0,,0.2313835946887401,-0.2998986415438845
3437,NVB,453854.114732511,5678764.60468717,0.0,0.0,0.0,0.0,1.2867276668548584,,1.0030632019042969,0.0,0.0,,-0.2059028547522202,0.244601609823276
3438,NVB,453854.886401291,5678764.36728132,0.0,0.0,0.0,0.0,3.225107431411743,,1.0079454183578491,0.0,0.0,,0.851402672385424,0.3003247404176472
3439,NVB,453855.64948707,5678764.11761765,0.0,0.0,0.0,0.0,1.2211014032363892,,1.0023332834243774,0.0,0.0,,0.3295648094705905,0.3898850858125126
3440,NVB,453856.429940346,5678763.85806781,0.0,0.0,0.0,0.0,3.731257438659668,,1.0112597942352295,0.0,0.0,,0.1228020792263002,0.306704460392993
3441,NVB,453857.236344063,5678763.60088953,0.0,0.0,0.0,0.0,3.4715006351470947,,1.005626916885376,0.0,0.0,,0.2509693906866813,0.0184271566955847
3442,NVB,453857.860671479,5678763.39924207,0.0,0.0,0.0,0.0,1.877790927886963,,1.0083109140396118,0.0,0.0,,-0.044013693276707,-0.0761128076711984
3443,NVB,453858.667101119,5678763.13762473,0.0,0.0,0.0,0.0,3.413492441177368,,1.0163743495941162,0.0,0.0,,0.0516375279766725,-0.0973441699862306
3444,NVB,453859.473712819,5678762.84493492,0.0,0.0,0.0,0.0,3.062716245651245,,1.004707098007202,0.0,0.0,,0.6090384659273158,0.730288700088833
3445,NVB,453860.254243886,5678762.57206796,0.0,0.0,0.0,0.0,3.3730146884918213,,1.0070360898971558,0.0,0.0,,0.7302167418713016,-0.1581280571859797
3446,NVB,453860.99135931,5678762.32336134,0.0,0.0,0.0,0.0,3.865997791290283,,1.0159244537353516,0.0,0.0,,0.871854600294339,-0.0994955006117692
3447,NVB,453861.858532826,5678762.03435553,0.0,0.0,0.0,0.0,1.87315833568573,,1.007392406463623,0.0,0.0,,0.7693996404154103,0.5221482707610083
3448,NVB,453862.612683993,5678761.83235878,0.0,0.0,0.0,0.0,2.011897325515747,,1.0509029626846311,0.0,0.0,,0.5047827327158689,0.3601572783486476
3449,NVB,453863.280140544,5678761.65537852,0.0,0.0,0.0,0.0,3.1150362491607666,,1.008002758026123,0.0,0.0,,0.3652736168765242,-0.255968951124093
3450,NVB,453864.129634203,5678761.42952552,0.0,0.0,0.0,0.0,5.932540893554688,,1.009848952293396,0.0,0.0,,0.3614795256743211,0.7183926449766016
3451,NVB,453864.927324386,5678761.18228329,0.0,0.0,0.0,0.0,4.71823787689209,,1.0069249868392944,0.0,0.0,,0.6206273454556709,0.494383908184816
3452,NVB,453865.68174202,5678760.93478739,0.0,0.0,0.0,0.0,1.0160372257232666,,1.0081665515899658,0.0,0.0,,0.6773106060679069,0.0798155534866151
3453,NVB,453866.375519591,5678760.69692397,0.0,0.0,0.0,0.0,2.6417622566223145,,1.0062106847763062,0.0,0.0,,-0.0745898186788422,0.8992387320233908
3454,NVB,453867.086619121,5678760.45694245,0.0,0.0,0.0,0.0,1.8467304706573489,,1.0023233890533447,0.0,0.0,,0.0198155176982991,0.9422731721142186
3455,NVB,453867.927711652,5678760.18775893,0.0,0.0,0.0,0.0,2.403366804122925,,1.0092543363571167,0.0,0.0,,0.3055241060151518,0.2940768638065
3456,NVB,453868.595415045,5678759.96860855,0.0,0.0,0.0,0.0,1.6264251470565796,,1.0022575855255127,0.0,0.0,,0.0379674278097194,0.0128145397283424
3457,NVB,453869.453992039,5678759.66956363,0.0,0.0,0.0,0.0,2.936784029006958,,1.003604531288147,0.0,0.0,,0.7244222687944127,0.4100300184920095
3458,NVB,453870.251805414,5678759.40123603,0.0,0.0,0.0,0.0,2.442216396331787,,1.0046305656433103,0.0,0.0,,-0.2669845206411452,0.280078721576154
3459,NVB,453871.014805673,5678759.16599735,0.0,0.0,0.0,0.0,2.985934257507324,,1.0039664506912231,0.0,0.0,,0.5319871467100966,-0.0735405934032036
3460,NVB,453871.742830273,5678758.9915908,0.0,0.0,0.0,0.0,2.990569829940796,,1.007750391960144,0.0,0.0,,-0.1111551197883513,0.5381200382973753
3461,NVB,453872.496980883,5678758.78959311,0.0,0.0,0.0,0.0,3.287761688232422,,1.0031805038452148,0.0,0.0,,0.0786378698763286,0.0310967052628774
3462,NVB,453873.260065541,5678758.53992775,0.0,0.0,0.0,0.0,1.437962770462036,,1.0020195245742798,0.0,0.0,,0.1031548014348583,-0.5169322895167415
3463,NVB,453873.875685618,5678758.34710614,0.0,0.0,0.0,0.0,2.6905150413513184,,1.003605604171753,0.0,0.0,,-0.0092834313411946,0.5968666082908437
3464,NVB,453874.725432179,5678758.07797261,0.0,0.0,0.0,0.0,4.638095378875732,,1.005587458610535,0.0,0.0,,0.6302358582688323,0.5561490513241558
3465,NVB,453875.419170202,5678757.84676676,0.0,0.0,0.0,0.0,2.4928975105285645,,1.0038743019104004,0.0,0.0,,0.2072846800463974,0.6229965073255531
3466,NVB,453876.164978192,5678757.59145106,0.0,0.0,0.0,0.0,4.08251953125,,1.00551176071167,0.0,0.0,,0.1064532344610994,-0.0547387695710227
3467,NVB,453876.936899156,5678757.31076365,0.0,0.0,0.0,0.0,1.5464460849761963,,1.0089850425720217,0.0,0.0,,-0.4308634455357945,0.0851550621752325
3468,NVB,453877.674013543,5678757.06205548,0.0,0.0,0.0,0.0,3.6732780933380127,,1.0057992935180664,0.0,0.0,,0.3732328870739363,0.8098165278454038
3469,NVB,453878.454179303,5678756.85133151,0.0,0.0,0.0,0.0,4.171634674072266,,1.0048792362213137,0.0,0.0,,0.4266186237976697,0.7967258743423334
3470,NVB,453879.243097032,5678756.62401224,0.0,0.0,0.0,0.0,1.214833378791809,,1.0037829875946045,0.0,0.0,,0.4842722830607435,0.153253354277237
3471,NVB,453879.885427926,5678756.30372352,0.0,0.0,0.0,0.0,2.590607166290283,,1.0030906200408936,0.0,0.0,,-0.0439950632246119,0.5422774646202438
3472,NVB,453880.44196797,5678755.85419927,0.0,0.0,0.0,0.0,3.720243453979492,,1.0056781768798828,0.0,0.0,,-0.1588795929785275,-0.2062141869446091
3473,NVB,453880.912346591,5678755.33869402,0.0,0.0,0.0,0.0,5.003655910491943,,1.015071988105774,0.0,0.0,,0.052839510417196,0.8941918423366711
3474,NVB,453881.252842763,5678754.83352552,0.0,0.0,0.0,0.0,3.4231770038604736,,1.004389405250549,0.0,0.0,,0.0026171580432707,0.7366430102405124
3475,NVB,453881.611265466,5678754.22303423,0.0,0.0,0.0,0.0,2.0041961669921875,,1.006974458694458,0.0,0.0,,0.2028331870057264,0.5909937802608453
3476,NVB,453881.960858102,5678753.64245488,0.0,0.0,0.0,0.0,2.8730597496032715,,1.002809762954712,0.0,0.0,,0.5673665391954608,0.5886409063541138
3477,NVB,453882.250090287,5678753.02378986,0.0,0.0,0.0,0.0,1.5988095998764038,,1.0046433210372925,0.0,0.0,,0.2215894329320051,0.5046515026513746
3478,NVB,453882.426872578,5678752.3944782,0.0,0.0,0.0,0.0,1.093367576599121,,1.0069016218185425,0.0,0.0,,0.2655737151919514,0.2253924517169467
3479,NVB,453882.508481472,5678751.76016994,0.0,0.0,0.0,0.0,2.0801544189453125,,1.0057945251464844,0.0,0.0,,0.2830150214094694,0.4090057558020013
3480,NVB,453882.46023403,5678751.13175956,0.0,0.0,0.0,0.0,3.5228090286254883,,1.010814547538757,0.0,0.0,,0.341205457058803,0.2719972850370373
3481,NVB,453882.377284142,5678750.51757286,0.0,0.0,0.0,0.0,1.1550642251968384,,1.001869797706604,0.0,0.0,,0.1842108830309557,0.0298374896124049
3482,NVB,453882.277129308,5678749.88552911,0.0,0.0,0.0,0.0,2.372997045516968,,1.0102834701538086,0.0,0.0,,0.4010117425888508,0.2999908068303006
3483,NVB,453882.203731059,5678749.11825061,0.0,0.0,0.0,0.0,4.799610137939453,,1.0131011009216309,0.0,0.0,,-0.1368823190269978,0.1677821852775363
3484,NVB,453882.112698812,5678748.40635712,0.0,0.0,0.0,0.0,8.33539867401123,,1.0200942754745483,0.0,0.0,,0.3275078394226495,0.3333875757763516
3485,NVB,453882.003954553,5678747.76316538,0.0,0.0,0.0,0.0,3.5719618797302246,,1.0120751857757568,0.0,0.0,,0.1896395978638054,0.4326378056897734
3486,NVB,453881.887569981,5678746.94680533,0.0,0.0,0.0,0.0,8.213805198669434,,1.028303623199463,0.0,0.0,,-0.5029216148959915,0.4630188546008482
3487,NVB,453881.831441763,5678746.18628659,0.0,0.0,0.0,0.0,10.70932388305664,,1.094683051109314,0.0,0.0,,0.4018278030059489,0.4543829725988403
3488,ALG,453881.757900577,5678745.44342209,0.0,0.0,0.0,0.0,2.9191176891326904,,1.0206384658813477,0.0,0.0,,0.397642579589308,-0.1462397617888007
3489,ALG,453881.65831145,5678744.71483197,0.0,0.0,0.0,0.0,2.5689055919647217,,1.003857135772705,0.0,0.0,,-0.5220462796675354,0.0835924364685396
3490,ALG,453881.549937845,5678744.00838571,0.0,0.0,0.0,0.0,1.286412239074707,,1.0011696815490725,0.0,0.0,,0.5451175621234671,0.218126923097775
3491,ALG,453881.467748732,5678743.26436078,0.0,0.0,0.0,0.0,2.053061008453369,,1.0054584741592407,0.0,0.0,,0.5642568955746977,-0.0913502849832167
3492,ALG,453881.472370962,5678742.475344,0.0,0.0,0.0,0.0,4.722716808319092,,1.0206725597381592,0.0,0.0,,0.4468099680182176,0.3287643906058157
3493,ALG,453881.476895676,5678741.70297313,0.0,0.0,0.0,0.0,1.270032286643982,,1.004204273223877,0.0,0.0,,0.4067224566605192,0.1012728009038694
3494,ALG,453881.429838088,5678740.87148247,0.0,0.0,0.0,0.0,2.5661871433258057,,1.002060890197754,0.0,0.0,,0.5061327757818729,-0.4569449046593131
3495,ALG,453881.35679108,5678740.04427863,0.0,0.0,0.0,0.0,4.72999382019043,,1.0085504055023191,0.0,0.0,,0.8100757520488653,-0.3038091580582981
3496,ALG,453881.24898317,5678739.24128599,0.0,0.0,0.0,0.0,4.028156280517578,,1.003138542175293,0.0,0.0,,0.5231203750494658,-0.719957116753165
3497,ALG,453881.106921445,5678738.37594578,0.0,0.0,0.0,0.0,1.9946569204330444,,1.0025925636291504,0.0,0.0,,0.2585993583783749,-0.4915976915352129
3498,ALG,453880.938441258,5678737.58813444,0.0,0.0,0.0,0.0,2.568800926208496,,1.004477620124817,0.0,0.0,,0.7179549876008396,-0.0884701600347973
3499,ALG,453880.708846711,5678736.8909659,0.0,0.0,0.0,0.0,2.5578489303588867,,1.0035609006881714,0.0,0.0,,0.8715698456775942,-0.0458524153623766
3500,ALG,453880.505436658,5678736.1562187,0.0,0.0,0.0,0.0,4.785954475402832,,1.0099066495895386,0.0,0.0,,0.2890347105761173,-0.665428202706428
3501,ALG,453880.380033901,5678735.40195269,0.0,0.0,0.0,0.0,0.7741736173629761,,1.0046696662902832,0.0,0.0,,0.1683163990907867,-0.7697398781906645
3502,ALG,453880.263370152,5678734.63331092,0.0,0.0,0.0,0.0,2.682603120803833,,1.0049158334732056,0.0,0.0,,0.2549776858315518,0.4944665698360146
3503,ALG,453880.137928438,5678733.88570328,0.0,0.0,0.0,0.0,5.123591899871826,,1.0181459188461304,0.0,0.0,,0.1854243349182565,0.2401296998049285
3504,ALG,453880.012772804,5678733.08926759,0.0,0.0,0.0,0.0,4.321377277374268,,1.0132625102996826,0.0,0.0,,0.7371678529919684,-0.1479441494156607
3505,ALG,453879.99957916,5678732.38670819,0.0,0.0,0.0,0.0,1.129679560661316,,1.001062035560608,0.0,0.0,,0.3205296354045803,0.1820485923317335
3506,ALG,453880.158727208,5678731.81278157,0.0,0.0,0.0,0.0,1.7239419221878052,,1.002864956855774,0.0,0.0,,0.749667392767786,-0.0545933666485399
3507,ALG,453880.24924412,5678731.13524461,0.0,0.0,0.0,0.0,2.410950899124145,,1.012950420379639,0.0,0.0,,0.1494387623906144,0.4758537115342856
3508,ALG,453880.133549143,5678730.20125332,0.0,0.0,0.0,0.0,6.010196685791016,,1.0087368488311768,0.0,0.0,,0.4785547718182019,0.0993676995553132
3509,ALG,453879.999719608,5678729.40809611,0.0,0.0,0.0,0.0,8.965869903564453,,1.05176043510437,0.0,0.0,,0.1316371919042659,-0.7202212635055196
3510,ALG,453879.84789854,5678728.73135896,0.0,0.0,0.0,0.0,2.979753971099853,,1.0163989067077637,0.0,0.0,,0.2826300228041467,0.3895669103915933
3511,ALG,453879.67919766,5678727.98127833,0.0,0.0,0.0,0.0,6.263833045959473,,1.0328993797302246,0.0,0.0,,0.1753238357305576,0.3117275217771895
3512,ALG,453879.484650455,5678727.21107049,0.0,0.0,0.0,0.0,6.404414653778076,,1.0427137613296509,0.0,0.0,,0.6654248266279583,0.3027290521729142
3513,ALG,453879.298530204,5678726.47975383,0.0,0.0,0.0,0.0,4.821769714355469,,1.0250977277755735,0.0,0.0,,0.0321779357182219,-0.1168001599757123
3514,ALG,453879.11256602,5678725.72180369,0.0,0.0,0.0,0.0,5.0109639167785645,,1.0295639038085938,0.0,0.0,,-0.5751128117634657,-0.0340092675685511
3515,ALG,453878.927213005,5678724.85953909,0.0,0.0,0.0,0.0,7.469094276428223,,1.0176035165786743,0.0,0.0,,0.5791021890706308,0.6593792359454732
3516,ALG,453878.802051154,5678724.0642131,0.0,0.0,0.0,0.0,1.27060866355896,,1.0339773893356323,0.0,0.0,,0.073508317361038,0.2860901038321352
3517,ALG,453878.702735677,5678723.28901432,0.0,0.0,0.0,0.0,3.163862705230713,,1.0194783210754397,0.0,0.0,,-0.6232293888179662,-0.0342806115183399
3518,ALG,453878.61183412,5678722.55492618,0.0,0.0,0.0,0.0,1.8279074430465696,,1.0046988725662231,0.0,0.0,,-0.4817778749855574,0.451195040995579
3519,ALG,453878.486737356,5678721.7485029,0.0,0.0,0.0,0.0,7.090130805969238,,1.0093778371810913,0.0,0.0,,0.6798103559782737,0.3596448249325775
3520,ALG,453878.37933312,5678720.87670705,0.0,0.0,0.0,0.0,4.133676052093506,,1.006994128227234,0.0,0.0,,0.42830335172804,0.2140113522942431
3521,ALG,453878.323322502,5678720.09621314,0.0,0.0,0.0,0.0,1.1619430780410769,,1.0023374557495115,0.0,0.0,,0.3350537584098216,0.2354294954598857
3522,ALG,453878.310454135,5678719.33816731,0.0,0.0,0.0,0.0,1.3462387323379517,,1.0049715042114258,0.0,0.0,,-0.0154812660236273,0.1187098295680008
3523,ALG,453878.210852704,5678718.61179656,0.0,0.0,0.0,0.0,3.357994318008423,,1.0110671520233154,0.0,0.0,,0.4655737454381696,-0.2031992946943699
3524,ALG,453878.007183328,5678717.9214384,0.0,0.0,0.0,0.0,5.585853099822998,,1.0172860622406006,0.0,0.0,,0.4784513011196409,0.1124305012942645
3525,ALG,453877.726326108,5678717.11077324,0.0,0.0,0.0,0.0,3.7314612865448,,1.0079224109649658,0.0,0.0,,-0.6622585893971583,0.2330544962645431
3526,ALG,453877.350829149,5678716.20411369,0.0,0.0,0.0,0.0,4.968113899230957,,1.0140386819839478,0.0,0.0,,-0.0103323355601119,0.7139742683427274
3527,ALG,453877.130767757,5678715.3571824,0.0,0.0,0.0,0.0,2.068590879440308,,1.0052672624588013,0.0,0.0,,-0.0314605584266056,0.4967734808860638
3528,ALG,453877.075036889,5678714.52897015,0.0,0.0,0.0,0.0,6.233354568481445,,1.0182976722717283,0.0,0.0,,-0.1993610980513371,-0.2400756307436869
3529,ALG,453877.036543407,5678713.71306633,0.0,0.0,0.0,0.0,2.0987234115600586,,1.0048043727874756,0.0,0.0,,0.1616818354322309,0.1322026057637958
3530,ALG,453876.998069443,5678712.89383331,0.0,0.0,0.0,0.0,1.85048508644104,,1.006784200668335,0.0,0.0,,-0.0979075632614655,-0.1112884507850633
3531,ALG,453876.933541131,5678712.08998438,0.0,0.0,0.0,0.0,8.680724143981934,,1.035961031913757,0.0,0.0,,0.6980562317475808,0.6590511282351207
3532,ALG,453876.921394615,5678711.20875869,0.0,0.0,0.0,0.0,11.25643825531006,,1.0667510032653809,0.0,0.0,,-0.4470142537165698,0.0286272459956575
3533,ALG,453876.961714408,5678710.23572979,0.0,0.0,0.0,0.0,2.9107329845428467,,1.0118883848190308,0.0,0.0,,-0.2528801004365708,-0.2438384831659272
3534,ALG,453876.958280856,5678709.34456725,0.0,0.0,0.0,0.0,6.68630838394165,,1.009319305419922,0.0,0.0,,0.3154228918611104,-0.870711774910307
3535,ALG,453876.876541227,5678708.52397098,0.0,0.0,0.0,0.0,4.436726093292236,,1.00520122051239,0.0,0.0,,0.009846011240671,-0.7974248347623666
3536,ALG,453876.769273915,5678707.62887079,0.0,0.0,0.0,0.0,2.3596487045288086,,1.0032471418380735,0.0,0.0,,-0.3649344604511297,0.1198353425727112
3537,ALG,453876.635516669,5678706.82350648,0.0,0.0,0.0,0.0,3.764093637466431,,1.0075253248214722,0.0,0.0,,0.387722850628123,0.2238259979988714
3538,ALG,453876.501245807,5678706.1058107,0.0,0.0,0.0,0.0,7.068704128265381,,1.0325523614883425,0.0,0.0,,0.3813660215476285,-0.0580254094280346
3539,ALG,453876.349867653,5678705.35361192,0.0,0.0,0.0,0.0,8.10921859741211,,1.0416247844696045,0.0,0.0,,-0.0561303300120348,-0.2281906445295736
3540,ALG,453876.189659548,5678704.63132511,0.0,0.0,0.0,0.0,2.220175266265869,,1.0115721225738523,0.0,0.0,,0.2769123090373294,-0.0510652846586202
3541,ALG,453876.029991124,5678703.81693083,0.0,0.0,0.0,0.0,2.7649013996124268,,1.0155608654022217,0.0,0.0,,0.4134287719786213,-0.5029604827400884
3542,ALG,453875.91317879,5678703.0738127,0.0,0.0,0.0,0.0,5.3675456047058105,,1.0173418521881104,0.0,0.0,,-0.5368725890306568,-0.2873626922764596
3543,ALG,453875.804877869,5678702.35515929,0.0,0.0,0.0,0.0,9.125273704528809,,1.029835820198059,0.0,0.0,,0.613876971160045,0.0562941017805508
3544,ALG,453875.71415892,5678701.58999871,0.0,0.0,0.0,0.0,2.6310343742370605,,1.0193288326263428,0.0,0.0,,-0.3180634352670407,-0.3231354813209337
3545,ALG,453875.615052133,5678700.77928855,0.0,0.0,0.0,0.0,4.311317443847656,,1.0171842575073242,0.0,0.0,,0.5933030356290537,0.110240015490207
3546,ALG,453875.584355077,5678700.10991954,0.0,0.0,0.0,0.0,1.7247437238693235,,1.0376046895980835,0.0,0.0,,0.2408385731529007,0.1162007543985572
3547,ALG,453875.59797049,5678699.26324754,0.0,0.0,0.0,0.0,4.233954429626465,,1.0662037134170532,0.0,0.0,,-0.0575925575711724,0.5500976410439292
3548,NVB,453875.472614376,5678698.5012133,0.0,0.0,0.0,0.0,3.174161672592163,,1.010067343711853,0.0,0.0,,0.5497264546387897,0.0321965875801014
3549,NVB,453875.165157669,5678697.79914927,0.0,0.0,0.0,0.0,2.6540651321411133,,1.009639859199524,0.0,0.0,,0.8087039276006888,-0.3629665932088659
3550,NVB,453874.830872957,5678697.24452698,0.0,0.0,0.0,0.0,6.802173614501953,,1.037163257598877,0.0,0.0,,0.5245553380872728,-0.1630375466777029
3551,NVB,453874.426988749,5678696.75164379,0.0,0.0,0.0,0.0,2.878260612487793,,1.063915133476257,0.0,0.0,,0.0997232500961531,-0.5681271300706139
3552,NVB,453873.936235211,5678696.31373991,0.0,0.0,0.0,0.0,3.051990509033203,,1.0118352174758911,0.0,0.0,,0.3218583390846153,-0.1368920378920545
3553,NVB,453873.444733967,5678696.00345476,0.0,0.0,0.0,0.0,3.695131063461304,,1.0117048025131226,0.0,0.0,,0.3867175822190843,-0.0499653802692727
3554,NVB,453872.909433937,5678695.78280403,0.0,0.0,0.0,0.0,2.08127498626709,,1.009695053100586,0.0,0.0,,0.4688831710463834,-0.7743504408332448
3555,SGZ,453872.347591947,5678695.66076695,0.0,0.0,0.0,0.0,3.416731595993042,,1.0122761726379397,0.0,0.0,,0.5822319561549477,-0.1154421925681143
3556,SGZ,453871.78515174,5678695.64082484,0.0,0.0,0.0,0.0,7.048459053039551,,1.0212466716766355,0.0,0.0,,0.4990287874757212,-0.4853778186771553
3557,SGZ,453871.170193239,5678695.72156369,0.0,0.0,0.0,0.0,2.5782244205474854,,1.0308760404586792,0.0,0.0,,0.1556672655541543,-0.2084094801309894
3558,SGZ,453870.554688503,5678695.89551968,0.0,0.0,0.0,0.0,2.244936943054199,,1.004138708114624,0.0,0.0,,-0.0695352313111433,-0.2106320243422339
3559,SGZ,453869.956063415,5678696.14281911,0.0,0.0,0.0,0.0,3.749493837356568,,1.0371215343475342,0.0,0.0,,-0.1150598133037809,-0.0407350925354822
3560,SGZ,453869.287559083,5678696.4995759,0.0,0.0,0.0,0.0,4.765615463256836,,1.037293553352356,0.0,0.0,,0.354853836219722,0.2161835250312371
3561,SGZ,453868.696977062,5678696.85124042,0.0,0.0,0.0,0.0,4.311737060546875,,1.040893793106079,0.0,0.0,,0.5472919066692751,0.1392317064076118
3562,SGZ,453868.011072713,5678697.22343187,0.0,0.0,0.0,0.0,7.063745975494385,,1.0259952545166016,0.0,0.0,,0.6584946429558425,-0.3718275436728133
3563,SGZ,453867.264593798,5678697.59415852,0.0,0.0,0.0,0.0,2.0124168395996094,,1.0048398971557615,0.0,0.0,,0.3738432343212564,-0.1207493178567487
3564,SGZ,453866.457631358,5678697.94788415,0.0,0.0,0.0,0.0,6.77787446975708,,1.0197720527648926,0.0,0.0,,-0.2021895121981442,-0.4794220184885999
3565,SGZ,453865.642203011,5678698.26937687,0.0,0.0,0.0,0.0,4.1262054443359375,,1.0078370571136477,0.0,0.0,,0.3372116787669084,0.4642728213144835
3566,SGZ,453864.878740198,5678698.58451544,0.0,0.0,0.0,0.0,3.765833139419556,,1.012655258178711,0.0,0.0,,0.796814939668557,-0.0158160795781312
3567,SGZ,453864.080588058,5678698.91165808,0.0,0.0,0.0,0.0,3.853915214538574,,1.0081758499145508,0.0,0.0,,0.9027588656669844,-0.0023535617760014
3568,SGZ,453863.195833014,5678699.24828098,0.0,0.0,0.0,0.0,4.835666656494141,,1.006701946258545,0.0,0.0,,0.869407810063143,0.3757774246631937
3569,SGZ,453862.397960401,5678699.52770513,0.0,0.0,0.0,0.0,3.696969985961914,,1.0073367357254028,0.0,0.0,,0.5807219894864887,0.1943442691172542
3570,SGZ,453861.678218261,5678699.76652574,0.0,0.0,0.0,0.0,2.448845386505127,,1.0039293766021729,0.0,0.0,,0.7185764566907942,-0.6044903011438566
3571,SGZ,453860.854343219,5678700.05245593,0.0,0.0,0.0,0.0,7.985115051269531,,1.0427409410476685,0.0,0.0,,0.3109197320554364,-0.312928961172543
3572,SGZ,453860.047724949,5678700.34736531,0.0,0.0,0.0,0.0,1.4645261764526367,,1.0030617713928225,0.0,0.0,,0.7516156953010974,0.2603501582957208
3573,SGZ,453859.267089429,5678700.6390976,0.0,0.0,0.0,0.0,2.4629664421081543,,1.008895993232727,0.0,0.0,,0.3773262448896062,-0.0351041904542768
3574,SGZ,453858.390955887,5678700.98131934,0.0,0.0,0.0,0.0,2.59270977973938,,1.0143169164657593,0.0,0.0,,0.7097148322365604,0.5146537797126897
3575,SGZ,453857.627531539,5678701.28979884,0.0,0.0,0.0,0.0,2.8061869144439697,,1.0333393812179563,0.0,0.0,,0.520503835376455,-0.0077623652887415
3576,SGZ,453856.786399358,5678701.56674933,0.0,0.0,0.0,0.0,1.49380362033844,,1.008379578590393,0.0,0.0,,0.590209049168764,-0.2452670897324338
3577,SGZ,453855.919446917,5678701.81913352,0.0,0.0,0.0,0.0,6.558967590332031,,1.0355418920516968,0.0,0.0,,0.2912218796901287,0.3013444806166521
3578,SGZ,453855.035224583,5678702.06475779,0.0,0.0,0.0,0.0,2.6673269271850586,,1.0046932697296145,0.0,0.0,,0.6215119319767836,0.6093274529676744
3579,SGZ,453854.159728176,5678702.29822568,0.0,0.0,0.0,0.0,1.4546006917953491,,1.0425206422805786,0.0,0.0,,0.4234686447520633,0.3567266881759064
3580,SGZ,453853.344754218,5678702.54203614,0.0,0.0,0.0,0.0,2.4118363857269287,,1.0025144815444946,0.0,0.0,,0.7562683665871788,0.0160811472487926
3581,SGZ,453852.564339398,5678702.79603701,0.0,0.0,0.0,0.0,1.787203311920166,,1.0021259784698486,0.0,0.0,,0.856066947802089,-0.1646074397578974
3582,SGZ,453851.818483721,5678703.06022828,0.0,0.0,0.0,0.0,1.3594074249267578,,1.000756025314331,0.0,0.0,,0.0545719942155194,0.5974089549941115
3583,SGZ,453851.037880142,5678703.34641111,0.0,0.0,0.0,0.0,3.973325252532959,,1.016537308692932,0.0,0.0,,0.4926362019986263,0.321927274177835
3584,SGZ,453850.239902581,5678703.64358968,0.0,0.0,0.0,0.0,5.721289157867432,,1.0138320922851562,0.0,0.0,,0.4731453207031408,0.0898592715361202
3585,SGZ,453849.459402975,5678703.91201671,0.0,0.0,0.0,0.0,8.829619407653809,,1.0310345888137815,0.0,0.0,,0.1355181177942679,-0.0849808367542041
3586,SGZ,453848.67895536,5678704.17156583,0.0,0.0,0.0,0.0,0.5124886631965637,,1.002791166305542,0.0,0.0,,-0.2202951941453934,0.279026471026123
3587,SGZ,453847.863831397,5678704.44089948,0.0,0.0,0.0,0.0,1.574332594871521,,1.0038914680480957,0.0,0.0,,0.4521623056854258,0.188807780020435
3588,SGZ,453846.961941801,5678704.74745643,0.0,0.0,0.0,0.0,3.702699899673462,,1.0559346675872805,0.0,0.0,,-0.0274896059074986,0.2978644165548372
3589,SGZ,453846.189933757,5678705.04367708,0.0,0.0,0.0,0.0,1.7296807765960691,,1.0072388648986816,0.0,0.0,,-0.4884965395477866,-0.3632503257053845
3590,SGZ,453845.40047364,5678705.3642102,0.0,0.0,0.0,0.0,2.124328851699829,,1.0046868324279783,0.0,0.0,,0.3433261225928795,0.4101733395501628
3591,SGZ,453844.593659039,5678705.69240986,0.0,0.0,0.0,0.0,2.813170909881592,,1.006558179855347,0.0,0.0,,-0.0627022110201383,0.3044148137971909
3592,SGZ,453843.882017167,5678706.0256065,0.0,0.0,0.0,0.0,0.7083384990692139,,1.0046581029891968,0.0,0.0,,0.4320894112817375,-0.2476758485295585
3593,SGZ,453843.213627908,5678706.36238597,0.0,0.0,0.0,0.0,0.689300000667572,,1.003852128982544,0.0,0.0,,0.0656522968161975,0.0590494045470101
3594,SGZ,453842.502194129,5678706.66007119,0.0,0.0,0.0,0.0,2.1203691959381104,,1.0064526796340942,0.0,0.0,,0.2336201243165483,-0.0237223619173845
3595,SGZ,453841.756318215,5678706.9275907,0.0,0.0,0.0,0.0,6.090569496154785,,1.0085018873214722,0.0,0.0,,0.6386576747301635,-0.1996216145358055
3596,SGZ,453840.915399577,5678707.16791846,0.0,0.0,0.0,0.0,3.6883327960968018,,1.0106781721115112,0.0,0.0,,-0.3885419271565859,0.2742159007599143
3597,SGZ,453840.12663527,5678707.36971012,0.0,0.0,0.0,0.0,1.34455406665802,,1.0019209384918213,0.0,0.0,,0.0405049761027381,0.0421234629130273
3598,SGZ,453839.389992771,5678707.53851433,0.0,0.0,0.0,0.0,1.1818503141403198,,1.0115987062454224,0.0,0.0,,0.2708430470291476,-0.1231367081097044
3599,SGZ,453838.506055567,5678707.73530871,0.0,0.0,0.0,0.0,1.5743848085403442,,1.005297064781189,0.0,0.0,,0.5021569878142217,0.213073247866728
3600,SGZ,453837.708818899,5678707.90597699,0.0,0.0,0.0,0.0,3.850769519805908,,1.0034825801849363,0.0,0.0,,-0.4009703061207814,0.6201234147180649
3601,SGZ,453836.971870451,5678708.1269382,0.0,0.0,0.0,0.0,4.8193678855896,,1.005959391593933,0.0,0.0,,0.0566899462282518,-0.674546535677161
3602,SGZ,453836.252074663,5678708.37463433,0.0,0.0,0.0,0.0,0.7683945894241333,,1.0124822854995728,0.0,0.0,,0.2452662178718786,-0.3477122502528552
3603,SGZ,453835.462991238,5678708.63080221,0.0,0.0,0.0,0.0,1.986742615699768,,1.0013244152069092,0.0,0.0,,-0.3077774129315948,-0.5151251294926716
3604,SGZ,453834.717199489,5678708.88389459,0.0,0.0,0.0,0.0,5.131221771240234,,1.004734754562378,0.0,0.0,,-0.8956462062185832,0.2837725794589737
3605,SGZ,453833.902009464,5678709.16432409,0.0,0.0,0.0,0.0,0.1816543042659759,,1.0013362169265747,0.0,0.0,,-0.2234138395416727,-0.2359513216705868
3606,SGZ,453833.104134767,5678709.44374528,0.0,0.0,0.0,0.0,1.9717940092086792,,1.0032548904418943,0.0,0.0,,0.3979171962304175,0.5013908088507676
3607,SGZ,453832.297592559,5678709.72533509,0.0,0.0,0.0,0.0,3.4459939002990723,,1.0069481134414673,0.0,0.0,,-0.2020188392415275,0.0631456829280131
3608,SGZ,453831.560363933,5678709.99401411,0.0,0.0,0.0,0.0,4.919023513793945,,1.0225578546524048,0.0,0.0,,0.3420270858211691,-0.3675492266267381
3609,SGZ,453830.849189699,5678710.24730915,0.0,0.0,0.0,0.0,6.048686981201172,,1.0224835872650146,0.0,0.0,,0.0995963122759038,0.5745357547214235
3610,SGZ,453830.155298273,5678710.50514454,0.0,0.0,0.0,0.0,10.648905754089355,,1.097737431526184,0.0,0.0,,-0.2707170824523411,0.0747906735345836
3611,SGZ,453829.409330442,5678710.78819908,0.0,0.0,0.0,0.0,2.6442039012908936,,1.0083091259002686,0.0,0.0,,0.032126426392175,0.9312108632003926
3612,SGZ,453828.585270796,5678711.10519831,0.0,0.0,0.0,0.0,2.0248732566833496,,1.0018187761306765,0.0,0.0,,0.2882380549032519,-0.2010489698090995
3613,SGZ,453827.81323538,5678711.40585608,0.0,0.0,0.0,0.0,3.983250141143799,,1.0053287744522097,0.0,0.0,,0.218181419405838,0.913093856893723
3614,SGZ,453827.023864981,5678711.71085117,0.0,0.0,0.0,0.0,3.3839619159698486,,1.0076137781143188,0.0,0.0,,0.2628723838497251,0.7918217616361872
3615,SGZ,453826.277623547,5678712.040514,0.0,0.0,0.0,0.0,1.174576759338379,,1.005350112915039,0.0,0.0,,0.492851823915742,-0.5914428578219483
3616,SGZ,453825.566084453,5678712.35595335,0.0,0.0,0.0,0.0,7.678055763244629,,1.0296690464019775,0.0,0.0,,-0.0454245799485911,0.5198574012158619
3617,SGZ,453824.785355294,5678712.66321843,0.0,0.0,0.0,0.0,1.611642599105835,,1.0024421215057373,0.0,0.0,,0.1289473939764608,-0.5898057743181034
3618,SGZ,453824.030706579,5678712.95066061,0.0,0.0,0.0,0.0,7.031144618988037,,1.018379807472229,0.0,0.0,,0.4340564993460651,0.1867570986074435
3619,SGZ,453823.302229443,5678713.20274371,0.0,0.0,0.0,0.0,5.522355079650879,,1.0084282159805298,0.0,0.0,,-0.3204226642722514,0.7292779628218495
3620,SGZ,453822.435183468,5678713.47066043,0.0,0.0,0.0,0.0,2.767475128173828,,1.0076377391815186,0.0,0.0,,-0.4686936438955045,-0.3687108438785503
3621,SGZ,453821.637626886,5678713.69570377,0.0,0.0,0.0,0.0,4.121404647827148,,1.0100198984146118,0.0,0.0,,-0.3194700847116698,0.0645654239936293
3622,SGZ,453820.970069236,5678713.89043615,0.0,0.0,0.0,0.0,2.336153268814087,,1.013827204704285,0.0,0.0,,0.0452579211946977,-0.3061723540438829
3623,SGZ,453820.111723119,5678714.15063527,0.0,0.0,0.0,0.0,3.7668888568878174,,1.008012294769287,0.0,0.0,,0.4472363529870318,0.4971743411518012
3624,SGZ,453819.357197772,5678714.41699218,0.0,0.0,0.0,0.0,4.327914237976074,,1.007272720336914,0.0,0.0,,0.0578602474592244,0.4350438490015407
3625,SGZ,453818.645964144,5678714.68027367,0.0,0.0,0.0,0.0,4.546399593353272,,1.0093269348144531,0.0,0.0,,0.3273727801341684,-0.4140829792690872
3626,SGZ,453817.926134609,5678714.93351677,0.0,0.0,0.0,0.0,2.2556285858154297,,1.0057262182235718,0.0,0.0,,-0.0242853693678127,0.6549483332945644
3627,SGZ,453817.16294815,5678715.20093242,0.0,0.0,0.0,0.0,2.453090190887451,,1.0046778917312622,0.0,0.0,,0.3666228916634487,0.1634941798777212
3628,SGZ,453816.399833253,5678715.45614098,0.0,0.0,0.0,0.0,1.6304218769073486,,1.0038968324661257,0.0,0.0,,0.2569917946079831,0.6348120195443471
3629,SGZ,453815.610780997,5678715.70675824,0.0,0.0,0.0,0.0,2.3091070652008057,,1.0031580924987793,0.0,0.0,,0.8277426753852031,0.1219203430604504
3630,SGZ,453814.813067732,5678715.95843438,0.0,0.0,0.0,0.0,2.592136144638061,,1.0029631853103638,0.0,0.0,,0.1348139562938076,0.6837282608332949
3631,SGZ,453813.998084577,5678716.20335052,0.0,0.0,0.0,0.0,2.055152416229248,,1.0029726028442385,0.0,0.0,,-0.1972799537516291,-0.5007798289205994
3632,NVB,453813.209077742,5678716.44619944,0.0,0.0,0.0,0.0,1.6844217777252195,,1.0009382963180542,0.0,0.0,,-0.606656654116792,-0.2989627334212412
3633,NVB,453812.385205645,5678716.73101486,0.0,0.0,0.0,0.0,1.1010888814926147,,1.0036725997924805,0.0,0.0,,0.0977440556488847,0.3387401178231928
3634,NVB,453811.622090439,5678716.98622296,0.0,0.0,0.0,0.0,2.21513032913208,,1.0054744482040403,0.0,0.0,,-0.2399916345981293,0.1156284307142745
3635,NVB,453810.910745624,5678717.26836914,0.0,0.0,0.0,0.0,3.2659268379211426,,1.0121303796768188,0.0,0.0,,0.5043967257364629,0.0362048781712063
3636,NVB,453810.208048697,5678717.55167576,0.0,0.0,0.0,0.0,3.131643056869507,,1.0059908628463743,0.0,0.0,,0.2798607571022161,0.5513845340881173
3637,NVB,453809.418833245,5678717.83003561,0.0,0.0,0.0,0.0,0.6606510877609253,,1.0110273361206057,0.0,0.0,,0.095121124461351,0.3494586228281688
3638,NVB,453808.62087864,5678718.12277107,0.0,0.0,0.0,0.0,2.336158037185669,,1.0069855451583862,0.0,0.0,,-0.0391589674362842,0.7396497529235493
3639,NVB,453807.848913374,5678718.41121988,0.0,0.0,0.0,0.0,4.3993239402771,,1.0264990329742432,0.0,0.0,,0.3587163693743924,0.0192274372453621
3640,NVB,453807.051232133,5678718.65734659,0.0,0.0,0.0,0.0,1.4879722595214844,,1.0095382928848269,0.0,0.0,,-0.1125677806847315,0.167505985655877
3641,NVB,453806.227561436,5678718.90775978,0.0,0.0,0.0,0.0,2.0149285793304443,,1.013088941574097,0.0,0.0,,0.4599430798651542,0.1916139115198599
3642,NVB,453805.351416975,5678719.25108538,0.0,0.0,0.0,0.0,4.118505954742432,,1.0089948177337646,0.0,0.0,,0.4044039662935605,0.5525106895783409
3643,NVB,453804.553312293,5678719.56934417,0.0,0.0,0.0,0.0,3.2360169887542725,,1.0034011602401731,0.0,0.0,,0.292976961793257,0.6134037233556596
3644,NVB,453803.764194113,5678719.83105754,0.0,0.0,0.0,0.0,1.4672690629959106,,1.0025643110275269,0.0,0.0,,0.4435591564842323,0.5129863174913721
3645,NVB,453802.957747434,5678720.09599843,0.0,0.0,0.0,0.0,2.086854934692383,,1.0094653367996216,0.0,0.0,,0.0940776153963249,0.2974004072849512
3646,NVB,453802.185912008,5678720.36225212,0.0,0.0,0.0,0.0,1.279022455215454,,1.002212405204773,0.0,0.0,,0.2836378610226355,0.4547655538027248
3647,NVB,453801.466179089,5678720.5988478,0.0,0.0,0.0,0.0,1.3055404424667358,,1.001656413078308,0.0,0.0,,0.0211273495525717,0.6795304159680464
3648,NVB,453800.720469738,5678720.8375105,0.0,0.0,0.0,0.0,0.762466549873352,,1.0012178421020508,0.0,0.0,,0.0213736680627569,-0.3819731698498266
3649,NVB,453799.931136384,5678721.13584452,0.0,0.0,0.0,0.0,0.6581892967224121,,1.000410556793213,0.0,0.0,,0.4404356075923514,0.3834912320601194
3650,NVB,453799.202533955,5678721.40901024,0.0,0.0,0.0,0.0,1.9633969068527224,,1.0008580684661863,0.0,0.0,,0.6205123505221187,0.1926231660006604
3651,NVB,453798.49151392,5678721.63566888,0.0,0.0,0.0,0.0,2.854905843734741,,1.0043549537658691,0.0,0.0,,0.0804715020260529,0.88360964593542
3652,NVB,453797.702395323,5678721.89738164,0.0,0.0,0.0,0.0,1.3979109525680542,,1.0030335187911987,0.0,0.0,,0.1906084926497237,0.4076999054406263
3653,NVB,453796.93063769,5678722.15031807,0.0,0.0,0.0,0.0,1.034706473350525,,1.0006239414215088,0.0,0.0,,0.1926110571658829,0.2563963863626368
3654,NVB,453796.098149008,5678722.42842263,0.0,0.0,0.0,0.0,1.0159600973129272,,1.001126050949097,0.0,0.0,,0.300589783410804,0.8465574732749226
3655,NVB,453795.361106798,5678722.66491617,0.0,0.0,0.0,0.0,2.3181772232055664,,1.0015753507614136,0.0,0.0,,-0.0793436060348394,0.699604705051034
3656,NVB,453794.650249368,5678722.86383126,0.0,0.0,0.0,0.0,1.133307933807373,,1.00137460231781,0.0,0.0,,0.0606616446410155,0.7593649401538783
3657,NVB,453793.913422014,5678723.06370362,0.0,0.0,0.0,0.0,0.2343015074729919,,1.0020443201065063,0.0,0.0,,-0.0381280664542367,0.4344689259286909
3658,NVB,453793.063448344,5678723.37166893,0.0,0.0,0.0,0.0,1.037631869316101,,1.0019285678863523,0.0,0.0,,-0.0110021330436506,0.2448126525309151
3659,NVB,453791.406623276,5678724.01337702,0.0,0.0,0.0,0.0,1.091311812400818,,1.0022861957550049,0.0,0.0,,-0.1690113336175174,-0.2177568339817236
3660,NVB,453790.652219743,5678724.25864635,0.0,0.0,0.0,0.0,1.531304121017456,,1.0016000270843506,0.0,0.0,,-0.3599474598894379,-0.0744096267993413
3661,NVB,453789.828417635,5678724.5312524,0.0,0.0,0.0,0.0,1.849778652191162,,1.002129316329956,0.0,0.0,,-0.1166490826549982,0.1963236926184123
3662,NVB,453789.117097392,5678724.80895771,0.0,0.0,0.0,0.0,1.3034553527832031,,1.005007266998291,0.0,0.0,,-0.5459524789599086,0.0208891675052428
3663,NVB,453788.379800686,5678725.08872999,0.0,0.0,0.0,0.0,0.8820140361785889,,1.0028966665267944,0.0,0.0,,0.0513311187470045,-0.2162389589520469
3664,NVB,453787.642679814,5678725.33853955,0.0,0.0,0.0,0.0,7.868711948394775,,1.0396771430969238,0.0,0.0,,-0.1014697575466036,0.933350081368876
3665,NVB,453786.905584953,5678725.58391012,0.0,0.0,0.0,0.0,3.0966360569000244,,1.0714502334594729,0.0,0.0,,-0.1057815409683971,-0.021065281803338
3666,NVB,453786.168307639,5678725.86035302,0.0,0.0,0.0,0.0,4.661476135253906,,1.0288368463516235,0.0,0.0,,-0.49604156180377,-0.0369551085858348
3667,NVB,453785.457013199,5678726.13361908,0.0,0.0,0.0,0.0,4.512630462646484,,1.0352976322174072,0.0,0.0,,-0.2750376212449281,-0.1282076232531652
3668,NVB,453784.719735781,5678726.41006185,0.0,0.0,0.0,0.0,3.780613422393799,,1.0120506286621094,0.0,0.0,,-0.2667950494831365,0.5179814624600642
3669,NVB,453783.852452452,5678726.71792455,0.0,0.0,0.0,0.0,2.506424188613892,,1.0030505657196045,0.0,0.0,,-0.08405356475725,0.6104646115888523
3670,NVB,453783.037128403,5678727.02054337,0.0,0.0,0.0,0.0,2.9006032943725586,,1.0063223838806152,0.0,0.0,,-0.1264619711719281,-0.5958365999188288
3671,NVB,453782.264985394,5678727.33895235,0.0,0.0,0.0,0.0,0.8155506253242493,,1.000770926475525,0.0,0.0,,-0.1436177372633226,0.4376637542492611
3672,NVB,453781.432137292,5678727.67809042,0.0,0.0,0.0,0.0,3.201621055603028,,1.010897159576416,0.0,0.0,,-0.4519143845479761,0.6304163038163175
3673,NVB,453780.512705392,5678728.02337867,0.0,0.0,0.0,0.0,1.8901488780975344,,1.0033652782440186,0.0,0.0,,-0.240951110535817,0.4617786816454268
3674,NVB,453779.723390074,5678728.31838148,0.0,0.0,0.0,0.0,1.2475446462631226,,1.0019426345825195,0.0,0.0,,0.1374539402962713,0.508849903777653
3675,SGZ,453778.925498417,5678728.60001666,0.0,0.0,0.0,0.0,1.45049786567688,,1.0003926753997805,0.0,0.0,,0.4144120033337557,0.828958073589534
3676,SGZ,453778.084484242,5678728.85587394,0.0,0.0,0.0,0.0,2.386862277984619,,1.0019985437393188,0.0,0.0,,-0.2004167051332755,0.3293299166657904
3677,SGZ,453777.304214155,5678729.08434363,0.0,0.0,0.0,0.0,0.2567974030971527,,1.0010453462600708,0.0,0.0,,-0.1125030324559372,0.3569602502578832
3678,SGZ,453776.489378292,5678729.30373215,0.0,0.0,0.0,0.0,1.4361318349838257,,1.0114117860794067,0.0,0.0,,-0.0853743449919847,0.8154663084843804
3679,SGZ,453775.674614054,5678729.51091357,0.0,0.0,0.0,0.0,0.8476812839508057,,1.0004864931106567,0.0,0.0,,-0.03795544992909,0.7486102344804001
3680,SGZ,453774.842592973,5678729.70911546,0.0,0.0,0.0,0.0,0.4214150905609131,,1.0009130239486694,0.0,0.0,,-0.0481436881256696,0.1554298052780241
3681,SGZ,453774.062374834,5678729.928707,0.0,0.0,0.0,0.0,0.2778122127056122,,1.0004199743270874,0.0,0.0,,-0.1976379948170991,0.6819739899712639
3682,SGZ,453773.35119037,5678730.18310659,0.0,0.0,0.0,0.0,0.5873156189918518,,1.001697659492493,0.0,0.0,,-0.56445068171094,0.5773408961794216
3683,SGZ,453772.579248656,5678730.46711304,0.0,0.0,0.0,0.0,1.5901856422424316,,1.002696514129639,0.0,0.0,,-0.2428039447640735,-0.2912878665769519
3684,SGZ,453771.885418642,5678730.71384604,0.0,0.0,0.0,0.0,6.191488265991211,,1.0159252882003784,0.0,0.0,,-0.4322242960645918,0.2545892497027913
3685,SGZ,453771.287035344,5678730.91896834,0.0,0.0,0.0,0.0,6.074643135070801,,1.0163838863372805,0.0,0.0,,-0.4975022654015079,-0.5217193114964727
3686,SGZ,453770.60195095,5678731.15021585,0.0,0.0,0.0,0.0,6.675680160522461,,1.0435659885406494,0.0,0.0,,0.0138589799716464,0.4646471473867872
3687,SGZ,453769.786704118,5678731.43951656,0.0,0.0,0.0,0.0,1.9529228210449217,,1.00789475440979,0.0,0.0,,0.1496279916211207,-0.2676459516077044
3688,SGZ,453769.049425637,5678731.71595786,0.0,0.0,0.0,0.0,4.101853370666504,,1.0095242261886597,0.0,0.0,,-0.2354780547101963,0.3811246353212724
3689,SGZ,453768.242917873,5678731.99088277,0.0,0.0,0.0,0.0,7.39382791519165,,1.0388445854187012,0.0,0.0,,0.2582154168712433,0.0639678864948848
3690,SGZ,453767.358363432,5678732.29198365,0.0,0.0,0.0,0.0,4.242644786834717,,1.0034875869750977,0.0,0.0,,0.4672534792966245,0.1911217553887586
3691,SGZ,453766.577916714,5678732.55041495,0.0,0.0,0.0,0.0,2.727271556854248,,1.021653175354004,0.0,0.0,,-0.059867826144323,0.5930426249356836
3692,SGZ,453765.901577746,5678732.76617668,0.0,0.0,0.0,0.0,7.958830833435059,,1.1182048320770264,0.0,0.0,,-0.3169560266640983,0.0561098998029117
3693,SGZ,453765.164507554,5678733.00710631,0.0,0.0,0.0,0.0,11.754583358764648,,1.0362635850906372,0.0,0.0,,0.4879224078671729,-0.4208383785170724
3694,SGZ,453764.436033129,5678733.25807426,0.0,0.0,0.0,0.0,3.406176805496216,,1.010006070137024,0.0,0.0,,0.0925885111306354,0.6995309108955862
3695,SGZ,453763.707297951,5678733.55343128,0.0,0.0,0.0,0.0,2.585231304168701,,1.0212256908416748,0.0,0.0,,-0.5809161190149852,0.5133108103403187
3696,SGZ,453762.93470377,5678733.94840962,0.0,0.0,0.0,0.0,2.0492208003997803,,1.0067312717437744,0.0,0.0,,-0.230308305622174,-0.2926866986108273
3697,SGZ,453762.248973591,5678734.28951951,0.0,0.0,0.0,0.0,2.678901433944702,,1.070077419281006,0.0,0.0,,0.437862219739648,-0.3999895494385811
3698,SGZ,453761.528755825,5678734.60823145,0.0,0.0,0.0,0.0,5.400238513946533,,1.0296839475631714,0.0,0.0,,-0.5857862221301958,0.2936488968023962
3699,SGZ,453760.782809239,5678734.88684061,0.0,0.0,0.0,0.0,6.208471775054932,,1.0469835996627808,0.0,0.0,,-0.5707196141597751,-0.1716458973397479
3700,SGZ,453760.037149399,5678735.11662165,0.0,0.0,0.0,0.0,4.591477394104004,,1.0157984495162964,0.0,0.0,,-0.5765500546135195,0.0806697737512525
3701,SGZ,453759.300248278,5678735.32869781,0.0,0.0,0.0,0.0,4.324182510375977,,1.0456762313842771,0.0,0.0,,-0.2644301272681191,-0.2195232255949488
3702,SGZ,453758.511478952,5678735.53048132,0.0,0.0,0.0,0.0,2.055515766143799,,1.0171465873718262,0.0,0.0,,-0.3166519090802741,-0.6391562435167772
3703,SGZ,453757.696843942,5678735.71546633,0.0,0.0,0.0,0.0,10.954811096191406,,1.032630205154419,0.0,0.0,,-0.4547314449500368,0.2209455799896206
3704,SGZ,453756.916820264,5678735.90176433,0.0,0.0,0.0,0.0,3.679078578948975,,1.046694040298462,0.0,0.0,,-0.123929875185157,-0.1324634772671955
3705,SGZ,453756.102113474,5678736.09895618,0.0,0.0,0.0,0.0,3.789306640625,,1.1017833948135376,0.0,0.0,,-0.0366233009453956,-0.0340919296192553
3706,SGZ,453755.252684447,5678736.31370025,0.0,0.0,0.0,0.0,6.901339530944824,,1.0445321798324585,0.0,0.0,,-0.719284429704631,-0.0962961282514038
3707,SGZ,453754.524411478,5678736.53026571,0.0,0.0,0.0,0.0,5.4253363609313965,,1.0216758251190186,0.0,0.0,,0.0169753446427626,0.5026379717687243
3708,SGZ,453753.856589396,5678736.76938155,0.0,0.0,0.0,0.0,5.8603105545043945,,1.0145466327667236,0.0,0.0,,0.2386021328227132,-0.5213402229751801
3709,SGZ,453753.162725624,5678737.02166155,0.0,0.0,0.0,0.0,2.796427726745605,,1.0081475973129272,0.0,0.0,,0.2986134906771297,-0.0084620090610281
3710,SGZ,453752.451428996,5678737.29492464,0.0,0.0,0.0,0.0,2.6964550018310547,,1.0196582078933716,0.0,0.0,,0.0805026086172768,0.6265325568715552
3711,SGZ,453751.661981275,5678737.61211922,0.0,0.0,0.0,0.0,7.531095504760742,,1.0564212799072266,0.0,0.0,,0.4891221323836381,-0.0770464618958489
3712,SGZ,453750.855204981,5678737.93254122,0.0,0.0,0.0,0.0,2.3224942684173584,,1.0135438442230225,0.0,0.0,,0.1522210057013855,0.0830720023684973
3713,SGZ,453750.091824869,5678738.23213251,0.0,0.0,0.0,0.0,7.742257118225098,,1.053538799285889,0.0,0.0,,-0.2779075095917962,-0.3963181497535115
3714,SGZ,453749.345779727,5678738.52738652,0.0,0.0,0.0,0.0,9.17984390258789,,1.060168743133545,0.0,0.0,,-0.4536715272272937,0.3753951923572895
3715,SGZ,453748.651759177,5678738.8062996,0.0,0.0,0.0,0.0,7.49888801574707,,1.1369173526763916,0.0,0.0,,0.0101081256399121,-0.351938290191018
3716,SGZ,453747.957732058,5678739.08632235,0.0,0.0,0.0,0.0,4.09432315826416,,1.0932406187057495,0.0,0.0,,0.1769913467395817,-0.0396917921655373
3717,SGZ,453747.298270634,5678739.37542626,0.0,0.0,0.0,0.0,1.8452394008636477,,1.0229580402374268,0.0,0.0,,-0.1357757874839891,-0.1283484278443414
3718,SGZ,453746.58699314,5678739.64535964,0.0,0.0,0.0,0.0,1.1874467134475708,,1.0095621347427368,0.0,0.0,,0.0255081829161618,0.2218976340409024
3719,SGZ,453745.858667451,5678739.87080213,0.0,0.0,0.0,0.0,6.356480121612549,,1.0382415056228638,0.0,0.0,,0.3092437372289314,0.0632202876649878
3720,SGZ,453745.130322159,5678740.09957373,0.0,0.0,0.0,0.0,5.078567028045654,,1.0737861394882202,0.0,0.0,,0.2716032057365192,0.1888376193859472
3721,SGZ,453744.375902544,5678740.3470581,0.0,0.0,0.0,0.0,6.508518695831299,,1.0351239442825315,0.0,0.0,,0.2692797875251236,-0.153026660373316
3722,SGZ,453743.534762058,5678740.62399654,0.0,0.0,0.0,0.0,12.473470687866213,,1.0359586477279663,0.0,0.0,,0.4979862840876468,0.6072233869054378
3723,SGZ,453742.780401026,5678740.8614932,0.0,0.0,0.0,0.0,3.2934610843658447,,1.0067356824874878,0.0,0.0,,0.1235915930366351,-0.5319248069063728
3724,SGZ,453742.034785717,5678741.08350445,0.0,0.0,0.0,0.0,2.4712612628936768,,1.002236008644104,0.0,0.0,,0.2823807045961089,0.7572238463573965
3725,SGZ,453741.375871646,5678741.27939068,0.0,0.0,0.0,0.0,4.587793827056885,,1.0106092691421509,0.0,0.0,,-0.1413392726261523,0.5822621342097457
3726,SGZ,453740.673593859,5678741.49055878,0.0,0.0,0.0,0.0,3.792738914489746,,1.005861520767212,0.0,0.0,,0.3292984427546606,-0.5513784993332188
3727,SGZ,453739.884510404,5678741.7456074,0.0,0.0,0.0,0.0,1.4367103576660156,,1.008237361907959,0.0,0.0,,0.3491872279219669,0.3319150409129013
3728,SGZ,453739.130005688,5678742.00751774,0.0,0.0,0.0,0.0,5.755703926086426,,1.0133612155914309,0.0,0.0,,-0.6819937979617189,0.4302870054391918
3729,SGZ,453738.392862047,5678742.26065189,0.0,0.0,0.0,0.0,1.8109419345855715,,1.0121440887451172,0.0,0.0,,-0.2977161736173164,-0.3176532347905342
3730,SGZ,453737.647011711,5678742.52261294,0.0,0.0,0.0,0.0,1.571812868118286,,1.0012764930725098,0.0,0.0,,0.0417694652039563,0.8779015785617889
3731,SGZ,453736.909770153,5678742.79239288,0.0,0.0,0.0,0.0,2.0797829627990723,,1.0201401710510254,0.0,0.0,,0.0312985580318965,0.2043499691454615
3732,SGZ,453736.146519454,5678743.06978827,0.0,0.0,0.0,0.0,0.7723769545555115,,1.003028154373169,0.0,0.0,,0.2274144901327608,0.0943548930058131
3733,SGZ,453735.357331342,5678743.34259208,0.0,0.0,0.0,0.0,3.423151016235352,,1.0055257081985474,0.0,0.0,,0.0747203604782916,0.6080512039560301
3734,NVB,453734.602708927,5678743.6244771,0.0,0.0,0.0,0.0,0.8982736468315125,,1.0139575004577637,0.0,0.0,,-0.1742850785799593,-0.2826147890751207
3735,FMAT,453733.856708326,5678743.91196154,0.0,0.0,0.0,0.0,1.7502155303955078,,1.0022746324539185,0.0,0.0,,-0.2928397514855459,0.1908447018548925
3736,FMAT,453733.145371253,5678744.19188127,0.0,0.0,0.0,0.0,2.203086853027344,,1.002302885055542,0.0,0.0,,-0.049952687698849,0.4403669154392569
3737,FMAT,453731.575257688,5678744.8041228,0.0,0.0,0.0,0.0,3.98882508277893,,1.0172699689865112,0.0,0.0,,0.2462780038717311,-0.0103594830036434
3738,FMAT,453730.803260803,5678745.097003,0.0,0.0,0.0,0.0,2.7514827251434326,,1.0114446878433228,0.0,0.0,,-0.6279242898003831,0.1266722631319513
3739,FMAT,453730.048638051,5678745.37888758,0.0,0.0,0.0,0.0,6.982115268707275,,1.021537184715271,0.0,0.0,,-0.368303308492022,-0.2553122487412331
3740,FMAT,453729.302780609,5678745.64195757,0.0,0.0,0.0,0.0,2.792274713516236,,1.034459352493286,0.0,0.0,,-0.216267223939181,-0.1887783908581093
3741,FMAT,453728.548275155,5678745.9038669,0.0,0.0,0.0,0.0,2.0169498920440674,,1.0014034509658811,0.0,0.0,,0.0616563604247847,0.713243222530655
3742,FMAT,453727.733090421,5678746.18206599,0.0,0.0,0.0,0.0,4.496195316314697,,1.0057700872421265,0.0,0.0,,-0.6195640114835681,0.4305129291318733
3743,FMAT,453726.987311097,5678746.43181903,0.0,0.0,0.0,0.0,4.227882385253906,,1.0049645900726318,0.0,0.0,,0.6319808037718179,0.1527244763664163
3744,FMAT,453726.328291823,5678746.64545966,0.0,0.0,0.0,0.0,3.6861867904663086,,1.0113468170166016,0.0,0.0,,0.266896294862519,0.5853916953440489
3745,FMAT,453725.5132961,5678746.89147641,0.0,0.0,0.0,0.0,6.890585422515869,,1.0440157651901243,0.0,0.0,,0.2020964019040157,-0.0377857018278742
3746,FMAT,453724.785021295,5678747.10803913,0.0,0.0,0.0,0.0,3.834425687789917,,1.002915859222412,0.0,0.0,,0.4085715893171689,-0.0663770258540267
3747,FMAT,453724.030835183,5678747.31557133,0.0,0.0,0.0,0.0,4.83524227142334,,1.0382059812545776,0.0,0.0,,-0.0011463887590685,0.6867300231472333
3748,FMAT,453723.250692096,5678747.52184112,0.0,0.0,0.0,0.0,1.663209080696106,,1.01376211643219,0.0,0.0,,-0.1536182107701967,0.0687092384327581
3749,FMAT,453722.461613976,5678747.77577827,0.0,0.0,0.0,0.0,4.018747806549072,,1.004799246788025,0.0,0.0,,0.3074816491301745,0.8615756120768937
3750,FMAT,453721.750276134,5678748.05569698,0.0,0.0,0.0,0.0,1.950274109840393,,1.0051902532577517,0.0,0.0,,0.2332552866700565,0.3332323552341272
3751,FMAT,453721.012831265,5678748.35987701,0.0,0.0,0.0,0.0,1.98579216003418,,1.0151580572128296,0.0,0.0,,0.1215569736410854,-0.3214147995394413
3752,FMAT,453720.31014128,5678748.64095619,0.0,0.0,0.0,0.0,5.205879211425781,,1.0272705554962158,0.0,0.0,,0.6387783114110747,0.4707911901035529
3753,FMAT,453719.590161841,5678748.91860436,0.0,0.0,0.0,0.0,2.1580734252929688,,1.0141838788986206,0.0,0.0,,0.1170833326951478,0.6017066441086002
3754,FMAT,453718.913611363,5678749.16987338,0.0,0.0,0.0,0.0,5.11868953704834,,1.0303871631622314,0.0,0.0,,0.383417903122968,0.3120526958179601
3755,FMAT,453718.245858855,5678749.3967792,0.0,0.0,0.0,0.0,3.181337118148804,,1.006086826324463,0.0,0.0,,0.1520761388492559,0.4409692306380759
3756,FMAT,453717.604030625,5678749.63049598,0.0,0.0,0.0,0.0,4.342808723449707,,1.0179002285003662,0.0,0.0,,0.4772156096677607,0.2420050387334968
3757,FMAT,453716.927388682,5678749.89730103,0.0,0.0,0.0,0.0,2.8404135704040527,,1.0200245380401611,0.0,0.0,,-0.1124046261228919,0.7133138150914097
3758,FMAT,453716.216043922,5678750.17832896,0.0,0.0,0.0,0.0,3.533324718475342,,1.00343656539917,0.0,0.0,,0.5607800670307265,-0.7122034996806503
3759,FMAT,453715.522092904,5678750.44503213,0.0,0.0,0.0,0.0,1.9230605363845823,,1.001175880432129,0.0,0.0,,-0.0767593010641232,0.8425240376874475
3760,FMAT,453714.793491263,5678750.71708034,0.0,0.0,0.0,0.0,1.9595574140548704,,1.0024795532226562,0.0,0.0,,-0.0474172098597373,0.8921286547219452
3761,FMAT,453714.056345997,5678750.97021222,0.0,0.0,0.0,0.0,3.0485565662384038,,1.02641761302948,0.0,0.0,,0.1407376291595983,-0.0054098562303292
3762,FMAT,453713.241297228,5678751.22510553,0.0,0.0,0.0,0.0,6.8254008293151855,,1.0121243000030518,0.0,0.0,,0.7967689726580137,0.4999832335531171
3763,FMAT,453712.564922513,5678751.44641135,0.0,0.0,0.0,0.0,4.901254653930664,,1.0047025680541992,0.0,0.0,,0.0429702581066182,0.7639060529998362
3764,FMAT,453711.853877599,5678751.67639139,0.0,0.0,0.0,0.0,5.825379371643066,,1.019176959991455,0.0,0.0,,0.6257727192949954,0.4654638956951714
3765,FMAT,453711.099566717,5678751.9050072,0.0,0.0,0.0,0.0,4.284409523010254,,1.019194722175598,0.0,0.0,,0.0205619375159249,-0.1839374605761219
3766,FMAT,453710.388593493,5678752.12278009,0.0,0.0,0.0,0.0,1.79652202129364,,1.0640475749969482,0.0,0.0,,-0.1680922405570111,0.0182361086292093
3767,FMAT,453709.660272094,5678752.34710952,0.0,0.0,0.0,0.0,1.676788091659546,,1.0057976245880127,0.0,0.0,,0.1024484337015139,0.3550239310714111
3768,FMAT,453708.923250487,5678752.57915608,0.0,0.0,0.0,0.0,5.059751987457275,,1.037660002708435,0.0,0.0,,0.5681125783399712,0.7020423598997749
3769,FMAT,453708.203590021,5678752.80242654,0.0,0.0,0.0,0.0,1.599489688873291,,1.0022523403167725,0.0,0.0,,0.6910490532448471,0.3506684310028264
3770,FMAT,453707.449076629,5678753.06544358,0.0,0.0,0.0,0.0,3.8818743228912354,,1.0071972608566284,0.0,0.0,,0.0574056709490354,0.799474768445566
3771,FMAT,453706.746431405,5678753.33875345,0.0,0.0,0.0,0.0,1.914313077926636,,1.005263090133667,0.0,0.0,,0.1765735887268013,-0.45521486917323
3772,FMAT,453706.113133006,5678753.59360502,0.0,0.0,0.0,0.0,7.309714794158935,,1.054309606552124,0.0,0.0,,0.2990464359446518,0.8503093998908047
3773,FMAT,453705.462473375,5678753.85723259,0.0,0.0,0.0,0.0,0.8506887555122375,,1.0016647577285769,0.0,0.0,,0.67741856490172,0.1240117287906886
3774,FMAT,453704.733714434,5678754.15591335,0.0,0.0,0.0,0.0,2.145857334136963,,1.0129117965698242,0.0,0.0,,-0.3629037959445307,-0.1648398114544686
3775,FMAT,453704.100579053,5678754.38302155,0.0,0.0,0.0,0.0,3.4205400943756104,,1.016283631324768,0.0,0.0,,-0.3050754519062946,-0.0783593152904778
3776,FMAT,453703.250735418,5678754.66767292,0.0,0.0,0.0,0.0,0.5204013586044312,,1.0132901668548584,0.0,0.0,,-0.1956479808137585,0.0529344257209809
3777,FMAT,453702.582897137,5678754.90900389,0.0,0.0,0.0,0.0,3.2992806434631348,,1.0060876607894895,0.0,0.0,,0.4216266409977873,0.2889805649809877
3778,FMAT,453701.784973823,5678755.1950702,0.0,0.0,0.0,0.0,4.110745429992676,,1.0122909545898438,0.0,0.0,,0.1511654637870051,0.335666566244206
3779,FMAT,453701.143098935,5678755.43655374,0.0,0.0,0.0,0.0,4.873932838439941,,1.0347063541412354,0.0,0.0,,0.3172784682151723,0.5303950054419886
3780,FMAT,453700.501178318,5678755.68580532,0.0,0.0,0.0,0.0,4.995131492614746,,1.058483004570007,0.0,0.0,,0.1614285844917834,0.4763402248371571
3781,FMAT,453699.850603166,5678755.93500595,0.0,0.0,0.0,0.0,3.3326988220214844,,1.0159978866577148,0.0,0.0,,-0.1887911025633605,-0.0197863108411754
3782,FMAT,453699.18274509,5678756.17966582,0.0,0.0,0.0,0.0,1.6947273015975952,,1.0082169771194458,0.0,0.0,,-0.5426336800666239,0.3154831825895703
3783,FMAT,453698.410948177,5678756.43814128,0.0,0.0,0.0,0.0,5.097397804260254,,1.031111717224121,0.0,0.0,,-0.4056945499834752,0.0539372557814232
3784,FMAT,453697.769249305,5678756.64966188,0.0,0.0,0.0,0.0,4.861541271209717,,1.0455375909805298,0.0,0.0,,-0.3039533991491714,-0.2060334312645945
3785,FMAT,453697.075532044,5678756.87641321,0.0,0.0,0.0,0.0,13.593945503234863,,1.0881859064102173,0.0,0.0,,0.2321892559685713,0.4162239333588442
3786,FMAT,453696.321194109,5678757.10946653,0.0,0.0,0.0,0.0,3.359367847442627,,1.0137903690338137,0.0,0.0,,-0.0075884823118021,0.2733625990678499
3787,FMAT,453695.618894067,5678757.32395981,0.0,0.0,0.0,0.0,12.250030517578123,,1.0638427734375,0.0,0.0,,-0.1126774936111947,0.3532298425786104
3788,FMAT,453694.916593986,5678757.53845304,0.0,0.0,0.0,0.0,6.54512357711792,,1.1421351432800293,0.0,0.0,,0.0414226549161355,-0.5542835564375249
3789,FMAT,453694.205456602,5678757.78396769,0.0,0.0,0.0,0.0,3.639977216720581,,1.0118125677108765,0.0,0.0,,-0.0770393607780673,0.4663798816997778
3790,FMAT,453693.485586349,5678758.0427481,0.0,0.0,0.0,0.0,8.728960037231445,,1.0669397115707395,0.0,0.0,,0.1915678599374388,-0.0799696234600987
3791,FMAT,453692.757192097,5678758.27928298,0.0,0.0,0.0,0.0,3.1524600982666016,,1.0649096965789795,0.0,0.0,,-0.3088607431331777,-0.0078845744514187
3792,FMAT,453692.054839628,5678758.50265378,0.0,0.0,0.0,0.0,3.6685307025909424,,1.0391428470611572,0.0,0.0,,-0.4528176855838809,-0.0869448335844385
3793,FMAT,453691.361122033,5678758.72940461,0.0,0.0,0.0,0.0,9.336443901062012,,1.0326107740402222,0.0,0.0,,0.6093874517890515,-0.4182830453230726
3794,FMAT,453690.650023594,5678758.96826057,0.0,0.0,0.0,0.0,7.171586036682129,,1.0577712059020996,0.0,0.0,,0.1470303847955388,0.3388736656362133
3795,FMAT,453689.852269153,5678759.22547274,0.0,0.0,0.0,0.0,5.264185428619385,,1.0379793643951416,0.0,0.0,,-0.1243033898990428,0.3727922782042929
3796,FMAT,453689.10660485,5678759.45524709,0.0,0.0,0.0,0.0,0.884489893913269,,1.0032628774642944,0.0,0.0,,0.3308496366762496,0.1216633374244802
3797,FMAT,453688.369503609,5678759.70060849,0.0,0.0,0.0,0.0,2.4456264972686768,,1.008743166923523,0.0,0.0,,0.3412397777646159,-0.3152897270085611
3798,FMAT,453687.675655234,5678759.94955356,0.0,0.0,0.0,0.0,2.0927114486694336,,1.004628300666809,0.0,0.0,,-0.2187659957435822,-0.0100232570159695
3799,FMAT,453687.025203349,5678760.17766829,0.0,0.0,0.0,0.0,3.368199825286865,,1.003712177276611,0.0,0.0,,0.1288279946401293,-0.2911968887723743
3800,FMAT,453686.40065617,5678760.41592328,0.0,0.0,0.0,0.0,5.316599845886231,,1.0122339725494385,0.0,0.0,,-0.3543033125763413,0.2553914214687531
3801,FMAT,453685.767363053,5678760.66966349,0.0,0.0,0.0,0.0,5.081109046936035,,1.019145131111145,0.0,0.0,,-0.0109666605676287,-0.5842399692589548
3802,FMAT,453685.090862678,5678760.9120518,0.0,0.0,0.0,0.0,3.432729721069336,,1.024979829788208,0.0,0.0,,-0.058823847669007,0.301242862483805
3803,FMAT,453684.371044057,5678761.16195356,0.0,0.0,0.0,0.0,2.432828903198242,,1.0053353309631348,0.0,0.0,,-0.18893067460473,-0.0954635440236105
3804,FMAT,453683.642551301,5678761.41513352,0.0,0.0,0.0,0.0,3.925642490386963,,1.008358359336853,0.0,0.0,,-0.2608886746605313,-0.5295012163062708
3805,FMAT,453682.905351766,5678761.67714033,0.0,0.0,0.0,0.0,1.712616205215454,,1.0039091110229492,0.0,0.0,,-0.4055599923787467,0.0086179333528545
3806,FMAT,453682.18548077,5678761.93591972,0.0,0.0,0.0,0.0,4.9236674308776855,,1.0115966796875,0.0,0.0,,-0.6010848451578149,0.4963661300215374
3807,FMAT,453681.517732611,5678762.16171271,0.0,0.0,0.0,0.0,0.0805023536086082,,1.0261142253875732,0.0,0.0,,-0.1630182182694344,-0.2609830911045215
3808,FMAT,453680.772022074,5678762.39925437,0.0,0.0,0.0,0.0,2.9370779991149902,,1.01232647895813,0.0,0.0,,-0.6827753030238033,0.2610229307699007
3809,FMAT,453680.078453976,5678762.60048046,0.0,0.0,0.0,0.0,0.8302728533744812,,1.0142961740493774,0.0,0.0,,0.4537859834742054,-0.0070619651273354
3810,FMAT,453679.358850506,5678762.81376073,0.0,0.0,0.0,0.0,0.3850887715816498,,1.0081194639205933,0.0,0.0,,-0.1166517564928287,-0.1548493122207423
3811,FMAT,453678.595739421,5678763.06673654,0.0,0.0,0.0,0.0,7.557022094726562,,1.029844880104065,0.0,0.0,,-0.0378133894653576,0.4098270362386175
3812,FMAT,453677.841302377,5678763.31643402,0.0,0.0,0.0,0.0,2.093421459197998,,1.0163719654083252,0.0,0.0,,0.4459394518310075,-0.0473576771027527
3813,FMAT,453677.10422,5678763.55846518,0.0,0.0,0.0,0.0,2.6777212619781494,,1.0293128490447998,0.0,0.0,,-0.2663727320050658,-0.1585008064396941
3814,FMAT,453676.470821843,5678763.8299603,0.0,0.0,0.0,0.0,1.7501665353775024,,1.005223035812378,0.0,0.0,,-0.041709206757582,0.151113200057588
3815,FMAT,453675.83735834,5678764.11255266,0.0,0.0,0.0,0.0,7.526453971862793,,1.0317630767822266,0.0,0.0,,0.4412181783835002,0.1454501509406432
3816,FMAT,453675.160243527,5678764.45925457,0.0,0.0,0.0,0.0,2.676753282546997,,1.0062086582183838,0.0,0.0,,0.4590569076278141,0.4579902761650082
3817,FMAT,453674.535166697,5678764.78739661,0.0,0.0,0.0,0.0,1.7515230178833008,,1.0015407800674438,0.0,0.0,,0.2734181289704814,0.2813926595738956
3818,FMAT,453673.858848459,5678764.99871156,0.0,0.0,0.0,0.0,3.7355644702911377,,1.018692135810852,0.0,0.0,,-0.139397416942208,0.6560294814795812
3819,FMAT,453673.078787136,5678765.19054993,0.0,0.0,0.0,0.0,1.2174513339996338,,1.0037471055984497,0.0,0.0,,0.4716054782137999,-0.0851999766218728
3820,FMAT,453672.307439052,5678765.3724516,0.0,0.0,0.0,0.0,2.05969500541687,,1.003040790557861,0.0,0.0,,-0.4116735020026185,-0.7218170839652646
3821,FMAT,453671.388494137,5678765.63338781,0.0,0.0,0.0,0.0,2.9977476596832275,,1.0036784410476685,0.0,0.0,,-0.1287117734006305,0.479624859129052
3822,FMAT,453670.564833621,5678765.88045769,0.0,0.0,0.0,0.0,1.9076112508773804,,1.0113009214401243,0.0,0.0,,0.1507444597989809,0.1903057200138668
3823,FMAT,453669.810402575,5678766.12904467,0.0,0.0,0.0,0.0,4.303114414215088,,1.0326272249221802,0.0,0.0,,0.2199081945161353,-0.1997336119922154
3824,FMAT,453669.021307737,5678766.38519595,0.0,0.0,0.0,0.0,8.500547409057617,,1.0627132654190063,0.0,0.0,,-0.3540092558885296,0.3194981867480144
3825,FMAT,453668.292755209,5678766.64836205,0.0,0.0,0.0,0.0,1.1265922784805298,,1.0052015781402588,0.0,0.0,,-0.0589803024173385,-0.0910005629989357
3826,FMAT,453667.607435978,5678766.91844114,0.0,0.0,0.0,0.0,2.252684593200684,,1.0033150911331177,0.0,0.0,,0.508104200767551,-0.2206218849760633
3827,FMAT,453666.930686304,5678767.20299756,0.0,0.0,0.0,0.0,0.6581827998161316,,1.001533031463623,0.0,0.0,,-0.0116499668374788,-0.0098837430621851
3828,FMAT,453666.219266297,5678767.49622801,0.0,0.0,0.0,0.0,2.6179802417755127,,1.002677083015442,0.0,0.0,,-0.5319874236356377,0.7514446613593092
3829,FMAT,453665.516533401,5678767.78396069,0.0,0.0,0.0,0.0,3.808536529541016,,1.0128318071365356,0.0,0.0,,0.0519660052649413,-0.741857888804414
3830,FMAT,453664.813898426,5678768.05504739,0.0,0.0,0.0,0.0,4.082458972930908,,1.0126793384552002,0.0,0.0,,-0.3497568272087972,0.6212154433192345
3831,FMAT,453664.163366806,5678768.29647699,0.0,0.0,0.0,0.0,1.738186240196228,,1.003152847290039,0.0,0.0,,0.0118760926833966,-0.1750778781294824
3832,FMAT,453663.504363527,5678768.5067832,0.0,0.0,0.0,0.0,1.2588586807250977,,1.0014249086380005,0.0,0.0,,0.3589539846585132,0.2663801881883845
3833,FMAT,453662.810702985,5678768.72354397,0.0,0.0,0.0,0.0,2.156689167022705,,1.012768030166626,0.0,0.0,,-0.3218138700021675,0.2078479763866942
3834,FMAT,453662.108400956,5678768.93803428,0.0,0.0,0.0,0.0,4.27517032623291,,1.0134227275848389,0.0,0.0,,-0.4736416050026126,0.1965475388730239
3835,FMAT,453661.241480307,5678769.18262903,0.0,0.0,0.0,0.0,1.5709270238876345,,1.0048199892044067,0.0,0.0,,-0.7469287327089161,-0.2713669478242494
3836,FMAT,453660.444056971,5678769.38324209,0.0,0.0,0.0,0.0,2.611335039138794,,1.0237373113632202,0.0,0.0,,-0.4491772078300542,0.3295130195974915
3837,FMAT,453659.724393536,5678769.60650813,0.0,0.0,0.0,0.0,3.071705102920532,,1.0100494623184204,0.0,0.0,,-0.7332972705757083,-0.3676010475483682
3838,FMAT,453658.848667982,5678769.87657543,0.0,0.0,0.0,0.0,6.311656951904297,,1.0157006978988647,0.0,0.0,,-0.2440396557813924,0.4772956889657691
3839,FMAT,453658.206953848,5678770.09031228,0.0,0.0,0.0,0.0,2.9758992195129395,,1.0068743228912354,0.0,0.0,,-0.7971429372505727,0.1259316077673552
3840,FMAT,453657.443782557,5678770.3532736,0.0,0.0,0.0,0.0,3.682337045669556,,1.0146658420562744,0.0,0.0,,0.1974583629533688,-0.4752622188761973
3841,FMAT,453656.776000285,5678770.58461315,0.0,0.0,0.0,0.0,2.9415283203125,,1.015486240386963,0.0,0.0,,0.3903394476889437,-0.540786358459662
3842,FMAT,453656.116852889,5678770.81933277,0.0,0.0,0.0,0.0,2.0886032581329346,,1.019644856452942,0.0,0.0,,0.0507335300461397,0.426044914808126
3843,FMAT,453655.466346899,5678771.05632274,0.0,0.0,0.0,0.0,10.659327507019045,,1.025486707687378,0.0,0.0,,-0.3905721598400544,0.90259304286602
3844,FMAT,453654.677022429,5678771.35131308,0.0,0.0,0.0,0.0,1.382063388824463,,1.0020087957382202,0.0,0.0,,0.2726698688265687,0.4977601775901097
3845,FMAT,453653.930963929,5678771.64766781,0.0,0.0,0.0,0.0,2.7651493549346924,,1.003911375999451,0.0,0.0,,-0.2185028384755054,0.515936540785173
3846,FMAT,453653.176531784,5678771.89625321,0.0,0.0,0.0,0.0,10.048221588134766,,1.068197250366211,0.0,0.0,,-0.2396114559469682,-0.3459537915227879
3847,FMAT,453652.370205176,5678772.13898418,0.0,0.0,0.0,0.0,1.4272998571395874,,1.0023951530456543,0.0,0.0,,0.4636103192723066,0.1867742391429917
3848,FMAT,453651.728288142,5678772.38712208,0.0,0.0,0.0,0.0,2.384552478790283,,1.0149283409118652,0.0,0.0,,-0.2683671800625185,0.1102479621749408
3849,FMAT,453651.06045979,5678772.62622924,0.0,0.0,0.0,0.0,1.962801814079285,,1.019272804260254,0.0,0.0,,0.4006661700537927,0.1654112674715531
3850,FMAT,453650.418660273,5678772.85439192,0.0,0.0,0.0,0.0,2.245673894882202,,1.0152145624160769,0.0,0.0,,0.2789330273318076,0.5756330466196626
3851,FMAT,453649.690263312,5678773.09092283,0.0,0.0,0.0,0.0,8.929559707641602,,1.0240802764892578,0.0,0.0,,-0.1263212335524305,0.8297220433565844
3852,FMAT,453648.987855982,5678773.32316763,0.0,0.0,0.0,0.0,8.002179145812988,,1.0203702449798584,0.0,0.0,,0.3805564143456985,-0.6082015514640096
3853,FMAT,453648.189987594,5678773.59924098,0.0,0.0,0.0,0.0,7.216114521026611,,1.015255093574524,0.0,0.0,,0.9238782815240992,-0.0547638627270576
3854,FMAT,453647.435489733,5678773.85892312,0.0,0.0,0.0,0.0,3.188248872756958,,1.019384503364563,0.0,0.0,,0.449253014197461,0.2597987186055525
3855,FMAT,453646.698287787,5678774.12092655,0.0,0.0,0.0,0.0,7.842360973358154,,1.0291203260421753,0.0,0.0,,0.1086041432965325,0.5219585384577455
3856,FMAT,453645.943757154,5678774.38615718,0.0,0.0,0.0,0.0,3.232713460922241,,1.0085129737854004,0.0,0.0,,0.2263880844822012,-0.0198923013189692
3857,FMAT,453645.224007891,5678774.62384837,0.0,0.0,0.0,0.0,3.180342435836792,,1.0282108783721924,0.0,0.0,,0.083670716571985,0.2838477904711439
3858,FMAT,453644.547674921,5678774.83738027,0.0,0.0,0.0,0.0,0.654711902141571,,1.0034009218215942,0.0,0.0,,0.491917932455374,-0.3064199505779765
3859,FMAT,453643.810616539,5678775.07496941,0.0,0.0,0.0,0.0,2.7140052318573,,1.0068999528884888,0.0,0.0,,0.5278353073771204,0.1878307636570724
3860,FMAT,453643.055870075,5678775.3768208,0.0,0.0,0.0,0.0,3.82573676109314,,1.030922293663025,0.0,0.0,,-0.1432213055847947,0.7006767794973191
3861,FMAT,453642.353161743,5678775.66011251,0.0,0.0,0.0,0.0,2.2404098510742188,,1.0175435543060305,0.0,0.0,,0.2915252443675672,0.7063758681339317
3862,FMAT,453641.685169452,5678775.92696209,0.0,0.0,0.0,0.0,4.767106056213379,,1.0193705558776855,0.0,0.0,,0.2025621673994777,0.2800712263347865
3863,FMAT,453640.991226631,5678776.19143926,0.0,0.0,0.0,0.0,9.61812973022461,,1.0233615636825562,0.0,0.0,,0.905979052700044,-0.2472217007994135
3864,FMAT,453640.29745367,5678776.42706343,0.0,0.0,0.0,0.0,7.089482307434082,,1.01589035987854,0.0,0.0,,0.744586255560895,0.5613493097976022
3865,FMAT,453639.594986942,5678776.66929495,0.0,0.0,0.0,0.0,4.4485273361206055,,1.0115604400634766,0.0,0.0,,0.8700997217523178,0.0547471137631619
3866,FMAT,453638.90118122,5678776.91046765,0.0,0.0,0.0,0.0,2.39576268196106,,1.005629539489746,0.0,0.0,,0.4257930836851439,-0.0946388421722071
3867,FMAT,453638.181418433,5678777.15037765,0.0,0.0,0.0,0.0,0.3704600930213928,,1.002121925354004,0.0,0.0,,-0.0610168417455279,0.1260884819048341
3868,FMAT,453637.444294285,5678777.39906348,0.0,0.0,0.0,0.0,7.109272003173828,,1.014885425567627,0.0,0.0,,-0.1050007668582926,0.7959899016094676
3869,FMAT,453636.603165538,5678777.67266137,0.0,0.0,0.0,0.0,2.079042196273804,,1.002618432044983,0.0,0.0,,-0.1971519087691027,-0.0695475232138096
3870,FMAT,453635.840077729,5678777.92119414,0.0,0.0,0.0,0.0,0.8208999633789062,,1.0008082389831543,0.0,0.0,,0.2553331752384541,-0.1465697819114385
3871,FMAT,453635.163711531,5678778.14027388,0.0,0.0,0.0,0.0,2.4665026664733887,,1.0018932819366455,0.0,0.0,,-0.1706274183419014,0.6560197666053785
3872,FMAT,453634.391956036,5678778.390975,0.0,0.0,0.0,0.0,2.6014370918273926,,1.0017002820968628,0.0,0.0,,0.2360810953799578,-0.5038806890000663
3873,FMAT,453633.646157518,5678778.64293869,0.0,0.0,0.0,0.0,3.5566418170928955,,1.0064997673034668,0.0,0.0,,-0.4725533072025988,0.1260914563337269
3874,FMAT,453632.96918335,5678778.96522297,0.0,0.0,0.0,0.0,3.216705322265625,,1.0292882919311523,0.0,0.0,,0.1993179097721092,0.1157486446578147
3875,FMAT,453632.222829161,5678779.31151344,0.0,0.0,0.0,0.0,6.118581771850586,,1.0300248861312866,0.0,0.0,,0.528836628511333,0.6491993631274708
3876,FMAT,453631.537925869,5678779.51056679,0.0,0.0,0.0,0.0,3.167375326156616,,1.0181673765182495,0.0,0.0,,-0.2549547764216773,-0.3138111571517626
3877,FMAT,453630.827104732,5678779.70169905,0.0,0.0,0.0,0.0,4.883812427520752,,1.0132635831832886,0.0,0.0,,0.4138424955427501,-0.4454712413403772
3878,FMAT,453630.133533779,5678779.90292076,0.0,0.0,0.0,0.0,3.5154502391815186,,1.0136655569076538,0.0,0.0,,0.1032815695467995,-0.8348907284569907
3879,FMAT,453629.439877809,5678780.11856887,0.0,0.0,0.0,0.0,0.5326945781707764,,1.0021578073501587,0.0,0.0,,0.2731183616749747,0.207638007989195
3880,FMAT,453628.754719447,5678780.36090138,0.0,0.0,0.0,0.0,1.4396964311599731,,1.001901388168335,0.0,0.0,,0.0974346395470741,-0.2333129360303099
3881,FMAT,453628.025974672,5678780.65624589,0.0,0.0,0.0,0.0,4.973781108856201,,1.031208872795105,0.0,0.0,,-0.19956577871617,0.3810934869093574
3882,FMAT,453627.288581851,5678780.95042964,0.0,0.0,0.0,0.0,3.2617979049682617,,1.0140749216079712,0.0,0.0,,0.4635657952025613,-0.3126679921967609
3883,FMAT,453626.568354213,5678781.26912929,0.0,0.0,0.0,0.0,1.7838696241378784,,1.0010995864868164,0.0,0.0,,0.2449693180864615,-0.606674293780951
3884,FMAT,453625.891660609,5678781.54369466,0.0,0.0,0.0,0.0,3.035259485244751,,1.0022923946380615,0.0,0.0,,0.7711002129815997,-0.6256493634156074
3885,FMAT,453625.223994098,5678781.75505643,0.0,0.0,0.0,0.0,1.2128748893737793,,1.001514554023743,0.0,0.0,,0.4080774447478437,-0.4745753670418908
3886,FMAT,453624.495634748,5678781.98492665,0.0,0.0,0.0,0.0,3.103628158569336,,1.002192139625549,0.0,0.0,,-0.9267616415379196,0.0563280018461593
3887,FMAT,453623.620024232,5678782.23501494,0.0,0.0,0.0,0.0,2.070399045944214,,1.0033169984817505,0.0,0.0,,-0.2907551577541281,-0.5630019869132084
3888,FMAT,453622.865720828,5678782.46140288,0.0,0.0,0.0,0.0,0.864376425743103,,1.0014898777008057,0.0,0.0,,-0.1365227657840064,-0.2701612767717796
3889,FMAT,453622.111365077,5678782.69666857,0.0,0.0,0.0,0.0,1.7019251585006714,,1.0020239353179932,0.0,0.0,,-0.4165474756547292,0.1659327969608327
3890,FMAT,453621.339634856,5678782.94292951,0.0,0.0,0.0,0.0,1.0137110948562622,,1.0078635215759275,0.0,0.0,,0.1666075047865723,0.0805886960895865
3891,FMAT,453620.637297694,5678783.16296478,0.0,0.0,0.0,0.0,0.8701630234718323,,1.00381600856781,0.0,0.0,,0.1147411155073688,0.1303640797249878
3892,FMAT,453620.021636505,5678783.36131529,0.0,0.0,0.0,0.0,0.6511962413787842,,1.001197338104248,0.0,0.0,,-0.1354483448580271,0.0860650909637313
3893,FMAT,453619.345204004,5678783.59149095,0.0,0.0,0.0,0.0,1.3779048919677734,,1.0014010667800903,0.0,0.0,,0.602146487734384,0.0888833932399581
3894,FMAT,453618.651318574,5678783.84597861,0.0,0.0,0.0,0.0,3.6910903453826895,,1.0038150548934937,0.0,0.0,,-0.0727880187482181,0.5511637802824954
3895,FMAT,453617.974709463,5678784.10611683,0.0,0.0,0.0,0.0,1.925634860992432,,1.0017982721328735,0.0,0.0,,-0.3038938628876812,0.3656768158186581
3896,FMAT,453617.254651139,5678784.3959627,0.0,0.0,0.0,0.0,2.2392237186431885,,1.0019104480743408,0.0,0.0,,-0.7821546492605899,0.0810801141821807
3897,FMAT,453616.638630162,5678784.65534801,0.0,0.0,0.0,0.0,1.790395736694336,,1.003783941268921,0.0,0.0,,-0.8114362033934469,-0.081937156433299
3898,FMAT,453615.961903221,5678784.93546116,0.0,0.0,0.0,0.0,2.2750844955444336,,1.001333475112915,0.0,0.0,,-0.3100569160105981,-0.3928142229826569
3899,FMAT,453615.172588907,5678785.2282281,0.0,0.0,0.0,0.0,1.489818453788757,,1.007475972175598,0.0,0.0,,-0.1948209565691044,0.0559627638022332
3900,FMAT,453614.418043036,5678785.49567518,0.0,0.0,0.0,0.0,2.905061960220337,,1.0087014436721802,0.0,0.0,,0.0001118418180999,-0.173664656222382
3901,FMAT,453613.689781092,5678785.70889848,0.0,0.0,0.0,0.0,0.4426339566707611,,1.0008271932601929,0.0,0.0,,-0.409532878451452,0.3906851781172102
3902,FMAT,453612.952805731,5678785.93205828,0.0,0.0,0.0,0.0,2.363389492034912,,1.0077242851257324,0.0,0.0,,0.0046374136868451,0.0322459628010135
3903,FMAT,453612.224340998,5678786.17968302,0.0,0.0,0.0,0.0,2.793953895568848,,1.003834843635559,0.0,0.0,,-0.4398788419620765,-0.142492833024112
3904,FMAT,453611.4352749,5678786.43027992,0.0,0.0,0.0,0.0,2.2954909801483154,,1.006019949913025,0.0,0.0,,-0.4832377899871798,0.1958433254899763
3905,FMAT,453610.715621541,5678786.65132204,0.0,0.0,0.0,0.0,1.7307682037353516,,1.0044431686401367,0.0,0.0,,-0.0219909936166288,0.2258927240078679
3906,FMAT,453610.108575115,5678786.85638114,0.0,0.0,0.0,0.0,1.5672590732574463,,1.0039708614349363,0.0,0.0,,0.1073074882575582,0.0111197516906165
3907,FMAT,453609.345511704,5678787.10047245,0.0,0.0,0.0,0.0,3.472358465194702,,1.003442883491516,0.0,0.0,,0.3565950345735201,0.21050817092215
3908,FMAT,453608.591240103,5678787.32131039,0.0,0.0,0.0,0.0,1.327540159225464,,1.0045632123947144,0.0,0.0,,0.4831480147456505,-0.1661862891359686
3909,FMAT,453607.828170055,5678787.56651127,0.0,0.0,0.0,0.0,1.183078408241272,,1.0150490999221802,0.0,0.0,,-0.0394353350125584,0.4353616126543213
3910,FMAT,453607.030436063,5678787.81927618,0.0,0.0,0.0,0.0,0.5661495923995972,,1.0036243200302124,0.0,0.0,,-0.0677654922366188,0.5211392518374778
3911,FMAT,453606.163446148,5678788.07496217,0.0,0.0,0.0,0.0,0.6050904989242554,,1.0009785890579224,0.0,0.0,,0.1144651203486366,0.4869380979389559
3912,FMAT,453605.40049367,5678788.30018772,0.0,0.0,0.0,0.0,1.7605339288711548,,1.0042530298233032,0.0,0.0,,0.3389580886649441,0.7580556599822433
3913,FMAT,453604.767516078,5678788.49954476,0.0,0.0,0.0,0.0,0.7009738683700562,,1.0011979341506958,0.0,0.0,,-0.3832095277423556,-0.1918109072462261
3914,FMAT,453604.091056513,5678788.73415804,0.0,0.0,0.0,0.0,0.953683853149414,,1.0023441314697266,0.0,0.0,,-0.0176075914628898,0.4221851643947756
3915,FMAT,453603.362414652,5678789.01174464,0.0,0.0,0.0,0.0,2.609090566635132,,1.002653956413269,0.0,0.0,,-0.1920693248369923,-0.0209779966508022
3916,FMAT,453602.633805436,5678789.28378252,0.0,0.0,0.0,0.0,0.6547403931617737,,1.002474665641785,0.0,0.0,,-0.4073326886753887,0.0661252708215019
3917,FMAT,453601.939918949,5678789.53826871,0.0,0.0,0.0,0.0,1.0361969470977783,,1.0022326707839966,0.0,0.0,,0.3192493799926775,0.3528670571145096
3918,FMAT,453601.202668184,5678789.808036,0.0,0.0,0.0,0.0,1.7983901500701904,,1.004952311515808,0.0,0.0,,0.0504220331800457,0.434342362890357
3919,FMAT,453600.465397743,5678790.08113241,0.0,0.0,0.0,0.0,1.316637396812439,,1.001813530921936,0.0,0.0,,-0.3553925065344447,0.6007804693216784
3920,FMAT,453599.710713536,5678790.37188238,0.0,0.0,0.0,0.0,1.1413084268569946,,1.0030641555786133,0.0,0.0,,0.5950389382359732,0.1397298977008244
3921,FMAT,453598.87791608,5678790.69990395,0.0,0.0,0.0,0.0,1.0003769397735596,,1.0031245946884155,0.0,0.0,,0.5115961931900865,0.5507219454967325
3922,FMAT,453598.166648323,5678790.96649481,0.0,0.0,0.0,0.0,1.2160255908966064,,1.0007448196411133,0.0,0.0,,0.7498879915704095,0.4870845987665377
3923,FMAT,453597.524930757,5678791.18022673,0.0,0.0,0.0,0.0,1.2119792699813845,,1.0011497735977173,0.0,0.0,,0.114056486352004,0.1770572698442476
3924,FMAT,453596.692538668,5678791.43944492,0.0,0.0,0.0,0.0,3.72214412689209,,1.003284215927124,0.0,0.0,,0.4121589165329333,0.7962018012416304
3925,FMAT,453596.007496021,5678791.66179948,0.0,0.0,0.0,0.0,0.8569121360778809,,1.0005030632019043,0.0,0.0,,0.4444364071719708,0.1111556931051093
3926,FMAT,453595.261668807,5678791.91819846,0.0,0.0,0.0,0.0,1.3340826034545898,,1.0005555152893066,0.0,0.0,,0.3326722312023273,-0.1172172923152774
3927,FMAT,453594.437787187,5678792.20188145,0.0,0.0,0.0,0.0,0.9804710149765016,,1.0020277500152588,0.0,0.0,,-0.2817815927044494,0.6858273945690149
3928,FMAT,453593.717975808,5678792.4495555,0.0,0.0,0.0,0.0,2.9211580753326416,,1.006606936454773,0.0,0.0,,-0.3401859074440647,-0.1398043876505111
3929,FMAT,453593.050209346,5678792.67756049,0.0,0.0,0.0,0.0,2.648202657699585,,1.004032850265503,0.0,0.0,,-0.7520731735066634,0.3154091933523801
3930,FMAT,453592.347785455,5678792.91201971,0.0,0.0,0.0,0.0,1.4547371864318848,,1.005805253982544,0.0,0.0,,-0.0287186987763007,0.5210928212000489
3931,FMAT,453591.584747051,5678793.15167039,0.0,0.0,0.0,0.0,9.094271659851074,,1.088352084159851,0.0,0.0,,0.2163118081821532,0.8955235780211092
3932,FMAT,453590.778285451,5678793.41658965,0.0,0.0,0.0,0.0,6.051784992218018,,1.0096466541290283,0.0,0.0,,0.1708113674503942,0.9809713582379476
3933,FMAT,453589.94578168,5678793.69467251,0.0,0.0,0.0,0.0,1.96265172958374,,1.0012661218643188,0.0,0.0,,0.2601395530371933,0.8508822014112113
3934,FMAT,453589.139261088,5678793.96957916,0.0,0.0,0.0,0.0,1.7541650533676147,,1.000606894493103,0.0,0.0,,0.2583490566905899,0.94276318256877
3935,FMAT,453588.350023346,5678794.24902668,0.0,0.0,0.0,0.0,8.349655151367188,,1.0279005765914917,0.0,0.0,,0.0577258776449731,0.868593597470895
3936,FMAT,453587.638682934,5678794.5278236,0.0,0.0,0.0,0.0,5.028059005737305,,1.0138057470321655,0.0,0.0,,-0.1573299186741231,0.80601214359103
3937,FMAT,453586.814656823,5678794.83591981,0.0,0.0,0.0,0.0,5.442635536193848,,1.0320427417755127,0.0,0.0,,0.3464246585680116,-0.0341934175697032
3938,FMAT,453586.077483534,5678795.09236895,0.0,0.0,0.0,0.0,0.2103040963411331,,1.0055207014083862,0.0,0.0,,-0.152982422173605,0.7988531315460706
3939,FMAT,453585.409670824,5678795.32814139,0.0,0.0,0.0,0.0,0.4205873310565948,,1.0052518844604492,0.0,0.0,,0.3288457229205793,0.643532677381679
3940,FMAT,453584.57706197,5678795.62397933,0.0,0.0,0.0,0.0,2.968806743621826,,1.0144078731536863,0.0,0.0,,0.1997482994703295,0.4575773624908434
3941,FMAT,453583.891789604,5678795.88517334,0.0,0.0,0.0,0.0,5.181017875671387,,1.0200862884521484,0.0,0.0,,-0.379220617618075,0.2750257982509892
3942,FMAT,453583.232415379,5678796.15761765,0.0,0.0,0.0,0.0,2.486794233322144,,1.0234304666519165,0.0,0.0,,-0.2506093899981229,0.4540182910784447
3943,FMAT,453582.59032402,5678796.43460287,0.0,0.0,0.0,0.0,1.216694474220276,,1.1007481813430786,0.0,0.0,,0.2252543349569454,0.0131410010008764
3944,FMAT,453581.740307709,5678796.74698439,0.0,0.0,0.0,0.0,4.196765899658203,,1.0054972171783447,0.0,0.0,,-0.2296524003117191,0.0460908178039871
3945,FMAT,453580.959979145,5678796.9832028,0.0,0.0,0.0,0.0,2.073198080062866,,1.01403546333313,0.0,0.0,,-0.2888879811169644,0.3446966793603985
3946,FMAT,453580.118878987,5678797.25124604,0.0,0.0,0.0,0.0,3.1667897701263428,,1.0134985446929932,0.0,0.0,,-0.278842783957075,0.1426798274532766
3947,FMAT,453579.338432539,5678797.5074394,0.0,0.0,0.0,0.0,2.108803033828736,,1.0368081331253052,0.0,0.0,,-0.4657846395918086,0.2396198476541102
3948,FMAT,453578.531983155,5678797.77013796,0.0,0.0,0.0,0.0,10.9130859375,,1.139537692070007,0.0,0.0,,0.3376325672600765,-0.1117836594813789
3949,FMAT,453577.864176525,5678798.00480002,0.0,0.0,0.0,0.0,18.365270614624023,,1.1777000427246094,0.0,0.0,,-0.4060643946981421,0.4969808877280149
3950,FMAT,453577.196402576,5678798.23391339,0.0,0.0,0.0,0.0,8.470820426940918,,1.0554498434066772,0.0,0.0,,-0.4004272688338231,0.2733428533804702
3951,FMAT,453575.730984059,5678798.70025226,0.0,0.0,0.0,0.0,7.702181339263916,,1.055274486541748,0.0,0.0,,0.2859852861305526,0.2057877438030465
3952,FMAT,453574.97654676,5678798.9488302,0.0,0.0,0.0,0.0,15.107206344604492,,1.2116680145263672,0.0,0.0,,0.1371779573842804,-0.0043152643520596
3953,FMAT,453574.230698511,5678799.20855638,0.0,0.0,0.0,0.0,6.492742538452148,,1.0184346437454224,0.0,0.0,,0.012423203401414,0.8222728420369577
3954,FMAT,453573.545353491,5678799.4819565,0.0,0.0,0.0,0.0,14.56300926208496,,1.3435864448547363,0.0,0.0,,0.0134275312177887,0.6334975588675981
3955,FMAT,453572.825108834,5678799.80287072,0.0,0.0,0.0,0.0,8.27630615234375,,1.0395334959030151,0.0,0.0,,0.4412717657849985,-0.0819982492297703
3956,FMAT,453572.191684434,5678800.07768669,0.0,0.0,0.0,0.0,16.512958526611328,,1.0752264261245728,0.0,0.0,,0.9069954002734262,0.0986476662754479
3957,FMAT,453571.480401807,5678800.3464946,0.0,0.0,0.0,0.0,5.402193546295166,,1.1171927452087402,0.0,0.0,,0.2036937925378224,0.079254534153905
3958,FMAT,453570.708563493,5678800.61050624,0.0,0.0,0.0,0.0,2.1754329204559326,,1.0945773124694824,0.0,0.0,,0.3978939227227445,-0.21462493636205
3959,FMAT,453569.928103307,5678800.86891813,0.0,0.0,0.0,0.0,9.133108139038086,,1.0917574167251587,0.0,0.0,,-0.0173893572390689,0.3934514561401785
3960,FMAT,453569.130471419,5678801.10392356,0.0,0.0,0.0,0.0,10.512351989746094,,1.0647711753845217,0.0,0.0,,0.0853994333530379,-0.7200040275237378
3961,FMAT,453568.419528933,5678801.31502533,0.0,0.0,0.0,0.0,2.437361717224121,,1.022976040840149,0.0,0.0,,0.1803957543159415,-0.0470704348075633
3962,FMAT,453567.73462859,5678801.51296342,0.0,0.0,0.0,0.0,9.17800998687744,,1.0694173574447632,0.0,0.0,,-0.403297309918729,0.5085825838939874
3963,FMAT,453566.972400182,5678801.61500542,0.0,0.0,0.0,0.0,5.1073503494262695,,1.0278152227401731,0.0,0.0,,-0.1274417367623572,-0.4820557022559153
3964,FMAT,453566.245536108,5678801.5907425,0.0,0.0,0.0,0.0,3.110523223876953,,1.0143476724624634,0.0,0.0,,0.295354138129638,0.0476242173617673
3965,FMAT,453565.579777497,5678801.47805857,0.0,0.0,0.0,0.0,8.590425491333008,,1.016003966331482,0.0,0.0,,-0.1771613041447796,0.1711270601543716
3966,FMAT,453564.897128721,5678801.29424989,0.0,0.0,0.0,0.0,9.83646011352539,,1.0789817571640017,0.0,0.0,,-0.0295213248272993,0.1594404818786432
3967,FMAT,453564.361855991,5678801.06913929,0.0,0.0,0.0,0.0,7.184565544128418,,1.0463320016860962,0.0,0.0,,0.0936414434029856,-0.3813314989202677
3968,FMAT,453563.896310582,5678800.76120741,0.0,0.0,0.0,0.0,5.620852947235107,,1.046969652175903,0.0,0.0,,-0.0317048363608468,-0.3186559203165983
3969,FMAT,453563.500381219,5678800.38931965,0.0,0.0,0.0,0.0,16.82928466796875,,1.0816386938095093,0.0,0.0,,-0.2467395645895437,0.3288561496436544
3970,FMAT,453563.079188661,5678799.89853781,0.0,0.0,0.0,0.0,1.4197282791137695,,1.056255340576172,0.0,0.0,,-0.1808902612147919,0.4211196436194082
3971,FMAT,453562.727500886,5678799.36266547,0.0,0.0,0.0,0.0,9.198166847229004,,1.0795859098434448,0.0,0.0,,-0.096266450236521,0.1980939929886288
3972,FMAT,453562.540098926,5678798.85328682,0.0,0.0,0.0,0.0,14.923049926757812,,1.1065720319747925,0.0,0.0,,-0.4301720946309282,-0.330849677707036
3973,FMAT,453562.431275191,5678798.22784614,0.0,0.0,0.0,0.0,3.923095941543579,,1.0290635824203491,0.0,0.0,,-0.0996745543808657,-0.0822007407043456
3974,FMAT,453562.443300862,5678797.65638712,0.0,0.0,0.0,0.0,4.817665576934815,,1.0267471075057983,0.0,0.0,,0.2266821292692262,0.5332564755234838
3975,FMAT,453562.550670498,5678797.06107563,0.0,0.0,0.0,0.0,4.885684490203857,,1.0534199476242063,0.0,0.0,,0.0536979073977308,0.8061826921691101
3976,FMAT,453562.753161515,5678796.47964242,0.0,0.0,0.0,0.0,3.7970919609069824,,1.201529622077942,0.0,0.0,,-0.2054965740244453,0.0746583952618541
3977,FMAT,453563.015893899,5678795.95627242,0.0,0.0,0.0,0.0,0.6099764108657837,,1.0291359424591064,0.0,0.0,,-0.2381324897181657,-0.1553944366534303
3978,FMAT,453563.373767275,5678795.44345151,0.0,0.0,0.0,0.0,2.2934157848358154,,1.0091500282287598,0.0,0.0,,-0.4885448182630525,-0.0386365475838261
3979,FMAT,453563.860954669,5678795.01684538,0.0,0.0,0.0,0.0,7.621561527252197,,1.0189865827560425,0.0,0.0,,-0.0955200863331556,-0.8500432154891969
3980,FMAT,453564.399244496,5678794.73037128,0.0,0.0,0.0,0.0,4.860688209533691,,1.0502638816833496,0.0,0.0,,-0.269880566746519,0.4850398184133141
3981,FMAT,453564.988990238,5678794.52410386,0.0,0.0,0.0,0.0,4.757719993591309,,1.0863265991210938,0.0,0.0,,-0.3194582480361135,-0.2096384916398575
3982,FMAT,453565.708410022,5678794.34301612,0.0,0.0,0.0,0.0,2.09254002571106,,1.0056867599487305,0.0,0.0,,-0.2035658775783229,0.1824936072889223
3983,FMAT,453566.471037009,5678794.17328083,0.0,0.0,0.0,0.0,5.77819299697876,,1.1016768217086792,0.0,0.0,,0.5097541841196239,-0.1004333070749904
3984,FMAT,453567.329060238,5678793.9708151,0.0,0.0,0.0,0.0,10.15056324005127,,1.0888524055480957,0.0,0.0,,0.5178778633238904,0.4736347933266813
3985,FMAT,453568.144059443,5678793.72592439,0.0,0.0,0.0,0.0,2.1732585430145264,,1.0565156936645508,0.0,0.0,,-0.0636842783831744,-0.209765037325694
3986,FMAT,453568.83833359,5678793.40596719,0.0,0.0,0.0,0.0,8.984546661376953,,1.0650464296340942,0.0,0.0,,-0.5838751468126301,0.0839836386434073
3987,FMAT,453569.559481031,5678792.93191083,0.0,0.0,0.0,0.0,6.309338569641113,,1.0353140830993652,0.0,0.0,,0.2466420453249394,0.1014221479807557
3988,FMAT,453570.168263396,5678792.43277684,0.0,0.0,0.0,0.0,4.00579833984375,,1.0322587490081787,0.0,0.0,,-0.3476682536243127,0.7614911940640144
3989,FMAT,453570.664536723,5678791.93297927,0.0,0.0,0.0,0.0,2.814303398132324,,1.0314394235610962,0.0,0.0,,0.036596548963397,0.3703468595428017
3990,FMAT,453571.231289753,5678791.22274162,0.0,0.0,0.0,0.0,8.683282852172852,,1.0378321409225464,0.0,0.0,,-0.4490467701783047,0.6430651147120678
3991,FMAT,453571.694286441,5678790.49524552,0.0,0.0,0.0,0.0,1.247291922569275,,1.034836769104004,0.0,0.0,,-0.3914009756922468,0.112692239682056
3992,FMAT,453572.131168918,5678789.79312003,0.0,0.0,0.0,0.0,5.218217849731445,,1.058982014656067,0.0,0.0,,-0.0391044696709534,0.075024242464368
3993,FMAT,453572.6717421,5678789.11935019,0.0,0.0,0.0,0.0,6.014188766479492,,1.0913161039352417,0.0,0.0,,0.1879272986526766,0.4609310207772815
3994,FMAT,453573.273008165,5678788.4270722,0.0,0.0,0.0,0.0,1.421084761619568,,1.0131804943084717,0.0,0.0,,-0.2653914630612597,-0.0720678983906039
3995,FMAT,453573.882889389,5678787.74150357,0.0,0.0,0.0,0.0,3.8905489444732666,,1.0261380672454834,0.0,0.0,,0.1984099886381441,-0.3164420517803121
3996,FMAT,453574.475363285,5678787.07247875,0.0,0.0,0.0,0.0,8.160614967346191,,1.0555757284164429,0.0,0.0,,0.2653752381322493,-0.432381522428686
3997,FMAT,453575.067895981,5678786.39346632,0.0,0.0,0.0,0.0,5.233314037322998,,1.0300332307815552,0.0,0.0,,0.2446735829711818,0.1051669491357518
3998,FMAT,453575.591290501,5678785.69739964,0.0,0.0,0.0,0.0,10.964866638183594,,1.0675615072250366,0.0,0.0,,-0.36042622665841,0.1975248308796285
3999,FMAT,453576.071340309,5678785.01328476,0.0,0.0,0.0,0.0,14.593799591064451,,1.055797815322876,0.0,0.0,,0.4153725271531985,-0.818490746625883
4000,FMAT,453576.577464862,5678784.31045758,0.0,0.0,0.0,0.0,8.354545593261719,,1.1079365015029907,0.0,0.0,,-0.1159332456884941,0.0792483064014314
4001,NVB,453577.118357938,5678783.58231075,0.0,0.0,0.0,0.0,14.392852783203123,,1.0566097497940063,0.0,0.0,,-0.7746294424229451,0.5267619419224588
4002,NVB,453577.685724905,5678782.76775817,0.0,0.0,0.0,0.0,2.739773750305176,,1.0035278797149658,0.0,0.0,,-0.7485903127324324,0.0257435656353371
4003,NVB,453578.183495657,5678782.01383235,0.0,0.0,0.0,0.0,0.320247083902359,,1.0053555965423584,0.0,0.0,,-0.0400083074450688,-0.0367299397107637
4004,NVB,453578.672651053,5678781.25319709,0.0,0.0,0.0,0.0,24.67405891418457,,1.1584426164627075,0.0,0.0,,0.880013694059452,0.1570510686292263
4005,NVB,453579.092013968,5678780.58648046,0.0,0.0,0.0,0.0,10.853861808776855,,1.059099197387695,0.0,0.0,,0.1355501164754798,0.0247997340584909
4006,NVB,453579.616107909,5678779.77167258,0.0,0.0,0.0,0.0,2.3018603324890137,,1.0472809076309204,0.0,0.0,,0.5830134619773916,-0.2677635062158962
4007,NVB,453580.078880686,5678779.08190675,0.0,0.0,0.0,0.0,17.484329223632812,,1.1200863122940063,0.0,0.0,,-0.608336979727152,0.489429278888794
4008,NVB,453580.550347164,5678778.38553356,0.0,0.0,0.0,0.0,6.878067970275879,,1.0544743537902832,0.0,0.0,,0.5812543815970154,0.1276486529752369
4009,NVB,453581.030422277,5678777.69697947,0.0,0.0,0.0,0.0,9.044530868530272,,1.1453546285629272,0.0,0.0,,-0.0254004184895914,0.805500131581992
4010,NVB,453581.527819429,5678777.00630795,0.0,0.0,0.0,0.0,5.934812545776367,,1.0809533596038818,0.0,0.0,,0.0459784190570728,-0.0479136110093264
4011,NVB,453582.05989346,5678776.30585295,0.0,0.0,0.0,0.0,2.0027756690979004,,1.014073371887207,0.0,0.0,,0.3375987757850733,0.525787979556778
4012,NVB,453582.574501326,5678775.63192935,0.0,0.0,0.0,0.0,9.187596321105955,,1.0585089921951294,0.0,0.0,,-0.0915496290004558,0.6722306919689677
4013,NVB,453583.071747725,5678774.96678148,0.0,0.0,0.0,0.0,0.5961815118789673,,1.0016100406646729,0.0,0.0,,-0.6201500622700707,0.2883947227494319
4014,NVB,453583.53429092,5678774.31585595,0.0,0.0,0.0,0.0,5.963335037231445,,1.014148235321045,0.0,0.0,,-0.8166955124228559,0.2975180969342262
4015,NVB,453584.005534354,5678773.65721331,0.0,0.0,0.0,0.0,4.177841663360596,,1.0045605897903442,0.0,0.0,,-0.7066470824528359,0.6276217091043538
4016,NVB,453584.529090826,5678772.93340283,0.0,0.0,0.0,0.0,3.237117052078247,,1.00199294090271,0.0,0.0,,-0.2392736291392111,0.9623680259558922
4017,NVB,453585.00046495,5678772.25256557,0.0,0.0,0.0,0.0,1.6233912706375122,,1.0007661581039429,0.0,0.0,,-0.4381838294512529,0.8073228036422376
4018,NVB,453585.454752419,5678771.53389546,0.0,0.0,0.0,0.0,3.2988440990448,,1.0030046701431274,0.0,0.0,,-0.7200951443171109,0.2486025214297853
4019,NVB,453585.909000552,5678770.8218837,0.0,0.0,0.0,0.0,1.581208109855652,,1.0042152404785156,0.0,0.0,,-0.8067881959363721,0.2426992279371953
4020,NVB,453586.363117752,5678770.13206648,0.0,0.0,0.0,0.0,3.236640691757202,,1.0024102926254272,0.0,0.0,,-0.6637974717570327,0.512172496399275
4021,NVB,453586.28033462,5678769.49346245,0.0,0.0,0.0,0.0,2.1874382495880127,,1.0020689964294434,0.0,0.0,,-0.1232036262067459,0.3334047323518971
4022,NVB,453586.119615112,5678768.8621673,0.0,0.0,0.0,0.0,3.1586098670959477,,1.0042120218276978,0.0,0.0,,-0.1726448577989404,0.8479527329409704
4023,NVB,453586.591015031,5678768.17689103,0.0,0.0,0.0,0.0,2.8884031772613525,,1.008126974105835,0.0,0.0,,0.2514263109678804,0.1805589054275652
4024,NVB,453587.157025644,5678767.59205153,0.0,0.0,0.0,0.0,2.7085394859313965,,1.0041512250900269,0.0,0.0,,-0.5830073508946535,0.6865339729426768
4025,NVB,453587.809489658,5678767.02325842,0.0,0.0,0.0,0.0,5.353977203369141,,1.0147531032562256,0.0,0.0,,-0.2336340342693249,0.5357937474641247
4026,NVB,453588.479171001,5678766.47010349,0.0,0.0,0.0,0.0,18.827720642089844,,1.1193684339523315,0.0,0.0,,0.5093469774153326,-0.7598221645337615
4027,NVB,453589.131549781,5678765.91573673,0.0,0.0,0.0,0.0,17.504899978637695,,1.0606858730316162,0.0,0.0,,0.7462220751986953,-0.6636813400387586
4028,NVB,453589.619420887,5678765.37260755,0.0,0.0,0.0,0.0,19.782289505004883,,1.0701502561569214,0.0,0.0,,0.7875530140796712,-0.6142375084060058
4029,ALG,453590.090172632,5678764.79719417,1.0,0.0,562.0,0.0,3.576953172683716,,1.00706684589386,562.0,0.0,,0.8022878239703144,0.283114041847641
4030,ALG,453590.613773761,5678764.06561519,1.0,0.0,562.0,0.0,12.707427978515623,,1.0311217308044434,562.0,0.0,,0.0978913060477299,-0.7166868831422596
4031,ALG,453591.093847135,5678763.37706048,1.0,0.0,562.0,0.0,7.495049476623535,,1.0099080801010132,562.0,0.0,,0.159819415020404,-0.9594266038136546
4032,NVB,453591.6685312,5678762.7889425,1.0,0.0,562.0,0.0,4.281488418579102,,1.003830075263977,562.0,0.0,,0.2659803616749037,-0.9296488834842804
4033,NVB,453592.269531939,5678762.14105219,1.0,0.0,562.0,0.0,1.4666341543197632,,1.0037997961044312,562.0,0.0,,0.5967244331094596,-0.6180053169567095
4034,NVB,453592.923094135,5678761.3858243,1.0,0.0,562.0,0.0,2.305142879486084,,1.00476336479187,562.0,0.0,,0.404282933366777,0.2554515749984403
4035,NVB,453593.290508179,5678760.72212999,1.0,0.0,562.0,0.0,6.1523027420043945,,1.00731360912323,562.0,0.0,,0.6836587299657465,0.4653750284085225
4036,NVB,453593.658007197,5678760.0440092,1.0,0.0,562.0,0.0,19.66176986694336,,1.0701253414154053,562.0,0.0,,-0.2663870240763875,0.7613014405786543
4037,NVB,453594.155781555,5678759.28897263,1.0,0.0,562.0,0.0,14.582183837890623,,1.0476653575897217,562.0,0.0,,0.2065334040102488,-0.9461542422073372
4038,NVB,453594.627252171,5678758.59148887,1.0,0.0,562.0,0.0,10.619625091552734,,1.0183708667755127,562.0,0.0,,0.4540188323085661,-0.8735335768199658
4039,NVB,453595.107351033,5678757.89849501,1.0,0.0,562.0,0.0,13.729949951171877,,1.0323758125305176,562.0,0.0,,0.010917584324633,-0.9779040413171808
4040,NVB,453595.596038897,5678757.21664941,1.0,0.0,562.0,0.0,14.574490547180176,,1.034680724143982,562.0,0.0,,-0.046162897839343,-0.9761602613735516
4041,NVB,453596.084641641,5678756.54923025,1.0,0.0,562.0,0.0,11.890949249267578,,1.0257885456085205,562.0,0.0,,-0.2733093964459749,-0.919855616066409
4042,NVB,453596.503995254,5678755.88362242,1.0,0.0,562.0,0.0,5.792494773864746,,1.0162111520767212,562.0,0.0,,-0.6962482892082625,-0.2235184888167865
4043,NVB,453596.923335715,5678755.22023402,1.0,0.0,562.0,0.0,7.868582725524902,,1.0123369693756104,562.0,0.0,,-0.4168922694645341,0.8358032020315319
4044,NVB,453597.385510327,5678754.63145245,1.0,0.0,562.0,0.0,29.97098922729492,,1.1752318143844604,562.0,0.0,,-0.4795395566047031,0.8667427636788761
4045,NVB,453597.882414042,5678754.02400953,0.0,0.0,0.0,0.0,15.430811882019045,,1.3486138582229614,0.0,0.0,,-0.2663029677185234,-0.2690817234689453
4046,NVB,453598.379742839,5678753.34443423,1.0,0.0,562.0,0.0,7.129383087158203,,1.0145273208618164,562.0,0.0,,-0.3101154244679048,-0.3247940571755851
4047,NVB,453598.83370098,5678752.68124977,1.0,0.0,562.0,0.0,13.942792892456056,,1.0589278936386108,562.0,0.0,,-0.6565076161369853,0.3793295289583382
4048,NVB,453599.331055776,5678751.9972355,0.0,0.0,0.0,0.0,42.97942352294922,,1.63460373878479,0.0,0.0,,-0.6134826995894667,0.5144180345157673
4049,NVB,453599.837006109,5678751.32325976,0.0,0.0,0.0,0.0,21.39425277709961,,1.334665060043335,0.0,0.0,,-0.5410204444817683,-0.0745918743637399
4050,NVB,453600.325601594,5678750.65695006,0.0,0.0,0.0,0.0,44.13675308227539,,1.4859167337417605,0.0,0.0,,-0.6732545932071564,-0.4156849087939167
4051,NVB,453600.814465162,5678749.94514148,-1.0,0.0,562.0,0.0,5.098273754119873,,1.013343095779419,562.0,0.0,,0.1257238814672149,0.177483703590625
4052,NVB,453601.285686097,5678749.28982699,0.0,0.0,0.0,0.0,51.9896125793457,,1.7043962478637695,0.0,0.0,,0.9360687432399876,0.252678325713153
4053,NVB,453601.7823014,5678748.73121187,0.0,0.0,0.0,0.0,47.3848991394043,,1.6216745376586914,0.0,0.0,,0.8658380397286752,0.4575652239487899
4054,NVB,453602.331589157,5678748.04639372,1.0,0.0,562.0,0.0,28.589168548583984,,1.194035291671753,562.0,0.0,,0.800258301605396,0.0478933905829951
4055,NVB,453602.733691689,5678747.37069598,1.0,1.0,562.0,1363.0,3.672586679458618,,1.0539486408233645,1474.3178083439134,766006.0,,0.016626549166264,0.2145759728760304
4056,NVB,453603.153083504,5678746.69842943,0.0,0.0,0.0,0.0,40.85298538208008,,1.4158216714859009,0.0,0.0,,-0.4349189075982007,0.8197804652189561
4057,NVB,453603.598334059,5678746.04407151,0.0,0.0,0.0,0.0,10.353864669799805,,1.092965841293335,0.0,0.0,,0.0084501630266193,-0.4432061115662694
4058,NVB,453604.06985538,5678745.33770936,0.0,0.0,0.0,0.0,7.840310573577881,,1.1682441234588623,0.0,0.0,,-0.3003780877571884,0.2865016421635039
4059,FMAT,453604.523812589,5678744.67452457,0.0,0.0,0.0,0.0,8.912606239318848,,1.3926407098770142,0.0,0.0,,-0.2818986606152781,-0.0957084013740405
4060,FMAT,453604.960186074,5678744.05784634,0.0,0.0,0.0,0.0,46.33756637573242,,1.6502361297607422,0.0,0.0,,-0.6865381109554155,-0.351823941687391
4061,FMAT,453605.414110436,5678743.40021015,-1.0,0.0,562.0,0.0,33.83686828613281,,1.4190369844436646,562.0,0.0,,-0.4949433079055973,-0.236847560759116
4062,FMAT,453605.920072787,5678742.72401456,-1.0,0.0,562.0,0.0,28.346031188964844,,1.3876005411148071,562.0,0.0,,-0.1817659958603116,-0.3839062679074636
4063,FMAT,453606.451959253,5678742.05463031,-1.0,-1.0,562.0,1362.0,37.79777145385742,,1.6545214653015137,1473.3933622763475,765444.0,,-0.2847560376329654,-0.194200419699257
4064,FMAT,453606.983544801,5678741.43629354,-1.0,0.0,562.0,0.0,31.12174415588379,,1.4107248783111572,562.0,0.0,,0.0949351234296453,-0.5547662531794405
4065,FMAT,453607.541335676,5678740.77704978,0.0,0.0,0.0,0.0,19.64972305297852,,1.1859997510910034,0.0,0.0,,0.6772224656442156,-0.455519121003295
4066,FMAT,453608.05570365,5678740.14307474,0.0,0.0,0.0,0.0,12.740219116210938,,1.0640114545822144,0.0,0.0,,0.3607954052614508,-0.7777648581490384
4067,FMAT,453608.52700188,5678739.47444308,0.0,0.0,0.0,0.0,35.884769439697266,,1.2814345359802246,0.0,0.0,,0.1153256766733729,-0.9612588682407718
4068,FMAT,453608.963538258,5678738.83002142,1.0,0.0,562.0,0.0,4.764650821685791,,1.025179386138916,562.0,0.0,,0.0602391634127228,0.0611081206981614
4069,FMAT,453609.400342678,5678738.14010087,0.0,0.0,0.0,0.0,4.091926574707031,,1.1461915969848633,0.0,0.0,,-0.197602851678972,-0.0275184009579621
4070,FMAT,453609.845788421,5678737.45245076,0.0,0.0,0.0,0.0,17.701618194580078,,2.066236734390259,0.0,0.0,,0.0758974916132945,-0.0966092020226715
4071,FMAT,453610.290874426,5678736.82583568,1.0,0.0,562.0,0.0,26.436620712280277,,1.1618653535842896,562.0,0.0,,0.7763357295248928,0.5686555146083125
4072,FMAT,453610.701133208,5678736.23452789,1.0,0.0,562.0,0.0,22.088647842407227,,1.115153670310974,562.0,0.0,,0.1280462468353858,0.9668447635116888
4073,FMAT,453611.146277931,5678735.5979252,0.0,0.0,0.0,0.0,17.81083106994629,,1.5386104583740234,0.0,0.0,,0.0212954824502161,-0.6588581199258227
4074,FMAT,453611.600207838,5678734.93917892,0.0,0.0,0.0,0.0,38.53316879272461,,1.323807716369629,0.0,0.0,,0.2514182414111475,-0.9156593142718212
4075,FMAT,453612.0451824,5678734.33142912,1.0,0.0,562.0,0.0,17.50819969177246,,1.0739737749099731,562.0,0.0,,-0.2130812057489215,0.7509694000889157
4076,FMAT,453612.550953979,5678733.68741524,-1.0,-1.0,562.0,1362.0,57.30817794799805,,2.1703977584838867,1473.3933622763475,765444.0,,-0.3735972288643809,0.7555309486710909
4077,FMAT,453613.08266927,5678733.04688348,-1.0,0.0,562.0,0.0,17.28963279724121,,1.3669592142105105,562.0,0.0,,0.359953997687384,-0.2329507347614983
4078,FMAT,453613.614351781,5678732.41190034,0.0,0.0,0.0,0.0,35.97623825073242,,1.661369562149048,0.0,0.0,,-0.3303724797481258,-0.0184810793924782
4079,FMAT,453614.154780218,5678731.76143195,0.0,0.0,0.0,0.0,50.0107307434082,,1.859916090965271,0.0,0.0,,-0.6640099180887494,-0.3436486525669387
4080,FMAT,453614.651883916,5678731.11958639,0.0,0.0,0.0,0.0,13.491564750671388,,1.0549464225769043,0.0,0.0,,-0.0407105315704204,0.9391132551640056
4081,FMAT,453615.053768773,5678730.48050906,0.0,0.0,0.0,0.0,6.80462646484375,,1.0190298557281494,0.0,0.0,,0.2977042894817641,0.4632609246409617
4082,FMAT,453615.455856262,5678729.80703013,0.0,0.0,0.0,0.0,18.11897850036621,,1.0860497951507568,0.0,0.0,,0.6942251803078352,0.2585810125994844
4083,FMAT,453615.832091437,5678729.11453282,0.0,0.0,0.0,0.0,30.690393447875977,,1.1945918798446655,0.0,0.0,,-0.1717563745967737,0.9293009710778132
4084,FMAT,453616.217137937,5678728.39545301,0.0,0.0,0.0,0.0,1.2054067850112915,,1.0030852556228638,0.0,0.0,,-0.2914322113041701,0.2553145726658639
4085,FMAT,453616.688918626,5678727.64470096,0.0,0.0,0.0,0.0,3.7472774982452393,,1.0059385299682615,0.0,0.0,,-0.1993817093381385,-0.0292886430049775
4086,FMAT,453617.16903331,5678726.94837657,0.0,0.0,0.0,0.0,4.16858434677124,,1.0099358558654783,0.0,0.0,,-0.2861845088130202,0.4635957373885353
4087,FMAT,453617.692008319,5678726.32221998,0.0,0.0,0.0,0.0,0.8999701142311096,,1.0030208826065063,0.0,0.0,,-0.2408427523587869,0.409397016264255
4088,FMAT,453618.249313413,5678725.74509537,0.0,0.0,0.0,0.0,1.7399119138717651,,1.003664255142212,0.0,0.0,,-0.1009009042475173,0.4830791606753875
4089,FMAT,453618.780151608,5678725.25326684,0.0,0.0,0.0,0.0,2.097756862640381,,1.004314422607422,0.0,0.0,,0.3115375369493573,0.3494559343685073
4090,FMAT,453619.40612343,5678724.77309643,0.0,0.0,0.0,0.0,3.119549036026001,,1.0164616107940674,0.0,0.0,,0.4542510433863483,0.1467747012075936
4091,FMAT,453619.997183128,5678724.34265979,0.0,0.0,0.0,0.0,2.9974982738494877,,1.011347770690918,0.0,0.0,,0.5125166206978508,-0.3281508003264493
4092,FMAT,453620.536172164,5678723.93633121,0.0,0.0,0.0,0.0,38.468406677246094,,1.496589183807373,0.0,0.0,,0.2229176793323371,-0.9477603363887952
4093,FMAT,453621.127205586,5678723.51033341,1.0,0.0,562.0,0.0,5.836685180664063,,1.3191900253295898,562.0,0.0,,0.1537737283343329,-0.2142826799990492
4094,FMAT,453621.761753133,5678723.04353054,0.0,0.0,0.0,0.0,23.06061172485352,,1.852108597755432,0.0,0.0,,-0.8490224804250278,0.0664292651930343
4095,FMAT,453622.405085816,5678722.55458403,1.0,0.0,562.0,0.0,9.344362258911133,,1.1309510469436646,562.0,0.0,,0.1431337416005446,-0.758625525097726
4096,FMAT,453623.030998364,5678722.08440088,1.0,0.0,562.0,0.0,18.839235305786133,,1.2077597379684448,562.0,0.0,,-0.2197047366839414,-0.4087534703562728
4097,FMAT,453623.708922572,5678721.60009712,1.0,0.0,562.0,0.0,14.995047569274902,,1.071483850479126,562.0,0.0,,0.4631270642561533,-0.3528440110792463
4098,FMAT,453624.377996118,5678721.14903417,1.0,0.0,562.0,0.0,19.373085021972656,,1.2294784784317017,562.0,0.0,,-0.1304998074581027,0.8094290769613642
4099,FMAT,453625.116331393,5678720.6939401,1.0,0.0,562.0,0.0,19.640647888183597,,1.7468907833099363,562.0,0.0,,-0.0128839341524249,0.3548347791692454
4100,FMAT,453625.819682677,5678720.30078683,0.0,0.0,0.0,0.0,29.229124069213867,,1.3011916875839231,0.0,0.0,,0.3892824822330487,0.6126596705904211
4101,FMAT,453626.488180733,5678719.9473798,0.0,0.0,0.0,0.0,13.61521816253662,,1.087199091911316,0.0,0.0,,0.3892049172661767,0.7059496628894988
4102,FMAT,453627.156626432,5678719.60285054,0.0,0.0,0.0,0.0,3.1600728034973145,,1.0096169710159302,0.0,0.0,,0.4352037527286098,0.4711276387565702
4103,FMAT,453627.81641762,5678719.25827025,0.0,0.0,0.0,0.0,3.835859060287476,,1.0129144191741943,0.0,0.0,,-0.1992204154246251,-0.0393201929678241
4104,FMAT,453628.467240532,5678718.96690588,0.0,0.0,0.0,0.0,2.9661636352539062,,1.0311115980148315,0.0,0.0,,-0.2658977959265104,-0.059819513573343
4105,FMAT,453629.195790066,5678718.70374347,0.0,0.0,0.0,0.0,1.3570295572280884,,1.0039488077163696,0.0,0.0,,0.3309294699417689,0.4786003494149096
4106,FMAT,453630.140158381,5678718.53396286,0.0,0.0,0.0,0.0,1.632237195968628,,1.0022674798965454,0.0,0.0,,0.0695070616964217,0.247207231642469
4107,FMAT,453630.972110256,5678718.34798326,0.0,0.0,0.0,0.0,1.2148873805999756,,1.0022920370101929,0.0,0.0,,-0.2666746459413232,-0.2782790682192246
4108,FMAT,453631.743958064,5678718.08063657,0.0,0.0,0.0,0.0,1.970203876495361,,1.003065824508667,0.0,0.0,,-0.3759764188257574,0.4397849192539975
4109,FMAT,453632.524492948,5678717.80779214,0.0,0.0,0.0,0.0,2.467597961425781,,1.0083845853805542,0.0,0.0,,-0.0248466391973645,-0.2584759090324928
4110,FMAT,453633.305060462,5678717.529399,0.0,0.0,0.0,0.0,12.098036766052246,,1.076337456703186,0.0,0.0,,0.0617375298481104,-0.6773460474785381
4111,FMAT,453634.08580439,5678717.22104311,0.0,0.0,0.0,0.0,49.15206909179688,,1.814622521400452,0.0,0.0,,-0.3819308830103539,-0.5765501544102379
4112,FMAT,453634.849278564,5678716.90592683,0.0,0.0,0.0,0.0,48.800968170166016,,1.676316738128662,0.0,0.0,,-0.7575273900195746,-0.588426171732701
4113,FMAT,453635.612661178,5678716.60634667,0.0,0.0,0.0,0.0,47.92510223388672,,1.7837198972702026,0.0,0.0,,-0.4341461938101925,-0.3511555782379849
4114,FMAT,453636.376109088,5678716.29566916,1.0,0.0,562.0,0.0,18.701007843017575,,1.1212081909179688,562.0,0.0,,-0.3821469909441543,-0.3874262462277061
4115,FMAT,453637.078923493,5678715.99351262,1.0,0.0,562.0,0.0,12.12819480895996,,1.130451798439026,562.0,0.0,,0.0824375308318944,0.6578191482951753
4116,FMAT,453637.799131706,5678715.67703148,1.0,0.0,562.0,0.0,22.0883846282959,,1.2254917621612549,562.0,0.0,,0.6544302865628125,0.6784215798190537
4117,FMAT,453638.571168536,5678715.37750201,0.0,0.0,0.0,0.0,32.50288391113281,,2.011143445968628,0.0,0.0,,0.7144040515579597,0.5573102524743581
4118,FMAT,453639.325746094,5678715.10339428,0.0,0.0,0.0,0.0,34.88652038574219,,1.695915699005127,0.0,0.0,,-0.2147831021748702,0.6162702694905243
4119,FMAT,453640.036881435,5678714.85788459,0.0,0.0,0.0,0.0,19.680072784423828,,1.0838762521743774,0.0,0.0,,-0.8251271011874645,0.184012144365503
4120,FMAT,453640.739277324,5678714.62675035,-1.0,0.0,562.0,0.0,5.345611572265625,,1.1469755172729492,562.0,0.0,,0.2961927679507559,-0.0754737898976389
4121,FMAT,453641.459034354,5678714.38684014,-1.0,0.0,562.0,0.0,7.457124710083008,,1.0316965579986572,562.0,0.0,,0.2825668165511561,0.6566507737376431
4122,FMAT,453642.274356227,5678714.08534567,-1.0,0.0,562.0,0.0,1.4298334121704102,,1.005575180053711,562.0,0.0,,0.1855549381655661,-0.376974733103893
4123,FMAT,453643.037646793,5678713.80130099,0.0,0.0,0.0,0.0,2.9664249420166016,,1.005636215209961,0.0,0.0,,-0.0466887961819689,-0.8271718772917668
4124,FMAT,453643.766208415,5678713.53591778,0.0,0.0,0.0,0.0,1.7593327760696411,,1.0102180242538452,0.0,0.0,,-0.1896600830160603,0.4636199992149941
4125,FMAT,453644.572771113,5678713.25212776,0.0,0.0,0.0,0.0,2.8190276622772217,,1.0027645826339722,0.0,0.0,,-0.8351136810675547,0.4633255021280096
4126,NVB,453645.33598963,5678712.98028988,0.0,0.0,0.0,0.0,6.818992614746094,,1.009541392326355,0.0,0.0,,-0.1163691188533918,-0.681702358745128
4127,NVB,453646.090534044,5678712.71173015,0.0,0.0,0.0,0.0,5.424218654632568,,1.0199568271636963,0.0,0.0,,-0.3223965557278715,-0.3998973269660225
4128,NVB,453646.775594528,5678712.48493236,0.0,0.0,0.0,0.0,6.422442436218262,,1.0124975442886353,0.0,0.0,,-0.5475238368393711,-0.8226160406597495
4129,NVB,453647.521419055,5678712.22741882,0.0,0.0,0.0,0.0,4.2835187911987305,,1.004378080368042,0.0,0.0,,-0.4692059087375299,-0.8728337066037261
4130,NVB,453648.241254056,5678711.97419125,0.0,0.0,0.0,0.0,3.732276201248169,,1.002657771110535,0.0,0.0,,-0.5550867749330967,-0.8097350293078556
4131,NVB,453648.969795728,5678711.71213675,0.0,0.0,0.0,0.0,5.617354393005371,,1.0082404613494873,0.0,0.0,,-0.4489130467575429,-0.8874120540691083
4132,NVB,453649.715783452,5678711.42687979,0.0,0.0,0.0,0.0,2.89961838722229,,1.0077952146530151,0.0,0.0,,-0.4550721213403776,-0.831218204832248
4133,NVB,453650.392823035,5678711.09238708,0.0,0.0,0.0,0.0,4.3797454833984375,,1.0052647590637207,0.0,0.0,,-0.6714346606126881,-0.4234607601645979
4134,NVB,453651.069869092,5678710.75678458,0.0,0.0,0.0,0.0,5.1936540603637695,,1.01245379447937,0.0,0.0,,-0.7568888291651225,-0.6018252507615492
4135,NVB,453651.833400742,5678710.43167911,0.0,0.0,0.0,0.0,1.4079718589782717,,1.004633903503418,0.0,0.0,,-0.5416569388268627,-0.2530560646485838
4136,NVB,453652.50140677,5678710.16149951,0.0,0.0,0.0,0.0,0.6610674858093262,,1.0052003860473633,0.0,0.0,,-0.0612830054318425,-0.0129671959700309
4137,NVB,453653.20414159,5678709.87265828,0.0,0.0,0.0,0.0,0.9757837057113647,,1.000610589981079,0.0,0.0,,0.1947820805557938,-0.5497302977586797
4138,NVB,453653.950298844,5678709.55854798,0.0,0.0,0.0,0.0,1.0378506183624268,,1.0007647275924685,0.0,0.0,,0.0763485465792112,-0.4890561778322839
4139,NVB,453654.661629207,5678709.27974512,0.0,0.0,0.0,0.0,0.689300000667572,,1.0007293224334717,0.0,0.0,,0.6028571875881402,0.0009825674781165
4140,NVB,453655.398864048,5678709.01108261,0.0,0.0,0.0,0.0,1.149048924446106,,1.0017553567886353,0.0,0.0,,0.812679015454989,0.3084284599113525
4141,NVB,453656.179070546,5678708.79372227,0.0,0.0,0.0,0.0,2.6098804473876958,,1.0018731355667114,0.0,0.0,,0.8042395731450367,0.531749113020794
4142,NVB,453656.976017538,5678708.67301011,0.0,0.0,0.0,0.0,5.4040398597717285,,1.0097566843032837,0.0,0.0,,0.5380525067017548,0.3020500649102093
4143,NVB,453657.712376868,5678708.55305099,0.0,0.0,0.0,0.0,2.8573973178863525,,1.0039613246917725,0.0,0.0,,0.4634938283405254,0.1165687416925111
4144,NVB,453658.509598176,5678708.38573009,0.0,0.0,0.0,0.0,3.8159701824188232,,1.003173589706421,0.0,0.0,,-0.1410953044253221,0.950002043207895
4145,NVB,453659.290307516,5678708.08292035,0.0,0.0,0.0,0.0,3.650136947631836,,1.0029337406158447,0.0,0.0,,-0.4311862400071528,0.8612844583751649
4146,NVB,453660.010376911,5678707.78974149,0.0,0.0,0.0,0.0,2.796586751937866,,1.002802491188049,0.0,0.0,,0.0325235081955309,0.9382246732202036
4147,NVB,453660.773888299,5678707.46796434,0.0,0.0,0.0,0.0,3.541563034057617,,1.002602219581604,0.0,0.0,,0.2574282949016617,0.9494673807277972
4148,ALG,453661.528908483,5678707.11839296,0.0,0.0,0.0,0.0,2.804510593414306,,1.0024572610855105,0.0,0.0,,0.3462546991954726,0.8599872594751664
4149,ALG,453662.266802615,5678706.73764724,0.0,0.0,0.0,0.0,3.0307834148406982,,1.0018928050994873,0.0,0.0,,-0.0739179421166589,0.9679807553945984
4150,ALG,453663.013409901,5678706.34696482,0.0,0.0,0.0,0.0,4.739856243133545,,1.008467197418213,0.0,0.0,,0.5100839236957553,-0.1739948573145455
4151,ALG,453663.742473087,5678705.99613069,0.0,0.0,0.0,0.0,10.08824348449707,,1.0552173852920532,0.0,0.0,,-0.2718260860123119,0.4651483981450429
4152,ALG,453664.453789703,5678705.71954641,0.0,0.0,0.0,0.0,3.148931741714477,,1.0080745220184326,0.0,0.0,,0.1749051510252134,-0.1127895666928004
4153,ALG,453665.182362898,5678705.45194177,0.0,0.0,0.0,0.0,21.3100700378418,,1.1359580755233765,0.0,0.0,,0.850940729590167,-0.1957167881769299
4154,ALG,453665.885083759,5678705.16531887,0.0,0.0,0.0,0.0,26.506498336791992,,1.1656664609909058,0.0,0.0,,0.595749114209216,0.7323383085685148
4155,ALG,453666.631070231,5678704.88006031,0.0,0.0,0.0,0.0,4.180259704589844,,1.017211675643921,0.0,0.0,,-0.108792866545999,0.9288442787429712
4156,ALG,453667.403137526,5678704.57497939,0.0,0.0,0.0,0.0,0.9265797138214112,,1.0099025964736938,0.0,0.0,,0.1875549799679102,0.7066920125560094
4157,ALG,453668.175054546,5678704.29542214,0.0,0.0,0.0,0.0,5.153934001922607,,1.005016803741455,0.0,0.0,,-0.2494905894139273,-0.9089473239076362
4158,ALG,453668.912144762,5678704.05117238,0.0,0.0,0.0,0.0,1.5846426486968994,,1.006393551826477,0.0,0.0,,-0.275120201222553,0.360717390184586
4159,ALG,453669.631919526,5678703.80793043,0.0,0.0,0.0,0.0,5.633349418640137,,1.0068799257278442,0.0,0.0,,-0.2043039459385097,-0.9680858838275764
4160,ALG,453670.369048837,5678703.55702217,0.0,0.0,0.0,0.0,3.716606855392456,,1.0075550079345703,0.0,0.0,,0.1627136009871535,0.291657193459409
4161,ALG,453671.210286042,5678703.26344561,0.0,0.0,0.0,0.0,2.6764349937438965,,1.003434181213379,0.0,0.0,,0.0826815366169037,-0.4348098425559095
4162,ALG,453671.973476517,5678702.99604407,0.0,0.0,0.0,0.0,1.2483084201812744,,1.0008823871612549,0.0,0.0,,-0.230226771700973,0.1045762286250904
4163,ALG,453672.624231103,5678702.71577336,0.0,0.0,0.0,0.0,2.7237532138824463,,1.003496170043945,0.0,0.0,,-0.8030945224067204,-0.0588861646585277
4164,ALG,453673.31851904,5678702.3913681,0.0,0.0,0.0,0.0,12.914758682250977,,1.068219780921936,0.0,0.0,,-0.4350935269763452,-0.80428568522812
4165,ALG,453674.01280692,5678702.06696278,0.0,0.0,0.0,0.0,4.492396354675293,,1.0096962451934814,0.0,0.0,,-0.5412534313816026,-0.2016229773407652
4166,FMAT,453674.715749177,5678701.74260833,0.0,0.0,0.0,0.0,11.038691520690918,,1.0440021753311155,0.0,0.0,,0.0967779752667925,-0.5816159672392832
4167,FMAT,453675.436072077,5678701.40614866,0.0,0.0,0.0,0.0,7.686870574951172,,1.1366586685180664,0.0,0.0,,-0.1182094851939003,-0.0930588090300331
4168,FMAT,453676.208432532,5678701.05112909,0.0,0.0,0.0,0.0,15.345437049865724,,1.1013283729553225,0.0,0.0,,-0.8040032689424871,-0.0620469852017331
4169,FMAT,453676.946005402,5678700.72475869,0.0,0.0,0.0,0.0,3.7230982780456543,,1.0406275987625122,0.0,0.0,,-0.2725741822432949,0.3700334643677703
4170,FMAT,453677.700730362,5678700.42512355,0.0,0.0,0.0,0.0,31.354570388793945,,1.3634752035140991,0.0,0.0,,0.766094335590501,0.0755765931319116
4171,FMAT,453678.446578821,5678700.16316818,0.0,0.0,0.0,0.0,4.70469856262207,,1.008200764656067,0.0,0.0,,-0.0256958348139809,0.309055532773889
4172,FMAT,453679.200951068,5678699.92345823,0.0,0.0,0.0,0.0,8.357176780700684,,1.0411523580551147,0.0,0.0,,-0.3049942225578369,0.221014948581266
4173,FMAT,453679.946668836,5678699.68369729,0.0,0.0,0.0,0.0,9.794898986816406,,1.0640360116958618,0.0,0.0,,-0.4015447760508521,0.3414957586245572
4174,FMAT,453680.67511034,5678699.43828578,0.0,0.0,0.0,0.0,1.8459392786026,,1.002042531967163,0.0,0.0,,-0.3369357332485959,0.2477120621672042
4175,FMAT,453681.464224234,5678699.17769446,0.0,0.0,0.0,0.0,1.2136136293411257,,1.0035480260849,0.0,0.0,,-0.4677053709906546,0.1047150160126391
4176,FMAT,453682.227205019,5678698.94580324,0.0,0.0,0.0,0.0,2.492143392562866,,1.0032984018325806,0.0,0.0,,-0.0107340344471671,-0.4690913903682225
4177,FMAT,453682.964150644,5678698.72596621,0.0,0.0,0.0,0.0,0.588657796382904,,1.007157325744629,0.0,0.0,,-0.1590605892413285,0.1495022451616704
4178,FMAT,453683.727183573,5678698.48519702,0.0,0.0,0.0,0.0,6.897372245788574,,1.027387022972107,0.0,0.0,,0.1620347447044418,0.3896915129211964
4179,FMAT,453684.447042229,5678698.22752724,0.0,0.0,0.0,0.0,1.9701638221740725,,1.011787176132202,0.0,0.0,,0.2820229122227136,-0.6377205414914461
4180,FMAT,453685.184353333,5678697.94554521,0.0,0.0,0.0,0.0,7.776554584503174,,1.0114654302597046,0.0,0.0,,0.0287807636729003,0.3948285159179452
4181,FMAT,453685.999769705,5678697.6274003,0.0,0.0,0.0,0.0,0.5779948234558105,,1.0082343816757202,0.0,0.0,,-0.4261073824062905,-0.0093961178374269
4182,FMAT,453686.702449917,5678697.34743392,0.0,0.0,0.0,0.0,20.565814971923828,,1.087999939918518,0.0,0.0,,-0.4387745593110873,-0.8940281708613496
4183,FMAT,453687.448571968,5678697.03886911,0.0,0.0,0.0,0.0,4.366536617279053,,1.0509711503982544,0.0,0.0,,-0.5319609258965302,-0.5721646410198776
4184,FMAT,453688.212068107,5678696.71930877,0.0,0.0,0.0,0.0,9.41430950164795,,1.0402705669403076,0.0,0.0,,-0.4064947782779155,-0.8978816389346185
4185,FMAT,453688.940802838,5678696.42395873,0.0,0.0,0.0,0.0,29.169897079467773,,1.1850063800811768,0.0,0.0,,-0.8518085696187213,0.2970749079196395
4186,FMAT,453689.695598725,5678696.11211543,0.0,0.0,0.0,0.0,10.043598175048828,,1.0627487897872925,0.0,0.0,,0.5724085689794293,0.4749002174061084
4187,FMAT,453690.433216257,5678695.77797568,0.0,0.0,0.0,0.0,8.440234184265137,,1.048358917236328,0.0,0.0,,0.6710659393466751,0.4422244835434554
4188,FMAT,453691.110193973,5678695.45346704,0.0,0.0,0.0,0.0,4.213739395141602,,1.018575668334961,0.0,0.0,,0.4656815660988249,-0.1240668535820026
4189,FMAT,453691.847706934,5678695.1370828,0.0,0.0,0.0,0.0,12.124738693237305,,1.0325781106948853,0.0,0.0,,0.2007491187289345,-0.8747414682000979
4190,FMAT,453692.593704544,5678694.84960234,0.0,0.0,0.0,0.0,7.027893543243408,,1.0157288312911987,0.0,0.0,,0.2296980498440894,-0.9531306333129368
4191,FMAT,453693.33955196,5678694.58764557,0.0,0.0,0.0,0.0,4.113475322723389,,1.0066674947738647,0.0,0.0,,-0.2770990323084558,0.8020421455195557
4192,FMAT,453694.189428694,5678694.29633693,0.0,0.0,0.0,0.0,0.87141352891922,,1.0087940692901611,0.0,0.0,,-0.1539509824723443,0.0995507431033547
4193,FMAT,453694.952578331,5678694.03559155,0.0,0.0,0.0,0.0,9.3385591506958,,1.0220836400985718,0.0,0.0,,-0.2482397884598333,-0.8212988955377636
4194,FMAT,453695.629020465,5678693.80208025,0.0,0.0,0.0,0.0,5.5054426193237305,,1.0194700956344604,0.0,0.0,,0.4806330240480654,0.6335015327059674
4195,FMAT,453696.556917407,5678693.48903493,0.0,0.0,0.0,0.0,8.574122428894043,,1.03303325176239,0.0,0.0,,0.8055551853457977,-0.5618669972458457
4196,FMAT,453697.311255808,5678693.2548719,0.0,0.0,0.0,0.0,4.278059959411621,,1.0087671279907229,0.0,0.0,,0.5947404455247,0.5843591811179373
4197,FMAT,453698.082733311,5678693.04966353,0.0,0.0,0.0,0.0,3.5521883964538574,,1.0080715417861938,0.0,0.0,,0.1592385298558458,0.7624172487368428
4198,FMAT,453698.914948396,5678692.81817792,0.0,0.0,0.0,0.0,2.443333625793457,,1.005293369293213,0.0,0.0,,-0.5941804157399665,-0.662798943119957
4199,FMAT,453699.669293185,5678692.58290492,0.0,0.0,0.0,0.0,4.171184539794922,,1.0268040895462036,0.0,0.0,,-0.2320465417090603,0.1667081042382714
4200,FMAT,453700.415290256,5678692.29542373,0.0,0.0,0.0,0.0,3.8629438877105713,,1.0068947076797483,0.0,0.0,,-0.1321914110000633,0.7505810300150514
4201,FMAT,453701.1527438,5678691.98902618,0.0,0.0,0.0,0.0,5.47817850112915,,1.0275219678878784,0.0,0.0,,0.0313964228469242,-0.3276692684408609
4202,FMAT,453701.881712548,5678691.65372473,0.0,0.0,0.0,0.0,9.371966361999512,,1.0317740440368652,0.0,0.0,,0.4112376091919816,0.400666488712586
4203,FMAT,453702.619531447,5678691.28518226,0.0,0.0,0.0,0.0,3.254969835281372,,1.0865973234176636,0.0,0.0,,-0.2402045113497259,-0.2150521428677601
4204,FMAT,453703.374502495,5678690.94337499,0.0,0.0,0.0,0.0,3.651535034179688,,1.0873013734817505,0.0,0.0,,0.0139229750186348,-0.1973897099429559
4205,FMAT,453704.103327474,5678690.63248735,0.0,0.0,0.0,0.0,12.589995384216309,,1.036763072013855,0.0,0.0,,-0.653443750335151,0.5002966313853531
4206,FMAT,453704.858043876,5678690.33395935,0.0,0.0,0.0,0.0,7.01976203918457,,1.0423862934112549,0.0,0.0,,0.0469695306312168,-0.5805486825725378
4207,FMAT,453705.586653383,5678690.05969262,0.0,0.0,0.0,0.0,6.246250629425049,,1.022636890411377,0.0,0.0,,-0.0187540313255771,0.1859188552794889
4208,FMAT,453706.323878108,5678689.79213509,0.0,0.0,0.0,0.0,3.472270965576172,,1.0099517107009888,0.0,0.0,,0.2095678008274409,0.4201766957172781
4209,FMAT,453707.052317841,5678689.54672116,0.0,0.0,0.0,0.0,8.296642303466797,,1.0383321046829224,0.0,0.0,,0.4613301795394894,0.2754650990505349
4210,FMAT,453708.63092679,5678688.9600592,0.0,0.0,0.0,0.0,3.2109081745147705,,1.037718415260315,0.0,0.0,,-0.2781576394570663,-0.021311842427407
4211,FMAT,453709.368562403,5678688.62258849,0.0,0.0,0.0,0.0,1.756388783454895,,1.0135427713394165,0.0,0.0,,0.5453081267391575,-0.5759505553664422
4212,FMAT,453709.95934687,5678688.23764401,0.0,0.0,0.0,0.0,15.722522735595703,,1.0627899169921875,0.0,0.0,,-0.2428909812223786,0.6614065317075245
4213,FMAT,453710.602351433,5678687.80306703,0.0,0.0,0.0,0.0,11.998970985412598,,1.040026068687439,0.0,0.0,,0.2683452928806131,-0.3776834031933098
4214,FMAT,453711.270705822,5678687.47295714,0.0,0.0,0.0,0.0,5.942849159240723,,1.0320862531661987,0.0,0.0,,0.0504768213105626,0.2293258288941358
4215,FMAT,453711.998753679,5678687.29412646,0.0,0.0,0.0,0.0,3.871762990951538,,1.0209388732910156,0.0,0.0,,-0.4084823249825932,-0.5437871847854
4216,FMAT,453712.796056432,5678687.11237362,0.0,0.0,0.0,0.0,9.082761764526367,,1.0403335094451904,0.0,0.0,,-0.7952242358708137,0.3767328552641855
4217,FMAT,453713.671464235,5678686.89445762,0.0,0.0,0.0,0.0,6.441898822784424,,1.0534300804138184,0.0,0.0,,0.1853358547201124,-0.1263520794326177
4218,FMAT,453714.434142706,5678686.7136108,0.0,0.0,0.0,0.0,5.607333183288574,,1.0227669477462769,0.0,0.0,,-0.0528624360801263,-0.2281778403845747
4219,FMAT,453715.16214475,5678686.54254794,0.0,0.0,0.0,0.0,2.52069091796875,,1.0309321880340576,0.0,0.0,,0.4235037823122851,-0.4043660230661965
4220,FMAT,453715.959616985,5678686.33194183,0.0,0.0,0.0,0.0,8.259626388549805,,1.0126731395721436,0.0,0.0,,0.1787753593946724,0.6133101157636806
4221,FMAT,453716.69659959,5678686.10544328,0.0,0.0,0.0,0.0,7.0243682861328125,,1.015938401222229,0.0,0.0,,0.5606153010058446,0.2677297835487212
4222,FMAT,453717.364320718,5678685.88297654,0.0,0.0,0.0,0.0,3.1871321201324463,,1.017650127410889,0.0,0.0,,0.4226016588883527,-0.032113290515933
4223,FMAT,453718.179675786,5678685.57481587,0.0,0.0,0.0,0.0,4.83769416809082,,1.0163109302520752,0.0,0.0,,0.1695700367342258,0.8128137612624355
4224,FMAT,453718.891112543,5678685.27714186,0.0,0.0,0.0,0.0,5.280526638031006,,1.0203102827072144,0.0,0.0,,0.5049080906371178,-0.6244066331569761
4225,FMAT,453719.559303262,5678684.97477448,0.0,0.0,0.0,0.0,1.556937336921692,,1.0564583539962769,0.0,0.0,,0.4657291919975918,0.1315947542762909
4226,FMAT,453720.236226632,5678684.65914117,0.0,0.0,0.0,0.0,5.100112438201904,,1.015905261039734,0.0,0.0,,0.3772496258534646,0.5953076681932222
4227,FMAT,453720.973920046,5678684.31168183,0.0,0.0,0.0,0.0,7.7753005027771,,1.0304782390594482,0.0,0.0,,0.8312087908852397,-0.3784499782908786
4228,FMAT,453721.711228497,5678684.02969639,0.0,0.0,0.0,0.0,6.416194915771484,,1.0210200548171997,0.0,0.0,,0.0342263453445744,0.6358923927258
4229,FMAT,453722.404912547,5678683.80738184,0.0,0.0,0.0,0.0,3.4635579586029053,,1.0271071195602417,0.0,0.0,,-0.0220505739682342,-0.0828946281742975
4230,FMAT,453723.150660039,5678683.56206818,0.0,0.0,0.0,0.0,7.623118877410889,,1.0278199911117554,0.0,0.0,,-0.6493210816638402,-0.1610261705358885
4231,FMAT,453723.870542091,5678683.29995591,0.0,0.0,0.0,0.0,1.561690330505371,,1.1122620105743408,0.0,0.0,,0.1173359285520436,-0.0007346737789912
4232,FMAT,453724.590508898,5678683.02341709,0.0,0.0,0.0,0.0,4.560476779937744,,1.0142425298690796,0.0,0.0,,-0.0154795117913181,-0.4302832944328631
4233,FMAT,453725.397111115,5678682.73185074,0.0,0.0,0.0,0.0,4.221680641174316,,1.0074145793914795,0.0,0.0,,0.5469285415032055,-0.2818630888245419
4234,FMAT,453726.108201615,5678682.49299168,0.0,0.0,0.0,0.0,5.1098408699035645,,1.0201187133789062,0.0,0.0,,0.4216644383567416,0.3885936243795799
4235,FMAT,453726.828063898,5678682.23420832,0.0,0.0,0.0,0.0,4.089535236358643,,1.014380931854248,0.0,0.0,,0.3665631134781277,0.3873818243508769
4236,FMAT,453727.539428269,5678681.94874055,0.0,0.0,0.0,0.0,16.498096466064453,,1.09002423286438,0.0,0.0,,0.7471854261143364,0.099045606803476
4237,FMAT,453728.224848917,5678681.65979091,0.0,0.0,0.0,0.0,7.577476978302002,,1.0310832262039185,0.0,0.0,,0.1353259583951776,0.6555229090773741
4238,FMAT,453728.901667281,5678681.36191253,0.0,0.0,0.0,0.0,3.841756820678711,,1.014143705368042,0.0,0.0,,-0.3870523966207351,-0.5812887597191986
4239,FMAT,453729.595781375,5678681.06635527,0.0,0.0,0.0,0.0,6.231642246246338,,1.0249717235565186,0.0,0.0,,-0.1837835324855873,-0.4844994059218568
4240,FMAT,453730.367935139,5678680.745732,0.0,0.0,0.0,0.0,11.08297348022461,,1.0358881950378418,0.0,0.0,,0.1226013090670233,-0.8871853545128273
4241,FMAT,453731.070540474,5678680.47796869,0.0,0.0,0.0,0.0,4.633460998535156,,1.0099196434020996,0.0,0.0,,-0.0775413298661658,0.4656357941952429
4242,FMAT,453731.807717746,5678680.21817688,0.0,0.0,0.0,0.0,3.222965717315674,,1.0364609956741333,0.0,0.0,,0.2667941303834177,-0.5479320561103342
4243,FMAT,453732.570884294,5678679.95409868,0.0,0.0,0.0,0.0,9.098278999328612,,1.022795557975769,0.0,0.0,,0.0999448729333969,0.9199059609015894
4244,FMAT,453733.299459235,5678679.68537804,0.0,0.0,0.0,0.0,6.006684303283691,,1.0206173658370972,0.0,0.0,,0.7384015906695732,-0.5794213780323693
4245,FMAT,453734.019431892,5678679.40772865,0.0,0.0,0.0,0.0,15.301008224487305,,1.0712658166885376,0.0,0.0,,0.0005690785781736,0.4896402207282554
4246,FMAT,453734.739339275,5678679.14117646,0.0,0.0,0.0,0.0,4.0776686668396,,1.0091884136199951,0.0,0.0,,0.6888202819900533,0.0534687259205748
4247,FMAT,453735.467881457,5678678.87800427,0.0,0.0,0.0,0.0,1.6927028894424438,,1.0059484243392944,0.0,0.0,,0.4434166116531106,-0.0308490664563798
4248,FMAT,453736.153040671,5678678.63344308,0.0,0.0,0.0,0.0,1.5894391536712646,,1.0153344869613647,0.0,0.0,,-0.1537280156863164,0.0825504623291736
4249,FMAT,453736.872817478,5678678.38908528,0.0,0.0,0.0,0.0,2.3410651683807373,,1.005958914756775,0.0,0.0,,0.4316771289381226,0.2352818210692925
4250,FMAT,453737.653299012,5678678.12399858,0.0,0.0,0.0,0.0,1.2159870862960815,,1.005683660507202,0.0,0.0,,0.6820135553901471,-0.5144504343708006
4251,FMAT,453738.381743179,5678677.87747204,0.0,0.0,0.0,0.0,4.628277778625488,,1.0050126314163208,0.0,0.0,,0.9017371865074884,-0.1143790615280593
4252,FMAT,453739.127489593,5678677.63215687,0.0,0.0,0.0,0.0,2.50648045539856,,1.0098369121551514,0.0,0.0,,0.8334373976813501,0.1225734470866116
4253,FMAT,453739.84746837,5678677.35339722,0.0,0.0,0.0,0.0,9.047385215759276,,1.0442239046096802,0.0,0.0,,0.7073319592854829,0.2248574268467913
4254,FMAT,453740.524285912,5678677.05551783,0.0,0.0,0.0,0.0,5.172272205352783,,1.0082520246505735,0.0,0.0,,0.428692534894359,-0.2712311436844719
4255,FMAT,453741.253173311,5678676.7335295,0.0,0.0,0.0,0.0,8.351883888244629,,1.0196841955184937,0.0,0.0,,0.3568366615506764,0.4191118007687518
4256,FMAT,453741.964588813,5678676.4391826,0.0,0.0,0.0,0.0,2.35788631439209,,1.0016063451766968,0.0,0.0,,0.6794056774553384,0.4251672245989003
4257,FMAT,453742.641301863,5678676.15905869,0.0,0.0,0.0,0.0,3.8451545238494873,,1.0073819160461426,0.0,0.0,,0.541747476193077,0.1783915944092902
4258,FMAT,453743.43956127,5678675.81417268,0.0,0.0,0.0,0.0,5.782219886779785,,1.0095527172088623,0.0,0.0,,0.2475126432148548,0.7007224746287058
4259,FMAT,453744.177037632,5678675.50333221,0.0,0.0,0.0,0.0,4.987442493438721,,1.006244421005249,0.0,0.0,,0.7337089453359874,0.5963375316851668
4260,FMAT,453744.819009013,5678675.24408954,0.0,0.0,0.0,0.0,8.151315689086914,,1.0303752422332764,0.0,0.0,,-0.0605617686823574,0.8506232598117399
4261,FMAT,453745.634446633,5678674.92149958,0.0,0.0,0.0,0.0,8.093052864074707,,1.0132784843444824,0.0,0.0,,-0.0346245061279207,-0.4086579201178903
4262,FMAT,453746.311029016,5678674.66356993,0.0,0.0,0.0,0.0,6.230625152587891,,1.0304937362670898,0.0,0.0,,-0.3975330579770302,0.4408935865285954
4263,FMAT,453747.065579236,5678674.39278111,0.0,0.0,0.0,0.0,7.828955173492432,,1.0254957675933838,0.0,0.0,,0.3278389158632339,-0.2529398513304927
4264,FMAT,453747.871977591,5678674.13561405,0.0,0.0,0.0,0.0,5.049023628234863,,1.0488970279693604,0.0,0.0,,0.1933047015327412,0.3422230354009712
4265,FMAT,453748.62626691,5678673.90921421,0.0,0.0,0.0,0.0,7.720624923706055,,1.037463903427124,0.0,0.0,,-0.1037982678181209,0.5706920589333485
4266,FMAT,453749.380588785,5678673.67726567,0.0,0.0,0.0,0.0,5.712133407592773,,1.0144236087799072,0.0,0.0,,-0.3257652551715931,0.8248436672079632
4267,FMAT,453750.126275768,5678673.44193702,0.0,0.0,0.0,0.0,4.720483303070068,,1.0207489728927612,0.0,0.0,,0.2009910766234717,-0.2218655145853937
4268,FMAT,453750.871995304,5678673.20105967,0.0,0.0,0.0,0.0,6.92663049697876,,1.0200647115707395,0.0,0.0,,-0.0900629277908209,0.4791224925538631
4269,FMAT,453751.626532185,5678672.93248987,0.0,0.0,0.0,0.0,0.7419083118438721,,1.0035401582717896,0.0,0.0,,0.2462410742899058,-0.2037508550299518
4270,FMAT,453752.355144918,5678672.6571091,0.0,0.0,0.0,0.0,2.330066442489624,,1.0050179958343506,0.0,0.0,,0.6153230343278187,0.0016775812775068
4271,FMAT,453753.144520958,5678672.35101176,0.0,0.0,0.0,0.0,2.220219373703003,,1.0057165622711182,0.0,0.0,,-0.0895647483499069,0.3650640321087739
4272,FMAT,453753.873237894,5678672.0578752,0.0,0.0,0.0,0.0,3.481550931930542,,1.0096007585525513,0.0,0.0,,0.6721776985759784,-0.4817729744807121
4273,FMAT,453754.593404673,5678671.74693208,0.0,0.0,0.0,0.0,1.905603051185608,,1.0046324729919434,0.0,0.0,,0.6938903413791033,0.4383888595406746
4274,FMAT,453756.068466489,5678671.10638361,0.0,0.0,0.0,0.0,1.6233450174331665,,1.005778193473816,0.0,0.0,,0.0008390714485557,0.2036560997925874
4275,FMAT,453756.814628892,5678670.79004416,0.0,0.0,0.0,0.0,6.380938529968262,,1.0198417901992798,0.0,0.0,,0.3400538516602398,-0.1858940204781921
4276,FMAT,453757.534782399,5678670.48132022,0.0,0.0,0.0,0.0,1.5286996364593506,,1.0558669567108154,0.0,0.0,,-0.0007338058121269,-0.2858076076041096
4277,FMAT,453758.237548829,5678670.18581129,0.0,0.0,0.0,0.0,5.61084508895874,,1.0135997533798218,0.0,0.0,,-0.3382192025206329,0.5284493195769455
4278,FMAT,453758.948917457,5678669.89923097,0.0,0.0,0.0,0.0,4.328583240509033,,1.00726056098938,0.0,0.0,,0.2875679920252365,-0.494806990819064
4279,FMAT,453759.642938125,5678669.61920727,0.0,0.0,0.0,0.0,4.069568634033203,,1.007251262664795,0.0,0.0,,0.2700082074712047,0.3063182485657179
4280,FMAT,453760.354280576,5678669.33706573,0.0,0.0,0.0,0.0,8.31678295135498,,1.0262727737426758,0.0,0.0,,0.8133655153490297,0.1826576736851581
4281,FMAT,453761.100201461,5678669.06178583,0.0,0.0,0.0,0.0,11.410984992980955,,1.034401535987854,0.0,0.0,,0.8355023877335986,0.4533772652338002
4282,FMAT,453761.82870269,5678668.80526957,0.0,0.0,0.0,0.0,3.55066442489624,,1.0088952779769895,0.0,0.0,,0.3755024977517848,-0.0998842738395134
4283,FMAT,453762.539875518,5678668.55198077,0.0,0.0,0.0,0.0,5.039723873138428,,1.0131489038467407,0.0,0.0,,0.3932266782849274,-0.2082175139023128
4284,FMAT,453763.259624488,5678668.31205948,0.0,0.0,0.0,0.0,1.1075156927108765,,1.0294822454452517,0.0,0.0,,0.3553586593898104,-0.1540691029839301
4285,FMAT,453763.979340822,5678668.07768676,0.0,0.0,0.0,0.0,9.604365348815918,,1.0192890167236328,0.0,0.0,,0.4128010220889583,0.8038797108307812
4286,FMAT,453764.785581533,5678667.84715146,0.0,0.0,0.0,0.0,4.67845630645752,,1.0112508535385132,0.0,0.0,,0.1331280107409288,0.4513418088890362
4287,FMAT,453765.539785014,5678667.63517649,0.0,0.0,0.0,0.0,13.800949096679688,,1.073591947555542,0.0,0.0,,0.4270865027449131,-0.7268621088693719
4288,FMAT,453766.320049407,5678667.40670799,0.0,0.0,0.0,0.0,3.0227410793304443,,1.019628882408142,0.0,0.0,,0.3686930164268768,0.2591902010510528
4289,FMAT,453767.039967601,5678667.13793342,0.0,0.0,0.0,0.0,7.453921794891357,,1.0687952041625977,0.0,0.0,,0.4027210293859628,-0.1137519636136785
4290,FMAT,453767.734046384,5678666.84792146,0.0,0.0,0.0,0.0,9.97956085205078,,1.0240681171417236,0.0,0.0,,0.7975295712566147,0.1820979555679226
4291,FMAT,453768.402227097,5678666.54665969,0.0,0.0,0.0,0.0,8.536477088928223,,1.0165274143218994,0.0,0.0,,0.7068033808089066,0.5717638161685843
4292,FMAT,453769.070459896,5678666.23652002,0.0,0.0,0.0,0.0,7.50694990158081,,1.0130382776260376,0.0,0.0,,0.5300285952887163,0.6305822566901371
4293,FMAT,453769.825308278,5678665.91468152,0.0,0.0,0.0,0.0,19.212383270263672,,1.0805732011795044,0.0,0.0,,0.8366322814138795,0.4127575120057307
4294,FMAT,453770.545382614,5678665.61927315,0.0,0.0,0.0,0.0,7.658271312713623,,1.0148773193359375,0.0,0.0,,0.524313602708382,0.8085262388833127
4295,FMAT,453771.213413229,5678665.34353489,0.0,0.0,0.0,0.0,4.335218906402588,,1.005996584892273,0.0,0.0,,0.7605851726695838,-0.1345531999170863
4296,FMAT,453771.950711533,5678665.0626545,0.0,0.0,0.0,0.0,1.2461001873016355,,1.0027726888656616,0.0,0.0,,0.2158920280500323,-0.5570511425277443
4297,FMAT,453772.696566431,5678664.79847078,0.0,0.0,0.0,0.0,11.037086486816406,,1.023876667022705,0.0,0.0,,-0.3401020848625475,-0.852292729549327
4298,FMAT,453773.425236301,5678664.51310052,0.0,0.0,0.0,0.0,6.387229442596436,,1.0103212594985962,0.0,0.0,,-0.7710098065729291,0.4336884071335323
4299,FMAT,453774.214656295,5678664.19923298,0.0,0.0,0.0,0.0,6.397153377532959,,1.013814091682434,0.0,0.0,,0.656770077659874,0.1219498799519033
4300,FMAT,453774.899734793,5678663.96798519,0.0,0.0,0.0,0.0,2.810626268386841,,1.014203667640686,0.0,0.0,,0.1722521724807879,0.5474890417876384
4301,FMAT,453775.628150378,5678663.72589413,0.0,0.0,0.0,0.0,6.320932388305664,,1.0106782913208008,0.0,0.0,,0.9244911376046,-0.0753821614661761
4302,FMAT,453776.348054873,5678663.45933817,0.0,0.0,0.0,0.0,3.603248834609986,,1.0419949293136597,0.0,0.0,,0.6461082540752826,0.1304788550810719
4303,FMAT,453777.041963566,5678663.19817833,0.0,0.0,0.0,0.0,4.043179035186768,,1.0166298151016235,0.0,0.0,,0.392342816247605,0.2190671636914512
4304,FMAT,453777.735859177,5678662.9392379,0.0,0.0,0.0,0.0,6.13738489151001,,1.009299874305725,0.0,0.0,,0.6013544578913447,-0.5429569493378777
4305,FMAT,453778.490355036,5678662.6773239,0.0,0.0,0.0,0.0,2.212392807006836,,1.0331802368164062,0.0,0.0,,-0.1099518181740437,0.1397734054986164
4306,FMAT,453779.244844323,5678662.41651957,0.0,0.0,0.0,0.0,1.6110429763793943,,1.0098693370819092,0.0,0.0,,0.4098200690323177,0.017236367007762
4307,FMAT,453779.947420246,5678662.15319084,0.0,0.0,0.0,0.0,4.357930660247803,,1.013846516609192,0.0,0.0,,0.42621352321611,0.4912884852997878
4308,FMAT,453780.702046256,5678661.86908207,0.0,0.0,0.0,0.0,3.693699836730957,,1.0274282693862915,0.0,0.0,,0.1098454185795334,-0.6027320736809897
4309,FMAT,453781.465215841,5678661.60388943,0.0,0.0,0.0,0.0,4.305474281311035,,1.0161069631576538,0.0,0.0,,-0.4703025479120351,0.0144316127923428
4310,FMAT,453782.167713433,5678661.35387724,0.0,0.0,0.0,0.0,6.225023746490479,,1.0130723714828491,0.0,0.0,,0.1153157801458327,0.4061477447753467
4311,FMAT,453782.887545816,5678661.09952769,0.0,0.0,0.0,0.0,0.4528930485248565,,1.0115894079208374,0.0,0.0,,0.3829495204960595,-0.4095432188453705
4312,FMAT,453783.633334809,5678660.84644023,0.0,0.0,0.0,0.0,2.6971447467803955,,1.0169049501419067,0.0,0.0,,0.2920255322396508,0.1102222010989392
4313,FMAT,453784.370397699,5678660.6055089,0.0,0.0,0.0,0.0,4.520664215087891,,1.0083587169647217,0.0,0.0,,0.763764725355753,0.0057978200904972
4314,FMAT,453785.11630386,5678660.33244619,0.0,0.0,0.0,0.0,3.8010447025299072,,1.0077224969863892,0.0,0.0,,0.6633441074954946,0.5358356284794655
4315,FMAT,453785.827644532,5678660.05030236,0.0,0.0,0.0,0.0,4.780548572540283,,1.0174908638000488,0.0,0.0,,0.4078408182351814,-0.0485735156532887
4316,FMAT,453786.625607212,5678659.75534977,0.0,0.0,0.0,0.0,3.6677675247192383,,1.0068758726119995,0.0,0.0,,0.4162213818844511,0.1872874954184356
4317,FMAT,453787.362897908,5678659.47557767,0.0,0.0,0.0,0.0,7.467906951904297,,1.014473557472229,0.0,0.0,,0.3608731814373069,0.0057041789756117
4318,FMAT,453788.091749143,5678659.15913366,0.0,0.0,0.0,0.0,4.308659553527832,,1.011353850364685,0.0,0.0,,0.343860523774729,0.1572132731215097
4319,FMAT,453788.829384987,5678658.82054582,0.0,0.0,0.0,0.0,6.6856369972229,,1.0212914943695068,0.0,0.0,,0.3683746408494526,0.6111303994710321
4320,FMAT,453789.558444551,5678658.46859037,0.0,0.0,0.0,0.0,10.727657318115234,,1.0751181840896606,0.0,0.0,,0.2275022692859337,-0.2460465662190367
4321,FMAT,453790.278882232,5678658.1110354,0.0,0.0,0.0,0.0,8.699445724487305,,1.050553560256958,0.0,0.0,,0.5506773022070116,0.0014390054180522
4322,FMAT,453790.973298065,5678657.76331553,0.0,0.0,0.0,0.0,9.344560623168944,,1.0357396602630615,0.0,0.0,,0.0783765174023079,-0.1102998286609101
4323,FMAT,453791.667518423,5678657.44888745,0.0,0.0,0.0,0.0,4.213222026824951,,1.0213673114776611,0.0,0.0,,0.0964091661135756,0.082481955295881
4324,FMAT,453792.457243104,5678657.08286085,0.0,0.0,0.0,0.0,14.960979461669922,,1.1468759775161743,0.0,0.0,,0.6260541328636691,0.2052909845159666
4325,FMAT,453793.11704121,5678656.7349376,0.0,0.0,0.0,0.0,5.09834098815918,,1.010494589805603,0.0,0.0,,0.2054156601386132,0.5644841191739051
4326,FMAT,453793.794180591,5678656.38156723,0.0,0.0,0.0,0.0,7.497729778289795,,1.0245246887207031,0.0,0.0,,0.3342959720604553,-0.3247069520713548
4327,FMAT,453794.523187598,5678656.03848915,0.0,0.0,0.0,0.0,2.6626439094543457,,1.0064685344696045,0.0,0.0,,0.8577680564483557,0.1575949008036428
4328,FMAT,453795.252298749,5678655.67765534,0.0,0.0,0.0,0.0,4.652507305145264,,1.0172202587127686,0.0,0.0,,0.4576701851078997,-0.0366908120635156
4329,FMAT,453795.955388067,5678655.32665665,0.0,0.0,0.0,0.0,2.7339470386505127,,1.003456950187683,0.0,0.0,,0.6194681524398047,0.7265145704911918
4330,FMAT,453796.63255325,5678654.96884713,0.0,0.0,0.0,0.0,4.167190074920654,,1.003588080406189,0.0,0.0,,0.8880685063202279,-0.0444613121244827
4331,FMAT,453797.318353218,5678654.61441753,0.0,0.0,0.0,0.0,4.472445964813232,,1.012748122215271,0.0,0.0,,0.7510973059597447,0.5154402987979992
4332,FMAT,453798.021351165,5678654.27895485,0.0,0.0,0.0,0.0,3.440213918685913,,1.02138352394104,0.0,0.0,,0.3324715305412193,-0.0110165967684105
4333,FMAT,453798.750390349,5678653.93032773,0.0,0.0,0.0,0.0,3.590813159942627,,1.020336627960205,0.0,0.0,,0.3573197909546154,0.0318353860322711
4334,FMAT,453799.462224911,5678653.56384331,0.0,0.0,0.0,0.0,5.811858177185059,,1.0250630378723145,0.0,0.0,,0.1622674432719549,0.0186550142436754
4335,FMAT,453800.17398777,5678653.20956584,0.0,0.0,0.0,0.0,7.603218078613281,,1.015489935874939,0.0,0.0,,0.5979304569626855,-0.0562849108994344
4336,FMAT,453800.885665896,5678652.86971478,0.0,0.0,0.0,0.0,2.074670553207397,,1.035568118095398,0.0,0.0,,0.2465293437360791,-0.1308217597472086
4337,FMAT,453801.571328722,5678652.53858911,0.0,0.0,0.0,0.0,3.732707977294922,,1.0264973640441897,0.0,0.0,,0.1501278485351407,-0.7153485293625318
4338,FMAT,453802.248369673,5678652.20186396,0.0,0.0,0.0,0.0,4.514447212219238,,1.0409265756607056,0.0,0.0,,0.0658055661295714,-0.2078468233963286
4339,FMAT,453802.98617356,5678651.83442186,0.0,0.0,0.0,0.0,3.329038143157959,,1.04262375831604,0.0,0.0,,-0.0747513953038449,0.3421870600649364
4340,FMAT,453803.671855745,5678651.49996682,0.0,0.0,0.0,0.0,1.0327335596084597,,1.0142563581466677,0.0,0.0,,-0.0167123651832722,-0.0881559068621994
4341,FMAT,453804.340007699,5678651.20314093,0.0,0.0,0.0,0.0,4.63329553604126,,1.0126279592514038,0.0,0.0,,0.7384263005856514,0.0993790136384584
4342,FMAT,453805.060281232,5678650.87332783,0.0,0.0,0.0,0.0,10.603970527648926,,1.0521535873413086,0.0,0.0,,0.1084498875934634,0.3088140831230273
4343,FMAT,453805.780587264,5678650.53796602,0.0,0.0,0.0,0.0,4.1922712326049805,,1.0056549310684204,0.0,0.0,,0.3715448648890045,0.5478836751546133
4344,FMAT,453807.256142233,5678649.81195892,0.0,0.0,0.0,0.0,6.415546894073486,,1.017898678779602,0.0,0.0,,0.8866817546486175,-0.1319100117092843
4345,FMAT,453807.924450183,5678649.48849924,0.0,0.0,0.0,0.0,10.108055114746094,,1.0552011728286743,0.0,0.0,,0.7061693953419824,0.3412030067003448
4346,FMAT,453808.627473257,5678649.1485967,0.0,0.0,0.0,0.0,2.5876452922821045,,1.0115902423858645,0.0,0.0,,0.8311237624196347,-0.0103143543530819
4347,FMAT,453809.347811533,5678648.80768592,0.0,0.0,0.0,0.0,5.033300399780273,,1.0131096839904783,0.0,0.0,,0.9233634552712668,-0.0277518802582014
4348,FMAT,453810.042173597,5678648.4688422,0.0,0.0,0.0,0.0,4.132485389709473,,1.0070160627365112,0.0,0.0,,0.7780831994754811,0.1240411390509882
4349,FMAT,453810.736548622,5678648.12777897,0.0,0.0,0.0,0.0,3.1617560386657715,,1.0561482906341553,0.0,0.0,,-0.1050100523375614,-0.0038159275406134
4350,FMAT,453811.474332196,5678647.76366526,0.0,0.0,0.0,0.0,9.93251895904541,,1.1968234777450562,0.0,0.0,,0.8436638804513802,-0.0271813403985961
4351,FMAT,453812.194767881,5678647.4061083,0.0,0.0,0.0,0.0,13.36011028289795,,1.0371932983398438,0.0,0.0,,0.3136959939650159,0.6630980829159596
4352,FMAT,453812.932303904,5678647.08416414,0.0,0.0,0.0,0.0,4.877505779266357,,1.0210554599761963,0.0,0.0,,0.3296540251158356,-0.2893875516228372
4353,FMAT,453813.713261477,5678646.73695003,0.0,0.0,0.0,0.0,3.745907783508301,,1.0091373920440674,0.0,0.0,,0.2339370671757399,-0.780943789951006
4354,FMAT,453814.451096865,5678646.36395822,0.0,0.0,0.0,0.0,6.358817100524902,,1.049601912498474,0.0,0.0,,-0.3758354463463317,0.2796239550540573
4355,FMAT,453815.136875733,5678646.01285627,0.0,0.0,0.0,0.0,3.8408992290496826,,1.0347987413406372,0.0,0.0,,0.3293082159065902,0.0546536455416896
4356,FMAT,453815.822687089,5678645.65620561,0.0,0.0,0.0,0.0,7.428100109100342,,1.052668213844299,0.0,0.0,,0.2503143624204753,0.2995876569504783
4357,FMAT,453816.517185309,5678645.29405703,0.0,0.0,0.0,0.0,7.748989105224609,,1.034431219100952,0.0,0.0,,0.1907867589988673,-0.5434909289798447
4358,FMAT,453817.194322639,5678644.94068467,0.0,0.0,0.0,0.0,8.199161529541016,,1.047046780586243,0.0,0.0,,0.7659009784366244,-0.0293875336521658
4359,FMAT,453817.906520082,5678644.5120538,0.0,0.0,0.0,0.0,9.363146781921388,,1.0195465087890625,0.0,0.0,,0.4879241678125951,0.4221474856182418
4360,FMAT,453818.583982789,5678644.1031949,0.0,0.0,0.0,0.0,8.974191665649414,,1.1107186079025269,0.0,0.0,,0.7073116293311063,-0.0284810317775433
4361,FMAT,453819.235260968,5678643.7319144,0.0,0.0,0.0,0.0,5.34183406829834,,1.0257104635238647,0.0,0.0,,0.6472772448910155,-0.0454993219492377
4362,FMAT,453819.91254777,5678643.35301805,0.0,0.0,0.0,0.0,0.6506379842758179,,1.0163497924804688,0.0,0.0,,0.6284687593792887,0.2413208810148704
4363,FMAT,453820.641721658,5678642.98108462,0.0,0.0,0.0,0.0,4.853753566741943,,1.0346720218658447,0.0,0.0,,-0.2260361603104877,0.2950894311612674
4364,FMAT,453821.379510792,5678642.61586027,0.0,0.0,0.0,0.0,9.517824172973633,,1.1046737432479858,0.0,0.0,,0.3391301440442715,-0.4101000102623452
4365,FMAT,453822.091297689,5678642.25714191,0.0,0.0,0.0,0.0,2.200302600860596,,1.013208031654358,0.0,0.0,,0.7017522357276222,0.2775082491231747
4366,FMAT,453822.829028101,5678641.90190498,0.0,0.0,0.0,0.0,7.637691974639893,,1.0119327306747437,0.0,0.0,,0.9412087247364828,0.0381389580485064
4367,FMAT,453823.532069369,5678641.55867193,0.0,0.0,0.0,0.0,1.9738062620162964,,1.0218719244003296,0.0,0.0,,-0.116769884964522,-0.1777409139185103
4368,FMAT,453824.208828515,5678641.26966321,0.0,0.0,0.0,0.0,5.50145959854126,,1.020605444908142,0.0,0.0,,0.3120954273564192,-0.0287299538012157
4369,FMAT,453824.894241978,5678640.98070521,0.0,0.0,0.0,0.0,13.768965721130373,,1.07266366481781,0.0,0.0,,0.0552240054864643,0.462097615319498
4370,FMAT,453825.692565728,5678640.62360389,0.0,0.0,0.0,0.0,12.489588737487791,,1.035341739654541,0.0,0.0,,0.8292907582808171,-0.3906566561495813
4371,FMAT,453826.421621923,5678640.27164504,0.0,0.0,0.0,0.0,5.31574296951294,,1.0159814357757568,0.0,0.0,,0.6282339301962098,0.5735702150472178
4372,FMAT,453827.098589139,5678639.94712477,0.0,0.0,0.0,0.0,5.932396411895752,,1.0237542390823364,0.0,0.0,,-0.1550449594183131,-0.1900632103035187
4373,FMAT,453827.862327759,5678639.58427155,0.0,0.0,0.0,0.0,13.136252403259276,,1.0375784635543823,0.0,0.0,,0.8663733519946842,-0.1785194753048598
4374,FMAT,453828.704235469,5678639.17415676,0.0,0.0,0.0,0.0,5.933193683624268,,1.037697196006775,0.0,0.0,,0.974350983551247,-0.1001584379647908
4375,FMAT,453829.364089019,5678638.81624293,0.0,0.0,0.0,0.0,1.3491979837417605,,1.0095807313919067,0.0,0.0,,0.9273804223983512,-0.0340513232646491
4376,FMAT,453830.041342355,5678638.44289436,0.0,0.0,0.0,0.0,7.042858123779297,,1.0165153741836548,0.0,0.0,,0.9785863843019112,0.0200537748424037
4377,FMAT,453830.805256422,5678638.05007818,0.0,0.0,0.0,0.0,1.000173807144165,,1.0023504495620728,0.0,0.0,,0.7535316625553117,-0.1040004556251579
4378,FMAT,453831.517061994,5678637.68802979,0.0,0.0,0.0,0.0,0.7771486639976501,,1.0029383897781372,0.0,0.0,,0.53797793275525,0.3782905323934456
4379,FMAT,453832.237671553,5678637.30050835,0.0,0.0,0.0,0.0,7.878477573394775,,1.013393521308899,0.0,0.0,,0.5713016788042136,0.219299419920842
4380,FMAT,453832.984309208,5678636.90204181,0.0,0.0,0.0,0.0,3.5113863945007324,,1.008689045906067,0.0,0.0,,-0.00210478015458,-0.5977148269838136
4381,FMAT,453833.71355997,5678636.51679044,0.0,0.0,0.0,0.0,5.399145603179932,,1.045015573501587,0.0,0.0,,0.5213549924416541,-0.0515253060876904
4382,FMAT,453834.37336751,5678636.16664429,0.0,0.0,0.0,0.0,3.8882360458374015,,1.0043171644210815,0.0,0.0,,0.6798842931422068,-0.6472247710140986
4383,FMAT,453835.067831483,5678635.81004272,0.0,0.0,0.0,0.0,3.460547685623169,,1.0114185810089111,0.0,0.0,,0.665876874159966,0.3699984534335918
4384,FMAT,453835.823175276,5678635.40274884,0.0,0.0,0.0,0.0,10.406004905700684,,1.0582451820373535,0.0,0.0,,0.825929011608867,0.2277697879634429
4385,FMAT,453836.517762761,5678635.0250623,0.0,0.0,0.0,0.0,7.837310791015625,,1.0124503374099731,0.0,0.0,,0.8343397577357212,-0.4521869037206429
4386,FMAT,453837.238306751,5678634.64863768,0.0,0.0,0.0,0.0,11.862754821777344,,1.0492916107177734,0.0,0.0,,0.8938094623330196,-0.0977175450760719
4387,FMAT,453837.976191928,5678634.26676585,0.0,0.0,0.0,0.0,9.644394874572754,,1.0276907682418823,0.0,0.0,,0.8183544358108971,0.2035251524592057
4388,FMAT,453838.696677212,5678633.90032865,0.0,0.0,0.0,0.0,5.785079956054688,,1.0573052167892456,0.0,0.0,,0.624283284873397,0.1485592943351797
4389,FMAT,453839.399678017,5678633.56375256,0.0,0.0,0.0,0.0,8.007181167602539,,1.057014226913452,0.0,0.0,,0.5052663634446319,-0.1413110675393772
4390,FMAT,453840.120059056,5678633.21507089,0.0,0.0,0.0,0.0,7.520514965057373,,1.021729588508606,0.0,0.0,,0.960090496431374,0.1523345199905193
4391,FMAT,453840.918758714,5678632.79360379,0.0,0.0,0.0,0.0,6.960307121276856,,1.014462113380432,0.0,0.0,,-0.0808968700382519,0.1733358044349913
4392,FMAT,453841.665102687,5678632.44507421,0.0,0.0,0.0,0.0,7.307842254638672,,1.0307401418685913,0.0,0.0,,0.8503766680972397,-0.4636150253542155
4393,FMAT,453842.428416954,5678632.15435193,0.0,0.0,0.0,0.0,8.332083702087402,,1.0837759971618652,0.0,0.0,,0.8279362913873154,0.1299813213582481
4394,FMAT,453843.113705314,5678631.88647719,0.0,0.0,0.0,0.0,4.670750141143799,,1.0064561367034912,0.0,0.0,,0.6465389029862489,0.5098276102019424
4395,FMAT,453843.85118003,5678631.57451771,0.0,0.0,0.0,0.0,8.487651824951172,,1.025992751121521,0.0,0.0,,0.6563978921034769,-0.2761971495965734
4396,FMAT,453844.580488311,5678631.17927777,0.0,0.0,0.0,0.0,13.092866897583008,,1.0409096479415894,0.0,0.0,,0.9275381295975824,0.0727836846220501
4397,FMAT,453845.257681702,5678630.81591546,0.0,0.0,0.0,0.0,3.968861103057861,,1.0093013048171997,0.0,0.0,,0.723387833951508,-0.5070193751250935
4398,FMAT,453845.978224881,5678630.43949005,0.0,0.0,0.0,0.0,4.142035961151123,,1.040574312210083,0.0,0.0,,0.2577286026851316,-0.2092009524970008
4399,FMAT,453846.716167789,5678630.04762984,0.0,0.0,0.0,0.0,5.111661434173584,,1.02290678024292,0.0,0.0,,0.3697897901493451,-0.3362460671125777
4400,FMAT,453847.419454165,5678629.66222499,0.0,0.0,0.0,0.0,6.011615753173828,,1.018558144569397,0.0,0.0,,0.5982654760649312,-0.1840114553124319
4401,FMAT,453848.114066599,5678629.28009852,0.0,0.0,0.0,0.0,10.074172019958496,,1.05088472366333,0.0,0.0,,0.805195147802578,0.1192544216316282
4402,FMAT,453848.808483792,5678628.93126385,0.0,0.0,0.0,0.0,18.939735412597656,,1.0887662172317505,0.0,0.0,,0.8854068876718291,0.3780157243490581
4403,FMAT,453849.476879311,5678628.59226446,0.0,0.0,0.0,0.0,3.915346384048462,,1.04530930519104,0.0,0.0,,0.7175783853706034,0.2643475477640091
4404,FMAT,453850.249400246,5678628.20726525,0.0,0.0,0.0,0.0,0.8103274703025818,,1.0151383876800537,0.0,0.0,,0.3687099959523466,-0.2483088984970454
4405,FMAT,453850.978506216,5678627.84642631,0.0,0.0,0.0,0.0,1.5533227920532229,,1.0046724081039429,0.0,0.0,,0.4026246986524873,-0.5375085943605781
4406,FMAT,453851.725005397,5678627.4712623,0.0,0.0,0.0,0.0,4.856616020202637,,1.0351691246032717,0.0,0.0,,0.5126063511824438,-0.3218733192254211
4407,FMAT,453852.480288963,5678627.07395439,0.0,0.0,0.0,0.0,2.3230960369110107,,1.02166485786438,0.0,0.0,,0.2786986927321086,0.0806106822208499
4408,FMAT,453853.226846544,5678626.68880268,0.0,0.0,0.0,0.0,2.87404727935791,,1.005567193031311,0.0,0.0,,0.6303273152866643,0.317664263108821
4409,FMAT,453853.912693493,5678626.32549036,0.0,0.0,0.0,0.0,9.052671432495115,,1.0260818004608154,0.0,0.0,,0.8891433152929219,-0.222154877843414
4410,FMAT,453854.581147113,5678625.97650299,0.0,0.0,0.0,0.0,3.7619941234588623,,1.0054004192352295,0.0,0.0,,0.8997998362388574,-0.2278906669492535
4411,FMAT,453855.284179043,5678625.63437684,0.0,0.0,0.0,0.0,3.5106687545776367,,1.002192735671997,0.0,0.0,,0.4699301295703292,-0.3740099215696775
4412,FMAT,453856.056361143,5678625.30708294,0.0,0.0,0.0,0.0,2.736229419708252,,1.0031020641326904,0.0,0.0,,-0.1423485892984644,0.3242980245205514
4413,FMAT,453856.854610303,5678624.96218549,0.0,0.0,0.0,0.0,3.2549705505371094,,1.0101687908172607,0.0,0.0,,0.2286800064901393,-0.3435422543291726
4414,FMAT,453857.644387173,5678624.58616484,0.0,0.0,0.0,0.0,4.948507308959961,,1.0087954998016355,0.0,0.0,,0.4894365427200275,-0.8341997359330514
4415,FMAT,453858.390853197,5678624.21654885,0.0,0.0,0.0,0.0,3.8080899715423584,,1.0075631141662598,0.0,0.0,,0.0701569559609613,-0.9098729226705804
4416,FMAT,453859.076888315,5678623.82105395,0.0,0.0,0.0,0.0,2.8682992458343506,,1.0037217140197754,0.0,0.0,,0.1324813706662311,-0.7988408243243555
4417,FMAT,453859.754190967,5678623.43882501,0.0,0.0,0.0,0.0,8.24555492401123,,1.1433141231536863,0.0,0.0,,0.2048532664204705,-0.4056721164633859
4418,FMAT,453860.422696109,5678623.08095932,0.0,0.0,0.0,0.0,7.560576915740967,,1.0278074741363523,0.0,0.0,,0.8806007730834472,-0.2977545902445452
4419,FMAT,453861.134661548,5678622.69116506,0.0,0.0,0.0,0.0,8.597907066345215,,1.0145477056503296,0.0,0.0,,0.4505045936592991,-0.3692955660699827
4420,FMAT,453861.82051428,5678622.32674232,0.0,0.0,0.0,0.0,3.3339040279388428,,1.019343018531799,0.0,0.0,,0.2993576915266867,-0.0183427154317885
4421,FMAT,453862.48885013,5678621.99772939,0.0,0.0,0.0,0.0,4.70472526550293,,1.0382745265960691,0.0,0.0,,0.1792184665803515,-0.464149571118325
4422,FMAT,453863.17454665,5678621.65994002,0.0,0.0,0.0,0.0,1.11892569065094,,1.006999969482422,0.0,0.0,,0.3147167518807396,-0.0669910487555323
4423,FMAT,453863.860100023,5678621.34656461,0.0,0.0,0.0,0.0,9.524751663208008,,1.146405816078186,0.0,0.0,,0.3392890212097565,-0.3640679505206138
4424,FMAT,453864.545796424,5678621.00877512,0.0,0.0,0.0,0.0,10.679571151733398,,1.0343183279037476,0.0,0.0,,0.4483923465508525,0.4661628271918367
4425,FMAT,453865.188448667,5678620.63189148,0.0,0.0,0.0,0.0,7.02159595489502,,1.022436022758484,0.0,0.0,,0.5971672259067504,-0.1802834225496464
4426,FMAT,453865.8658613,5678620.23079664,0.0,0.0,0.0,0.0,3.3984663486480717,,1.015317678451538,0.0,0.0,,-0.3253262131378886,-0.126263220990301
4427,FMAT,453866.525828605,5678619.8529046,0.0,0.0,0.0,0.0,7.479709148406982,,1.0139330625534058,0.0,0.0,,-0.724355604663323,-0.5820359269011116
4428,FMAT,453867.202935452,5678619.50396687,0.0,0.0,0.0,0.0,16.6337890625,,1.0530641078948977,0.0,0.0,,-0.1413837614186528,-0.936106568615358
4429,FMAT,453867.888690072,5678619.15618954,0.0,0.0,0.0,0.0,12.884373664855955,,1.040191411972046,0.0,0.0,,-0.2136722090906113,-0.9031674956870592
4430,FMAT,453868.609146543,5678618.79418853,0.0,0.0,0.0,0.0,0.966824471950531,,1.0195833444595337,0.0,0.0,,-0.03788242473271,-0.2279999472236556
4431,FMAT,453869.294907544,5678618.44530135,0.0,0.0,0.0,0.0,6.520175457000732,,1.018185257911682,0.0,0.0,,0.7196171208653682,0.097887280486458
4432,FMAT,453870.032809127,5678618.06009734,0.0,0.0,0.0,0.0,7.349269390106201,,1.010206699371338,0.0,0.0,,0.3471586679855048,-0.8746158485916276
4433,FMAT,453870.822727725,5678617.65966135,0.0,0.0,0.0,0.0,3.1961004734039307,,1.009759545326233,0.0,0.0,,0.5936248115475139,-0.6683489924254232
4434,FMAT,453871.569263991,5678617.2778371,0.0,0.0,0.0,0.0,4.821430206298828,,1.0185396671295166,0.0,0.0,,0.0307077570098385,-0.5865012135893044
4435,FMAT,453872.246376888,5678616.92778922,0.0,0.0,0.0,0.0,6.278619766235352,,1.0344746112823486,0.0,0.0,,-0.1659691152901794,-0.2415641585222295
4436,SGZ,453873.036321265,5678616.52291409,0.0,0.0,0.0,0.0,4.880923271179199,,1.02244234085083,0.0,0.0,,-0.1313039866358608,-0.6141572343176106
4437,SGZ,453873.704714668,5678616.18391266,0.0,0.0,0.0,0.0,4.737314701080322,,1.0250955820083618,0.0,0.0,,0.1147178381649469,-0.7734158072644387
4438,SGZ,453874.433272239,5678615.91628875,0.0,0.0,0.0,0.0,5.151455402374268,,1.009526610374451,0.0,0.0,,0.2715388306735358,-0.5660642482353607
4439,SGZ,453875.204002586,5678615.83646243,0.0,0.0,0.0,0.0,3.83024263381958,,1.046269178390503,0.0,0.0,,0.4562043098062007,0.0206502168989271
4440,SGZ,453875.97360806,5678615.94861906,0.0,0.0,0.0,0.0,20.090103149414062,,1.0888137817382812,0.0,0.0,,0.687969550979064,-0.4339118703614137
4441,SGZ,453876.672645937,5678616.2878643,0.0,0.0,0.0,0.0,10.330345153808594,,1.0267245769500732,0.0,0.0,,0.3257382592847239,-0.7378284284640092
4442,SGZ,453877.275244273,5678616.83850986,0.0,0.0,0.0,0.0,14.778226852416992,,1.0529569387435913,0.0,0.0,,0.4212810523997221,-0.7963154766771555
4443,SGZ,453877.746675209,5678617.6192183,0.0,0.0,0.0,0.0,16.390323638916016,,1.133994221687317,0.0,0.0,,0.2989018402715395,-0.6139562892790146
4444,SGZ,453877.888675592,5678618.49454632,0.0,0.0,0.0,0.0,15.19707202911377,,1.0727052688598633,0.0,0.0,,0.397990314929936,-0.7353842896571484
4445,SGZ,453877.692669003,5678619.45112647,0.0,0.0,0.0,0.0,21.459665298461918,,1.2067269086837769,0.0,0.0,,0.2612328123002709,-0.5902891956608308
4446,SGZ,453877.184611838,5678620.49022059,0.0,0.0,0.0,0.0,5.830666542053223,,1.0352076292037964,0.0,0.0,,0.4345569913801149,-0.7402528802302676
4447,SGZ,453876.521101427,5678621.47291553,0.0,0.0,0.0,0.0,3.727703094482422,,1.0100021362304688,0.0,0.0,,0.888315494080469,-0.389664175583865
4448,SGZ,453875.822271241,5678622.57525826,0.0,0.0,0.0,0.0,4.433251857757568,,1.009981632232666,0.0,0.0,,0.2539385414100956,-0.4058266625922444
4449,SGZ,453875.218092504,5678623.7713759,0.0,0.0,0.0,0.0,9.891380310058594,,1.0232013463974,0.0,0.0,,0.6051125587697029,-0.629080056678662
4450,SGZ,453874.53465247,5678625.20118983,0.0,0.0,0.0,0.0,6.440008640289307,,1.012389898300171,0.0,0.0,,0.660967132768712,-0.3748571356084174
4451,SGZ,453873.990605139,5678626.4742336,0.0,0.0,0.0,0.0,2.7269654273986816,,1.0132980346679688,0.0,0.0,,-0.0794618451676395,-0.4249863650523576
4452,SGZ,453873.411446045,5678627.83141386,0.0,0.0,0.0,0.0,4.525025367736816,,1.018271565437317,0.0,0.0,,0.4461196750360378,-0.2787210359073154
4453,SGZ,453872.770912972,5678629.32362597,0.0,0.0,0.0,0.0,8.713915824890137,,1.0455914735794067,0.0,0.0,,0.3383567011866701,0.128887329693372
4454,SGZ,453872.148195577,5678630.72938063,0.0,0.0,0.0,0.0,9.781949996948242,,1.032745361328125,0.0,0.0,,0.5535932756861712,-0.5766649997429018
4455,SGZ,453871.534307891,5678632.10522329,0.0,0.0,0.0,0.0,7.516394138336182,,1.0412474870681765,0.0,0.0,,0.5966163641340333,-0.6034053043643229
4456,SGZ,453870.929113367,5678633.47445823,0.0,0.0,0.0,0.0,3.6959710121154794,,1.0168287754058838,0.0,0.0,,0.4840242976279111,-0.6573773127899362
4457,SGZ,453870.375578185,5678634.88949628,0.0,0.0,0.0,0.0,3.617948532104492,,1.0616209506988523,0.0,0.0,,-0.0138582992256199,0.3110925468935547
4458,NVB,453457.917686758,5679084.79169798,0.0,0.0,0.0,0.0,2.753293991088867,,1.0079280138015747,0.0,0.0,,-0.2475147250137129,-0.2987384567805064
4459,NVB,453457.320796712,5679084.73823003,0.0,0.0,0.0,0.0,8.405693054199219,,1.0182361602783203,0.0,0.0,,-0.3412790208849661,0.2387386177046504
4460,NVB,453456.741498478,5679084.63714606,0.0,0.0,0.0,0.0,0.741523265838623,,1.0298296213150024,0.0,0.0,,-0.6976596206904085,0.3576663885901714
4461,NVB,453456.240769689,5679084.42222055,0.0,0.0,0.0,0.0,30.775236129760746,,1.21671462059021,0.0,0.0,,-0.7643808059333166,0.4869962278205046
4462,NVB,453455.722704972,5679084.21163159,0.0,0.0,0.0,0.0,13.016111373901367,,1.0693542957305908,0.0,0.0,,-0.826455401638221,0.4353971327933663
4463,NVB,453455.213301697,5679083.99998404,0.0,0.0,0.0,0.0,6.792287349700928,,1.0311206579208374,0.0,0.0,,-0.8683004654944791,0.1781987528795239
4464,NVB,453454.66044047,5679083.819153,0.0,0.0,0.0,0.0,8.115715026855469,,1.015148043632507,0.0,0.0,,-0.4664659224485323,0.5324850179514318
4465,NVB,453454.116207884,5679083.642812,0.0,0.0,0.0,0.0,7.03994607925415,,1.016842484474182,0.0,0.0,,-0.4987013684544003,-0.1186932828453197
4466,NVB,453453.572290231,5679083.41320403,0.0,0.0,0.0,0.0,3.545785665512085,,1.0161317586898804,0.0,0.0,,-0.1913996329720739,0.3491638142968723
4467,NVB,453453.028142983,5679083.22243649,0.0,0.0,0.0,0.0,5.713497161865234,,1.018665075302124,0.0,0.0,,0.1739695962405394,0.1733240812195551
4468,NVB,453452.422827854,5679083.13007652,0.0,0.0,0.0,0.0,1.6778292655944824,,1.0021896362304688,0.0,0.0,,-0.5095044802730979,0.2605095542132417
4469,NVB,453451.757007473,5679083.02404159,0.0,0.0,0.0,0.0,2.5651721954345703,,1.0048190355300903,0.0,0.0,,-0.202309314200942,-0.0651665363479419
4470,NVB,453451.152072909,5679082.8673173,0.0,0.0,0.0,0.0,2.152730941772461,,1.0185816287994385,0.0,0.0,,-0.1387904945948499,0.147478734567784
4471,NVB,453450.495287962,5679082.69696922,0.0,0.0,0.0,0.0,6.36433744430542,,1.037271499633789,0.0,0.0,,-0.6174749883425558,0.3198762564517884
4472,NVB,453449.82078654,5679082.59532186,0.0,0.0,0.0,0.0,1.1211107969284058,,1.002341866493225,0.0,0.0,,-0.5672232497943092,0.6923944164222441
4473,NVB,453449.015799604,5679082.60498938,0.0,0.0,0.0,0.0,2.8485281467437744,,1.002862811088562,0.0,0.0,,-0.3664117925704167,0.8866550698747466
4474,NVB,453448.237000318,5679082.5770796,0.0,0.0,0.0,0.0,2.29540753364563,,1.0012329816818235,0.0,0.0,,-0.2830488062459333,0.8631984301357295
4475,NVB,453447.579998926,5679082.44335228,0.0,0.0,0.0,0.0,1.6839162111282349,,1.0033042430877686,0.0,0.0,,-0.3876439054242449,0.1803508783533403
4476,NVB,453446.983994927,5679082.24007028,0.0,0.0,0.0,0.0,3.63650107383728,,1.0055750608444214,0.0,0.0,,-0.076207713792436,0.6313475981156301
4477,NVB,453446.500963398,5679081.95977255,0.0,0.0,0.0,0.0,0.6777178645133972,,1.0018373727798462,0.0,0.0,,-0.362496471799735,0.6645493529757304
4478,NVB,453445.956980459,5679081.74126133,0.0,0.0,0.0,0.0,4.10304069519043,,1.00544273853302,0.0,0.0,,-0.5141977856563792,0.4900339234850612
4479,NVB,453445.300025105,5679081.59976573,0.0,0.0,0.0,0.0,2.120666980743408,,1.0051844120025637,0.0,0.0,,-0.342966598457017,0.4434021683570147
4480,NVB,453444.643135393,5679081.4471728,0.0,0.0,0.0,0.0,3.2849907875061035,,1.005507230758667,0.0,0.0,,0.0013550731242163,0.5187799231258626
4481,NVB,453443.925569857,5679081.30975776,0.0,0.0,0.0,0.0,1.174079656600952,,1.0017330646514893,0.0,0.0,,-0.4538045486695118,0.8667345680468191
4482,NVB,453443.043345547,5679081.20799129,0.0,0.0,0.0,0.0,2.6879024505615234,,1.0029066801071167,0.0,0.0,,-0.8239081844414442,0.2093146237667738
4483,NVB,453442.186974271,5679081.12524363,0.0,0.0,0.0,0.0,2.3822813034057617,,1.0050808191299438,0.0,0.0,,-0.7440063292039647,-0.0736634200576865
4484,NVB,453441.330714567,5679081.0236305,0.0,0.0,0.0,0.0,4.071803569793701,,1.0054116249084473,0.0,0.0,,-0.6757554829449006,-0.3684080396048319
4485,NVB,453440.500662261,5679080.8811109,0.0,0.0,0.0,0.0,8.934219360351562,,1.0414786338806152,0.0,0.0,,-0.2739500638610516,0.664874576807188
4486,NVB,453439.801043118,5679080.63615424,0.0,0.0,0.0,0.0,22.11198234558105,,1.1072605848312378,0.0,0.0,,-0.8134884202059115,0.003801463189751
4487,NVB,453439.049632711,5679080.36758614,0.0,0.0,0.0,0.0,2.5572075843811035,,1.004383563995361,0.0,0.0,,-0.3417877621533836,0.2196443528698529
4488,NVB,453438.323786583,5679080.16686492,0.0,0.0,0.0,0.0,5.460773944854736,,1.0207700729370115,0.0,0.0,,-0.1647443356850751,0.4233769641085638
4489,NVB,453437.606135948,5679080.04387576,0.0,0.0,0.0,0.0,2.1610448360443115,,1.0375916957855225,0.0,0.0,,0.0748205481587762,0.2940516424311498
4490,NVB,453436.880053618,5679079.88310461,0.0,0.0,0.0,0.0,5.490848541259766,,1.0256129503250122,0.0,0.0,,0.0988062722812287,0.7624228192442271
4491,NVB,453436.111143343,5679079.64661596,0.0,0.0,0.0,0.0,4.038463592529297,,1.0252413749694824,0.0,0.0,,-0.430436047007226,0.2097605182497552
4492,NVB,453435.385277666,5679079.44922365,0.0,0.0,0.0,0.0,2.797243356704712,,1.0038249492645264,0.0,0.0,,0.1394204862611065,0.588716659491232
4493,NVB,453434.598585211,5679079.29253289,0.0,0.0,0.0,0.0,2.827173948287964,,1.0121568441390991,0.0,0.0,,-0.2221491311234966,0.5389375967230978
4494,NVB,453433.846262789,5679079.17821646,0.0,0.0,0.0,0.0,4.722493171691895,,1.0324596166610718,0.0,0.0,,0.4582833311572407,0.0626540595131598
4495,ALG,453433.050587361,5679079.07696076,0.0,0.0,0.0,0.0,1.1507108211517334,,1.0132813453674316,0.0,0.0,,-0.2328633147453908,0.5818115516866683
4496,ALG,453432.220397561,5679078.95774456,0.0,0.0,0.0,0.0,3.9792284965515137,,1.026888728141785,0.0,0.0,,-0.7407978742970275,-0.252791225016273
4497,ALG,453431.476716927,5679078.84569855,0.0,0.0,0.0,0.0,0.6858199238777161,,1.0051065683364868,0.0,0.0,,-0.8190105215089671,0.2554789452973269
4498,ALG,453430.750477292,5679078.7115603,0.0,0.0,0.0,0.0,2.121964931488037,,1.0068418979644775,0.0,0.0,,-0.5415098996209554,0.351198399550911
4499,ALG,453430.033069764,5679078.54751052,0.0,0.0,0.0,0.0,22.61601829528809,,1.1716434955596924,0.0,0.0,,0.6864670682050374,0.2655475707096174
4500,ALG,453429.341843432,5679078.34699324,0.0,0.0,0.0,0.0,4.620387554168701,,1.0109014511108398,0.0,0.0,,0.5755964915478158,0.1558137017219746
4501,ALG,453428.616155267,5679078.11963764,0.0,0.0,0.0,0.0,2.161966323852539,,1.0661725997924805,0.0,0.0,,-0.3107037454977057,-0.1973780594772707
4502,ALG,453427.846910622,5679077.93974431,0.0,0.0,0.0,0.0,3.024456024169922,,1.009225368499756,0.0,0.0,,-0.6966867791119878,0.0043144039803542
4503,ALG,453427.016648805,5679077.83273457,0.0,0.0,0.0,0.0,3.199699878692627,,1.0034488439559937,0.0,0.0,,-0.3221065594601022,-0.360949189074001
4504,NVB,453426.151616622,5679077.75104369,0.0,0.0,0.0,0.0,14.830512046813965,,1.0677074193954468,0.0,0.0,,-0.5570364729010379,0.6785999849317489
4505,NVB,453425.26920254,5679077.68145733,0.0,0.0,0.0,0.0,47.30751800537109,,1.621377944946289,0.0,0.0,,-0.7879239397234629,-0.3534253760945292
4506,NVB,453424.464760909,5679077.59901492,0.0,0.0,0.0,0.0,2.7153255939483643,,1.002883791923523,0.0,0.0,,0.1870218560924326,0.0199621522732404
4507,NVB,453423.78193362,5679077.44182773,0.0,0.0,0.0,0.0,4.852045059204102,,1.0045816898345947,0.0,0.0,,-0.5267270256772393,0.8334695912748318
4508,NVB,453423.116757431,5679077.22703704,0.0,0.0,0.0,0.0,1.2978438138961792,,1.000626564025879,0.0,0.0,,-0.5657715791816785,0.6827378191917405
4509,NVB,453422.486364806,5679076.98470789,0.0,0.0,0.0,0.0,4.406179904937744,,1.0052441358566284,0.0,0.0,,-0.4325554389384233,0.8129663985195315
4510,NVB,453421.873052144,5679076.78132158,0.0,0.0,0.0,0.0,4.438473224639893,,1.0075567960739136,0.0,0.0,,-0.3859603442048026,0.8417144179822152
4511,NVB,453421.207738194,5679076.589835,0.0,0.0,0.0,0.0,4.084136962890625,,1.0029436349868774,0.0,0.0,,-0.2742103482794988,0.9340219120285176
4512,NVB,453420.412798485,5679076.36428849,0.0,0.0,0.0,0.0,4.622871398925781,,1.006658673286438,0.0,0.0,,-0.569075230659232,0.7096280144592654
4513,NVB,453419.687012271,5679076.15357799,0.0,0.0,0.0,0.0,5.789780616760254,,1.0075753927230835,0.0,0.0,,-0.4858733031518229,0.8525211681758481
4514,NVB,453418.94364064,5679075.98937358,0.0,0.0,0.0,0.0,2.293818235397339,,1.0048409700393677,0.0,0.0,,-0.2036988596398662,0.5866644251496685
4515,NVB,453418.208352682,5679075.92176664,0.0,0.0,0.0,0.0,3.482168912887573,,1.0027247667312622,0.0,0.0,,-0.5027109491705541,0.4213590270615104
4516,NVB,453417.290754811,5679075.94741115,0.0,0.0,0.0,0.0,2.5755815505981445,,1.0151748657226562,0.0,0.0,,-0.5190009663654033,0.3629584795119306
4517,NVB,453416.33875421,5679075.93622971,0.0,0.0,0.0,0.0,5.704598903656006,,1.014830470085144,0.0,0.0,,-0.2530867606201432,0.8946525128804725
4518,NVB,453415.551373029,5679075.89605847,0.0,0.0,0.0,0.0,4.22045373916626,,1.0144683122634888,0.0,0.0,,-0.3084552524864705,0.7090929958965456
4519,NVB,453414.781354081,5679075.84711174,0.0,0.0,0.0,0.0,4.828309059143066,,1.0155922174453735,0.0,0.0,,-0.4998040013390827,0.0640237066888486
4520,NVB,453414.037667399,5679075.73617381,0.0,0.0,0.0,0.0,2.7720634937286377,,1.0049934387207031,0.0,0.0,,-0.7136277845346631,0.4638967176994629
4521,NVB,453413.3637711,5679075.53242835,0.0,0.0,0.0,0.0,1.955477833747864,,1.0098285675048828,0.0,0.0,,0.1125613575797079,0.3573919924643385
4522,NVB,453412.724724053,5679075.29004721,0.0,0.0,0.0,0.0,7.205551624298096,,1.013877034187317,0.0,0.0,,0.1278719175130129,0.5498044793687105
4523,NVB,453412.09446322,5679075.02552267,0.0,0.0,0.0,0.0,2.282809019088745,,1.019630789756775,0.0,0.0,,0.0007904741417681,0.43160640670663
4524,NVB,453411.39462875,5679074.81718449,0.0,0.0,0.0,0.0,4.9714765548706055,,1.021864891052246,0.0,0.0,,-0.2940249688602461,0.467955267720239
4525,NVB,453410.55585708,5679074.68570779,0.0,0.0,0.0,0.0,5.315499782562256,,1.0078033208847046,0.0,0.0,,-0.4558479517773711,0.3542243541253933
4526,NVB,453409.742997448,5679074.56326245,0.0,0.0,0.0,0.0,4.808215618133545,,1.0276061296463013,0.0,0.0,,-0.1907378222573835,0.4069588688635883
4527,NVB,453408.930177237,5679074.43415867,0.0,0.0,0.0,0.0,6.428269386291504,,1.0114243030548096,0.0,0.0,,-0.5355687497592712,0.3967458287891792
4528,NVB,453408.169358378,5679074.2931551,0.0,0.0,0.0,0.0,5.761481761932373,,1.011276364326477,0.0,0.0,,-0.616880316219733,0.3463829013541543
4529,NVB,453407.408624917,5679074.13772498,0.0,0.0,0.0,0.0,1.2263919115066528,,1.0120937824249268,0.0,0.0,,-0.4244388939422213,0.4543586597986069
4530,NVB,453406.613311501,5679073.97543156,0.0,0.0,0.0,0.0,5.2001729011535645,,1.00722074508667,0.0,0.0,,-0.3665181436840814,0.3839360023077995
4531,NVB,453405.800530802,5679073.83966908,0.0,0.0,0.0,0.0,6.027489185333252,,1.0113027095794678,0.0,0.0,,-0.4798737939264345,0.4946957419742805
4532,NVB,453404.987507136,5679073.74496646,0.0,0.0,0.0,0.0,3.74503231048584,,1.008518099784851,0.0,0.0,,-0.5633299263402879,0.6067942912781614
4533,NVB,453404.174864408,5679073.58589953,0.0,0.0,0.0,0.0,1.6714963912963867,,1.0098481178283691,0.0,0.0,,-0.3635072390514718,0.7643941734385118
4534,NVB,453403.475286406,5679073.33428126,0.0,0.0,0.0,0.0,0.6370196342468262,,1.005124568939209,0.0,0.0,,-0.6216123249686055,0.5043043641783257
4535,NVB,453402.854147193,5679072.99101651,0.0,0.0,0.0,0.0,2.18646240234375,,1.0041581392288208,0.0,0.0,,-0.6539778137474529,0.4851961449628061
4536,NVB,453402.320029379,5679072.56836355,0.0,0.0,0.0,0.0,3.816511631011963,,1.0081140995025637,0.0,0.0,,-0.5972899807629047,0.7230731536877898
4537,NVB,453401.915891931,5679072.11984543,0.0,0.0,0.0,0.0,4.276268482208252,,1.0061216354370115,0.0,0.0,,-0.5774192896057664,0.5607021024227713
4538,NVB,453401.607529239,5679071.57534443,0.0,0.0,0.0,0.0,7.237771987915039,,1.022355318069458,0.0,0.0,,-0.3703193396626418,0.2663422176697133
4539,NVB,453401.429527826,5679070.94061409,0.0,0.0,0.0,0.0,5.952699661254883,,1.00735604763031,0.0,0.0,,-0.7105210803879024,0.4243664822848017
4540,NVB,453401.208331043,5679070.2923109,0.0,0.0,0.0,0.0,4.454543590545654,,1.0115283727645874,0.0,0.0,,-0.598650522748082,0.3312752428561304
4541,NVB,453400.900454507,5679069.66569,0.0,0.0,0.0,0.0,3.978246688842773,,1.0130317211151123,0.0,0.0,,-0.3370123073781613,0.1242419445011478
4542,NVB,453400.627151416,5679069.04704209,0.0,0.0,0.0,0.0,7.986574649810791,,1.0204534530639648,0.0,0.0,,-0.7333596022318759,0.3641591880073016
4543,NVB,453400.353960025,5679068.40952879,0.0,0.0,0.0,0.0,3.4287149906158447,,1.0153027772903442,0.0,0.0,,-0.2174962053760691,0.4262833344712504
4544,NVB,453400.011878072,5679067.7127901,0.0,0.0,0.0,0.0,2.7194137573242188,,1.0301175117492676,0.0,0.0,,-0.7293205895074731,0.0249117953579766
4545,NVB,453399.738896963,5679067.03976548,0.0,0.0,0.0,0.0,8.070294380187988,,1.0612517595291138,0.0,0.0,,-0.4374670075273163,0.1810118421402343
4546,NVB,453399.569760835,5679066.36957503,0.0,0.0,0.0,0.0,5.154838562011719,,1.0317083597183228,0.0,0.0,,0.0443800553867079,-0.4138204052710111
4547,NVB,453399.51414258,5679065.53026215,0.0,0.0,0.0,0.0,3.388391256332397,,1.03627347946167,0.0,0.0,,-0.0920408473689174,0.2222951215702391
4548,ALG,453399.701601993,5679064.56698436,0.0,0.0,0.0,0.0,5.08810567855835,,1.0178182125091553,0.0,0.0,,-0.7241362678719708,0.5566834726459151
4549,ALG,453399.862742171,5679063.66347818,0.0,0.0,0.0,0.0,2.7968544960021973,,1.0065678358078003,0.0,0.0,,0.1385647008721481,0.7751707999798247
4550,ALG,453399.868318602,5679062.72131918,0.0,0.0,0.0,0.0,2.1654632091522217,,1.0273804664611816,0.0,0.0,,-0.2201637704443203,0.2313053696549321
4551,ALG,453399.752031122,5679061.89607418,0.0,0.0,0.0,0.0,52.1095085144043,,1.6745728254318235,0.0,0.0,,0.9507583242788888,0.1988558883493206
4552,ALG,453399.574805149,5679061.13039589,0.0,0.0,0.0,0.0,24.63448715209961,,1.116828680038452,0.0,0.0,,-0.8393547750786752,0.2616296633755149
4553,ALG,453399.379599581,5679060.4778074,0.0,0.0,0.0,0.0,31.648887634277344,,1.416659235954285,0.0,0.0,,-0.2969816781498586,0.1626815946044194
4554,ALG,453399.236690865,5679059.7633815,0.0,0.0,0.0,0.0,16.12802505493164,,1.379786729812622,0.0,0.0,,0.6277233422467039,-0.2352093052029745
4555,ALG,453399.120134201,5679058.98363532,1.0,1.0,562.0,1363.0,8.506091117858887,,1.1425918340682983,1474.3178083439134,766006.0,,0.1125574827623568,-0.1725156473868475
4556,ALG,453399.03748093,5679058.3250544,0.0,0.0,0.0,0.0,14.497844696044922,,1.7955807447433472,0.0,0.0,,-0.3700955511408021,0.2188198029629995
4557,ALG,453399.006099814,5679057.77775362,0.0,0.0,0.0,0.0,38.8521728515625,,1.4191908836364746,0.0,0.0,,-0.4089712501450391,0.6764490537014208
4558,ALG,453399.000591234,5679057.24614272,0.0,0.0,0.0,0.0,2.11096453666687,,1.509863018989563,0.0,0.0,,0.0650410297383632,0.0663660255168976
4559,ALG,453398.909605016,5679056.5331339,0.0,0.0,0.0,0.0,26.240493774414062,,1.902844786643982,0.0,0.0,,-0.0943310104483998,0.0995929777304684
4560,ALG,453398.673286498,5679055.51518876,0.0,0.0,0.0,0.0,43.82011413574219,,1.478508472442627,0.0,0.0,,-0.4964111731710456,0.760880493961486
4561,ALG,453398.479394841,5679054.64065465,0.0,1.0,0.0,1363.0,43.82456207275391,,1.9855115413665767,1363.0,0.0,,0.3079475203289269,0.0140362345467461
4562,ALG,453398.302070645,5679053.89162224,0.0,0.0,0.0,0.0,17.03899574279785,,1.2577296495437622,0.0,0.0,,-0.5301194824925674,0.350506012502839
4563,ALG,453398.064313788,5679053.11670749,0.0,0.0,0.0,0.0,14.072593688964844,,1.0794224739074707,0.0,0.0,,-0.2721437896968037,-0.0720634177109193
4564,ALG,453397.740186091,5679052.31131779,0.0,0.0,0.0,0.0,32.70072555541992,,1.2512149810791016,0.0,0.0,,-0.0769853677825928,-0.2705376611153201
4565,ALG,453397.416511698,5679051.42935686,0.0,0.0,0.0,0.0,63.25210189819336,,2.4789419174194336,0.0,0.0,,0.157316769065879,0.858899426378459
4566,ALG,453397.196182884,5679050.63456943,0.0,0.0,0.0,0.0,51.16253662109375,,1.7431925535202026,0.0,0.0,,-0.8864370859517153,0.2382491560415097
4567,ALG,453397.036411588,5679049.84457952,0.0,0.0,0.0,0.0,14.952436447143556,,1.087110996246338,0.0,0.0,,0.5926646906744283,0.3435210733462214
4568,ALG,453396.928391894,5679049.08485963,0.0,0.0,0.0,0.0,32.12495422363281,,1.5012402534484863,0.0,0.0,,0.4192745918094671,-0.0911396750104563
4569,ALG,453396.846349816,5679048.32307397,0.0,0.0,0.0,0.0,33.39639663696289,,1.5256112813949585,0.0,0.0,,-0.1260728038105221,-0.7156186778791058
4570,ALG,453396.876794118,5679047.5663932,0.0,0.0,0.0,0.0,31.220258712768555,,1.346811056137085,0.0,0.0,,-0.52400783166735,0.2054759716715608
4571,ALG,453397.010984559,5679046.82919257,0.0,0.0,0.0,0.0,9.74539566040039,,1.096697449684143,0.0,0.0,,0.5676059791923839,0.4650065500244738
4572,NVB,453397.075542324,5679046.15816577,0.0,0.0,0.0,0.0,2.6351542472839355,,1.1051706075668335,0.0,0.0,,0.1948726984062177,0.1086323592829147
4573,NVB,453397.001609884,5679045.48853876,0.0,0.0,0.0,0.0,14.014642715454102,,1.173406720161438,0.0,0.0,,-0.5715148364668432,0.5454140920713785
4574,NVB,453396.858635994,5679044.78521007,0.0,0.0,0.0,0.0,5.97083854675293,,1.0317288637161257,0.0,0.0,,-0.320299254721224,0.0558869131454653
4575,NVB,453396.732603914,5679044.1441286,0.0,0.0,0.0,0.0,9.544971466064451,,1.025043249130249,0.0,0.0,,0.2271730115569039,0.02308858355372
4576,NVB,453396.649911613,5679043.492206,0.0,0.0,0.0,0.0,2.924357652664185,,1.014922022819519,0.0,0.0,,-0.0424157837550478,-0.324239661380945
4577,NVB,453396.515231329,5679042.84996357,0.0,0.0,0.0,0.0,2.0861189365386963,,1.0038172006607056,0.0,0.0,,-0.1893087067612018,0.0620245301242259
4578,NVB,453396.311030109,5679042.25502959,0.0,0.0,0.0,0.0,5.09011697769165,,1.0066901445388794,0.0,0.0,,-0.4625380029770541,0.1800756217237154
4579,NVB,453396.089709791,5679041.62781104,0.0,0.0,0.0,0.0,4.701242446899414,,1.0110851526260376,0.0,0.0,,0.3015271238309359,0.3722116613135564
4580,NVB,453395.842208304,5679041.03705982,0.0,0.0,0.0,0.0,7.328640460968018,,1.012484073638916,0.0,0.0,,0.0963105223732291,0.6825928712648727
4581,NVB,453395.629181586,5679040.47092752,0.0,0.0,0.0,0.0,5.805944919586182,,1.007862210273743,0.0,0.0,,0.1526995176359682,0.3376653445953008
4582,NVB,453395.511666543,5679039.85320154,0.0,0.0,0.0,0.0,6.334226131439209,,1.0139790773391724,0.0,0.0,,-0.0047289449092805,0.5226208638525688
4583,NVB,453395.550128587,5679039.20421562,0.0,0.0,0.0,0.0,3.0213468074798584,,1.0049341917037964,0.0,0.0,,-0.3171210837112359,0.7695806388575622
4584,NVB,453395.536661773,5679038.5549223,0.0,0.0,0.0,0.0,2.7042953968048096,,1.0015925168991089,0.0,0.0,,-0.2250910239777897,0.9506201729632608
4585,NVB,453395.497250247,5679037.90214611,0.0,0.0,0.0,0.0,4.622713088989258,,1.0039321184158323,0.0,0.0,,-0.0895645630438607,0.7354158610914573
4586,ALG,453395.406021554,5679037.23019715,0.0,0.0,0.0,0.0,10.542654037475586,,1.0458835363388062,0.0,0.0,,-0.4918485668930555,0.2551387867552522
4587,ALG,453395.262772078,5679036.573477,0.0,0.0,0.0,0.0,2.6097028255462646,,1.0018998384475708,0.0,0.0,,-0.4322881236173422,0.8713258048538188
4588,ALG,453395.180211369,5679035.89935981,0.0,0.0,0.0,0.0,0.5447691082954407,,1.0032869577407837,0.0,0.0,,-0.1544043773299878,0.1716812294011084
4589,ALG,453395.193812595,5679035.06378589,0.0,0.0,0.0,0.0,64.78341674804688,,2.730546712875366,0.0,0.0,,0.9922401226449152,0.1030968633798823
4590,NVB,453395.1636537,5679034.31007568,2.0,1.0,562.0,1363.0,39.48927307128906,,1.530349612236023,1474.3178083439134,766006.0,,0.7241772894073691,0.2898125430423192
4591,NVB,453395.020877267,5679033.5734551,2.0,1.0,562.0,1363.0,39.99268341064453,,1.360401630401611,1474.3178083439134,766006.0,,-0.6924549087928992,0.3046970272212039
4592,NVB,453394.739459804,5679032.86375801,1.0,0.0,562.0,0.0,70.26826477050781,,3.024457693099976,562.0,0.0,,-0.984421656769398,0.1200661859175084
4593,NVB,453394.570147527,5679032.22353006,0.0,0.0,0.0,0.0,0.7434486746788025,,1.0081071853637695,0.0,0.0,,-0.4288610697124906,0.1621443141674385
4594,NVB,453394.479043806,5679031.53049626,0.0,0.0,0.0,0.0,2.515681743621826,,1.0054056644439695,0.0,0.0,,0.0352723386924587,0.5535502130714244
4595,NVB,453394.431233809,5679030.83438943,0.0,0.0,0.0,0.0,6.685223579406738,,1.0229203701019287,0.0,0.0,,-0.235688700099078,0.3522770101937822
4596,NVB,453394.40127865,5679030.04627764,0.0,0.0,0.0,0.0,8.714656829833984,,1.0340358018875122,0.0,0.0,,-0.6279534658562178,0.3775209969497156
4597,NVB,453394.362130038,5679029.34911231,0.0,0.0,0.0,0.0,4.544368743896484,,1.010689377784729,0.0,0.0,,-0.5133348911967642,0.6855833639805519
4598,NVB,453394.236499149,5679028.64033738,0.0,0.0,0.0,0.0,4.299411296844482,,1.0240089893341064,0.0,0.0,,-0.4299616511126733,0.4418699850984124
4599,NVB,453394.050343826,5679027.92121626,0.0,0.0,0.0,0.0,2.507488489151001,,1.008863925933838,0.0,0.0,,-0.1265494654999064,0.2929590002483849
4600,NVB,453393.916209285,5679027.18686635,0.0,0.0,0.0,0.0,6.0880045890808105,,1.037389874458313,0.0,0.0,,-0.403044668300718,0.4076039279649035
4601,NVB,453393.808045725,5679026.4515604,0.0,0.0,0.0,0.0,2.964919090270996,,1.0120495557785034,0.0,0.0,,-0.4107412371007893,0.0958381811825888
4602,NVB,453393.673878388,5679025.72275911,0.0,0.0,0.0,0.0,5.0862717628479,,1.0097479820251465,0.0,0.0,,-0.6079122213234043,0.2445207036741033
4603,NVB,453393.591725238,5679024.97983877,0.0,0.0,0.0,0.0,5.744058609008789,,1.0219066143035889,0.0,0.0,,-0.3813938913765118,0.7444213496361618
4604,NVB,453393.527315258,5679024.16377883,0.0,0.0,0.0,0.0,2.982241153717041,,1.023923635482788,0.0,0.0,,-0.2856854072918873,0.4644749864907264
4605,NVB,453393.341133839,5679023.44909661,0.0,0.0,0.0,0.0,2.2861857414245605,,1.010826587677002,0.0,0.0,,-0.3065485660154289,0.3128644705804083
4606,NVB,453393.093869651,5679022.81839506,0.0,0.0,0.0,0.0,4.8337721824646,,1.0228487253189087,0.0,0.0,,-0.5824468602029715,0.6661168521350487
4607,NVB,453392.898869284,5679022.13140479,0.0,0.0,0.0,0.0,5.259124279022217,,1.135572910308838,0.0,0.0,,-0.3188400960338013,0.2622263994848526
4608,NVB,453392.756310095,5679021.35816313,0.0,0.0,0.0,0.0,17.455896377563477,,1.0623606443405151,0.0,0.0,,-0.2210923134475494,0.9123366577321464
4609,NVB,453392.630580953,5679020.66603408,0.0,0.0,0.0,0.0,8.194645881652832,,1.0196465253829956,0.0,0.0,,-0.3979339212927739,0.8708127129087401
4610,ALG,453392.522240242,5679019.96069076,0.0,0.0,0.0,0.0,9.253746032714844,,1.0298532247543335,0.0,0.0,,-0.2836917693129158,0.9365739021444478
4611,ALG,453392.466051635,5679019.21792409,0.0,0.0,0.0,0.0,6.550135612487793,,1.0131062269210815,0.0,0.0,,-0.1516697403900915,0.8844546671222746
4612,ALG,453392.389311852,5679017.56058785,0.0,0.0,0.0,0.0,16.782360076904297,,1.1255053281784058,0.0,0.0,,0.7399227653214958,0.2905136362933309
4613,ALG,453392.315761154,5679016.82659654,0.0,0.0,0.0,0.0,20.231000900268555,,1.1262058019638062,0.0,0.0,,-0.2236947118791324,-0.5972479183155378
4614,ALG,453392.241987111,5679016.13033597,0.0,0.0,0.0,0.0,5.345019817352295,,1.019904375076294,0.0,0.0,,-0.3998452579153809,0.1663479092319041
4615,ALG,453392.116658842,5679015.3705135,0.0,0.0,0.0,0.0,0.6356496214866638,,1.0020521879196167,0.0,0.0,,-0.1743184112977167,-0.0042945019591882
4616,ALG,453391.948194647,5679014.58713056,0.0,0.0,0.0,0.0,9.020127296447754,,1.039469838142395,0.0,0.0,,0.0653079280793766,0.559488868556075
4617,ALG,453391.762775672,5679013.74371983,0.0,0.0,0.0,0.0,7.969479560852051,,1.0153402090072632,0.0,0.0,,-0.5147589340629778,0.5328448866532584
4618,ALG,453391.568386625,5679012.95352481,0.0,0.0,0.0,0.0,5.090746879577637,,1.035557508468628,0.0,0.0,,-0.2198273693586117,0.8858040155211687
4619,ALG,453391.37325526,5679012.28872904,0.0,0.0,0.0,0.0,9.963868141174316,,1.0203309059143066,0.0,0.0,,-0.3595613108905337,0.4972851383397931
4620,ALG,453391.169580834,5679011.60501666,0.0,0.0,0.0,0.0,48.299278259277344,,1.6551223993301392,0.0,0.0,,0.7908597545187096,0.2910400969926188
4621,ALG,453390.983334254,5679010.90143163,0.0,0.0,0.0,0.0,27.30210304260254,,1.299559473991394,0.0,0.0,,-0.0166546537711801,-0.3235161206943475
4622,ALG,453390.954470112,5679009.92910496,0.0,0.0,0.0,0.0,31.46191024780273,,1.4834814071655271,0.0,0.0,,0.4064101793595235,-0.0371252727535537
4623,ALG,453390.995777074,5679008.79960679,0.0,0.0,0.0,0.0,29.643762588500977,,1.3886103630065918,0.0,0.0,,0.2112516674127448,0.4039189483122951
4624,ALG,453391.071052733,5679007.78017664,0.0,0.0,0.0,0.0,24.942556381225582,,1.180533528327942,0.0,0.0,,-0.4230894261334956,-0.6696349916078915
4625,ALG,453391.19729786,5679006.9230742,0.0,0.0,0.0,0.0,8.177870750427246,,1.0180566310882568,0.0,0.0,,0.3862799604631994,-0.301074578191236
4626,ALG,453391.097572849,5679006.22444045,0.0,0.0,0.0,0.0,23.356884002685547,,1.3407214879989624,0.0,0.0,,0.5583669006155793,0.4897898369737961
4627,ALG,453390.798709259,5679005.53794499,0.0,0.0,0.0,0.0,21.79649353027344,,1.270148754119873,0.0,0.0,,-0.2328348222384529,0.3568395651350861
4628,ALG,453390.516774223,5679004.91591622,0.0,0.0,0.0,0.0,33.3734245300293,,1.3662800788879397,0.0,0.0,,0.7955568886907148,0.5642662533620248
4629,ALG,453390.312048922,5679004.40976028,0.0,0.0,0.0,0.0,21.88722801208496,,1.3637911081314087,0.0,0.0,,-0.0981687068440795,0.8152568460038668
4630,ALG,453390.090572532,5679003.80917498,0.0,0.0,0.0,0.0,17.689533233642578,,1.1062729358673096,0.0,0.0,,-0.2903299056161589,0.7781103464396834
4631,ALG,453389.929810963,5679003.18675378,0.0,0.0,0.0,0.0,27.80099105834961,,1.3394477367401123,0.0,0.0,,-0.2131298161692623,0.5871584525203138
4632,ALG,453389.813131346,5679002.42809222,0.0,0.0,0.0,0.0,29.218759536743164,,1.3644558191299438,0.0,0.0,,0.6493277204531405,0.60355944347488
4633,ALG,453389.748774551,5679001.6031544,2.0,0.0,562.0,0.0,6.82844877243042,,1.387507677078247,562.0,0.0,,0.1139408669224603,-0.5050623604775555
4634,ALG,453389.692645499,5679000.85040014,1.0,0.0,562.0,0.0,11.785757064819336,,1.0269778966903689,562.0,0.0,,-0.9470085074807434,0.2420369542818177
4635,ALG,453389.619200357,5679000.09865312,1.0,0.0,562.0,0.0,35.04350280761719,,1.2704867124557495,562.0,0.0,,-0.9457421245143032,0.2208763374501447
4636,ALG,453389.528419423,5678999.35124255,0.0,0.0,0.0,0.0,65.82563018798828,,2.4854841232299805,0.0,0.0,,-0.4006348690107361,-0.1632070544202517
4637,ALG,453389.46355681,5678998.61175378,1.0,0.0,562.0,0.0,64.65655517578125,,2.9437880516052246,562.0,0.0,,0.5274189639024242,-0.3852934751083981
4638,ALG,453389.432051856,5678998.08553774,0.0,0.0,0.0,0.0,41.48714828491211,,2.1525466442108154,0.0,0.0,,0.4243061333732993,-0.0406878556646354
4639,ALG,453389.417133752,5678997.68149426,1.0,1.0,562.0,1363.0,3.4094486236572266,,2.129301071166992,1474.3178083439134,766006.0,,-0.0173192205628619,0.0602216592085641
4640,ALG,453389.361819432,5678996.79113372,0.0,0.0,0.0,0.0,48.75035095214844,,1.695516586303711,0.0,0.0,,-0.2240182517054551,0.8564565848192168
4641,ALG,453389.300038128,5678995.5311825,0.0,0.0,0.0,0.0,65.39513397216797,,2.8502275943756104,0.0,0.0,,0.9488768127613716,-0.1405472065496514
4642,ALG,453389.204459045,5678994.13231032,1.0,0.0,562.0,0.0,29.97906875610352,,1.1885151863098145,562.0,0.0,,-0.9656358915711986,-0.052929412320596
4643,ALG,453388.846431894,5678993.20575484,-1.0,-1.0,562.0,1362.0,27.3995304107666,,1.5127525329589844,1473.3933622763475,765444.0,,0.2248368680640025,0.1163243743131983
4644,ALG,453388.382892095,5678992.55823594,0.0,0.0,0.0,0.0,34.208309173583984,,1.6353875398635864,0.0,0.0,,0.4542363885373404,-0.0342317220102824
4645,ALG,453388.050192091,5678991.73947776,0.0,0.0,0.0,0.0,21.83833694458008,,2.346845865249634,0.0,0.0,,0.2384705204295388,-0.1061201509123408
4646,ALG,453387.830306212,5678990.8703382,1.0,0.0,562.0,0.0,16.73222541809082,,1.2741278409957886,562.0,0.0,,0.469132098298347,-0.1525105620151737
4647,ALG,453387.740898721,5678989.89099443,1.0,0.0,562.0,0.0,22.987045288085938,,1.097124099731445,562.0,0.0,,0.0694325670307022,-0.799174638173824
4648,ALG,453387.806751218,5678989.00135122,1.0,0.0,562.0,0.0,6.4046173095703125,,1.256587266921997,562.0,0.0,,0.0522033774570311,-0.0425680224644966
4649,ALG,453387.794106479,5678988.21334183,0.0,0.0,0.0,0.0,46.34749603271485,,2.020813226699829,0.0,0.0,,-0.3504109821959152,-0.4380284626246036
4650,ALG,453387.720720792,5678987.45160723,0.0,0.0,0.0,0.0,32.046051025390625,,1.1960132122039795,0.0,0.0,,-0.1619176547304293,-0.4862235277033664
4651,ALG,453387.68212495,5678986.66122466,-1.0,-1.0,562.0,1362.0,54.17681503295898,,1.7875438928604126,1473.3933622763475,765444.0,,-0.8841259332828248,-0.4261595813714009
4652,ALG,453387.886184068,5678985.81790014,0.0,0.0,0.0,0.0,63.46417999267578,,2.4451141357421875,0.0,0.0,,0.8999738422518098,-0.3034347553547322
4653,ALG,453388.202853445,5678984.95859581,0.0,0.0,0.0,0.0,23.976640701293945,,1.1162428855895996,0.0,0.0,,0.2911656502959097,-0.8746932271302098
4654,ALG,453388.240783745,5678984.39949783,0.0,0.0,0.0,0.0,28.325971603393555,,1.1549829244613647,0.0,0.0,,-0.2320680070269326,-0.9031313810524678
4655,ALG,453388.182887649,5678983.94526038,0.0,0.0,0.0,0.0,35.84516906738281,,1.2908978462219238,0.0,0.0,,-0.5018021967180494,-0.651301892402426
4656,ALG,453388.195300467,5678983.31054718,0.0,0.0,0.0,0.0,8.77850341796875,,1.222777009010315,0.0,0.0,,0.3916968454445436,-0.1837439457155484
4657,ALG,453388.260463018,5678982.5374254,0.0,0.0,0.0,0.0,48.921875,,1.7892197370529177,0.0,0.0,,-0.7452907626629685,-0.6250573792480383
4658,ALG,453388.135464238,5678981.72211642,-1.0,0.0,562.0,0.0,29.890766143798828,,1.4116425514221191,562.0,0.0,,0.08725651796491,-0.500923031506802
4659,ALG,453387.966915817,5678980.9531598,0.0,0.0,0.0,0.0,47.40616989135742,,1.5575159788131714,0.0,0.0,,0.5813886017457142,-0.7223459789574854
4660,ALG,453387.867743354,5678980.16130882,-1.0,0.0,562.0,0.0,44.59809494018555,,1.5546046495437622,562.0,0.0,,-0.3243522636035778,-0.8746667177745081
4661,ALG,453387.898300088,5678979.38576263,-1.0,-1.0,562.0,1362.0,30.370162963867188,,1.58008074760437,1473.3933622763475,765444.0,,0.2759710444585362,-0.6660494018198307
4662,ALG,453387.963383803,5678978.62595759,0.0,0.0,0.0,0.0,40.14484405517578,,1.4486209154129028,0.0,0.0,,0.8846240224063721,-0.179853030246409
4663,ALG,453388.071918612,5678977.83644609,1.0,0.0,562.0,0.0,61.35676956176758,,2.3510982990264893,562.0,0.0,,0.5714679217988933,-0.5516812190314246
4664,ALG,453388.240773782,5678977.09168238,1.0,0.0,562.0,0.0,34.929161071777344,,2.6497960090637207,562.0,0.0,,-0.0908953948463796,-0.5060882260238416
4665,ALG,453388.44347919,5678976.47696182,1.0,0.0,562.0,0.0,29.79401588439941,,1.9668447971343996,562.0,0.0,,-0.2571112391171864,-0.4771660509690896
4666,ALG,453388.680665556,5678975.8857505,1.0,0.0,562.0,0.0,6.994316577911377,,1.0412918329238892,562.0,0.0,,0.737749935971769,-0.2448794933307854
4667,ALG,453388.961007323,5678975.31477047,2.0,0.0,562.0,0.0,16.2032413482666,,1.2805923223495483,562.0,0.0,,0.0700692720247893,0.3902864271134262
4668,ALG,453389.145890699,5678974.7865062,2.0,1.0,562.0,1363.0,34.880226135253906,,1.3541209697723389,1474.3178083439134,766006.0,,-0.5225328065786526,0.6062982278896514
4669,ALG,453389.32175797,5678974.31922572,1.0,0.0,562.0,0.0,70.37017822265625,,3.029874563217163,562.0,0.0,,-0.9674961991814348,0.2234627602451457
4670,ALG,453389.331569014,5678974.12396482,0.0,-1.0,0.0,1362.0,62.08512878417969,,2.482385396957397,1362.0,0.0,,-0.6400175803152411,0.4499150636296414
4671,ALG,453389.236826791,5678974.04572023,0.0,-1.0,0.0,1362.0,62.08512878417969,,2.482385396957397,1362.0,0.0,,-0.6400175803152411,0.4499150636296414
4672,ALG,453389.77569369,5678973.6649311,0.0,-1.0,0.0,1362.0,11.557601928710938,,1.034123420715332,1362.0,0.0,,0.0887438342063798,0.4673139207921724
4673,ALG,453390.678952965,5678973.13537088,0.0,0.0,0.0,0.0,41.40718460083008,,1.6761456727981567,0.0,0.0,,0.5359657566460707,0.3774738096014779
4674,ALG,453391.400883116,5678972.53371199,0.0,0.0,0.0,0.0,65.66616821289062,,2.550475597381592,0.0,0.0,,-0.3158642301850666,0.699805186184737
4675,ALG,453392.080189864,5678971.82193379,0.0,0.0,0.0,0.0,57.09724807739258,,1.889037847518921,0.0,0.0,,0.9695491849590158,0.1014040082911762
4676,ALG,453392.69865714,5678971.15307628,0.0,0.0,0.0,0.0,37.87293243408203,,1.290150165557861,0.0,0.0,,0.4088568764768989,0.884149974616466
4677,ALG,453393.508789764,5678970.27227808,1.0,0.0,562.0,0.0,31.729297637939453,,1.3452472686767578,562.0,0.0,,0.4181351921048419,0.1410293659739851
4678,ALG,453394.08298461,5678969.77184295,1.0,0.0,562.0,0.0,56.43332290649414,,2.5107128620147705,562.0,0.0,,-0.7763215089732299,0.1032348504306156
4679,ALG,453394.814718523,5678968.97603258,0.0,0.0,0.0,0.0,27.717702865600582,,1.768160700798035,0.0,0.0,,-0.1786438373380202,-0.2638531770650446
4680,ALG,453395.634517052,5678967.92438727,1.0,1.0,562.0,1363.0,40.48444747924805,,1.3920143842697144,1474.3178083439134,766006.0,,0.1933137052780846,0.8133579318677185
4681,ALG,453396.036950486,5678967.19765257,0.0,0.0,0.0,0.0,64.85321044921875,,2.539184331893921,0.0,0.0,,-0.5140793650287109,0.8372600611032412
4682,ALG,453396.378498576,5678966.52160673,-1.0,0.0,562.0,0.0,24.77381706237793,,1.2354998588562012,562.0,0.0,,0.4606997994504505,-0.2082857522255416
4683,ALG,453396.746155306,5678965.82130054,0.0,0.0,0.0,0.0,36.2311897277832,,1.470258355140686,0.0,0.0,,-0.3116937128722929,0.420454329096911
4684,ALG,453397.104191627,5678965.28407314,-1.0,0.0,562.0,0.0,16.873336791992188,,1.054140329360962,562.0,0.0,,-0.4530377213705903,0.398170391519749
4685,ALG,453397.470468795,5678964.81680982,-1.0,-1.0,562.0,1362.0,15.744945526123049,,1.1474995613098145,1473.3933622763475,765444.0,,-0.2341371051924844,-0.3932228057150198
4686,ALG,453397.828367075,5678964.30288667,0.0,0.0,0.0,0.0,65.13140106201172,,3.064971923828125,0.0,0.0,,0.7776315424420307,-0.4772666295418821
4687,ALG,453398.186409824,5678963.76454949,1.0,0.0,562.0,0.0,33.01744842529297,,1.3606125116348269,562.0,0.0,,0.7040152495684842,0.0675496728648352
4688,ALG,453399.489840718,5678962.88999989,-1.0,0.0,562.0,0.0,46.23542022705078,,1.814258337020874,562.0,0.0,,-0.5903202580083041,0.6142522944326119
4689,ALG,453400.098817757,5678962.36202603,-1.0,0.0,562.0,0.0,18.095373153686523,,1.0586364269256592,562.0,0.0,,0.0439125546975129,-0.9741377928722904
4690,ALG,453400.621352565,5678961.81578423,-1.0,0.0,562.0,0.0,8.317350387573242,,1.0303404331207275,562.0,0.0,,-0.6604943060310441,-0.2328613423874816
4691,ALG,453401.143880736,5678961.27065211,-1.0,0.0,562.0,0.0,11.207555770874023,,1.0513520240783691,562.0,0.0,,-0.0248784991248329,-0.8306322039008194
4692,ALG,453401.562236885,5678960.77817221,-1.0,0.0,562.0,0.0,21.19492530822754,,1.1618030071258545,562.0,0.0,,-0.4099727286263286,-0.8446217020381522
4693,ALG,453401.980330256,5678960.3300814,-1.0,0.0,562.0,0.0,30.33635711669922,,1.4299278259277344,562.0,0.0,,-0.5117894713125657,-0.0566064329007258
4694,ALG,453402.337847095,5678959.88052228,-1.0,0.0,562.0,0.0,26.845537185668945,,1.3426281213760376,562.0,0.0,,-0.0350869802453435,0.4494596397639247
4695,ALG,453402.721465986,5678959.40781252,-1.0,0.0,562.0,0.0,5.138694763183594,,1.0288070440292358,562.0,0.0,,-0.2324849927734489,0.2479778474777116
4696,ALG,453403.217780105,5678958.90469627,-1.0,0.0,562.0,0.0,9.350996971130373,,1.083095908164978,562.0,0.0,,0.6139380359262694,0.2511452419643136
4697,ALG,453403.705275242,5678958.42927195,-1.0,0.0,562.0,0.0,5.478889465332031,,1.0826324224472046,562.0,0.0,,-0.2916243996886975,0.820909407749966
4698,ALG,453404.184227258,5678957.93493102,-1.0,0.0,562.0,0.0,5.516502380371094,,1.036900520324707,562.0,0.0,,-0.4176088857019024,0.5428916899785726
4699,ALG,453404.576717399,5678957.42565136,-1.0,-1.0,562.0,1362.0,15.397805213928224,,1.1416683197021484,1473.3933622763475,765444.0,,0.5183618902245426,0.3594967886423281
4700,ALG,453404.960342604,5678956.95183177,0.0,0.0,0.0,0.0,69.50883483886719,,2.9223599433898926,0.0,0.0,,0.8985165996612222,0.3272674701256055
4701,ALG,453405.516996454,5678956.49013386,0.0,0.0,0.0,0.0,66.3634033203125,,3.248495101928711,0.0,0.0,,-0.329055610853906,0.6896507077614874
4702,ALG,453406.056242285,5678956.04497939,-1.0,0.0,562.0,0.0,22.83970069885254,,1.2368817329406738,562.0,0.0,,-0.7532276682234235,-0.1672069870657384
4703,ALG,453406.535233411,5678955.54397994,-1.0,0.0,562.0,0.0,53.95926284790039,,2.311347007751465,562.0,0.0,,0.478705727395323,-0.0689446721620052
4704,ALG,453407.023095921,5678955.00641065,-1.0,0.0,562.0,0.0,46.65266799926758,,1.7057783603668213,562.0,0.0,,0.147836799327629,0.7061336731949935
4705,ALG,453407.554770468,5678954.37809972,-1.0,0.0,562.0,0.0,25.40896415710449,,1.1236014366149902,562.0,0.0,,-0.5667748004096939,0.5948883711787211
4706,ALG,453408.09526383,5678953.72209678,-1.0,0.0,562.0,0.0,11.117887496948242,,1.0322718620300293,562.0,0.0,,0.3114116088480707,-0.5888304898202613
4707,ALG,453408.652908916,5678953.0928297,-1.0,0.0,562.0,0.0,15.714988708496094,,1.0433542728424072,562.0,0.0,,0.181827240817029,-0.8991757358964962
4708,ALG,453409.288052309,5678952.53060723,-1.0,0.0,562.0,0.0,24.3088493347168,,1.1062227487564087,562.0,0.0,,0.244453682572085,-0.5995110881280872
4709,ALG,453409.862599484,5678951.97024564,-1.0,0.0,562.0,0.0,12.23116683959961,,1.1060357093811035,562.0,0.0,,-0.4907055517740594,0.3528469278002087
4710,ALG,453409.986819145,5678951.4549391,-1.0,0.0,562.0,0.0,2.2624220848083496,,1.054483413696289,562.0,0.0,,0.0600290424637494,0.106166361835408
4711,ALG,453410.05914992,5678950.9326669,-1.0,0.0,562.0,0.0,8.975893020629883,,1.1636059284210205,562.0,0.0,,0.5584806655250202,0.149001650560685
4712,ALG,453410.581302401,5678950.45078866,0.0,0.0,0.0,0.0,40.97647857666016,,1.6075785160064695,0.0,0.0,,0.298569046034041,-0.4099322764672135
4713,ALG,453411.207015843,5678950.01946273,0.0,0.0,0.0,0.0,35.591087341308594,,2.631791591644287,0.0,0.0,,0.1338008656797616,0.2661623514553194
4714,ALG,453411.841390493,5678949.58707824,1.0,1.0,562.0,1363.0,44.53948593139648,,1.6286762952804563,1474.3178083439134,766006.0,,0.8760569325984465,-0.2137505267573406
4715,ALG,453412.458987555,5678949.06470329,1.0,0.0,562.0,0.0,50.162200927734375,,1.59752357006073,562.0,0.0,,0.3244034514024817,0.9246001805084684
4716,ALG,453413.085061947,5678948.57234216,0.0,0.0,0.0,0.0,30.47830390930176,,1.225141167640686,0.0,0.0,,0.0466420594067921,0.8464351151411845
4717,ALG,453413.789311,5678948.03272359,-1.0,0.0,562.0,0.0,47.00179672241211,,1.832081913948059,562.0,0.0,,0.263674282307961,0.5423665216426673
4718,ALG,453414.493914544,5678947.43317964,-1.0,0.0,562.0,0.0,12.681838989257812,,1.4395427703857422,562.0,0.0,,-0.1352218041913647,-0.1708186112161876
4719,ALG,453414.854135434,5678946.52641197,-1.0,0.0,562.0,0.0,34.868797302246094,,1.368897795677185,562.0,0.0,,0.6348274013976515,-0.2510787042754263
4720,ALG,453414.937353115,5678945.62688337,-1.0,0.0,562.0,0.0,39.742923736572266,,1.3494728803634644,562.0,0.0,,0.160377354144565,0.5523385263007103
4721,ALG,453415.31302502,5678945.03427116,0.0,0.0,0.0,0.0,60.23537826538086,,2.311494827270508,0.0,0.0,,0.833295875095422,-0.0673422212131263
4722,ALG,453415.818254791,5678944.4868162,-1.0,0.0,562.0,0.0,11.459821701049805,,1.9685829877853396,562.0,0.0,,0.3555714369053855,0.1868312614916851
4723,ALG,453416.289167718,5678943.88810887,0.0,0.0,0.0,0.0,32.90299987792969,,1.3123503923416138,0.0,0.0,,-0.6359059481311666,0.6280777276573485
4724,ALG,453416.734287183,5678943.26039497,-1.0,0.0,562.0,0.0,41.52099609375,,1.435541749000549,562.0,0.0,,-0.9008278801535616,-0.0749658795841683
4725,ALG,453417.136152762,5678942.6290958,-1.0,0.0,562.0,0.0,41.86307144165039,,2.114330291748047,562.0,0.0,,0.3899729665674187,-0.6118493996612985
4726,ALG,453417.477829323,5678941.93085448,-1.0,0.0,562.0,0.0,46.740684509277344,,1.769291877746582,562.0,0.0,,-0.4255775734686997,-0.5125397910648898
4727,ALG,453417.758404204,5678941.31992322,-1.0,0.0,562.0,0.0,18.993135452270508,,1.118421196937561,562.0,0.0,,-0.1255648815845542,0.5797796999409502
4728,ALG,453418.04760748,5678940.71348206,-1.0,0.0,562.0,0.0,12.8199462890625,,1.102002501487732,562.0,0.0,,0.0245759213413873,0.5812175935535732
4729,ALG,453418.388719214,5678940.11067731,-2.0,-1.0,562.0,1362.0,50.894630432128906,,1.7797516584396362,1473.3933622763475,765444.0,,0.0992610757882569,0.3714559630040304
4730,ALG,453418.738531556,5678939.50015566,0.0,0.0,0.0,0.0,78.46697235107422,,5.969235420227051,0.0,0.0,,0.8540281274012268,-0.387174458432177
4731,ALG,453419.157154659,5678938.96217598,2.0,1.0,562.0,1363.0,35.26948165893555,,1.5467103719711304,1474.3178083439134,766006.0,,0.8512642840328023,-0.0544887874182303
4732,ALG,453419.515214516,5678938.42050864,2.0,0.0,562.0,0.0,48.50693893432617,,1.6653063297271729,562.0,0.0,,0.7186709887238122,0.3372057632653926
4733,ALG,453419.525195491,5678938.19639477,2.0,0.0,562.0,0.0,10.847415924072266,,1.125517725944519,562.0,0.0,,0.1462601997709599,0.3386965577795874
4734,ALG,453419.508903784,5678938.0242845,2.0,0.0,562.0,0.0,14.212431907653809,,1.0590497255325315,562.0,0.0,,-0.3998041636970023,0.4520032625825609
4735,ALG,453419.849260239,5678937.54909842,2.0,0.0,562.0,0.0,21.71858024597168,,1.1018552780151367,562.0,0.0,,-0.6950744746526595,0.7001294842098206
4736,ALG,453420.181027613,5678937.06276385,2.0,0.0,562.0,0.0,32.488033294677734,,1.5269794464111328,562.0,0.0,,-0.5225366761372194,0.2349463249035715
4737,ALG,453420.538575197,5678936.60765526,2.0,0.0,562.0,0.0,46.1676139831543,,1.5229260921478271,562.0,0.0,,0.7091094681335596,-0.5582224970174569
4738,ALG,453420.947952433,5678936.1694998,2.0,0.0,562.0,0.0,20.341657638549805,,1.1299474239349363,562.0,0.0,,0.9753690011467522,-0.066695259520745
4739,ALG,453421.374711234,5678935.71923973,2.0,0.0,562.0,0.0,19.39486122131348,,1.087135910987854,562.0,0.0,,0.8060588979605794,0.4546441871278788
4740,ALG,453421.749719085,5678935.23870974,2.0,0.0,562.0,0.0,32.43810272216797,,1.200110912322998,562.0,0.0,,0.088539067975963,0.96077985718825
4741,ALG,453422.046867473,5678934.75217027,2.0,0.0,562.0,0.0,37.35193634033203,,1.323878049850464,562.0,0.0,,-0.0841258950243234,0.9817045839054528
4742,ALG,453422.283124392,5678934.3174296,2.0,0.0,562.0,0.0,26.44195938110352,,1.1763296127319336,562.0,0.0,,-0.2636522691793262,0.9320384549432283
4743,ALG,453422.53612606,5678933.97822794,2.0,1.0,562.0,1363.0,56.41588592529297,,1.9459238052368164,1474.3178083439134,766006.0,,-0.6456575611143244,0.6841343003710069
4744,ALG,453422.840727598,5678933.69481989,1.0,0.0,562.0,0.0,73.80091857910156,,3.765945196151733,562.0,0.0,,-0.8370530080918775,0.5151829183872242
4745,ALG,453422.631557471,5678933.93995068,1.0,1.0,562.0,1363.0,65.1823959350586,,2.4733335971832275,1474.3178083439134,766006.0,,-0.6913278545612256,0.6719250497564083
4746,ALG,453422.405255208,5678934.1550164,2.0,1.0,562.0,1363.0,38.74942779541016,,1.361098289489746,1474.3178083439134,766006.0,,-0.3642346216322534,0.88845438207957
4747,ALG,453423.099611989,5678938.21310299,0.0,1.0,0.0,1363.0,70.19526672363281,,3.1146721839904785,1363.0,0.0,,0.8538233746139844,0.5034499542547475
4748,ALG,453423.495184435,5678941.57137848,0.0,1.0,0.0,1363.0,63.376102447509766,,3.483149290084839,1363.0,0.0,,-0.4066677521137481,-0.3235623475066631
4749,ALG,453424.023876217,5678941.446883,-2.0,-2.0,562.0,1362.0,70.46134185791016,,7.408131599426269,1473.3933622763475,765444.0,,-0.6161583558673286,-0.1507973060176017
4750,ALG,453424.630565334,5678941.30509265,1.0,0.0,562.0,0.0,55.80413436889648,,3.266587495803833,562.0,0.0,,-0.3450834937579279,-0.694042106186461
4751,ALG,453425.280580454,5678941.15468042,3.0,1.0,562.0,1363.0,56.27437210083008,,1.9577269554138184,1474.3178083439134,766006.0,,-0.1617858790150843,-0.6320167184927296
4752,ALG,453425.904152212,5678941.08512469,3.0,1.0,562.0,1363.0,49.274505615234375,,1.614975094795227,1474.3178083439134,766006.0,,-0.9186981538608976,-0.296178149617019
4753,ALG,453426.466885027,5678941.05848992,3.0,0.0,562.0,0.0,48.763145446777344,,1.5670593976974487,562.0,0.0,,-0.977741969101982,0.1357684831820326
4754,ALG,453427.064236641,5678941.0320599,3.0,0.0,562.0,0.0,50.16574096679688,,1.613324761390686,562.0,0.0,,-0.9054282583344724,0.409665161555554
4755,ALG,453427.652926986,5678941.00668837,3.0,0.0,562.0,0.0,50.84415817260742,,1.808764934539795,562.0,0.0,,-0.6590824560158826,0.7003502862796821
4756,ALG,453428.250173558,5678940.99801391,2.0,0.0,562.0,0.0,60.98014450073242,,3.793414831161499,562.0,0.0,,-0.4557219341143166,0.8441998282331694
4757,ALG,453428.77803154,5678941.01445359,1.0,0.0,562.0,0.0,73.17198181152344,,6.825850009918213,562.0,0.0,,0.1866744237765923,0.5587675443632877
4758,ALG,453429.366524946,5678941.02237378,0.0,-1.0,0.0,1362.0,62.41242599487305,,3.9401700496673584,1362.0,0.0,,0.860462906894839,-0.2293363787031922
4759,ALG,453429.902643777,5678941.10544826,1.0,1.0,562.0,1363.0,53.39728546142578,,1.8105475902557373,1474.3178083439134,766006.0,,0.9648036403430474,-0.2113760917112245
4760,ALG,453429.782311626,5678940.96379607,1.0,0.0,562.0,0.0,67.2843246459961,,2.768272399902344,562.0,0.0,,0.93862623845365,-0.268442588605115
4761,ALG,453429.662084508,5678940.80438823,2.0,1.0,562.0,1363.0,46.98745727539063,,1.579142928123474,1474.3178083439134,766006.0,,0.8747099808333786,-0.2035010714583299
4762,ALG,453429.67142846,5678940.68791797,2.0,1.0,562.0,1363.0,46.98745727539063,,1.579142928123474,1474.3178083439134,766006.0,,0.8747099808333786,-0.2035010714583299
4763,ALG,453430.206437917,5678940.95853649,1.0,1.0,562.0,1363.0,45.69799041748047,,1.491625189781189,1474.3178083439134,766006.0,,0.9648614100526792,-0.1014497374509234
4764,ALG,453430.86296769,5678941.16994636,1.0,1.0,562.0,1363.0,70.92205047607422,,4.815990447998047,1474.3178083439134,766006.0,,0.6628072023509161,0.4311767024381738
4765,ALG,453431.67560376,5678941.32790096,-1.0,0.0,562.0,0.0,41.78190994262695,,1.9305649995803835,562.0,0.0,,-0.3327504450708973,0.5309040686004077
4766,ALG,453432.418890661,5678941.50431131,-1.0,0.0,562.0,0.0,7.365014553070068,,1.0220484733581543,562.0,0.0,,-0.7128578112588834,0.2921433345596295
4767,ALG,453433.127434076,5678941.70160167,-1.0,0.0,562.0,0.0,19.63284683227539,,1.0714259147644043,562.0,0.0,,-0.5537201534176809,-0.6637433906695716
4768,ALG,453433.905759928,5678941.80719406,0.0,0.0,0.0,0.0,39.04301834106445,,1.3103501796722412,0.0,0.0,,-0.1025926149793623,-0.9911045859646967
4769,ALG,453434.658069184,5678941.92151062,0.0,0.0,0.0,0.0,3.3135769367218018,,1.0158425569534302,0.0,0.0,,-0.2280530924987147,-0.2284018141346302
4770,ALG,453435.357984242,5678942.11431067,1.0,0.0,562.0,0.0,8.487353324890137,,1.0153024196624756,562.0,0.0,,-0.3361406541701092,0.8623426384630114
4771,ALG,453436.161558858,5678942.34101676,0.0,0.0,0.0,0.0,39.21162796020508,,1.900810718536377,0.0,0.0,,0.5036525640880508,0.6520642157713934
4772,ALG,453436.869721768,5678942.60267101,0.0,0.0,0.0,0.0,58.35652160644531,,2.4792299270629883,0.0,0.0,,-0.262846964811178,-0.6682981387359604
4773,ALG,453437.516809567,5678942.9471965,2.0,0.0,562.0,0.0,28.75392723083496,,1.2054178714752195,562.0,0.0,,-0.717860265888182,-0.653671890995863
4774,ALG,453438.155820271,5678943.19401469,2.0,0.0,562.0,0.0,1.7434649467468262,,1.082866072654724,562.0,0.0,,-0.7166242870153461,-0.3908444271643212
4775,ALG,453438.864088327,5678943.43791311,2.0,0.0,562.0,0.0,4.794060230255127,,1.0468806028366089,562.0,0.0,,-0.2760452472594569,0.2792149893288694
4776,ALG,453439.53775074,5678943.67938727,2.0,0.0,562.0,0.0,18.148181915283203,,1.181699514389038,562.0,0.0,,0.4349582751238749,0.8194083516175938
4777,ALG,453440.116139257,5678943.93250538,2.0,1.0,562.0,1363.0,41.00727844238281,,1.4175214767456057,1474.3178083439134,766006.0,,0.3229475183768226,0.9264282124340996
4778,ALG,453440.347283034,5678944.36224236,1.0,1.0,562.0,1363.0,74.59605407714844,,4.042762756347656,1474.3178083439134,766006.0,,0.4875183746201688,0.8564116763688231
4779,ALG,453439.476522885,5678945.25156488,0.0,-1.0,0.0,1362.0,64.59371948242188,,2.6149067878723145,1362.0,0.0,,0.7269723794344801,0.6614198961823731
4780,ALG,453439.142715304,5678946.08302569,0.0,0.0,0.0,0.0,1.3894712924957275,,1.0135303735733032,0.0,0.0,,0.079481658142883,0.8084146959960169
4781,ALG,453439.860786858,5678946.13277279,0.0,0.0,0.0,0.0,5.026756286621094,,1.005202293395996,0.0,0.0,,0.2572146484217836,0.9535267069361923
4782,ALG,453440.604822539,5678946.18267336,0.0,0.0,0.0,0.0,3.527179479598999,,1.0026967525482178,0.0,0.0,,0.8227208122488375,0.2123613981417641
4783,ALG,453441.314652849,5678946.16245627,0.0,0.0,0.0,0.0,1.4779953956604004,,1.0023891925811768,0.0,0.0,,0.4481323259962943,0.4926217233682242
4784,ALG,453442.04141194,5678946.20670571,0.0,0.0,0.0,0.0,3.3739254474639893,,1.0029666423797607,0.0,0.0,,0.5978892265167048,0.7801868808952547
4785,ALG,453442.663769877,5678946.34244835,0.0,0.0,0.0,0.0,3.121936082839966,,1.0034221410751345,0.0,0.0,,0.7033334800682155,0.6114860554911581
4786,ALG,453443.225092082,5678946.55440392,0.0,0.0,0.0,0.0,2.069993257522583,,1.001301646232605,0.0,0.0,,0.0978170831619108,-0.4627618640339981
4787,ALG,453443.708141341,5678946.83026307,0.0,0.0,0.0,0.0,19.75555229187012,,1.0704156160354614,0.0,0.0,,-0.5588992947147489,-0.8044219044423219
4788,ALG,453444.13908521,5678947.13577778,0.0,0.0,0.0,0.0,22.58750915527344,,1.0851725339889526,0.0,0.0,,-0.6665213497843895,-0.7369335784357242
4789,ALG,453444.665342453,5678947.42299005,0.0,0.0,0.0,0.0,18.588459014892575,,1.065795660018921,0.0,0.0,,-0.7973802423292536,-0.4638147392857548
4790,ALG,453445.331144681,5678947.53013543,1.0,0.0,562.0,0.0,6.7221527099609375,,1.0228168964385986,562.0,0.0,,-0.5741184719526822,0.3463879857047742
4791,ALG,453446.006277519,5678947.52302995,1.0,0.0,562.0,0.0,4.229260921478272,,1.032836675643921,562.0,0.0,,-0.0919309680007786,0.7952788437449541
4792,ALG,453446.699310338,5678947.41615123,0.0,0.0,0.0,0.0,21.834104537963867,,1.3057527542114258,0.0,0.0,,0.0222040532901504,0.8583288919929962
4793,ALG,453447.45334605,5678947.23860807,0.0,0.0,0.0,0.0,28.44265365600586,,1.1554549932479858,0.0,0.0,,-0.4428469232528684,0.8794576881726024
4794,ALG,453448.120637797,5678947.09384495,0.0,0.0,0.0,0.0,3.238170862197876,,1.0048950910568235,0.0,0.0,,0.2121774444309515,-0.175033347899974
4795,ALG,453448.744288535,5678947.01097067,0.0,0.0,0.0,0.0,1.0661685466766355,,1.0160311460494995,0.0,0.0,,-0.1465801679159002,0.042325742776589
4796,ALG,453449.341679868,5678946.97788059,0.0,0.0,0.0,0.0,1.7843241691589355,,1.0025557279586792,0.0,0.0,,-0.27891965535825,-0.0825433226262834
4797,ALG,453449.947791521,5678946.93374436,0.0,0.0,0.0,0.0,5.511972904205322,,1.0156285762786863,0.0,0.0,,0.1428915695980556,0.3666050028444296
4798,ALG,453450.57137005,5678946.86307695,0.0,0.0,0.0,0.0,1.0310066938400269,,1.0007976293563845,0.0,0.0,,0.0040324680877968,0.88605070677772
4799,ALG,453451.186805638,5678946.70579953,0.0,0.0,0.0,0.0,5.411221504211426,,1.0142230987548828,0.0,0.0,,-0.228197250074148,-0.0358730214678901
4800,ALG,453451.846748228,5678946.34014902,0.0,0.0,0.0,0.0,2.774192571640014,,1.0402926206588743,0.0,0.0,,0.0452831975232657,0.100675379534927
4801,ALG,453452.437945194,5678945.89085951,0.0,0.0,0.0,0.0,0.4839563071727752,,1.0057772397994995,0.0,0.0,,-0.6878425592546039,0.5549758903794609
4802,ALG,453453.037731183,5678945.4527184,0.0,0.0,0.0,0.0,5.588682174682617,,1.0197356939315796,0.0,0.0,,-0.1670969261229752,-0.2716440491455922
4803,ALG,453453.603232894,5678944.95777643,0.0,0.0,0.0,0.0,9.657795906066896,,1.0187848806381226,0.0,0.0,,-0.5811057546410813,0.3511315299079192
4804,ALG,453454.142822909,5678944.45380311,0.0,0.0,0.0,0.0,1.1411112546920776,,1.017623782157898,0.0,0.0,,-0.1847224555485287,0.5918319808566673
4805,ALG,453454.613253949,5678943.93610367,0.0,0.0,0.0,0.0,3.778956651687622,,1.035702347755432,0.0,0.0,,0.0911861947810585,-0.0261808339525516
4806,ALG,453455.058075099,5678943.35832539,0.0,0.0,0.0,0.0,4.811301231384277,,1.0083450078964231,0.0,0.0,,-0.2456703921106384,0.3181723440092492
4807,ALG,453455.520736999,5678942.69076143,0.0,0.0,0.0,0.0,5.46320104598999,,1.0120081901550293,0.0,0.0,,-0.0473557291168298,0.7177535610348293
4808,ALG,453455.964862589,5678942.23061428,0.0,0.0,0.0,0.0,1.555266261100769,,1.001672863960266,0.0,0.0,,-0.7796451720052744,-0.2926696982872427
4809,ALG,453456.451402209,5678941.9160973,0.0,0.0,0.0,0.0,1.8951005935668943,,1.0063618421554563,0.0,0.0,,-0.3211401077397771,0.2033822811322308
4810,ALG,453456.765713743,5678941.45407289,0.0,0.0,0.0,0.0,4.72212553024292,,1.006487250328064,0.0,0.0,,-0.1796696967848362,0.9157977676189571
4811,ALG,453456.978399386,5678940.61412695,0.0,0.0,0.0,0.0,3.995183944702149,,1.0035873651504517,0.0,0.0,,-0.3945222890426156,0.6402545020280264
4812,ALG,453457.302283996,5678939.99679175,0.0,0.0,0.0,0.0,1.6276051998138428,,1.0028629302978516,0.0,0.0,,-0.0517666186831045,-0.056780886818586
4813,ALG,453457.738351626,5678939.43560807,0.0,0.0,0.0,0.0,2.354745626449585,,1.0185664892196655,0.0,0.0,,-0.4053641804876537,0.4521154660564087
4814,ALG,453458.088088698,5678938.83729171,0.0,0.0,0.0,0.0,5.479923248291016,,1.0057578086853027,0.0,0.0,,-0.1939827301271943,0.9323604129228226
4815,ALG,453458.213013513,5678938.2021338,0.0,0.0,0.0,0.0,1.7381497621536257,,1.001940131187439,0.0,0.0,,-0.4105674145390259,0.8040090923482565
4816,ALG,453457.991625785,5678937.58601419,0.0,0.0,0.0,0.0,1.3375245332717896,,1.0021677017211914,0.0,0.0,,-0.1222326643122058,0.8833140518724255
4817,ALG,453457.691971889,5678937.03268859,0.0,0.0,0.0,0.0,0.9116181135177612,,1.001128315925598,0.0,0.0,,0.1274511284448445,0.6338613037887678
4818,ALG,453457.331203772,5678936.56889282,0.0,0.0,0.0,0.0,9.313272476196287,,1.0498474836349487,0.0,0.0,,0.2648602138226696,0.667420050326807
4819,ALG,453456.918113901,5678936.17137372,0.0,0.0,0.0,0.0,1.7252442836761477,,1.0304526090621948,0.0,0.0,,-0.0242441946829043,-0.0353350746440002
4820,ALG,453456.513744373,5678935.76280849,0.0,0.0,0.0,0.0,2.237064838409424,,1.0073436498641968,0.0,0.0,,-0.1631049480588577,-0.4648693790961712
4821,ALG,453456.057053082,5678935.42051993,0.0,0.0,0.0,0.0,1.8245079517364504,,1.003970980644226,0.0,0.0,,-0.2301283321790637,0.6514739953880966
4822,ALG,453455.704349375,5678935.05665077,0.0,0.0,0.0,0.0,2.8871240615844727,,1.0048906803131104,0.0,0.0,,0.3054051333510583,0.9191794022645642
4823,ALG,453455.438356653,5678934.66555006,0.0,0.0,0.0,0.0,4.257851123809815,,1.007953405380249,0.0,0.0,,0.0866605805566855,0.8882803840691019
4824,ALG,453455.284645348,5678934.31395498,0.0,0.0,0.0,0.0,8.447630882263184,,1.0129882097244265,0.0,0.0,,-0.3367546272671538,0.8975653595713485
4825,ALG,453455.260616673,5678933.98643169,0.0,0.0,0.0,0.0,7.567634582519531,,1.0107334852218628,0.0,0.0,,-0.4109742368028277,0.8709584770551065
4826,ALG,453454.751564377,5678933.71707811,0.0,0.0,0.0,0.0,4.361777305603027,,1.0054181814193726,0.0,0.0,,-0.6919354430594161,0.6047631454471851
4827,ALG,453453.757101397,5678933.5713681,0.0,0.0,0.0,0.0,9.622983932495115,,1.015990138053894,0.0,0.0,,-0.6000068707147063,0.7326916942227554
4828,ALG,453453.005658746,5678933.31056924,0.0,0.0,0.0,0.0,3.330136775970459,,1.0038217306137085,0.0,0.0,,-0.6527088032360981,0.2231447040816455
4829,ALG,453452.471757878,5678932.85240823,0.0,0.0,0.0,0.0,3.710508823394776,,1.0103917121887207,0.0,0.0,,0.2077441124564699,0.7889320550249391
4830,ALG,453452.067467481,5678932.43052602,0.0,0.0,0.0,0.0,17.76028060913086,,1.1959271430969238,0.0,0.0,,0.7609383456738937,0.5776717692263815
4831,ALG,453451.577666897,5678931.83279505,1.0,0.0,562.0,0.0,45.07849884033203,,1.5877102613449097,562.0,0.0,,0.4710022592056043,0.7565014778533756
4832,ALG,453451.139794523,5678931.23537108,1.0,0.0,562.0,0.0,33.30854415893555,,1.470295786857605,562.0,0.0,,0.451983832664579,0.6873231145831658
4833,ALG,453450.962599585,5678930.46414517,1.0,0.0,562.0,0.0,25.599285125732425,,1.1665464639663696,562.0,0.0,,0.3326473788959806,0.8881308693219019
4834,ALG,453450.898296187,5678929.62922026,1.0,0.0,562.0,0.0,34.61638641357422,,1.4717551469802856,562.0,0.0,,-0.4227094864684225,0.8728864143071613
4835,ALG,453450.608065469,5678928.94610737,1.0,0.0,562.0,0.0,31.615373611450195,,1.1832040548324585,562.0,0.0,,-0.8616862558119548,0.4603304853196042
4836,ALG,453450.135843609,5678928.30297979,1.0,0.0,562.0,0.0,43.89950942993164,,1.5665514469146729,562.0,0.0,,-0.9546677413564796,0.1632979594752552
4837,ALG,453449.663989266,5678927.59770741,0.0,0.0,0.0,0.0,20.590478897094727,,1.2448965311050415,0.0,0.0,,-0.4536293411402451,-0.4125298013771161
4838,ALG,453449.269712223,5678926.9461625,0.0,0.0,0.0,0.0,3.526632070541382,,1.0034180879592896,0.0,0.0,,0.8081673167698057,0.2191814181006916
4839,ALG,453448.89279711,5678926.2858421,0.0,0.0,0.0,0.0,56.1717529296875,,2.1632637977600098,0.0,0.0,,0.8636607433150291,0.2177112542533484
4840,ALG,453448.550710769,5678925.59021508,1.0,0.0,562.0,0.0,53.79888534545898,,1.748382568359375,562.0,0.0,,0.3359532214209251,-0.90684185162437
4841,ALG,453448.208499816,5678924.91567287,0.0,0.0,0.0,0.0,59.78120803833008,,2.1037158966064453,0.0,0.0,,0.1477827891255911,-0.9816477037330834
4842,ALG,453447.633235871,5678924.13432475,0.0,0.0,0.0,0.0,34.25648880004883,,1.2940330505371094,0.0,0.0,,0.2308037275536424,-0.9341959340549448
4843,ALG,453447.006339236,5678923.30273177,0.0,0.0,0.0,0.0,43.58580780029297,,1.5659340620040894,0.0,0.0,,0.8616377036258319,0.4234248219970556
4844,ALG,453446.174617691,5678921.98163013,0.0,-1.0,0.0,1362.0,53.78641891479492,,3.590110540390014,1362.0,0.0,,-0.166681251166333,-0.7714936701845826
4845,ALG,453445.250372319,5678920.20719636,0.0,0.0,0.0,0.0,27.382116317749023,,1.526160717010498,0.0,0.0,,0.050081902507562,0.3063885965300091
4846,ALG,453444.371166,5678918.1345015,0.0,0.0,0.0,0.0,64.79678344726562,,2.4371135234832764,0.0,0.0,,0.2879695596101728,0.9495086367781534
4847,ALG,453444.094086144,5678916.69127575,0.0,0.0,0.0,0.0,31.199438095092773,,1.1979070901870728,0.0,0.0,,0.0644834982317692,0.991018514938467
4848,ALG,453444.325794634,5678915.56179342,1.0,0.0,562.0,0.0,53.465797424316406,,1.7291404008865356,562.0,0.0,,0.9375313256692236,0.2277343101079627
4849,ALG,453444.42465778,5678914.94312808,1.0,0.0,562.0,0.0,38.66888427734375,,1.3172335624694824,562.0,0.0,,0.950152604028444,0.2469351219580116
4850,ALG,453444.366673736,5678914.50331748,1.0,0.0,562.0,0.0,26.741106033325195,,1.1507192850112915,562.0,0.0,,0.8533827250121023,0.436357505329416
4851,ALG,453444.377343028,5678914.16268212,1.0,0.0,562.0,0.0,25.903152465820312,,1.1199973821640017,562.0,0.0,,0.9456752212062298,0.3095673692550986
4852,ALG,453444.447984719,5678913.92560973,1.0,0.0,562.0,0.0,28.35915946960449,,1.1491007804870603,562.0,0.0,,0.9608973335343666,0.2669414038673386
4853,ALG,453444.544544489,5678913.69645897,2.0,0.0,562.0,0.0,27.22356605529785,,1.1631264686584473,562.0,0.0,,0.9308137967233656,0.3123057662475873
4854,ALG,453444.701188213,5678913.55200579,2.0,0.0,562.0,0.0,23.599483489990234,,1.2066248655319214,562.0,0.0,,0.6349383515614869,0.6712122262179357
4855,ALG,453444.892161878,5678913.45658536,2.0,0.0,562.0,0.0,19.77676010131836,,1.1172332763671875,562.0,0.0,,0.4512850080712517,0.7859073236525177
4856,ALG,453445.109178295,5678913.34800172,2.0,0.0,562.0,0.0,22.212820053100582,,1.1562612056732178,562.0,0.0,,0.2396995032248439,0.9269379604397464
4857,ALG,453445.352486825,5678913.1840852,2.0,0.0,562.0,0.0,25.930849075317383,,1.1876120567321775,562.0,0.0,,0.0904352224949114,0.9369599673366156
4858,ALG,453445.457373119,5678913.01047201,1.0,0.0,562.0,0.0,14.459712028503418,,1.1529089212417605,562.0,0.0,,-0.1772901875640443,0.968380603941782
4859,ALG,453445.484249265,5678912.85637333,1.0,0.0,562.0,0.0,25.815086364746094,,1.5019056797027588,562.0,0.0,,-0.2607670373641546,0.937617756068604
4860,ALG,453445.511112285,5678912.70449411,1.0,0.0,562.0,0.0,25.815086364746094,,1.5019056797027588,562.0,0.0,,-0.2607670373641546,0.937617756068604
4861,ALG,453445.746179527,5678912.47061353,1.0,0.0,562.0,0.0,68.81771087646484,,3.337967872619629,562.0,0.0,,-0.4355738702194991,0.881346349966706
4862,ALG,453446.137293281,5678912.193265,0.0,0.0,0.0,0.0,10.77899169921875,,1.574928641319275,0.0,0.0,,0.1538243699486068,0.007437834291109
4863,ALG,453446.503046705,5678911.81366793,0.0,0.0,0.0,0.0,31.55609130859375,,1.1895653009414673,0.0,0.0,,-0.1812755483309913,-0.8918592158503551
4864,ALG,453446.808584883,5678911.37156783,0.0,0.0,0.0,0.0,26.260404586791992,,1.1681476831436155,0.0,0.0,,-0.7866092380451896,-0.400018578182735
4865,ALG,453447.105665217,5678910.8961247,0.0,0.0,0.0,0.0,55.21433639526367,,1.8710510730743408,0.0,0.0,,-0.8191048554068147,0.2681145615691942
4866,ALG,453447.333750964,5678910.37921222,-1.0,0.0,562.0,0.0,33.18397903442383,,1.428273320198059,562.0,0.0,,0.3962716719966292,0.3329980249721139
4867,ALG,453447.786923634,5678909.852533,-1.0,0.0,562.0,0.0,18.14318084716797,,1.3084111213684082,562.0,0.0,,-0.2443635555580407,0.0569655443265346
4868,ALG,453448.308828315,5678909.41171222,-1.0,0.0,562.0,0.0,41.94434356689453,,1.6467053890228271,562.0,0.0,,-0.8051263373580363,-0.2877540957555068
4869,ALG,453448.855902976,5678909.10532203,-1.0,0.0,562.0,0.0,14.37889575958252,,1.0743720531463623,562.0,0.0,,-0.9370815509251884,0.0483838032147246
4870,ALG,453449.66194171,5678908.91476899,-1.0,0.0,562.0,0.0,8.586155891418457,,1.0965975522994995,562.0,0.0,,0.0585535703075437,0.0930546760926146
4871,ALG,453450.554317094,5678908.76023889,-1.0,0.0,562.0,0.0,62.7056884765625,,2.2945024967193604,562.0,0.0,,0.4687632431024438,-0.7794660897006508
4872,ALG,453451.309904056,5678908.31968981,0.0,0.0,0.0,0.0,27.35358238220215,,1.1310646533966064,0.0,0.0,,-0.3155142551466535,-0.9341938003634548
4873,ALG,453451.884084169,5678907.82036023,1.0,0.0,562.0,0.0,19.382049560546875,,1.0811253786087036,562.0,0.0,,-0.9761431079549951,0.0702059090109356
4874,ALG,453452.61385788,5678907.35413378,0.0,0.0,0.0,0.0,43.24281692504883,,1.7451828718185425,0.0,0.0,,-0.9485824373534474,0.2767054192686062
4875,ALG,453453.430420895,5678906.847359,-1.0,0.0,562.0,0.0,29.474308013916016,,1.2275928258895874,562.0,0.0,,-0.4095858179872225,0.6209304273067623
4876,ALG,453454.187562446,5678906.14380408,0.0,0.0,0.0,0.0,59.12515258789063,,2.021127700805664,0.0,0.0,,0.6462812851342458,-0.7215597780040509
4877,ALG,453454.815034838,5678905.41395783,1.0,1.0,562.0,1363.0,26.76763916015625,,1.1930311918258667,1474.3178083439134,766006.0,,-0.5585155697299801,-0.6592288820948026
4878,ALG,453455.382305014,5678904.61938914,0.0,0.0,0.0,0.0,58.69294738769531,,1.998094081878662,0.0,0.0,,-0.9138758916943114,-0.3387646571611375
4879,ALG,453455.733556297,5678903.76472566,-1.0,0.0,562.0,0.0,49.67147064208984,,2.060795545578003,562.0,0.0,,0.5724595596183875,-0.1723012812033998
4880,ALG,453456.03283363,5678902.91752326,0.0,1.0,0.0,1363.0,56.16614532470703,,2.071524381637573,1363.0,0.0,,0.0343222800093007,0.8858508844428113
4881,ALG,453456.609584797,5678901.98317989,-1.0,-1.0,562.0,1362.0,52.99928283691406,,1.982097029685974,1473.3933622763475,765444.0,,0.5317149630507382,0.3016831554646765
4882,ALG,453457.203402402,5678901.08999876,-1.0,0.0,562.0,0.0,57.91579055786133,,1.947002649307251,562.0,0.0,,0.1289518821544895,0.9491102775391176
4883,ALG,453457.753329916,5678900.3008762,-2.0,0.0,562.0,0.0,10.053685188293455,,1.115905523300171,562.0,0.0,,0.2427278956036158,0.2866670120196814
4884,ALG,453458.312023504,5678899.49293939,-1.0,0.0,562.0,0.0,63.89240646362305,,2.529366970062256,562.0,0.0,,0.3745314817745315,-0.8896539451781155
4885,ALG,453458.905932578,5678898.58422194,0.0,0.0,0.0,0.0,59.77008819580078,,2.272865533828736,0.0,0.0,,-0.1611485776643562,-0.963568207360552
4886,ALG,453459.533581064,5678897.82441266,0.0,1.0,0.0,1363.0,42.33930587768555,,1.5410875082015991,1363.0,0.0,,-0.7570544842684183,-0.402614755653237
4887,ALG,453460.117884008,5678897.07655453,-1.0,-1.0,562.0,1362.0,61.86319351196289,,2.373199224472046,1473.3933622763475,765444.0,,-0.3417169263351929,-0.1583225543465495
4888,ALG,453460.52885765,5678896.36762335,1.0,1.0,562.0,1363.0,43.9556884765625,,1.595063090324402,1474.3178083439134,766006.0,,0.7849295822691505,-0.2396133804501519
4889,ALG,453460.992716879,5678895.4969788,0.0,0.0,0.0,0.0,73.29481506347656,,4.037197589874268,0.0,0.0,,-0.8014947187355553,0.2364667861343124
4890,ALG,453461.490571416,5678894.73196304,0.0,0.0,0.0,0.0,48.25428009033203,,1.8017646074295044,0.0,0.0,,-0.1768136612916325,-0.5546855421017655
4891,ALG,453461.971241194,5678893.9457601,-2.0,-1.0,562.0,1362.0,27.48394775390625,,3.550833225250244,1473.3933622763475,765444.0,,-0.1042010974128482,0.1952012399474587
4892,ALG,453462.418381212,5678892.97513761,-1.0,0.0,562.0,0.0,35.24262237548828,,1.2333269119262695,562.0,0.0,,0.6169056991678433,-0.4105423008116686
4893,ALG,453462.839091439,5678892.08315232,-1.0,0.0,562.0,0.0,24.40204429626465,,1.1432485580444336,562.0,0.0,,0.315874530382008,-0.5721708140314972
4894,ALG,453463.06094807,5678891.1555888,0.0,0.0,0.0,0.0,14.998658180236816,,1.122738242149353,0.0,0.0,,0.2649247778497614,-0.1255737588987369
4895,ALG,453463.289878419,5678890.49552092,-1.0,-1.0,562.0,1362.0,46.51424407958984,,1.976532340049744,1473.3933622763475,765444.0,,-0.569775012179461,0.0949530252862529
4896,ALG,453463.545067845,5678889.78566873,-1.0,0.0,562.0,0.0,35.69692611694336,,1.6111314296722412,562.0,0.0,,-0.2649392632001088,-0.2934315006857984
4897,ALG,453463.843766589,5678889.03612211,0.0,0.0,0.0,0.0,33.97738265991211,,2.6158525943756104,0.0,0.0,,0.7656939057830613,-0.3323706998103389
4898,ALG,453464.072985432,5678888.32722617,0.0,0.0,0.0,0.0,28.033246994018555,,1.1525719165802002,0.0,0.0,,-0.0490956107918925,-0.8250608246179955
4899,ALG,453464.414465319,5678887.66116493,1.0,0.0,562.0,0.0,28.66206741333008,,1.1626689434051514,562.0,0.0,,-0.5144365603313951,-0.8258130580123684
4900,ALG,453464.764645708,5678886.98738673,1.0,0.0,562.0,0.0,29.387496948242188,,1.1752535104751587,562.0,0.0,,-0.4405327997477073,-0.8666961691544638
4901,ALG,453465.063147452,5678886.27113191,1.0,1.0,562.0,1363.0,43.99113082885742,,1.5865949392318726,1474.3178083439134,766006.0,,-0.8000071318337746,0.1404134825755736
4902,ALG,453465.327214246,5678885.52360007,-1.0,0.0,562.0,0.0,46.6534538269043,,1.741093993186951,562.0,0.0,,-0.3207489666514877,0.0653407693112602
4903,ALG,453465.521997967,5678884.78342707,0.0,0.0,0.0,0.0,25.501117706298828,,1.296331524848938,0.0,0.0,,0.6932208905947507,0.3702978648913487
4904,ALG,453465.820322461,5678884.09713488,0.0,0.0,0.0,0.0,51.50020599365234,,1.6533643007278442,0.0,0.0,,0.8461430367427701,-0.4981037549563112
4905,ALG,453466.179117856,5678883.43006614,1.0,1.0,562.0,1363.0,26.059734344482425,,1.1951512098312378,1474.3178083439134,766006.0,,0.3058803618491442,0.2458542603925521
4906,ALG,453466.572990883,5678882.68552103,0.0,0.0,0.0,0.0,57.02217864990234,,2.8623878955841064,0.0,0.0,,-0.3255428764212323,0.7745697625867543
4907,ALG,453466.931261419,5678882.10723052,-1.0,-1.0,562.0,1362.0,74.17890167236328,,4.897067546844482,1473.3933622763475,765444.0,,0.3327584472049751,0.8205048637135667
4908,ALG,453466.810909857,5678881.96890806,0.0,0.0,0.0,0.0,56.24397277832031,,3.001049518585205,0.0,0.0,,0.3809162229012426,0.667365521320438
4909,ALG,453466.664640307,5678881.82266405,0.0,0.0,0.0,0.0,58.1920051574707,,2.563738346099853,0.0,0.0,,0.7931992288366602,0.412872008121163
4910,ALG,453466.509624297,5678881.69190506,1.0,0.0,562.0,0.0,48.48233795166016,,1.8924113512039185,562.0,0.0,,0.6709775533076704,0.0843948279087261
4911,ALG,453466.739360878,5678880.89534051,1.0,1.0,562.0,1363.0,15.364168167114258,,1.152308464050293,1474.3178083439134,766006.0,,0.6339421626984972,-0.5081238444713537
4912,ALG,453467.266962469,5678879.49016468,1.0,0.0,562.0,0.0,32.41444778442383,,1.2023578882217407,562.0,0.0,,-0.8635778555572493,0.3986031821607922
4913,ALG,453467.470407063,5678878.74893305,1.0,0.0,562.0,0.0,62.06076049804688,,2.222551107406616,562.0,0.0,,-0.5883505733109521,0.7342112121472221
4914,ALG,453467.622081245,5678877.98076102,0.0,0.0,0.0,0.0,15.586905479431152,,1.338715434074402,0.0,0.0,,0.3224448339707335,0.1961759704623876
4915,ALG,453467.816976084,5678877.22172258,1.0,0.0,562.0,0.0,29.349613189697266,,1.1957156658172607,562.0,0.0,,0.9024789046084984,0.054086994373407
4916,ALG,453467.9512688,5678876.46565524,1.0,0.0,562.0,0.0,26.41436767578125,,1.139589548110962,562.0,0.0,,0.5523108745023976,0.7875643960700162
4917,ALG,453468.094065262,5678875.73516281,1.0,0.0,562.0,0.0,36.40940475463867,,1.2620068788528442,562.0,0.0,,-0.0179659409314669,0.9656805165106752
4918,ALG,453468.35792155,5678875.02314216,1.0,0.0,562.0,0.0,44.299278259277344,,1.4013354778289795,562.0,0.0,,-0.3727001940616197,0.9248833921768924
4919,ALG,453468.699905555,5678874.27163165,-1.0,-1.0,562.0,1362.0,46.27246475219727,,1.5616143941879272,1473.3933622763475,765444.0,,-0.4895596963883717,0.523971450279887
4920,ALG,453468.95519238,5678873.54513336,-1.0,0.0,562.0,0.0,28.378337860107425,,1.1952437162399292,562.0,0.0,,0.7841301677676963,-0.0903232854549787
4921,ALG,453469.167350326,5678872.79396528,0.0,0.0,0.0,0.0,30.42503547668457,,1.5445553064346311,0.0,0.0,,-0.7520621930092123,-0.3952937184416487
4922,ALG,453469.293021015,5678872.03229813,-1.0,0.0,562.0,0.0,37.64971923828125,,1.4766899347305298,562.0,0.0,,0.326961378262424,0.5079509943217521
4923,ALG,453469.496379972,5678871.30549291,0.0,0.0,0.0,0.0,41.2608757019043,,1.4449706077575684,0.0,0.0,,0.3775164670249744,0.8845727463611311
4924,ALG,453469.760098255,5678870.61677651,-1.0,0.0,562.0,0.0,47.72568893432617,,1.5950874090194702,562.0,0.0,,-0.3488612225272335,0.6772835828243627
4925,ALG,453470.075672082,5678869.94057401,-1.0,0.0,562.0,0.0,39.56640625,,1.378525972366333,562.0,0.0,,0.6078881357009175,-0.307374541738911
4926,ALG,453470.43469605,5678869.23466458,0.0,0.0,0.0,0.0,16.073144912719727,,1.0662294626235962,0.0,0.0,,0.5218621678609247,0.3163169395726178
4927,ALG,453470.732671941,5678868.60718779,0.0,0.0,0.0,0.0,35.56932830810547,,1.2471867799758911,0.0,0.0,,-0.551159353884837,0.7938261694277831
4928,ALG,453471.082523044,5678867.98889572,-1.0,0.0,562.0,0.0,18.905786514282227,,1.1410033702850342,562.0,0.0,,-0.7790051511631993,0.3265990946411318
4929,ALG,453471.423896549,5678867.34058982,-1.0,0.0,562.0,0.0,22.429168701171875,,1.376617431640625,562.0,0.0,,0.2556679783240734,0.5276895959766984
4930,ALG,453471.791043657,5678866.72461946,0.0,0.0,0.0,0.0,62.12882995605469,,2.1908278465271,0.0,0.0,,0.9350355304581044,-0.0342027927404292
4931,ALG,453472.097365722,5678866.149351,1.0,1.0,562.0,1363.0,31.301719665527344,,1.2867183685302734,1474.3178083439134,766006.0,,0.3606354425462061,-0.314116047784108
4932,ALG,453472.334319632,5678865.5958679,0.0,0.0,0.0,0.0,25.37178421020508,,1.1642098426818848,0.0,0.0,,-0.8676573228136307,0.2692512855640958
4933,ALG,453472.519647495,5678864.99103041,0.0,0.0,0.0,0.0,24.818330764770508,,1.1655025482177734,0.0,0.0,,-0.3853519684222607,0.6907419415360979
4934,ALG,453472.739095358,5678864.47073685,0.0,0.0,0.0,0.0,39.21324157714844,,1.3795210123062134,0.0,0.0,,0.4552244873469144,0.8413736238680665
4935,ALG,453473.070692488,5678864.01214325,0.0,0.0,0.0,0.0,36.1468505859375,,1.5836750268936155,0.0,0.0,,0.3028260198311097,0.8840708732505408
4936,ALG,453473.454381231,5678863.52611332,0.0,0.0,0.0,0.0,17.008150100708008,,1.2142541408538818,0.0,0.0,,0.0504636385991259,0.3516818485096467
4937,ALG,453473.838358486,5678862.99125532,0.0,0.0,0.0,0.0,14.78878688812256,,1.5473129749298096,0.0,0.0,,0.744125412741599,-0.215321204139357
4938,ALG,453474.265110343,5678862.54099239,0.0,0.0,0.0,0.0,40.98662567138672,,1.6135716438293457,0.0,0.0,,0.5485977542982423,-0.2333262280146139
4939,ALG,453474.588216645,5678862.05460438,0.0,0.0,0.0,0.0,46.0176010131836,,1.797634840011597,0.0,0.0,,-0.0917523799092411,-0.5138249204449911
4940,ALG,453474.799462188,5678861.45768837,0.0,0.0,0.0,0.0,25.80154800415039,,1.4190754890441897,0.0,0.0,,-0.2088399300688039,-0.3111652911024679
4941,ALG,453475.019119661,5678860.90188344,0.0,0.0,0.0,0.0,15.665885925292969,,1.207167387008667,0.0,0.0,,0.2439867051341698,0.2008216945385635
4942,ALG,453475.247221864,5678860.38164095,0.0,0.0,0.0,0.0,39.40099334716797,,1.417707920074463,0.0,0.0,,-0.1771466815913717,0.7216419806355331
4943,ALG,453476.265856019,5678860.82934785,0.0,0.0,0.0,0.0,16.543222427368164,,1.061152696609497,0.0,0.0,,-0.817845011397711,0.000446318698917
4944,ALG,453478.518321367,5678863.38846381,-1.0,0.0,562.0,0.0,38.46918869018555,,1.668285250663757,562.0,0.0,,0.8783746074311023,-0.2440778046430631
4945,ALG,453480.120702764,5678864.64642022,0.0,0.0,0.0,0.0,61.26377487182617,,2.152637004852295,0.0,0.0,,0.1566601557050461,-0.9822979126227058
4946,ALG,453480.323758905,5678863.97066222,1.0,0.0,562.0,0.0,41.48259353637695,,1.3988765478134155,562.0,0.0,,-0.2952649439392167,-0.6402954585158596
4947,ALG,453480.492826053,5678863.18816575,1.0,0.0,562.0,0.0,13.861589431762695,,3.0176644325256348,562.0,0.0,,0.3247409045312431,0.1067774158258754
4948,ALG,453480.677818811,5678862.63992421,0.0,-1.0,0.0,1362.0,53.11885833740234,,3.562202453613281,1362.0,0.0,,0.4493123270978363,-0.2068481415200602
4949,ALG,453480.938840816,5678862.40730573,1.0,1.0,562.0,1363.0,53.37398910522461,,1.9415934085845947,1474.3178083439134,766006.0,,0.6892027733726104,-0.1405737468364591
4950,ALG,453481.158025762,5678861.93140106,1.0,1.0,562.0,1363.0,14.63933277130127,,1.2039793729782104,1474.3178083439134,766006.0,,0.412485934239547,0.3168880121954162
4951,ALG,453481.335531013,5678861.18557675,1.0,0.0,562.0,0.0,23.669214248657227,,1.1176400184631348,562.0,0.0,,-0.2301489849542216,0.6106412547799996
4952,ALG,453481.556191261,5678860.45998322,1.0,0.0,562.0,0.0,43.04562377929688,,1.4059672355651855,562.0,0.0,,0.0595374348185694,0.9901256544311896
4953,ALG,453481.776864582,5678859.73217024,1.0,0.0,562.0,0.0,62.31608963012695,,2.5664565563201904,562.0,0.0,,-0.3854446139634717,0.7858011904065818
4954,ALG,453482.066453452,5678859.05914302,-1.0,-1.0,562.0,1362.0,31.82235717773437,,1.6578410863876345,1473.3933622763475,765444.0,,-0.3094438000236947,0.2263417348776172
4955,ALG,453482.355170186,5678858.53370966,-1.0,-1.0,562.0,1362.0,43.83042144775391,,2.0572454929351807,1473.3933622763475,765444.0,,0.741715119781939,-0.0801930336696838
4956,ALG,453482.590215065,5678858.30315717,-1.0,0.0,562.0,0.0,23.600141525268555,,1.4208394289016724,562.0,0.0,,0.0976229371480374,-0.2251177144759123
4957,ALG,453483.122421363,5678857.58273371,-1.0,0.0,562.0,0.0,47.06480407714844,,1.840617656707764,562.0,0.0,,0.146878049153165,0.2323377552980477
4958,ALG,453483.926441423,5678856.26797137,-1.0,0.0,562.0,0.0,26.37676239013672,,1.194942831993103,562.0,0.0,,-0.747267177065032,-0.6215999172680525
4959,ALG,453484.58073645,5678855.39179204,-1.0,0.0,562.0,0.0,13.93925666809082,,1.5171740055084229,562.0,0.0,,0.0435970740244331,-0.1027771803815106
4960,ALG,453484.626435474,5678854.98144827,0.0,0.0,0.0,0.0,52.434417724609375,,1.9134026765823364,0.0,0.0,,0.721828393206002,-0.5478967766758057
4961,ALG,453484.715558322,5678854.54583643,0.0,0.0,0.0,0.0,35.78227996826172,,1.3694250583648682,0.0,0.0,,-0.2189115910234178,-0.6497666913434902
4962,ALG,453484.839430713,5678854.08823455,0.0,0.0,0.0,0.0,31.937864303588867,,1.312037706375122,0.0,0.0,,-0.1345958699243419,-0.777296734939878
4963,ALG,453484.972121611,5678853.60294061,0.0,0.0,0.0,0.0,15.2015962600708,,1.224138855934143,0.0,0.0,,-0.1531066637558458,-0.2133197159820728
4964,ALG,453485.191666694,5678853.06600078,0.0,0.0,0.0,0.0,32.08966064453125,,1.2089440822601318,0.0,0.0,,-0.577000883755154,-0.3906850617069515
4965,ALG,453485.436670697,5678852.61466342,0.0,0.0,0.0,0.0,34.434688568115234,,1.313901424407959,0.0,0.0,,-0.8571011584831032,-0.3817802965494395
4966,ALG,453485.673964217,5678852.00347405,0.0,0.0,0.0,0.0,14.071149826049805,,1.2152323722839355,0.0,0.0,,-0.520870217932064,-0.1681135773225703
4967,ALG,453485.955029011,5678851.308201,0.0,0.0,0.0,0.0,62.77063751220703,,2.651294469833374,0.0,0.0,,-0.143849610556641,-0.7097361644348256
4968,ALG,453486.261100308,5678850.77510165,-1.0,-1.0,562.0,1362.0,64.83811950683594,,2.9442474842071533,1473.3933622763475,765444.0,,-0.5634609408249686,-0.4461098420955094
4969,ALG,453486.496466108,5678850.49017236,-1.0,-1.0,562.0,1362.0,46.76922607421875,,2.3147103786468506,1473.3933622763475,765444.0,,-0.1565650660722519,-0.381298854598403
4970,ALG,453486.705802527,5678850.21618695,-1.0,-1.0,562.0,1362.0,37.89690017700195,,1.815391182899475,1473.3933622763475,765444.0,,0.210337586186585,-0.1137397972010825
4971,ALG,453486.854720641,5678849.91410039,0.0,0.0,0.0,0.0,54.739723205566406,,2.001654624938965,0.0,0.0,,0.7127221560761269,0.287820799305349
4972,ALG,453486.977556929,5678849.63183555,0.0,0.0,0.0,0.0,44.6215705871582,,1.945423603057861,0.0,0.0,,0.7543722869478483,0.5646904613331649
4973,ALG,453487.169820137,5678849.31779764,0.0,0.0,0.0,0.0,56.372066497802734,,1.9364652633666992,0.0,0.0,,0.4067891341989988,0.7582422691196099
4974,ALG,453487.345062612,5678848.95482942,0.0,0.0,0.0,0.0,49.34764862060547,,2.3865132331848145,0.0,0.0,,0.2732930939981022,0.8454222083146972
4975,ALG,453487.633896648,5678848.40942075,0.0,0.0,0.0,0.0,44.93108367919922,,1.4954986572265625,0.0,0.0,,0.1091411667314641,0.9403679477634832
4976,ALG,453487.992767295,5678847.72903427,0.0,0.0,0.0,0.0,13.484735488891602,,1.294156193733215,0.0,0.0,,-0.1020900239740869,-0.4597759243101862
4977,ALG,453488.30826655,5678847.06503805,0.0,0.0,0.0,0.0,19.29679298400879,,1.6094509363174438,0.0,0.0,,-0.6347766131613853,-0.435130803927954
4978,ALG,453488.614803017,5678846.45314791,0.0,0.0,0.0,0.0,32.85252380371094,,1.2479486465454102,0.0,0.0,,0.4617880986830544,-0.5347276832152831
4979,ALG,453488.903997462,5678845.84670414,1.0,0.0,562.0,0.0,59.75273895263672,,2.489859104156494,562.0,0.0,,0.2699221258091689,-0.942045364944685
4980,ALG,453489.011124122,5678845.29356331,1.0,0.0,562.0,0.0,46.24926376342773,,1.55259907245636,562.0,0.0,,-0.0539260907350121,-0.9394322937968184
4981,ALG,453489.057478475,5678844.77224669,0.0,0.0,0.0,0.0,65.37869262695312,,2.591411590576172,0.0,0.0,,-0.3569431217258942,-0.9162207204349796
4982,ALG,453489.155865285,5678844.23348119,0.0,0.0,0.0,0.0,53.53343200683594,,1.8572052717208865,0.0,0.0,,-0.4417681131671057,-0.8233418789203312
4983,ALG,453489.23678555,5678843.72124691,0.0,0.0,0.0,0.0,8.50327205657959,,1.4469363689422607,0.0,0.0,,0.0410025614633471,0.0262441973013646
4984,ALG,453489.248285489,5678843.23967598,0.0,0.0,0.0,0.0,39.14911651611328,,1.381706476211548,0.0,0.0,,-0.2403500826408298,0.6221935294727762
4985,ALG,453489.277225737,5678842.73601275,0.0,0.0,0.0,0.0,47.9720458984375,,1.645026683807373,0.0,0.0,,-0.6215994117430594,0.4198709146579419
4986,ALG,453489.37573052,5678842.17727214,0.0,0.0,0.0,0.0,37.95547866821289,,1.3864679336547852,0.0,0.0,,0.2936533670532036,-0.6407146908874432
4987,ALG,453489.534705972,5678841.63775482,0.0,0.0,0.0,0.0,33.10315704345703,,1.296381592750549,0.0,0.0,,0.0717017178751394,-0.986845490543227
4988,ALG,453489.773093719,5678840.84124071,0.0,0.0,0.0,0.0,27.813121795654297,,1.249290108680725,0.0,0.0,,-0.55755676740976,-0.7296230631138351
4989,ALG,453489.86287174,5678840.29465597,0.0,0.0,0.0,0.0,22.054140090942383,,1.4147993326187134,0.0,0.0,,-0.479878170374195,-0.4203324883584921
4990,ALG,453489.995699788,5678839.78605764,-1.0,0.0,562.0,0.0,16.337947845458984,,1.190849781036377,562.0,0.0,,-0.4051051207921443,0.1653207083997536
4991,ALG,453490.457690643,5678839.23057416,0.0,0.0,0.0,0.0,54.96116638183594,,1.9183827638626096,0.0,0.0,,0.6214420090756718,-0.076461235046122
4992,ALG,453491.014757338,5678838.69673791,0.0,0.0,0.0,0.0,19.351993560791016,,1.2543516159057615,0.0,0.0,,0.4364027300327526,-0.517379471889066
4993,ALG,453491.571771516,5678838.17177943,1.0,0.0,562.0,0.0,39.83365631103516,,1.3758959770202637,562.0,0.0,,-0.0854333556517551,-0.9680521189898792
4994,ALG,453491.905156179,5678837.41022923,1.0,0.0,562.0,0.0,23.87265396118164,,1.1397254467010498,562.0,0.0,,0.1926888645405946,-0.9734818440440928
4995,ALG,453492.264766763,5678836.60444327,1.0,0.0,562.0,0.0,55.74093246459961,,2.7372360229492188,562.0,0.0,,-0.6770171892783751,-0.0315558624534234
4996,ALG,453492.433524071,5678835.87410375,1.0,0.0,562.0,0.0,66.65032196044922,,3.845881938934326,562.0,0.0,,0.2531764884282816,0.7133984012917209
4997,ALG,453492.636309679,5678835.24384428,1.0,0.0,562.0,0.0,17.45243263244629,,1.137201189994812,562.0,0.0,,-0.0341481207021317,0.7489612933372829
4998,ALG,453492.908318811,5678834.61621327,0.0,0.0,0.0,0.0,47.991512298583984,,1.587610363960266,0.0,0.0,,-0.6705227130312764,0.5985039587231036
4999,ALG,453493.26686717,5678833.99020323,0.0,0.0,0.0,0.0,29.949350357055664,,1.6370439529418943,0.0,0.0,,0.0697627418041992,-0.0339266709884467
5000,ALG,453493.617324664,5678833.26870542,0.0,0.0,0.0,0.0,5.704275131225586,,1.0732537508010864,0.0,0.0,,-0.2394874935488608,0.3186607146354661
5001,ALG,453493.88027919,5678832.70871668,0.0,0.0,0.0,0.0,11.70725154876709,,1.173315405845642,0.0,0.0,,0.0711059544236836,-0.3495637741893771
5002,ALG,453494.047672739,5678832.2092006,0.0,0.0,0.0,0.0,36.96088790893555,,1.6230615377426147,0.0,0.0,,-0.1559243575963152,-0.8267823001890141
5003,ALG,453494.137325823,5678831.68370065,0.0,0.0,0.0,0.0,59.920684814453125,,2.2037675380706787,0.0,0.0,,-0.4057319730273719,-0.6126733940868953
5004,ALG,453494.148950015,5678831.18104488,0.0,0.0,0.0,0.0,47.13362503051758,,1.6632062196731567,0.0,0.0,,0.6752999941889343,-0.6420504340959843
5005,ALG,453494.203289889,5678830.77297162,0.0,0.0,0.0,0.0,43.14011001586914,,1.3984241485595703,0.0,0.0,,0.7206207038326237,-0.6770742490655812
5006,ALG,453494.222959003,5678830.3735717,0.0,0.0,0.0,0.0,16.972349166870117,,1.1402732133865356,0.0,0.0,,0.3794236283949783,-0.8544646658862677
5007,ALG,453494.826516388,5678829.29511421,0.0,0.0,0.0,0.0,47.63856887817383,,2.074143648147583,0.0,0.0,,0.045957759853701,-0.9057463155549392
5008,ALG,453495.440675103,5678827.88711851,0.0,0.0,0.0,0.0,35.0465087890625,,1.3927416801452637,0.0,0.0,,-0.8165449472459129,0.1637883505937614
5009,ALG,453496.011986814,5678826.40673481,-1.0,0.0,562.0,0.0,21.578081130981445,,1.375354528427124,562.0,0.0,,0.5251552324036604,0.2372579317929266
5010,ALG,453496.464384518,5678826.00989099,0.0,0.0,0.0,0.0,6.95240592956543,,1.155988335609436,0.0,0.0,,-0.2585693887574705,-0.0420488507614333
5011,ALG,453496.863196309,5678825.89350168,0.0,0.0,0.0,0.0,36.22417831420898,,1.4809422492980957,0.0,0.0,,-0.6206116920139233,-0.4274563846657063
5012,ALG,453497.106815712,5678825.67631662,-1.0,0.0,562.0,0.0,41.51357650756836,,1.4682468175888062,562.0,0.0,,-0.7342636906557131,-0.2621536089319344
5013,ALG,453497.315987241,5678825.43007413,-1.0,0.0,562.0,0.0,31.28667259216309,,1.306944489479065,562.0,0.0,,-0.4535721131755128,-0.4688404580188004
5014,ALG,453497.456610445,5678825.06690119,-1.0,0.0,562.0,0.0,20.59210777282715,,1.5336166620254517,562.0,0.0,,0.1133467998674283,-0.7409411472497126
5015,ALG,453497.536749956,5678824.68672448,-1.0,0.0,562.0,0.0,17.265657424926758,,1.6087359189987185,562.0,0.0,,0.0215630425934458,-0.4436714628662216
5016,ALG,453497.572987322,5678824.41282608,-1.0,0.0,562.0,0.0,27.861085891723636,,1.5088815689086914,562.0,0.0,,-0.3029295170082582,-0.114844570725354
5017,ALG,453497.56586661,5678824.15309855,-1.0,0.0,562.0,0.0,33.122108459472656,,1.2971869707107544,562.0,0.0,,-0.4302634870667046,0.1344682323520409
5018,ALG,453497.541403987,5678823.89881741,-1.0,0.0,562.0,0.0,34.89680480957031,,1.4597660303115845,562.0,0.0,,-0.0009052024708065,0.3711595285231459
5019,ALG,453497.5507075,5678823.78900543,-1.0,0.0,562.0,0.0,51.77199935913086,,1.8338956832885744,562.0,0.0,,0.2913212585021881,0.6521258882110467
5020,ALG,453497.551245008,5678823.69800771,-1.0,0.0,562.0,0.0,51.77199935913086,,1.8338956832885744,562.0,0.0,,0.2913212585021881,0.6521258882110467
5021,ALG,453497.620442249,5678823.70507505,-1.0,0.0,562.0,0.0,51.77199935913086,,1.8338956832885744,562.0,0.0,,0.2913212585021881,0.6521258882110467
5022,ALG,453497.715550762,5678823.72117358,-1.0,-1.0,562.0,1362.0,15.767762184143066,,1.3469678163528442,1473.3933622763475,765444.0,,-0.0862093821586617,0.214314741894226
5023,FMAT,453854.289144631,5678637.40316759,0.0,0.0,0.0,0.0,7.035720348358154,,1.0084760189056396,0.0,0.0,,0.8780767016206042,-0.3919958124932988
5024,FMAT,453854.242806323,5678636.44960647,0.0,0.0,0.0,0.0,4.289538383483887,,1.0056227445602417,0.0,0.0,,0.9803763483433228,-0.104119776284312
5025,FMAT,453854.213815779,5678635.48948845,0.0,0.0,0.0,0.0,3.416185140609741,,1.0116394758224487,0.0,0.0,,0.6785690039953148,-0.0756802595895808
5026,FMAT,453854.176170887,5678634.52931969,0.0,0.0,0.0,0.0,2.469909191131592,,1.0213817358016968,0.0,0.0,,0.7608155122004979,-0.0004848209575765
5027,FMAT,453854.138395902,5678633.59134549,0.0,0.0,0.0,0.0,5.10358190536499,,1.0158014297485352,0.0,0.0,,0.6127728365188027,0.2213751850010792
5028,FMAT,453854.091680348,5678632.70214862,0.0,0.0,0.0,0.0,10.358457565307615,,1.050858736038208,0.0,0.0,,0.4219860504486387,0.4219802834310069
5029,FMAT,453854.09737883,5678631.73002649,0.0,0.0,0.0,0.0,6.712719917297363,,1.039602518081665,0.0,0.0,,0.2452896035346848,-0.2878109030048042
5030,FMAT,453854.120190871,5678630.79129768,0.0,0.0,0.0,0.0,3.8286168575286874,,1.0155558586120603,0.0,0.0,,0.2886459440594563,-0.6102608889273947
5031,FMAT,453854.01360392,5678629.78078529,0.0,0.0,0.0,0.0,11.603814125061035,,1.034393548965454,0.0,0.0,,0.8631503771361686,0.2516625811307556
5032,FMAT,453853.846254377,5678628.80099017,0.0,0.0,0.0,0.0,6.313450336456299,,1.0243107080459597,0.0,0.0,,0.4022545671901872,-0.8020636763431866
5033,FMAT,453853.661570154,5678627.82553249,0.0,0.0,0.0,0.0,9.063401222229004,,1.0567114353179932,0.0,0.0,,-0.4695965648692086,-0.6057506264804239
5034,FMAT,453853.536503668,5678627.01466974,0.0,0.0,0.0,0.0,10.23640251159668,,1.0201115608215332,0.0,0.0,,0.8508500029759158,0.4198962955396368
5035,FMAT,453853.395429552,5678625.98175983,0.0,0.0,0.0,0.0,8.26784896850586,,1.0305466651916504,0.0,0.0,,0.9462156353743196,-0.2346745766221994
5036,FMAT,453853.296215586,5678625.18991465,0.0,0.0,0.0,0.0,4.62907600402832,,1.0672521591186523,0.0,0.0,,0.3385586249507244,0.2539955885807748
5037,FMAT,453853.197307389,5678624.34591224,0.0,0.0,0.0,0.0,5.173734188079834,,1.0058200359344482,0.0,0.0,,0.7476019547585887,-0.3089811875490814
5038,FMAT,453853.09007013,5678623.44637266,0.0,0.0,0.0,0.0,1.2475121021270752,,1.0028473138809204,0.0,0.0,,0.5840000816968148,0.3955197666709364
5039,FMAT,453852.99977079,5678622.61018907,0.0,0.0,0.0,0.0,5.087918281555176,,1.0072731971740725,0.0,0.0,,0.9241488292661272,0.0016761546041759
5040,FMAT,453852.926780162,5678621.77410694,0.0,0.0,0.0,0.0,6.5727081298828125,,1.0430892705917358,0.0,0.0,,0.9277216686711705,-0.1704069818931886
5041,FMAT,453852.888328867,5678620.95154449,0.0,0.0,0.0,0.0,4.093616008758545,,1.0345913171768188,0.0,0.0,,0.1681825905234102,-0.0328417802802537
5042,FMAT,453852.884995869,5678620.04373586,0.0,0.0,0.0,0.0,4.644418716430664,,1.0341308116912842,0.0,0.0,,-0.3412267071274802,0.2614978319578132
5043,FMAT,453852.88917228,5678619.33129018,0.0,0.0,0.0,0.0,9.931415557861328,,1.0764704942703247,0.0,0.0,,0.766088661872094,-0.1539586477107113
5044,FMAT,453852.893634926,5678618.57001645,0.0,0.0,0.0,0.0,10.26860237121582,,1.0473275184631348,0.0,0.0,,0.8313548583325279,-0.3004016185956613
5045,FMAT,453852.872180083,5678617.80082242,0.0,0.0,0.0,0.0,7.129495143890381,,1.0245128870010376,0.0,0.0,,0.7511905823903425,-0.1200525285569926
5046,FMAT,453852.84166758,5678617.10038082,0.0,0.0,0.0,0.0,0.8079324960708618,,1.0096120834350586,0.0,0.0,,0.3927671912445887,0.3072905748846149
5047,FMAT,453852.793839893,5678616.40094748,0.0,0.0,0.0,0.0,2.948903560638428,,1.0084002017974854,0.0,0.0,,0.1711051465439756,0.2894169482073582
5048,FMAT,453852.746857914,5678615.55724944,0.0,0.0,0.0,0.0,5.495585441589356,,1.029022455215454,0.0,0.0,,-0.0702954890313817,-0.3111147436261763
5049,FMAT,453852.691559887,5678614.65579479,0.0,0.0,0.0,0.0,8.862324714660645,,1.0176262855529783,0.0,0.0,,0.8968856800384967,-0.3290976568126655
5050,FMAT,453852.584043109,5678613.80397351,0.0,0.0,0.0,0.0,8.37787914276123,,1.0199612379074097,0.0,0.0,,0.4610574683582115,-0.7878963660598827
5051,FMAT,453852.467631322,5678612.99316146,0.0,0.0,0.0,0.0,7.238275527954102,,1.0174626111984253,0.0,0.0,,0.414969542086205,-0.7425437064837767
5052,FMAT,453852.411383564,5678612.25372716,0.0,0.0,0.0,0.0,11.023641586303713,,1.0688844919204712,0.0,0.0,,0.4270380867970493,-0.4391276183551135
5053,FMAT,453852.363822677,5678611.50879494,0.0,0.0,0.0,0.0,2.12141489982605,,1.0297775268554688,0.0,0.0,,0.2023665023244959,-0.2686822751857277
5054,FMAT,453852.264856233,5678610.67478005,0.0,0.0,0.0,0.0,4.747896671295166,,1.005616307258606,0.0,0.0,,0.9401800706567252,-0.2090965568440524
5055,FMAT,453852.174134301,5678609.91072879,0.0,0.0,0.0,0.0,3.970950126647949,,1.0246609449386597,0.0,0.0,,0.3838711352532725,0.0637056280061022
5056,FMAT,453852.074829618,5678609.13441977,0.0,0.0,0.0,0.0,8.761096954345703,,1.0306127071380615,0.0,0.0,,0.3655317233958636,-0.8840327417035713
5057,FMAT,453851.923598967,5678608.35780635,0.0,0.0,0.0,0.0,3.587677478790283,,1.0145431756973269,0.0,0.0,,0.7534112145334607,-0.1610346657753434
5058,FMAT,453851.772238241,5678607.6033875,0.0,0.0,0.0,0.0,0.1366445124149322,,1.0411607027053833,0.0,0.0,,0.2188610920821694,-0.106083984887994
5059,FMAT,453851.646905586,5678606.83802356,0.0,0.0,0.0,0.0,2.9360382556915283,,1.0224642753601074,0.0,0.0,,-0.3004075929959345,-0.1053759055868155
5060,FMAT,453851.538992211,5678606.05389569,0.0,0.0,0.0,0.0,5.631228446960449,,1.0109305381774902,0.0,0.0,,0.4677597891011336,-0.8399650577331048
5061,FMAT,453851.440370729,5678605.16106517,0.0,0.0,0.0,0.0,2.2631685733795166,,1.008252739906311,0.0,0.0,,0.5860020875225701,-0.3640493360349301
5062,FMAT,453851.358628557,5678604.3415782,0.0,0.0,0.0,0.0,5.723004341125488,,1.0146963596343994,0.0,0.0,,0.9300124861419096,0.2328853321329892
5063,FMAT,453851.415004314,5678603.58282831,0.0,0.0,0.0,0.0,2.763242721557617,,1.0091904401779177,0.0,0.0,,-0.2234546232258009,0.4326956373694633
5064,FMAT,453851.470898654,5678602.90619833,0.0,0.0,0.0,0.0,0.7363846898078918,,1.0062518119812012,0.0,0.0,,0.0998149452976877,-0.4204530783244076
5065,FMAT,453851.535850653,5678602.16081591,0.0,0.0,0.0,0.0,5.798978805541992,,1.03162944316864,0.0,0.0,,0.3170438226806617,-0.4075367944588158
5066,FMAT,453851.540593192,5678601.35182383,0.0,0.0,0.0,0.0,11.236576080322266,,1.042532205581665,0.0,0.0,,0.3196450148495454,-0.6711100279870807
5067,FMAT,453851.527545678,5678600.6248502,0.0,0.0,0.0,0.0,4.97698974609375,,1.0342838764190674,0.0,0.0,,0.0233237056295874,0.0685646681310865
5068,FMAT,453851.488749883,5678599.86110331,0.0,0.0,0.0,0.0,11.064231872558594,,1.0271766185760498,0.0,0.0,,0.7486984528328229,0.4697864553933414
5069,FMAT,453851.432775567,5678599.07506039,0.0,0.0,0.0,0.0,6.0704121589660645,,1.0189790725708008,0.0,0.0,,0.5599440435020773,-0.0837677065914397
5070,FMAT,453851.325252669,5678598.2243488,0.0,0.0,0.0,0.0,3.389209747314453,,1.011287808418274,0.0,0.0,,0.5323801858437591,-0.0059120221795425
5071,FMAT,453851.191695278,5678597.38569202,0.0,0.0,0.0,0.0,8.056830406188965,,1.0372593402862549,0.0,0.0,,-0.032522717356718,-0.7162608174224351
5072,FMAT,453850.932883599,5678595.76835454,0.0,0.0,0.0,0.0,7.1842474937438965,,1.0120785236358645,0.0,0.0,,0.5636624509035089,-0.4081251503571863
5073,FMAT,453850.816348681,5678594.97862727,0.0,0.0,0.0,0.0,10.226737022399902,,1.0277328491210938,0.0,0.0,,0.3032833982538444,0.5450747258232826
5074,FMAT,453850.760029674,5678594.25139995,0.0,0.0,0.0,0.0,7.776642322540283,,1.0286498069763184,0.0,0.0,,0.4984254977421623,0.5120148092194332
5075,FMAT,453850.712579686,5678593.48760232,0.0,0.0,0.0,0.0,3.748268842697144,,1.012883186340332,0.0,0.0,,0.787679709336896,-0.2350282588501926
5076,FMAT,453850.587364491,5678592.70226323,0.0,0.0,0.0,0.0,14.474020957946776,,1.0443878173828125,0.0,0.0,,0.65682417073279,-0.6702478066787435
5077,FMAT,453850.479262777,5678591.95031746,0.0,0.0,0.0,0.0,3.941072225570679,,1.025641918182373,0.0,0.0,,0.0618398613871807,-0.560302082598569
5078,FMAT,453850.379808892,5678591.19953215,0.0,0.0,0.0,0.0,5.867946624755859,,1.0164421796798706,0.0,0.0,,0.4955946327349243,0.2844260860092339
5079,FMAT,453850.419617706,5678590.31417173,0.0,0.0,0.0,0.0,6.706664085388184,,1.0324692726135254,0.0,0.0,,0.4030614807703831,-0.2662399301433364
5080,FMAT,453850.485415468,5678589.4245246,0.0,0.0,0.0,0.0,2.80038857460022,,1.0362547636032104,0.0,0.0,,0.3531247995136695,-0.4738492010060456
5081,FMAT,453850.612326849,5678588.44423488,0.0,0.0,0.0,0.0,2.673457384109497,,1.031467318534851,0.0,0.0,,0.1286712417181654,0.1538211572436889
5082,FMAT,453850.721623815,5678587.51600092,0.0,0.0,0.0,0.0,9.073102951049805,,1.0444989204406738,0.0,0.0,,0.5052533495687647,-0.4292920501880959
5083,FMAT,453850.604965448,5678586.74735849,0.0,0.0,0.0,0.0,10.911785125732422,,1.038543939590454,0.0,0.0,,0.6643331417201548,-0.6427403009987418
5084,FMAT,453850.471206676,5678585.94310327,0.0,0.0,0.0,0.0,4.514500617980957,,1.016280174255371,0.0,0.0,,0.6341706294704084,-0.6089327978133386
5085,FMAT,453850.320275941,5678585.11544227,0.0,0.0,0.0,0.0,10.700282096862791,,1.0210988521575928,0.0,0.0,,0.5213901185919395,-0.7293111382194454
5086,FMAT,453850.159298703,5678584.52521244,0.0,0.0,0.0,0.0,8.473316192626953,,1.0143507719039917,0.0,0.0,,0.7898732585510007,-0.4845288097469364
5087,FMAT,453850.051607023,5678583.70335376,0.0,0.0,0.0,0.0,7.406680107116699,,1.0117948055267334,0.0,0.0,,0.6302987557368877,-0.6154780285719145
5088,FMAT,453849.90018194,5678582.96003212,0.0,0.0,0.0,0.0,7.387765407562256,,1.0517507791519165,0.0,0.0,,0.6053864429443173,0.2600554456977096
5089,FMAT,453849.653266796,5678582.26609016,0.0,0.0,0.0,0.0,1.7216604948043823,,1.027652621269226,0.0,0.0,,0.3128028473026036,-0.1968055899332822
5090,FMAT,453849.293299281,5678581.66470581,0.0,0.0,0.0,0.0,12.022278785705566,,1.0949395895004272,0.0,0.0,,0.336936002691423,0.1421553528779645
5091,FMAT,453848.863453327,5678581.17277868,0.0,0.0,0.0,0.0,7.20045804977417,,1.024502873420715,0.0,0.0,,-0.0613227709648066,-0.9258150691026032
5092,FMAT,453848.433438265,5678580.70970446,0.0,0.0,0.0,0.0,5.5940470695495605,,1.0100102424621582,0.0,0.0,,0.708759638156943,-0.2734793156859446
5093,FMAT,453847.925144189,5678580.31275729,0.0,0.0,0.0,0.0,0.5209688544273376,,1.0080875158309937,0.0,0.0,,0.5615117009958506,-0.6663342828353821
5094,FMAT,453847.355495829,5678580.04751261,0.0,0.0,0.0,0.0,5.585325241088867,,1.0097895860671997,0.0,0.0,,0.8366301312044772,-0.4187096558708387
5095,FMAT,453846.742042497,5678579.87301192,0.0,0.0,0.0,0.0,5.255789279937744,,1.0074048042297363,0.0,0.0,,0.9074676089492216,-0.2079761782629565
5096,FMAT,453846.128016632,5678579.79616731,0.0,0.0,0.0,0.0,7.654854774475098,,1.0319433212280271,0.0,0.0,,0.9382342096178636,-0.0888449413469949
5097,FMAT,453845.504464616,5678579.86797553,0.0,0.0,0.0,0.0,9.085110664367676,,1.027875900268555,0.0,0.0,,0.9478115187094222,-0.0411049602032581
5098,FMAT,453844.871757286,5678580.02518205,0.0,0.0,0.0,0.0,5.678793430328369,,1.0179972648620603,0.0,0.0,,0.8707983936700296,0.1195876673142746
5099,FMAT,453844.22144853,5678580.23222483,0.0,0.0,0.0,0.0,7.742231369018555,,1.0220420360565186,0.0,0.0,,0.7818336904211821,-0.4956988602849134
5100,FMAT,453843.483952574,5678580.54862324,0.0,0.0,0.0,0.0,15.580886840820312,,1.1193822622299194,0.0,0.0,,0.809828067616198,0.0568718488086079
5101,FMAT,453842.780904581,5678580.89407751,0.0,0.0,0.0,0.0,13.024813652038574,,1.0696715116500854,0.0,0.0,,0.687451615072905,-0.0019982343358311
5102,FMAT,453842.155881884,5678581.21668411,0.0,0.0,0.0,0.0,7.727485656738281,,1.0186153650283811,0.0,0.0,,0.8271959783080375,-0.3377681081688659
5103,FMAT,453841.47004477,5678581.57888568,0.0,0.0,0.0,0.0,6.326163768768311,,1.008973479270935,0.0,0.0,,0.3150600469709324,-0.6940186674550347
5104,FMAT,453840.7145372,5678582.01503303,0.0,0.0,0.0,0.0,5.983767509460449,,1.0224851369857788,0.0,0.0,,0.1535877167046955,-0.5273590115392627
5105,FMAT,453840.037217603,5678582.40058952,0.0,0.0,0.0,0.0,3.46174955368042,,1.0120621919631958,0.0,0.0,,0.1067292978807689,-0.4138244691658969
5106,FMAT,453839.333993593,5678582.77600615,0.0,0.0,0.0,0.0,5.542751789093018,,1.0187488794326782,0.0,0.0,,0.6104330843847137,-0.2370148196204226
5107,FMAT,453838.518055332,5678583.1862743,0.0,0.0,0.0,0.0,6.333484172821045,,1.0111775398254397,0.0,0.0,,0.6031262189709575,-0.6544228190875723
5108,FMAT,453837.858532195,5678583.48870246,0.0,0.0,0.0,0.0,7.291104793548584,,1.0094748735427856,0.0,0.0,,0.9319142704988684,-0.1713608884156149
5109,FMAT,453837.120983607,5678583.81397811,0.0,0.0,0.0,0.0,7.133777618408203,,1.0084947347640991,0.0,0.0,,0.9308150665184368,-0.2620638319790785
5110,FMAT,453836.383571623,5678584.11594939,0.0,0.0,0.0,0.0,8.281993865966797,,1.0352410078048706,0.0,0.0,,0.2780808232197078,0.5907272283220224
5111,FMAT,453835.620352851,5678584.39113487,0.0,0.0,0.0,0.0,3.103440523147583,,1.007391095161438,0.0,0.0,,-0.1158466384197169,-0.8401091442066645
5112,FMAT,453834.770434785,5678584.69244623,0.0,0.0,0.0,0.0,4.4248151779174805,,1.0147432088851929,0.0,0.0,,-0.2742886047873625,-0.1705554918215161
5113,FMAT,453834.0330031,5678584.99774648,0.0,0.0,0.0,0.0,9.14738655090332,,1.0313093662261963,0.0,0.0,,-0.1100514708499756,-0.5158781423541676
5114,FMAT,453833.269530342,5678585.31621114,0.0,0.0,0.0,0.0,8.690855979919434,,1.038441777229309,0.0,0.0,,0.4248570535227611,-0.1036983900842871
5115,FMAT,453832.488885581,5678585.61126992,0.0,0.0,0.0,0.0,1.895951509475708,,1.0219573974609375,0.0,0.0,,0.3936096861335872,-0.1839817664265041
5116,FMAT,453831.708188693,5678585.91520645,0.0,0.0,0.0,0.0,12.814495086669922,,1.07052743434906,0.0,0.0,,0.5021930297595489,-0.5332860433081561
5117,FMAT,453830.944748292,5678586.22812224,0.0,0.0,0.0,0.0,5.218810558319092,,1.016535997390747,0.0,0.0,,0.9164445893888096,-0.2654810518118351
5118,FMAT,453830.189721319,5678586.58214868,0.0,0.0,0.0,0.0,1.4655003547668457,,1.00224506855011,0.0,0.0,,0.54586706181846,-0.2623393236506733
5119,FMAT,453829.426092037,5678586.92724645,0.0,0.0,0.0,0.0,4.738186836242676,,1.0146291255950928,0.0,0.0,,0.7125430004383652,0.254453323848079
5120,FMAT,453828.680090234,5678587.21806897,0.0,0.0,0.0,0.0,3.792623519897461,,1.0098276138305664,0.0,0.0,,0.1171634218565604,-0.3768060104958216
5121,FMAT,453827.90802131,5678587.5264948,0.0,0.0,0.0,0.0,4.0210442543029785,,1.0080578327178955,0.0,0.0,,0.026840992947996,-0.757549356661862
5122,FMAT,453827.092492019,5678587.86684888,0.0,0.0,0.0,0.0,6.759208679199219,,1.0540467500686646,0.0,0.0,,-0.0429991306400309,-0.3601583926026067
5123,FMAT,453826.346184112,5678588.20982842,0.0,0.0,0.0,0.0,4.11702299118042,,1.0064889192581177,0.0,0.0,,0.4783509737347141,-0.8436678748480381
5124,FMAT,453825.599928213,5678588.54393006,0.0,0.0,0.0,0.0,2.8295934200286865,,1.0272690057754517,0.0,0.0,,0.2751291980516481,-0.6262698911445054
5125,FMAT,453824.844985391,5678588.88352952,0.0,0.0,0.0,0.0,2.6674976348876958,,1.0036803483963013,0.0,0.0,,-0.0461616142826652,0.2752718140985108
5126,FMAT,453824.090055524,5678589.22090944,0.0,0.0,0.0,0.0,5.126053810119629,,1.020524978637695,0.0,0.0,,0.0568505434978996,-0.3109131584915132
5127,FMAT,453823.257087076,5678589.58335616,0.0,0.0,0.0,0.0,9.770828247070312,,1.0266379117965698,0.0,0.0,,0.6874086329921508,-0.447011398469042
5128,FMAT,453822.484887507,5678589.91397603,0.0,0.0,0.0,0.0,2.070415735244751,,1.0072715282440186,0.0,0.0,,0.4402884857563244,0.3022758609452582
5129,FMAT,453821.773508914,5678590.20389124,0.0,0.0,0.0,0.0,4.892653465270996,,1.013170599937439,0.0,0.0,,0.3593734445458019,0.8737165443842955
5130,FMAT,453821.01882616,5678590.49910119,0.0,0.0,0.0,0.0,8.800544738769531,,1.0291905403137207,0.0,0.0,,0.6212207607673796,-0.5802302001156342
5131,FMAT,453820.26416288,5678590.79098187,0.0,0.0,0.0,0.0,5.260233879089356,,1.023067831993103,0.0,0.0,,0.1183943337060266,0.2211562095198593
5132,FMAT,453819.500793147,5678591.09168955,0.0,0.0,0.0,0.0,1.665940284729004,,1.016061305999756,0.0,0.0,,-0.3899462261648204,-0.1520555318282809
5133,FMAT,453818.745940957,5678591.41575222,0.0,0.0,0.0,0.0,8.060530662536621,,1.01527202129364,0.0,0.0,,0.8321912382560187,-0.4802259927978773
5134,FMAT,453817.947706461,5678591.75842636,0.0,0.0,0.0,0.0,4.657720565795898,,1.0069648027420044,0.0,0.0,,0.6527081048932295,-0.7259408243125369
5135,FMAT,453817.192834609,5678592.08581807,0.0,0.0,0.0,0.0,5.219022274017334,,1.0078569650650024,0.0,0.0,,0.8865798854208125,-0.0967545907430691
5136,FMAT,453816.489960192,5678592.40130732,0.0,0.0,0.0,0.0,4.37562370300293,,1.008330464363098,0.0,0.0,,0.3509836884989318,-0.7448852361766019
5137,FMAT,453815.682960501,5678592.76279584,0.0,0.0,0.0,0.0,3.2381820678710938,,1.0046029090881348,0.0,0.0,,0.7515496246062576,0.4048368836945419
5138,FMAT,453814.910844935,5678593.0789885,0.0,0.0,0.0,0.0,6.226108551025391,,1.007429599761963,0.0,0.0,,0.9492382038628286,0.2256095995518757
5139,FMAT,453814.234167667,5678593.35467966,0.0,0.0,0.0,0.0,5.946300029754639,,1.0153731107711792,0.0,0.0,,0.6285283224301739,0.1934330535413163
5140,FMAT,453813.39258958,5678593.70930646,0.0,0.0,0.0,0.0,1.318368911743164,,1.0033423900604248,0.0,0.0,,-0.5866919148474756,0.7757855088948388
5141,FMAT,453812.707147202,5678594.0038121,0.0,0.0,0.0,0.0,2.8492190837860107,,1.0029335021972656,0.0,0.0,,0.3252530119316087,-0.660046499542614
5142,FMAT,453811.865562459,5678594.35954847,0.0,0.0,0.0,0.0,11.417520523071287,,1.0264921188354492,0.0,0.0,,0.7997812314187461,0.4028488589216055
5143,FMAT,453811.162863428,5678594.64507459,0.0,0.0,0.0,0.0,7.349821090698242,,1.0390043258666992,0.0,0.0,,0.3156267093899299,0.2627625723538011
5144,FMAT,453810.434038605,5678594.95819152,0.0,0.0,0.0,0.0,3.360756158828736,,1.0089833736419678,0.0,0.0,,-0.1927722715218974,-0.6588291668853543
5145,FMAT,453809.618143127,5678595.36068859,0.0,0.0,0.0,0.0,12.501389503479004,,1.0338761806488037,0.0,0.0,,-0.5900643817749744,-0.2516385810652866
5146,FMAT,453808.993215568,5678595.66664665,0.0,0.0,0.0,0.0,4.020224094390869,,1.0286623239517212,0.0,0.0,,-0.3893317436443493,-0.3101643042882999
5147,FMAT,453808.23807598,5678596.03953637,0.0,0.0,0.0,0.0,0.769396960735321,,1.066353678703308,0.0,0.0,,0.12214475805446,0.1387615198188996
5148,FMAT,453807.526357685,5678596.38715619,0.0,0.0,0.0,0.0,20.295433044433597,,1.0874342918395996,0.0,0.0,,0.4742307619321703,-0.5893239653852315
5149,FMAT,453806.823423881,5678596.71263214,0.0,0.0,0.0,0.0,4.443111419677734,,1.00842547416687,0.0,0.0,,0.7204234909657301,-0.4686349213763048
5150,FMAT,453806.085989955,5678597.01792979,0.0,0.0,0.0,0.0,1.1676934957504272,,1.003958225250244,0.0,0.0,,0.5929142200164393,0.3464865951695864
5151,FMAT,453805.331292919,5678597.3153577,0.0,0.0,0.0,0.0,2.5930871963500977,,1.00457501411438,0.0,0.0,,-0.1079296957320656,0.300902278336002
5152,FMAT,453804.498609265,5678597.62897439,0.0,0.0,0.0,0.0,15.1920804977417,,1.0728703737258911,0.0,0.0,,0.5314595375347501,0.641021798244104
5153,FMAT,453803.839435243,5678597.87147437,0.0,0.0,0.0,0.0,5.406377792358398,,1.0219852924346924,0.0,0.0,,0.6131457341226935,0.3421186667472191
5154,FMAT,453802.972212335,5678598.17157102,0.0,0.0,0.0,0.0,8.303037643432617,,1.0209466218948364,0.0,0.0,,0.6686123578128753,0.3454143566240614
5155,FMAT,453802.261112295,5678598.41376614,0.0,0.0,0.0,0.0,10.295537948608398,,1.0674269199371338,0.0,0.0,,-0.1322089152471768,0.3781781738176046
5156,FMAT,453801.393843678,5678598.72163071,0.0,0.0,0.0,0.0,10.747846603393556,,1.0620813369750977,0.0,0.0,,-0.6552145431339547,-0.1730989943237456
5157,FMAT,453799.919098707,5678599.31114008,0.0,0.0,0.0,0.0,4.185609817504883,,1.0643614530563354,0.0,0.0,,0.1505636056619494,-0.2087124342791816
5158,FMAT,453799.068506783,5678599.72674965,0.0,0.0,0.0,0.0,6.595613956451416,,1.0345810651779177,0.0,0.0,,-0.3680357389026397,0.0802057778237165
5159,FMAT,453798.244314113,5678600.06815969,0.0,0.0,0.0,0.0,11.36069679260254,,1.141263723373413,0.0,0.0,,0.4678691034734724,-0.3004728578607719
5160,FMAT,453797.359808152,5678600.36371521,0.0,0.0,0.0,0.0,12.455029487609863,,1.053391695022583,0.0,0.0,,0.7953834786877847,0.452974596817854
5161,FMAT,453796.509860795,5678600.66946138,0.0,0.0,0.0,0.0,9.600459098815918,,1.0425606966018677,0.0,0.0,,0.2705125780480773,-0.8147494696359084
5162,FMAT,453795.789838948,5678600.957104,0.0,0.0,0.0,0.0,12.587912559509276,,1.0800395011901855,0.0,0.0,,0.1526711084985463,-0.3661904567433973
5163,FMAT,453795.04374335,5678601.26345955,0.0,0.0,0.0,0.0,4.558998107910156,,1.0518956184387207,0.0,0.0,,-0.0633708679116356,0.1004450470562362
5164,FMAT,453794.357999987,5678601.6090111,0.0,0.0,0.0,0.0,5.026331901550293,,1.0980470180511477,0.0,0.0,,0.4707043782420566,0.0709183715354943
5165,FMAT,453793.671956928,5678602.00561012,0.0,0.0,0.0,0.0,13.026734352111816,,1.2003445625305176,0.0,0.0,,0.681429502998181,-0.519645541570097
5166,FMAT,453792.969139284,5678602.31110973,0.0,0.0,0.0,0.0,11.806657791137695,,1.054831862449646,0.0,0.0,,0.5425446855108541,0.2222214372196226
5167,FMAT,453792.240899265,5678602.52434942,0.0,0.0,0.0,0.0,13.831424713134766,,1.0990967750549316,0.0,0.0,,0.3393755910651026,-0.7525719128427676
5168,FMAT,453791.503366506,5678602.84629164,0.0,0.0,0.0,0.0,2.5333168506622314,,1.0224320888519287,0.0,0.0,,-0.1781031218954647,0.0095088188604646
5169,FMAT,453790.826159916,5678603.2118688,0.0,0.0,0.0,0.0,8.128124237060547,,1.0184710025787354,0.0,0.0,,-0.7542575787770774,0.3067790612750694
5170,FMAT,453790.14939623,5678603.50198437,0.0,0.0,0.0,0.0,13.345989227294922,,1.0637255907058716,0.0,0.0,,-0.450625029588257,-0.5482592557582305
5171,FMAT,453789.438171526,5678603.76526318,0.0,0.0,0.0,0.0,3.4555344581604004,,1.009004831314087,0.0,0.0,,-0.1772653078348128,-0.6850010701915971
5172,FMAT,453788.726946776,5678604.02854193,0.0,0.0,0.0,0.0,3.1972436904907227,,1.0036107301712036,0.0,0.0,,-0.2328445830856741,0.6328936033356154
5173,FMAT,453788.03295246,5678604.30523897,0.0,0.0,0.0,0.0,5.226296424865723,,1.01936674118042,0.0,0.0,,0.0505778465848801,0.8121696042164115
5174,FMAT,453787.356149485,5678604.60201267,0.0,0.0,0.0,0.0,5.2570109367370605,,1.031584620475769,0.0,0.0,,0.3394454020838123,0.2151755155277825
5175,FMAT,453786.618596784,5678604.92728362,0.0,0.0,0.0,0.0,5.160029411315918,,1.0339140892028809,0.0,0.0,,-0.1928213523075833,0.4778990778073142
5176,FMAT,453785.881004929,5678605.25921286,0.0,0.0,0.0,0.0,5.165030956268311,,1.077472448348999,0.0,0.0,,-0.2974432971081512,0.2859422087060332
5177,FMAT,453785.169493266,5678605.57131935,0.0,0.0,0.0,0.0,3.808108568191528,,1.030893325805664,0.0,0.0,,-0.2662670357620031,0.3061475927928502
5178,FMAT,453784.449359793,5678605.87782633,0.0,0.0,0.0,0.0,8.273951530456543,,1.028227686882019,0.0,0.0,,-0.3359653286527849,0.8521255505089821
5179,FMAT,453783.64246797,5678606.22044619,0.0,0.0,0.0,0.0,4.0566277503967285,,1.0543920993804932,0.0,0.0,,0.0891149176990305,0.015231286816108
5180,FMAT,453782.905051778,5678606.52241249,0.0,0.0,0.0,0.0,4.537070274353027,,1.0830098390579224,0.0,0.0,,0.2330978776114231,0.215986413212182
5181,FMAT,453782.219809092,5678606.7825139,0.0,0.0,0.0,0.0,7.484876155853271,,1.0475915670394895,0.0,0.0,,0.3332796390236142,-0.6290760911204655
5182,FMAT,453781.474103321,5678607.02228446,0.0,0.0,0.0,0.0,1.020509123802185,,1.0262724161148071,0.0,0.0,,-0.4112360003078294,0.7532715909779428
5183,FMAT,453780.745882086,5678607.2321939,0.0,0.0,0.0,0.0,8.37158489227295,,1.0208927392959597,0.0,0.0,,-0.7017965611069048,0.4133341691119757
5184,FMAT,453780.03526919,5678607.39115739,0.0,0.0,0.0,0.0,4.822292804718018,,1.0324382781982422,0.0,0.0,,0.3113892065673325,0.1838753707876371
5185,FMAT,453779.255643151,5678607.51198354,0.0,0.0,0.0,0.0,3.176119089126587,,1.0059138536453247,0.0,0.0,,0.1359436129076127,0.0574197588985773
5186,FMAT,453778.571234278,5678607.63003938,0.0,0.0,0.0,0.0,5.639774322509766,,1.0157091617584229,0.0,0.0,,0.5308033685494519,0.2512783094871686
5187,FMAT,453777.781976472,5678607.91727385,0.0,0.0,0.0,0.0,8.012031555175781,,1.0184260606765747,0.0,0.0,,0.8308227670832088,0.1061419540915531
5188,FMAT,453776.940010691,5678608.33737076,0.0,0.0,0.0,0.0,9.848490715026855,,1.043626308441162,0.0,0.0,,0.7323671637573034,0.0420436686065754
5189,FMAT,453776.158957474,5678608.70122715,0.0,0.0,0.0,0.0,8.993380546569824,,1.0262800455093384,0.0,0.0,,0.630501517403198,-0.3301879514830326
5190,FMAT,453775.438732124,5678609.0232695,0.0,0.0,0.0,0.0,11.16713809967041,,1.0306555032730105,0.0,0.0,,0.4379448137861385,-0.6968224030092385
5191,FMAT,453774.770556525,5678609.32453186,0.0,0.0,0.0,0.0,2.1556856632232666,,1.0149340629577637,0.0,0.0,,-0.3746024740869116,-0.0342109613957928
5192,FMAT,453774.128382972,5678609.61928824,0.0,0.0,0.0,0.0,5.950809001922607,,1.0177797079086304,0.0,0.0,,-0.2545542389616175,-0.2669618661478186
5193,FMAT,453773.425127262,5678609.99913794,0.0,0.0,0.0,0.0,4.357135772705078,,1.0049948692321775,0.0,0.0,,-0.4581085684012629,0.8483604041190781
5194,FMAT,453772.791001891,5678610.39714979,0.0,0.0,0.0,0.0,2.0173628330230717,,1.0372997522354126,0.0,0.0,,0.2761081602302381,0.215132218514394
5195,FMAT,453772.191715358,5678610.7576341,0.0,0.0,0.0,0.0,5.6009440422058105,,1.0152702331542969,0.0,0.0,,0.4739885705923196,-0.6343455818926956
5196,FMAT,453771.523252746,5678611.10772424,0.0,0.0,0.0,0.0,1.5955779552459717,,1.0196356773376465,0.0,0.0,,-0.1898691584653566,0.3709657138697659
5197,FMAT,453770.75098367,5678611.44943634,0.0,0.0,0.0,0.0,2.8045833110809326,,1.0040864944458008,0.0,0.0,,0.2896764467814113,-0.2767911525488328
5198,FMAT,453770.065512043,5678611.7483772,0.0,0.0,0.0,0.0,3.648149013519287,,1.082289457321167,0.0,0.0,,0.0999766598697951,-0.2216999459372119
5199,FMAT,453769.354070839,5678612.04827525,0.0,0.0,0.0,0.0,5.268462181091309,,1.0061603784561155,0.0,0.0,,-0.0749161076742012,0.9587578327921528
5200,FMAT,453768.529295523,5678612.48844803,0.0,0.0,0.0,0.0,3.1965272426605225,,1.0130935907363892,0.0,0.0,,0.2180183561801602,0.2466284653185229
5201,FMAT,453767.730450537,5678612.93432185,0.0,0.0,0.0,0.0,8.572938919067383,,1.0348474979400637,0.0,0.0,,0.46541072929341,-0.1942126549251063
5202,FMAT,453766.992524729,5678613.32284549,0.0,0.0,0.0,0.0,4.974172115325928,,1.0330891609191897,0.0,0.0,,0.3482067006629767,-0.3204709937280744
5203,FMAT,453766.263318362,5678613.70032261,0.0,0.0,0.0,0.0,7.840310573577881,,1.0396718978881836,0.0,0.0,,0.0978969402781067,0.3394039756577671
5204,FMAT,453765.6730506,5678613.99871246,0.0,0.0,0.0,0.0,1.9116814136505127,,1.0240238904953003,0.0,0.0,,0.1120460096432909,-0.2127424574172327
5205,FMAT,453764.987865335,5678614.24882482,0.0,0.0,0.0,0.0,3.723324775695801,,1.0152361392974854,0.0,0.0,,0.0423327695469534,0.2832029493507557
5206,FMAT,453764.268186507,5678614.47764896,0.0,0.0,0.0,0.0,5.950818538665772,,1.027937889099121,0.0,0.0,,-0.5593379595750922,0.4016021143498753
5207,FMAT,453763.574359852,5678614.72549091,0.0,0.0,0.0,0.0,11.437122344970703,,1.0557478666305542,0.0,0.0,,-0.2827898491220776,-0.6838751528129241
5208,FMAT,453762.845765877,5678614.99865323,0.0,0.0,0.0,0.0,10.72617530822754,,1.0375977754592896,0.0,0.0,,0.6001578145757717,0.3492808867578021
5209,FMAT,453762.099869693,5678615.2706041,0.0,0.0,0.0,0.0,7.663136005401611,,1.0403891801834106,0.0,0.0,,0.5126604250277076,-0.5487924669899957
5210,FMAT,453761.388675552,5678615.52833175,0.0,0.0,0.0,0.0,4.640029430389404,,1.013147234916687,0.0,0.0,,0.2583100986587871,0.3209230547478698
5211,FMAT,453760.668813989,5678615.78822796,0.0,0.0,0.0,0.0,4.223274230957031,,1.0252026319503784,0.0,0.0,,0.3411753423417797,-0.0251119629011635
5212,FMAT,453759.940408847,5678616.02920789,0.0,0.0,0.0,0.0,7.47352933883667,,1.0304651260375977,0.0,0.0,,0.77259620411575,-0.0440296227187358
5213,FMAT,453759.203368878,5678616.26680772,0.0,0.0,0.0,0.0,2.773653030395508,,1.0252609252929688,0.0,0.0,,0.395272519323792,-0.2913767983267973
5214,FMAT,453758.431502901,5678616.53971546,0.0,0.0,0.0,0.0,4.508429050445557,,1.0187225341796875,0.0,0.0,,-0.0321120929434909,-0.3055268016796574
5215,FMAT,453757.720184665,5678616.81852762,0.0,0.0,0.0,0.0,7.882069110870361,,1.0374139547348022,0.0,0.0,,-0.4522925921198472,-0.4654103477184576
5216,FMAT,453756.956907734,5678617.10258334,0.0,0.0,0.0,0.0,9.48421859741211,,1.0318639278411863,0.0,0.0,,0.2377014386627716,0.3482614232112578
5217,FMAT,453756.236935052,5678617.38134453,0.0,0.0,0.0,0.0,4.758567810058594,,1.054296612739563,0.0,0.0,,0.314898068765658,0.0409177458485836
5218,FMAT,453755.516864534,5678617.67675159,0.0,0.0,0.0,0.0,10.971562385559082,,1.0614492893218994,0.0,0.0,,-0.0117595035542306,-0.5073728141320565
5219,FMAT,453754.840000478,5678617.98351006,0.0,0.0,0.0,0.0,9.67569351196289,,1.053264856338501,0.0,0.0,,-0.0133058582668547,0.5345122233485803
5220,FMAT,453754.180418984,5678618.29480908,0.0,0.0,0.0,0.0,9.19887638092041,,1.1282798051834106,0.0,0.0,,0.5514772639776938,0.0950155822256542
5221,FMAT,453753.564043957,5678618.61745953,0.0,0.0,0.0,0.0,6.887415409088135,,1.0306121110916138,0.0,0.0,,0.8311575807297924,0.0924205523698358
5222,FMAT,453752.904227655,5678618.96870866,0.0,0.0,0.0,0.0,3.848332405090332,,1.049244403839111,0.0,0.0,,0.4780752775227279,0.4012931967598344
5223,FMAT,453752.192941596,5678619.24197169,0.0,0.0,0.0,0.0,9.162108421325684,,1.0436865091323853,0.0,0.0,,-0.0561345318888398,-0.3555127363048743
5224,FMAT,453751.533848857,5678619.47004085,0.0,0.0,0.0,0.0,5.987521648406982,,1.0452852249145508,0.0,0.0,,-0.0713572095537686,0.2756751228390435
5225,FMAT,453750.857466948,5678619.69467907,0.0,0.0,0.0,0.0,9.00589656829834,,1.055164456367493,0.0,0.0,,0.1244403228611987,-0.544548890038172
5226,FMAT,453750.137813277,5678619.91906301,0.0,0.0,0.0,0.0,3.636460065841675,,1.0652858018875122,0.0,0.0,,0.2518178811256809,-0.4590334349227096
5227,FMAT,453749.409576937,5678620.13118903,0.0,0.0,0.0,0.0,1.4776828289031982,,1.008602499961853,0.0,0.0,,-0.5167581399257487,-0.0032753616113503
5228,FMAT,453748.715371139,5678620.44339393,0.0,0.0,0.0,0.0,5.848588943481445,,1.0450176000595093,0.0,0.0,,-0.2601422808906711,-0.9079810280880808
5229,FMAT,453747.404431197,5678621.13928381,0.0,0.0,0.0,0.0,5.7696733474731445,,1.0360934734344482,0.0,0.0,,-0.0144598855523221,-0.2560117017615432
5230,FMAT,453746.692342751,5678621.54904295,0.0,0.0,0.0,0.0,5.793454170227051,,1.0243395566940308,0.0,0.0,,0.3518503714985989,-0.3023920804872158
5231,FMAT,453745.876173854,5678621.99703232,0.0,0.0,0.0,0.0,4.776447772979736,,1.0950151681900024,0.0,0.0,,0.482139334988614,-0.0462789621576564
5232,FMAT,453745.216213469,5678622.37269484,0.0,0.0,0.0,0.0,9.009455680847168,,1.0423022508621216,0.0,0.0,,0.524484233045586,-0.45154714393172
5233,FMAT,453744.573705168,5678622.72404498,0.0,0.0,0.0,0.0,8.086204528808594,,1.0432759523391724,0.0,0.0,,0.5554566303610272,0.2776528375043304
5234,FMAT,453743.888062006,5678623.05183651,0.0,0.0,0.0,0.0,6.6578369140625,,1.0227434635162354,0.0,0.0,,0.0638421544961168,0.2897089036639654
5235,FMAT,453743.228531808,5678623.35425679,0.0,0.0,0.0,0.0,5.187419891357422,,1.0429649353027344,0.0,0.0,,-0.0266244837052755,0.1601153677875268
5236,FMAT,453742.55190153,5678623.62106399,0.0,0.0,0.0,0.0,6.926594734191895,,1.040453314781189,0.0,0.0,,0.3790401682376914,-0.4118976605525248
5237,FMAT,453741.840686411,5678623.88211907,0.0,0.0,0.0,0.0,1.7504210472106934,,1.028770923614502,0.0,0.0,,0.1775061269073849,-0.0833787487023816
5238,FMAT,453741.085945174,5678624.18619922,0.0,0.0,0.0,0.0,7.831731796264648,,1.074005126953125,0.0,0.0,,-0.3021763587515955,0.3373892001287814
5239,FMAT,453740.39200605,5678624.45290452,0.0,0.0,0.0,0.0,6.413743019104004,,1.02858567237854,0.0,0.0,,-0.3641388910235887,0.0698149119283465
5240,FMAT,453739.724114702,5678624.70533587,0.0,0.0,0.0,0.0,3.247537136077881,,1.045741319656372,0.0,0.0,,0.6887533030200538,-0.2587917000000204
5241,FMAT,453739.11688202,5678624.94480641,0.0,0.0,0.0,0.0,4.938399314880371,,1.0370452404022217,0.0,0.0,,0.095063898296788,0.421545825139995
5242,FMAT,453738.466234075,5678625.20843665,0.0,0.0,0.0,0.0,9.836495399475098,,1.0662543773651123,0.0,0.0,,0.1037455781805152,0.8249044332964166
5243,FMAT,453737.737670844,5678625.47604801,0.0,0.0,0.0,0.0,5.297952175140381,,1.0351208448410034,0.0,0.0,,0.9250318670854072,-0.0512270164615965
5244,FMAT,453737.052411923,5678625.73836497,0.0,0.0,0.0,0.0,7.721185684204102,,1.0807400941848757,0.0,0.0,,-0.0505944851205542,0.2037813426749661
5245,FMAT,453736.358472521,5678626.00506992,0.0,0.0,0.0,0.0,9.819331169128418,,1.0248945951461792,0.0,0.0,,0.8717673212403337,0.1873648431030969
5246,FMAT,453735.647243931,5678626.2683439,0.0,0.0,0.0,0.0,3.822022199630737,,1.009428858757019,0.0,0.0,,0.3971432521709049,0.6171916904602002
5247,FMAT,453734.94461747,5678626.54054651,0.0,0.0,0.0,0.0,6.44386100769043,,1.0143797397613523,0.0,0.0,,0.4239639755816325,0.5872168919724269
5248,FMAT,453734.302343157,5678626.85194559,0.0,0.0,0.0,0.0,16.6387882232666,,1.0953506231307983,0.0,0.0,,0.454730008479675,0.6770000942792094
5249,FMAT,453733.694653593,5678627.16909672,0.0,0.0,0.0,0.0,7.601242065429687,,1.06905198097229,0.0,0.0,,0.1476273555609728,0.8262752104727725
5250,FMAT,453733.052613977,5678627.44054547,0.0,0.0,0.0,0.0,1.877140045166016,,1.0189265012741089,0.0,0.0,,0.1906256974675207,0.6631606508768388
5251,FMAT,453732.393226473,5678627.71855082,0.0,0.0,0.0,0.0,14.459554672241213,,1.0670804977416992,0.0,0.0,,-0.6079190635186701,0.7134895802966023
5252,FMAT,453731.664264932,5678628.05385506,0.0,0.0,0.0,0.0,14.01192855834961,,1.0403950214385986,0.0,0.0,,0.4858712586119374,-0.4555149377481456
5253,FMAT,453730.996007729,5678628.36843046,0.0,0.0,0.0,0.0,10.94007968902588,,1.041015625,0.0,0.0,,0.2279168547137949,0.9343796487599284
5254,FMAT,453730.371224448,5678628.64885856,0.0,0.0,0.0,0.0,6.839117527008057,,1.054020881652832,0.0,0.0,,0.6336511454915553,0.4023093710634497
5255,FMAT,453729.807217287,5678628.89635083,0.0,0.0,0.0,0.0,5.174509048461914,,1.0612014532089231,0.0,0.0,,-0.0635634894528652,0.4824568785169688
5256,FMAT,453729.182486102,5678629.167901,0.0,0.0,0.0,0.0,11.896838188171388,,1.0845941305160522,0.0,0.0,,-0.1108779405193679,-0.2784699356887217
5257,FMAT,453728.462380848,5678629.46885424,0.0,0.0,0.0,0.0,2.0812113285064697,,1.02905011177063,0.0,0.0,,-0.0495288742387938,0.1018805816864481
5258,FMAT,453727.803071286,5678629.73354246,0.0,0.0,0.0,0.0,0.7245028018951416,,1.0286736488342283,0.0,0.0,,0.3945116707109519,0.0826052249901318
5259,FMAT,453727.092102983,5678629.95242653,0.0,0.0,0.0,0.0,0.5804837942123413,,1.0450447797775269,0.0,0.0,,0.0887335120576171,0.2280762669205937
5260,FMAT,453726.355112868,5678630.18114548,0.0,0.0,0.0,0.0,12.05626392364502,,1.076501488685608,0.0,0.0,,-0.4592256378322583,0.3117106511658893
5261,FMAT,453725.609200898,5678630.45531236,0.0,0.0,0.0,0.0,7.157200813293457,,1.0747581720352173,0.0,0.0,,-0.4964019655250188,-0.4650180342672191
5262,FMAT,453724.871936707,5678630.73063977,0.0,0.0,0.0,0.0,4.829133033752441,,1.0468497276306152,0.0,0.0,,0.0941789053313344,-0.6320396051318983
5263,FMAT,453724.152013796,5678631.00052021,0.0,0.0,0.0,0.0,5.0718770027160645,,1.122128963470459,0.0,0.0,,0.022951973543289,-0.0440039093460242
5264,FMAT,453723.49259958,5678631.28296373,0.0,0.0,0.0,0.0,8.586204528808594,,1.0309603214263916,0.0,0.0,,-0.8175557540100433,0.0787563214791942
5265,FMAT,453722.824439625,5678631.58089251,0.0,0.0,0.0,0.0,15.79098415374756,,1.0735297203063965,0.0,0.0,,-0.356038480954417,-0.1103333402421245
5266,FMAT,453722.103949001,5678631.94731915,0.0,0.0,0.0,0.0,12.116485595703123,,1.037995457649231,0.0,0.0,,0.933672500601118,-0.189578085025817
5267,FMAT,453721.444143199,5678632.29634621,0.0,0.0,0.0,0.0,12.530913352966309,,1.0531864166259766,0.0,0.0,,0.2912915482958872,0.7934658184356648
5268,FMAT,453720.715141613,5678632.63830782,0.0,0.0,0.0,0.0,8.808789253234863,,1.0911238193511963,0.0,0.0,,-0.1496493291229217,-0.1325744317048315
5269,FMAT,453719.812556945,5678633.06359116,0.0,0.0,0.0,0.0,4.26693868637085,,1.0720397233963013,0.0,0.0,,-0.2243285920463043,-0.2595062033393602
5270,FMAT,453719.01407894,5678633.44620554,0.0,0.0,0.0,0.0,11.623735427856444,,1.0617769956588743,0.0,0.0,,0.4455774918653842,-0.2790275136127583
5271,FMAT,453718.225057701,5678633.69237411,0.0,0.0,0.0,0.0,3.715057134628296,,1.0125652551651,0.0,0.0,,0.7079987773836608,0.171193057582123
5272,FMAT,453717.444723397,5678633.93304484,0.0,0.0,0.0,0.0,1.4969793558120728,,1.0487958192825315,0.0,0.0,,0.0118132436006086,0.1251161366040383
5273,FMAT,453716.750697768,5678634.21417454,0.0,0.0,0.0,0.0,6.562988758087158,,1.033916473388672,0.0,0.0,,0.0975221008158703,-0.1490365984518341
5274,FMAT,453716.022035072,5678634.49842984,0.0,0.0,0.0,0.0,6.369196891784668,,1.0318464040756226,0.0,0.0,,-0.1865897799513689,-0.0648939540809862
5275,FMAT,453715.250093989,5678634.78354037,0.0,0.0,0.0,0.0,3.832357883453369,,1.0221312046051023,0.0,0.0,,-0.4725479986949706,0.2113405641937092
5276,FMAT,453714.504142035,5678635.06436458,0.0,0.0,0.0,0.0,5.807490348815918,,1.031571865081787,0.0,0.0,,0.2005794076833684,0.2126150247000251
5277,FMAT,453713.766798715,5678635.35300769,0.0,0.0,0.0,0.0,4.985856056213379,,1.0776870250701904,0.0,0.0,,0.2062487934801329,-0.5664287625753782
5278,FMAT,453713.003479201,5678635.64371754,0.0,0.0,0.0,0.0,4.143944263458252,,1.0433191061019895,0.0,0.0,,-0.4343388421625495,-0.1281357019540235
5279,FMAT,453712.257455308,5678635.93674854,0.0,0.0,0.0,0.0,11.031283378601074,,1.0278935432434082,0.0,0.0,,0.0583406657964219,-0.7378073064104314
5280,FMAT,453711.511222551,5678636.26529079,0.0,0.0,0.0,0.0,4.774119377136231,,1.0231870412826538,0.0,0.0,,0.0248636350627738,0.3894741742059327
5281,FMAT,453710.808385528,5678636.57300257,0.0,0.0,0.0,0.0,4.990029335021973,,1.014657497406006,0.0,0.0,,0.5292160562635871,-0.3223067542876698
5282,FMAT,453710.157298448,5678636.91098229,0.0,0.0,0.0,0.0,3.738665819168091,,1.0440008640289309,0.0,0.0,,0.2673262968426009,-0.325502160886739
5283,FMAT,453709.367310799,5678637.32138979,0.0,0.0,0.0,0.0,4.409605026245117,,1.0201209783554075,0.0,0.0,,-0.2771073915795725,-0.0589289783549941
5284,FMAT,453708.603723377,5678637.65759808,0.0,0.0,0.0,0.0,4.649811744689941,,1.019565463066101,0.0,0.0,,0.6437165178208694,-0.1016526867878079
5285,FMAT,453707.840201148,5678637.98270902,0.0,0.0,0.0,0.0,7.78325891494751,,1.025085210800171,0.0,0.0,,0.7881306863109926,0.471833144245361
5286,FMAT,453707.085431108,5678638.29122484,0.0,0.0,0.0,0.0,10.495156288146973,,1.0204728841781616,0.0,0.0,,0.8165925393099522,0.3595257864747976
5287,FMAT,453706.313293542,5678638.60962636,0.0,0.0,0.0,0.0,7.806781768798828,,1.1022051572799685,0.0,0.0,,0.772475364303646,-0.1642361740626845
5288,FMAT,453705.593062533,5678638.93166236,0.0,0.0,0.0,0.0,15.661849975585938,,1.0508118867874146,0.0,0.0,,0.6511662054584049,0.2348360007922012
5289,FMAT,453704.993294296,5678639.37315177,0.0,0.0,0.0,0.0,3.970151662826538,,1.0285876989364624,0.0,0.0,,0.6176878505412665,0.2252135497685947
5290,FMAT,453704.35020195,5678639.82326448,0.0,0.0,0.0,0.0,4.15109920501709,,1.0238865613937378,0.0,0.0,,0.2255850076829312,0.6038425806215427
5291,FMAT,453703.707944896,5678640.1313319,0.0,0.0,0.0,0.0,8.208389282226562,,1.0737335681915283,0.0,0.0,,0.6211771451562179,0.5783254544138338
5292,FMAT,453703.048359477,5678640.44262665,0.0,0.0,0.0,0.0,0.5806476473808289,,1.0913357734680176,0.0,0.0,,0.1380381324937631,-0.0840516700470872
5293,FMAT,453702.336808634,5678640.76027434,0.0,0.0,0.0,0.0,8.25516414642334,,1.0397000312805176,0.0,0.0,,-0.1833477294664679,-0.4983110546581096
5294,FMAT,453701.694982178,5678640.99509951,0.0,0.0,0.0,0.0,2.996192693710327,,1.015364408493042,0.0,0.0,,-0.7277356642026037,0.3667577665960804
5295,FMAT,453701.018525155,5678641.23194049,0.0,0.0,0.0,0.0,2.6351418495178223,,1.0941827297210691,0.0,0.0,,-0.1979480285456361,0.570459237373127
5296,FMAT,453700.333452881,5678641.46207213,0.0,0.0,0.0,0.0,3.5624940395355225,,1.0687947273254397,0.0,0.0,,0.1377797189848836,-0.3166236235563298
5297,FMAT,453699.683056785,5678641.68241977,0.0,0.0,0.0,0.0,7.23742151260376,,1.0148401260375977,0.0,0.0,,0.2409033243420446,0.6740000866500871
5298,FMAT,453698.946006,5678641.92112372,0.0,0.0,0.0,0.0,3.957979917526245,,1.1306885480880735,0.0,0.0,,0.5925241442548188,-0.2018863307382465
5299,FMAT,453698.217609537,5678642.15987851,0.0,0.0,0.0,0.0,9.992201805114746,,1.0739039182662964,0.0,0.0,,0.8136573034812381,-0.0514646109548545
5300,FMAT,453697.541139251,5678642.39893865,0.0,0.0,0.0,0.0,4.161344528198242,,1.0147968530654907,0.0,0.0,,0.4110552800361084,0.4640487286152581
5301,FMAT,453696.812559936,5678642.66876571,0.0,0.0,0.0,0.0,6.519826412200928,,1.0297996997833252,0.0,0.0,,0.8725626605459764,-0.209819975357724
5302,FMAT,453696.127239371,5678642.94106667,0.0,0.0,0.0,0.0,6.23121976852417,,1.0230226516723633,0.0,0.0,,0.6747438845186632,0.516949047335647
5303,FMAT,453695.372442274,5678643.25402029,0.0,0.0,0.0,0.0,5.888559341430664,,1.030689001083374,0.0,0.0,,0.8354769447754645,-0.2065088396068012
5304,FMAT,453694.686958416,5678643.55406435,0.0,0.0,0.0,0.0,9.891046524047852,,1.0848675966262815,0.0,0.0,,-0.1173504665826756,-0.2267688939572928
5305,FMAT,453694.027274429,5678643.88200428,0.0,0.0,0.0,0.0,5.246943473815918,,1.0298874378204346,0.0,0.0,,0.1549904387514025,-0.5175606913136988
5306,FMAT,453693.358870738,5678644.22099053,0.0,0.0,0.0,0.0,6.634034156799316,,1.016635537147522,0.0,0.0,,0.1844545873646591,0.6984114255404353
5307,FMAT,453692.716449689,5678644.55680027,0.0,0.0,0.0,0.0,6.566908836364746,,1.0228230953216553,0.0,0.0,,-0.4413186686192893,0.743046002774495
5308,FMAT,453692.030652274,5678644.91011106,0.0,0.0,0.0,0.0,2.7800779342651367,,1.0154069662094116,0.0,0.0,,-0.2662179835267815,0.4861508978060029
5309,FMAT,453691.379622434,5678645.23810168,0.0,0.0,0.0,0.0,2.871300458908081,,1.0413492918014526,0.0,0.0,,0.2455872423934224,0.625255976830951
5310,FMAT,453690.797827529,5678645.56649953,0.0,0.0,0.0,0.0,1.6592233180999756,,1.0376098155975342,0.0,0.0,,-0.1893530167829436,0.0167195465724517
5311,FMAT,453690.181571755,5678645.8680602,0.0,0.0,0.0,0.0,11.892898559570312,,1.096234917640686,0.0,0.0,,-0.0236861149209747,-0.423975788708812
5312,FMAT,453689.42736168,5678646.08113769,0.0,0.0,0.0,0.0,4.581900596618652,,1.0257014036178589,0.0,0.0,,0.4150298673331375,-0.3553912014509846
5313,FMAT,453688.733719128,5678646.29679096,0.0,0.0,0.0,0.0,5.925029277801514,,1.024867057800293,0.0,0.0,,-0.1553038086275695,0.4297873230992616
5314,FMAT,453688.056947879,5678646.5868978,0.0,0.0,0.0,0.0,6.246507167816162,,1.0289777517318726,0.0,0.0,,-0.2773505674717378,-0.509542611017341
5315,FMAT,453687.336787186,5678646.89672512,0.0,0.0,0.0,0.0,7.932200908660889,,1.0400575399398804,0.0,0.0,,0.5678146564875002,-0.4748841439885327
5316,FMAT,453686.625398332,5678647.18662817,0.0,0.0,0.0,0.0,6.774656295776367,,1.0296165943145752,0.0,0.0,,0.2689276733709643,0.3881606173282645
5317,FMAT,453685.93148792,5678647.44778006,0.0,0.0,0.0,0.0,8.449699401855469,,1.0518039464950562,0.0,0.0,,0.1155507006537062,0.6160666766802428
5318,FMAT,453685.211555579,5678647.7187667,0.0,0.0,0.0,0.0,4.044368743896484,,1.065445899963379,0.0,0.0,,0.5981777959636063,-0.0147992195389462
5319,FMAT,453684.439566348,5678648.01164232,0.0,0.0,0.0,0.0,6.176068305969238,,1.092225193977356,0.0,0.0,,0.0984858835625123,0.0314617816865726
5320,FMAT,453683.728275216,5678648.2848992,0.0,0.0,0.0,0.0,8.625049591064453,,1.0352145433425903,0.0,0.0,,0.4247645280649205,0.6793046782117313
5321,FMAT,453683.02575594,5678648.53823181,0.0,0.0,0.0,0.0,5.8231072425842285,,1.0432016849517822,0.0,0.0,,0.2877400753770866,-0.2556024015560934
5322,FMAT,453682.305712393,5678648.82808356,0.0,0.0,0.0,0.0,4.156970977783203,,1.0836583375930786,0.0,0.0,,-0.0658347353856672,0.4325981896020441
5323,FMAT,453681.663283961,5678649.16500213,0.0,0.0,0.0,0.0,3.772165536880493,,1.0467833280563354,0.0,0.0,,0.6020032569328859,0.1912924561397671
5324,FMAT,453681.064186123,5678649.49218769,0.0,0.0,0.0,0.0,9.280451774597168,,1.0452463626861572,0.0,0.0,,0.1045254012869496,0.7216552229199137
5325,FMAT,453680.317709153,5678649.86178695,0.0,0.0,0.0,0.0,3.5114357471466064,,1.0754798650741575,0.0,0.0,,0.360999601641052,0.0043699017513723
5326,FMAT,453679.554328195,5678650.16248113,0.0,0.0,0.0,0.0,11.456913948059082,,1.0799530744552612,0.0,0.0,,-0.361559576311168,0.1995448124626334
5327,FMAT,453678.877771749,5678650.41596614,0.0,0.0,0.0,0.0,12.223361015319824,,1.07889986038208,0.0,0.0,,0.1390105646223423,-0.7735836049758428
5328,FMAT,453677.958637972,5678650.71130463,0.0,0.0,0.0,0.0,3.738710880279541,,1.0284268856048584,0.0,0.0,,-0.1232063855079848,0.0209724487877297
5329,FMAT,453677.195576808,5678650.95762188,0.0,0.0,0.0,0.0,1.983885645866394,,1.010733127593994,0.0,0.0,,-0.1311393271805089,-0.2762925168291691
5330,FMAT,453676.553866288,5678651.1724699,0.0,0.0,0.0,0.0,12.603900909423828,,1.0517351627349854,0.0,0.0,,-0.089120155132255,-0.0398089757371839
5331,FMAT,453675.955499464,5678651.37536548,0.0,0.0,0.0,0.0,8.199407577514648,,1.0668201446533203,0.0,0.0,,-0.3134046214789294,-0.1186591849887721
5332,FMAT,453675.244220787,5678651.64640214,0.0,0.0,0.0,0.0,11.309280395507812,,1.0905156135559082,0.0,0.0,,0.005229702713018,-0.1786711674265621
5333,FMAT,453674.593470481,5678651.92667305,0.0,0.0,0.0,0.0,7.604558944702148,,1.035422682762146,0.0,0.0,,0.3184065982486976,0.0753654846830035
5334,FMAT,453673.908017711,5678652.22116666,0.0,0.0,0.0,0.0,9.04696273803711,,1.0260106325149536,0.0,0.0,,-0.0532810544102482,0.4940462893960991
5335,FMAT,453673.205243063,5678652.51777781,0.0,0.0,0.0,0.0,5.729523658752441,,1.0185911655426023,0.0,0.0,,0.2599419416244243,-0.1743762268131116
5336,FMAT,453672.47623093,5678652.86084471,0.0,0.0,0.0,0.0,6.356320858001709,,1.0235885381698608,0.0,0.0,,0.1700713615965805,0.0047572368625711
5337,FMAT,453671.79913849,5678653.20532686,0.0,0.0,0.0,0.0,2.442787170410156,,1.0399653911590576,0.0,0.0,,0.0968747576915023,-0.212945986184931
5338,FMAT,453671.17443598,5678653.47132381,0.0,0.0,0.0,0.0,13.05267333984375,,1.0421730279922483,0.0,0.0,,0.4456647091830528,0.3471842194514639
5339,FMAT,453670.558557613,5678653.70851871,0.0,0.0,0.0,0.0,1.0170836448669434,,1.0209404230117798,0.0,0.0,,0.5284955781528241,0.1647738973139978
5340,FMAT,453669.942679211,5678653.94571356,0.0,0.0,0.0,0.0,6.213578701019287,,1.0154064893722534,0.0,0.0,,0.5984147842781332,0.3930057765875663
5341,FMAT,453669.257356707,5678654.2180122,0.0,0.0,0.0,0.0,2.3635268211364746,,1.0083359479904177,0.0,0.0,,0.4594065318145608,-0.3184550613068893
5342,FMAT,453668.45058541,5678654.53842575,0.0,0.0,0.0,0.0,5.855700969696045,,1.0139546394348145,0.0,0.0,,0.4285714335952272,0.0882515376304182
5343,FMAT,453667.782610759,5678654.80416776,0.0,0.0,0.0,0.0,5.11868953704834,,1.0095486640930176,0.0,0.0,,0.1073750566850405,0.5807433307232223
5344,FMAT,453667.079816049,5678655.10410755,0.0,0.0,0.0,0.0,2.1815948486328125,,1.0074379444122314,0.0,0.0,,0.5674222920125876,-0.5345860634250397
5345,FMAT,453666.281607512,5678655.44010801,0.0,0.0,0.0,0.0,3.3459255695343018,,1.0057169198989868,0.0,0.0,,0.756906868192082,-0.4636249700841062
5346,FMAT,453665.509499229,5678655.75295691,0.0,0.0,0.0,0.0,1.681651949882507,,1.0074865818023682,0.0,0.0,,0.8278792609561965,0.2610599639052759
5347,FMAT,453664.728814879,5678656.05243805,0.0,0.0,0.0,0.0,2.3481462001800537,,1.011388659477234,0.0,0.0,,0.6204601112291369,-0.1069349376253854
5348,FMAT,453663.973995645,5678656.36871787,0.0,0.0,0.0,0.0,6.287190914154053,,1.020644187927246,0.0,0.0,,0.5799972320301491,-0.7818658189608616
5349,FMAT,453663.270998158,5678656.70305891,0.0,0.0,0.0,0.0,8.676234245300293,,1.016651630401611,0.0,0.0,,-0.101476532234301,-0.9478954391036216
5350,FMAT,453662.550633048,5678657.04728556,0.0,0.0,0.0,0.0,6.661065101623535,,1.0200061798095703,0.0,0.0,,0.2611707446020422,-0.6858040162758176
5351,FMAT,453661.864957274,5678657.3795089,0.0,0.0,0.0,0.0,6.753520965576172,,1.014302134513855,0.0,0.0,,0.8010135287395986,-0.5140011303474658
5352,FMAT,453661.196694732,5678657.6940784,0.0,0.0,0.0,0.0,1.883829116821289,,1.0008271932601929,0.0,0.0,,-0.6115523222561438,-0.2357224538359277
5353,FMAT,453660.511110296,5678658.01076543,0.0,0.0,0.0,0.0,1.7178146839141846,,1.0008814334869385,0.0,0.0,,-0.3763919909386948,-0.6203665906771283
5354,FMAT,453659.756107794,5678658.35811724,0.0,0.0,0.0,0.0,1.7941769361495972,,1.0016515254974363,0.0,0.0,,0.368851573616588,0.4263746001754245
5355,FMAT,453659.035938352,5678658.66905172,0.0,0.0,0.0,0.0,1.9325532913208008,,1.001061201095581,0.0,0.0,,0.1081450743989522,0.7713762525101844
5356,FMAT,453658.367851968,5678658.95365832,0.0,0.0,0.0,0.0,0.8082459568977356,,1.0010526180267334,0.0,0.0,,-0.6146862637743189,-0.4128208344954969
5357,FMAT,453657.638975762,5678659.27341955,0.0,0.0,0.0,0.0,0.3064984381198883,,1.0009130239486694,0.0,0.0,,-0.8106391959449207,-0.4098117400951781
5358,FMAT,453656.927454007,5678659.58551451,0.0,0.0,0.0,0.0,3.2659268379211426,,1.002664566040039,0.0,0.0,,-0.1548384107327262,-0.9227637345284446
5359,FMAT,453656.172562253,5678659.91400059,0.0,0.0,0.0,0.0,3.856225490570069,,1.0077377557754517,0.0,0.0,,-0.1573640747755444,-0.5663421199907243
5360,FMAT,453655.504449525,5678660.20304586,0.0,0.0,0.0,0.0,13.597559928894045,,1.0457878112792969,0.0,0.0,,0.5146152551503379,0.7217928337280631
5361,FMAT,453654.845063,5678660.47993502,0.0,0.0,0.0,0.0,14.97396755218506,,1.0520451068878174,0.0,0.0,,0.7075580086514259,-0.4700887351567406
5362,FMAT,453654.064260164,5678660.79939022,0.0,0.0,0.0,0.0,18.655372619628903,,1.1517539024353027,0.0,0.0,,-0.07448329186327,0.7401568336272283
5363,FMAT,453653.422358723,5678661.04641849,0.0,0.0,0.0,0.0,44.40177536010742,,1.5208402872085571,0.0,0.0,,-0.2286521486507359,0.931303961004136
5364,FMAT,453652.693776122,5678661.31624148,0.0,0.0,0.0,0.0,23.20368194580078,,1.406138300895691,0.0,0.0,,-0.2033371080282294,0.7864269485598699
5365,FMAT,453651.973867468,5678661.58278618,1.0,0.0,562.0,0.0,27.6578426361084,,1.1723120212554932,562.0,0.0,,-0.6006831894150108,0.02946510154781
5366,FMAT,453651.219295457,5678661.85689509,1.0,0.0,562.0,0.0,21.68480491638184,,1.4873372316360474,562.0,0.0,,-0.6713977502653307,-0.4179104492694179
5367,FMAT,453650.534102273,5678662.10699754,0.0,0.0,0.0,0.0,31.39321517944336,,1.236255407333374,0.0,0.0,,-0.2229735388144022,-0.8564294389232282
5368,FMAT,453649.874826486,5678662.3650209,0.0,0.0,0.0,0.0,41.8822021484375,,1.539689302444458,0.0,0.0,,0.507690337907511,0.5990090188854466
5369,ALG,453649.206830922,5678662.63409053,0.0,0.0,0.0,0.0,46.559852600097656,,1.582546353340149,0.0,0.0,,0.4211505405963214,0.8963318744629544
5370,ALG,453648.530128649,5678662.91198697,0.0,0.0,0.0,0.0,17.8240909576416,,1.0651394128799438,0.0,0.0,,0.4263614009003982,0.8688603756007925
5371,ALG,453647.98375842,5678663.10297917,1.0,0.0,562.0,0.0,13.052671432495115,,1.035974621772766,562.0,0.0,,0.3137051431740774,0.7472511309968648
5372,ALG,453647.489582426,5678663.24877821,1.0,0.0,562.0,0.0,16.067602157592773,,1.086907148361206,562.0,0.0,,0.2162035934747598,0.9210962342903364
5373,ALG,453646.864780262,5678663.53141917,1.0,0.0,562.0,0.0,8.582117080688477,,1.0150213241577148,562.0,0.0,,0.3471868462005475,0.4602081953354511
5374,ALG,453646.152970171,5678663.89234121,1.0,0.0,562.0,0.0,22.57179069519043,,1.0900551080703735,562.0,0.0,,0.8719449221338677,0.2406243136596525
5375,ALG,453645.423949241,5678664.23651535,1.0,0.0,562.0,0.0,6.541608810424805,,1.0172507762908936,562.0,0.0,,-0.2639811415805222,0.2005211232878077
5376,ALG,453644.781713979,5678664.54013907,1.0,0.0,562.0,0.0,20.571176528930664,,1.0847184658050537,562.0,0.0,,0.3740193338014289,-0.7169076810197628
5377,ALG,453644.18288133,5678664.82182297,1.0,0.0,562.0,0.0,56.24711227416992,,2.20271372795105,562.0,0.0,,0.5008903632450592,-0.8211804904998709
5378,ALG,453643.497458943,5678665.11076531,0.0,0.0,0.0,0.0,29.349618911743164,,1.616007924079895,0.0,0.0,,0.2433346351436874,-0.4517049048205217
5379,ALG,453642.786086387,5678665.39733524,-1.0,0.0,562.0,0.0,21.449377059936523,,1.163101315498352,562.0,0.0,,-0.0603906074812343,-0.6596679783011762
5380,ALG,453642.100382894,5678665.73399578,0.0,0.0,0.0,0.0,29.53485870361328,,1.2746942043304443,0.0,0.0,,-0.0756136063644683,0.7288374841918399
5381,ALG,453641.362360861,5678666.13693419,0.0,0.0,0.0,0.0,20.787450790405277,,1.0904173851013184,0.0,0.0,,0.0234092301765514,-0.8650788803216575
5382,ALG,453640.720759188,5678666.33291391,0.0,0.0,0.0,0.0,10.355966567993164,,1.0755985975265503,0.0,0.0,,-0.603173359197538,-0.6406459555824292
5383,ALG,453640.044840515,5678666.47764222,0.0,0.0,0.0,0.0,11.297368049621582,,1.0373224020004272,0.0,0.0,,-0.0670074194199107,0.43879784955782
5384,ALG,453639.358953817,5678666.84537492,0.0,0.0,0.0,0.0,8.743243217468262,,1.0241990089416504,0.0,0.0,,0.620811824327634,0.5141989834508612
5385,ALG,453638.698703482,5678667.26874689,0.0,0.0,0.0,0.0,7.788403511047363,,1.02633535861969,0.0,0.0,,0.7322770410708035,-0.2383231271398012
5386,ALG,453638.047094402,5678667.69438923,0.0,0.0,0.0,0.0,5.021634578704834,,1.0185259580612185,0.0,0.0,,-0.3734701246653882,0.1171293481196614
5387,ALG,453637.284317863,5678667.89187458,0.0,0.0,0.0,0.0,32.099727630615234,,1.3028278350830078,0.0,0.0,,-0.2826245465641306,0.8880247765030833
5388,ALG,453636.487413871,5678668.00592634,0.0,0.0,0.0,0.0,14.666532516479492,,1.05391526222229,0.0,0.0,,-0.4429945659952969,0.7822037600509265
5389,ALG,453635.846491644,5678668.08649391,1.0,0.0,562.0,0.0,30.960487365722656,,1.7278246879577637,562.0,0.0,,-0.8310873972801875,-0.0080487359564582
5390,ALG,453635.222917415,5678668.160505,1.0,0.0,562.0,0.0,53.93070983886719,,2.1797194480896,562.0,0.0,,-0.6309055676915493,-0.6358188985642479
5391,ALG,453634.589139746,5678668.49747072,0.0,0.0,0.0,0.0,31.807750701904297,,1.2595593929290771,0.0,0.0,,0.2360012911818901,0.2904675923914857
5392,ALG,453634.006791679,5678668.91908159,0.0,0.0,0.0,0.0,44.59562683105469,,1.5084885358810425,0.0,0.0,,0.4679606878842177,0.8522586539781848
5393,ALG,453633.381635617,5678669.26164682,0.0,0.0,0.0,0.0,17.298492431640625,,1.062654972076416,0.0,0.0,,0.8865222198111985,0.1960807789401348
5394,ALG,453632.757897863,5678669.36340093,0.0,0.0,0.0,0.0,12.318448066711426,,1.026906132698059,0.0,0.0,,0.3840920978401229,-0.7742091536566537
5395,ALG,453632.13498367,5678669.3253292,0.0,0.0,0.0,0.0,18.40900421142578,,1.0679577589035034,0.0,0.0,,-0.0891713382829697,-0.9676223156247964
5396,ALG,453631.469607999,5678669.14939621,0.0,0.0,0.0,0.0,17.371253967285156,,1.10947585105896,0.0,0.0,,-0.4214118233377585,-0.3907160673976839
5397,ALG,453630.839510143,5678668.86158449,0.0,0.0,0.0,0.0,10.518610954284668,,1.0381174087524414,0.0,0.0,,0.0234574774844582,0.7814742811000547
5398,ALG,453630.322004497,5678668.56000895,0.0,0.0,0.0,0.0,2.7030105590820312,,1.0057687759399414,0.0,0.0,,-0.4761372289833021,-0.0978113316554647
5399,ALG,453629.87408053,5678668.20002558,0.0,0.0,0.0,0.0,15.30403995513916,,1.0464379787445068,0.0,0.0,,-0.6604688341152701,-0.6915860484892272
5400,ALG,453629.495783993,5678667.77386629,0.0,0.0,0.0,0.0,5.959999084472656,,1.1990190744400024,0.0,0.0,,0.0661631457011271,0.1121513379993639
5401,ALG,453629.186683464,5678667.35477319,0.0,0.0,0.0,0.0,23.84891128540039,,1.2569600343704224,0.0,0.0,,0.7168919102194659,0.1782483674696128
5402,ALG,453628.92958779,5678666.92266919,0.0,0.0,0.0,0.0,17.5720272064209,,1.1614762544631958,0.0,0.0,,0.1467678492412667,-0.5173171071155762
5403,ALG,453628.812132592,5678666.29273944,0.0,0.0,0.0,0.0,5.447540283203125,,1.0288423299789429,0.0,0.0,,-0.722060019569625,-0.0096540853949057
5404,ALG,453628.850914119,5678665.58604631,0.0,0.0,0.0,0.0,4.703555107116699,,1.0061408281326294,0.0,0.0,,-0.5604181742288673,0.6169800763172015
5405,ALG,453629.053429719,5678664.99906271,0.0,0.0,0.0,0.0,4.39288330078125,,1.0073460340499878,0.0,0.0,,0.5171112499740399,0.1204855158836515
5406,ALG,453629.367870654,5678664.51150764,0.0,0.0,0.0,0.0,1.4297183752059937,,1.0050430297851562,0.0,0.0,,0.3804728493851106,0.1911647506150818
5407,ALG,453629.665610673,5678663.92064587,0.0,0.0,0.0,0.0,15.119413375854492,,1.066529393196106,0.0,0.0,,0.212393667052755,-0.4193687780911657
5408,ALG,453629.919974093,5678663.34728485,0.0,0.0,0.0,0.0,15.53956413269043,,1.201502561569214,0.0,0.0,,0.1287242865935584,-0.6611015858237215
5409,ALG,453630.156747618,5678662.82154019,0.0,0.0,0.0,0.0,41.86663436889648,,1.4544392824172974,0.0,0.0,,-0.581270473677071,-0.6789826294729044
5410,ALG,453630.489771814,5678662.11768998,0.0,0.0,0.0,0.0,2.0404176712036133,,1.001006841659546,0.0,0.0,,-0.359871220783414,-0.6472838560453612
5411,ALG,453630.814638341,5678661.32944942,0.0,0.0,0.0,0.0,0.4721570014953613,,1.000424027442932,0.0,0.0,,0.4152310717068412,-0.445599472828199
5412,ALG,453631.10516831,5678660.49328661,0.0,0.0,0.0,0.0,1.8226306438446045,,1.0040427446365356,0.0,0.0,,0.8424751579355618,0.1749181929761293
5413,ALG,453631.361793132,5678659.53595948,0.0,0.0,0.0,0.0,3.920480966567993,,1.0149699449539185,0.0,0.0,,0.3846074442580736,-0.331554517520285
5414,ALG,453631.574721085,5678658.65050982,0.0,0.0,0.0,0.0,1.6850850582122805,,1.0014910697937012,0.0,0.0,,0.3899417433432655,-0.0701163489680225
5415,ALG,453631.744658122,5678657.71708695,0.0,0.0,0.0,0.0,4.428986549377441,,1.0089004039764404,0.0,0.0,,0.4894897018629807,0.2430037916200742
5416,ALG,453631.845386171,5678656.77881736,0.0,0.0,0.0,0.0,62.35304641723633,,2.759068489074707,0.0,0.0,,0.9073995559512028,0.3031242124682456
5417,ALG,453631.90252853,5678655.89355987,1.0,0.0,562.0,0.0,43.90103149414063,,1.4656511545181274,562.0,0.0,,0.4242117945026163,0.8887143609298006
5418,ALG,453631.942362106,5678655.00820042,1.0,0.0,562.0,0.0,49.60340881347656,,1.6359988451004028,562.0,0.0,,0.6592387333558469,0.6398569426035644
5419,ALG,453631.999641705,5678654.09963862,1.0,1.0,562.0,1363.0,19.952335357666016,,1.2881876230239868,1474.3178083439134,766006.0,,-0.5194311994153674,0.4272728557468943
5420,ALG,453632.056888613,5678653.19662546,0.0,0.0,0.0,0.0,23.504213333129883,,1.8718323707580569,0.0,0.0,,-0.0978499600565239,0.3234311808474222
5421,ALG,453632.071098909,5678652.2534072,0.0,0.0,0.0,0.0,18.181421279907227,,1.3345355987548828,0.0,0.0,,0.2547250548781818,-0.4494870577306908
5422,ALG,453632.102251932,5678651.37243569,0.0,0.0,0.0,0.0,51.97835159301758,,1.7636184692382812,0.0,0.0,,-0.9002736371638372,-0.1246224244465328
5423,ALG,453631.968664528,5678650.54265289,0.0,0.0,0.0,0.0,8.141783714294434,,1.032591462135315,0.0,0.0,,-0.5094564865726597,-0.1127476797537416
5424,ALG,453631.852575467,5678649.68078991,0.0,0.0,0.0,0.0,0.7552990317344666,,1.0005700588226318,0.0,0.0,,0.3723863539820864,0.2721298233524996
5425,ALG,453631.73656487,5678648.80561019,0.0,0.0,0.0,0.0,18.75181579589844,,1.1619800329208374,0.0,0.0,,0.5240575600691356,-0.2944172304209853
5426,ALG,453631.818787911,5678648.07031895,0.0,0.0,0.0,0.0,43.76829528808594,,1.6210267543792725,0.0,0.0,,0.8236354152350914,-0.2091647752988929
5427,ALG,453631.935223187,5678647.40403479,0.0,0.0,0.0,0.0,14.176526069641112,,1.2957075834274292,0.0,0.0,,-0.1207977684214407,-0.0785229221588957
5428,ALG,453632.112670472,5678646.66486537,0.0,0.0,0.0,0.0,35.09303665161133,,1.3165068626403809,0.0,0.0,,-0.3165791745609849,0.3997129819186657
5429,ALG,453632.30724346,5678645.95687029,0.0,-1.0,0.0,1362.0,58.44305419921875,,2.5469460487365723,1362.0,0.0,,0.5552600643740636,0.2462501640562568
5430,ALG,453632.58855624,5678645.21609309,0.0,0.0,0.0,0.0,46.50099563598633,,1.8011443614959717,0.0,0.0,,-0.160680429935538,0.5590828941337627
5431,ALG,453632.905225055,5678644.35012045,0.0,-1.0,0.0,1362.0,47.21530151367188,,1.7352311611175537,1362.0,0.0,,0.1017034400407344,-0.3381421249298497
5432,ALG,453633.186864536,5678643.55385681,1.0,0.0,562.0,0.0,66.74678802490234,,2.6132960319519043,562.0,0.0,,0.1553981962898777,-0.9840573618380472
5433,ALG,453633.381692266,5678642.80258229,1.0,1.0,562.0,1363.0,58.45187377929688,,2.099881649017334,1474.3178083439134,766006.0,,-0.6494175929140013,-0.6946161028308512
5434,ALG,453633.595194762,5678641.81947644,0.0,0.0,0.0,0.0,20.451147079467773,,1.1720553636550903,0.0,0.0,,-0.7899942552132418,0.1799535277631708
5435,ALG,453633.721787492,5678640.89800566,0.0,0.0,0.0,0.0,1.377105474472046,,1.003238081932068,0.0,0.0,,-0.4632915347985987,-0.056603664566598
5436,NVB,453633.796244832,5678640.01174035,0.0,0.0,0.0,0.0,27.79780578613281,,1.2174313068389893,0.0,0.0,,0.8041615379145512,-0.5523120732075882
5437,NVB,453633.870231554,5678639.20537549,1.0,0.0,562.0,0.0,50.04362106323242,,1.699878811836243,562.0,0.0,,0.8251921630892958,-0.3784992950029664
5438,NVB,453633.935694618,5678638.37676509,1.0,0.0,562.0,0.0,14.384180068969728,,1.0471025705337524,562.0,0.0,,-0.2466264219013848,0.8867010904973925
5439,NVB,453633.931948893,5678637.54330798,0.0,0.0,0.0,0.0,57.15077972412109,,2.130781412124634,0.0,0.0,,-0.8236847572380491,-0.0555144198455839
5440,NVB,453633.919633777,5678636.69537343,0.0,0.0,0.0,0.0,28.280956268310547,,1.4344449043273926,0.0,0.0,,0.1875195952314925,-0.0859877086438128
5441,NVB,453633.924699289,5678635.83533382,-1.0,0.0,562.0,0.0,25.166088104248047,,1.208136796951294,562.0,0.0,,-0.7450321324220854,0.3985817086541897
5442,NVB,453634.042055819,5678635.01257789,-1.0,0.0,562.0,0.0,7.887008190155029,,1.141961932182312,562.0,0.0,,-0.2883087110485688,0.3518213742098681
5443,NVB,453634.193820621,5678634.22553716,-1.0,0.0,562.0,0.0,9.65749168395996,,1.0777467489242554,562.0,0.0,,-0.1459017281372612,-0.0192582206682473
5444,NVB,453634.354684209,5678633.36308587,-1.0,0.0,562.0,0.0,1.087051272392273,,1.0171303749084473,562.0,0.0,,0.2186309608892925,-0.336146656724208
5445,NVB,453634.523823031,5678632.56504978,-1.0,0.0,562.0,0.0,15.085090637207031,,1.039458394050598,562.0,0.0,,0.6090978281975935,-0.7422096741741186
5446,NVB,453634.701308983,5678631.81922192,-1.0,0.0,562.0,0.0,5.057380676269531,,1.006298303604126,562.0,0.0,,-0.4062024487260112,-0.8414877390403838
5447,NVB,453634.887488479,5678631.06678665,-1.0,0.0,562.0,0.0,2.6566710472106934,,1.003635048866272,562.0,0.0,,0.1341785965751045,-0.7445364983151671
5448,NVB,453635.082675242,5678630.25447701,-1.0,0.0,562.0,0.0,4.022112846374512,,1.0050575733184814,562.0,0.0,,0.0937839998043621,0.3030907581498928
5449,NVB,453635.269305647,5678629.42547046,0.0,0.0,0.0,0.0,6.090592384338379,,1.0106085538864136,0.0,0.0,,-0.7835899007224726,0.4137237666056976
5450,NVB,453635.403898772,5678628.61502346,-1.0,0.0,562.0,0.0,4.900871753692627,,1.0054172277450562,562.0,0.0,,-0.7885375744725868,0.4971211309593789
5451,NVB,453635.408702697,5678627.79937297,-1.0,0.0,562.0,0.0,1.4492311477661133,,1.0012879371643066,562.0,0.0,,-0.3922962827635413,0.692435183403743
5452,NVB,453635.38761546,5678626.97136256,-1.0,0.0,562.0,0.0,4.295929431915283,,1.0109038352966309,562.0,0.0,,-0.0604550792643314,-0.5337995618122235
5453,NVB,453635.444842237,5678626.07167853,-1.0,0.0,562.0,0.0,2.0700316429138184,,1.0017411708831787,562.0,0.0,,0.0385299152045448,0.3584512941140645
5454,FMAT,453635.510252767,5678625.25194593,-1.0,0.0,562.0,0.0,1.715932846069336,,1.000905156135559,562.0,0.0,,0.5028045485133192,0.2604365762155219
5455,FMAT,453635.60167209,5678624.42459814,-1.0,0.0,562.0,0.0,0.7742888331413269,,1.004322171211243,562.0,0.0,,0.0928558346954471,-0.5110470455412163
5456,FMAT,453635.701203267,5678623.68940879,-1.0,0.0,562.0,0.0,1.476934552192688,,1.00048565864563,562.0,0.0,,-0.5086969145926062,-0.8359757677270302
5457,FMAT,453635.82773668,5678622.77792551,-1.0,0.0,562.0,0.0,3.084690570831299,,1.003946304321289,562.0,0.0,,0.413295846529456,-0.8877591972014548
5458,FMAT,453635.841371388,5678621.93236331,-1.0,0.0,562.0,0.0,6.700887203216553,,1.0080056190490725,562.0,0.0,,0.4953804175472036,-0.8481604243412249
5459,FMAT,453635.863725798,5678621.0757548,-1.0,0.0,562.0,0.0,8.96209716796875,,1.0131454467773438,562.0,0.0,,0.0728795320126847,-0.9956582834176636
5460,FMAT,453635.955680988,5678620.15740926,-1.0,0.0,562.0,0.0,7.5840229988098145,,1.0106780529022217,562.0,0.0,,0.4544036737394636,-0.8825684033841182
5461,FMAT,453636.055819923,5678619.31901515,0.0,0.0,0.0,0.0,2.9025299549102783,,1.0029054880142212,0.0,0.0,,0.3087477740311232,-0.8794488132436089
5462,FMAT,453636.155481717,5678618.56163121,0.0,0.0,0.0,0.0,5.519857883453369,,1.0053515434265137,0.0,0.0,,-0.8992744640874192,-0.4126131788731775
5463,FMAT,453636.255770934,5678617.69771333,0.0,0.0,0.0,0.0,4.970401763916016,,1.0092029571533203,0.0,0.0,,-0.4432486975797502,-0.524874938222294
5464,FMAT,453636.373205424,5678616.86164061,0.0,0.0,0.0,0.0,33.9936408996582,,1.3321218490600586,0.0,0.0,,0.907167275914928,0.0531706218730116
5465,FMAT,453636.516923168,5678615.97134409,0.0,0.0,0.0,0.0,39.99005126953125,,1.4852880239486694,0.0,0.0,,0.4734409684175027,-0.3391035042732993
5466,FMAT,453636.651568252,5678615.15201923,0.0,0.0,0.0,0.0,32.12150955200195,,1.225388526916504,0.0,0.0,,-0.6813918910268555,-0.2465654827229731
5467,FMAT,453636.760465967,5678614.29592041,0.0,0.0,0.0,0.0,33.59735870361328,,1.277017593383789,0.0,0.0,,0.3375413599898202,0.7776065354439655
5468,FMAT,453636.860879255,5678613.41091768,0.0,0.0,0.0,0.0,28.686878204345703,,1.1835681200027466,0.0,0.0,,-0.8272608045268789,0.2735011105594958
5469,FMAT,453636.995831443,5678612.53943557,-1.0,0.0,562.0,0.0,3.632363796234131,,1.0136773586273191,562.0,0.0,,0.0921354219935413,0.484793273751888
5470,FMAT,453637.130790142,5678611.66684373,-1.0,0.0,562.0,0.0,4.099381923675537,,1.0076947212219238,562.0,0.0,,0.2319470966073321,0.7406025515659144
5471,FMAT,453637.248348636,5678610.80968614,0.0,0.0,0.0,0.0,3.065649509429932,,1.034050703048706,0.0,0.0,,-0.6332322313754587,0.2200678703162882
5472,FMAT,453637.322472043,5678609.98001692,-1.0,0.0,562.0,0.0,1.0976113080978394,,1.0032110214233398,562.0,0.0,,-0.4361261164821057,-0.0906257922751702
5473,FMAT,453637.379286767,5678609.15024575,0.0,0.0,0.0,0.0,1.5471384525299072,,1.0044342279434204,0.0,0.0,,-0.0294398433837079,-0.3155635804981151
5474,FMAT,453637.444455173,5678608.37157307,-1.0,0.0,562.0,0.0,5.588799476623535,,1.0101207494735718,562.0,0.0,,-0.1929730489007258,-0.685129975551091
5475,FMAT,453637.518513181,5678607.55300113,-1.0,0.0,562.0,0.0,2.805999517440796,,1.0241237878799438,562.0,0.0,,-0.1654537002606147,-0.3487030511145841
5476,FMAT,453637.575386695,5678606.71324241,-1.0,0.0,562.0,0.0,4.254977703094482,,1.0112074613571167,562.0,0.0,,0.3244658772538669,0.1458027011096415
5477,FMAT,453637.62339019,5678605.91005376,-1.0,0.0,562.0,0.0,4.386616230010986,,1.0137859582901,562.0,0.0,,0.618238388322541,0.6570928375673176
5478,NVB,453637.723489578,5678605.07831798,-1.0,0.0,562.0,0.0,53.67548751831055,,1.8800020217895508,562.0,0.0,,0.3746488329941531,0.9078735775064374
5479,NVB,453637.840878002,5678604.25001332,-1.0,0.0,562.0,0.0,62.96440124511719,,2.2918636798858643,562.0,0.0,,0.0045020636067593,0.992922134427904
5480,NVB,453637.975490092,5678603.43623706,-1.0,0.0,562.0,0.0,24.052358627319336,,1.1588293313980105,562.0,0.0,,0.3172592196123121,0.8691084731446019
5481,NVB,453638.067118089,5678602.5733779,-1.0,0.0,562.0,0.0,49.93818664550781,,1.626121997833252,562.0,0.0,,-0.0316429793607189,0.9356564245732087
5482,NVB,453638.167073614,5678601.76605614,-1.0,0.0,562.0,0.0,30.0344295501709,,1.6038601398468018,562.0,0.0,,0.446680254158339,0.0956231902514105
5483,NVB,453638.283912956,5678601.03096867,-1.0,0.0,562.0,0.0,16.79863166809082,,1.4085400104522705,562.0,0.0,,0.2573085096442544,-0.0528087506054823
5484,NVB,453638.418256995,5678600.26269128,-1.0,0.0,562.0,0.0,29.693744659423828,,1.4023902416229248,562.0,0.0,,0.4755162309884457,0.5623303260720879
5485,NVB,453638.595944515,5678599.48246172,-1.0,0.0,562.0,0.0,28.21012115478516,,1.3751800060272217,562.0,0.0,,0.3372211964566837,0.8095737256459085
5486,NVB,453638.756414856,5678598.68659401,-1.0,0.0,562.0,0.0,12.941189765930176,,1.1332275867462158,562.0,0.0,,0.1634683079238134,0.0325510596235875
5487,NVB,453638.899445811,5678597.91281893,0.0,0.0,0.0,0.0,63.35110092163086,,2.8163421154022217,0.0,0.0,,0.894492901805274,-0.2561439838689873
5488,NVB,453638.93913466,5678597.05187341,1.0,0.0,562.0,0.0,34.44570541381836,,1.340916872024536,562.0,0.0,,0.5649643405413715,-0.4164659541270789
5489,NVB,453638.961214232,5678596.24187346,1.0,0.0,562.0,0.0,22.48504638671875,,1.1583614349365234,562.0,0.0,,-0.074831108212853,-0.2752627968580447
5490,NVB,453639.017179096,5678595.55636699,-1.0,-1.0,562.0,1362.0,15.059550285339355,,2.8655261993408203,1473.3933622763475,765444.0,,-0.1265541292696723,0.0534922544935622
5491,ALG,453639.073902072,5678594.742132,0.0,0.0,0.0,0.0,62.456050872802734,,2.407240390777588,0.0,0.0,,-0.3143861692189739,0.6076179537695893
5492,ALG,453639.165660577,5678593.85707825,-1.0,0.0,562.0,0.0,3.584878444671631,,1.0147075653076172,562.0,0.0,,-0.2881636151222326,0.6963763814031051
5493,ALG,453639.248032775,5678593.09626313,-1.0,0.0,562.0,0.0,10.266016006469728,,1.0468531847000122,562.0,0.0,,0.0237957262501328,-0.2282687005088708
5494,ALG,453639.294689736,5678592.52167855,-1.0,0.0,562.0,0.0,3.686255931854248,,1.0371917486190796,562.0,0.0,,-0.0839155150314811,0.1989323325056663
5495,ALG,453639.349706908,5678591.99708272,-1.0,0.0,562.0,0.0,9.208420753479004,,1.0268604755401611,562.0,0.0,,0.2250038155703009,0.5131797979118944
5496,ALG,453639.430804657,5678591.45266468,-1.0,0.0,562.0,0.0,24.429443359375,,1.125376582145691,562.0,0.0,,0.7106636495021988,0.628052706278572
5497,ALG,453639.625715564,5678590.68696349,-1.0,0.0,562.0,0.0,13.307984352111816,,1.2508472204208374,562.0,0.0,,0.0893667692092672,0.2406189473476701
5498,ALG,453639.950212388,5678589.96086729,-1.0,0.0,562.0,0.0,6.605125427246094,,1.024052619934082,562.0,0.0,,0.624474028393912,0.6840133648070404
5499,FMAT,453640.464006086,5678589.42232676,-1.0,0.0,562.0,0.0,14.14882755279541,,1.1204962730407717,562.0,0.0,,0.6227784058397104,0.7623165646069968
5500,FMAT,453641.029562201,5678588.91183519,-1.0,0.0,562.0,0.0,17.899234771728516,,1.0984822511672974,562.0,0.0,,0.8329650589919319,0.4305876203154523
5501,FMAT,453641.517556204,5678588.34539847,-1.0,0.0,562.0,0.0,13.554492950439451,,1.0611045360565186,562.0,0.0,,0.4644198018671743,0.8070243787000496
5502,FMAT,453641.996837011,5678587.78889832,-1.0,0.0,562.0,0.0,5.7421159744262695,,1.0102412700653076,562.0,0.0,,0.9390913387487636,-0.0427071030057745
5503,FMAT,453642.484732847,5678587.23910747,-1.0,0.0,562.0,0.0,12.248273849487305,,1.0304844379425049,562.0,0.0,,0.9046084633078156,-0.3829972219079513
5504,FMAT,453642.981394021,5678586.67050216,-1.0,0.0,562.0,0.0,8.617629051208496,,1.0170859098434448,562.0,0.0,,0.9683524621453358,-0.2062861012541869
5505,FMAT,453643.521823319,5678586.01781227,0.0,0.0,0.0,0.0,12.552762031555176,,1.036014199256897,0.0,0.0,,0.956410819534486,-0.2419257777167463
5506,FMAT,453643.958080629,5678585.41888749,0.0,0.0,0.0,0.0,9.10661506652832,,1.0277737379074097,0.0,0.0,,0.8494649288751922,-0.4679809604240446
5507,FMAT,453644.463539655,5678584.82591903,0.0,0.0,0.0,0.0,7.359652042388916,,1.0134109258651731,0.0,0.0,,0.8714072958211933,-0.4672294291209748
5508,FMAT,453645.09858449,5678584.27255545,0.0,0.0,0.0,0.0,3.1367757320404053,,1.0025779008865356,0.0,0.0,,0.883055955328667,-0.2020387596717394
5509,FMAT,453645.776371463,5678583.80933465,0.0,0.0,0.0,0.0,5.878393173217773,,1.013896346092224,0.0,0.0,,0.9712453893643695,0.1656615760871501
5510,FMAT,453646.479369808,5678583.47388546,0.0,0.0,0.0,0.0,5.012818813323975,,1.0087796449661257,0.0,0.0,,0.9444675038886904,0.2314547245153234
5511,FMAT,453647.190702214,5678583.19286386,0.0,0.0,0.0,0.0,5.557478904724121,,1.0129473209381104,0.0,0.0,,0.9889773315781591,-0.0058679396411841
5512,FMAT,453647.919094874,5678582.95411381,0.0,0.0,0.0,0.0,3.0816879272460938,,1.0037716627120972,0.0,0.0,,0.5237980112391816,0.6155602220407976
5513,FMAT,453648.733801845,5678582.75471377,0.0,0.0,0.0,0.0,6.697629928588867,,1.0112398862838743,0.0,0.0,,0.9372571904177764,0.2358855823806869
5514,FMAT,453649.470718037,5678582.5382091,0.0,0.0,0.0,0.0,6.060967922210693,,1.0097651481628418,0.0,0.0,,0.6875262280414347,0.5737578616402942
5515,FMAT,453650.103978559,5678582.28780104,0.0,0.0,0.0,0.0,5.1490559577941895,,1.0092029571533203,0.0,0.0,,0.5303679898033015,0.5402351248799738
5516,FMAT,453650.797969445,5678582.01222586,0.0,0.0,0.0,0.0,3.435760974884033,,1.004874348640442,0.0,0.0,,0.8599455430001427,0.38557639723694
5517,FMAT,453651.52673431,5678581.71022094,0.0,0.0,0.0,0.0,3.7554683685302734,,1.00238299369812,0.0,0.0,,0.3100463498042757,0.9053471057094824
5518,FMAT,453652.307849626,5678581.33638931,0.0,0.0,0.0,0.0,6.334812164306641,,1.015175223350525,0.0,0.0,,0.7310543227664482,0.5450401033549408
5519,FMAT,453653.019821912,5678580.94661379,0.0,0.0,0.0,0.0,1.867266297340393,,1.0014265775680542,0.0,0.0,,-0.0563583396340021,-0.2120216546150148
5520,FMAT,453653.705733217,5678580.57333128,0.0,0.0,0.0,0.0,2.4571337699890137,,1.0040072202682495,0.0,0.0,,0.4111741237295652,0.2382133291152658
5521,FMAT,453654.417705365,5678580.18355563,0.0,0.0,0.0,0.0,3.270103454589844,,1.0114543437957764,0.0,0.0,,0.5213880554737461,0.4419330898577583
5522,FMAT,453655.155744881,5678579.77617711,0.0,0.0,0.0,0.0,1.259171724319458,,1.019330620765686,0.0,0.0,,0.7560350255510272,0.3388691474969303
5523,FMAT,453655.884901356,5678579.40758808,0.0,0.0,0.0,0.0,1.4704077243804932,,1.01244854927063,0.0,0.0,,0.8476891657895419,-0.0685804000676845
5524,FMAT,453656.648407109,5678579.08470164,0.0,0.0,0.0,0.0,6.870667457580566,,1.013505220413208,0.0,0.0,,0.4342300135554018,0.7202145341594798
5525,FMAT,453657.420371112,5678578.79515794,0.0,0.0,0.0,0.0,2.0895707607269287,,1.0060943365097046,0.0,0.0,,-0.2046451002580867,0.1240669629640653
5526,FMAT,453658.192008413,5678578.5611006,0.0,0.0,0.0,0.0,0.4574618935585022,,1.0108169317245483,0.0,0.0,,0.5061601441649025,-0.0040088328150832
5527,FMAT,453658.928963143,5678578.33793668,0.0,0.0,0.0,0.0,1.496340036392212,,1.0138921737670898,0.0,0.0,,0.2184160090472302,0.1506139578794181
5528,FMAT,453659.700606887,5678578.10276946,0.0,0.0,0.0,0.0,3.308760404586792,,1.0045586824417114,0.0,0.0,,0.392405374949672,0.8555276094798262
5529,FMAT,453660.480741566,5678577.89539632,0.0,0.0,0.0,0.0,0.4192109107971191,,1.0053850412368774,0.0,0.0,,0.1696049454860923,0.0929592159957516
5530,FMAT,453661.209035334,5678577.67329097,0.0,0.0,0.0,0.0,1.377711296081543,,1.0052142143249512,0.0,0.0,,0.2917710010445265,0.5173828053434854
5531,FMAT,453661.929288795,5678577.34682013,0.0,0.0,0.0,0.0,1.297831892967224,,1.0027742385864258,0.0,0.0,,-0.620455966224713,-0.1037701230201857
5532,FMAT,453662.641057738,5678576.99144533,0.0,0.0,0.0,0.0,1.1852926015853882,,1.0026893615722656,0.0,0.0,,0.4020343005647074,0.0352108584215297
5533,FMAT,453663.379331678,5678576.54411581,0.0,0.0,0.0,0.0,4.362837791442871,,1.0049251317977903,0.0,0.0,,0.7608201756589567,0.3990385922445772
5534,FMAT,453664.013388168,5678576.15831975,0.0,0.0,0.0,0.0,4.671155452728272,,1.0069142580032349,0.0,0.0,,0.9043122670536744,0.2096042368920269
5535,FMAT,453664.699416102,5678575.76506117,0.0,0.0,0.0,0.0,3.6625008583068848,,1.0052907466888428,0.0,0.0,,0.4658049135353157,-0.2929939335205421
5536,FMAT,453665.480490999,5678575.39788661,0.0,0.0,0.0,0.0,3.501684188842773,,1.0041249990463257,0.0,0.0,,0.5136339850740178,0.7564166959065318
5537,FMAT,453666.200796325,5678575.06253755,0.0,0.0,0.0,0.0,2.861891984939575,,1.006259799003601,0.0,0.0,,0.3761258097999144,0.5890059217772806
5538,FMAT,453666.929788547,5678574.72169071,0.0,0.0,0.0,0.0,1.649460792541504,,1.0022966861724854,0.0,0.0,,0.8284992227707783,-0.0001430705296235
5539,FMAT,453667.684554175,5678574.41317875,0.0,0.0,0.0,0.0,4.658617973327637,,1.0042505264282229,0.0,0.0,,0.7656694267271099,0.524473231283981
5540,FMAT,453668.421971963,5678574.11122321,0.0,0.0,0.0,0.0,8.051661491394043,,1.0146152973175049,0.0,0.0,,0.6246579481183636,0.4663071429150203
5541,FMAT,453669.211406904,5678573.79403702,0.0,0.0,0.0,0.0,3.5840940475463867,,1.0062192678451538,0.0,0.0,,0.7595861944496871,-0.2770966655475856
5542,FMAT,453670.000574001,5678573.52234962,0.0,0.0,0.0,0.0,1.866400361061096,,1.003859043121338,0.0,0.0,,0.8061891102060109,0.5179423941644964
5543,FMAT,453670.780805913,5678573.29832953,0.0,0.0,0.0,0.0,4.318027973175049,,1.0099478960037231,0.0,0.0,,0.8796620259880559,0.2652967318059269
5544,FMAT,453671.595850884,5678573.04122124,0.0,0.0,0.0,0.0,3.4234414100646973,,1.014858365058899,0.0,0.0,,0.2248542222882058,-0.6097255197985233
5545,FMAT,453672.48931997,5678572.6935735,0.0,0.0,0.0,0.0,5.303541660308838,,1.0090553760528564,0.0,0.0,,0.7275801058260066,-0.0876099292934372
5546,FMAT,453673.16609205,5678572.4023583,0.0,0.0,0.0,0.0,6.500970840454102,,1.0292611122131348,0.0,0.0,,0.5438577344801946,0.3874524461606742
5547,FMAT,453673.990770737,5678571.9788414,0.0,0.0,0.0,0.0,4.454543113708496,,1.0313620567321775,0.0,0.0,,0.1567188474602337,0.7858414064499337
5548,FMAT,453674.650501862,5678571.64202533,0.0,0.0,0.0,0.0,6.014488220214844,,1.0314762592315674,0.0,0.0,,0.6662517262349549,0.203245134263257
5549,FMAT,453675.353621942,5678571.28548873,0.0,0.0,0.0,0.0,1.3210833072662354,,1.0061142444610596,0.0,0.0,,0.1240828036658505,0.1672848838365327
5550,FMAT,453676.108876679,5678570.89374631,0.0,0.0,0.0,0.0,3.5521812438964844,,1.005621075630188,0.0,0.0,,0.2991116857924253,0.1573047814052862
5551,FMAT,453676.811990092,5678570.53831931,0.0,0.0,0.0,0.0,1.1051082611083984,,1.0033024549484253,0.0,0.0,,-0.4300238323144191,0.180048505235893
5552,FMAT,453677.549720607,5678570.18309595,0.0,0.0,0.0,0.0,5.948904037475586,,1.0095856189727783,0.0,0.0,,-0.2528686643723701,0.872496875973345
5553,FMAT,453678.296007394,5678569.84456938,0.0,0.0,0.0,0.0,4.291355609893799,,1.0178782939910889,0.0,0.0,,0.5625751660000232,0.0402098731912848
5554,FMAT,453679.050837396,5678569.52495904,0.0,0.0,0.0,0.0,5.439754962921143,,1.0113441944122314,0.0,0.0,,0.2792674992691493,0.1898547226016157
5555,FMAT,453679.831636737,5678569.20439168,0.0,0.0,0.0,0.0,1.4506213665008545,,1.01412034034729,0.0,0.0,,0.0818220523766078,-0.0079999378177738
5556,FMAT,453680.586251133,5678568.92140224,0.0,0.0,0.0,0.0,3.2608237266540527,,1.005111813545227,0.0,0.0,,-0.5730618169443195,-0.649842306826546
5557,FMAT,453681.297548323,5678568.64592622,0.0,0.0,0.0,0.0,7.095728874206543,,1.0288846492767334,0.0,0.0,,-0.2876517046581043,0.1766553039665762
5558,FMAT,453681.957122144,5678568.33574303,0.0,0.0,0.0,0.0,6.297482967376709,,1.0384917259216309,0.0,0.0,,-0.0534224575180059,-0.5058342797952523
5559,FMAT,453682.686165281,5678567.98601692,0.0,0.0,0.0,0.0,0.525702178478241,,1.008752703666687,0.0,0.0,,0.2223755003466534,0.0029934507025858
5560,FMAT,453683.406443064,5678567.6551052,0.0,0.0,0.0,0.0,2.551570415496826,,1.0049238204956057,0.0,0.0,,0.1882481454968746,-0.3067322527422843
5561,FMAT,453684.196072611,5678567.30462565,0.0,0.0,0.0,0.0,4.491313457489014,,1.0096606016159058,0.0,0.0,,-0.3911796992333835,-0.0760780341399231
5562,FMAT,453684.985669443,5678566.95969467,0.0,0.0,0.0,0.0,1.9752013683319087,,1.056885004043579,0.0,0.0,,0.089451581506424,0.0166790929385875
5563,FMAT,453685.740511948,5678566.63786423,0.0,0.0,0.0,0.0,5.896202087402344,,1.0589520931243896,0.0,0.0,,-0.2244343125345617,0.1021816315125047
5564,FMAT,453686.477823836,5678566.35366267,0.0,0.0,0.0,0.0,15.105989456176758,,1.1330554485321045,0.0,0.0,,-0.3286821089275668,-0.6005393407223844
5565,FMAT,453687.249589597,5678566.09740792,0.0,0.0,0.0,0.0,11.315532684326172,,1.0703485012054443,0.0,0.0,,-0.168791141679932,0.3084327482817896
5566,FMAT,453688.116728725,5678565.81175048,0.0,0.0,0.0,0.0,7.039861679077148,,1.0315570831298828,0.0,0.0,,0.2977405776471293,0.3445608421183106
5567,FMAT,453688.879898846,5678565.5454571,0.0,0.0,0.0,0.0,2.16927433013916,,1.1148512363433838,0.0,0.0,,0.1410361618312321,0.2627801131327281
5568,FMAT,453689.634486443,5678565.26690571,0.0,0.0,0.0,0.0,6.004228115081787,,1.0325332880020142,0.0,0.0,,0.7711137413294352,-0.146302108886664
5569,FMAT,453690.302537666,5678564.98673541,0.0,0.0,0.0,0.0,1.208616018295288,,1.0710386037826538,0.0,0.0,,0.1634244813884668,0.1519590958710805
5570,FMAT,453691.118423256,5678564.58647012,0.0,0.0,0.0,0.0,1.9682095050811768,,1.025787115097046,0.0,0.0,,-0.2509285645362353,0.1620481217940708
5571,FMAT,453691.83892885,5678564.21671713,0.0,0.0,0.0,0.0,2.2130837440490723,,1.005008578300476,0.0,0.0,,0.3280533685258603,0.0320797227774085
5572,FMAT,453692.594162486,5678563.82830233,0.0,0.0,0.0,0.0,1.5679646730422974,,1.0083072185516355,0.0,0.0,,0.6004876252548373,0.1234205661553534
5573,FMAT,453693.32345931,5678563.43529582,0.0,0.0,0.0,0.0,2.1357221603393555,,1.0317820310592651,0.0,0.0,,0.3784925218382418,-0.3810282200519621
5574,FMAT,453694.139853754,5678562.94847138,0.0,0.0,0.0,0.0,2.0093801021575928,,1.0027480125427246,0.0,0.0,,-0.0875147476259346,-0.1074847483426247
5575,FMAT,453694.782607593,5678562.55495565,0.0,0.0,0.0,0.0,2.646114587783813,,1.0031049251556396,0.0,0.0,,-0.2680642962027645,-0.0145816546380811
5576,FMAT,453695.537573291,5678562.21203945,0.0,0.0,0.0,0.0,8.272851943969727,,1.028662085533142,0.0,0.0,,-0.0053060812954763,-0.7734746660952606
5577,FMAT,453696.430648414,5678561.93097272,0.0,0.0,0.0,0.0,11.413437843322754,,1.0379012823104858,0.0,0.0,,0.7605837144123941,0.1114345864321191
5578,FMAT,453697.15905714,5678561.68888895,0.0,0.0,0.0,0.0,6.663838863372803,,1.0262597799301147,0.0,0.0,,0.1023437769922373,-0.1659499550579029
5579,FMAT,453697.913506993,5678561.43364108,0.0,0.0,0.0,0.0,5.619645595550537,,1.064766526222229,0.0,0.0,,-0.4132071996044503,0.1578297702161872
5580,FMAT,453698.745962815,5678561.15887614,0.0,0.0,0.0,0.0,6.509371280670166,,1.0631657838821411,0.0,0.0,,0.0110118322885039,0.7368219730166811
5581,FMAT,453699.500941255,5678560.8137401,0.0,0.0,0.0,0.0,3.210923671722412,,1.0402827262878418,0.0,0.0,,0.4033565071418505,0.2535830483106451
5582,FMAT,453700.169409464,5678560.46254633,0.0,0.0,0.0,0.0,12.710036277770996,,1.1015417575836182,0.0,0.0,,-0.0104427392226063,-0.4006599598686692
5583,FMAT,453700.821273956,5678559.99140001,0.0,0.0,0.0,0.0,3.208567380905152,,1.041104793548584,0.0,0.0,,0.3370973931714164,-0.6704151723220093
5584,FMAT,453701.412715062,5678559.49326386,0.0,0.0,0.0,0.0,6.365977764129639,,1.0387651920318604,0.0,0.0,,0.4564133245337886,0.1972114798722085
5585,FMAT,453702.116315796,5678559.05460496,0.0,0.0,0.0,0.0,9.682741165161133,,1.0724201202392578,0.0,0.0,,0.5470818216773282,0.483440547449077
5586,FMAT,453702.801903021,5678558.7356949,0.0,0.0,0.0,0.0,9.058292388916016,,1.051014423370361,0.0,0.0,,0.3836493284942608,-0.2650494002741668
5587,FMAT,453703.400849518,5678558.43292174,0.0,0.0,0.0,0.0,4.205103874206543,,1.01298725605011,0.0,0.0,,-0.1518731980874244,0.3947441111347849
5588,FMAT,453703.982591836,5678558.11229108,0.0,0.0,0.0,0.0,5.160952091217041,,1.0268765687942505,0.0,0.0,,0.0875615767202974,-0.5332020662766442
5589,FMAT,453704.581616557,5678557.79620108,0.0,0.0,0.0,0.0,9.146605491638184,,1.029350757598877,0.0,0.0,,0.2420979957698909,0.4853893044962735
5590,FMAT,453705.136253852,5678557.66962016,0.0,0.0,0.0,0.0,3.6921041011810303,,1.0157390832901,0.0,0.0,,-0.2255739241250874,0.3506466016068446
5591,FMAT,453705.655771507,5678557.62828473,0.0,0.0,0.0,0.0,11.170071601867676,,1.0464560985565186,0.0,0.0,,0.0970348697459368,-0.7691747757189192
5592,FMAT,453706.427907749,5678557.30877357,0.0,0.0,0.0,0.0,8.318574905395508,,1.0311678647994995,0.0,0.0,,-0.0794982448298719,0.4994503781037383
5593,FMAT,453707.295913143,5678556.87552011,0.0,0.0,0.0,0.0,5.671891212463379,,1.0496187210083008,0.0,0.0,,0.5627576182608277,-0.210959362147246
5594,FMAT,453708.137055047,5678556.59525644,0.0,0.0,0.0,0.0,2.0222623348236084,,1.0125349760055542,0.0,0.0,,0.620317594289764,0.1088855396918236
5595,FMAT,453708.891066818,5678556.41435934,0.0,0.0,0.0,0.0,3.0520050525665283,,1.0178072452545166,0.0,0.0,,0.3485127659685922,-0.3519765158535209
5596,FMAT,453709.575824774,5678556.23638423,0.0,0.0,0.0,0.0,3.667469739913941,,1.024191975593567,0.0,0.0,,0.26660660280713,0.0167620722373731
5597,FMAT,453710.372918612,5678556.08792357,0.0,0.0,0.0,0.0,7.266114711761475,,1.0625154972076416,0.0,0.0,,0.5900419252125378,-0.1653507114843443
5598,FMAT,453711.29988527,5678555.93023861,0.0,0.0,0.0,0.0,11.800995826721191,,1.0679752826690674,0.0,0.0,,0.1688372090957632,0.468766463823655
5599,FMAT,453712.140746333,5678555.69769284,0.0,0.0,0.0,0.0,14.390060424804688,,1.077523112297058,0.0,0.0,,0.2668029532713104,0.7390991982393119
5600,FMAT,453712.990568306,5678555.41304062,0.0,0.0,0.0,0.0,4.253256797790527,,1.003751277923584,0.0,0.0,,0.6492919767012854,-0.5119782165606382
5601,FMAT,453713.719184706,5678555.13544401,0.0,0.0,0.0,0.0,2.700937509536743,,1.0033100843429563,0.0,0.0,,0.8422922060729215,-0.3597863921800511
5602,FMAT,453714.34388452,5678554.86833399,0.0,0.0,0.0,0.0,8.72409725189209,,1.036920428276062,0.0,0.0,,0.3288330925840951,-0.5307711765315253
5603,FMAT,453715.037609683,5678554.63714232,0.0,0.0,0.0,0.0,7.586311817169189,,1.0338828563690186,0.0,0.0,,0.7683240161432909,0.138454048887633
5604,FMAT,453715.818021079,5678554.38204539,0.0,0.0,0.0,0.0,14.222057342529297,,1.0564985275268557,0.0,0.0,,0.7036875929624985,-0.2856291163160928
5605,FMAT,453716.598484618,5678554.11807056,0.0,0.0,0.0,0.0,5.747950553894043,,1.01764976978302,0.0,0.0,,0.4486426868377387,0.3771732477984814
5606,FMAT,453717.327381324,5678553.79275528,0.0,0.0,0.0,0.0,7.458856582641602,,1.023106336593628,0.0,0.0,,0.5523134556583507,0.0266028232457158
5607,FMAT,453718.117164522,5678553.41563886,0.0,0.0,0.0,0.0,2.135353803634644,,1.0777342319488523,0.0,0.0,,0.4767938217286465,0.6640670642760274
5608,FMAT,453718.768205274,5678553.08431688,0.0,0.0,0.0,0.0,3.014011859893799,,1.034218192100525,0.0,0.0,,0.0910721556371586,-0.0745124691934019
5609,FMAT,453719.419350359,5678552.73523918,0.0,0.0,0.0,0.0,14.479697227478027,,1.0421916246414185,0.0,0.0,,-0.0291329318210524,-0.7899931093261244
5610,FMAT,453720.165946808,5678552.34344168,0.0,0.0,0.0,0.0,3.214479684829712,,1.017204523086548,0.0,0.0,,0.321124195110964,-0.1692297472663898
5611,FMAT,453720.912380082,5678551.97938733,0.0,0.0,0.0,0.0,3.450087785720825,,1.0124118328094482,0.0,0.0,,0.8081675599686372,-0.0087854222065502
5612,FMAT,453721.650132918,5678551.61972095,0.0,0.0,0.0,0.0,5.328788757324219,,1.0181334018707275,0.0,0.0,,0.6613072653812567,0.4054612737220446
5613,FMAT,453722.352994607,5678551.30645959,0.0,0.0,0.0,0.0,8.21212100982666,,1.0475057363510132,0.0,0.0,,0.3325035450198741,-0.0468218933160506
5614,FMAT,453723.038417224,5678551.01529099,0.0,0.0,0.0,0.0,8.326990127563477,,1.049666166305542,0.0,0.0,,0.0390526996581348,-0.5392034885069246
5615,FMAT,453723.697987888,5678550.70510432,0.0,0.0,0.0,0.0,11.90730094909668,,1.0673061609268188,0.0,0.0,,0.1759982343840088,0.6765493655062578
5616,FMAT,453724.392306044,5678550.37292652,0.0,0.0,0.0,0.0,6.508763790130615,,1.0276460647583008,0.0,0.0,,0.4984485064775452,-0.4223961528168351
5617,FMAT,453725.121352112,5678550.02208677,0.0,0.0,0.0,0.0,9.371297836303713,,1.07390558719635,0.0,0.0,,0.5506288665663062,0.0393468273211562
5618,FMAT,453725.789655157,5678549.69863406,0.0,0.0,0.0,0.0,5.858420372009277,,1.0680960416793823,0.0,0.0,,0.4853326636953595,0.1294459285493341
5619,FMAT,453726.466638504,5678549.37079324,0.0,0.0,0.0,0.0,10.363408088684082,,1.0699231624603271,0.0,0.0,,0.3206756969645023,0.2054998188871047
5620,FMAT,453727.169760724,5678549.01314232,0.0,0.0,0.0,0.0,3.9191296100616455,,1.0475049018859863,0.0,0.0,,0.1107716310141735,0.2415131319006862
5621,FMAT,453727.85548302,5678548.67092578,0.0,0.0,0.0,0.0,5.655303478240967,,1.0443849563598633,0.0,0.0,,0.2670275944515843,0.2565710223671674
5622,FMAT,453728.61057637,5678548.30581185,0.0,0.0,0.0,0.0,7.006270885467529,,1.05661940574646,0.0,0.0,,0.3146246758836796,0.0030712957729375
5623,FMAT,453729.34822414,5678547.9639004,0.0,0.0,0.0,0.0,3.7735419273376474,,1.020339012145996,0.0,0.0,,-0.1230299576638007,-0.3930053795588145
5624,FMAT,453730.076728369,5678547.70516767,0.0,0.0,0.0,0.0,8.780440330505371,,1.0241299867630005,0.0,0.0,,-0.6960976578472726,-0.2167291307231715
5625,FMAT,453730.831143163,5678547.4554653,0.0,0.0,0.0,0.0,6.970939159393311,,1.0497504472732544,0.0,0.0,,-0.5238472484759212,0.2642143579563045
5626,FMAT,453731.663805036,5678547.14518559,0.0,0.0,0.0,0.0,4.913318634033203,,1.0203580856323242,0.0,0.0,,-0.020321133359106,0.2626619847609487
5627,FMAT,453732.418487145,5678546.84998419,0.0,0.0,0.0,0.0,1.5090430974960327,,1.009969711303711,0.0,0.0,,-0.2474991234609087,-0.1804950184076299
5628,FMAT,453733.155788922,5678546.56688801,0.0,0.0,0.0,0.0,5.730396270751953,,1.036174774169922,0.0,0.0,,-0.0007065956951385,-0.4335304672660574
5629,FMAT,453733.945107542,5678546.26856075,0.0,0.0,0.0,0.0,3.662590265274048,,1.0721919536590576,0.0,0.0,,0.1075346823024418,0.2448150467518921
5630,FMAT,453734.699782956,5678545.97446886,0.0,0.0,0.0,0.0,7.43171501159668,,1.0307554006576538,0.0,0.0,,0.3486140197441489,-0.4991178483466336
5631,FMAT,453735.341542005,5678545.74962861,0.0,0.0,0.0,0.0,9.153034210205078,,1.1073570251464844,0.0,0.0,,0.0959533037178539,0.0033693867893948
5632,FMAT,453736.026689723,5678545.50506748,0.0,0.0,0.0,0.0,19.08123016357422,,1.1071088314056396,0.0,0.0,,0.0217428701126976,0.6463566173611583
5633,FMAT,453736.755728291,5678545.15533639,0.0,0.0,0.0,0.0,11.158833503723145,,1.044525146484375,0.0,0.0,,0.7442549426296644,-0.4693008723164349
5634,FMAT,453737.415408779,5678544.82628319,0.0,0.0,0.0,0.0,10.069537162780762,,1.048438549041748,0.0,0.0,,-0.1181356450837728,0.7688279319092676
5635,FMAT,453738.057748079,5678544.50267686,0.0,0.0,0.0,0.0,8.14660358428955,,1.0589473247528076,0.0,0.0,,-0.1941269181664566,0.1833106278062245
5636,FMAT,453738.821638281,5678544.11319878,0.0,0.0,0.0,0.0,8.955535888671875,,1.0751802921295166,0.0,0.0,,0.2052140806982625,0.3338571165198153
5637,FMAT,453739.533452847,5678543.74893924,0.0,0.0,0.0,0.0,8.334112167358398,,1.047518014907837,0.0,0.0,,0.573335543484441,-0.1122528914690141
5638,FMAT,453740.356696716,5678543.568446,0.0,0.0,0.0,0.0,8.767165184020996,,1.0739147663116455,0.0,0.0,,0.4218110756111081,0.5159649713881876
5639,FMAT,453741.309943571,5678543.35653338,0.0,0.0,0.0,0.0,11.432371139526367,,1.0309922695159912,0.0,0.0,,0.4975037332392124,0.5713581199882057
5640,FMAT,453742.012725467,5678543.05658703,0.0,0.0,0.0,0.0,7.677097797393799,,1.023526310920715,0.0,0.0,,0.3859790427433476,0.4433812895689167
5641,FMAT,453742.620127861,5678542.78715361,0.0,0.0,0.0,0.0,9.308091163635254,,1.0549650192260742,0.0,0.0,,0.3827439437919691,-0.5583276173277012
5642,FMAT,453743.40979134,5678542.43000978,0.0,0.0,0.0,0.0,13.30766487121582,,1.0655360221862793,0.0,0.0,,0.7102502050654232,-0.367268762038822
5643,FMAT,453744.138757556,5678542.09248502,0.0,0.0,0.0,0.0,4.247684001922607,,1.0101349353790283,0.0,0.0,,0.57855886691363,0.4316551554537273
5644,FMAT,453744.824354606,5678541.77135186,0.0,0.0,0.0,0.0,3.4389922618865967,,1.1971269845962524,0.0,0.0,,0.1949146495173817,0.0719668625681866
5645,FMAT,453745.466354273,5678541.50545082,0.0,0.0,0.0,0.0,2.489689826965332,,1.0105674266815186,0.0,0.0,,0.4633797754572569,-0.4480967348681142
5646,FMAT,453746.108432143,5678541.22623298,0.0,0.0,0.0,0.0,3.148277521133423,,1.0119699239730835,0.0,0.0,,0.3550017875136191,0.2796907282380259
5647,FMAT,453746.776361896,5678540.96603303,0.0,0.0,0.0,0.0,11.532925605773926,,1.0459266901016235,0.0,0.0,,0.2475316970688899,0.8972478606825566
5648,FMAT,453747.296804078,5678540.76711339,0.0,0.0,0.0,0.0,9.108319282531738,,1.0248804092407229,0.0,0.0,,0.5718876168279897,0.6095651471194133
5649,FMAT,453748.052117442,5678540.36426683,0.0,0.0,0.0,0.0,11.500941276550291,,1.0276808738708496,0.0,0.0,,0.8871109699893257,0.3825487528974768
5650,FMAT,453748.746694437,5678539.98769775,0.0,0.0,0.0,0.0,4.635185718536377,,1.0362272262573242,0.0,0.0,,0.3242257465521552,-0.0311175364768513
5651,FMAT,453749.397863168,5678539.63417867,0.0,0.0,0.0,0.0,9.979147911071776,,1.0207433700561523,0.0,0.0,,0.531123979218327,0.0741045276828913
5652,FMAT,453749.97948483,5678539.33351974,0.0,0.0,0.0,0.0,0.130985140800476,,1.011060118675232,0.0,0.0,,-0.0965470141403697,0.0075963714689801
5653,FMAT,453750.587121374,5678539.02413548,0.0,0.0,0.0,0.0,12.986249923706056,,1.0478641986846924,0.0,0.0,,0.3609819762175427,0.4154236118269351
5654,FMAT,453751.272926519,5678538.66749045,0.0,0.0,0.0,0.0,7.06844425201416,,1.020735740661621,0.0,0.0,,0.8131237162609027,-0.1716463594777316
5655,FMAT,453751.889197656,5678538.36148612,0.0,0.0,0.0,0.0,7.290882110595703,,1.0294986963272097,0.0,0.0,,0.5062647508627908,0.2958399683900252
5656,FMAT,453752.479356028,5678538.08085298,0.0,0.0,0.0,0.0,11.887999534606934,,1.0531331300735474,0.0,0.0,,0.7102530463175931,-0.0651929380336859
5657,FMAT,453753.112837786,5678537.79159617,0.0,0.0,0.0,0.0,9.175259590148926,,1.0872937440872192,0.0,0.0,,0.5717534592460246,0.7574546553678666
5658,FMAT,453753.720167671,5678537.53436891,0.0,0.0,0.0,0.0,11.460464477539062,,1.0888686180114746,0.0,0.0,,0.5976233153883879,-0.1213059014532004
5659,FMAT,453754.301202265,5678537.33358525,0.0,0.0,0.0,0.0,12.393651008605955,,1.0707502365112305,0.0,0.0,,0.1742866297084407,0.416415684402848
5660,FMAT,453754.899525777,5678537.13623241,0.0,0.0,0.0,0.0,3.0492172241210938,,1.002293348312378,0.0,0.0,,0.7320289298965541,-0.0529792541842461
5661,FMAT,453755.532466275,5678536.93908289,0.0,0.0,0.0,0.0,4.078408241271973,,1.018489122390747,0.0,0.0,,0.4335692001368315,0.0458714985420638
5662,FMAT,453756.165491488,5678536.72750685,0.0,0.0,0.0,0.0,3.0397748947143555,,1.01279616355896,0.0,0.0,,0.0189332787024698,0.5640678744306934
5663,FMAT,453756.764056111,5678536.48909391,0.0,0.0,0.0,0.0,1.3477294445037842,,1.003065824508667,0.0,0.0,,0.48865832201975,0.5361893937562384
5664,FMAT,453757.380059582,5678536.22858803,0.0,0.0,0.0,0.0,3.66735315322876,,1.0167971849441528,0.0,0.0,,0.207145007679176,-0.419502425800689
5665,FMAT,453757.98751958,5678535.94916587,0.0,0.0,0.0,0.0,7.466405391693115,,1.046817183494568,0.0,0.0,,-0.226635030275082,-0.7548922028760355
5666,FMAT,453758.621216079,5678535.62328758,0.0,0.0,0.0,0.0,16.703968048095703,,1.0595552921295166,0.0,0.0,,0.2396135791298655,-0.3359077611338533
5667,FMAT,453759.272247104,5678535.29307199,0.0,0.0,0.0,0.0,2.4928715229034424,,1.049246907234192,0.0,0.0,,0.158696122227547,0.1685342901833628
5668,FMAT,453759.992486007,5678534.96770195,0.0,0.0,0.0,0.0,8.450204849243164,,1.1077708005905151,0.0,0.0,,0.6932728832928429,0.1989510588599891
5669,FMAT,453760.66927108,5678534.67315007,0.0,0.0,0.0,0.0,5.986216068267822,,1.0174392461776731,0.0,0.0,,0.0837052662570471,0.8054548086564073
5670,FMAT,453761.372136182,5678534.35877553,0.0,0.0,0.0,0.0,9.086350440979004,,1.0246635675430298,0.0,0.0,,0.9741107231251088,0.1755435236874182
5671,FMAT,453762.005578196,5678534.07617638,0.0,0.0,0.0,0.0,12.01413917541504,,1.0343302488327026,0.0,0.0,,0.9345932700939568,0.1168278676556653
5672,FMAT,453762.647974254,5678533.7425805,0.0,0.0,0.0,0.0,6.743244171142578,,1.0153117179870603,0.0,0.0,,0.3540764956700144,0.2077876517187753
5673,FMAT,453763.368336718,5678533.3961253,0.0,0.0,0.0,0.0,2.436237573623657,,1.017353057861328,0.0,0.0,,-0.2822455055908303,0.7912429580037311
5674,FMAT,453764.010432832,5678533.11357683,0.0,0.0,0.0,0.0,6.756432056427002,,1.0128546953201294,0.0,0.0,,0.674231268548095,-0.5860862880849832
5675,FMAT,453764.626227219,5678532.8885817,0.0,0.0,0.0,0.0,5.20201301574707,,1.0097448825836182,0.0,0.0,,0.7752915605179206,-0.1343513764381796
5676,FMAT,453765.285084239,5678532.69935199,0.0,0.0,0.0,0.0,9.040410995483398,,1.068855047225952,0.0,0.0,,0.5872902254167737,-0.3289369268535076
5677,FMAT,453765.961412674,5678532.48248067,0.0,0.0,0.0,0.0,4.3171563148498535,,1.0383447408676147,0.0,0.0,,0.3675803437350507,0.4082231511613841
5678,FMAT,453766.655016974,5678532.27125958,0.0,0.0,0.0,0.0,10.37729263305664,,1.030830144882202,0.0,0.0,,-0.0151235271566533,0.6877179421026457
5679,FMAT,453767.400618419,5678532.04813639,0.0,0.0,0.0,0.0,6.6420416831970215,,1.0365302562713623,0.0,0.0,,0.230518755204183,-0.379947951093992
5680,FMAT,453768.111648454,5678531.81704172,0.0,0.0,0.0,0.0,5.3376874923706055,,1.0117151737213137,0.0,0.0,,0.765244792796529,-0.128270269325798
5681,FMAT,453768.883544938,5678531.5374747,0.0,0.0,0.0,0.0,14.088340759277344,,1.0909589529037476,0.0,0.0,,-0.5835235423921984,-0.1353884403346031
5682,FMAT,453769.499482437,5678531.28806516,0.0,0.0,0.0,0.0,8.01386547088623,,1.0468285083770752,0.0,0.0,,0.3448569795296997,-0.5575993019599454
5683,FMAT,453770.107032854,5678530.99310588,0.0,0.0,0.0,0.0,5.533552169799805,,1.0225805044174194,0.0,0.0,,0.3350304409474902,0.2895734896361226
5684,FMAT,453770.663146527,5678530.61461195,0.0,0.0,0.0,0.0,3.2564940452575684,,1.0122488737106323,0.0,0.0,,0.1700567234643175,0.2384724713035063
5685,FMAT,453771.279755147,5678530.25090022,0.0,0.0,0.0,0.0,12.800396919250488,,1.03143310546875,0.0,0.0,,0.8967295942292886,0.0368102410512968
5686,FMAT,453771.991351871,5678529.92325881,0.0,0.0,0.0,0.0,7.6598801612854,,1.018781065940857,0.0,0.0,,0.621462587674408,0.5239988617874953
5687,FMAT,453772.685574876,5678529.60661298,0.0,0.0,0.0,0.0,11.379923820495604,,1.0348100662231443,0.0,0.0,,0.5815273183541568,-0.5746059540564602
5688,FMAT,453773.345174328,5678529.29087353,0.0,0.0,0.0,0.0,8.446691513061523,,1.0224575996398926,0.0,0.0,,0.384793936230255,-0.6008054056620714
5689,FMAT,453773.987360973,5678528.99278804,0.0,0.0,0.0,0.0,4.295870304107666,,1.0322537422180176,0.0,0.0,,0.1121656183982211,0.1054019250806276
5690,FMAT,453774.672870919,5678528.68607877,0.0,0.0,0.0,0.0,7.769275665283203,,1.035647988319397,0.0,0.0,,0.4372532003134181,-0.2710320315153594
5691,FMAT,453775.410247628,5678528.38966191,0.0,0.0,0.0,0.0,5.123618125915527,,1.054582595825195,0.0,0.0,,0.1878012516756669,0.5148919784974438
5692,FMAT,453776.121433479,5678528.13193303,0.0,0.0,0.0,0.0,9.763046264648438,,1.0240918397903442,0.0,0.0,,0.8553859376151847,0.2651399186535959
5693,FMAT,453776.849764865,5678527.90204894,0.0,0.0,0.0,0.0,11.680761337280272,,1.0344769954681396,0.0,0.0,,0.9042524808464808,-0.2935479502027383
5694,FMAT,453777.586796062,5678527.66444749,0.0,0.0,0.0,0.0,22.665903091430664,,1.1270437240600586,0.0,0.0,,0.9270176023455236,0.1296105020242038
5695,FMAT,453778.315355416,5678527.39572276,0.0,0.0,0.0,0.0,4.713903427124023,,1.021531343460083,0.0,0.0,,0.6852265049594845,0.4144056634366347
5696,FMAT,453779.104631255,5678527.10404937,0.0,0.0,0.0,0.0,9.459868431091309,,1.0309263467788696,0.0,0.0,,0.9317719930072552,0.2366190295366794
5697,FMAT,453779.83315793,5678526.84087314,0.0,0.0,0.0,0.0,3.845111608505249,,1.0130506753921509,0.0,0.0,,0.4359285510145654,0.6015393511488178
5698,FMAT,453780.492242115,5678526.61280165,0.0,0.0,0.0,0.0,8.296638488769531,,1.0303118228912354,0.0,0.0,,-0.3236694331298667,0.7607308399301226
5699,FMAT,453781.281498245,5678526.32445723,0.0,0.0,0.0,0.0,2.9011940956115723,,1.0022732019424438,0.0,0.0,,-0.3561209014083449,-0.2729643967949733
5700,FMAT,453781.975459928,5678526.05219972,0.0,0.0,0.0,0.0,8.212381362915039,,1.0155078172683716,0.0,0.0,,0.3438723914432569,-0.8191892520224613
5701,FMAT,453782.678114897,5678525.7733346,0.0,0.0,0.0,0.0,8.79297161102295,,1.0197880268096924,0.0,0.0,,0.5955720442344644,-0.774322509185197
5702,FMAT,453783.372115576,5678525.4944186,0.0,0.0,0.0,0.0,2.132185935974121,,1.0203604698181152,0.0,0.0,,0.3640386717497545,-0.7013479673555776
5703,FMAT,453784.12683922,5678525.19144418,0.0,0.0,0.0,0.0,4.007811546325684,,1.009115219116211,0.0,0.0,,-0.6790244867170009,-0.2771614287081761
5704,FMAT,453784.812387523,5678524.87807566,0.0,0.0,0.0,0.0,5.7730793952941895,,1.018486499786377,0.0,0.0,,0.2822615327902902,0.1057337754902384
5705,FMAT,453785.498320154,5678524.49923308,0.0,0.0,0.0,0.0,12.79660701751709,,1.0300065279006958,0.0,0.0,,0.8800228113499715,-0.1479877035719264
5706,FMAT,453786.132079719,5678524.1622553,0.0,0.0,0.0,0.0,8.840063095092773,,1.0157291889190674,0.0,0.0,,0.9457361549340556,-0.1914665199449937
5707,FMAT,453786.748322279,5678523.86068718,0.0,0.0,0.0,0.0,2.7326104640960693,,1.0151115655899048,0.0,0.0,,0.8649610609774724,-0.3450223755384395
5708,FMAT,453787.37327766,5678523.54918225,0.0,0.0,0.0,0.0,5.8851752281188965,,1.008547306060791,0.0,0.0,,0.7761714395031819,0.3708568733112617
5709,FMAT,453788.024215249,5678523.2345005,0.0,0.0,0.0,0.0,2.790769100189209,,1.0032100677490234,0.0,0.0,,0.4617384081953739,-0.721046822982295
5710,FMAT,453788.727143359,5678522.90902624,0.0,0.0,0.0,0.0,7.397367477416992,,1.0226118564605713,0.0,0.0,,0.1912319614137192,-0.3676639691502602
5711,FMAT,453789.412521898,5678522.62451026,0.0,0.0,0.0,0.0,2.567267894744873,,1.0166832208633425,0.0,0.0,,0.3998767949879727,0.2119409685429383
5712,FMAT,453790.071664074,5678522.38645042,0.0,0.0,0.0,0.0,2.6069531440734863,,1.0059239864349363,0.0,0.0,,0.3884925861193495,-0.1989772947932124
5713,FMAT,453790.756866634,5678522.13189701,0.0,0.0,0.0,0.0,2.384464979171753,,1.0072965621948242,0.0,0.0,,-0.1616923158466953,-0.621030088637938
5714,FMAT,453791.502870286,5678521.83996836,0.0,0.0,0.0,0.0,5.222504138946533,,1.0097885131835938,0.0,0.0,,0.6246534419524966,-0.7351256347641829
5715,FMAT,453792.162403176,5678521.53532463,0.0,0.0,0.0,0.0,2.2746002674102783,,1.0020829439163208,0.0,0.0,,0.5743192583523259,0.1701963210699456
5716,FMAT,453792.735934316,5678521.13806537,0.0,0.0,0.0,0.0,5.1938323974609375,,1.0209976434707642,0.0,0.0,,0.5952532657599461,-0.3677854633008417
5717,FMAT,453793.162532306,5678520.70776036,0.0,0.0,0.0,0.0,1.816417932510376,,1.0018925666809082,0.0,0.0,,0.1208751817434502,-0.1967201502913836
5718,FMAT,453793.520300226,5678520.20824575,0.0,0.0,0.0,0.0,7.715128421783447,,1.0135555267333984,0.0,0.0,,0.2970668099885702,-0.8692400825748715
5719,FMAT,453793.826637753,5678519.62408696,0.0,0.0,0.0,0.0,11.164183616638184,,1.0267446041107178,0.0,0.0,,0.5449790756683541,-0.7626955818048281
5720,FMAT,453794.055041539,5678519.04723908,0.0,0.0,0.0,0.0,5.319453716278076,,1.0110692977905271,0.0,0.0,,0.1565237493705577,-0.8889652881738908
5721,FMAT,453794.214328678,5678518.45000969,0.0,0.0,0.0,0.0,7.260738849639893,,1.0447078943252563,0.0,0.0,,0.4445337369822927,-0.5142757850090204
5722,FMAT,453794.304518723,5678517.82906961,0.0,0.0,0.0,0.0,3.9031941890716553,,1.0085091590881348,0.0,0.0,,0.100728587429312,0.2152420695265136
5723,FMAT,453794.334226843,5678517.19112802,0.0,0.0,0.0,0.0,11.095186233520508,,1.0295757055282593,0.0,0.0,,0.0425391397574335,0.8137510269873873
5724,FMAT,453794.312231046,5678516.51515086,0.0,0.0,0.0,0.0,8.353686332702637,,1.0149657726287842,0.0,0.0,,0.2089347592073268,0.7354810209706825
5725,FMAT,453794.2296817,5678515.8343792,0.0,0.0,0.0,0.0,9.296332359313965,,1.0176812410354614,0.0,0.0,,0.9048733439813142,-0.3228862301253399
5726,FMAT,453794.06960908,5678515.09100556,0.0,0.0,0.0,0.0,4.002840995788574,,1.0118486881256104,0.0,0.0,,0.4902752744603303,-0.8515080208550261
5727,FMAT,453793.86601131,5678514.39065734,0.0,0.0,0.0,0.0,7.899710178375244,,1.0209412574768066,0.0,0.0,,0.6047140465678016,-0.713091259985546
5728,FMAT,453793.636405296,5678513.69792481,0.0,0.0,0.0,0.0,2.41404390335083,,1.018218755722046,0.0,0.0,,0.4180474423968729,-0.572392029519733
5729,FMAT,453793.389614637,5678512.98400583,0.0,0.0,0.0,0.0,7.813395023345947,,1.1438498497009275,0.0,0.0,,0.1931438786149865,-0.7072727414411285
5730,FMAT,453793.14298036,5678512.24345336,0.0,0.0,0.0,0.0,6.0780415534973145,,1.0108884572982788,0.0,0.0,,-0.3886344467108348,-0.8122007543179771
5731,FMAT,453792.879226582,5678511.47061715,0.0,0.0,0.0,0.0,11.23359489440918,,1.0215891599655151,0.0,0.0,,0.7926514781065984,0.2113001197282763
5732,FMAT,453792.624074973,5678510.70670955,0.0,0.0,0.0,0.0,7.555582046508789,,1.0136066675186155,0.0,0.0,,0.7127816639302996,-0.6571456220529063
5733,FMAT,453792.351484685,5678509.96489492,0.0,0.0,0.0,0.0,6.114771842956543,,1.0209598541259766,0.0,0.0,,0.6901258758867147,-0.2885811581733648
5734,FMAT,453792.070298856,5678509.21304192,0.0,0.0,0.0,0.0,7.667478561401367,,1.027225136756897,0.0,0.0,,0.0434300209040533,-0.7935676765787326
5735,FMAT,453791.780387201,5678508.47334513,0.0,0.0,0.0,0.0,10.238624572753906,,1.020238161087036,0.0,0.0,,0.1643331379481517,-0.8588089936591938
5736,FMAT,453791.499168914,5678507.72704075,0.0,0.0,0.0,0.0,8.524295806884766,,1.0210044384002686,0.0,0.0,,0.803000874060865,-0.525814429948925
5737,FMAT,453791.209250856,5678506.98845365,0.0,0.0,0.0,0.0,1.7176467180252075,,1.00212824344635,0.0,0.0,,-0.1087922475459652,-0.2204815798858014
5738,FMAT,453790.937201524,5678506.15453149,0.0,0.0,0.0,0.0,5.79900598526001,,1.0129369497299194,0.0,0.0,,0.4742096994247308,0.0842949740606873
5739,FMAT,453790.674151727,5678505.26184449,0.0,0.0,0.0,0.0,7.648945331573486,,1.009997010231018,0.0,0.0,,0.9803530236229618,-0.0801850283040256
5740,FMAT,453790.427902306,5678504.45581793,0.0,0.0,0.0,0.0,13.108845710754396,,1.037522554397583,0.0,0.0,,0.9296383037635206,-0.073629456588093
5741,ALG,453790.156048581,5678503.58860387,0.0,0.0,0.0,0.0,5.160052299499512,,1.0074180364608765,0.0,0.0,,0.1135216455974395,-0.6733648223079082
5742,ALG,453789.92689924,5678502.8181902,0.0,0.0,0.0,0.0,4.921325206756592,,1.0056202411651611,0.0,0.0,,-0.0950538656583681,-0.8817314852997614
5743,ALG,453789.654374638,5678502.06527818,0.0,0.0,0.0,0.0,14.094649314880373,,1.0330121517181396,0.0,0.0,,0.3050027920236638,-0.9149421787908444
5744,ALG,453789.373111187,5678501.32674181,0.0,0.0,0.0,0.0,9.602667808532717,,1.0223259925842283,0.0,0.0,,0.742496340200152,-0.1063892349495912
5745,ALG,453789.083284781,5678500.57261843,0.0,0.0,0.0,0.0,8.010136604309082,,1.011271357536316,0.0,0.0,,0.7781937133985303,-0.4980592730902657
5746,ALG,453788.793419344,5678499.82515341,0.0,0.0,0.0,0.0,5.730387210845947,,1.014110445976257,0.0,0.0,,0.6466887416198884,-0.5199088244213925
5747,ALG,453788.468735164,5678499.11188675,0.0,0.0,0.0,0.0,2.5766823291778564,,1.0210200548171997,0.0,0.0,,0.853141567529017,-0.3973773111458855
5748,ALG,453788.117971148,5678498.41844277,0.0,0.0,0.0,0.0,3.705764770507813,,1.0037202835083008,0.0,0.0,,0.5344976571907457,-0.6693989581277725
5749,ALG,453787.767565504,5678497.6639637,0.0,0.0,0.0,0.0,5.731602191925049,,1.0158363580703735,0.0,0.0,,0.8071822830199585,-0.376175536900051
5750,ALG,453787.400411783,5678496.81394634,0.0,0.0,0.0,0.0,6.207282543182373,,1.0242016315460205,0.0,0.0,,0.8271194423956785,0.1461298227031663
5751,ALG,453787.024851502,5678495.92170845,0.0,0.0,0.0,0.0,4.284850597381592,,1.051687717437744,0.0,0.0,,0.0487338300583413,0.1005943352142833
5752,ALG,453786.648489971,5678495.16596718,0.0,0.0,0.0,0.0,3.1458373069763184,,1.0050764083862305,0.0,0.0,,0.7905528295625817,0.1991578810076506
5753,ALG,453786.271861403,5678494.45572476,0.0,0.0,0.0,0.0,5.278940677642822,,1.045587182044983,0.0,0.0,,0.7105006622765263,-0.1361185223254758
5754,ALG,453785.912795398,5678493.70230453,0.0,0.0,0.0,0.0,3.084033250808716,,1.0106735229492188,0.0,0.0,,-0.4639727493564813,0.0833305984927465
5755,ALG,453785.562468363,5678492.9345086,0.0,0.0,0.0,0.0,3.0013012886047363,,1.0633575916290283,0.0,0.0,,0.4269545070179321,-0.3598329424562292
5756,ALG,453785.263766931,5678492.21806503,0.0,0.0,0.0,0.0,8.825837135314941,,1.0190938711166382,0.0,0.0,,0.9081442874173112,-0.2909389210587886
5757,ALG,453784.982575927,5678491.46732148,0.0,0.0,0.0,0.0,10.877010345458984,,1.0891221761703491,0.0,0.0,,0.3582014379055292,-0.3440657932557416
5758,ALG,453784.719234146,5678490.62457204,0.0,0.0,0.0,0.0,4.991902828216553,,1.0196248292922974,0.0,0.0,,-0.0076502336373271,0.1693222526262404
5759,ALG,453784.507693838,5678489.8032123,0.0,0.0,0.0,0.0,10.034307479858398,,1.033789038658142,0.0,0.0,,0.2521988106266721,-0.6842859006096137
5760,FMAT,453784.296231762,5678488.9685358,0.0,0.0,0.0,0.0,4.174262523651123,,1.0203429460525513,0.0,0.0,,0.5914506945830729,0.0530818341784401
5761,FMAT,453784.041368429,5678488.15579982,0.0,0.0,0.0,0.0,12.62519359588623,,1.1281466484069824,0.0,0.0,,0.8507277345610524,-0.3825615038687124
5762,FMAT,453783.760275425,5678487.38841028,0.0,0.0,0.0,0.0,2.069998979568481,,1.01298725605011,0.0,0.0,,0.1761331573075828,-0.4312517951756835
5763,FMAT,453783.444780691,5678486.58419645,0.0,0.0,0.0,0.0,1.0182595252990725,,1.003133773803711,0.0,0.0,,0.1700793526868672,-0.5494580865717643
5764,FMAT,453783.12905147,5678485.81993283,0.0,0.0,0.0,0.0,3.305739641189575,,1.0094350576400757,0.0,0.0,,0.8437390778507993,-0.2356397684493053
5765,FMAT,453782.804316282,5678485.11554374,0.0,0.0,0.0,0.0,8.99626350402832,,1.0147801637649536,0.0,0.0,,0.8277736129585985,-0.4987626519665036
5766,FMAT,453782.43632972,5678484.40757139,0.0,0.0,0.0,0.0,3.966460466384888,,1.009301781654358,0.0,0.0,,0.7404394253333724,-0.5843190209114956
5767,FMAT,453782.06834974,5678483.6984893,0.0,0.0,0.0,0.0,7.4394097328186035,,1.0156843662261963,0.0,0.0,,0.9541602069927902,0.1794312674465259
5768,FMAT,453781.735071305,5678482.97518396,0.0,0.0,0.0,0.0,8.239664077758789,,1.0574445724487305,0.0,0.0,,-0.4292741340002459,-0.3107717377353001
5769,FMAT,453781.453848409,5678482.2299889,0.0,0.0,0.0,0.0,5.810400009155273,,1.0315314531326294,0.0,0.0,,0.5268152354316125,-0.6307233417829814
5770,FMAT,453781.207098987,5678481.50941112,0.0,0.0,0.0,0.0,8.794553756713867,,1.0152153968811035,0.0,0.0,,0.1354886407859467,-0.5052250401798016
5771,FMAT,453780.986116715,5678480.82227763,0.0,0.0,0.0,0.0,1.867637038230896,,1.0047167539596558,0.0,0.0,,0.225872717893764,-0.6785518472998868
5772,FMAT,453780.635230399,5678480.14991813,0.0,0.0,0.0,0.0,1.2160072326660156,,1.0042166709899902,0.0,0.0,,0.3216138112067479,-0.5290330513713298
5773,FMAT,453780.214315692,5678479.61253902,0.0,0.0,0.0,0.0,3.36731505393982,,1.0156636238098145,0.0,0.0,,0.4294557772861365,-0.5034986292627883
5774,FMAT,453779.732365601,5678479.15248519,0.0,0.0,0.0,0.0,10.236685752868652,,1.0275616645812988,0.0,0.0,,0.3951169604687767,-0.27639731862192
5775,FMAT,453779.197975667,5678478.77979502,0.0,0.0,0.0,0.0,10.30436897277832,,1.1120257377624512,0.0,0.0,,-0.1214908673684056,0.3948874076008544
5776,FMAT,453778.619721874,5678478.50783605,0.0,0.0,0.0,0.0,9.706830024719238,,1.055936574935913,0.0,0.0,,0.1287385040338596,-0.3489689552972299
5777,FMAT,453778.058118366,5678478.34806127,0.0,0.0,0.0,0.0,19.387134552001957,,1.137110948562622,0.0,0.0,,0.3245611087911086,-0.1097661199999657
5778,FMAT,453777.513256347,5678478.28493449,0.0,0.0,0.0,0.0,9.260048866271973,,1.0768424272537231,0.0,0.0,,0.4925830736516748,-0.2418007629818038
5779,FMAT,453776.976533736,5678478.30952705,0.0,0.0,0.0,0.0,14.946001052856444,,1.0807900428771973,0.0,0.0,,0.0352157785477568,-0.3827007598259258
5780,FMAT,453776.370030233,5678478.42693025,0.0,0.0,0.0,0.0,14.53232479095459,,1.1889022588729858,0.0,0.0,,-0.3838747684065946,-0.2326421213400893
5781,FMAT,453775.832349684,5678478.61465287,0.0,0.0,0.0,0.0,8.157614707946777,,1.1372941732406616,0.0,0.0,,-0.3959637027742048,0.3663191075345383
5782,FMAT,453775.311488751,5678478.88570674,0.0,0.0,0.0,0.0,10.026002883911133,,1.0892152786254885,0.0,0.0,,-0.0711967941126991,-0.3460134793008328
5783,FMAT,453774.798825804,5678479.23449241,0.0,0.0,0.0,0.0,2.238872528076172,,1.02696430683136,0.0,0.0,,-0.0866911692004324,-0.5053417037169322
5784,FMAT,453774.337657855,5678479.65682507,0.0,0.0,0.0,0.0,12.192663192749023,,1.0556607246398926,0.0,0.0,,0.1080402372129279,-0.5313107278935699
5785,FMAT,453773.919467556,5678480.12934959,0.0,0.0,0.0,0.0,3.718825101852417,,1.070931315422058,0.0,0.0,,0.0344541672984136,-0.8050405374465847
5786,FMAT,453773.509501292,5678480.67516701,0.0,0.0,0.0,0.0,6.7873711585998535,,1.0649876594543457,0.0,0.0,,0.2656587447379193,-0.2741937752434072
5787,FMAT,453773.099300361,5678481.26093464,0.0,0.0,0.0,0.0,8.478331565856934,,1.0327134132385254,0.0,0.0,,-0.527541752444617,-0.0907753533882763
5788,FMAT,453772.680666754,5678481.80892066,0.0,0.0,0.0,0.0,4.717118263244629,,1.012707233428955,0.0,0.0,,-0.5284717976283655,-0.5578904397931034
5789,FMAT,453772.218644818,5678482.37662766,0.0,0.0,0.0,0.0,3.454832077026367,,1.019722580909729,0.0,0.0,,-0.4260195793407523,-0.518495826030699
5790,FMAT,453771.747883898,5678482.95871027,0.0,0.0,0.0,0.0,3.2436115741729736,,1.0147329568862915,0.0,0.0,,0.6049309028838461,-0.0435715257617547
5791,FMAT,453771.224963127,5678483.58043816,0.0,0.0,0.0,0.0,3.089367151260376,,1.044047713279724,0.0,0.0,,0.0733672891478475,0.089282486527231
5792,FMAT,453770.667321216,5678484.21971838,0.0,0.0,0.0,0.0,9.698149681091309,,1.094559907913208,0.0,0.0,,-0.0499979251422763,-0.422124912210031
5793,FMAT,453770.101403022,5678484.79458346,0.0,0.0,0.0,0.0,8.926900863647461,,1.0574321746826172,0.0,0.0,,0.2911646413714562,-0.0147823257347735
5794,FMAT,453769.526954377,5678485.34831283,0.0,0.0,0.0,0.0,5.1490678787231445,,1.009737253189087,0.0,0.0,,0.5238952790249942,0.0188637406404936
5795,FMAT,453768.883030932,5678485.94269551,0.0,0.0,0.0,0.0,9.983080863952637,,1.0589293241500854,0.0,0.0,,-0.0693280059241507,-0.7572285359761474
5796,FMAT,453768.256656932,5678486.49611984,0.0,0.0,0.0,0.0,10.826313018798828,,1.1130214929580688,0.0,0.0,,0.1969575144245055,0.0554494141583709
5797,FMAT,453767.613104797,5678487.02724788,0.0,0.0,0.0,0.0,9.480265617370604,,1.0831797122955322,0.0,0.0,,0.419122875405652,-0.2715399787383288
5798,FMAT,453766.821812009,5678487.66293602,0.0,0.0,0.0,0.0,3.996812343597412,,1.066855549812317,0.0,0.0,,0.0858256886033449,0.4075017356887894
5799,FMAT,453766.108765372,5678488.23804647,0.0,0.0,0.0,0.0,5.263467788696289,,1.0657252073287964,0.0,0.0,,0.1053567998678575,-0.3776071144658262
5800,FMAT,453765.413131318,5678488.79550284,0.0,0.0,0.0,0.0,5.276796817779541,,1.050861120223999,0.0,0.0,,-0.0311471902810121,-0.224700733551861
5801,FMAT,453764.743518433,5678489.3431241,0.0,0.0,0.0,0.0,7.782197952270508,,1.0344395637512207,0.0,0.0,,-0.1771786268548892,0.1554275338874469
5802,FMAT,453764.10814421,5678489.95531288,0.0,0.0,0.0,0.0,9.08568000793457,,1.0841699838638306,0.0,0.0,,0.49595671450352,-0.4134723648553577
5803,FMAT,453763.542120834,5678490.54793316,0.0,0.0,0.0,0.0,11.398512840270996,,1.0596866607666016,0.0,0.0,,0.8560853569737693,-0.173993291201035
5804,FMAT,453763.019400981,5678491.13525891,0.0,0.0,0.0,0.0,10.91537094116211,,1.091531753540039,0.0,0.0,,0.6682089665327623,0.2774691686327224
5805,FMAT,453762.479040208,5678491.77907913,0.0,0.0,0.0,0.0,4.33362340927124,,1.0895320177078247,0.0,0.0,,-0.175606979490038,-0.0291797064017495
5806,FMAT,453761.930044699,5678492.41951929,0.0,0.0,0.0,0.0,9.837343215942385,,1.1719986200332642,0.0,0.0,,-0.1205115362454277,-0.2415754225295593
5807,FMAT,453761.312219605,5678492.99074955,0.0,0.0,0.0,0.0,11.076861381530762,,1.0707950592041016,0.0,0.0,,0.4234291233408649,-0.4032760106686291
5808,FMAT,453760.607761104,5678493.57700763,0.0,0.0,0.0,0.0,18.948671340942383,,1.1526432037353516,0.0,0.0,,0.6089953887896573,0.2749660519937754
5809,FMAT,453760.085151647,5678494.1454678,0.0,0.0,0.0,0.0,15.396506309509276,,1.120779037475586,0.0,0.0,,0.2648796915335429,0.5653233449262481
5810,FMAT,453759.536325267,5678494.75705484,0.0,0.0,0.0,0.0,8.191278457641602,,1.382373332977295,0.0,0.0,,0.3035897158136852,-0.1362806052776946
5811,FMAT,453758.918154319,5678495.38710055,0.0,0.0,0.0,0.0,5.363533020019531,,1.0479739904403689,0.0,0.0,,0.1729791633986164,-0.2552859149875943
5812,FMAT,453758.343456401,5678495.9829988,0.0,0.0,0.0,0.0,4.33113431930542,,1.0269564390182495,0.0,0.0,,-0.0021389500953731,0.1779323755394097
5813,FMAT,453757.760038999,5678496.58994346,0.0,0.0,0.0,0.0,7.422462463378906,,1.0802443027496338,0.0,0.0,,0.5287950471755459,-0.1913758432529633
5814,FMAT,453757.194223282,5678497.14705196,0.0,0.0,0.0,0.0,10.60361671447754,,1.089290976524353,0.0,0.0,,0.6064277462181268,-0.0704976860202724
5815,FMAT,453756.645918,5678497.66986051,0.0,0.0,0.0,0.0,2.7878596782684326,,1.050795078277588,0.0,0.0,,0.4776208568157886,-0.3146563323438214
5816,FMAT,453756.002135999,5678498.23982812,0.0,0.0,0.0,0.0,10.605146408081056,,1.0971490144729614,0.0,0.0,,-0.4026255622737723,-0.3729678376254229
5817,FMAT,453755.367118943,5678498.79098112,0.0,0.0,0.0,0.0,6.251555919647217,,1.0616096258163452,0.0,0.0,,0.0194089128293484,-0.5548717244199436
5818,FMAT,453754.792909462,5678499.30364946,0.0,0.0,0.0,0.0,2.508303642272949,,1.0292067527770996,0.0,0.0,,0.1854515708058593,-0.5736712472111499
5819,FMAT,453754.183933111,5678499.84163815,0.0,0.0,0.0,0.0,3.0799832344055176,,1.031281590461731,0.0,0.0,,0.2806613031437474,-0.4071802998581328
5820,FMAT,453753.50527312,5678500.45579133,0.0,0.0,0.0,0.0,7.475852012634277,,1.02406108379364,0.0,0.0,,-0.4983871011892821,-0.1087171129025928
5821,FMAT,453752.852777771,5678501.0356954,0.0,0.0,0.0,0.0,7.460536956787109,,1.0619056224822998,0.0,0.0,,0.4313730245735532,0.0254647020629138
5822,FMAT,453752.209053897,5678501.59567514,0.0,0.0,0.0,0.0,5.912718772888184,,1.0089921951293943,0.0,0.0,,0.5980654015669616,-0.591331372627126
5823,FMAT,453751.574062386,5678502.14238892,0.0,0.0,0.0,0.0,6.645187854766846,,1.0299137830734253,0.0,0.0,,0.6569935126063939,-0.4925668328982371
5824,FMAT,453750.973824571,5678502.66600174,0.0,0.0,0.0,0.0,3.020967721939087,,1.0081158876419067,0.0,0.0,,0.513392819322667,-0.0483414474852322
5825,FMAT,453750.434329187,5678503.16222722,0.0,0.0,0.0,0.0,8.033387184143066,,1.014792799949646,0.0,0.0,,0.907858999833868,-0.3353567566662494
5826,FMAT,453749.868779804,5678503.67383632,0.0,0.0,0.0,0.0,5.016796588897705,,1.0097377300262451,0.0,0.0,,0.5591448248345681,0.7528660387638872
5827,FMAT,453749.233364154,5678504.29268228,0.0,0.0,0.0,0.0,5.717288017272949,,1.0505911111831665,0.0,0.0,,0.8231587764732783,0.0617290310788965
5828,FMAT,453748.745793858,5678504.78921273,0.0,0.0,0.0,0.0,3.3081939220428467,,1.008285641670227,0.0,0.0,,0.742224164370291,0.0990841668808715
5829,FMAT,453748.153394832,5678505.45159227,0.0,0.0,0.0,0.0,3.165428638458252,,1.0347740650177002,0.0,0.0,,0.4016940146275822,0.1565434188259451
5830,FMAT,453747.587440874,5678506.03200439,0.0,0.0,0.0,0.0,1.94610333442688,,1.0224329233169556,0.0,0.0,,0.5989989601047503,-0.0715033988007611
5831,FMAT,453746.995882795,5678506.55122883,0.0,0.0,0.0,0.0,4.012529373168945,,1.0129474401474,0.0,0.0,,-0.0688413780759993,0.4562781072851176
5832,FMAT,453746.387629135,5678506.96603704,0.0,0.0,0.0,0.0,4.172549247741699,,1.0169224739074707,0.0,0.0,,0.1285065992370053,0.4408314616798252
5833,FMAT,453745.7449411,5678507.34956939,0.0,0.0,0.0,0.0,5.234668731689453,,1.040140986442566,0.0,0.0,,0.2202450779897074,-0.3759910202554886
5834,FMAT,453745.111324556,5678507.6621299,0.0,0.0,0.0,0.0,6.076103210449219,,1.017017126083374,0.0,0.0,,0.0593611861840421,-0.0993854951976688
5835,FMAT,453744.37358342,5678508.02068873,0.0,0.0,0.0,0.0,8.073338508605957,,1.022553324699402,0.0,0.0,,0.3573148429864237,0.217853310349796
5836,FMAT,453743.817443945,5678508.40361972,0.0,0.0,0.0,0.0,9.66799259185791,,1.022605061531067,0.0,0.0,,0.3616312688533132,-0.3995262890735112
5837,FMAT,453743.200392286,5678508.84279086,0.0,0.0,0.0,0.0,2.870114326477051,,1.0316482782363892,0.0,0.0,,-0.2134878347841968,-0.0316686985464139
5838,FMAT,453742.59199478,5678509.2820128,0.0,0.0,0.0,0.0,5.167318820953369,,1.0798125267028809,0.0,0.0,,0.468557412155923,0.0261184776918644
5839,FMAT,453741.923265445,5678509.67870902,0.0,0.0,0.0,0.0,3.70827579498291,,1.0030713081359863,0.0,0.0,,0.5974169981454257,-0.4131611744423555
5840,FMAT,453741.176478473,5678510.10380042,0.0,0.0,0.0,0.0,4.896938800811768,,1.0107052326202393,0.0,0.0,,0.4135571683657826,0.4284704283881004
5841,FMAT,453740.490981824,5678510.40828733,0.0,0.0,0.0,0.0,1.0078376531600952,,1.0047985315322876,0.0,0.0,,0.1601111566401499,-0.3979190085787478
5842,FMAT,453739.779548532,5678510.70818268,0.0,0.0,0.0,0.0,3.942511320114136,,1.0230141878128052,0.0,0.0,,-0.2747448399320871,0.272831544858833
5843,FMAT,453738.998881382,5678511.0076711,0.0,0.0,0.0,0.0,5.008728981018066,,1.0344783067703247,0.0,0.0,,-0.1650177839702881,0.0836936367029452
5844,FMAT,453738.218351129,5678511.28385514,0.0,0.0,0.0,0.0,4.327038288116455,,1.015779972076416,0.0,0.0,,0.3262865411063885,-0.4015290790605035
5845,FMAT,453737.446533743,5678511.55010241,0.0,0.0,0.0,0.0,4.962932586669922,,1.0312336683273315,0.0,0.0,,0.3956490964700601,0.5729406562206887
5846,FMAT,453736.717641773,5678511.87541953,0.0,0.0,0.0,0.0,12.16689682006836,,1.045751690864563,0.0,0.0,,0.888524942839486,0.1633783853511622
5847,FMAT,453735.971552163,5678512.18176947,0.0,0.0,0.0,0.0,6.086946964263916,,1.0109423398971558,0.0,0.0,,-0.1071743472872519,0.9436892542141012
5848,FMAT,453735.208049687,5678512.50577327,0.0,0.0,0.0,0.0,3.2992985248565674,,1.0159316062927246,0.0,0.0,,0.1024749212987157,-0.2581431454349752
5849,FMAT,453734.49668122,5678512.79457086,0.0,0.0,0.0,0.0,5.92083215713501,,1.0179409980773926,0.0,0.0,,0.0486768183598356,0.6533174602080977
5850,FMAT,453733.777043289,5678513.01784354,0.0,0.0,0.0,0.0,2.2865993976593018,,1.0049840211868286,0.0,0.0,,-0.0507009021417805,0.0015711899836176
5851,FMAT,453733.005356027,5678513.26189579,0.0,0.0,0.0,0.0,5.2693963050842285,,1.0058135986328125,0.0,0.0,,-0.4495569905444215,0.6751207277647552
5852,FMAT,453732.225060144,5678513.49812901,0.0,0.0,0.0,0.0,2.2692315578460693,,1.0146173238754272,0.0,0.0,,0.3065673145367757,0.0029192377542814
5853,FMAT,453731.453424964,5678513.73330329,0.0,0.0,0.0,0.0,1.67277991771698,,1.0091649293899536,0.0,0.0,,-0.2319423321762376,-0.2729381553007393
5854,FMAT,453730.603647296,5678514.0112991,0.0,0.0,0.0,0.0,6.008001804351807,,1.0186973810195925,0.0,0.0,,-0.3039274128242413,-0.080060603706963
5855,FMAT,453729.892180676,5678514.31674221,0.0,0.0,0.0,0.0,12.119298934936523,,1.0376628637313845,0.0,0.0,,-0.1046884445963998,-0.7957309937573157
5856,FMAT,453729.145979669,5678514.64195689,0.0,0.0,0.0,0.0,3.328331470489502,,1.0759838819503784,0.0,0.0,,0.0664126099278467,0.2348417837355529
5857,FMAT,453728.374037698,5678514.92928812,0.0,0.0,0.0,0.0,4.028163909912109,,1.0101662874221802,0.0,0.0,,0.5361885001207188,-0.1192165375187089
5858,FMAT,453727.619423697,5678515.21339183,0.0,0.0,0.0,0.0,5.369116306304932,,1.0143427848815918,0.0,0.0,,0.1902985614313118,0.3194888164973661
5859,FMAT,453726.864731363,5678515.51081221,0.0,0.0,0.0,0.0,5.087929725646973,,1.0196598768234253,0.0,0.0,,0.2319738781629146,-0.1478413898069
5860,FMAT,453726.109993307,5678515.81600061,0.0,0.0,0.0,0.0,7.153923511505127,,1.0318769216537476,0.0,0.0,,0.516657150498304,0.1483415055225246
5861,FMAT,453725.363981182,5678516.10903281,0.0,0.0,0.0,0.0,6.586848258972168,,1.0239118337631226,0.0,0.0,,-0.0380918920683991,0.6845824330672708
5862,FMAT,453724.635721065,5678516.32670513,0.0,0.0,0.0,0.0,6.713707447052002,,1.0313289165496826,0.0,0.0,,0.3765564819898806,0.4224805164520623
5863,FMAT,453723.864157132,5678516.54967165,0.0,0.0,0.0,0.0,6.854438781738281,,1.0603429079055786,0.0,0.0,,0.6266405003319424,-0.3436311309276739
5864,FMAT,453722.82460555,5678516.72112314,0.0,0.0,0.0,0.0,5.886408805847168,,1.019797921180725,0.0,0.0,,0.4613911982234264,0.4984728741614475
5865,FMAT,453721.888943848,5678516.88652665,0.0,0.0,0.0,0.0,5.858734130859375,,1.0440977811813354,0.0,0.0,,0.3141001828161513,0.1399134563387615
5866,FMAT,453721.177652772,5678517.1620063,0.0,0.0,0.0,0.0,9.55648708343506,,1.062475562095642,0.0,0.0,,0.2929283691277969,-0.0475535103188721
5867,FMAT,453720.448883549,5678517.46623708,0.0,0.0,0.0,0.0,4.617982387542725,,1.0316529273986816,0.0,0.0,,-0.2084010844275742,-0.5408250142144561
5868,FMAT,453719.719664097,5678517.84703907,0.0,0.0,0.0,0.0,7.452432632446289,,1.0519708395004272,0.0,0.0,,0.1242050407081823,0.3521551494231927
5869,FMAT,453718.955605808,5678518.26536824,0.0,0.0,0.0,0.0,6.248169422149658,,1.0309255123138428,0.0,0.0,,-0.0539433193765266,0.7306256698972974
5870,FMAT,453718.191684453,5678518.66039304,0.0,0.0,0.0,0.0,3.198169469833374,,1.0313005447387695,0.0,0.0,,0.2964815380286558,0.3924678244542778
5871,FMAT,453717.264089428,5678518.92572247,0.0,0.0,0.0,0.0,3.451420307159424,,1.0403075218200684,0.0,0.0,,0.3119265820539914,0.1598110581866998
5872,FMAT,453716.319172824,5678519.19316948,0.0,0.0,0.0,0.0,8.611071586608887,,1.0604469776153564,0.0,0.0,,0.5999995323382911,-0.4260782126792818
5873,FMAT,453715.590383646,5678519.50072899,0.0,0.0,0.0,0.0,6.430224895477295,,1.0241979360580444,0.0,0.0,,0.6135693947205665,0.3667900745185206
5874,FMAT,453714.852972801,5678519.80268891,0.0,0.0,0.0,0.0,3.308985471725464,,1.0095962285995483,0.0,0.0,,0.0239046658365525,0.0104106258192749
5875,FMAT,453714.020880793,5678520.01642045,0.0,0.0,0.0,0.0,3.189374685287476,,1.0122016668319702,0.0,0.0,,0.2446538909980812,-0.4599559302975125
5876,FMAT,453713.154132647,5678520.23660672,0.0,0.0,0.0,0.0,7.46802282333374,,1.0197218656539917,0.0,0.0,,0.263206345611107,0.3800624851161743
5877,FMAT,453712.339238088,5678520.46930524,0.0,0.0,0.0,0.0,3.9763824939727774,,1.016271948814392,0.0,0.0,,0.4212722495801965,0.6390466189986294
5878,FMAT,453711.662400152,5678520.7727308,0.0,0.0,0.0,0.0,5.086435794830322,,1.0256707668304443,0.0,0.0,,0.6892023857846272,0.2351804522484416
5879,FMAT,453710.985483856,5678521.08947305,0.0,0.0,0.0,0.0,7.0218186378479,,1.0141395330429075,0.0,0.0,,0.7853011426875934,-0.5604658902069358
5880,FMAT,453710.204462164,5678521.44888398,0.0,0.0,0.0,0.0,4.7418084144592285,,1.0465706586837769,0.0,0.0,,-0.3375051685872846,0.1404393628689676
5881,FMAT,453709.501485155,5678521.78211936,0.0,0.0,0.0,0.0,0.5590734481811523,,1.0236215591430664,0.0,0.0,,0.4467801142147214,-0.3270380241335152
5882,FMAT,453708.885115719,5678522.10476632,0.0,0.0,0.0,0.0,4.938798427581787,,1.0204776525497437,0.0,0.0,,0.2573271125968294,0.5234402145994203
5883,FMAT,453708.181975445,5678522.4657448,0.0,0.0,0.0,0.0,2.868628740310669,,1.0105189085006714,0.0,0.0,,0.4147651522971636,-0.8012399592596443
5884,FMAT,453707.504987075,5678522.79469377,0.0,0.0,0.0,0.0,3.4357833862304688,,1.008974552154541,0.0,0.0,,0.9026453309344924,0.2556055460959193
5885,FMAT,453706.889478923,5678522.97085638,0.0,0.0,0.0,0.0,4.623186111450195,,1.0052169561386108,0.0,0.0,,0.7900669994094517,0.4634796173613671
5886,FMAT,453706.196063013,5678523.14989007,0.0,0.0,0.0,0.0,3.3730289936065674,,1.0057971477508545,0.0,0.0,,0.4362978281161379,0.4934943432816404
5887,FMAT,453705.606785094,5678523.28070639,0.0,0.0,0.0,0.0,6.5127668380737305,,1.0147087574005127,0.0,0.0,,0.8754579833555551,-0.0481356542692444
5888,FMAT,453704.991413912,5678523.43356454,0.0,0.0,0.0,0.0,4.857413291931152,,1.0323972702026367,0.0,0.0,,0.7316469400863294,-0.2109773116599085
5889,FMAT,453704.392163369,5678523.78849507,0.0,0.0,0.0,0.0,3.43692684173584,,1.0089033842086792,0.0,0.0,,0.7649550571058125,0.0074686658214744
5890,FMAT,453703.810195146,5678524.14796626,0.0,0.0,0.0,0.0,2.3689520359039307,,1.004365086555481,0.0,0.0,,0.0930545980054444,0.4959434757396019
5891,FMAT,453703.202375103,5678524.48841932,0.0,0.0,0.0,0.0,2.4997498989105225,,1.0026589632034302,0.0,0.0,,-0.3271111857705956,0.1347751096130514
5892,FMAT,453702.422096757,5678524.72132041,0.0,0.0,0.0,0.0,7.063484191894531,,1.0124136209487915,0.0,0.0,,0.3921203224012035,0.8001935039943424
5893,FMAT,453701.633262025,5678524.9375246,0.0,0.0,0.0,0.0,7.502213001251221,,1.0136085748672483,0.0,0.0,,0.7165594305434325,-0.2319714879881255
5894,FMAT,453700.905268016,5678525.10969586,0.0,0.0,0.0,0.0,5.20269775390625,,1.0085898637771606,0.0,0.0,,0.5310810709885468,0.4786790857208987
5895,FMAT,453700.142578682,5678525.29498019,0.0,0.0,0.0,0.0,4.128395080566406,,1.0250898599624634,0.0,0.0,,0.6034730330708019,-0.0970644393203858
5896,FMAT,453699.336272166,5678525.53882556,0.0,0.0,0.0,0.0,5.309752464294434,,1.0116584300994873,0.0,0.0,,0.7334827981362916,0.564550177616032
5897,FMAT,453698.581871468,5678525.78630545,0.0,0.0,0.0,0.0,8.049935340881348,,1.0272160768508911,0.0,0.0,,0.6837987905182604,-0.2975042829713858
5898,FMAT,453697.879246044,5678526.05961445,0.0,0.0,0.0,0.0,2.87602972984314,,1.040084958076477,0.0,0.0,,-0.0133902531332344,0.7440883099509822
5899,FMAT,453697.176581405,5678526.33958176,0.0,0.0,0.0,0.0,2.012424945831299,,1.012999415397644,0.0,0.0,,0.5910090865823747,-0.1590889690874309
5900,FMAT,453696.482544849,5678526.62403883,0.0,0.0,0.0,0.0,6.916195869445801,,1.0528517961502075,0.0,0.0,,0.3930587370920333,0.1456958059284378
5901,FMAT,453695.675781143,5678526.94556484,0.0,0.0,0.0,0.0,6.4216132164001465,,1.0438828468322754,0.0,0.0,,0.4761183199500027,0.6503744140297033
5902,FMAT,453694.929681932,5678527.25302063,0.0,0.0,0.0,0.0,7.553329467773437,,1.0428119897842407,0.0,0.0,,0.5672568883285013,-0.4431457727554583
5903,FMAT,453694.166169729,5678527.5781302,0.0,0.0,0.0,0.0,7.901937007904053,,1.0726075172424316,0.0,0.0,,0.4532764941768177,0.6067000770542186
5904,FMAT,453693.445987439,5678527.89350669,0.0,0.0,0.0,0.0,8.57460880279541,,1.0333099365234375,0.0,0.0,,-0.311446790859367,-0.0545043237775747
5905,FMAT,453692.725818143,5678528.20666365,0.0,0.0,0.0,0.0,3.053961515426636,,1.0820932388305664,0.0,0.0,,0.0428237058158985,-0.0537526504861769
5906,FMAT,453692.005740182,5678528.50428434,0.0,0.0,0.0,0.0,11.94294548034668,,1.0902440547943115,0.0,0.0,,0.2503965244154382,0.2591267220793243
5907,FMAT,453691.277314755,5678528.74969681,0.0,0.0,0.0,0.0,5.179334163665772,,1.0253392457962036,0.0,0.0,,0.7827305500975171,0.2337864422732284
5908,FMAT,453690.574976054,5678528.9741771,0.0,0.0,0.0,0.0,8.625655174255371,,1.0409477949142456,0.0,0.0,,0.8825202338693279,-0.2271088735275272
5909,FMAT,453689.05757789,5678529.45909667,0.0,0.0,0.0,0.0,3.480886220932007,,1.006472945213318,0.0,0.0,,0.4814782209855255,0.0084536570071382
5910,FMAT,453688.3119613,5678529.68443191,0.0,0.0,0.0,0.0,6.932612895965576,,1.0174587965011597,0.0,0.0,,0.2725671822475582,-0.5801826686111428
5911,FMAT,453687.549055762,5678529.90633608,0.0,0.0,0.0,0.0,2.75701642036438,,1.0096255540847778,0.0,0.0,,0.0946256186054365,0.212509626328148
5912,FMAT,453686.777384939,5678530.14705464,0.0,0.0,0.0,0.0,4.615099906921387,,1.0159262418746948,0.0,0.0,,0.3251893049851603,-0.5826528036611517
5913,FMAT,453686.074732587,5678530.42480151,0.0,0.0,0.0,0.0,14.889384269714355,,1.094926834106445,0.0,0.0,,0.7114689507321369,0.2336055307880204
5914,FMAT,453685.328606547,5678530.73669532,0.0,0.0,0.0,0.0,3.7884137630462646,,1.0133004188537598,0.0,0.0,,0.701523082220103,0.0163020644306288
5915,FMAT,453684.608312605,5678531.07093638,0.0,0.0,0.0,0.0,2.9316670894622803,,1.0040302276611328,0.0,0.0,,0.5480155014413843,-0.632877613815963
5916,FMAT,453683.835858055,5678531.4448221,0.0,0.0,0.0,0.0,2.1378676891326904,,1.004265069961548,0.0,0.0,,-0.2264201816843034,0.355550038240354
5917,FMAT,453683.046134114,5678531.81194753,0.0,0.0,0.0,0.0,8.010933876037598,,1.0139336585998535,0.0,0.0,,0.0641924553595668,-0.8965631115016768
5918,FMAT,453682.274136487,5678532.10815209,0.0,0.0,0.0,0.0,7.649217128753662,,1.0613391399383545,0.0,0.0,,0.2163984558165157,0.5616291594314098
5919,FMAT,453681.502158387,5678532.40102739,0.0,0.0,0.0,0.0,9.48737621307373,,1.0691487789154053,0.0,0.0,,0.3455696832610819,-0.3587260424930382
5920,FMAT,453680.747599736,5678532.67513907,0.0,0.0,0.0,0.0,7.155820369720459,,1.0415418148040771,0.0,0.0,,-0.7783279671857436,-0.1563267273562657
5921,FMAT,453679.967130519,5678532.94022008,0.0,0.0,0.0,0.0,4.48571252822876,,1.0148444175720217,0.0,0.0,,-0.1435612931542215,-0.2631527287493027
5922,FMAT,453679.212695831,5678533.19324676,0.0,0.0,0.0,0.0,7.89430046081543,,1.0241694450378418,0.0,0.0,,0.567603261340527,-0.477443600689294
5923,FMAT,453678.501662946,5678533.42433343,0.0,0.0,0.0,0.0,2.431679010391236,,1.0021535158157349,0.0,0.0,,0.9560832463347488,0.1947093721822644
5924,FMAT,453677.686589635,5678533.68699105,0.0,0.0,0.0,0.0,5.402414321899414,,1.0085331201553345,0.0,0.0,,0.934674961098446,-0.1422912404378485
5925,FMAT,453676.966850165,5678533.92690448,0.0,0.0,0.0,0.0,8.866337776184082,,1.0134377479553225,0.0,0.0,,0.2333649627518249,-0.9480185669682196
5926,FMAT,453676.238410685,5678534.17453502,0.0,0.0,0.0,0.0,0.1976519525051117,,1.0026631355285645,0.0,0.0,,0.3657503194678028,-0.2243898913106525
5927,FMAT,453675.492414499,5678534.46423333,0.0,0.0,0.0,0.0,6.329214572906494,,1.0220366716384888,0.0,0.0,,0.6419795577989769,0.3221659724191779
5928,FMAT,453674.824443667,5678534.73108562,0.0,0.0,0.0,0.0,17.529287338256836,,1.0823400020599363,0.0,0.0,,-0.1909100945340215,0.8343507816409929
5929,FMAT,453674.095736286,5678535.02421484,0.0,0.0,0.0,0.0,8.194387435913086,,1.0626935958862305,0.0,0.0,,-0.1669587652693936,0.4737333709358256
5930,FMAT,453673.280584287,5678535.30018876,0.0,0.0,0.0,0.0,8.515771865844727,,1.0361436605453491,0.0,0.0,,0.7536359633108667,0.004941437318068
5931,FMAT,453672.552092315,5678535.55669679,0.0,0.0,0.0,0.0,1.4861706495285034,,1.0362838506698608,0.0,0.0,,0.3343358796603277,0.1051505126640478
5932,FMAT,453671.849497743,5678535.82445483,0.0,0.0,0.0,0.0,3.4971587657928467,,1.0220342874526978,0.0,0.0,,0.0437375887620457,0.251340568554236
5933,FMAT,453671.1209273,5678536.09427948,0.0,0.0,0.0,0.0,6.449872016906738,,1.0213890075683594,0.0,0.0,,0.6606237528794562,0.226061312486383
5934,FMAT,453670.43553664,5678536.37989492,0.0,0.0,0.0,0.0,6.38316011428833,,1.0479133129119873,0.0,0.0,,0.0022463453519422,0.3358988061247597
5935,FMAT,453669.732830888,5678536.66651817,0.0,0.0,0.0,0.0,8.8854341506958,,1.029281497001648,0.0,0.0,,0.3482955901553934,0.5048442699330368
5936,FMAT,453669.03897528,5678536.91990043,0.0,0.0,0.0,0.0,16.068893432617188,,1.139149188995361,0.0,0.0,,-0.2576343416759612,-0.3373158963736342
5937,FMAT,453668.362480388,5678537.16450667,0.0,0.0,0.0,0.0,4.12006425857544,,1.045149564743042,0.0,0.0,,0.6133901168025041,-0.0020261339282977
5938,FMAT,453667.677239756,5678537.42459811,0.0,0.0,0.0,0.0,14.645875930786133,,1.0954463481903076,0.0,0.0,,0.2313240730105515,0.6851184605091939
5939,FMAT,453667.009242273,5678537.69588866,0.0,0.0,0.0,0.0,10.25271987915039,,1.05544912815094,0.0,0.0,,0.6955298989663157,0.0699671723552006
5940,FMAT,453666.315197062,5678537.98145282,0.0,0.0,0.0,0.0,8.154078483581543,,1.1909711360931396,0.0,0.0,,0.2863211562716936,0.1099710373643475
5941,FMAT,453665.577534332,5678538.32557783,0.0,0.0,0.0,0.0,6.499814033508301,,1.1192708015441897,0.0,0.0,,-0.0458619953240717,0.5735717830372602
5942,FMAT,453664.848695625,5678538.64090077,0.0,0.0,0.0,0.0,3.785799503326416,,1.0503010749816897,0.0,0.0,,0.8693470149501609,0.2682102335821836
5943,FMAT,453664.025130347,5678538.87576283,0.0,0.0,0.0,0.0,7.443171977996826,,1.022136688232422,0.0,0.0,,0.9092527302050568,-0.0296210264676508
5944,FMAT,453663.236175513,5678539.1119383,0.0,0.0,0.0,0.0,3.0547573566436768,,1.0378637313842771,0.0,0.0,,0.2110789376344004,0.222584499921061
5945,FMAT,453662.524795394,5678539.40183915,0.0,0.0,0.0,0.0,2.0778844356536865,,1.042604684829712,0.0,0.0,,0.2383041438478349,0.5818824384147522
5946,FMAT,453661.761378627,5678539.71029967,0.0,0.0,0.0,0.0,9.477734565734863,,1.11146879196167,0.0,0.0,,-0.1586701609876928,-0.0388339283770872
5947,FMAT,453661.093459131,5678539.96827298,0.0,0.0,0.0,0.0,10.925793647766112,,1.1227697134017944,0.0,0.0,,-0.2146927798256808,-0.3124804709595548
5948,FMAT,453660.616593054,5678540.11528441,0.0,0.0,0.0,0.0,8.459836959838867,,1.0253053903579712,0.0,0.0,,-0.0873180313064567,0.0092154033927069
5949,FMAT,453660.009664851,5678540.30370133,0.0,0.0,0.0,0.0,14.8337984085083,,1.1780375242233276,0.0,0.0,,-0.393261555577377,0.2367068820525727
5950,FMAT,453659.315926189,5678540.53710762,0.0,0.0,0.0,0.0,11.63396167755127,,1.1183868646621704,0.0,0.0,,-0.4923433076738413,0.2813416237085266
5951,FMAT,453658.6049051,5678540.76597304,0.0,0.0,0.0,0.0,15.828202247619627,,1.0731638669967651,0.0,0.0,,0.0704277592211659,0.0591150033493478
5952,FMAT,453657.84197148,5678540.99231325,0.0,0.0,0.0,0.0,5.132928848266602,,1.0185284614562988,0.0,0.0,,-0.2850843622841439,-0.4505021334601503
5953,FMAT,453657.009627351,5678541.24820848,0.0,0.0,0.0,0.0,5.77425479888916,,1.022396206855774,0.0,0.0,,-0.4161132148586551,-0.0747605622833683
5954,FMAT,453656.246582574,5678541.49341392,0.0,0.0,0.0,0.0,5.63193941116333,,1.0622645616531372,0.0,0.0,,-0.0787985026560174,0.4522198160980956
5955,FMAT,453655.561478352,5678541.73020002,0.0,0.0,0.0,0.0,6.502545833587647,,1.0407904386520386,0.0,0.0,,0.4164797433281875,0.0529819722678708
5956,FMAT,453654.850215306,5678542.00012506,0.0,0.0,0.0,0.0,6.015888214111328,,1.0381146669387815,0.0,0.0,,0.2583164596606877,0.227850646834027
5957,FMAT,453654.164601386,5678542.32346987,0.0,0.0,0.0,0.0,19.803686141967773,,1.087306022644043,0.0,0.0,,0.4860764931077746,0.7297941363054053
5958,FMAT,453653.392327194,5678542.66628022,0.0,0.0,0.0,0.0,4.944725036621094,,1.0932279825210571,0.0,0.0,,0.3633801943731143,0.4809313675520607
5959,FMAT,453652.681050919,5678542.93842453,0.0,0.0,0.0,0.0,10.549555778503418,,1.1462525129318235,0.0,0.0,,0.5206006479710249,-0.0061537792979189
5960,FMAT,453651.995828854,5678543.19518543,0.0,0.0,0.0,0.0,7.107639789581299,,1.0983856916427612,0.0,0.0,,0.2865332203709999,-0.0281866330825706
5961,FMAT,453651.267276628,5678543.46167906,0.0,0.0,0.0,0.0,14.428630828857422,,1.0968152284622192,0.0,0.0,,0.7789783361395984,-0.0944296923108192
5962,FMAT,453650.512741963,5678543.73134894,0.0,0.0,0.0,0.0,0.7878620624542236,,1.176542043685913,0.0,0.0,,0.2297842678876545,0.1259927763161188
5963,FMAT,453649.792915776,5678543.98568637,0.0,0.0,0.0,0.0,6.817769527435303,,1.1944564580917358,0.0,0.0,,-0.2671521876526551,0.1825907423147367
5964,FMAT,453649.029844362,5678544.23533003,0.0,0.0,0.0,0.0,5.197329521179199,,1.0293375253677368,0.0,0.0,,0.2456781391201107,-0.0158533223851743
5965,FMAT,453648.370813547,5678544.45340299,0.0,0.0,0.0,0.0,5.437417984008789,,1.0362976789474487,0.0,0.0,,-0.8472865163951281,0.0127720898034605
5966,FMAT,453647.442892842,5678544.77310094,0.0,0.0,0.0,0.0,7.907074928283691,,1.0418283939361572,0.0,0.0,,-0.4067798549543682,0.4558540073873362
5967,FMAT,453646.662891751,5678544.95827819,0.0,0.0,0.0,0.0,3.1441750526428223,,1.010772705078125,0.0,0.0,,0.1039946339887272,-0.1878481020351131
5968,FMAT,453645.927011443,5678544.99944544,0.0,0.0,0.0,0.0,0.9964052438735962,,1.0489568710327148,0.0,0.0,,0.4989785509620847,0.5160418820577607
5969,FMAT,453645.235062456,5678544.92878484,0.0,0.0,0.0,0.0,10.66555118560791,,1.0518927574157717,0.0,0.0,,0.6266812007958994,-0.0206188764207452
5970,FMAT,453644.509058423,5678544.76248365,0.0,0.0,0.0,0.0,6.859927654266357,,1.0587506294250488,0.0,0.0,,-0.0326612861793205,0.0065003053347642
5971,FMAT,453643.964983455,5678544.56507049,0.0,0.0,0.0,0.0,2.534497022628784,,1.0290215015411377,0.0,0.0,,0.1598777223187004,0.5027350844705064
5972,FMAT,453643.507849774,5678544.30047347,0.0,0.0,0.0,0.0,6.170140743255615,,1.0514425039291382,0.0,0.0,,0.1517574668234924,-0.2236870520691189
5973,FMAT,453642.973964865,5678543.84232496,0.0,0.0,0.0,0.0,13.789588928222656,,1.0406692028045654,0.0,0.0,,0.8402028191325411,-0.2653930896979899
5974,FMAT,453642.604517524,5678543.38403501,0.0,0.0,0.0,0.0,8.189115524291992,,1.110784649848938,0.0,0.0,,0.5288485174169147,0.1012951631215385
5975,FMAT,453642.270347324,5678542.81386631,0.0,0.0,0.0,0.0,7.089542388916016,,1.0656286478042605,0.0,0.0,,0.0952516635758724,-0.2327544483902951
5976,FMAT,453642.031909924,5678542.15326045,0.0,0.0,0.0,0.0,9.17077350616455,,1.028025507926941,0.0,0.0,,0.6335758481951138,-0.1280005294470665
5977,FMAT,453641.905834163,5678541.51773115,0.0,0.0,0.0,0.0,2.346229314804077,,1.044651985168457,0.0,0.0,,0.11746118804677,-0.4727332897845168
5978,FMAT,453641.883668349,5678540.87282588,0.0,0.0,0.0,0.0,10.275790214538574,,1.06456196308136,0.0,0.0,,-0.7355090109552521,-0.4183724048392374
5979,FMAT,453641.974099387,5678540.21304696,0.0,0.0,0.0,0.0,3.5084550380706787,,1.008319616317749,0.0,0.0,,0.2154947554836929,-0.064703554873543
5980,FMAT,453642.142477548,5678539.54373916,0.0,0.0,0.0,0.0,6.655043601989746,,1.050845503807068,0.0,0.0,,0.6559069848937321,0.1742700585205197
5981,FMAT,453642.380122412,5678538.86929043,0.0,0.0,0.0,0.0,8.44823169708252,,1.069820761680603,0.0,0.0,,0.0762198624058683,0.7369376596423095
5982,FMAT,453642.634984254,5678538.21047982,0.0,0.0,0.0,0.0,9.859560012817385,,1.062574028968811,0.0,0.0,,0.2751941817220341,0.6880203764203636
5983,FMAT,453642.881263687,5678537.53941123,0.0,0.0,0.0,0.0,6.110569477081299,,1.0940029621124268,0.0,0.0,,-0.2763977534101123,0.3019995152610549
5984,FMAT,453643.119209038,5678536.81391496,0.0,0.0,0.0,0.0,19.56460189819336,,1.1995294094085691,0.0,0.0,,0.494937299793009,-0.1559112202855893
5985,FMAT,453643.313870014,5678536.09038331,0.0,0.0,0.0,0.0,8.174182891845703,,1.0588347911834717,0.0,0.0,,-0.1709293943020658,0.0475746584682013
5986,FMAT,453643.474920332,5678535.19574959,0.0,0.0,0.0,0.0,9.439793586730955,,1.2028270959854126,0.0,0.0,,0.2064504967171906,0.2493041546532436
5987,FMAT,453643.540035392,5678534.42595461,0.0,0.0,0.0,0.0,4.881282329559326,,1.19337260723114,0.0,0.0,,0.1666475443021124,0.0646932326016349
5988,FMAT,453643.597097413,5678533.55401363,0.0,0.0,0.0,0.0,3.1443893909454346,,1.035201072692871,0.0,0.0,,0.184804147125536,-0.0841301961886365
5989,FMAT,453643.654165955,5678532.68096291,0.0,0.0,0.0,0.0,6.728106021881104,,1.0717064142227173,0.0,0.0,,0.2877578546044801,0.2939971174231882
5990,FMAT,453643.659583463,5678531.76099781,0.0,0.0,0.0,0.0,11.58798122406006,,1.0683763027191162,0.0,0.0,,0.6780564810239028,-0.1646725628687715
5991,FMAT,453643.622723054,5678530.67209913,0.0,0.0,0.0,0.0,10.934993743896484,,1.1118041276931765,0.0,0.0,,0.573646303588103,0.5318794429528758
5992,FMAT,453643.56782224,5678529.70738813,0.0,0.0,0.0,0.0,6.104061126708984,,1.052883505821228,0.0,0.0,,0.213824382583982,0.1504909117226708
5993,FMAT,453643.313971824,5678528.72485904,0.0,0.0,0.0,0.0,7.419500827789307,,1.0306142568588257,0.0,0.0,,0.421194139148201,0.2078033027391712
5994,FMAT,453642.861165342,5678527.72562155,0.0,0.0,0.0,0.0,21.294353485107425,,1.0920883417129517,0.0,0.0,,-0.0494600603657647,0.6822387496578656
5995,SGAM,453642.788354934,5678526.86290366,0.0,0.0,0.0,0.0,10.6118803024292,,1.0447529554367063,0.0,0.0,,0.6873574414046048,0.0663203667476751
5996,SGAM,453643.009076465,5678526.12287898,0.0,0.0,0.0,0.0,9.056207656860352,,1.0538530349731443,0.0,0.0,,0.4005980593400214,0.2195538288360941
5997,SGAM,453643.29993373,5678525.23011944,0.0,0.0,0.0,0.0,5.238096237182617,,1.011721968650818,0.0,0.0,,0.4442821486188937,0.5099723358700324
5998,SGAM,453643.669724698,5678524.16026196,0.0,0.0,0.0,0.0,4.73514461517334,,1.0725338459014893,0.0,0.0,,0.2084084875089775,0.0498138948807217
5999,SGAM,453644.066086035,5678522.98735258,0.0,0.0,0.0,0.0,6.381869792938232,,1.0200549364089966,0.0,0.0,,-0.058113729136997,0.8242101055805425
6000,SGAM,453644.512379546,5678522.15321622,0.0,0.0,0.0,0.0,4.396020412445068,,1.050081491470337,0.0,0.0,,0.7733545369604503,0.0209639675825092
6001,SGAM,453644.957542436,5678521.5110629,0.0,0.0,0.0,0.0,5.172883033752441,,1.1945360898971558,0.0,0.0,,-0.0393253209245221,0.2569337473671633
6002,SGAM,453645.203572855,5678520.88216391,0.0,0.0,0.0,0.0,9.28273105621338,,1.101897120475769,0.0,0.0,,0.288741311096246,0.5415502625625281
6003,SGAM,453645.258798345,5678520.32205667,0.0,0.0,0.0,0.0,5.626632690429688,,1.130788803100586,0.0,0.0,,0.2448259414926444,0.4459128654630489
6004,SGAM,453645.209676357,5678519.84567728,0.0,0.0,0.0,0.0,8.946330070495605,,1.0260772705078125,0.0,0.0,,-0.0032643503449373,0.7507124549611243
6005,SGAM,453645.073665675,5678519.42760389,0.0,0.0,0.0,0.0,9.176820755004885,,1.0886722803115845,0.0,0.0,,0.2662721485764243,0.1823027963409137
6006,SGAM,453644.825711953,5678518.91343131,0.0,0.0,0.0,0.0,6.622403621673584,,1.0882408618927002,0.0,0.0,,0.0612973239329466,-0.2182959206417341
6007,SGAM,453644.466220388,5678518.23435637,0.0,0.0,0.0,0.0,8.036508560180664,,1.053325057029724,0.0,0.0,,0.1112192359123464,0.3447417301234836
6008,SGAM,453644.106957609,5678517.51644089,0.0,0.0,0.0,0.0,2.362758159637451,,1.0260201692581177,0.0,0.0,,0.6586782095759302,-0.0388541248348917
6009,SGAM,453643.790939917,5678516.80321914,0.0,0.0,0.0,0.0,9.427569389343262,,1.142317295074463,0.0,0.0,,0.6904577738040224,-0.235946645683541
6010,SGAM,453643.526880349,5678516.0847545,0.0,0.0,0.0,0.0,13.03973388671875,,1.086501121520996,0.0,0.0,,-0.0441050625565404,-0.046473863973979
6011,SGAM,453643.399890022,5678515.60458723,0.0,0.0,0.0,0.0,12.055233001708984,,1.0768941640853882,0.0,0.0,,0.0295132063947033,-0.3070041784017264
6012,SGAM,453643.358553247,5678515.27585271,0.0,0.0,0.0,0.0,8.002462387084961,,1.144788146018982,0.0,0.0,,0.1257123165062325,0.3411042924475414
6013,SGAM,453643.30105819,5678514.751704,0.0,0.0,0.0,0.0,12.342448234558104,,1.3044962882995603,0.0,0.0,,0.1865100171450813,-0.0947664635603177
6014,SGAM,453643.236300884,5678513.9911321,0.0,0.0,0.0,0.0,14.335205078125,,1.0608575344085691,0.0,0.0,,0.8848309134157754,0.0429716453613954
6015,SGAM,453643.188133188,5678513.35273228,0.0,0.0,0.0,0.0,10.210332870483398,,1.0681713819503784,0.0,0.0,,-0.128690006654851,0.3782943207026734
6016,SGAM,453643.147456482,5678512.91191515,0.0,0.0,0.0,0.0,5.162304878234863,,1.0817986726760864,0.0,0.0,,-0.1682864484569616,0.2023820480706057
6017,SGAM,453643.115473217,5678512.46449061,0.0,0.0,0.0,0.0,10.81051254272461,,1.1071122884750366,0.0,0.0,,-0.2366748364930796,-0.0545828028692898
6018,SGAM,453643.110099618,5678511.90735582,0.0,0.0,0.0,0.0,18.69386863708496,,1.0949639081954956,0.0,0.0,,0.5310365253630428,0.4943623857972588
6019,SGAM,453643.122269732,5678511.31037271,0.0,0.0,0.0,0.0,4.044845104217529,,1.1326894760131836,0.0,0.0,,0.1366675850967196,0.6479525689850328
6020,SGAM,453643.33626445,5678510.24292706,0.0,0.0,0.0,0.0,3.406190156936645,,1.0867680311203003,0.0,0.0,,-0.2822910392175853,0.5144618758758666
6021,SGAM,453643.672882101,5678508.92761566,0.0,0.0,0.0,0.0,18.79742431640625,,1.1357202529907229,0.0,0.0,,0.6307368747047798,0.4573873534962622
6022,SGAM,453643.687038826,5678507.99327501,0.0,0.0,0.0,0.0,8.255782127380371,,1.1077628135681152,0.0,0.0,,0.0033472766547143,0.5522409790925714
6023,SGAM,453643.466348717,5678507.25841925,0.0,0.0,0.0,0.0,1.512650728225708,,1.1368767023086548,0.0,0.0,,-0.0028953114406863,0.6665222255453418
6024,SGAM,453643.202309122,5678506.53662541,0.0,0.0,0.0,0.0,5.796850204467773,,1.1481812000274658,0.0,0.0,,-0.1273053234438925,0.1208395175418832
6025,SGAM,453643.032851698,5678505.91970667,0.0,0.0,0.0,0.0,12.444331169128418,,1.0654102563858032,0.0,0.0,,-0.0772222446947056,0.1847058648985063
6026,SGAM,453642.975252182,5678505.4133136,0.0,0.0,0.0,0.0,3.607693910598755,,1.1091923713684082,0.0,0.0,,0.2795396633828507,-0.267960260164547
6027,SGAM,453643.300536089,5678504.55294003,0.0,0.0,0.0,0.0,2.3689494132995605,,1.171690821647644,0.0,0.0,,-0.3119910696438008,0.1713051725723116
6028,SGAM,453643.912631174,5678503.48672896,0.0,0.0,0.0,0.0,7.3470988273620605,,1.129441738128662,0.0,0.0,,-0.1717692261622855,0.178422182011362
6029,SGAM,453643.911622928,5678502.18829534,0.0,0.0,0.0,0.0,7.227528572082519,,1.0998932123184204,0.0,0.0,,0.1379051868925305,0.3251864573692772
6030,SGAM,453643.444143176,5678500.74173523,0.0,0.0,0.0,0.0,5.039656639099121,,1.0297125577926636,0.0,0.0,,0.1729616278161237,0.7546151948931753
6031,SGAM,453642.830280452,5678499.16890933,0.0,0.0,0.0,0.0,5.019948959350586,,1.0240600109100342,0.0,0.0,,0.1654385752187629,0.4424057053278939
6032,SGAM,453642.761587547,5678497.60706227,0.0,0.0,0.0,0.0,12.472846031188965,,1.045043706893921,0.0,0.0,,0.1864955775148533,0.9506447979892036
6033,SGAM,453643.134808319,5678495.95459717,0.0,0.0,0.0,0.0,8.959610939025879,,1.074002027511597,0.0,0.0,,0.5461969234832836,0.2325017119318157
6034,SGAM,453643.210348399,5678494.88411662,0.0,0.0,0.0,0.0,15.72485065460205,,1.1089556217193604,0.0,0.0,,-0.837752056365184,0.3215389218119927
6035,SGAM,453643.093751016,5678494.10881243,0.0,0.0,0.0,0.0,23.99007797241211,,1.125562071800232,0.0,0.0,,0.2662767502059356,0.9383031161606334
6036,SGAM,453643.037569726,5678493.36160821,0.0,0.0,0.0,0.0,15.85832405090332,,1.0639069080352783,0.0,0.0,,-0.1924284215785506,0.646712372641684
6037,SGAM,453642.981440731,5678492.60552616,0.0,0.0,0.0,0.0,12.106426239013672,,1.0392608642578125,0.0,0.0,,-0.9236692145561626,0.1672911907612659
6038,SGAM,453642.925814955,5678491.763995,0.0,0.0,0.0,0.0,2.863405466079712,,1.0043785572052002,0.0,0.0,,0.2600698961756756,-0.1392444984128897
6039,SGAM,453642.878418612,5678490.99464716,0.0,0.0,0.0,0.0,3.530104875564575,,1.0027992725372314,0.0,0.0,,0.7210552197354806,0.0935644445890578
6040,SGAM,453642.847984319,5678490.28421688,0.0,0.0,0.0,0.0,1.4818047285079956,,1.0062942504882812,0.0,0.0,,-0.0354438772689424,-0.1602891972969631
6041,SGAM,453643.102949198,5678489.60765057,0.0,0.0,0.0,0.0,6.625339984893799,,1.0105679035186768,0.0,0.0,,0.8838666562977485,0.1730208920077292
6042,SGAM,453643.487465656,5678488.97623785,0.0,0.0,0.0,0.0,5.431334495544434,,1.0080019235610962,0.0,0.0,,0.5160192045757769,0.7159810023176293
6043,SGAM,453643.776328384,5678488.42194553,0.0,0.0,0.0,0.0,4.54328727722168,,1.0126805305480957,0.0,0.0,,0.7150297809423445,0.471131770938008
6044,SGAM,453644.065106118,5678487.88207968,0.0,0.0,0.0,0.0,5.53666353225708,,1.006121277809143,0.0,0.0,,0.727943291278793,0.6470442151331081
6045,SGAM,453644.128619747,5678487.3841682,0.0,0.0,0.0,0.0,4.108572006225586,,1.003800392150879,0.0,0.0,,0.4392224608963362,0.7920311060035946
6046,SGAM,453644.166379891,5678486.8505925,0.0,0.0,0.0,0.0,1.483682632446289,,1.00196635723114,0.0,0.0,,0.316915870168383,0.7609172818497636
6047,SGAM,453644.47095636,5678486.56717591,0.0,0.0,0.0,0.0,1.6233422756195068,,1.0008355379104614,0.0,0.0,,0.7468644527182202,0.3423115509500782
6048,SGAM,453644.852708293,5678486.40517841,0.0,0.0,0.0,0.0,2.2700936794281006,,1.0023893117904663,0.0,0.0,,0.8317120574611946,0.2992116634498482
6049,SGAM,453645.243003316,5678486.26209724,0.0,0.0,0.0,0.0,4.04022741317749,,1.007909893989563,0.0,0.0,,0.8937063884315082,-0.2839553878866257
6050,SGAM,453645.591118644,5678485.93343653,0.0,0.0,0.0,0.0,4.6992387771606445,,1.018979787826538,0.0,0.0,,0.6881968287860722,0.0387691584710835
6051,SGAM,453645.939501869,5678485.55927693,0.0,0.0,0.0,0.0,6.281398773193359,,1.0229191780090332,0.0,0.0,,0.3307697127264536,0.9053648719194244
6052,SGAM,453646.427567679,5678484.97952313,0.0,0.0,0.0,0.0,1.128406047821045,,1.0029138326644895,0.0,0.0,,0.529176716905278,0.3267335352587532
6053,SGAM,453646.93294181,5678484.39987122,0.0,0.0,0.0,0.0,19.10131454467773,,1.065792202949524,0.0,0.0,,0.9494503502217811,-0.2319174462176448
6054,SGAM,453647.307575016,5678483.97703637,0.0,0.0,0.0,0.0,11.03265380859375,,1.032703161239624,0.0,0.0,,0.648147489563584,-0.6844332077237478
6055,SGAM,453647.673371017,5678483.58522295,0.0,0.0,0.0,0.0,9.794306755065918,,1.0482994318008425,0.0,0.0,,0.2174783109753469,-0.789171933055401
6056,SGAM,453648.073705352,5678483.20693009,0.0,0.0,0.0,0.0,1.890891909599304,,1.001899480819702,0.0,0.0,,-0.2497849052170544,-0.192111065561134
6057,SGAM,453648.527029926,5678482.64805718,0.0,0.0,0.0,0.0,7.896819114685059,,1.01502525806427,0.0,0.0,,-0.77763953123173,0.2926177470750029
6058,SGAM,453649.006454242,5678482.0660328,0.0,0.0,0.0,0.0,6.468781471252441,,1.0186229944229126,0.0,0.0,,0.2611362328147864,-0.7580988233288773
6059,SGAM,453648.803745842,5678481.21697701,0.0,0.0,0.0,0.0,11.712074279785156,,1.0904439687728882,0.0,0.0,,0.9147458717672906,0.1051939867923181
6060,SGAM,453648.506168093,5678480.31187423,0.0,0.0,0.0,0.0,10.058353424072266,,1.0319639444351196,0.0,0.0,,-0.122667573470475,0.6700135428138622
6061,SGAM,453648.958603802,5678479.9039244,0.0,0.0,0.0,0.0,7.04684591293335,,1.0311352014541626,0.0,0.0,,0.0747107236810314,0.2799743951920806
6062,SGAM,453649.686601397,5678479.73064823,0.0,0.0,0.0,0.0,3.3924307823181152,,1.0151629447937012,0.0,0.0,,0.4962345446456769,0.3140400732022342
6063,SGAM,453650.517965727,5678479.6401034,0.0,0.0,0.0,0.0,9.553363800048828,,1.027155518531799,0.0,0.0,,0.2724582831323253,0.7774708991851756
6064,SGAM,453651.228909704,5678479.42344575,0.0,0.0,0.0,0.0,5.475944995880127,,1.0232998132705688,0.0,0.0,,-0.4865611402067006,0.0922285045519851
6065,SGAM,453651.905171536,5678479.21768151,0.0,0.0,0.0,0.0,14.763277053833008,,1.050447702407837,0.0,0.0,,-0.8474801912665396,0.4447393855381816
6066,SGAM,453652.615520856,5678479.10200906,0.0,0.0,0.0,0.0,12.145970344543455,,1.0361344814300537,0.0,0.0,,-0.2809212957946548,0.5104570168689224
6067,SGAM,453653.28242279,5678479.01604446,0.0,0.0,0.0,0.0,6.579179763793945,,1.019292950630188,0.0,0.0,,0.3418940628732602,0.1195034530934355
6068,SGAM,453654.546614136,5678478.90807174,0.0,0.0,0.0,0.0,6.99336576461792,,1.021676778793335,0.0,0.0,,-0.1168345640638294,0.4067507159819838
6069,SGAM,453655.23076561,5678478.83219643,0.0,0.0,0.0,0.0,10.60878562927246,,1.021386742591858,0.0,0.0,,-0.2077966919169104,-0.9188413733939692
6070,SGAM,453655.932375715,5678478.7308992,0.0,0.0,0.0,0.0,5.995733737945557,,1.067499756813049,0.0,0.0,,0.0065466296189438,0.1657440692694044
6071,SGAM,453656.642862127,5678478.59192208,0.0,0.0,0.0,0.0,5.343978404998779,,1.00780987739563,0.0,0.0,,0.9357023519090524,-0.005852110487155
6072,SGAM,453657.353446509,5678478.43629897,0.0,0.0,0.0,0.0,3.059565782546997,,1.0163027048110962,0.0,0.0,,0.7408849239259517,0.3362405650833929
6073,FMAT,453658.046866207,5678478.25615986,0.0,0.0,0.0,0.0,6.800307273864746,,1.0362318754196167,0.0,0.0,,-0.7164876863963805,0.553019879627882
6074,FMAT,453658.723186552,5678478.04040748,0.0,0.0,0.0,0.0,4.833802700042725,,1.0173131227493286,0.0,0.0,,-0.6033766499502241,0.6056344198742266
6075,FMAT,453659.399709376,5678477.79025344,0.0,0.0,0.0,0.0,2.3162569999694824,,1.002547025680542,0.0,0.0,,0.0067493932685164,-0.2400990197757079
6076,FMAT,453660.145733517,5678477.49500803,0.0,0.0,0.0,0.0,3.197805166244507,,1.0047558546066284,0.0,0.0,,0.504371544185901,0.2565817881881897
6077,FMAT,453661.499151294,5678476.93144512,0.0,0.0,0.0,0.0,0.9692776799201964,,1.0021361112594604,0.0,0.0,,0.6078584081233677,0.0197549370826108
6078,FMAT,453662.149495796,5678476.71775907,0.0,0.0,0.0,0.0,0.882002592086792,,1.0044437646865845,0.0,0.0,,0.2684291620113995,-0.511978976527658
6079,FMAT,453662.860543693,5678476.48334471,0.0,0.0,0.0,0.0,12.544879913330078,,1.0313665866851809,0.0,0.0,,0.4153783587089171,-0.8645467858634047
6080,FMAT,453663.641177791,5678476.18941247,0.0,0.0,0.0,0.0,1.9471379518508911,,1.0027066469192505,0.0,0.0,,0.6558490151690218,0.0608578036066531
6081,FMAT,453664.335178511,5678475.91050695,0.0,0.0,0.0,0.0,3.462278127670288,,1.0057876110076904,0.0,0.0,,-0.4278354230500916,-0.0034629050537937
6082,FMAT,453665.054756342,5678475.69722819,0.0,0.0,0.0,0.0,3.732167005538941,,1.0217310190200806,0.0,0.0,,0.3304741458281933,0.1484974932735554
6083,FMAT,453665.800283633,5678475.48632163,0.0,0.0,0.0,0.0,9.10459804534912,,1.0151655673980713,0.0,0.0,,0.9226989728944318,0.0535919626244549
6084,FMAT,453666.554445475,5678475.27879514,0.0,0.0,0.0,0.0,2.122467517852783,,1.0009247064590454,0.0,0.0,,0.8752375128740301,0.3710411239377263
6085,FMAT,453667.282664311,5678475.06778657,0.0,0.0,0.0,0.0,3.1591358184814453,,1.0042099952697754,0.0,0.0,,0.6795668984525839,0.1164737992439917
6086,FMAT,453668.010902702,5678474.85344874,0.0,0.0,0.0,0.0,1.426616668701172,,1.0170973539352417,0.0,0.0,,0.6458806642317526,0.0255257743718187
6087,FMAT,453668.670005539,5678474.62205743,0.0,0.0,0.0,0.0,6.030977725982666,,1.009718656539917,0.0,0.0,,0.8139898876069417,0.4151025743059993
6088,FMAT,453669.329147528,5678474.38400769,0.0,0.0,0.0,0.0,4.43667459487915,,1.013414978981018,0.0,0.0,,0.2285576211650451,0.8487539632561152
6089,FMAT,453670.031573465,5678474.14399311,0.0,0.0,0.0,0.0,6.346808910369873,,1.0142511129379272,0.0,0.0,,-0.5984575147807669,0.2587354849032547
6090,FMAT,453670.77745969,5678473.87205101,0.0,0.0,0.0,0.0,1.985071063041687,,1.0054206848144531,0.0,0.0,,0.0744651368478694,0.4088229472059039
6091,FMAT,453671.531882485,5678473.62013488,0.0,0.0,0.0,0.0,5.683869361877441,,1.0192705392837524,0.0,0.0,,0.2961014195216023,0.7167134703977851
6092,FMAT,453672.260231652,5678473.38693128,0.0,0.0,0.0,0.0,6.7723917961120605,,1.0119491815567017,0.0,0.0,,0.8497725298161057,0.4780790546635216
6093,FMAT,453672.971311591,5678473.14696737,0.0,0.0,0.0,0.0,0.7809359431266785,,1.0037871599197388,0.0,0.0,,0.7581575632341252,0.3943839323776322
6094,FMAT,453673.682502509,5678472.88813801,0.0,0.0,0.0,0.0,7.66372013092041,,1.026731014251709,0.0,0.0,,0.7457113751843588,0.3743061976774946
6095,FMAT,453674.385143691,5678472.61150199,0.0,0.0,0.0,0.0,6.878679275512695,,1.0207113027572632,0.0,0.0,,0.8911021396724795,0.4152810775349566
6096,FMAT,453675.070659313,5678472.30369165,0.0,0.0,0.0,0.0,8.573478698730469,,1.0287202596664429,0.0,0.0,,0.8272878791197832,0.1916452955763819
6097,FMAT,453675.712845195,5678472.00561416,0.0,0.0,0.0,0.0,6.716386795043945,,1.015471339225769,0.0,0.0,,0.6158770496394009,-0.7399174479861115
6098,FMAT,453676.37205858,5678471.75535682,0.0,0.0,0.0,0.0,5.724772930145264,,1.0110552310943604,0.0,0.0,,0.5981162208443155,-0.604578017872507
6099,FMAT,453677.187295356,5678471.46384641,0.0,0.0,0.0,0.0,1.7476576566696167,,1.004550814628601,0.0,0.0,,0.7125006345003028,-0.0249686596478491
6100,FMAT,453677.924376693,5678471.21737647,0.0,0.0,0.0,0.0,2.215611219406128,,1.0031232833862305,0.0,0.0,,0.8439820115416738,0.0881598705052564
6101,FMAT,453678.661686542,5678470.93206595,0.0,0.0,0.0,0.0,2.3872146606445312,,1.0085513591766355,0.0,0.0,,0.0743208256493577,0.2905810685256524
6102,FMAT,453679.390289914,5678470.65558226,0.0,0.0,0.0,0.0,5.742709159851074,,1.0108704566955566,0.0,0.0,,-0.5787141104165605,0.7631675452697525
6103,FMAT,453680.187610812,5678470.46717448,0.0,0.0,0.0,0.0,3.329803705215454,,1.0082602500915527,0.0,0.0,,0.0162787079071711,-0.8154079862715307
6104,FMAT,453680.941575878,5678470.29293847,0.0,0.0,0.0,0.0,5.41386604309082,,1.0102430582046509,0.0,0.0,,-0.7235438715834496,-0.4155448344470208
6105,FMAT,453681.626803725,5678470.03395563,0.0,0.0,0.0,0.0,14.659038543701172,,1.0396560430526731,0.0,0.0,,-0.969517032600458,-0.0405033334791239
6106,FMAT,453682.346778846,5678469.75298183,0.0,0.0,0.0,0.0,14.26052188873291,,1.0510462522506714,0.0,0.0,,-0.507183959051542,-0.3645315018304138
6107,FMAT,453683.118816112,5678469.44900919,0.0,0.0,0.0,0.0,11.798492431640623,,1.023666262626648,0.0,0.0,,-0.7228666774796132,-0.6572812144642689
6108,FMAT,453683.786839924,5678469.17216866,0.0,0.0,0.0,0.0,7.627250671386719,,1.0182560682296753,0.0,0.0,,-0.787543940015686,-0.5597826205361723
6109,FMAT,453684.437574922,5678468.89189705,0.0,0.0,0.0,0.0,1.9753574132919312,,1.00959312915802,0.0,0.0,,-0.8185565506186784,-0.4665907987289803
6110,FMAT,453685.079799337,5678468.58716043,0.0,0.0,0.0,0.0,4.617467880249023,,1.0091135501861572,0.0,0.0,,-0.3653178228514553,-0.711000851179592
6111,FMAT,453685.765314181,5678468.27934915,0.0,0.0,0.0,0.0,2.221146583557129,,1.0070412158966064,0.0,0.0,,0.2089370444616717,-0.2576698845290363
6112,FMAT,453686.55441142,5678468.01764771,0.0,0.0,0.0,0.0,8.467402458190918,,1.0141671895980835,0.0,0.0,,0.6621307260829823,-0.72397793276293
6113,FMAT,453687.29149213,5678467.77117689,0.0,0.0,0.0,0.0,10.73852252960205,,1.029038429260254,0.0,0.0,,0.8038778489256799,0.342714371709284
6114,FMAT,453688.002571087,5678467.53121163,0.0,0.0,0.0,0.0,2.6501941680908203,,1.0126705169677734,0.0,0.0,,0.663998562411136,0.4454708385710035
6115,FMAT,453688.722278062,5678467.29573614,0.0,0.0,0.0,0.0,3.202062129974365,,1.0071202516555786,0.0,0.0,,0.5482171085893858,-0.0642427504570274
6116,FMAT,453689.424611352,5678467.07125604,0.0,0.0,0.0,0.0,3.941656827926636,,1.0187116861343384,0.0,0.0,,0.7875958181550019,0.4430650250220546
6117,FMAT,453690.196067031,5678466.86604858,0.0,0.0,0.0,0.0,8.186319351196289,,1.0357544422149658,0.0,0.0,,0.6851455996705326,-0.2049258016599248
6118,FMAT,453690.924258314,5678466.65947674,0.0,0.0,0.0,0.0,1.9035289287567136,,1.0086241960525513,0.0,0.0,,0.0716842250878364,0.5728462964034163
6119,FMAT,453691.653017527,5678466.35635844,0.0,0.0,0.0,0.0,2.933706521987915,,1.0119116306304932,0.0,0.0,,0.1999120008125056,-0.1939532068949127
6120,FMAT,453692.329779813,5678466.06514162,0.0,0.0,0.0,0.0,4.588457107543945,,1.0214273929595947,0.0,0.0,,0.4078852537872068,-0.0744524818473561
6121,FMAT,453693.006829287,5678465.72509668,0.0,0.0,0.0,0.0,6.047831535339356,,1.012936234474182,0.0,0.0,,0.4757347597918421,-0.6248773747987713
6122,FMAT,453693.701226223,5678465.37849512,0.0,0.0,0.0,0.0,1.7670974731445312,,1.0290623903274536,0.0,0.0,,0.2850198661887514,0.6080297666956229
6123,FMAT,453694.386609884,5678465.09287768,0.0,0.0,0.0,0.0,3.149017095565796,,1.0109091997146606,0.0,0.0,,0.6946275006884454,-0.3157848482950312
6124,FMAT,453695.106708111,5678464.79081788,0.0,0.0,0.0,0.0,4.667962551116943,,1.0295220613479614,0.0,0.0,,0.376147108330318,-0.7523763958622348
6125,FMAT,453695.809354322,5678464.51307023,0.0,0.0,0.0,0.0,5.491332054138184,,1.0120335817337036,0.0,0.0,,0.2858662091261068,-0.4794438437383695
6126,FMAT,453696.477194483,5678464.26730103,0.0,0.0,0.0,0.0,0.1662498414516449,,1.0117374658584597,0.0,0.0,,0.6175736705215861,-0.0169144129313059
6127,FMAT,453697.179677408,5678464.01729649,0.0,0.0,0.0,0.0,11.63183879852295,,1.0659019947052002,0.0,0.0,,0.7344085936747659,-0.2064376605596912
6128,FMAT,453697.977473692,5678463.7478767,0.0,0.0,0.0,0.0,3.606950044631958,,1.01057231426239,0.0,0.0,,0.6283561055900648,0.1232016922156492
6129,FMAT,453698.705892931,5678463.50246365,0.0,0.0,0.0,0.0,2.972834825515747,,1.018006682395935,0.0,0.0,,-0.1160375605469681,0.026586947414232
6130,FMAT,453699.425886406,5678463.21815911,0.0,0.0,0.0,0.0,3.4182703495025635,,1.0079230070114136,0.0,0.0,,0.4307945138400432,0.3932069796855613
6131,FMAT,453700.197915826,5678462.91529453,0.0,0.0,0.0,0.0,1.3400847911834717,,1.0028702020645142,0.0,0.0,,0.4662704161801874,0.3382975571495474
6132,FMAT,453700.917883084,5678462.63542878,0.0,0.0,0.0,0.0,2.1740081310272217,,1.004019021987915,0.0,0.0,,0.2370125809647617,-0.1188476278111847
6133,FMAT,453701.559779983,5678462.38617726,0.0,0.0,0.0,0.0,4.299428939819336,,1.0089194774627686,0.0,0.0,,-0.388854299394436,-0.3425730072952227
6134,FMAT,453702.236358803,5678462.12603201,0.0,0.0,0.0,0.0,4.616662979125977,,1.039198875427246,0.0,0.0,,0.0447648241701929,-0.3109354669146699
6135,FMAT,453702.904126759,5678461.89246928,0.0,0.0,0.0,0.0,0.364487737417221,,1.0261677503585815,0.0,0.0,,0.6184485788487644,0.297896523864729
6136,FMAT,453703.589209543,5678461.65789857,0.0,0.0,0.0,0.0,8.527127265930176,,1.0411148071289062,0.0,0.0,,0.6588048910437531,0.0514255289736666
6137,FMAT,453704.421413193,5678461.42419305,0.0,0.0,0.0,0.0,3.563476085662842,,1.0125792026519775,0.0,0.0,,0.6577721999677052,-0.2906665762478875
6138,FMAT,453705.184318164,5678461.20117756,0.0,0.0,0.0,0.0,8.964268684387207,,1.0275654792785645,0.0,0.0,,0.2546561299158878,0.8685382783635012
6139,FMAT,453705.912612933,5678460.97684869,0.0,0.0,0.0,0.0,9.15004825592041,,1.019225835800171,0.0,0.0,,0.5443236820862124,0.7724692451908349
6140,FMAT,453706.571863563,5678460.71993046,0.0,0.0,0.0,0.0,7.831248760223389,,1.0125244855880735,0.0,0.0,,0.4710391264966498,0.856546692496282
6141,FMAT,453707.265848298,5678460.44324062,0.0,0.0,0.0,0.0,4.03180742263794,,1.0149071216583252,0.0,0.0,,0.8937210792509037,0.2279017886927357
6142,FMAT,453708.055231155,5678460.13270897,0.0,0.0,0.0,0.0,5.581767559051514,,1.007755160331726,0.0,0.0,,0.8338846791916584,0.2716231488402188
6143,FMAT,453708.766654642,5678459.83392621,0.0,0.0,0.0,0.0,9.392622947692873,,1.0186223983764648,0.0,0.0,,0.1604533740715829,0.9079237192139036
6144,FMAT,453709.486732243,5678459.53519429,0.0,0.0,0.0,0.0,1.173359513282776,,1.0019216537475586,0.0,0.0,,0.2417852516625353,0.3495220396791887
6145,SGAM,453710.241517825,5678459.22112966,0.0,0.0,0.0,0.0,0.4299777746200561,,1.0045840740203855,0.0,0.0,,0.627662263385072,-0.3466072385607653
6146,SGAM,453710.935678487,5678458.91447683,0.0,0.0,0.0,0.0,3.1756505966186523,,1.0034621953964231,0.0,0.0,,0.8194285568742578,0.0690507609187449
6147,SGAM,453711.534545366,5678458.62391009,0.0,0.0,0.0,0.0,3.490313768386841,,1.0030841827392578,0.0,0.0,,0.938932938136702,-0.1779580161697914
6148,SGAM,453712.193945693,5678458.34146762,0.0,0.0,0.0,0.0,2.753319501876831,,1.005312204360962,0.0,0.0,,0.6078908447512372,-0.0297768405316217
6149,SGAM,453712.965817521,5678458.06523529,0.0,0.0,0.0,0.0,1.7380291223526,,1.003975510597229,0.0,0.0,,0.5369618146229174,0.7053796517959822
6150,SGAM,453713.59022914,5678457.8458437,0.0,0.0,0.0,0.0,2.8975155353546143,,1.0019724369049072,0.0,0.0,,0.7467080345662521,0.4958640582042764
6151,SGAM,453714.388337423,5678457.52315528,0.0,0.0,0.0,0.0,5.168856143951416,,1.006356954574585,0.0,0.0,,0.9814006527420877,-0.1221633478599728
6152,SGAM,453715.116690308,5678457.288838,0.0,0.0,0.0,0.0,14.01190185546875,,1.033639669418335,0.0,0.0,,0.9735390261924076,-0.1935396195697755
6153,SGAM,453715.809963209,5678457.13310786,0.0,0.0,0.0,0.0,8.16938591003418,,1.0159286260604858,0.0,0.0,,0.3041204121507379,-0.801162381762734
6154,SGAM,453716.459958726,5678456.97823297,0.0,0.0,0.0,0.0,2.4424502849578857,,1.004830837249756,0.0,0.0,,-0.2739962963395559,-0.2713104974106027
6155,SGAM,453717.144890597,5678456.76918484,0.0,0.0,0.0,0.0,2.835475444793701,,1.010805606842041,0.0,0.0,,-0.3109105444606501,-0.7287880097069867
6156,SGAM,453717.925866459,5678456.41643162,0.0,0.0,0.0,0.0,6.70944881439209,,1.0879943370819092,0.0,0.0,,0.3863635647783075,-0.826732545982915
6157,SGAM,453718.585494724,5678456.09514811,0.0,0.0,0.0,0.0,1.8633568286895752,,1.0139355659484863,0.0,0.0,,-0.4200260525275985,-0.2647144260423554
6158,SGAM,453719.210480181,5678455.77809995,0.0,0.0,0.0,0.0,8.380660057067871,,1.0407403707504272,0.0,0.0,,0.2659741533690428,0.6398928329226402
6159,SGAM,453719.92219644,5678455.42937839,0.0,0.0,0.0,0.0,9.226357460021973,,1.0549143552780151,0.0,0.0,,0.5684771560158972,0.1036935615976063
6160,SGAM,453720.633853915,5678455.09064434,0.0,0.0,0.0,0.0,6.068302631378174,,1.0139542818069458,0.0,0.0,,0.6576644600322606,0.0470998459399446
6161,SGAM,453721.310757664,5678454.77501101,0.0,0.0,0.0,0.0,10.644122123718262,,1.0773661136627195,0.0,0.0,,0.3859798321602731,-0.2405536803420159
6162,SGAM,453722.022167102,5678454.47844652,0.0,0.0,0.0,0.0,1.2101045846939087,,1.0191044807434082,0.0,0.0,,0.6534583589165058,0.0027720660392131
6163,SGAM,453722.724707031,5678454.21845215,0.0,0.0,0.0,0.0,4.713912963867188,,1.0159987211227417,0.0,0.0,,0.5684526844677801,-0.4655117506023665
6164,SGAM,453723.453157209,5678453.96748817,0.0,0.0,0.0,0.0,1.895612120628357,,1.0049668550491333,0.0,0.0,,0.3629635627152502,0.4014200591043188
6165,SGAM,453724.268168534,5678453.71370369,0.0,0.0,0.0,0.0,2.225036144256592,,1.006977081298828,0.0,0.0,,0.772906894980352,0.0907472498626111
6166,SGAM,453724.94438703,5678453.51459157,0.0,0.0,0.0,0.0,2.4629569053649902,,1.011985421180725,0.0,0.0,,0.3024596695888493,-0.4685375970910687
6167,SGAM,453725.681347709,5678453.2880923,0.0,0.0,0.0,0.0,0.1387404203414917,,1.0023255348205566,0.0,0.0,,0.1234751011820947,0.0649084093746452
6168,SGAM,453726.461768338,5678453.02966518,0.0,0.0,0.0,0.0,1.766661524772644,,1.0051941871643066,0.0,0.0,,0.4521199439018271,-0.5802303710947747
6169,SGAM,453727.181492364,5678452.790857,0.0,0.0,0.0,0.0,6.229866981506348,,1.0093847513198853,0.0,0.0,,0.6399576204873682,-0.5593570499742763
6170,SGAM,453727.901157638,5678452.56203632,0.0,0.0,0.0,0.0,4.8835062980651855,,1.006225824356079,0.0,0.0,,0.6308110101603285,0.2391504274904261
6171,SGAM,453728.594253727,5678452.43626773,0.0,0.0,0.0,0.0,2.4372475147247314,,1.0045676231384275,0.0,0.0,,0.3906819130159906,-0.4546068018350668
6172,SGAM,453729.28670401,5678452.42036224,0.0,0.0,0.0,0.0,0.4032209813594818,,1.0034235715866089,0.0,0.0,,0.2713631844485103,0.1566552758904115
6173,SGAM,453730.006036512,5678452.24813754,0.0,0.0,0.0,0.0,1.3944083452224731,,1.0025399923324585,0.0,0.0,,0.5860505881005479,-0.6581559077360297
6174,SGAM,453730.717393201,5678451.9604501,0.0,0.0,0.0,0.0,4.210021018981934,,1.0126413106918335,0.0,0.0,,-0.0603478935565182,-0.638507350974736
6175,SGAM,453731.394178856,5678451.66479103,0.0,0.0,0.0,0.0,5.292040824890137,,1.0090256929397583,0.0,0.0,,-0.0510603107266482,-0.95906463930385
6176,SGAM,453732.149288919,5678451.29523786,0.0,0.0,0.0,0.0,1.9579894542694087,,1.0100830793380735,0.0,0.0,,-0.5302808136580378,0.5171109493575375
6177,SGAM,453732.826341889,5678450.95407979,0.0,0.0,0.0,0.0,1.3185818195343018,,1.017025113105774,0.0,0.0,,-0.0917042070539563,0.016101452266546
6178,SGAM,453733.512042437,5678450.61408225,0.0,0.0,0.0,0.0,3.568263053894043,,1.0071841478347778,0.0,0.0,,0.8134119150934586,-0.464666536846088
6179,SGAM,453734.215005585,5678450.28195448,0.0,0.0,0.0,0.0,1.6996524333953855,,1.010364651679993,0.0,0.0,,0.5511642252582379,-0.196083966053341
6180,SGAM,453734.89124961,5678450.07840259,0.0,0.0,0.0,0.0,3.216269254684448,,1.0025330781936646,0.0,0.0,,0.7373243553622494,-0.1051078994628518
6181,SGAM,453735.532472593,5678449.94345039,0.0,0.0,0.0,0.0,1.7894169092178345,,1.0043319463729858,0.0,0.0,,0.2719183080937661,-0.4455718027680258
6182,SGAM,453736.148170059,5678449.73399372,0.0,0.0,0.0,0.0,2.509592056274414,,1.0106385946273804,0.0,0.0,,0.7883823627103056,0.2517542177951983
6183,SGAM,453736.78146278,5678449.47581065,0.0,0.0,0.0,0.0,5.357048988342285,,1.0067147016525269,0.0,0.0,,0.6519639071914222,-0.2471159561287662
6184,SGAM,453737.475504127,5678449.18913061,0.0,0.0,0.0,0.0,1.4918018579483032,,1.0081031322479248,0.0,0.0,,0.6953292433599313,0.0480253539997126
6185,SGAM,453738.281658155,5678448.96969542,0.0,0.0,0.0,0.0,2.3149101734161377,,1.0076957941055298,0.0,0.0,,0.341868883885642,0.2326174401809606
6186,SGAM,453739.148260797,5678448.77281074,0.0,0.0,0.0,0.0,7.2779541015625,,1.0214283466339111,0.0,0.0,,0.3367278586017018,0.7203264885157635
6187,SGAM,453739.911509158,5678448.49097627,0.0,0.0,0.0,0.0,1.7502003908157349,,1.0098729133605957,0.0,0.0,,0.2503599522539202,-0.410213558118815
6188,SGAM,453740.605674211,5678448.18321111,0.0,0.0,0.0,0.0,9.005101203918457,,1.0339605808258057,0.0,0.0,,0.1145795020957921,-0.3920615021135965
6189,SGAM,453741.28253742,5678447.87423445,0.0,0.0,0.0,0.0,8.279683113098145,,1.0373574495315552,0.0,0.0,,0.590285078169947,-0.0790899425162371
6190,SGAM,453741.959517956,5678447.5452826,0.0,0.0,0.0,0.0,2.990612030029297,,1.0163869857788086,0.0,0.0,,0.1741627060707435,-0.4804904657641939
6191,SGAM,453742.800249178,5678447.33270875,0.0,0.0,0.0,0.0,6.234393119812012,,1.0120432376861572,0.0,0.0,,0.5520129636084109,0.0555786686792567
6192,SGAM,453743.770407931,5678447.18637162,0.0,0.0,0.0,0.0,1.2726435661315918,,1.009781837463379,0.0,0.0,,0.573210819220812,-0.3547625905111795
6193,SGAM,453744.766476944,5678447.04906476,0.0,0.0,0.0,0.0,7.96439266204834,,1.0435199737548828,0.0,0.0,,0.5393458226332003,0.0539048142709415
6194,SGAM,453745.564230693,5678446.78629855,0.0,0.0,0.0,0.0,3.119470357894897,,1.007596135139465,0.0,0.0,,0.4181312285793877,0.3894324783822187
6195,SGAM,453746.249845546,5678446.46072638,0.0,0.0,0.0,0.0,1.089409589767456,,1.000634789466858,0.0,0.0,,0.5064287500103399,-0.1561602729509688
6196,SGAM,453747.152505367,5678446.01879416,0.0,0.0,0.0,0.0,6.943310737609863,,1.013117432594299,0.0,0.0,,-0.5364789325206782,0.5658196400562249
6197,SGAM,453748.506504685,5678445.35423104,0.0,0.0,0.0,0.0,6.535328388214111,,1.0176048278808594,0.0,0.0,,-0.0766407779251235,-0.2377000853836522
6198,SGAM,453750.007128823,5678444.77487148,0.0,0.0,0.0,0.0,3.9996097087860103,,1.007227063179016,0.0,0.0,,0.0960250918987696,-0.900487713249138
6199,SGAM,453751.506520465,5678444.40525039,0.0,0.0,0.0,0.0,14.788589477539062,,1.039406180381775,0.0,0.0,,0.1735815597070119,0.978613070365591
6200,SGAM,453752.632394734,5678444.26981495,0.0,0.0,0.0,0.0,3.1439499855041504,,1.002472162246704,0.0,0.0,,0.8407701892117511,0.4465271161127984
6201,SGAM,453753.566886634,5678444.30193958,0.0,0.0,0.0,0.0,1.8945527076721191,,1.0028107166290283,0.0,0.0,,0.7018814839577011,-0.3068123771628293
6202,SGAM,453754.500570119,5678444.47167047,0.0,0.0,0.0,0.0,3.969777584075928,,1.005468249320984,0.0,0.0,,0.8473810322156626,0.0771257185185156
6203,SGAM,453755.079016164,5678444.71033939,0.0,0.0,0.0,0.0,0.723296582698822,,1.0064712762832642,0.0,0.0,,0.7464175184438551,-0.1864502411822352
6204,SGAM,453755.475372994,5678445.00786596,0.0,0.0,0.0,0.0,2.3084847927093506,,1.0121155977249146,0.0,0.0,,0.0799257630515627,-0.2573029023522256
6205,SGAM,453755.904338509,5678445.64739235,0.0,0.0,0.0,0.0,12.58024787902832,,1.0546194314956665,0.0,0.0,,0.0272409495512555,-0.924740359878443
6206,SGAM,453756.194250891,5678446.38598086,0.0,0.0,0.0,0.0,8.185845375061035,,1.0424370765686035,0.0,0.0,,0.3853948139423315,-0.8177917851395554
6207,SGAM,453756.216845916,5678448.43252414,0.0,0.0,0.0,0.0,11.071876525878906,,1.12131667137146,0.0,0.0,,0.2300990007268747,0.2673750753924551
6208,SGAM,453755.855942959,5678449.46581666,0.0,0.0,0.0,0.0,8.099921226501465,,1.0519201755523682,0.0,0.0,,-0.3175518494000385,-0.3581235956365087
6209,SGAM,453755.218387177,5678450.44976389,0.0,0.0,0.0,0.0,12.530146598815918,,1.0435444116592407,0.0,0.0,,0.7111107780545627,-0.576370916325898
6210,SGAM,453754.339440551,5678451.274706,0.0,0.0,0.0,0.0,6.215823173522949,,1.0293831825256348,0.0,0.0,,0.0421085994766041,0.8187841864107676
6211,SGAM,453753.219944096,5678451.79748789,0.0,0.0,0.0,0.0,7.386648654937744,,1.0919197797775269,0.0,0.0,,0.1921996827132754,-0.8266223998920119
6212,SGAM,453761.709248931,5678485.8073402,0.0,0.0,0.0,0.0,2.8328075408935547,,1.0057200193405151,0.0,0.0,,0.4034152959468297,0.3414607286725172
6213,SGAM,453760.480515895,5678485.77237846,0.0,0.0,0.0,0.0,5.97992753982544,,1.0433270931243896,0.0,0.0,,0.4032577845673177,-0.4579220299272621
6214,SGAM,453759.442996568,5678485.59870911,0.0,0.0,0.0,0.0,6.275843143463135,,1.0462548732757568,0.0,0.0,,-0.0827869113478435,-0.103910426634082
6215,SGAM,453758.268861513,5678485.10906326,0.0,0.0,0.0,0.0,1.2341278791427612,,1.0519976615905762,0.0,0.0,,0.2144762392249105,-0.1172301321909579
6216,SGAM,453757.060129378,5678484.61588469,0.0,0.0,0.0,0.0,16.50333595275879,,1.131763577461243,0.0,0.0,,0.3444099361146828,0.0471237088904967
6217,SGAM,453755.722960031,5678483.88779055,0.0,0.0,0.0,0.0,9.266778945922852,,1.0570377111434937,0.0,0.0,,0.3080438296369989,-0.1818210886612827
6218,SGAM,453754.403360097,5678483.11540873,0.0,0.0,0.0,0.0,8.773378372192383,,1.151235818862915,0.0,0.0,,0.652386916045402,0.3128724100261977
6219,SGAM,453753.093040502,5678482.23654356,0.0,0.0,0.0,0.0,6.526797294616699,,1.041176199913025,0.0,0.0,,0.2022909551398083,-0.1461454758772302
6220,SGAM,453751.713148628,5678481.4149773,0.0,0.0,0.0,0.0,2.52671480178833,,1.044628381729126,0.0,0.0,,0.5598136665023811,-0.2861921763753754
6221,SGAM,453750.332800633,5678480.67109181,0.0,0.0,0.0,0.0,9.031453132629396,,1.1880546808242798,0.0,0.0,,0.0427598502667159,-0.1140588031192578
6222,SGAM,453749.047088255,5678480.02320209,0.0,0.0,0.0,0.0,7.33242130279541,,1.0374915599822998,0.0,0.0,,0.2909790615672963,-0.1522123782145656
6223,SGAM,453747.864528686,5678479.49466331,0.0,0.0,0.0,0.0,8.315056800842285,,1.030674934387207,0.0,0.0,,0.5548813458606304,-0.1457237859216578
6224,SGAM,453746.517337533,5678478.99955978,0.0,0.0,0.0,0.0,10.07082176208496,,1.1717946529388428,0.0,0.0,,0.2487701416038735,-0.1779121484792528
6225,SGAM,453745.230465036,5678478.54920114,0.0,0.0,0.0,0.0,1.9597485065460205,,1.0196093320846558,0.0,0.0,,0.328276498788656,-0.3309930044113163
6226,SGAM,453743.85767029,5678477.99290952,0.0,0.0,0.0,0.0,6.797539234161377,,1.0751361846923828,0.0,0.0,,0.4372033993148083,-0.3872540072736116
6227,SGAM,453742.277905591,5678477.3111075,0.0,0.0,0.0,0.0,5.331409931182861,,1.124783992767334,0.0,0.0,,-0.1859654663738363,0.0055847848937935
6228,SGAM,453740.853257873,5678476.7423032,0.0,0.0,0.0,0.0,11.231276512145996,,1.052992343902588,0.0,0.0,,0.3480608656140185,0.3106434450963758
6229,SGAM,453739.480691999,5678476.1471703,0.0,0.0,0.0,0.0,6.55903959274292,,1.0533782243728638,0.0,0.0,,0.4899853755967087,0.2106521379808316
6230,SGAM,453738.100169974,5678475.43324532,0.0,0.0,0.0,0.0,6.122190475463867,,1.0254907608032229,0.0,0.0,,0.6444373290094282,0.2270253249748092
6231,SGAM,453736.657927551,5678474.9131666,0.0,0.0,0.0,0.0,8.329570770263672,,1.048810601234436,0.0,0.0,,0.5647403343456207,0.4528057498599424
6232,SGAM,453735.188620507,5678474.58047918,0.0,0.0,0.0,0.0,11.316012382507324,,1.071589708328247,0.0,0.0,,0.6230585707430376,-0.4545594924730123
6233,SGAM,453733.639854014,5678474.51477834,0.0,0.0,0.0,0.0,2.706850290298462,,1.0132811069488523,0.0,0.0,,-0.2785691501737367,-0.0197385458853815
6234,SGAM,453732.169855765,5678474.29972161,0.0,0.0,0.0,0.0,9.600951194763184,,1.0732418298721311,0.0,0.0,,0.8273588458701441,0.4484100663645555
6235,SGAM,453729.245602331,5678474.13604396,0.0,0.0,0.0,0.0,5.228386878967285,,1.0115467309951782,0.0,0.0,,0.6589258517583177,-0.5809889709391655
6236,FMAT,453727.694291887,5678474.50313617,0.0,0.0,0.0,0.0,3.401412010192871,,1.010590672492981,0.0,0.0,,0.34337520931353,0.1251145928863292
6237,FMAT,453726.39385482,5678474.88834933,0.0,0.0,0.0,0.0,6.211723327636719,,1.0076632499694824,0.0,0.0,,0.9383916674088044,0.0575954061377755
6238,FMAT,453724.876521509,5678475.3643979,0.0,0.0,0.0,0.0,4.458608627319336,,1.0056543350219729,0.0,0.0,,0.9189723803745022,-0.1394740040775618
6239,FMAT,453723.497165709,5678475.92448985,0.0,0.0,0.0,0.0,3.3194916248321533,,1.002779245376587,0.0,0.0,,0.9568742794796988,0.0211782708538876
6240,FMAT,453722.369629264,5678476.34179228,0.0,0.0,0.0,0.0,2.108059883117676,,1.0020898580551147,0.0,0.0,,0.3220444843716859,0.0717259466037941
6241,FMAT,453721.232140198,5678476.97987968,0.0,0.0,0.0,0.0,4.019931793212891,,1.0051878690719604,0.0,0.0,,0.866244363650618,-0.1823797767435918
6242,FMAT,453720.181094969,5678477.63512165,0.0,0.0,0.0,0.0,4.0253190994262695,,1.0065076351165771,0.0,0.0,,0.7879047391045576,-0.270846767472333
6243,FMAT,453719.060300618,5678478.37762501,0.0,0.0,0.0,0.0,2.4806244373321533,,1.008028864860535,0.0,0.0,,0.126564390788279,0.1393125272660728
6244,FMAT,453718.164312736,5678479.15585274,0.0,0.0,0.0,0.0,0.6915136575698853,,1.000478982925415,0.0,0.0,,0.2404400130317775,0.8663879161261674
6245,FMAT,453717.197636131,5678480.18114281,0.0,0.0,0.0,0.0,0.0617427490651607,,1.0029646158218384,0.0,0.0,,0.8161258028439712,-0.026457455518881
6246,FMAT,453716.152934521,5678481.22927912,0.0,0.0,0.0,0.0,2.186054229736328,,1.0028456449508667,0.0,0.0,,0.3060916633670958,0.3295296713909019
6247,FMAT,453715.108310934,5678482.26409854,0.0,0.0,0.0,0.0,0.3234778344631195,,1.0023880004882812,0.0,0.0,,-0.1434787462022876,-0.3564600695056359
6248,FMAT,453712.983323799,5678484.52440677,0.0,0.0,0.0,0.0,12.924493789672852,,1.060895919799805,0.0,0.0,,0.6750883584325805,0.2621709486609159
6249,FMAT,453712.09476856,5678485.51020397,0.0,0.0,0.0,0.0,3.564743995666504,,1.006162166595459,0.0,0.0,,0.5408175967703462,0.6920385321120128
6250,FMAT,453711.277175959,5678486.20233007,0.0,0.0,0.0,0.0,3.486661911010742,,1.0109654664993286,0.0,0.0,,0.3934603232111848,0.70460231209263
6251,FMAT,453710.921107446,5678486.41220179,0.0,0.0,0.0,0.0,6.07337760925293,,1.0321485996246338,0.0,0.0,,0.6516956224319147,0.4579065705070098
6252,FMAT,453710.47672847,5678486.92230108,0.0,0.0,0.0,0.0,3.2075448036193848,,1.0135953426361084,0.0,0.0,,0.2667342069278112,0.5400280938041745
6253,FMAT,453710.07700389,5678487.19739231,0.0,0.0,0.0,0.0,3.238619327545166,,1.0154608488082886,0.0,0.0,,0.4991061510567651,0.1904044217887159
6254,FMAT,453710.041917239,5678487.27708922,0.0,0.0,0.0,0.0,3.238619327545166,,1.0154608488082886,0.0,0.0,,0.4991061510567651,0.1904044217887159
6255,FMAT,453709.685568036,5678487.53467922,0.0,0.0,0.0,0.0,1.9836050271987915,,1.010751485824585,0.0,0.0,,0.7672095367275723,-0.2385631738672176
6256,FMAT,453709.114084146,5678487.58347763,0.0,0.0,0.0,0.0,4.478385925292969,,1.007937788963318,0.0,0.0,,0.3912279021622358,-0.6021776366675322
