ID,class,x,y,btm_broad_bpi,btm_fine_bpi,btm_broad_std,btm_fine_std,btm_slope,btm_vrm,btm_surface_ratio,btm_bpi_magnitude,btm_broad_x_fine_std,btm_rough_total,btm_northness_21,btm_complexity_21
1,NVB,453594.477237,5679192.373871,0.0,0.0,0.0,0.0,13.770500183105469,,1.0839859247207642,0.0,0.0,,-0.2604736140881343,41.51601968417309
2,FMAT,453561.906453393,5679108.58525087,0.0,0.0,0.0,0.0,1.6186344623565674,,1.0198713541030884,0.0,0.0,,-0.1085934189174274,12.151461982161564
3,ALG,453744.452238143,5679033.2864208,0.0,0.0,0.0,0.0,28.715511322021484,,1.2049907445907593,0.0,0.0,,-0.4613503024772427,23.84784501478052
4,ALG,453863.44530232,5679037.93445954,0.0,0.0,0.0,0.0,24.518558502197266,,1.2411054372787476,0.0,0.0,,-0.3782751828528284,30.99591456086949
5,ALG,453964.611906273,5679016.72184267,0.0,0.0,0.0,0.0,46.288204193115234,,1.5983582735061646,0.0,0.0,,-0.4782328475631837,37.59386618719878
6,ALG,454022.798766296,5679018.69156725,-1.0,0.0,562.0,0.0,69.49740600585938,,3.1560206413269043,562.0,0.0,,-0.1367258772641498,42.95922849414181
7,ALG,454092.909720928,5678981.21145043,0.0,0.0,0.0,0.0,15.096406936645508,,1.0647481679916382,0.0,0.0,,-0.6181424543644115,21.31569792565831
8,ALG,454153.990888766,5678960.20829519,0.0,0.0,0.0,0.0,10.367119789123535,,1.073147177696228,0.0,0.0,,-0.2306399035234805,20.28483702101545
9,ALG,454173.404145423,5679007.55488332,-1.0,0.0,562.0,0.0,14.58603286743164,,1.0391530990600586,562.0,0.0,,-0.0729722368998619,22.826867476261143
10,ALG,454120.970769676,5679029.63745334,0.0,0.0,0.0,0.0,48.870750427246094,,1.560952067375183,0.0,0.0,,-0.1151158184954225,39.05458126275296
11,ALG,454208.441471722,5679029.95075255,0.0,0.0,0.0,0.0,16.05502700805664,,1.0602422952651978,0.0,0.0,,-0.1902692712913963,22.29439818957068
12,ALG,454262.54067056,5679013.04151743,0.0,0.0,0.0,0.0,20.81159019470215,,1.1498607397079468,0.0,0.0,,-0.2160892404098928,26.54332258392905
13,ALG,454274.106661601,5679064.05821076,0.0,0.0,0.0,0.0,38.82799911499024,,1.6506402492523191,0.0,0.0,,-0.1132117031434924,47.24645223796653
14,ALG,454315.512595845,5679120.75269125,0.0,0.0,0.0,0.0,52.107940673828125,,1.7276148796081543,0.0,0.0,,-0.0877003186506767,34.414285741764175
15,ALG,454354.056166448,5679130.74492279,0.0,0.0,0.0,0.0,14.71829605102539,,1.1876344680786133,0.0,0.0,,-0.1369885093339782,20.58922158467636
16,ALG,454075.749568098,5678706.78665459,0.0,0.0,0.0,0.0,6.411596298217773,,1.0230228900909424,0.0,0.0,,0.2080682384236381,21.10271784696339
17,ALG,454044.5036825,5678720.5245892,0.0,0.0,0.0,0.0,12.00086784362793,,1.1896837949752808,0.0,0.0,,0.3080529526618988,24.6827815746232
18,NVB,453953.165195791,5678766.48217933,0.0,0.0,0.0,0.0,2.748119831085205,,1.1004482507705688,0.0,0.0,,0.5442204623239009,18.17857321022205
19,SGAM,453800.471966194,5678788.94779249,0.0,0.0,0.0,0.0,3.2675445079803467,,1.008366942405701,0.0,0.0,,0.0137217921826793,4.2178041062025375
20,NVB,453747.7938208,5678478.02185329,0.0,0.0,0.0,0.0,7.968812942504883,,1.0673686265945437,0.0,0.0,,0.2889065778616188,8.342325739786698
21,SGZ,453650.222476438,5678490.87388036,0.0,0.0,0.0,0.0,8.18147087097168,,1.0263415575027466,0.0,0.0,,0.1909643688284259,9.781261123861196
22,ALG,453607.698640431,5678653.44442,1.0,0.0,562.0,0.0,22.90219116210937,,1.198765754699707,562.0,0.0,,-0.124048252439982,42.59781711368361
23,NVB,453643.068761943,5678811.41723759,0.0,0.0,0.0,0.0,2.825781345367432,,1.0024019479751587,0.0,0.0,,-0.0936188737774833,2.737119459335528
24,NVB,453586.176398003,5678936.70294994,0.0,0.0,0.0,0.0,2.525601863861084,,1.0021870136260986,0.0,0.0,,-0.2028913231408473,2.534657391667075
25,NVB,453511.54525242,5678895.42418824,0.0,0.0,0.0,0.0,1.865939140319824,,1.001684069633484,0.0,0.0,,-0.1042032152533728,7.081670513263392
26,ALG,453458.283958985,5678874.46169097,-1.0,0.0,562.0,0.0,40.31731033325195,,1.3944780826568604,562.0,0.0,,0.0046856036661931,39.99376162769336
27,NVB,454023.528804231,5678923.79636312,0.0,0.0,0.0,0.0,0.8239578008651733,,1.009567379951477,0.0,0.0,,-0.2432646066422118,4.171764780662798
28,NVB,454022.774058728,5678924.09825084,0.0,0.0,0.0,0.0,2.789370536804199,,1.0074249505996704,0.0,0.0,,-0.1999259078055651,4.35906207514512
29,NVB,454022.05430776,5678924.33597644,0.0,0.0,0.0,0.0,2.0379858016967773,,1.0118428468704224,0.0,0.0,,-0.1914039722625276,4.368318433583979
30,NVB,454021.326102978,5678924.53924987,0.0,0.0,0.0,0.0,5.933718204498291,,1.0249135494232178,0.0,0.0,,-0.1653165038027654,4.238218030268705
31,NVB,454020.597995377,5678924.72587732,0.0,0.0,0.0,0.0,0.5068499445915222,,1.004499435424805,0.0,0.0,,-0.122782505067183,3.835313133942527
32,NVB,454019.896007317,5678924.88602287,0.0,0.0,0.0,0.0,1.3984949588775637,,1.0010253190994265,0.0,0.0,,-0.0985502180143575,3.6217148613781673
33,NVB,454019.133293899,5678925.07022853,0.0,0.0,0.0,0.0,2.58571720123291,,1.0092594623565674,0.0,0.0,,-0.1002461330140167,3.6636397365535407
34,NVB,454018.396531515,5678925.25680523,0.0,0.0,0.0,0.0,3.148115873336792,,1.0042638778686523,0.0,0.0,,-0.1289446763569061,3.5143030323414157
35,NVB,454017.711774936,5678925.43036841,0.0,0.0,0.0,0.0,2.644316434860229,,1.0036735534667969,0.0,0.0,,-0.1765280237243518,3.606841298837967
36,NVB,454017.044191575,5678925.62733692,0.0,0.0,0.0,0.0,5.562711715698242,,1.0113685131072998,0.0,0.0,,-0.2031898941519512,3.530880636546373
37,NVB,454016.385061926,5678925.85875748,0.0,0.0,0.0,0.0,1.3337687253952026,,1.002487063407898,0.0,0.0,,-0.225383878303423,3.7613487656433455
38,NVB,454015.725666488,5678926.13567683,0.0,0.0,0.0,0.0,2.2166757583618164,,1.004837989807129,0.0,0.0,,-0.228060853055724,4.04434074013691
39,NVB,454015.066095995,5678926.44255878,0.0,0.0,0.0,0.0,2.917602777481079,,1.0051727294921875,0.0,0.0,,-0.2561712590497692,4.1823263670186535
40,NVB,454014.41497919,5678926.78389279,0.0,0.0,0.0,0.0,2.649492025375366,,1.0076018571853638,0.0,0.0,,-0.2473123945303436,3.958834511315792
41,NVB,454013.798468081,5678927.12764841,0.0,0.0,0.0,0.0,2.503718376159668,,1.0030924081802368,0.0,0.0,,-0.2646200966489604,3.5446418610943446
42,NVB,454013.086904527,5678927.44532416,0.0,0.0,0.0,0.0,3.1978743076324463,,1.002108097076416,0.0,0.0,,-0.2741159032981902,3.299877895733259
43,NVB,454012.401693883,5678927.69656783,0.0,0.0,0.0,0.0,2.2405812740325928,,1.0010989904403689,0.0,0.0,,-0.2805443052995815,3.144069426663592
44,NVB,454011.699342379,5678927.91885741,0.0,0.0,0.0,0.0,3.2911264896392822,,1.0069454908370972,0.0,0.0,,-0.2779104726007604,2.975807164006456
45,NVB,454010.99712696,5678928.11784265,0.0,0.0,0.0,0.0,3.0743181705474854,,1.0020092725753784,0.0,0.0,,-0.2494244291641897,2.641624610198021
46,NVB,454010.294982812,5678928.30462081,0.0,0.0,0.0,0.0,0.9228307008743286,,1.0041766166687012,0.0,0.0,,-0.2048223584979664,2.493998905596526
47,NVB,454009.59306552,5678928.45255843,0.0,0.0,0.0,0.0,0.2519420087337494,,1.0011836290359497,0.0,0.0,,-0.2039227333338739,2.4482755735096995
48,NVB,454008.908600182,5678928.5761831,0.0,0.0,0.0,0.0,1.1623300313949585,,1.003414511680603,0.0,0.0,,-0.1858463119964499,2.5053776167209887
49,NVB,454008.189276233,5678928.7406654,0.0,0.0,0.0,0.0,0.8643073439598083,,1.0029315948486328,0.0,0.0,,-0.1997436218731258,2.5867308237641504
50,NVB,454007.539157293,5678928.91110075,0.0,0.0,0.0,0.0,1.4271336793899536,,1.0025187730789185,0.0,0.0,,-0.2255908233180247,2.6770269388056485
51,NVB,454006.906256929,5678929.09717336,0.0,0.0,0.0,0.0,0.539117157459259,,1.0005873441696167,0.0,0.0,,-0.2174689417180883,2.764550664508873
52,NVB,454006.238446068,5678929.33298143,0.0,0.0,0.0,0.0,1.426038384437561,,1.0078359842300415,0.0,0.0,,-0.2219875512199264,2.8511716207849567
53,NVB,454005.56178599,5678929.60203072,0.0,0.0,0.0,0.0,2.2380189895629883,,1.0051389932632446,0.0,0.0,,-0.2140288618055322,3.0377045803094758
54,NVB,454004.876432278,5678929.87768775,0.0,0.0,0.0,0.0,4.086558818817139,,1.006075143814087,0.0,0.0,,-0.214219842527901,2.965842274526058
55,NVB,454004.199791556,5678930.14340773,0.0,0.0,0.0,0.0,1.0259592533111572,,1.0018439292907717,0.0,0.0,,-0.2115745556351091,3.0620804867072677
56,NVB,454003.540609272,5678930.38370505,0.0,0.0,0.0,0.0,3.7484307289123535,,1.008195161819458,0.0,0.0,,-0.2113697382925507,3.273761530920785
57,NVB,454002.864124062,5678930.62279146,0.0,0.0,0.0,0.0,0.8839201331138611,,1.0037437677383425,0.0,0.0,,-0.1912445586387389,3.325927190693896
58,NVB,454002.100936361,5678930.88800562,0.0,0.0,0.0,0.0,3.816845655441284,,1.0042710304260254,0.0,0.0,,-0.1784366703042411,3.4047650589664094
59,NVB,454001.381125773,5678931.13571689,0.0,0.0,0.0,0.0,1.03471577167511,,1.0037710666656494,0.0,0.0,,-0.1381273348455674,3.484054393700026
60,NVB,454000.644051153,5678931.37555887,0.0,0.0,0.0,0.0,3.7780544757843018,,1.0046736001968384,0.0,0.0,,-0.1390148509464036,3.5520138586430896
61,NVB,453999.932862736,5678931.62886922,0.0,0.0,0.0,0.0,2.233104467391968,,1.0087437629699707,0.0,0.0,,-0.1389236587062042,3.670568721505023
62,NVB,453999.230374346,5678931.87446198,0.0,0.0,0.0,0.0,4.130987167358398,,1.0104658603668213,0.0,0.0,,-0.1491197759074027,3.925086962247152
63,NVB,453998.528106374,5678932.08232393,0.0,0.0,0.0,0.0,5.15458869934082,,1.0071686506271362,0.0,0.0,,-0.1459108340224615,3.8418793683827217
64,NVB,453997.825942109,5678932.27243016,0.0,0.0,0.0,0.0,3.637645959854126,,1.0044851303100586,0.0,0.0,,-0.1570807430037558,4.050572938672436
65,NVB,453997.158552177,5678932.43610515,0.0,0.0,0.0,0.0,0.8639752864837646,,1.0021740198135376,0.0,0.0,,-0.143352306739395,4.144160060807731
66,NVB,453996.465224098,5678932.59518946,0.0,0.0,0.0,0.0,4.305079936981201,,1.0072219371795654,0.0,0.0,,-0.1540364217181848,4.019960415633317
67,NVB,453995.737290213,5678932.75185197,0.0,0.0,0.0,0.0,5.111987590789795,,1.0150249004364014,0.0,0.0,,-0.1091632241297474,3.762601906996637
68,NVB,453995.044091766,5678932.88874159,0.0,0.0,0.0,0.0,4.424637794494629,,1.0333125591278076,0.0,0.0,,-0.1212125419782508,3.6859811426033215
69,NVB,453994.350919235,5678933.02119225,0.0,0.0,0.0,0.0,2.9474551677703857,,1.0440129041671753,0.0,0.0,,-0.109846160347151,3.39307539382864
70,NVB,453993.631834494,5678933.14461329,0.0,0.0,0.0,0.0,0.8732483386993408,,1.0031747817993164,0.0,0.0,,-0.1135027644909082,3.360570877899704
71,NVB,453992.817424966,5678933.28856277,0.0,0.0,0.0,0.0,3.375673770904541,,1.0081809759140017,0.0,0.0,,-0.1119944570397572,3.3398555819603337
72,NVB,453992.10668358,5678933.46530119,0.0,0.0,0.0,0.0,0.7736813426017761,,1.005653738975525,0.0,0.0,,-0.0758022482018108,3.122764762966613
73,NVB,453991.352500115,5678933.67063959,0.0,0.0,0.0,0.0,4.895939826965332,,1.0083329677581787,0.0,0.0,,-0.0527629021707027,3.1727545403297546
74,NVB,453990.546297689,5678933.89121063,0.0,0.0,0.0,0.0,4.285882949829102,,1.0105804204940796,0.0,0.0,,-0.0361294130795079,3.246341594625539
75,NVB,453989.748736937,5678934.11405163,0.0,0.0,0.0,0.0,3.966836929321289,,1.0068296194076538,0.0,0.0,,-0.0460159845856348,3.3012861553570927
76,NVB,453988.95977894,5678934.34582095,0.0,0.0,0.0,0.0,1.088534235954285,,1.0037657022476196,0.0,0.0,,-0.0861633075274595,3.39803018410888
77,NVB,453988.248875231,5678934.55030222,0.0,0.0,0.0,0.0,1.7186566591262815,,1.0039138793945312,0.0,0.0,,-0.1127256600757521,3.609850464310009
78,NVB,453987.555319774,5678934.74822622,0.0,0.0,0.0,0.0,6.839162349700928,,1.0242903232574463,0.0,0.0,,-0.145635288230426,3.5358553497205456
79,NVB,453986.827087156,5678934.95593539,0.0,0.0,0.0,0.0,2.621626615524292,,1.0112764835357666,0.0,0.0,,-0.2086400883539599,3.409742388885113
80,NVB,453986.133596487,5678935.14276199,0.0,0.0,0.0,0.0,6.408560276031494,,1.0589048862457275,0.0,0.0,,-0.2373190276660987,3.3615228913484523
81,NVB,453985.43176242,5678935.276271,0.0,0.0,0.0,0.0,5.451786041259766,,1.0157729387283323,0.0,0.0,,-0.2866556754415952,3.2671296880749865
82,NVB,453984.67803262,5678935.40392781,0.0,0.0,0.0,0.0,5.513897895812988,,1.0085134506225586,0.0,0.0,,-0.316167051846845,3.3584001097506304
83,NVB,453983.915654595,5678935.53042423,0.0,0.0,0.0,0.0,4.254004955291748,,1.0064281225204468,0.0,0.0,,-0.3547837894694727,3.4793702433533324
84,NVB,453983.161775564,5678935.68360464,0.0,0.0,0.0,0.0,3.5816383361816406,,1.005607843399048,0.0,0.0,,-0.3611304399821938,3.253496890336023
85,NVB,453982.355909985,5678935.846469,0.0,0.0,0.0,0.0,2.628746747970581,,1.008376121520996,0.0,0.0,,-0.3832804989366994,3.132413461312384
86,NVB,453981.653732004,5678936.03879326,0.0,0.0,0.0,0.0,2.055495500564575,,1.0035638809204102,0.0,0.0,,-0.3822343868337265,2.9886709711914308
87,NVB,453980.916786031,5678936.25643884,0.0,0.0,0.0,0.0,0.3790843784809112,,1.000296950340271,0.0,0.0,,-0.3521763198436122,2.8128500406684123
88,NVB,453980.153921353,5678936.46616449,0.0,0.0,0.0,0.0,2.4189460277557373,,1.002938985824585,0.0,0.0,,-0.3494783775185057,2.8289695347765256
89,NVB,453979.451762719,5678936.65515937,0.0,0.0,0.0,0.0,1.0171654224395752,,1.0011900663375854,0.0,0.0,,-0.319238603926551,2.801278415307748
90,NVB,453978.740955849,5678936.84299386,0.0,0.0,0.0,0.0,2.148124933242798,,1.0013514757156372,0.0,0.0,,-0.286240884407421,2.934307176172768
91,NVB,453978.004236764,5678937.0217987,0.0,0.0,0.0,0.0,3.326664447784424,,1.0044002532958984,0.0,0.0,,-0.2139878400968266,3.0501341528192105
92,NVB,453977.276282618,5678937.18178868,0.0,0.0,0.0,0.0,6.198870658874512,,1.0083245038986206,0.0,0.0,,-0.1437455857167943,2.90119219334084
93,NVB,453976.600412282,5678937.31544869,0.0,0.0,0.0,0.0,3.005727052688598,,1.00346577167511,0.0,0.0,,-0.0558685120301684,2.953441646957174
94,NVB,453975.872574849,5678937.45546345,0.0,0.0,0.0,0.0,2.336325168609619,,1.0029078722000122,0.0,0.0,,-0.0500836758984527,2.8362310171302685
95,NVB,453975.049444957,5678937.61045778,0.0,0.0,0.0,0.0,0.5930126309394836,,1.0019196271896362,0.0,0.0,,0.0311936749743075,2.653029235041627
96,NVB,453974.295585002,5678937.76030815,0.0,0.0,0.0,0.0,1.107520580291748,,1.001718521118164,0.0,0.0,,0.019482121386124,2.461557578509268
97,NVB,453973.584888192,5678937.92927681,0.0,0.0,0.0,0.0,1.168451189994812,,1.0017452239990234,0.0,0.0,,0.0521079607543159,2.682342749368181
98,NVB,453972.891448831,5678938.10722443,0.0,0.0,0.0,0.0,1.1154786348342896,,1.0032590627670288,0.0,0.0,,0.0844409979194303,2.8449444405067337
99,NVB,453972.189335282,5678938.28845056,0.0,0.0,0.0,0.0,0.92339026927948,,1.0012786388397217,0.0,0.0,,0.0871364310250162,3.030685505819095
100,NVB,453971.452706737,5678938.4517186,0.0,0.0,0.0,0.0,2.5232975482940674,,1.003462314605713,0.0,0.0,,0.0920243483977709,3.1399833099586054
101,NVB,453970.724732853,5678938.61503716,0.0,0.0,0.0,0.0,1.9128249883651731,,1.002974271774292,0.0,0.0,,0.0976863275360482,3.1674202305896246
102,NVB,453969.93608525,5678938.79353764,0.0,0.0,0.0,0.0,3.31018590927124,,1.0094716548919678,0.0,0.0,,0.0850237352276993,3.28268343512328
103,NVB,453969.208059397,5678938.96573389,0.0,0.0,0.0,0.0,2.158050060272217,,1.0016939640045166,0.0,0.0,,0.0688638467862394,3.3789894467995247
104,NVB,453968.445220081,5678939.1710195,0.0,0.0,0.0,0.0,4.99449634552002,,1.0199055671691897,0.0,0.0,,0.0279666105972069,3.356831011244925
105,NVB,453967.665038899,5678939.38175247,0.0,0.0,0.0,0.0,0.4079256653785705,,1.0160250663757324,0.0,0.0,,-0.0053704200360422,3.1007169910730887
106,NVB,453966.876222443,5678939.58910557,0.0,0.0,0.0,0.0,2.143394470214844,,1.0081489086151123,0.0,0.0,,-0.011155065515756,3.057367862156024
107,NVB,453966.139639082,5678939.74460502,0.0,0.0,0.0,0.0,3.3023691177368164,,1.0083760023117063,0.0,0.0,,-0.0219343812360473,2.958142847138046
108,NVB,453965.437732864,5678939.89031926,0.0,0.0,0.0,0.0,2.50275993347168,,1.003942608833313,0.0,0.0,,-0.0374092591398154,2.760336986903994
109,NVB,453964.744487803,5678940.03497432,0.0,0.0,0.0,0.0,1.2475284337997437,,1.00252366065979,0.0,0.0,,-0.0713163719955573,2.7087130830763035
110,NVB,453964.016572024,5678940.18830472,0.0,0.0,0.0,0.0,1.1695623397827148,,1.0008485317230225,0.0,0.0,,-0.0787037801092615,2.89280239706154
111,NVB,453963.15879037,5678940.34864402,0.0,0.0,0.0,0.0,4.436136245727539,,1.0060997009277344,0.0,0.0,,-0.0950146780595289,2.906376321373536
112,NVB,453962.370414961,5678940.48053518,0.0,0.0,0.0,0.0,2.016364097595215,,1.0031697750091553,0.0,0.0,,-0.0637500413697808,3.250391319693429
113,NVB,453961.616742666,5678940.59820224,0.0,0.0,0.0,0.0,1.7823387384414673,,1.0090761184692385,0.0,0.0,,-0.0793269818249598,3.2509993907201995
114,NVB,453960.932307907,5678940.71627411,0.0,0.0,0.0,0.0,5.9899983406066895,,1.0148653984069824,0.0,0.0,,-0.0672769437005182,3.2045837720939097
115,NVB,453960.178518754,5678940.85391613,0.0,0.0,0.0,0.0,2.367210865020752,,1.002586007118225,0.0,0.0,,-0.0630318009604597,3.3461321366505645
116,NVB,453959.354979328,5678941.07882168,0.0,0.0,0.0,0.0,1.2809985876083374,,1.0143771171569824,0.0,0.0,,-0.1140169417894392,3.295886329283329
117,NVB,453958.600670932,5678941.30524178,0.0,0.0,0.0,0.0,1.545991063117981,,1.00227689743042,0.0,0.0,,-0.1480462720075077,3.1124056019385944
118,NVB,453957.144073044,5678941.74284926,0.0,0.0,0.0,0.0,2.2895023822784424,,1.0026003122329712,0.0,0.0,,-0.2253774727685269,2.6523189207794697
119,NVB,453956.441764089,5678941.95736584,0.0,0.0,0.0,0.0,1.0160140991210938,,1.0066227912902832,0.0,0.0,,-0.2267016076655498,2.5650609672600093
120,NVB,453955.748129261,5678942.16860378,0.0,0.0,0.0,0.0,2.0426199436187744,,1.0012658834457395,0.0,0.0,,-0.2046554276481098,2.676738880811361
121,NVB,453955.07181677,5678942.37772344,0.0,0.0,0.0,0.0,0.8852151036262512,,1.002236008644104,0.0,0.0,,-0.2078690097521206,2.679104964026349
122,NVB,453954.378337635,5678942.5623278,0.0,0.0,0.0,0.0,2.475446939468384,,1.002909779548645,0.0,0.0,,-0.1669651199710239,2.8372387855697854
123,NVB,453953.676262183,5678942.73689392,0.0,0.0,0.0,0.0,3.653644323348999,,1.0043911933898926,0.0,0.0,,-0.158567161912307,3.224670872039547
124,NVB,453952.92234938,5678942.89562008,0.0,0.0,0.0,0.0,5.413591384887695,,1.0085792541503906,0.0,0.0,,-0.1649257521383181,4.128270154243066
125,NVB,453952.220520509,5678943.02801642,0.0,0.0,0.0,0.0,1.2485742568969729,,1.000918984413147,0.0,0.0,,-0.1756687206533145,4.885570782359184
126,NVB,453951.544597292,5678943.17055211,0.0,0.0,0.0,0.0,8.238934516906738,,1.0163894891738892,0.0,0.0,,-0.2105316284283803,5.549682107118671
127,NVB,453950.799319628,5678943.33265787,0.0,0.0,0.0,0.0,4.901307582855225,,1.018530011177063,0.0,0.0,,-0.2015539627007612,5.766053733957575
128,NVB,453950.054054912,5678943.4925441,0.0,0.0,0.0,0.0,1.965808391571045,,1.004051685333252,0.0,0.0,,-0.2366844310580732,6.024412452507079
129,NVB,453949.230761566,5678943.67527894,0.0,0.0,0.0,0.0,2.834580183029175,,1.009278416633606,0.0,0.0,,-0.2884030585869762,6.250161553455234
130,NVB,453948.485425383,5678943.84737203,0.0,0.0,0.0,0.0,1.4887560606002808,,1.0158483982086182,0.0,0.0,,-0.2762626089391268,5.935612788288533
131,NVB,453947.800762939,5678944.00428324,0.0,0.0,0.0,0.0,1.5752205848693848,,1.0057218074798584,0.0,0.0,,-0.2883285000901246,5.201622375921197
132,NVB,453947.098739135,5678944.16997095,0.0,0.0,0.0,0.0,4.798611164093018,,1.0133302211761477,0.0,0.0,,-0.2674875635583017,4.732858368576262
133,NVB,453946.39675425,5678944.32900024,0.0,0.0,0.0,0.0,3.3554880619049072,,1.01291823387146,0.0,0.0,,-0.2673067604745253,4.592780082786677
134,NVB,453945.74672999,5678944.48278459,0.0,0.0,0.0,0.0,2.4797005653381348,,1.0046344995498655,0.0,0.0,,-0.2734431492152942,4.423447828652695
135,NVB,453945.088044515,5678944.63762799,0.0,0.0,0.0,0.0,1.5547327995300293,,1.008350491523743,0.0,0.0,,-0.2559020425926488,4.515720277341582
136,NVB,453944.403433864,5678944.78566108,0.0,0.0,0.0,0.0,2.42167329788208,,1.0011537075042725,0.0,0.0,,-0.2541263386467513,4.541746939934333
137,NVB,453943.710168484,5678944.93364348,0.0,0.0,0.0,0.0,4.6417388916015625,,1.010183811187744,0.0,0.0,,-0.2362691592497241,4.36873521254403
138,NVB,453942.938783556,5678945.12001062,0.0,0.0,0.0,0.0,2.1273159980773926,,1.0230371952056885,0.0,0.0,,-0.2369848741887809,4.454415624679323
139,NVB,453942.210691571,5678945.30330166,0.0,0.0,0.0,0.0,7.631503105163574,,1.0122230052947998,0.0,0.0,,-0.1994078392114978,4.605848318641164
140,NVB,453941.526035358,5678945.45910259,0.0,0.0,0.0,0.0,0.1272538155317306,,1.008263111114502,0.0,0.0,,-0.175182016512179,4.674493487366836
141,NVB,453940.798034198,5678945.62685731,0.0,0.0,0.0,0.0,2.1201765537261963,,1.0120090246200562,0.0,0.0,,-0.1826882125012633,4.543246203881623
142,NVB,453940.044036442,5678945.8000087,0.0,0.0,0.0,0.0,2.9270663261413574,,1.0035825967788696,0.0,0.0,,-0.190949467754177,4.218314249663791
143,NVB,453939.281267084,5678945.99308449,0.0,0.0,0.0,0.0,3.048013687133789,,1.0076372623443604,0.0,0.0,,-0.1978107410056326,3.9630058672491577
144,NVB,453938.544474782,5678946.18409265,0.0,0.0,0.0,0.0,3.809297800064087,,1.0083409547805786,0.0,0.0,,-0.2267401790681749,3.571386707077349
145,NVB,453937.746911237,5678946.4069284,0.0,0.0,0.0,0.0,2.9278180599212646,,1.002369999885559,0.0,0.0,,-0.2307377817425113,3.072784958157486
146,NVB,453936.984044372,5678946.61664989,0.0,0.0,0.0,0.0,0.7013929486274719,,1.0007110834121704,0.0,0.0,,-0.2535572907739114,2.8431684272723152
147,NVB,453936.238506348,5678946.82314339,0.0,0.0,0.0,0.0,2.595666646957397,,1.0029321908950806,0.0,0.0,,-0.2569220709737616,2.678341416528263
148,NVB,453935.553661581,5678947.01112591,0.0,0.0,0.0,0.0,1.875746726989746,,1.001252293586731,0.0,0.0,,-0.2596292305905437,2.743009073702357
149,NVB,453934.773660504,5678947.19078325,0.0,0.0,0.0,0.0,2.3404130935668945,,1.0029255151748655,0.0,0.0,,-0.2490647103339613,2.86011211833981
150,NVB,453933.985011178,5678947.36928015,0.0,0.0,0.0,0.0,2.0552210807800293,,1.0020238161087036,0.0,0.0,,-0.2587943399508463,3.173408796567061
151,NVB,453933.213703689,5678947.54232961,0.0,0.0,0.0,0.0,2.209228754043579,,1.0023510456085205,0.0,0.0,,-0.2259498932927671,3.57005234590655
152,NVB,453932.537812185,5678947.67931503,0.0,0.0,0.0,0.0,6.172381401062012,,1.0165172815322876,0.0,0.0,,-0.21130621817925,4.218873241317007
153,NVB,453931.792650561,5678947.82144389,0.0,0.0,0.0,0.0,4.143858432769775,,1.0166367292404177,0.0,0.0,,-0.1886990065356169,4.452109290222165
154,NVB,453931.012772689,5678947.98001603,0.0,0.0,0.0,0.0,10.476818084716797,,1.0942294597625732,0.0,0.0,,-0.185537631682141,4.4802402770510765
155,NVB,453930.284868463,5678948.13112386,0.0,0.0,0.0,0.0,5.289988517761231,,1.0663620233535769,0.0,0.0,,-0.1701583519643454,4.612005212794081
156,NVB,453929.522111617,5678948.32197925,0.0,0.0,0.0,0.0,1.2286555767059326,,1.0014426708221436,0.0,0.0,,-0.1174371899334042,4.742220162335611
157,NVB,453928.741967396,5678948.52605001,0.0,0.0,0.0,0.0,2.696208477020264,,1.0061469078063965,0.0,0.0,,-0.083844460788659,4.779587211554308
158,NVB,453927.987923623,5678948.70696835,0.0,0.0,0.0,0.0,1.2574602365493774,,1.0205694437026978,0.0,0.0,,-0.045045588449419,4.570550341130179
159,NVB,453927.216537934,5678948.89333395,0.0,0.0,0.0,0.0,2.788764715194702,,1.0014278888702393,0.0,0.0,,-0.0279714629036136,4.341741820861828
160,NVB,453926.462474604,5678949.07758133,0.0,0.0,0.0,0.0,1.794040322303772,,1.0027363300323486,0.0,0.0,,-0.018526832366707,4.5642475030235214
161,NVB,453925.682609484,5678949.23393348,0.0,0.0,0.0,0.0,3.7055373191833496,,1.051141619682312,0.0,0.0,,-0.0043114013001447,5.368767457661866
162,NVB,453924.980708117,5678949.37853441,0.0,0.0,0.0,0.0,3.584889888763428,,1.0119541883468628,0.0,0.0,,-0.0146279564537793,5.726875885354507
163,NVB,453924.252680243,5678949.55072651,0.0,0.0,0.0,0.0,8.619604110717773,,1.0166964530944824,0.0,0.0,,0.004263696905332,5.9367416856717865
164,NVB,453923.51598464,5678949.72508736,0.0,0.0,0.0,0.0,6.352418422698975,,1.032548904418945,0.0,0.0,,-0.0115860631770461,6.139164665559535
165,NVB,453922.727308813,5678949.90802204,0.0,0.0,0.0,0.0,4.136631965637207,,1.0101077556610107,0.0,0.0,,-0.0280843450086898,6.178392218937633
166,NVB,453921.929965251,5678950.09312545,0.0,0.0,0.0,0.0,4.423015594482422,,1.0337551832199097,0.0,0.0,,-0.0149598649413081,6.023520725813524
167,NVB,453921.149950547,5678950.2750009,0.0,0.0,0.0,0.0,9.129857063293455,,1.0309392213821411,0.0,0.0,,-0.0103143526553767,5.926207874210194
168,NVB,453920.430226475,5678950.50716861,0.0,0.0,0.0,0.0,4.927889347076416,,1.0094858407974243,0.0,0.0,,0.0246661397236066,5.595440190801519
169,NVB,453919.701841153,5678950.74039533,0.0,0.0,0.0,0.0,5.755242347717285,,1.0082051753997805,0.0,0.0,,0.0687294908490375,5.4556736509366965
170,NVB,453918.96512585,5678950.91808493,0.0,0.0,0.0,0.0,5.14578104019165,,1.0443596839904783,0.0,0.0,,0.0972177437973138,5.735211651443096
171,NVB,453918.19377869,5678951.09779129,0.0,0.0,0.0,0.0,2.973048686981201,,1.0231071710586548,0.0,0.0,,0.1431180376523924,5.8878849720218245
172,NVB,453917.362062896,5678951.24052195,0.0,0.0,0.0,0.0,6.242158889770508,,1.011225938796997,0.0,0.0,,0.2397288829508114,6.017457982106835
173,NVB,453916.530366557,5678951.37992333,0.0,0.0,0.0,0.0,2.581425905227661,,1.0239657163619995,0.0,0.0,,0.2616384431197058,6.211767753691881
174,NVB,453915.707331391,5678951.51826556,0.0,0.0,0.0,0.0,0.6792712807655334,,1.0054608583450315,0.0,0.0,,0.3158406393683167,5.918613707587356
175,NVB,453914.901287312,5678951.7110857,0.0,0.0,0.0,0.0,8.642685890197754,,1.0150388479232788,0.0,0.0,,0.3560758998944168,5.905502253851222
176,NVB,453913.991269767,5678951.9232729,0.0,0.0,0.0,0.0,6.351383209228516,,1.0152500867843628,0.0,0.0,,0.368773990937555,5.673643861449376
177,NVB,453913.211072797,5678952.13621995,0.0,0.0,0.0,0.0,6.059659957885742,,1.0136905908584597,0.0,0.0,,0.3483571868528791,5.264314219553974
178,NVB,453912.404840201,5678952.36122194,0.0,0.0,0.0,0.0,1.3970839977264404,,1.0040888786315918,0.0,0.0,,0.346696539199362,5.14498975033951
179,NVB,453911.57246803,5678952.6160345,0.0,0.0,0.0,0.0,4.534351348876953,,1.0077298879623413,0.0,0.0,,0.2981991309420626,5.140265243799412
180,NVB,453910.74011529,5678952.8675178,0.0,0.0,0.0,0.0,4.726356506347656,,1.0103703737258911,0.0,0.0,,0.230388126602322,5.085645191905249
181,NVB,453909.933830571,5678953.10139735,0.0,0.0,0.0,0.0,5.037623882293701,,1.0124484300613403,0.0,0.0,,0.199232335421572,4.925024882947584
182,NVB,453909.197101819,5678953.2813055,0.0,0.0,0.0,0.0,0.9877691864967346,,1.0059123039245603,0.0,0.0,,0.1413181578071217,4.328011234883646
183,NVB,453908.451705329,5678953.46338236,0.0,0.0,0.0,0.0,2.912660598754883,,1.006810426712036,0.0,0.0,,0.0833873042861891,4.265041293795553
184,NVB,453907.602536742,5678953.63042467,0.0,0.0,0.0,0.0,2.979503870010376,,1.0035227537155151,0.0,0.0,,0.0457807003525073,3.759583433475904
185,NVB,453906.814081029,5678953.77562702,0.0,0.0,0.0,0.0,1.7381421327590942,,1.0031808614730835,0.0,0.0,,0.0194483238641794,3.47928316484737
186,NVB,453906.01685363,5678953.94075372,0.0,0.0,0.0,0.0,2.586488723754883,,1.013910174369812,0.0,0.0,,-0.0002972167728654,3.287702945819136
187,NVB,453905.228287401,5678954.10482128,0.0,0.0,0.0,0.0,0.9166518449783324,,1.0101505517959597,0.0,0.0,,0.0004514215115504,3.136337014322431
188,NVB,453904.448388843,5678954.26671998,0.0,0.0,0.0,0.0,10.411898612976074,,1.0371156930923462,0.0,0.0,,-0.0412069055543256,3.1506261988859308
189,NVB,453903.711802794,5678954.4222136,0.0,0.0,0.0,0.0,2.884396314620972,,1.0198895931243896,0.0,0.0,,-0.0565600554538197,3.254701796477644
190,NVB,453902.957855312,5678954.58648363,0.0,0.0,0.0,0.0,1.4933195114135742,,1.005603313446045,0.0,0.0,,-0.0922266547509802,3.271314036373335
191,NVB,453902.143012927,5678954.8036658,0.0,0.0,0.0,0.0,2.1541988849639893,,1.001460075378418,0.0,0.0,,-0.1791108238124668,3.274379545040829
192,NVB,453900.678092443,5678955.18350635,0.0,0.0,0.0,0.0,1.1966068744659424,,1.0013891458511353,0.0,0.0,,-0.3048171216555091,3.3013009748592737
193,NVB,453899.915308165,5678955.37879779,0.0,0.0,0.0,0.0,1.2699928283691406,,1.0011601448059082,0.0,0.0,,-0.3085186941531908,3.3275426397564263
194,NVB,453899.117995972,5678955.55835026,0.0,0.0,0.0,0.0,4.553349494934082,,1.005954384803772,0.0,0.0,,-0.3536772443603483,3.406482789934918
195,NVB,453898.329305962,5678955.74350196,0.0,0.0,0.0,0.0,4.714275360107422,,1.0073022842407229,0.0,0.0,,-0.3982247878500182,3.362501803089716
196,NVB,453897.462593533,5678955.95039202,0.0,0.0,0.0,0.0,2.6878628730773926,,1.0049383640289309,0.0,0.0,,-0.4212721840330714,3.4484600202452294
197,NVB,453896.725825225,5678956.13695737,0.0,0.0,0.0,0.0,3.5137107372283936,,1.0037548542022705,0.0,0.0,,-0.3727126048968063,3.815513472352176
198,NVB,453895.963066744,5678956.32780952,0.0,0.0,0.0,0.0,1.1126947402954102,,1.0032711029052734,0.0,0.0,,-0.3757019423581699,3.994819527897117
199,NVB,453895.200249739,5678956.52864915,0.0,0.0,0.0,0.0,2.850266695022583,,1.0051860809326172,0.0,0.0,,-0.3394782835746312,3.874777719930605
200,NVB,453894.454774615,5678956.72404143,0.0,0.0,0.0,0.0,4.192309856414795,,1.012556791305542,0.0,0.0,,-0.2967875474295728,3.608746144566638
201,NVB,453893.709279954,5678956.92276283,0.0,0.0,0.0,0.0,7.1319580078125,,1.0175918340682983,0.0,0.0,,-0.2327690420284505,3.269715680707373
202,NVB,453892.955124044,5678957.12254319,0.0,0.0,0.0,0.0,6.559138774871826,,1.0340964794158936,0.0,0.0,,-0.1512570702131401,3.2036672288210686
203,NVB,453892.166323242,5678957.32655966,0.0,0.0,0.0,0.0,1.6138867139816284,,1.0032305717468262,0.0,0.0,,-0.0942172243887953,2.861906188727548
204,NVB,453891.412238741,5678957.51413287,0.0,0.0,0.0,0.0,1.9676761627197263,,1.0042943954467771,0.0,0.0,,-0.0951540483368282,2.6807844550240687
205,NVB,453890.61488713,5678957.70034284,0.0,0.0,0.0,0.0,3.172211170196533,,1.0200164318084717,0.0,0.0,,-0.1358018389904619,2.463695814104472
206,NVB,453889.861056033,5678957.84463652,0.0,0.0,0.0,0.0,3.117318630218506,,1.0090618133544922,0.0,0.0,,-0.1363917442513404,2.4346045629371686
207,NVB,453889.150582974,5678957.97475711,0.0,0.0,0.0,0.0,1.3001704216003418,,1.0083036422729492,0.0,0.0,,-0.1372813930596904,2.471855044872092
208,NVB,453888.327221617,5678958.16858288,0.0,0.0,0.0,0.0,2.430091142654419,,1.0035021305084229,0.0,0.0,,-0.0782646070769889,2.5810630548175726
209,NVB,453887.512462936,5678958.37133708,0.0,0.0,0.0,0.0,0.7028458714485168,,1.0031156539916992,0.0,0.0,,-0.0346911014210611,2.6106018503785555
210,NVB,453886.6889195,5678958.59623505,0.0,0.0,0.0,0.0,1.143018126487732,,1.0053460597991943,0.0,0.0,,-0.0008110428863636,2.635235206369801
211,NVB,453885.804682505,5678958.83964347,0.0,0.0,0.0,0.0,2.172191619873047,,1.0086215734481812,0.0,0.0,,0.0283547526297236,2.6354223762567366
212,NVB,453884.981138968,5678959.06454128,0.0,0.0,0.0,0.0,1.96766459941864,,1.0057770013809204,0.0,0.0,,0.0221339994526909,2.699621608691233
213,NVB,453884.322399006,5678959.22825743,0.0,0.0,0.0,0.0,1.668432354927063,,1.0066498517990112,0.0,0.0,,-0.0192886032987849,2.5535353980680955
214,NVB,453883.62907915,5678959.38511238,0.0,0.0,0.0,0.0,3.0080554485321045,,1.0080490112304688,0.0,0.0,,-0.018901758424439,2.516792790163919
215,NVB,453882.840628886,5678959.52920261,0.0,0.0,0.0,0.0,1.0693554878234863,,1.0012569427490234,0.0,0.0,,-0.0064771801040828,2.485591877975982
216,NVB,453882.104158898,5678959.66471911,0.0,0.0,0.0,0.0,2.0986878871917725,,1.0015233755111694,0.0,0.0,,-0.01157420307783,2.5528113269339827
217,NVB,453881.306988853,5678959.81985577,0.0,0.0,0.0,0.0,4.189825057983398,,1.005766749382019,0.0,0.0,,-0.0184119855856222,2.6203822651774344
218,NVB,453880.457773461,5678959.99466325,0.0,0.0,0.0,0.0,2.467561960220337,,1.0027281045913696,0.0,0.0,,-0.0230012177076081,2.733068249577579
219,NVB,453879.643118389,5678960.17966099,0.0,0.0,0.0,0.0,3.097036123275757,,1.002090573310852,0.0,0.0,,0.0074838652033805,2.870881331049346
220,NVB,453878.871639352,5678960.38155807,0.0,0.0,0.0,0.0,2.205789089202881,,1.005486249923706,0.0,0.0,,0.0136181460464012,3.100825747897676
221,NVB,453878.082883347,5678960.57780503,0.0,0.0,0.0,0.0,1.655159592628479,,1.0029051303863523,0.0,0.0,,-0.0253365250950499,3.2092840559973426
222,NVB,453877.259612448,5678960.75609346,0.0,0.0,0.0,0.0,2.508192777633667,,1.0029486417770386,0.0,0.0,,-0.0313165528075242,3.3466669188557034
223,NVB,453876.601021703,5678960.89428523,0.0,0.0,0.0,0.0,4.638142108917236,,1.0057748556137085,0.0,0.0,,-0.0198802801428924,3.3125816529558727
224,NVB,453875.742988828,5678961.0967847,0.0,0.0,0.0,0.0,1.430246114730835,,1.0016454458236694,0.0,0.0,,-0.0197381123719088,3.2713545289643027
225,NVB,453875.032287673,5678961.26574449,0.0,0.0,0.0,0.0,2.8692543506622314,,1.009182691574097,0.0,0.0,,-0.0175190163395716,3.342888027549225
226,NVB,453874.269599658,5678961.44438754,0.0,0.0,0.0,0.0,3.576864719390869,,1.0129563808441162,0.0,0.0,,-0.0156580209898796,3.239645075572931
227,NVB,453873.437647849,5678961.62706378,0.0,0.0,0.0,0.0,1.013743281364441,,1.0052942037582395,0.0,0.0,,-0.006457647588889,3.276732239159341
228,NVB,453872.692347223,5678961.79249135,0.0,0.0,0.0,0.0,1.9810190200805664,,1.0077204704284668,0.0,0.0,,-0.0141276334842935,3.315433034299617
229,NVB,453871.964343002,5678961.96023973,0.0,0.0,0.0,0.0,1.4508424997329712,,1.0019543170928955,0.0,0.0,,-0.0347556359698788,3.0750694764346984
230,NVB,453871.210290059,5678962.14226237,0.0,0.0,0.0,0.0,1.2789586782455444,,1.0006849765777588,0.0,0.0,,-0.0928422957913593,3.122418569266511
231,NVB,453870.404237239,5678962.33618769,0.0,0.0,0.0,0.0,0.69808429479599,,1.001452922821045,0.0,0.0,,-0.0703178476330377,3.2277871460292844
232,NVB,453869.572070666,5678962.55548454,0.0,0.0,0.0,0.0,1.286098837852478,,1.006100058555603,0.0,0.0,,-0.0343050208711955,3.486139626719819
233,NVB,453868.757102948,5678962.7937481,0.0,0.0,0.0,0.0,0.8302446007728577,,1.017314076423645,0.0,0.0,,-0.0265611268382927,3.549742821127619
234,NVB,453867.976793075,5678963.02555605,0.0,0.0,0.0,0.0,3.681011915206909,,1.0336260795593262,0.0,0.0,,-0.0085602190278792,3.328979340422596
235,NVB,453867.170525493,5678963.25610207,0.0,0.0,0.0,0.0,3.4006946086883545,,1.0098836421966553,0.0,0.0,,-0.0246559122737377,3.108800193827711
236,NVB,453866.355869756,5678963.44109844,0.0,0.0,0.0,0.0,3.534019708633423,,1.009790062904358,0.0,0.0,,-0.0335547359697753,2.818077902781753
237,NVB,453865.532539748,5678963.62937319,0.0,0.0,0.0,0.0,0.3818444609642029,,1.0042054653167725,0.0,0.0,,-0.0399407335937576,2.563239626907703
238,NVB,453864.743848094,5678963.81452154,0.0,0.0,0.0,0.0,1.0811030864715576,,1.0035266876220703,0.0,0.0,,-0.0011124033224648,2.284926009222084
239,NVB,453863.972537379,5678963.98756424,0.0,0.0,0.0,0.0,1.7399156093597412,,1.0024170875549316,0.0,0.0,,-0.0108242377125725,2.205554386406204
240,NVB,453863.244643311,5678964.13644644,0.0,0.0,0.0,0.0,1.3762444257736206,,1.002179741859436,0.0,0.0,,0.0012336505488661,2.2182911715450166
241,NVB,453862.542778412,5678964.27438345,0.0,0.0,0.0,0.0,1.6342875957489014,,1.0014387369155884,0.0,0.0,,0.0046815101764528,2.28201593129622
242,NVB,453861.728233006,5678964.44051397,0.0,0.0,0.0,0.0,3.221059560775757,,1.002652883529663,0.0,0.0,,-0.0291704499421741,2.3210125708426403
243,NVB,453860.974290138,5678964.60367026,0.0,0.0,0.0,0.0,3.071636915206909,,1.0047366619110107,0.0,0.0,,-0.048506713655683,2.3701094307992205
244,NVB,453860.194422088,5678964.76001596,0.0,0.0,0.0,0.0,2.36494779586792,,1.0044654607772827,0.0,0.0,,-0.0865891558410676,2.506031264013528
245,NVB,453859.380104212,5678964.88730576,0.0,0.0,0.0,0.0,1.720590591430664,,1.00421404838562,0.0,0.0,,-0.1029820001137639,2.576182788079728
246,NVB,453858.565708262,5678965.02791221,0.0,0.0,0.0,0.0,4.401693344116211,,1.0096803903579712,0.0,0.0,,-0.1633770615485492,2.604349522902224
247,NVB,453857.768381083,5678965.20967996,0.0,0.0,0.0,0.0,1.739687442779541,,1.0017149448394775,0.0,0.0,,-0.1616909710279346,2.587641062609201
248,NVB,453857.005568695,5678965.40940617,0.0,0.0,0.0,0.0,1.215437412261963,,1.0010452270507812,0.0,0.0,,-0.1393338659704137,2.744957276043885
249,NVB,453856.225310239,5678965.63233515,0.0,0.0,0.0,0.0,2.0746281147003174,,1.0077416896820068,0.0,0.0,,-0.1099196414548562,2.917604120034806
250,NVB,453855.392674595,5678965.93153091,0.0,0.0,0.0,0.0,1.6387131214141846,,1.0032286643981934,0.0,0.0,,-0.0872577223927797,2.783468921150216
251,NVB,453854.638165564,5678966.19123292,0.0,0.0,0.0,0.0,3.337292432785034,,1.0049476623535156,0.0,0.0,,-0.0293253850885547,2.772844917195891
252,NVB,453853.97050944,5678966.39928493,0.0,0.0,0.0,0.0,2.9752211570739746,,1.0019444227218628,0.0,0.0,,-0.0247576411291379,2.8035046425917223
253,NVB,453853.242198655,5678966.6191888,0.0,0.0,0.0,0.0,1.7471545934677124,,1.0027787685394287,0.0,0.0,,-0.0031407158414114,2.733825702872001
254,NVB,453852.479392515,5678966.81780484,0.0,0.0,0.0,0.0,2.6478734016418457,,1.0052435398101809,0.0,0.0,,-0.0035202429006478,2.7085182141638824
255,NVB,453851.716651385,5678967.00532354,0.0,0.0,0.0,0.0,2.20632553100586,,1.0030829906463623,0.0,0.0,,-0.0187696397570388,2.788379826786576
256,NVB,453850.971375785,5678967.16631015,0.0,0.0,0.0,0.0,1.919966220855713,,1.0023572444915771,0.0,0.0,,-0.030877106197219,2.8843709319067963
257,NVB,453850.16551057,5678967.3280513,0.0,0.0,0.0,0.0,1.913266897201538,,1.007710337638855,0.0,0.0,,-0.0335642113718141,3.181223032281152
258,NVB,453849.403029531,5678967.47118066,0.0,0.0,0.0,0.0,2.7941789627075195,,1.007328748703003,0.0,0.0,,-0.0095377208867806,3.3481233297717266
259,NVB,453848.692613434,5678967.59131005,0.0,0.0,0.0,0.0,4.164841175079346,,1.016964316368103,0.0,0.0,,0.0299841799191606,3.2875099517705486
260,NVB,453847.081058424,5678967.88482915,0.0,0.0,0.0,0.0,2.721769094467163,,1.0237857103347778,0.0,0.0,,0.0967831462323103,3.582201651095124
261,NVB,453846.301183248,5678968.0422832,0.0,0.0,0.0,0.0,3.6228411197662354,,1.009190797805786,0.0,0.0,,0.1210675830499882,3.5534002831204274
262,NVB,453845.503933532,5678968.21073297,0.0,0.0,0.0,0.0,2.173374652862549,,1.0015684366226196,0.0,0.0,,0.129177424587409,3.4665826388740317
263,NVB,453844.654579767,5678968.40884089,0.0,0.0,0.0,0.0,2.1467361450195312,,1.005832552909851,0.0,0.0,,0.1222871998633026,3.255833721436658
264,NVB,453843.874502806,5678968.60069626,0.0,0.0,0.0,0.0,2.974865436553955,,1.0025107860565186,0.0,0.0,,0.0910045054281118,3.31947857740113
265,NVB,453843.085810115,5678968.78584245,0.0,0.0,0.0,0.0,1.2495508193969729,,1.0048400163650513,0.0,0.0,,0.0566175815667998,3.2646406202401983
266,NVB,453842.331703768,5678968.97674016,0.0,0.0,0.0,0.0,3.0708272457122803,,1.017998218536377,0.0,0.0,,0.0247440347883775,3.046227834295914
267,NVB,453841.603522526,5678969.1744484,0.0,0.0,0.0,0.0,2.444386482238769,,1.0057235956192017,0.0,0.0,,-0.0163523337325225,2.791708073646065
268,NVB,453840.857953718,5678969.38537181,0.0,0.0,0.0,0.0,2.297228574752808,,1.0031442642211914,0.0,0.0,,-0.0869605620215685,2.691290412954227
269,NVB,453840.112313299,5678969.60850216,0.0,0.0,0.0,0.0,0.7849038243293762,,1.0038704872131348,0.0,0.0,,-0.1114311657672484,2.546963358688792
270,NVB,453839.306037685,5678969.84015506,0.0,0.0,0.0,0.0,1.497193694114685,,1.0040796995162964,0.0,0.0,,-0.1127324453624539,2.272615923097525
271,NVB,453838.569188544,5678970.04003172,0.0,0.0,0.0,0.0,2.9542882442474365,,1.0031485557556152,0.0,0.0,,-0.0743161251321126,2.1917991737045432
272,NVB,453837.884462941,5678970.20692095,0.0,0.0,0.0,0.0,1.650347352027893,,1.0046411752700806,0.0,0.0,,-0.0304329748634899,2.116249139077947
273,NVB,453837.165124894,5678970.37249741,0.0,0.0,0.0,0.0,1.519286036491394,,1.001962661743164,0.0,0.0,,0.022824300519559,2.0237944340771805
274,NVB,453836.419881194,5678970.52793402,0.0,0.0,0.0,0.0,2.156287908554077,,1.0014479160308838,0.0,0.0,,0.0715587136990535,1.939937389475676
275,NVB,453835.622604972,5678970.70082171,0.0,0.0,0.0,0.0,1.9179537296295168,,1.0008363723754885,0.0,0.0,,0.0770524901545271,1.9055805039329945
276,NVB,453834.703876184,5678970.92182686,0.0,0.0,0.0,0.0,0.5154519081115723,,1.0014588832855225,0.0,0.0,,0.0331669097591618,1.837908651246976
277,NVB,453833.923642547,5678971.14031472,0.0,0.0,0.0,0.0,0.3948622047901153,,1.0025604963302612,0.0,0.0,,0.0059912077428792,1.7947215791408229
278,NVB,453833.117151842,5678971.40858801,0.0,0.0,0.0,0.0,2.1760706901550293,,1.00093674659729,0.0,0.0,,-0.0300280887769648,1.7253303973419267
279,NVB,453832.267367904,5678971.67993663,0.0,0.0,0.0,0.0,2.636820077896118,,1.010265231132507,0.0,0.0,,-0.0428483063217456,1.773688987572537
280,NVB,453831.504521674,5678971.88520902,0.0,0.0,0.0,0.0,1.2694690227508545,,1.0019172430038452,0.0,0.0,,-0.0818142171515815,1.864524743960401
281,NVB,453830.785293967,5678972.03191953,0.0,0.0,0.0,0.0,1.0050173997879028,,1.002593159675598,0.0,0.0,,-0.0937674278537358,1.9641671396713547
282,NVB,453830.048769782,5678972.176309,0.0,0.0,0.0,0.0,1.660468578338623,,1.0028789043426514,0.0,0.0,,-0.0991921510175066,2.1162140233074926
283,NVB,453829.312375729,5678972.29850385,0.0,0.0,0.0,0.0,1.838648796081543,,1.006524920463562,0.0,0.0,,-0.0909581024788555,2.21551303338561
284,NVB,453828.524079294,5678972.41595518,0.0,0.0,0.0,0.0,2.6198832988739014,,1.0019354820251465,0.0,0.0,,-0.1045221193611085,2.3579114632776363
285,NVB,453827.770375729,5678972.53804838,0.0,0.0,0.0,0.0,1.9503103494644165,,1.0012022256851196,0.0,0.0,,-0.0990436117104471,2.4864803803006827
286,NVB,453827.059971832,5678972.65595638,0.0,0.0,0.0,0.0,1.6644890308380127,,1.001235008239746,0.0,0.0,,-0.0733179315845451,2.574207615853332
287,NVB,453826.288770013,5678972.81013002,0.0,0.0,0.0,0.0,2.07323694229126,,1.0069609880447388,0.0,0.0,,-0.0414721816004309,2.66886479355662
288,NVB,453825.413327381,5678973.02916843,0.0,0.0,0.0,0.0,0.2075954377651214,,1.0017870664596558,0.0,0.0,,-0.0307834224047024,2.7275979828917705
289,NVB,453824.719926964,5678973.19933494,0.0,0.0,0.0,0.0,2.680283069610596,,1.0051106214523315,0.0,0.0,,0.0017333247710141,2.7091826161008266
290,NVB,453823.84453631,5678973.40949535,0.0,0.0,0.0,0.0,2.192905902862549,,1.0053774118423462,0.0,0.0,,0.015254004343129,2.664014810963381
291,NVB,453823.029774303,5678973.6122429,0.0,0.0,0.0,0.0,1.8732035160064695,,1.0014268159866333,0.0,0.0,,-0.0265315415444203,2.6668720501159773
292,NVB,453822.249611655,5678973.8185226,0.0,0.0,0.0,0.0,1.471513748168945,,1.0025593042373655,0.0,0.0,,-0.0236685472483081,2.6742693385384992
293,NVB,453821.530064643,5678974.01960893,0.0,0.0,0.0,0.0,0.4760478436946869,,1.0001755952835083,0.0,0.0,,-0.0556418137580815,2.808701686826681
294,NVB,453820.79321464,5678974.21948394,0.0,0.0,0.0,0.0,2.585841417312622,,1.001453876495361,0.0,0.0,,-0.1022713409406115,2.921805200106527
295,NVB,453819.961051867,5678974.43766583,0.0,0.0,0.0,0.0,2.105976819992065,,1.003725528717041,0.0,0.0,,-0.1106110752749101,3.015867758037952
296,NVB,453819.189628409,5678974.62956954,0.0,0.0,0.0,0.0,4.180169582366943,,1.0354268550872805,0.0,0.0,,-0.0982843713413594,3.0887379723642163
297,NVB,453818.435559948,5678974.8138066,0.0,0.0,0.0,0.0,1.1714586019515991,,1.0128611326217651,0.0,0.0,,-0.0649510930569912,3.271452356461472
298,NVB,453817.620830194,5678975.01100495,0.0,0.0,0.0,0.0,3.757085084915161,,1.0057634115219116,0.0,0.0,,-0.0781708654855455,3.2031640790523865
299,NVB,453816.849452188,5678975.19514033,0.0,0.0,0.0,0.0,0.7148943543434143,,1.0068224668502808,0.0,0.0,,-0.0855330174062306,3.1616200213540706
300,NVB,453816.138807013,5678975.35410728,0.0,0.0,0.0,0.0,2.636962890625,,1.002199411392212,0.0,0.0,,-0.1123669212052255,3.1016239067695905
301,NVB,453815.393562398,5678975.50954189,0.0,0.0,0.0,0.0,1.9719234704971316,,1.0072592496871948,0.0,0.0,,-0.1048051169337687,3.0716847840009884
302,NVB,453814.561679259,5678975.68000492,0.0,0.0,0.0,0.0,0.4333290755748749,,1.005018949508667,0.0,0.0,,-0.1428676274429412,3.2138287261433027
303,NVB,453813.894333707,5678975.83478661,0.0,0.0,0.0,0.0,1.2104781866073608,,1.0016295909881592,0.0,0.0,,-0.1516179560788423,3.30502739630846
304,NVB,453813.027597195,5678976.0449966,0.0,0.0,0.0,0.0,5.4793782234191895,,1.0072154998779297,0.0,0.0,,-0.1877586838138098,3.239447293654286
305,NVB,453812.221606538,5678976.2278187,0.0,0.0,0.0,0.0,1.1984971761703491,,1.0045084953308103,0.0,0.0,,-0.161930561134426,3.321009790563247
306,NVB,453811.45896114,5678976.39868759,0.0,0.0,0.0,0.0,4.842563152313232,,1.0165956020355225,0.0,0.0,,-0.1652359669779212,3.17846411551
307,NVB,453810.756840267,5678976.57989939,0.0,0.0,0.0,0.0,0.0585756823420524,,1.00275719165802,0.0,0.0,,-0.1431705792171539,3.021500210698288
308,NVB,453810.037364311,5678976.76877766,0.0,0.0,0.0,0.0,0.8393699526786804,,1.0045533180236816,0.0,0.0,,-0.130788292490265,2.7942759502892267
309,NVB,453809.222627624,5678976.96708488,0.0,0.0,0.0,0.0,1.2442994117736816,,1.0056453943252563,0.0,0.0,,-0.1191333554188826,2.512164697236872
310,NVB,453808.572604349,5678977.11974821,0.0,0.0,0.0,0.0,1.8682401180267332,,1.0010335445404053,0.0,0.0,,-0.1341909724256315,2.088886860536111
311,NVB,453807.723261659,5678977.31563271,0.0,0.0,0.0,0.0,1.5283547639846802,,1.0015102624893188,0.0,0.0,,-0.1422944757932313,1.989971374208857
312,NVB,453807.029756284,5678977.50355332,0.0,0.0,0.0,0.0,2.624274015426636,,1.0022599697113037,0.0,0.0,,-0.1399650675577323,1.949058130704284
313,NVB,453806.26685671,5678977.71770109,0.0,0.0,0.0,0.0,1.6729154586791992,,1.0033791065216064,0.0,0.0,,-0.092395457260118,1.867245852392296
314,NVB,453805.48662157,5678977.93618614,0.0,0.0,0.0,0.0,1.9089703559875488,,1.0025867223739624,0.0,0.0,,-0.0673462193377384,1.8866339508236507
315,NVB,453804.758432018,5678978.13500071,0.0,0.0,0.0,0.0,1.2634092569351196,,1.0029566287994385,0.0,0.0,,-0.087631997421733,1.9738305752581196
316,NVB,453804.038864613,5678978.33941463,0.0,0.0,0.0,0.0,0.4522235989570617,,1.0020538568496704,0.0,0.0,,-0.092760204270311,1.9976046587460805
317,NVB,453803.310753123,5678978.52491232,0.0,0.0,0.0,0.0,2.74072265625,,1.0032962560653689,0.0,0.0,,-0.1019153931531962,1.966466954736308
318,NVB,453802.565364682,5678978.70475974,0.0,0.0,0.0,0.0,2.235011339187622,,1.0068340301513672,0.0,0.0,,-0.1246173202657765,2.038176432284449
319,NVB,453801.811373561,5678978.87567849,0.0,0.0,0.0,0.0,3.14008903503418,,1.008176326751709,0.0,0.0,,-0.1466659866200146,2.1462297340683407
320,NVB,453801.066102262,5678979.03555067,0.0,0.0,0.0,0.0,2.0491530895233154,,1.0032801628112793,0.0,0.0,,-0.1639711242294244,2.4255757592268217
321,NVB,453800.346801665,5678979.19446541,0.0,0.0,0.0,0.0,0.2229767590761184,,1.0010772943496704,0.0,0.0,,-0.1461759473280036,2.800671909242563
322,NVB,453799.584175243,5678979.36200397,0.0,0.0,0.0,0.0,3.847664833068848,,1.0051803588867188,0.0,0.0,,-0.1442113150002699,2.9421411925436005
323,NVB,453798.734981852,5678979.53236375,0.0,0.0,0.0,0.0,2.900916814804077,,1.0075650215148926,0.0,0.0,,-0.1242115547328725,2.9566954336554514
324,NVB,453797.955150077,5678979.68204493,0.0,0.0,0.0,0.0,1.6863603591918943,,1.0066007375717163,0.0,0.0,,-0.106778239749306,2.975572884874272
325,NVB,453797.253295591,5678979.81775669,0.0,0.0,0.0,0.0,5.781757831573486,,1.0281996726989746,0.0,0.0,,-0.1148899058525905,2.9158840984582186
326,NVB,453796.481903587,5678980.00410953,0.0,0.0,0.0,0.0,2.06083345413208,,1.0132153034210205,0.0,0.0,,-0.1330935267088297,2.8489926139984108
327,NVB,453795.736417151,5678980.20060223,0.0,0.0,0.0,0.0,1.8865152597427368,,1.0041531324386597,0.0,0.0,,-0.1585025311313153,2.8106421742613272
328,NVB,453794.912998936,5678980.40329609,0.0,0.0,0.0,0.0,2.9340734481811523,,1.0185669660568235,0.0,0.0,,-0.1659494746001215,2.9361395633149026
329,NVB,453794.167616624,5678980.58203299,0.0,0.0,0.0,0.0,1.5740416049957275,,1.002458930015564,0.0,0.0,,-0.1866821498696835,2.983008818568512
330,NVB,453793.491595955,5678980.74009134,0.0,0.0,0.0,0.0,2.6339402198791504,,1.0019227266311646,0.0,0.0,,-0.2189877273810643,3.2047532212347853
331,NVB,453792.789584981,5678980.90243617,0.0,0.0,0.0,0.0,4.940675735473633,,1.0160889625549316,0.0,0.0,,-0.2312337750854997,3.281837705043561
332,NVB,453792.070362189,5678981.04803342,0.0,0.0,0.0,0.0,3.2599472999572754,,1.0085079669952393,0.0,0.0,,-0.2007129375889371,3.2788414267703
333,NVB,453791.351158913,5678981.19030142,0.0,0.0,0.0,0.0,2.1206789016723637,,1.0082604885101318,0.0,0.0,,-0.2429662658163236,3.0735387490377573
334,NVB,453790.640623377,5678981.3304007,0.0,0.0,0.0,0.0,1.7471545934677124,,1.0016851425170898,0.0,0.0,,-0.231089944816902,2.898963514604636
335,NVB,453789.912413577,5678981.53254308,0.0,0.0,0.0,0.0,2.204587936401367,,1.003730297088623,0.0,0.0,,-0.2476521495890205,2.5209518315004016
336,NVB,453789.175496892,5678981.74351242,0.0,0.0,0.0,0.0,0.7624043226242065,,1.0047197341918943,0.0,0.0,,-0.2468528641992805,2.17136021166995
337,NVB,453788.37814678,5678981.92860234,0.0,0.0,0.0,0.0,0.8599071502685547,,1.0017696619033811,0.0,0.0,,-0.2446755394849799,1.8902019962159449
338,NVB,453787.632894445,5678982.08514407,0.0,0.0,0.0,0.0,1.508546233177185,,1.0031484365463257,0.0,0.0,,-0.2100904487268314,1.844739748135412
339,NVB,453786.90478872,5678982.26953053,0.0,0.0,0.0,0.0,2.073938369750977,,1.005753517150879,0.0,0.0,,-0.1687104205172508,1.8100821191434904
340,NVB,453786.185344215,5678982.45285799,0.0,0.0,0.0,0.0,1.1557915210723877,,1.00070059299469,0.0,0.0,,-0.1269704419089256,1.8575014855124792
341,NVB,453785.474567444,5678982.63401674,0.0,0.0,0.0,0.0,1.236241340637207,,1.0004061460494995,0.0,0.0,,-0.1082628430825919,2.07197341963318
342,NVB,453784.763901382,5678982.79631005,0.0,0.0,0.0,0.0,1.114780068397522,,1.0021157264709473,0.0,0.0,,-0.1102243196981432,2.3098652996714284
343,NVB,453784.053274378,5678982.95194492,0.0,0.0,0.0,0.0,0.5124199986457825,,1.00052809715271,0.0,0.0,,-0.1014736717031891,2.4367865939615654
344,NVB,453783.368787461,5678983.0777695,0.0,0.0,0.0,0.0,0.3202037811279297,,1.004193902015686,0.0,0.0,,-0.1140754204028923,2.5977699030842096
345,NVB,453782.649688061,5678983.20228107,0.0,0.0,0.0,0.0,0.9044286012649536,,1.0052690505981443,0.0,0.0,,-0.0946841162639157,2.6367918508914734
346,NVB,453781.895839371,5678983.34878389,0.0,0.0,0.0,0.0,3.908603429794312,,1.014523148536682,0.0,0.0,,-0.1067185548775787,2.6334242169089834
347,NVB,453781.159280594,5678983.49871745,0.0,0.0,0.0,0.0,0.8173064589500427,,1.0021957159042358,0.0,0.0,,-0.1248726729272223,2.664506518747344
348,NVB,453780.422695733,5678983.65308985,0.0,0.0,0.0,0.0,3.3063406944274902,,1.0028544664382937,0.0,0.0,,-0.1499060740735119,2.573084824263875
349,NVB,453779.729260779,5678983.82880106,0.0,0.0,0.0,0.0,2.585268497467041,,1.00246000289917,0.0,0.0,,-0.1699978090571442,2.46559275607168
350,NVB,453779.061790027,5678984.00466463,0.0,0.0,0.0,0.0,3.3313918113708496,,1.0120177268981934,0.0,0.0,,-0.1852309711778829,2.4349237612195145
351,NVB,453778.299058417,5678984.18995678,0.0,0.0,0.0,0.0,2.09419846534729,,1.002047061920166,0.0,0.0,,-0.1967471348468444,2.420030375455928
352,NVB,453777.579633068,5678984.36995428,0.0,0.0,0.0,0.0,0.4490074515342712,,1.0025616884231567,0.0,0.0,,-0.1975960812543543,2.442628676568805
353,NVB,453776.920601964,5678984.5824895,0.0,0.0,0.0,0.0,3.126896619796753,,1.0025285482406616,0.0,0.0,,-0.2125025687228259,2.4492521204277518
354,NVB,453776.218199364,5678984.81141653,0.0,0.0,0.0,0.0,1.6157742738723757,,1.0042104721069336,0.0,0.0,,-0.1924596007500703,2.3540599970110643
355,NVB,453775.507128945,5678985.04251213,0.0,0.0,0.0,0.0,0.6363672018051147,,1.00166654586792,0.0,0.0,,-0.1509367742340603,2.297840802147841
356,NVB,453774.787618754,5678985.23693584,0.0,0.0,0.0,0.0,1.272599220275879,,1.0007853507995603,0.0,0.0,,-0.1105225494575907,2.3112465637108537
357,NVB,453774.076893583,5678985.40921574,0.0,0.0,0.0,0.0,2.03162145614624,,1.0013326406478882,0.0,0.0,,-0.1151926771762777,2.2461168027184337
358,NVB,453773.262200652,5678985.59975115,0.0,0.0,0.0,0.0,0.8103333711624146,,1.002249002456665,0.0,0.0,,-0.1420866342990839,2.092335054842668
359,NVB,453772.482139702,5678985.78827029,0.0,0.0,0.0,0.0,0.8220382332801819,,1.0005661249160769,0.0,0.0,,-0.2071897292055008,2.0787836413705847
360,NVB,453771.676029764,5678985.99106336,0.0,0.0,0.0,0.0,1.9584392309188845,,1.000877857208252,0.0,0.0,,-0.2522112181482135,1.9313319655638443
361,NVB,453770.913323843,5678986.17191589,0.0,0.0,0.0,0.0,1.5405710935592651,,1.0014002323150637,0.0,0.0,,-0.2769886829222266,1.9073517273775304
362,NVB,453770.133529939,5678986.31493596,0.0,0.0,0.0,0.0,1.0829243659973145,,1.0011928081512451,0.0,0.0,,-0.2615046051703014,1.7951555707567834
363,NVB,453769.466469281,5678986.42088586,0.0,0.0,0.0,0.0,0.9662834405899048,,1.0005037784576416,0.0,0.0,,-0.2715574936717866,1.865662919086236
364,NVB,453768.600134364,5678986.56228785,0.0,0.0,0.0,0.0,1.703685641288757,,1.0015195608139038,0.0,0.0,,-0.2422770870566697,2.2996694373847184
365,NVB,453767.872386163,5678986.68563752,0.0,0.0,0.0,0.0,0.1757538765668869,,1.0047104358673096,0.0,0.0,,-0.1966445833857481,2.4561681515268425
366,NVB,453767.083956951,5678986.82527727,0.0,0.0,0.0,0.0,1.7038809061050415,,1.0098755359649658,0.0,0.0,,-0.1492346334951529,2.6863429096407825
367,NVB,453766.278042265,5678986.99477796,0.0,0.0,0.0,0.0,1.198724389076233,,1.0023406744003296,0.0,0.0,,-0.1750317984851067,2.824349105258546
368,NVB,453765.532756395,5678987.15686624,0.0,0.0,0.0,0.0,2.2242064476013184,,1.0119377374649048,0.0,0.0,,-0.1875975835835575,3.002621378132356
369,NVB,453764.778880918,5678987.30780635,0.0,0.0,0.0,0.0,1.9895968437194824,,1.0073039531707764,0.0,0.0,,-0.2271567200558268,3.116203248482988
370,NVB,453764.00763074,5678987.46974201,0.0,0.0,0.0,0.0,3.775390625,,1.0102322101593018,0.0,0.0,,-0.235359540030488,3.011914380984427
371,NVB,453763.210155599,5678987.67591423,0.0,0.0,0.0,0.0,2.045551300048828,,1.0044618844985962,0.0,0.0,,-0.2527553768515405,2.7099898177536814
372,NVB,453762.403921385,5678987.89979119,0.0,0.0,0.0,0.0,0.5768842697143555,,1.003644347190857,0.0,0.0,,-0.2903465037904374,2.55738661709126
373,NVB,453761.615003144,5678988.12265999,0.0,0.0,0.0,0.0,0.7691736221313477,,1.000581979751587,0.0,0.0,,-0.2929001214814065,2.7015651084882446
374,NVB,453760.921410937,5678988.32500301,0.0,0.0,0.0,0.0,1.0316290855407717,,1.0018641948699951,0.0,0.0,,-0.305751370591768,2.8953990098574702
375,NVB,453760.219176976,5678988.52507569,0.0,0.0,0.0,0.0,2.1864771842956543,,1.0012445449829102,0.0,0.0,,-0.3059558203894448,3.084098475080943
376,NVB,453759.517021192,5678988.71183157,0.0,0.0,0.0,0.0,5.3457441329956055,,1.026465892791748,0.0,0.0,,-0.2927390107876452,3.302281463687454
377,NVB,453758.797568908,5678988.89626627,0.0,0.0,0.0,0.0,3.362353563308716,,1.004728078842163,0.0,0.0,,-0.2787786665659511,3.393737484427808
378,NVB,453758.052152339,5678989.08054841,0.0,0.0,0.0,0.0,2.2218048572540283,,1.00483500957489,0.0,0.0,,-0.284796041977122,3.3236180364058976
379,NVB,453757.306768324,5678989.25928183,0.0,0.0,0.0,0.0,1.34624981880188,,1.002918004989624,0.0,0.0,,-0.2665437277676844,3.093095964568176
380,NVB,453756.578700292,5678989.43700712,0.0,0.0,0.0,0.0,0.6469622850418091,,1.004270315170288,0.0,0.0,,-0.2607460317818418,2.886989955015629
381,NVB,453755.876440044,5678989.64151833,0.0,0.0,0.0,0.0,0.4191924631595611,,1.0017470121383667,0.0,0.0,,-0.257934181905437,2.724488770848479
382,NVB,453755.165505453,5678989.84930782,0.0,0.0,0.0,0.0,2.1138877868652344,,1.0080513954162598,0.0,0.0,,-0.2708357455176174,2.5665891699631813
383,NVB,453754.38549577,5678990.02894735,0.0,0.0,0.0,0.0,0.7316750288009644,,1.0012876987457275,0.0,0.0,,-0.2955160831224204,2.441623298785449
384,NVB,453753.648916255,5678990.18220752,0.0,0.0,0.0,0.0,2.483280658721924,,1.002321720123291,0.0,0.0,,-0.2893531456367916,2.3408646826500785
385,NVB,453752.89491639,5678990.35423133,0.0,0.0,0.0,0.0,3.1061408519744877,,1.004037857055664,0.0,0.0,,-0.2976694932296248,2.2983057179146367
386,NVB,453752.123626544,5678990.5228242,0.0,0.0,0.0,0.0,3.3388705253601074,,1.0025968551635742,0.0,0.0,,-0.2816984037186867,2.2742177537298165
387,NVB,453751.378320476,5678990.68824033,0.0,0.0,0.0,0.0,1.819637894630432,,1.0007447004318235,0.0,0.0,,-0.2760978544349073,2.232056881034807
388,NVB,453750.624248802,5678990.87247092,0.0,0.0,0.0,0.0,3.037014961242676,,1.005249261856079,0.0,0.0,,-0.264959919309387,2.1795018183615973
389,NVB,453749.870203163,5678991.05226253,0.0,0.0,0.0,0.0,2.0103507041931152,,1.0078359842300415,0.0,0.0,,-0.2515209395989428,2.112990130404073
390,NVB,453749.098971852,5678991.21086755,0.0,0.0,0.0,0.0,1.5256800651550293,,1.0035778284072876,0.0,0.0,,-0.2741500872494734,2.026637998901609
391,NVB,453748.379688584,5678991.36644837,0.0,0.0,0.0,0.0,1.9077951908111568,,1.0032927989959717,0.0,0.0,,-0.2759251020499607,2.0945588564268056
392,NVB,453747.703659495,5678991.52561254,0.0,0.0,0.0,0.0,0.6200112700462341,,1.001167058944702,0.0,0.0,,-0.2843468141764005,2.2406239812731648
393,NVB,453747.019008223,5678991.67917716,0.0,0.0,0.0,0.0,2.156117677688598,,1.0008653402328491,0.0,0.0,,-0.3235321554362508,2.314081791869505
394,NVB,453746.351575157,5678991.84837961,0.0,0.0,0.0,0.0,2.145293951034546,,1.0017552375793457,0.0,0.0,,-0.3452770267857609,2.3687633846308165
395,NVB,453745.64084873,5678992.02065695,0.0,0.0,0.0,0.0,2.272557258605957,,1.001254677772522,0.0,0.0,,-0.3577387437040107,2.403863073337793
396,NVB,453744.92145448,5678992.19510283,0.0,0.0,0.0,0.0,1.908589482307434,,1.0018757581710815,0.0,0.0,,-0.3722925722338788,2.552562436142676
397,NVB,453744.228044018,5678992.36637201,0.0,0.0,0.0,0.0,4.602378845214844,,1.0086418390274048,0.0,0.0,,-0.3673687801434863,2.654415422117618
398,NVB,453743.499936272,5678992.55075447,0.0,0.0,0.0,0.0,1.008601188659668,,1.003303050994873,0.0,0.0,,-0.3810451308581052,2.7055620051304694
399,NVB,453742.763121571,5678992.74396383,0.0,0.0,0.0,0.0,0.7238247394561768,,1.0010634660720823,0.0,0.0,,-0.3901632810444417,2.8413588131044585
400,NVB,453742.052342823,5678992.92511867,0.0,0.0,0.0,0.0,4.138204097747803,,1.0077959299087524,0.0,0.0,,-0.3555151945520441,3.0081325456332726
401,NVB,453741.341596641,5678993.10072481,0.0,0.0,0.0,0.0,1.6383212804794312,,1.0013302564620972,0.0,0.0,,-0.3438189672920785,3.0434470671955047
402,NVB,453740.613632199,5678993.26069299,0.0,0.0,0.0,0.0,1.7762088775634766,,1.0020060539245603,0.0,0.0,,-0.3410840895469449,2.976891925442516
403,NVB,453739.903009841,5678993.41521416,0.0,0.0,0.0,0.0,1.6169679164886477,,1.0035303831100464,0.0,0.0,,-0.3546249466294329,2.968697825926071
404,NVB,453739.105474748,5678993.6313715,0.0,0.0,0.0,0.0,2.357010126113892,,1.003341794013977,0.0,0.0,,-0.3569267212606637,3.074289691480681
405,NVB,453738.359978997,5678993.82896851,0.0,0.0,0.0,0.0,1.0069509744644165,,1.009906530380249,0.0,0.0,,-0.3572315172702728,3.06589306978781
406,NVB,453737.710063727,5678993.96276064,0.0,0.0,0.0,0.0,1.1457548141479492,,1.0036603212356567,0.0,0.0,,-0.3605407086836341,3.106680809767874
407,NVB,453736.947440979,5678994.12918343,0.0,0.0,0.0,0.0,2.5876452922821045,,1.003907561302185,0.0,0.0,,-0.3690066671084309,3.167374202337856
408,NVB,453736.236596753,5678994.32143503,0.0,0.0,0.0,0.0,2.575225591659546,,1.0040000677108765,0.0,0.0,,-0.337414825951191,3.322839892752396
409,NVB,453735.525745971,5678994.51479629,0.0,0.0,0.0,0.0,1.651187300682068,,1.0026066303253174,0.0,0.0,,-0.28458818184599,3.518598904904453
410,NVB,453734.832263357,5678994.69827165,0.0,0.0,0.0,0.0,7.247539520263672,,1.013293981552124,0.0,0.0,,-0.2100660400475588,3.743725006730637
411,NVB,453734.078164805,5678994.88693958,0.0,0.0,0.0,0.0,1.5468761920928955,,1.0033408403396606,0.0,0.0,,-0.1628629106070554,3.859456760287099
412,NVB,453733.367385651,5678995.06809363,0.0,0.0,0.0,0.0,5.026784896850586,,1.0100866556167605,0.0,0.0,,-0.0853301518460559,3.87006225512467
413,NVB,453732.665339479,5678995.23598175,0.0,0.0,0.0,0.0,1.8557065725326536,,1.022567868232727,0.0,0.0,,-0.058553359476665,4.017477096873171
414,NVB,453731.833250177,5678995.44083763,0.0,0.0,0.0,0.0,1.695924997329712,,1.0223008394241333,0.0,0.0,,0.0259832328546201,4.001072689974354
415,NVB,453731.122555701,5678995.60756503,0.0,0.0,0.0,0.0,4.84840202331543,,1.0639914274215698,0.0,0.0,,0.0692746246671141,3.985397304507502
416,NVB,453730.411906846,5678995.76652427,0.0,0.0,0.0,0.0,5.479607582092285,,1.0318310260772705,0.0,0.0,,0.0701301166864467,3.9629336040349226
417,NVB,453729.709958375,5678995.91776621,0.0,0.0,0.0,0.0,7.230462074279785,,1.0726280212402344,0.0,0.0,,0.096147947313592,3.828105589850663
418,NVB,453729.016768984,5678996.0513033,0.0,0.0,0.0,0.0,5.4534173011779785,,1.0243152379989624,0.0,0.0,,0.0739450774405052,4.007524926518205
419,NVB,453728.28022751,5678996.19790275,0.0,0.0,0.0,0.0,4.694969177246094,,1.0144976377487185,0.0,0.0,,0.0473283349078345,4.188519643582556
420,NVB,453727.517676078,5678996.35211761,0.0,0.0,0.0,0.0,2.6176645755767822,,1.0193837881088257,0.0,0.0,,0.0334630157544102,4.216590488417263
421,NVB,453726.79846363,5678996.49548947,0.0,0.0,0.0,0.0,3.9342119693756095,,1.0746079683303833,0.0,0.0,,0.0104712599058647,4.365270976873019
422,NVB,453726.044645166,5678996.63643833,0.0,0.0,0.0,0.0,3.775672912597656,,1.0315295457839966,0.0,0.0,,-0.035991484175394,4.401692552285325
423,NVB,453725.28213278,5678996.78399461,0.0,0.0,0.0,0.0,5.674294948577881,,1.0328298807144165,0.0,0.0,,-0.0918849708650724,4.503283843253982
424,NVB,453724.54545419,5678996.95389799,0.0,0.0,0.0,0.0,1.159870743751526,,1.0357909202575684,0.0,0.0,,-0.0996749070871574,4.3800615968571055
425,NVB,453723.756775258,5678997.13570308,0.0,0.0,0.0,0.0,1.301162838935852,,1.0341854095458984,0.0,0.0,,-0.1068215736754474,4.327023446884534
426,NVB,453723.011428794,5678997.30777491,0.0,0.0,0.0,0.0,6.367037773132324,,1.0135815143585205,0.0,0.0,,-0.0634098547544403,4.224256427403334
427,NVB,453722.326809124,5678997.45578875,0.0,0.0,0.0,0.0,3.045112609863281,,1.0393515825271606,0.0,0.0,,-0.0883156739670562,4.141828445530849
428,NVB,453721.616127296,5678997.62029583,0.0,0.0,0.0,0.0,1.2442655563354492,,1.0078071355819702,0.0,0.0,,-0.1059404361409491,4.326003814525731
429,NVB,453720.809884303,5678997.84527828,0.0,0.0,0.0,0.0,6.251506805419922,,1.0301387310028076,0.0,0.0,,-0.0968033092206327,4.184347025024276
430,NVB,453720.072990244,5678998.05180226,0.0,0.0,0.0,0.0,4.001410484313965,,1.0178606510162354,0.0,0.0,,-0.1409536710524259,4.059397207107093
431,NVB,453719.344718292,5678998.26392569,0.0,0.0,0.0,0.0,0.8590368032455444,,1.0129992961883545,0.0,0.0,,-0.1802125007429567,3.874604025718044
432,NVB,453718.564432925,5678998.49017025,0.0,0.0,0.0,0.0,1.4704455137252808,,1.002968668937683,0.0,0.0,,-0.1730453270424552,3.9260236053433526
433,NVB,453717.818890504,5678998.69553342,0.0,0.0,0.0,0.0,3.462451696395874,,1.008793830871582,0.0,0.0,,-0.196105048310622,3.750650017853386
434,NVB,453717.090938087,5678998.85327998,0.0,0.0,0.0,0.0,4.329322338104248,,1.0036489963531494,0.0,0.0,,-0.2083731027055882,3.647400570195998
435,NVB,453716.354272163,5678999.02096314,0.0,0.0,0.0,0.0,2.743633985519409,,1.0047568082809448,0.0,0.0,,-0.1779519827855494,3.3016936672605666
436,NVB,453715.660827826,5678999.19777845,0.0,0.0,0.0,0.0,3.923206567764282,,1.0085550546646118,0.0,0.0,,-0.1384207784279774,3.257729425487124
437,NVB,453714.950113078,5678999.36783357,0.0,0.0,0.0,0.0,1.046648621559143,,1.0071289539337158,0.0,0.0,,-0.1242482770390969,3.384713742220502
438,NVB,453714.152759335,5678999.55291601,0.0,0.0,0.0,0.0,2.4203240871429443,,1.0307646989822388,0.0,0.0,,-0.1068185638241183,3.522814662067046
439,NVB,453713.494110104,5678999.699972,0.0,0.0,0.0,0.0,4.317063808441162,,1.0060421228408811,0.0,0.0,,-0.1212712778622314,3.53730699086454
440,NVB,453712.766164023,5678999.85660843,0.0,0.0,0.0,0.0,1.3435121774673462,,1.0030206441879272,0.0,0.0,,-0.1296519966630921,3.512975869641264
441,NVB,453711.951598518,5679000.02494296,0.0,0.0,0.0,0.0,4.790555953979492,,1.0301966667175293,0.0,0.0,,-0.1641871000879659,3.564566416777482
442,NVB,453711.189020274,5679000.18359517,0.0,0.0,0.0,0.0,1.9836896657943728,,1.0145343542099,0.0,0.0,,-0.1402692308801062,3.758381102139544
443,NVB,453710.391816421,5679000.34315349,0.0,0.0,0.0,0.0,1.660169005393982,,1.0589591264724731,0.0,0.0,,-0.1211494575053918,3.776965092051548
444,NVB,453709.594547289,5679000.513809,0.0,0.0,0.0,0.0,3.168205738067627,,1.0238722562789917,0.0,0.0,,-0.0669921622053312,3.8449645361278897
445,NVB,453708.840408391,5679000.70913289,0.0,0.0,0.0,0.0,0.5219054818153381,,1.007988691329956,0.0,0.0,,-0.0217522124253849,3.7000698873565145
446,NVB,453708.068907728,5679000.91323275,0.0,0.0,0.0,0.0,2.0551021099090576,,1.00396728515625,0.0,0.0,,0.0127539620117972,3.527342755498932
447,NVB,453707.340746096,5679001.10648969,0.0,0.0,0.0,0.0,1.1589031219482422,,1.0029144287109375,0.0,0.0,,0.0014091833085176,3.450972711025066
448,NVB,453706.638646598,5679001.28325333,0.0,0.0,0.0,0.0,1.2175873517990112,,1.002180814743042,0.0,0.0,,0.0035830849846371,3.4233077565348715
449,NVB,453705.910550147,5679001.46541287,0.0,0.0,0.0,0.0,0.7500494718551636,,1.002922534942627,0.0,0.0,,-0.0303691206177295,3.319978277908868
450,NVB,453705.095605848,5679001.69811091,0.0,0.0,0.0,0.0,1.5256764888763428,,1.0048245191574097,0.0,0.0,,-0.107480131270211,3.144573521520281
451,NVB,453704.341310111,5679001.92006783,0.0,0.0,0.0,0.0,0.925614058971405,,1.0013102293014526,0.0,0.0,,-0.1602380277796252,2.9231274069606044
452,NVB,453703.647734723,5679002.11907665,0.0,0.0,0.0,0.0,0.7351872324943542,,1.0035206079483032,0.0,0.0,,-0.1895252983965248,2.9217606877505053
453,NVB,453702.858976455,5679002.31419639,0.0,0.0,0.0,0.0,0.9687516689300536,,1.000654220581055,0.0,0.0,,-0.2446177675085516,2.7935896555936006
454,NVB,453702.104980778,5679002.48510562,0.0,0.0,0.0,0.0,1.3967537879943848,,1.004369616508484,0.0,0.0,,-0.253906596437388,2.793520661089532
455,NVB,453701.281609895,5679002.6789119,0.0,0.0,0.0,0.0,1.4683737754821775,,1.0017449855804443,0.0,0.0,,-0.2450221971268325,2.714601656317781
456,NVB,453700.527679406,5679002.83872369,0.0,0.0,0.0,0.0,1.1794036626815796,,1.0005685091018677,0.0,0.0,,-0.2490237248842737,2.552009740077121
457,NVB,453699.756511141,5679002.98622662,0.0,0.0,0.0,0.0,3.837326765060425,,1.003557205200195,0.0,0.0,,-0.2118522938739862,2.5017004208590565
458,NVB,453698.9333033,5679003.15228946,0.0,0.0,0.0,0.0,1.366834044456482,,1.0013093948364258,0.0,0.0,,-0.1508661301933121,2.6873237199685343
459,NVB,453698.057820925,5679003.3768624,0.0,0.0,0.0,0.0,1.4387938976287842,,1.001631736755371,0.0,0.0,,-0.0985309350697808,2.6816007951114216
460,NVB,453697.217042411,5679003.58721237,0.0,0.0,0.0,0.0,3.0221405029296875,,1.003334879875183,0.0,0.0,,-0.056208809866816,2.685244983028168
461,NVB,453696.445606417,5679003.78021382,0.0,0.0,0.0,0.0,1.2100907564163208,,1.00070321559906,0.0,0.0,,0.0097055719968958,2.541054928501621
462,NVB,453695.700226059,5679003.9578317,0.0,0.0,0.0,0.0,0.7853134274482727,,1.003471851348877,0.0,0.0,,0.0644764305430498,2.435789628853357
463,NVB,453694.998256566,5679004.11239974,0.0,0.0,0.0,0.0,0.6937260627746582,,1.0014344453811646,0.0,0.0,,0.1360850486959063,2.477232637364712
464,NVB,453694.235599242,5679004.28436704,0.0,0.0,0.0,0.0,1.4230706691741943,,1.001509666442871,0.0,0.0,,0.1479555578164741,2.419791876340605
465,NVB,453693.498867024,5679004.46314535,0.0,0.0,0.0,0.0,0.500232994556427,,1.0006983280181885,0.0,0.0,,0.107547721612394,2.308396933919633
466,NVB,453692.779326819,5679004.6620005,0.0,0.0,0.0,0.0,0.659904956817627,,1.003170609474182,0.0,0.0,,0.0360747664322091,2.5941669698123886
467,NVB,453691.938006265,5679004.96445733,0.0,0.0,0.0,0.0,1.1695300340652466,,1.0013405084609983,0.0,0.0,,-0.0248675308194018,2.9946536769503296
468,NVB,453691.191796721,5679005.28301023,0.0,0.0,0.0,0.0,2.018471956253052,,1.0037875175476074,0.0,0.0,,-0.0532111793518369,3.35920587779921
469,NVB,453690.454202718,5679005.60827234,0.0,0.0,0.0,0.0,1.7469357252120972,,1.0081424713134766,0.0,0.0,,-0.0787082129194472,3.632063912973299
470,NVB,453689.742566437,5679005.93479683,0.0,0.0,0.0,0.0,2.8196864128112797,,1.0100860595703125,0.0,0.0,,-0.1254479493248344,3.9341192452643208
471,NVB,453689.065568761,5679006.2581957,0.0,0.0,0.0,0.0,6.803484916687012,,1.0103511810302734,0.0,0.0,,-0.2022911962949976,4.059993780462581
472,NVB,453688.345271065,5679006.58577888,0.0,0.0,0.0,0.0,4.008654594421387,,1.0287054777145386,0.0,0.0,,-0.2123493176506941,4.08288121189079
473,NVB,453687.581836537,5679006.88980316,0.0,0.0,0.0,0.0,0.6200112700462341,,1.004488825798035,0.0,0.0,,-0.2330198800607477,3.8969286305867903
474,NVB,453686.887894708,5679007.15095527,0.0,0.0,0.0,0.0,1.489510178565979,,1.00311017036438,0.0,0.0,,-0.1952787418340157,3.7284266882326382
475,NVB,453686.219975898,5679007.4022725,0.0,0.0,0.0,0.0,1.7575477361679075,,1.005748271942139,0.0,0.0,,-0.1657590832358779,3.5518656671505204
476,NVB,453685.517268227,5679007.68223895,0.0,0.0,0.0,0.0,2.441606044769287,,1.0029346942901611,0.0,0.0,,-0.1564845092723825,3.5346601914234337
477,NVB,453684.797179149,5679007.97431051,0.0,0.0,0.0,0.0,2.30256462097168,,1.0052720308303833,0.0,0.0,,-0.1333757598547807,3.3511122985379607
478,NVB,453684.024861084,5679008.31712401,0.0,0.0,0.0,0.0,5.521815776824951,,1.007373929023743,0.0,0.0,,-0.0943416536786215,3.5572337141264243
479,NVB,453683.286998832,5679008.68788429,0.0,0.0,0.0,0.0,3.515810251235962,,1.004610896110535,0.0,0.0,,-0.0268723847412704,3.4927144612181245
480,NVB,453682.592456074,5679009.05113099,0.0,0.0,0.0,0.0,5.521798133850098,,1.0211808681488037,0.0,0.0,,0.0094209911273164,3.599321055365563
481,NVB,453681.88044049,5679009.44201899,0.0,0.0,0.0,0.0,7.083629608154297,,1.0095722675323486,0.0,0.0,,-0.005442991928445,3.6093869372446186
482,NVB,453681.194297756,5679009.84859587,0.0,0.0,0.0,0.0,4.415894031524658,,1.0044231414794922,0.0,0.0,,0.0305895023751804,3.646356623242981
483,NVB,453680.508109248,5679010.26294078,0.0,0.0,0.0,0.0,1.1936848163604736,,1.0052320957183838,0.0,0.0,,0.0591355176382048,3.5867671126839684
484,NVB,453679.804643762,5679010.67163515,0.0,0.0,0.0,0.0,1.4637043476104736,,1.0041697025299072,0.0,0.0,,0.0945507650274724,3.3723608901605657
485,NVB,453679.109728513,5679011.09813603,0.0,0.0,0.0,0.0,2.8298609256744385,,1.0023162364959717,0.0,0.0,,0.1028626300908729,3.1758568720515434
486,NVB,453678.458178477,5679011.50935526,0.0,0.0,0.0,0.0,2.136280059814453,,1.0017796754837036,0.0,0.0,,0.0379278221450572,3.444122503008721
487,NVB,453677.754595247,5679011.93802456,0.0,0.0,0.0,0.0,4.66288948059082,,1.0053701400756836,0.0,0.0,,-0.0792928318935828,3.680799867950451
488,NVB,453677.103169126,5679012.32815885,0.0,0.0,0.0,0.0,2.9963505268096924,,1.001608967781067,0.0,0.0,,-0.1566091865926329,3.677430946869747
489,NVB,453676.443146925,5679012.70825461,0.0,0.0,0.0,0.0,0.2383091151714325,,1.0006860494613647,0.0,0.0,,-0.2408776118114189,3.819251168835865
490,NVB,453675.748361904,5679013.11256064,0.0,0.0,0.0,0.0,1.595941185951233,,1.0012108087539673,0.0,0.0,,-0.3208773532197381,4.003073363021356
491,NVB,453675.001413077,5679013.55651126,0.0,0.0,0.0,0.0,8.20177173614502,,1.0152333974838257,0.0,0.0,,-0.3576361505969194,4.158956386945709
492,NVB,453674.245620026,5679014.032593,0.0,0.0,0.0,0.0,2.787184238433838,,1.004275918006897,0.0,0.0,,-0.3795005274080175,4.21781910029161
493,NVB,453673.533133426,5679014.50338065,0.0,0.0,0.0,0.0,3.1374082565307617,,1.003464698791504,0.0,0.0,,-0.3220777579411591,4.032315263953611
494,NVB,453672.872843146,5679014.92897496,0.0,0.0,0.0,0.0,1.256209135055542,,1.0044821500778198,0.0,0.0,,-0.2005248356115094,3.8269067392934266
495,NVB,453672.264599014,5679015.33489967,0.0,0.0,0.0,0.0,3.0460801124572754,,1.005213975906372,0.0,0.0,,-0.1252854039699115,3.6938657666031
496,NVB,453671.656413589,5679015.73083679,0.0,0.0,0.0,0.0,3.272728681564331,,1.0089949369430542,0.0,0.0,,0.0099139319473172,3.405938236540654
497,NVB,453671.013635099,5679016.12213124,0.0,0.0,0.0,0.0,1.8516054153442385,,1.001642107963562,0.0,0.0,,0.0932235098433002,3.199420117951939
498,NVB,453670.345048924,5679016.48663937,0.0,0.0,0.0,0.0,4.00917911529541,,1.0046322345733645,0.0,0.0,,0.1305221770930454,3.11008874667031
499,NVB,453669.667886269,5679016.83777978,0.0,0.0,0.0,0.0,4.062372207641602,,1.002921462059021,0.0,0.0,,0.1124742795937476,3.015979136728708
500,NVB,453668.999417519,5679017.1823127,0.0,0.0,0.0,0.0,3.212543487548828,,1.0043845176696775,0.0,0.0,,0.1210436434434424,2.969212989301969
501,NVB,453668.330909525,5679017.53350393,0.0,0.0,0.0,0.0,4.725625991821289,,1.0047169923782349,0.0,0.0,,0.0926069528123661,2.8838855031013173
502,NVB,453667.592928107,5679017.92423785,0.0,0.0,0.0,0.0,4.918102741241455,,1.0062710046768188,0.0,0.0,,0.0349693991572093,2.78954661697988
503,NVB,453666.794173738,5679018.34679728,0.0,0.0,0.0,0.0,4.315847396850586,,1.0172157287597656,0.0,0.0,,0.0256626490937163,2.6310717758798825
504,NVB,453666.064892667,5679018.7298139,0.0,0.0,0.0,0.0,2.7713522911071777,,1.00227153301239,0.0,0.0,,0.052565870478194,2.3830874962009765
505,NVB,453665.413805003,5679019.06224138,0.0,0.0,0.0,0.0,1.2484732866287231,,1.0047879219055176,0.0,0.0,,0.0199734620311129,2.239111655393703
506,NVB,453664.710546928,5679019.43542312,0.0,0.0,0.0,0.0,2.4379403591156006,,1.001365065574646,0.0,0.0,,0.0261886847966219,2.094084402156742
507,NVB,453664.041744651,5679019.83655174,0.0,0.0,0.0,0.0,0.8793800473213196,,1.0021759271621704,0.0,0.0,,-0.0157390359323091,2.019778285550929
508,NVB,453663.35560661,5679020.24201735,0.0,0.0,0.0,0.0,0.4079256653785705,,1.000342607498169,0.0,0.0,,-0.0427098188060198,2.039214673511109
509,NVB,453662.591301103,5679020.69363303,0.0,0.0,0.0,0.0,1.279017448425293,,1.0039910078048706,0.0,0.0,,-0.0688023962341083,1.9564469397157385
510,NVB,453661.922465954,5679021.10031011,0.0,0.0,0.0,0.0,0.2733147740364074,,1.001278281211853,0.0,0.0,,-0.1015918225615647,1.981717253566314
511,NVB,453661.244832255,5679021.53135021,0.0,0.0,0.0,0.0,2.0418667793273926,,1.001678705215454,0.0,0.0,,-0.0709535901944657,1.9668736550063453
512,NVB,453660.532527077,5679021.97106432,0.0,0.0,0.0,0.0,2.5122148990631104,,1.0026233196258545,0.0,0.0,,-0.033082865485403,2.035290459168619
513,NVB,453659.854984667,5679022.38656811,0.0,0.0,0.0,0.0,1.43129301071167,,1.0007317066192627,0.0,0.0,,0.0019426849453077,2.115366660567408
514,NVB,453659.177416059,5679022.80651075,0.0,0.0,0.0,0.0,1.5925506353378296,,1.0015954971313477,0.0,0.0,,0.0280951524213972,2.129415897247321
515,NVB,453658.499880039,5679023.2209047,0.0,0.0,0.0,0.0,1.1746667623519895,,1.001305103302002,0.0,0.0,,0.0008108743558284,2.0534746374880197
516,NVB,453657.82231782,5679023.6397375,0.0,0.0,0.0,0.0,2.178436279296875,,1.0058023929595947,0.0,0.0,,-0.0037936675972776,1.9870046384941795
517,NVB,453657.170863601,5679024.03430906,0.0,0.0,0.0,0.0,1.967642307281494,,1.0028985738754272,0.0,0.0,,0.015474138336143,1.948677219265717
518,NVB,453656.484679109,5679024.44754217,0.0,0.0,0.0,0.0,2.4872097969055176,,1.004153609275818,0.0,0.0,,0.0111578313238205,2.129369242445468
519,NVB,453655.781171898,5679024.86289278,0.0,0.0,0.0,0.0,0.2816047668457031,,1.0055018663406372,0.0,0.0,,0.0057547574421431,2.216182705032305
520,NVB,453655.112505879,5679025.24071636,0.0,0.0,0.0,0.0,1.8251729011535645,,1.0059731006622314,0.0,0.0,,-0.0023226923340603,2.437461711046485
521,NVB,453654.426569405,5679025.61177963,0.0,0.0,0.0,0.0,4.105081081390381,,1.0078496932983398,0.0,0.0,,0.0035770607306761,2.524510259169677
522,NVB,453653.714655427,5679025.98490945,0.0,0.0,0.0,0.0,0.729071319103241,,1.0109617710113523,0.0,0.0,,0.0039133292200623,2.706531907902738
523,NVB,453653.01137004,5679026.36252907,0.0,0.0,0.0,0.0,1.161176085472107,,1.0007729530334473,0.0,0.0,,0.004651658785599,2.802796938664745
524,NVB,453652.281956887,5679026.76773897,0.0,0.0,0.0,0.0,3.062448501586914,,1.0075011253356934,0.0,0.0,,-0.0001161968073138,2.9227329000317623
525,NVB,453651.63056746,5679027.1512128,0.0,0.0,0.0,0.0,3.1461117267608643,,1.0021076202392578,0.0,0.0,,0.0170271599104243,2.846357044668807
526,NVB,453651.005286072,5679027.51042541,0.0,0.0,0.0,0.0,2.2380266189575195,,1.0025391578674316,0.0,0.0,,0.0192107379734695,2.669095519339674
527,NVB,453650.328069325,5679027.87044199,0.0,0.0,0.0,0.0,4.711326599121094,,1.007568359375,0.0,0.0,,0.0211219612144955,2.6121258506379217
528,NVB,453649.6249404,5679028.22142784,0.0,0.0,0.0,0.0,2.29346227645874,,1.0088783502578735,0.0,0.0,,-0.0582171923572824,2.4661966641048787
529,NVB,453648.913012886,5679028.59677668,0.0,0.0,0.0,0.0,1.2267051935195925,,1.0025423765182495,0.0,0.0,,-0.0359749369768664,2.370779565625248
530,NVB,453648.209570233,5679029.00102935,0.0,0.0,0.0,0.0,1.5660908222198486,,1.004082441329956,0.0,0.0,,0.0299304189598711,2.036689161529577
531,NVB,453647.49746618,5679029.40634072,0.0,0.0,0.0,0.0,1.8948431015014648,,1.0013402700424194,0.0,0.0,,0.0559079057013598,1.815310796228312
532,NVB,453646.837467233,5679029.7819951,0.0,0.0,0.0,0.0,1.1933543682098389,,1.0011168718338013,0.0,0.0,,0.114820065410326,1.6934772438892292
533,NVB,453646.186175291,5679030.14882256,0.0,0.0,0.0,0.0,2.8692786693573,,1.007111668586731,0.0,0.0,,0.2121087459959529,1.6312743889542365
534,NVB,453645.517547556,5679030.51998697,0.0,0.0,0.0,0.0,1.5743831396102903,,1.0031795501708984,0.0,0.0,,0.2100978791260649,1.715879249205418
535,NVB,453644.770784831,5679030.93175263,0.0,0.0,0.0,0.0,1.40118670463562,,1.0016274452209473,0.0,0.0,,0.2039366929667542,2.021472689564336
536,NVB,453644.0761795,5679031.30498351,0.0,0.0,0.0,0.0,1.0153424739837646,,1.0015029907226562,0.0,0.0,,0.1758358028053266,2.3055512286542834
537,NVB,453643.390202765,5679031.68270419,0.0,0.0,0.0,0.0,0.3178199231624603,,1.0012338161468506,0.0,0.0,,0.1400869649716027,2.567153960340581
538,NVB,453642.773581969,5679032.04085738,0.0,0.0,0.0,0.0,2.0805492401123047,,1.0039666891098022,0.0,0.0,,0.0817605572580045,2.913968682752613
539,NVB,453642.113393084,5679032.44869348,0.0,0.0,0.0,0.0,3.1584062576293945,,1.0049175024032593,0.0,0.0,,0.0504985975342435,3.152534328628354
540,NVB,453641.288560371,5679032.88996283,0.0,0.0,0.0,0.0,1.0873892307281494,,1.0087357759475708,0.0,0.0,,0.0101825229704426,3.4236044995838406
541,NVB,453640.412171222,5679033.26767183,0.0,0.0,0.0,0.0,5.669305324554443,,1.009010910987854,0.0,0.0,,0.0082323069101739,3.761558079657243
542,NVB,453639.553098126,5679033.64437294,0.0,0.0,0.0,0.0,2.365441083908081,,1.0034356117248535,0.0,0.0,,0.0466405210600691,4.643326551150609
543,NVB,453638.745836128,5679034.04135484,0.0,0.0,0.0,0.0,3.371129035949707,,1.007365345954895,0.0,0.0,,0.0619416597955727,5.24567456458453
544,NVB,453638.076959389,5679034.45468827,0.0,0.0,0.0,0.0,3.145115375518799,,1.0072821378707886,0.0,0.0,,0.0806075232300363,5.629614111278846
545,NVB,453637.39919252,5679034.90792089,0.0,0.0,0.0,0.0,1.0856709480285645,,1.0023536682128906,0.0,0.0,,0.0649152160883362,5.693661152627271
546,NVB,453636.729871262,5679035.39671571,0.0,0.0,0.0,0.0,3.953930139541626,,1.0115182399749756,0.0,0.0,,0.0283159053507527,5.743886816853578
547,NVB,453636.06091588,5679035.82336571,0.0,0.0,0.0,0.0,3.177436351776123,,1.0082499980926514,0.0,0.0,,0.0477268564249819,5.6412236393349575
548,NVB,453635.374997177,5679036.19109814,0.0,0.0,0.0,0.0,5.167745113372803,,1.0055265426635742,0.0,0.0,,0.06429074603378,5.274811430808273
549,NVB,453634.715127781,5679036.54455696,0.0,0.0,0.0,0.0,1.5340074300765991,,1.012995958328247,0.0,0.0,,0.1201318007010001,4.866860992029985
550,NVB,453634.055081869,5679036.92797837,0.0,0.0,0.0,0.0,4.110044956207275,,1.0154913663864136,0.0,0.0,,0.2160746963678967,4.407434020632268
551,NVB,453633.438153069,5679037.33828805,0.0,0.0,0.0,0.0,7.216124057769775,,1.0345404148101809,0.0,0.0,,0.3054646151153976,4.2774649043459
552,NVB,453632.830035861,5679037.72201518,0.0,0.0,0.0,0.0,5.155304908752441,,1.022074818611145,0.0,0.0,,0.3088417575622921,4.122999829592025
553,NVB,453632.204674338,5679038.09454304,0.0,0.0,0.0,0.0,2.186795949935913,,1.0045723915100098,0.0,0.0,,0.2783288320017754,4.175221962473545
554,NVB,453631.57931929,5679038.46596112,0.0,0.0,0.0,0.0,1.2341065406799316,,1.0025349855422974,0.0,0.0,,0.1977855204012331,4.116037447965492
555,NVB,453630.95389229,5679038.84958617,0.0,0.0,0.0,0.0,5.489157199859619,,1.0067763328552246,0.0,0.0,,0.1408398200125585,4.10827318179097
556,NVB,453630.276327241,5679039.26841661,0.0,0.0,0.0,0.0,2.156982183456421,,1.003851294517517,0.0,0.0,,0.0989350721165378,4.392299787904308
557,SGZ,453629.633485925,5679039.66969525,0.0,0.0,0.0,0.0,2.811495065689087,,1.003917217254639,0.0,0.0,,0.0917892556789716,4.766707996215542
558,SGZ,453628.964523253,5679040.09745438,0.0,0.0,0.0,0.0,3.1997883319854736,,1.0037604570388794,0.0,0.0,,0.035652994850017,4.6720241109473175
559,SGZ,453628.321622977,5679040.50872046,0.0,0.0,0.0,0.0,0.8120394349098206,,1.0045459270477295,0.0,0.0,,-0.0293710911455558,4.852597866397197
560,SGZ,453627.670080897,5679040.91771606,0.0,0.0,0.0,0.0,4.845072746276856,,1.0051662921905518,0.0,0.0,,-0.061831915489381,5.031793278784211
561,SGZ,453627.044777699,5679041.28025597,0.0,0.0,0.0,0.0,2.068702459335327,,1.0027824640274048,0.0,0.0,,-0.0379145276570759,4.95378322200384
562,SGZ,453626.437084734,5679041.5918503,0.0,0.0,0.0,0.0,4.866513252258301,,1.007408618927002,0.0,0.0,,-0.0309333366469077,5.108586836896684
563,SGZ,453625.855460734,5679041.88584186,0.0,0.0,0.0,0.0,3.3454880714416504,,1.0060670375823977,0.0,0.0,,-0.031903324981148,5.464264175768052
564,SGZ,453625.230281568,5679042.2272968,0.0,0.0,0.0,0.0,2.7514002323150635,,1.0019623041152954,0.0,0.0,,-0.0907381897551153,6.019948963858076
565,SGZ,453624.544100329,5679042.63941741,0.0,0.0,0.0,0.0,3.2708449363708496,,1.0071576833724976,0.0,0.0,,-0.0977005990959531,6.319198839974258
566,SGZ,453623.936191445,5679042.98763256,0.0,0.0,0.0,0.0,0.5377445220947266,,1.006438970565796,0.0,0.0,,-0.0359570053971519,6.439205769751091
567,SGZ,453623.363104399,5679043.30165003,0.0,0.0,0.0,0.0,8.689963340759277,,1.0317260026931765,0.0,0.0,,0.0591802382482388,6.548872525107434
568,SGZ,453622.703305762,5679043.64290084,0.0,0.0,0.0,0.0,9.678786277770996,,1.0492193698883057,0.0,0.0,,0.0687895690403703,7.067831366403375
569,SGZ,453621.939531655,5679044.00351491,0.0,0.0,0.0,0.0,6.358942985534668,,1.0338014364242554,0.0,0.0,,0.0786351235302817,7.764174228457366
570,SGZ,453621.504385415,5679044.40934564,0.0,0.0,0.0,0.0,1.9980720281600952,,1.001589059829712,0.0,0.0,,0.1463584069753474,8.44798093784822
571,SGZ,453621.493318437,5679044.81878423,0.0,0.0,0.0,0.0,2.0515501499176025,,1.00214421749115,0.0,0.0,,0.1633590895675509,8.878486716866133
572,SGZ,453621.473714308,5679045.20819674,0.0,0.0,0.0,0.0,0.8431589007377625,,1.0014533996582031,0.0,0.0,,0.1168042987211914,9.808796021183245
573,SGZ,453621.151172082,5679045.59915404,0.0,0.0,0.0,0.0,1.3508498668670654,,1.0028284788131714,0.0,0.0,,0.0577886474407772,10.4597242957634
574,SGZ,453620.474089677,5679045.93586378,0.0,0.0,0.0,0.0,5.717791557312012,,1.0141206979751587,0.0,0.0,,0.0534167954686648,11.683193685490052
575,SGZ,453619.745797426,5679046.1501975,0.0,0.0,0.0,0.0,15.433605194091797,,1.0508097410202026,0.0,0.0,,0.0598027913431041,11.94762174547432
576,SGZ,453618.975093994,5679046.21779215,0.0,0.0,0.0,0.0,7.116976261138916,,1.0121359825134275,0.0,0.0,,0.0203590731488379,10.952763503751031
577,SGZ,453618.203919851,5679046.36528713,0.0,0.0,0.0,0.0,20.292354583740234,,1.0974035263061523,0.0,0.0,,-0.0227946673515653,10.006843095199931
578,SGZ,453617.475464056,5679046.60736384,0.0,0.0,0.0,0.0,3.545294523239136,,1.0273429155349731,0.0,0.0,,-0.0493333671331038,9.29517842961715
579,SGZ,453616.737791155,5679046.94482609,0.0,0.0,0.0,0.0,3.010347604751587,,1.004424214363098,0.0,0.0,,-0.0148728537700239,8.961841442209714
580,SGZ,453615.886513773,5679047.46694996,0.0,0.0,0.0,0.0,2.9433867931365967,,1.0069162845611572,0.0,0.0,,0.0496279745531312,8.869571174402756
581,SGZ,453615.139218293,5679047.96860079,0.0,0.0,0.0,0.0,2.100327491760254,,1.0277448892593384,0.0,0.0,,0.0286702738663561,8.465298366988922
582,SGZ,453614.365546371,5679048.54001143,0.0,0.0,0.0,0.0,2.544945240020752,,1.012632131576538,0.0,0.0,,0.0113668204680345,8.100675551899135
583,SGZ,453613.565511058,5679049.17896242,0.0,0.0,0.0,0.0,14.034205436706545,,1.033078670501709,0.0,0.0,,-0.0718877569186804,8.757080778067229
584,SGZ,453612.835112995,5679049.75062787,0.0,0.0,0.0,0.0,1.192320704460144,,1.005483627319336,0.0,0.0,,-0.0693647911260942,9.223119966835265
585,SGZ,453612.191753395,5679050.23957359,0.0,0.0,0.0,0.0,6.893377304077148,,1.0188411474227903,0.0,0.0,,-0.0187663971967581,9.743206008961574
586,SGZ,453611.627065165,5679050.59692059,0.0,0.0,0.0,0.0,5.345600605010986,,1.0107301473617554,0.0,0.0,,0.0483593554421246,9.48414681845581
587,SGZ,453611.097643472,5679050.84460847,0.0,0.0,0.0,0.0,0.5746987462043762,,1.0099353790283203,0.0,0.0,,0.1593199877905649,8.625601788782783
588,SGZ,453610.568326363,5679051.07454066,0.0,0.0,0.0,0.0,10.86240291595459,,1.033795714378357,0.0,0.0,,0.1821841121041752,8.217905112396428
589,SGZ,453609.848492017,5679051.3222163,0.0,0.0,0.0,0.0,0.7593833804130554,,1.0007052421569824,0.0,0.0,,0.1832002555153931,8.284139854514551
590,SGZ,453609.206891025,5679051.51264499,0.0,0.0,0.0,0.0,2.3320870399475098,,1.0011461973190308,0.0,0.0,,0.1291317752921873,8.681668044129495
591,SGZ,453608.529957986,5679051.82382998,0.0,0.0,0.0,0.0,1.975957989692688,,1.004203200340271,0.0,0.0,,0.0815528740839186,9.392218560022368
592,SGZ,453607.939004217,5679052.23207121,0.0,0.0,0.0,0.0,6.18162727355957,,1.0110712051391602,0.0,0.0,,0.0391580589157152,9.780415722830986
593,SGZ,453607.313633809,5679052.60570683,0.0,0.0,0.0,0.0,0.0585483685135841,,1.0017130374908447,0.0,0.0,,0.0124894971735689,9.465755638938433
594,SGZ,453606.592922975,5679053.0020857,0.0,0.0,0.0,0.0,11.183639526367188,,1.027287244796753,0.0,0.0,,-0.0914287600993253,9.283853478515228
595,SGZ,453605.958884541,5679053.37788968,0.0,0.0,0.0,0.0,8.511183738708496,,1.0289227962493896,0.0,0.0,,-0.141055705260482,9.322850709101322
596,SGZ,453605.24664529,5679053.80539181,0.0,0.0,0.0,0.0,8.63829231262207,,1.045310139656067,0.0,0.0,,-0.1137598170218101,8.992666581832758
597,SGZ,453604.44758961,5679054.2778827,0.0,0.0,0.0,0.0,6.268807888031006,,1.0115348100662231,0.0,0.0,,-0.0601252613270737,8.520900404948382
598,SGZ,453603.674609475,5679054.73166115,0.0,0.0,0.0,0.0,11.70769214630127,,1.0358887910842896,0.0,0.0,,-0.068548644891166,8.201517187680153
599,SGZ,453602.936320485,5679055.17343653,0.0,0.0,0.0,0.0,8.30980396270752,,1.124173879623413,0.0,0.0,,-0.1046226680454594,8.74228359289409
600,SGZ,453602.180852558,5679055.59291527,0.0,0.0,0.0,0.0,7.637726306915283,,1.0481122732162476,0.0,0.0,,-0.1190698783555484,9.287786998982185
601,SGZ,453601.399478931,5679056.00225338,0.0,0.0,0.0,0.0,12.672489166259766,,1.032029390335083,0.0,0.0,,-0.104318525915119,9.69971337007199
602,SGZ,453600.548663875,5679056.44558493,0.0,0.0,0.0,0.0,8.334092140197754,,1.064247965812683,0.0,0.0,,-0.164110261025355,9.47136559129641
603,SGZ,453599.801726262,5679056.88619928,0.0,0.0,0.0,0.0,4.867424488067627,,1.031069040298462,0.0,0.0,,-0.1970652543185387,9.383572732184938
604,SGZ,453599.141434937,5679057.31067772,0.0,0.0,0.0,0.0,4.541955471038818,,1.087077021598816,0.0,0.0,,-0.1889383184879079,9.455260964928195
605,SGZ,453598.464860708,5679057.56082681,0.0,0.0,0.0,0.0,14.11327838897705,,1.0822056531906128,0.0,0.0,,-0.1661020378546007,9.316569852440097
606,SGZ,453597.823847552,5679057.65137908,0.0,0.0,0.0,0.0,5.851057529449463,,1.0314414501190186,0.0,0.0,,-0.1372652036240447,10.293886205412337
607,SGZ,453597.104391538,5679057.83468934,0.0,0.0,0.0,0.0,13.176214218139648,,1.0558154582977295,0.0,0.0,,-0.1366022072235497,10.888075757330329
608,SGZ,453596.219656565,5679058.15907551,0.0,0.0,0.0,0.0,13.880351066589355,,1.0440810918807983,0.0,0.0,,-0.098222207528073,10.731753593104813
609,SGZ,453595.524935303,5679058.5511675,0.0,0.0,0.0,0.0,19.18304443359375,,1.1296111345291138,0.0,0.0,,-0.1109321569557867,10.42539206426011
610,SGZ,453594.847065777,5679059.0210424,0.0,0.0,0.0,0.0,6.50701379776001,,1.0260558128356934,0.0,0.0,,-0.1558896518261693,10.824307117708962
611,SGZ,453594.134387166,5679059.52289529,0.0,0.0,0.0,0.0,4.13435173034668,,1.0048092603683472,0.0,0.0,,-0.1414522578143857,10.442848550238953
612,SGZ,453593.560709022,5679059.93678611,0.0,0.0,0.0,0.0,5.320027828216553,,1.0125805139541626,0.0,0.0,,-0.0784119067422958,9.712987805664472
613,SGZ,453592.847860179,5679060.46749181,0.0,0.0,0.0,0.0,3.4451122283935547,,1.007670760154724,0.0,0.0,,-0.0155254489668733,9.318473947524872
614,SGZ,453592.264748671,5679061.01338913,0.0,0.0,0.0,0.0,11.082531929016112,,1.037466287612915,0.0,0.0,,0.0021604403765843,9.578955531791271
615,SGZ,453591.785194171,5679061.61094607,0.0,0.0,0.0,0.0,6.807343006134033,,1.0192499160766602,0.0,0.0,,0.0013576502669423,10.511948869895637
616,SGZ,453591.322491375,5679062.28628596,0.0,0.0,0.0,0.0,7.407663822174072,,1.034268856048584,0.0,0.0,,-0.0351318019855714,11.58669760245344
617,SGZ,453590.91175675,5679062.95527356,0.0,0.0,0.0,0.0,0.9663452506065368,,1.0026659965515137,0.0,0.0,,-0.1125058068003755,12.983797651909708
618,SGZ,453590.674223403,5679063.60752581,0.0,0.0,0.0,0.0,11.15754508972168,,1.029471755027771,0.0,0.0,,-0.0688963382565109,13.499972783674902
619,SGZ,453590.531755827,5679064.28364352,0.0,0.0,0.0,0.0,18.444168090820312,,1.075791597366333,0.0,0.0,,-0.0555449072669553,13.365246047248228
620,SGZ,453590.415226571,5679064.96435319,0.0,0.0,0.0,0.0,3.6674766540527344,,1.0212868452072144,0.0,0.0,,-0.159073164227161,12.416307406853976
621,SGZ,453590.324393605,5679065.69071475,0.0,0.0,0.0,0.0,3.155996799468994,,1.0120731592178345,0.0,0.0,,-0.1236910261317337,12.596660514889049
622,SGZ,453590.242025767,5679066.44930943,0.0,0.0,0.0,0.0,6.747979164123535,,1.0778579711914062,0.0,0.0,,-0.1553343362743009,12.288855543797446
623,SGZ,453590.238159803,5679067.10515858,0.0,0.0,0.0,0.0,11.253802299499512,,1.081635594367981,0.0,0.0,,-0.1727212976280185,12.448683049370713
624,SGZ,453590.278189464,5679067.65583866,0.0,0.0,0.0,0.0,10.41838836669922,,1.0627294778823853,0.0,0.0,,-0.183763317870083,12.09069361015181
625,SGZ,453590.377043377,5679068.50539264,0.0,0.0,0.0,0.0,13.148574829101562,,1.053445816040039,0.0,0.0,,-0.1185809345933381,11.911425811940578
626,SGZ,453590.501580556,5679069.40281797,0.0,0.0,0.0,0.0,9.669169425964355,,1.0677396059036257,0.0,0.0,,-0.0706993336811412,12.542672405825352
627,SGZ,453590.652101913,5679070.29706715,0.0,0.0,0.0,0.0,23.562397003173828,,1.145296931266785,0.0,0.0,,-0.1118839734543909,13.2639871613916
628,SGZ,453590.681893784,5679071.11625035,0.0,0.0,0.0,0.0,14.111077308654783,,1.069172739982605,0.0,0.0,,-0.13215608911697,12.926296272914762
629,SGZ,453590.642682401,5679071.89507521,0.0,0.0,0.0,0.0,20.358057022094727,,1.1793054342269895,0.0,0.0,,-0.082499771558397,11.984094695306831
630,SGZ,453590.551417666,5679072.6946788,0.0,0.0,0.0,0.0,10.903838157653809,,1.028355360031128,0.0,0.0,,-0.1123990280607166,11.042215877128829
631,SGZ,453590.416139515,5679073.61942655,0.0,0.0,0.0,0.0,8.499567031860352,,1.0251489877700806,0.0,0.0,,-0.0433692782733967,9.810123698775746
632,SGZ,453590.418952929,5679074.6104645,0.0,0.0,0.0,0.0,4.3628692626953125,,1.108219027519226,0.0,0.0,,-0.0900024742734765,8.087740074459296
633,NVB,453590.526285193,5679075.49003213,0.0,0.0,0.0,0.0,1.3944122791290283,,1.0014493465423584,0.0,0.0,,-0.0401006813241927,6.806179561138705
634,NVB,453590.56425441,5679076.39027647,0.0,0.0,0.0,0.0,5.342154502868652,,1.0096993446350098,0.0,0.0,,-0.0504037017237919,6.913374377408719
635,NVB,453590.5672968,5679077.34247394,0.0,0.0,0.0,0.0,0.8610163927078247,,1.0062681436538696,0.0,0.0,,-0.1058461003481633,7.080924686563952
636,SGZ,453590.587563858,5679078.3091999,0.0,0.0,0.0,0.0,7.570388317108154,,1.049599289894104,0.0,0.0,,-0.1006924495077773,7.5164598519843855
637,SGZ,453590.616662386,5679079.24601423,0.0,0.0,0.0,0.0,9.168061256408691,,1.0506547689437866,0.0,0.0,,-0.1367985990227082,8.278668676000292
638,SGZ,453590.67200676,5679080.13526332,0.0,0.0,0.0,0.0,3.355820178985596,,1.085281491279602,0.0,0.0,,-0.2094712531426727,9.008993211667036
639,SGZ,453590.814455688,5679080.93069569,0.0,0.0,0.0,0.0,7.020026683807373,,1.0361285209655762,0.0,0.0,,-0.2854861102615034,9.265219884500995
640,SGZ,453591.009016927,5679081.69536178,0.0,0.0,0.0,0.0,7.291078567504883,,1.0212085247039795,0.0,0.0,,-0.2814647155986201,9.289866621179293
641,SGZ,453591.220600103,5679082.50895792,0.0,0.0,0.0,0.0,4.499938488006592,,1.0155471563339231,0.0,0.0,,-0.2861668902504525,9.084000556330553
642,SGZ,453591.42393402,5679083.25369991,0.0,0.0,0.0,0.0,7.48009729385376,,1.0456165075302124,0.0,0.0,,-0.2500662254766878,9.044934397867417
643,SGZ,453591.601637007,5679083.94169273,0.0,0.0,0.0,0.0,7.426087856292725,,1.0612841844558716,0.0,0.0,,-0.1531932925476041,9.376475199543943
644,SGZ,453591.622721869,5679084.76970271,0.0,0.0,0.0,0.0,5.103709220886231,,1.0171974897384644,0.0,0.0,,-0.0574781295024797,9.019860746332808
645,SGZ,453591.565677531,5679085.63720375,0.0,0.0,0.0,0.0,6.526084899902344,,1.0354052782058716,0.0,0.0,,-0.0368169279922985,8.752322884592378
646,SGZ,453591.595515374,5679086.44861883,0.0,0.0,0.0,0.0,3.807976961135864,,1.0078800916671753,0.0,0.0,,-0.052527265526734,11.243359671275435
647,SGZ,453591.711561688,5679087.31824989,0.0,0.0,0.0,0.0,1.5173720121383667,,1.0090423822402954,0.0,0.0,,-0.1451002978380196,12.74072295279581
648,SGZ,453591.897167432,5679088.13391242,0.0,0.0,0.0,0.0,1.791042685508728,,1.0015119314193726,0.0,0.0,,-0.1762184268871024,13.133061716767283
649,SGZ,453592.134401495,5679089.0009285,0.0,0.0,0.0,0.0,31.95309066772461,,1.2125821113586426,0.0,0.0,,-0.3972570958941554,13.194225211608186
650,SGZ,453592.718660842,5679089.7290497,0.0,0.0,0.0,0.0,10.72577667236328,,1.0489203929901123,0.0,0.0,,-0.4911042256296489,13.205663418009127
651,SGZ,453593.355294258,5679090.38201545,0.0,0.0,0.0,0.0,2.095243453979492,,1.0190365314483645,0.0,0.0,,-0.4369597296037413,13.116262597294106
652,SGZ,453593.948431071,5679091.07245682,0.0,0.0,0.0,0.0,13.91367530822754,,1.0798072814941406,0.0,0.0,,-0.3547755035585128,12.233096825039146
653,SGZ,453594.169120998,5679091.80953266,0.0,0.0,0.0,0.0,2.7480621337890625,,1.022233247756958,0.0,0.0,,-0.3696540403477947,11.34387336464628
654,SGZ,453594.225355435,5679092.54785872,0.0,0.0,0.0,0.0,4.862964153289795,,1.008734941482544,0.0,0.0,,-0.3681884024525432,10.333421056208524
655,SGZ,453594.029565306,5679093.46004241,0.0,0.0,0.0,0.0,10.359312057495115,,1.0259798765182495,0.0,0.0,,-0.3428214938467993,9.790825838304656
656,SGZ,453593.764725874,5679094.33963589,0.0,0.0,0.0,0.0,11.427960395812988,,1.0262919664382937,0.0,0.0,,-0.2881457290237729,9.475517328805244
657,SGZ,453593.395772862,5679095.26189658,0.0,0.0,0.0,0.0,8.997583389282227,,1.043745517730713,0.0,0.0,,-0.2959140535496056,10.78311574831936
658,SGZ,453592.956239912,5679096.41124335,0.0,0.0,0.0,0.0,8.214021682739258,,1.015652418136597,0.0,0.0,,-0.4394065367862215,12.048052955639433
659,SGZ,453592.66429752,5679097.48377638,0.0,0.0,0.0,0.0,6.366099834442139,,1.021332859992981,0.0,0.0,,-0.4297291817648117,12.250660173904992
660,SGZ,453593.023406607,5679098.23165601,0.0,0.0,0.0,0.0,11.600768089294434,,1.0326130390167236,0.0,0.0,,-0.4117211030794139,12.85365939602237
661,SGZ,453593.530276528,5679098.87386898,0.0,0.0,0.0,0.0,25.623714447021484,,1.1708298921585083,0.0,0.0,,-0.3779185412553492,13.97898581542852
662,SGZ,453593.811367619,5679099.64237428,0.0,0.0,0.0,0.0,1.9872699975967407,,1.0673226118087769,0.0,0.0,,-0.358952132891354,14.152926449536308
663,SGZ,453594.040719208,5679100.37839139,0.0,0.0,0.0,0.0,11.972814559936523,,1.1016664505004885,0.0,0.0,,-0.3258250639517581,13.60552285119297
664,SGZ,453594.491931888,5679101.65284304,0.0,0.0,0.0,0.0,3.5150351524353027,,1.025769829750061,0.0,0.0,,-0.3277743664985292,12.927278488490147
665,SGZ,453594.712510992,5679102.40878422,0.0,0.0,0.0,0.0,6.028732776641846,,1.0950230360031128,0.0,0.0,,-0.3097612337591675,13.124181110505925
666,SGZ,453594.934444055,5679102.93501175,0.0,0.0,0.0,0.0,6.152677059173584,,1.0498560667037964,0.0,0.0,,-0.2914986194896093,13.21589114801589
667,SGZ,453595.130425597,5679103.45886678,0.0,0.0,0.0,0.0,5.075361251831055,,1.0445611476898191,0.0,0.0,,-0.2479065888253349,12.805887576278549
668,SGZ,453595.187373157,5679104.07623249,0.0,0.0,0.0,0.0,19.64981842041016,,1.27638840675354,0.0,0.0,,-0.2792476441810181,12.850722655997112
669,SGZ,453595.209367641,5679104.74999027,0.0,0.0,0.0,0.0,10.183770179748535,,1.0438885688781738,0.0,0.0,,-0.2889360479177963,13.553190069937804
670,SGZ,453595.256404542,5679105.58037269,0.0,0.0,0.0,0.0,11.988234519958496,,1.0576411485671997,0.0,0.0,,-0.2897941246676813,14.100530819686863
671,SGZ,453595.294989335,5679106.37630255,0.0,0.0,0.0,0.0,4.512375354766846,,1.0626826286315918,0.0,0.0,,-0.2552812698221461,14.193274716563936
672,SGZ,453595.222146414,5679106.98735445,0.0,0.0,0.0,0.0,4.019155502319336,,1.0230441093444824,0.0,0.0,,-0.2122859606109683,13.65357992212486
673,SGZ,453595.140877519,5679107.55951487,0.0,0.0,0.0,0.0,2.4250285625457764,,1.0290223360061646,0.0,0.0,,-0.2246655588475442,13.384900940857356
674,SGZ,453595.076964163,5679108.12400922,0.0,0.0,0.0,0.0,9.980875015258787,,1.0552899837493896,0.0,0.0,,-0.2960148863502982,13.18202001278448
675,SGZ,453595.140990357,5679109.00887032,0.0,0.0,0.0,0.0,23.32413482666016,,1.110525608062744,0.0,0.0,,-0.31863690963727,12.283595103619952
676,SGZ,453595.239701511,5679109.88283819,0.0,0.0,0.0,0.0,11.14303493499756,,1.0363842248916626,0.0,0.0,,-0.3307931907910308,11.955075771052693
677,SGZ,453595.417385861,5679110.57416008,0.0,0.0,0.0,0.0,8.296716690063477,,1.0279903411865234,0.0,0.0,,-0.2875236024460393,11.499406700756108
678,SGZ,453595.620936791,5679111.2822809,0.0,0.0,0.0,0.0,2.5058600902557373,,1.0214617252349854,0.0,0.0,,-0.2311515424634453,11.534669382193751
679,SGZ,453595.797404668,5679112.18001214,0.0,0.0,0.0,0.0,8.64289665222168,,1.0465465784072876,0.0,0.0,,-0.2880484140319841,11.37368247993394
680,SGZ,453595.956942161,5679113.01327713,0.0,0.0,0.0,0.0,11.962587356567385,,1.055240035057068,0.0,0.0,,-0.2455191690259774,10.981755413212092
681,SGZ,453596.10796869,5679113.82207711,0.0,0.0,0.0,0.0,10.267809867858888,,1.0365005731582642,0.0,0.0,,-0.1806158109900844,10.953019436949935
682,SGZ,453596.328293236,5679114.6212976,0.0,0.0,0.0,0.0,4.663241386413574,,1.0148690938949585,0.0,0.0,,-0.1743140573734576,11.206000283451228
683,SGZ,453596.5315108,5679115.38601451,0.0,0.0,0.0,0.0,11.10119915008545,,1.035534143447876,0.0,0.0,,-0.1964780044865903,10.754713795671028
684,SGZ,453596.553479289,5679116.06421119,0.0,0.0,0.0,0.0,6.960415363311768,,1.0118358135223389,0.0,0.0,,-0.2725149676391084,10.442813168582491
685,SGZ,453596.575245029,5679116.77680942,0.0,0.0,0.0,0.0,7.03857421875,,1.0264345407485962,0.0,0.0,,-0.256354667002045,10.161820251175644
686,SGZ,453596.734625739,5679117.63670786,0.0,0.0,0.0,0.0,14.354485511779783,,1.061779260635376,0.0,0.0,,-0.2359291940435997,9.828014722527795
687,SGZ,453596.885717849,5679118.43441054,0.0,0.0,0.0,0.0,4.625969886779785,,1.017285704612732,0.0,0.0,,-0.3072163893480098,9.964198089805016
688,SGZ,453597.140707977,5679119.22606695,0.0,0.0,0.0,0.0,3.1181981563568115,,1.0180617570877075,0.0,0.0,,-0.2946033575816035,10.463062496467469
689,SGZ,453597.429781439,5679120.10892505,0.0,0.0,0.0,0.0,2.068729877471924,,1.027656078338623,0.0,0.0,,-0.2912632877101326,10.560558521802571
690,SGZ,453597.701604034,5679120.98169358,0.0,0.0,0.0,0.0,6.40669059753418,,1.0238676071166992,0.0,0.0,,-0.2141434061105689,10.87797853839838
691,SGZ,453597.748706735,5679121.80097869,0.0,0.0,0.0,0.0,7.583574771881103,,1.0820003747940063,0.0,0.0,,-0.2232752538807362,11.64402924178984
692,SGZ,453597.786664031,5679122.70344237,0.0,0.0,0.0,0.0,11.168020248413086,,1.0303832292556765,0.0,0.0,,-0.2082068156700898,11.944095746393774
693,SGZ,453597.81690169,5679123.44716397,0.0,0.0,0.0,0.0,4.128317356109619,,1.0205492973327637,0.0,0.0,,-0.1305882509547346,12.040171302905671
694,SGZ,453597.829581024,5679124.23295322,0.0,0.0,0.0,0.0,2.6534602642059326,,1.0449873208999634,0.0,0.0,,-0.1824743739489803,12.232289469343948
695,SGZ,453597.85870686,5679125.16532853,0.0,0.0,0.0,0.0,23.8541316986084,,1.172563076019287,0.0,0.0,,-0.1731595790976624,12.233239213333036
696,SGZ,453597.88791119,5679126.08438711,0.0,0.0,0.0,0.0,17.686120986938477,,1.0817419290542605,0.0,0.0,,-0.1538735025892491,12.528912152423397
697,SGZ,453597.934490735,5679126.99245043,0.0,0.0,0.0,0.0,11.77282428741455,,1.0622016191482544,0.0,0.0,,-0.1784870816674356,12.194189404994672
698,SGZ,453598.032895077,5679127.91857544,0.0,0.0,0.0,0.0,28.701919555664062,,1.3115733861923218,0.0,0.0,,-0.1672274801380281,12.02419081387404
699,SGZ,453598.148831625,5679128.80707172,0.0,0.0,0.0,0.0,10.189669609069824,,1.0756365060806274,0.0,0.0,,-0.2127226882429794,11.77150461347154
700,SGZ,453598.361417541,5679129.45087925,0.0,0.0,0.0,0.0,5.843154430389404,,1.056586742401123,0.0,0.0,,-0.1887897880372386,11.402487366485984
701,SGZ,453598.521943243,5679130.11657528,0.0,0.0,0.0,0.0,10.472771644592283,,1.032719612121582,0.0,0.0,,-0.231181597088375,10.940366305850027
702,SGZ,453598.350554408,5679131.29413697,0.0,0.0,0.0,0.0,9.136919975280762,,1.1210519075393677,0.0,0.0,,-0.2163900642528074,10.433134043098413
703,SGZ,453598.309224611,5679132.43251357,0.0,0.0,0.0,0.0,8.925520896911621,,1.0490858554840088,0.0,0.0,,-0.2315216543468753,11.139433775068856
704,SGZ,453598.640624961,5679133.47653716,0.0,0.0,0.0,0.0,3.5437123775482178,,1.0352011919021606,0.0,0.0,,-0.2503466489401833,11.300698707253565
705,SGZ,453598.989472567,5679134.49735847,0.0,0.0,0.0,0.0,8.99020767211914,,1.107650876045227,0.0,0.0,,-0.2816884227119047,11.728813556380832
706,SGZ,453599.40781463,5679135.47530842,0.0,0.0,0.0,0.0,15.583206176757812,,1.0673763751983645,0.0,0.0,,-0.3098100418402013,12.667175737230966
707,SGZ,453599.948607411,5679136.2364658,0.0,0.0,0.0,0.0,12.75324821472168,,1.1376924514770508,0.0,0.0,,-0.2516042085484666,13.001584697879036
708,SGZ,453600.402432604,5679137.06813566,0.0,0.0,0.0,0.0,14.236949920654297,,1.0679761171340942,0.0,0.0,,-0.2466386661259197,12.961581351823153
709,SGZ,453600.189273501,5679137.99020499,0.0,0.0,0.0,0.0,6.648831367492676,,1.0688220262527466,0.0,0.0,,-0.2134356458926023,12.52297005437586
710,SGZ,453599.985213976,5679138.83686383,0.0,0.0,0.0,0.0,4.282298564910889,,1.0766500234603882,0.0,0.0,,-0.2275788370961401,12.74080543049346
711,SGZ,453599.937400721,5679139.60675982,0.0,0.0,0.0,0.0,9.671378135681152,,1.0900100469589231,0.0,0.0,,-0.2087579766250537,12.521664551875128
712,SGZ,453599.872611156,5679140.31995769,0.0,0.0,0.0,0.0,9.169059753417969,,1.0309102535247805,0.0,0.0,,-0.1739328207101245,12.355329090251448
713,SGZ,453599.765560664,5679140.86089274,0.0,0.0,0.0,0.0,5.928415775299072,,1.0186846256256104,0.0,0.0,,-0.1496305424540215,12.468537375571897
714,SGZ,453599.675551866,5679141.44742863,0.0,0.0,0.0,0.0,4.498885154724121,,1.1488778591156006,0.0,0.0,,-0.2577266181163986,12.17015032141376
715,SGZ,453599.664156725,5679141.91235352,0.0,0.0,0.0,0.0,13.185786247253418,,1.1909048557281494,0.0,0.0,,-0.2911404375693805,12.45642315851222
716,SGZ,453599.801582524,5679142.09183577,0.0,0.0,0.0,0.0,13.185786247253418,,1.1909048557281494,0.0,0.0,,-0.2911404375693805,12.45642315851222
717,SGZ,453599.99833712,5679142.48474277,0.0,0.0,0.0,0.0,12.532022476196287,,1.1373884677886963,0.0,0.0,,-0.2938668506681099,12.648660980200914
718,SGZ,453600.23660713,5679143.17642154,0.0,0.0,0.0,0.0,3.4260947704315186,,1.057990550994873,0.0,0.0,,-0.2484520427743551,12.748758533020876
719,SGZ,453600.396832465,5679143.89316499,0.0,0.0,0.0,0.0,11.57088565826416,,1.069290041923523,0.0,0.0,,-0.2912695152470257,12.356949568299791
720,SGZ,453600.305718454,5679144.66724486,0.0,0.0,0.0,0.0,20.01418685913086,,1.1052618026733398,0.0,0.0,,-0.2578548065819201,12.245413866659382
721,SGZ,453600.206099918,5679145.41575,0.0,0.0,0.0,0.0,3.375382900238037,,1.0334763526916504,0.0,0.0,,-0.2567055091635604,12.25576285416826
722,SGZ,453600.149474775,5679146.21222844,0.0,0.0,0.0,0.0,12.151948928833008,,1.049533128738403,0.0,0.0,,-0.2655712243786291,12.25839410438384
723,SGZ,453600.2482132,5679147.08175728,0.0,0.0,0.0,0.0,5.0819478034973145,,1.0074952840805054,0.0,0.0,,-0.1712604029744668,12.477701802087092
724,SGZ,453600.364653885,5679147.88480446,0.0,0.0,0.0,0.0,17.553964614868164,,1.1694095134735107,0.0,0.0,,-0.1947094394477835,12.69796020252222
725,SGZ,453600.524519651,5679148.66258292,0.0,0.0,0.0,0.0,20.35371971130371,,1.2288264036178589,0.0,0.0,,-0.1861485317429278,13.331198513302963
726,SGZ,453600.710291377,5679149.45050195,0.0,0.0,0.0,0.0,19.86664581298828,,1.1778876781463623,0.0,0.0,,-0.1539692768759096,13.160205437507411
727,SGZ,453600.930833272,5679150.21310125,0.0,0.0,0.0,0.0,3.030749797821045,,1.0392849445343018,0.0,0.0,,-0.1936185258841931,13.249607868345944
728,SGZ,453601.168410404,5679151.02241111,0.0,0.0,0.0,0.0,16.074609756469727,,1.1004568338394165,0.0,0.0,,-0.173309054670202,13.014002159304075
729,SGZ,453601.371825638,5679151.753836,0.0,0.0,0.0,0.0,4.214311599731445,,1.032286524772644,0.0,0.0,,-0.1659563089471618,13.067114089933218
730,SGZ,453601.506897388,5679152.33282018,0.0,0.0,0.0,0.0,8.524304389953613,,1.0313347578048706,0.0,0.0,,-0.167412456502851,12.867214529664652
731,SGZ,453601.56389166,5679152.94241769,0.0,0.0,0.0,0.0,10.523137092590332,,1.090768575668335,0.0,0.0,,-0.1735834179216461,12.431752055024312
732,SGZ,453601.386614186,5679153.65051361,0.0,0.0,0.0,0.0,5.3811750411987305,,1.0246503353118896,0.0,0.0,,-0.1873756261188223,12.001295263145984
733,SGZ,453601.183241086,5679154.38065105,0.0,0.0,0.0,0.0,14.04119873046875,,1.0702210664749146,0.0,0.0,,-0.2228835108328732,11.54045082717804
734,SGZ,453600.892546919,5679155.24122632,0.0,0.0,0.0,0.0,6.623694896697998,,1.0237981081008911,0.0,0.0,,-0.210601192117446,10.954285431331964
735,SGZ,453600.567677654,5679156.02613607,0.0,0.0,0.0,0.0,5.949151039123535,,1.036681056022644,0.0,0.0,,-0.1963971521642824,10.9823586323227
736,SGZ,453600.215738286,5679156.99843678,0.0,0.0,0.0,0.0,9.122416496276855,,1.0253593921661377,0.0,0.0,,-0.1939834228440111,11.298954862176045
737,SGZ,453599.699283079,5679157.98197536,0.0,0.0,0.0,0.0,6.865185737609863,,1.0281168222427368,0.0,0.0,,-0.1535859550608125,11.522939554182525
738,SGZ,453599.123786601,5679158.70326115,0.0,0.0,0.0,0.0,15.780923843383787,,1.090010643005371,0.0,0.0,,-0.1263745595655128,11.401944507677884
739,SGZ,453598.53268055,5679159.13591568,0.0,0.0,0.0,0.0,13.177132606506348,,1.1341062784194946,0.0,0.0,,-0.1316208447279654,11.390894462199476
740,SGZ,453597.933037211,5679159.54854407,0.0,0.0,0.0,0.0,6.519821166992188,,1.0984750986099243,0.0,0.0,,-0.1482071076790615,11.376187858585794
741,SGZ,453597.488515637,5679160.07528277,0.0,0.0,0.0,0.0,3.546191692352295,,1.0698550939559937,0.0,0.0,,-0.0514752440274946,11.609513467691064
742,SGZ,453596.889369232,5679160.40357178,0.0,0.0,0.0,0.0,4.591864585876465,,1.0143500566482544,0.0,0.0,,-0.0380068560232741,11.373475447380116
743,SGZ,453596.12765599,5679160.41239973,0.0,0.0,0.0,0.0,13.845938682556152,,1.073439598083496,0.0,0.0,,-0.0407382631415683,11.257366379819858
744,SGZ,453595.469730086,5679160.43404672,0.0,0.0,0.0,0.0,4.824627876281738,,1.0311846733093262,0.0,0.0,,-0.0507380116656375,11.259339018099231
745,SGZ,453594.966788621,5679160.59310836,0.0,0.0,0.0,0.0,13.559404373168944,,1.0778728723526,0.0,0.0,,-0.0509738599896417,11.503421115500354
746,SGZ,453594.403426063,5679160.7240697,0.0,0.0,0.0,0.0,9.833547592163086,,1.1285322904586792,0.0,0.0,,-0.0870760434888368,11.357193408454233
747,SGZ,453593.815092849,5679160.68619936,0.0,0.0,0.0,0.0,7.158946514129639,,1.036263346672058,0.0,0.0,,-0.0718938953498058,11.264379745257528
748,SGZ,453593.184806175,5679160.42390892,0.0,0.0,0.0,0.0,8.885876655578613,,1.0756886005401611,0.0,0.0,,-0.024594869040087,11.28995254602735
749,SGZ,453592.546172025,5679160.10941022,0.0,0.0,0.0,0.0,4.454639911651611,,1.032793402671814,0.0,0.0,,-0.0514558041528236,11.47439568370964
750,SGZ,453591.925011325,5679159.76727029,0.0,0.0,0.0,0.0,9.489256858825684,,1.0374126434326172,0.0,0.0,,-0.0990736519539009,10.803003739304293
751,SGZ,453591.243338056,5679159.41256622,0.0,0.0,0.0,0.0,4.584500312805176,,1.030417799949646,0.0,0.0,,-0.1455133848613469,10.811088161588572
752,SGZ,453590.276542451,5679158.97294899,0.0,0.0,0.0,0.0,4.60129976272583,,1.0271198749542236,0.0,0.0,,-0.1254046708469732,10.389414232937172
753,SGZ,453589.404218648,5679158.65818233,0.0,0.0,0.0,0.0,4.855134010314941,,1.039578557014465,0.0,0.0,,-0.0984994355199694,11.096729580784714
754,SGZ,453588.608474527,5679158.56692999,0.0,0.0,0.0,0.0,16.934633255004883,,1.050859451293945,0.0,0.0,,-0.1167991177318021,11.457035617922294
755,SGZ,453588.027141433,5679158.80987133,0.0,0.0,0.0,0.0,12.382999420166016,,1.0502699613571167,0.0,0.0,,-0.1360551113024946,11.291992880980798
756,SGZ,453587.455365982,5679158.89972123,0.0,0.0,0.0,0.0,8.325559616088867,,1.047709822654724,0.0,0.0,,-0.1394085331628042,11.33414107275939
757,SGZ,453586.824189986,5679158.78835324,0.0,0.0,0.0,0.0,14.683600425720217,,1.0511523485183716,0.0,0.0,,-0.1325059489809135,11.094682964618393
758,SGZ,453586.174474278,5679158.88551196,0.0,0.0,0.0,0.0,8.464644432067871,,1.0358718633651731,0.0,0.0,,-0.1188063899595091,11.133713372164465
759,SGZ,453585.496837717,5679159.31432614,0.0,0.0,0.0,0.0,8.636820793151855,,1.042455792427063,0.0,0.0,,-0.1624910635575526,12.043483624923008
760,SGZ,453584.032105298,5679159.65304821,0.0,0.0,0.0,0.0,7.462325096130371,,1.023718237876892,0.0,0.0,,-0.1835115793390405,12.718063959711742
761,SGZ,453583.343491494,5679159.00754377,0.0,0.0,0.0,0.0,7.643187522888184,,1.0201436281204224,0.0,0.0,,-0.1502200485371625,12.153388656588453
762,SGZ,453582.541460772,5679158.51451838,0.0,0.0,0.0,0.0,3.1028313636779785,,1.019742488861084,0.0,0.0,,-0.097973320482004,11.884557032643723
763,SGZ,453581.771256295,5679158.49555072,0.0,0.0,0.0,0.0,7.875425815582275,,1.015573501586914,0.0,0.0,,-0.0696295166196574,11.788235458976068
764,SGZ,453580.992907198,5679158.3899732,0.0,0.0,0.0,0.0,6.472558498382568,,1.0275083780288696,0.0,0.0,,-0.0722392955358305,11.475298392623396
765,SGZ,453580.180487951,5679158.19097437,0.0,0.0,0.0,0.0,10.623680114746094,,1.0515002012252808,0.0,0.0,,-0.076852411912815,10.634885717507965
766,SGZ,453579.358216482,5679158.19500459,0.0,0.0,0.0,0.0,9.185799598693848,,1.045669674873352,0.0,0.0,,-0.1334884366281752,9.93865838371031
767,SGZ,453578.638574219,5679158.40827587,0.0,0.0,0.0,0.0,4.535847187042236,,1.0366313457489014,0.0,0.0,,-0.1842446026841935,9.746609400458563
768,SGZ,453577.962193519,5679158.62402169,0.0,0.0,0.0,0.0,7.784257888793945,,1.0591031312942505,0.0,0.0,,-0.1942164950661964,9.159015597724874
769,SGZ,453577.182503136,5679158.74593797,0.0,0.0,0.0,0.0,6.932751178741455,,1.067088007926941,0.0,0.0,,-0.2160454253133281,8.858361568468204
770,SGZ,453576.282500733,5679158.72176541,0.0,0.0,0.0,0.0,5.722018241882324,,1.03010892868042,0.0,0.0,,-0.2268996669811657,9.06424429332732
771,SGZ,453575.321043503,5679158.8448293,0.0,0.0,0.0,0.0,7.271141052246094,,1.0485384464263916,0.0,0.0,,-0.2024202701725599,9.300338676362308
772,SGZ,453574.194147792,5679159.13560204,0.0,0.0,0.0,0.0,12.006482124328612,,1.0369141101837158,0.0,0.0,,-0.2167554784528705,9.358235956426377
773,SGZ,453573.387982076,5679159.3439236,0.0,0.0,0.0,0.0,13.150477409362791,,1.0694490671157837,0.0,0.0,,-0.2541140564674781,9.764975566626145
774,SGZ,453572.685898076,5679159.51512676,0.0,0.0,0.0,0.0,7.727693557739258,,1.040818452835083,0.0,0.0,,-0.2544805030956406,10.413752774620152
775,SGZ,453571.931976019,5679159.67048745,0.0,0.0,0.0,0.0,12.381056785583496,,1.0782639980316162,0.0,0.0,,-0.2257918161696474,10.746707772405298
776,SGZ,453571.178845741,5679159.69157102,0.0,0.0,0.0,0.0,4.173983573913574,,1.0933185815811155,0.0,0.0,,-0.2258996522608934,10.719934176399953
777,SGZ,453570.383082069,5679159.60364603,0.0,0.0,0.0,0.0,16.770099639892578,,1.103574514389038,0.0,0.0,,-0.2487491070944579,10.367676911378746
778,SGZ,453569.500867178,5679159.49856464,0.0,0.0,0.0,0.0,10.011801719665527,,1.0426080226898191,0.0,0.0,,-0.267386135767067,10.263877039856624
779,SGZ,453568.549380072,5679159.39862348,0.0,0.0,0.0,0.0,10.567578315734863,,1.0782136917114258,0.0,0.0,,-0.2721001448971475,10.420040933373352
780,SGZ,453567.676147384,5679159.23810655,0.0,0.0,0.0,0.0,17.167936325073242,,1.061115026473999,0.0,0.0,,-0.2205552424208279,10.264182575608864
781,SGZ,453566.915559832,5679159.05605851,0.0,0.0,0.0,0.0,8.294151306152344,,1.0193147659301758,0.0,0.0,,-0.2202317665137032,9.82700712419404
782,SGZ,453566.033397402,5679158.94209892,0.0,0.0,0.0,0.0,11.771940231323242,,1.157379388809204,0.0,0.0,,-0.2837808676831659,9.837787632593948
783,SGZ,453564.977822064,5679158.88038529,0.0,0.0,0.0,0.0,8.711847305297852,,1.0758957862854004,0.0,0.0,,-0.2931927038241562,9.929343387188322
784,SGZ,453563.783512465,5679158.86113418,0.0,0.0,0.0,0.0,9.633978843688965,,1.059173583984375,0.0,0.0,,-0.2462293137102945,10.710935168437508
785,SGZ,453563.03808814,5679159.04317853,0.0,0.0,0.0,0.0,7.425918579101562,,1.0812681913375854,0.0,0.0,,-0.2505970164889642,10.930740541993774
786,SGZ,453562.525751541,5679159.32758628,0.0,0.0,0.0,0.0,5.212710380554199,,1.052687168121338,0.0,0.0,,-0.2515770242906344,10.897984337924616
787,SGZ,453561.720475626,5679159.38498368,0.0,0.0,0.0,0.0,3.2863399982452397,,1.0368257761001587,0.0,0.0,,-0.2290989285921666,10.820814243613524
788,SGZ,453560.829357201,5679159.32201994,0.0,0.0,0.0,0.0,9.339856147766112,,1.0529040098190308,0.0,0.0,,-0.2134227464642284,10.73945763471099
789,SGZ,453560.14673624,5679159.12822367,0.0,0.0,0.0,0.0,13.32360553741455,,1.2832742929458618,0.0,0.0,,-0.2111598411135822,10.926587389430894
790,SGZ,453559.568517864,5679158.84293254,0.0,0.0,0.0,0.0,9.166157722473145,,1.0397034883499146,0.0,0.0,,-0.2120042013131981,10.801744056730774
791,SGZ,453558.903946509,5679158.52383904,0.0,0.0,0.0,0.0,7.930538177490234,,1.014616847038269,0.0,0.0,,-0.2223398068498931,10.852776402687518
792,SGZ,453558.366783923,5679158.61500075,0.0,0.0,0.0,0.0,5.235771179199219,,1.0129592418670654,0.0,0.0,,-0.2287218488594427,11.204767680045691
793,SGZ,453557.672490538,5679158.93273768,0.0,0.0,0.0,0.0,7.980461597442627,,1.023057222366333,0.0,0.0,,-0.2469386166209458,12.303726314652955
794,SGZ,453557.030735497,5679159.14757618,0.0,0.0,0.0,0.0,4.098613739013672,,1.018677830696106,0.0,0.0,,-0.2794487471863764,13.096428438285711
795,SGZ,453556.293861186,5679159.34742659,0.0,0.0,0.0,0.0,4.0863776206970215,,1.0085619688034058,0.0,0.0,,-0.264711131983224,13.19010631071266
796,SGZ,453554.990192555,5679158.79262171,0.0,0.0,0.0,0.0,8.823180198669434,,1.0681618452072144,0.0,0.0,,-0.1432331249036316,12.791764755364117
797,SGZ,453553.558657392,5679157.90524219,0.0,0.0,0.0,0.0,11.365140914916992,,1.058234930038452,0.0,0.0,,-0.0826445668307522,12.850722791745955
798,SGZ,453552.092286767,5679157.0542792,0.0,0.0,0.0,0.0,5.799911975860596,,1.185663819313049,0.0,0.0,,-0.1618790635365534,12.728946315550315
799,SGZ,453551.080359614,5679156.92956451,0.0,0.0,0.0,0.0,6.858267784118652,,1.0944592952728271,0.0,0.0,,-0.1737530710235662,13.83158730123874
800,SGZ,453550.377326024,5679157.2616762,0.0,0.0,0.0,0.0,6.228440761566162,,1.0404870510101318,0.0,0.0,,-0.1939118162425621,14.322247996797874
801,SGZ,453549.794309248,5679157.78981473,0.0,0.0,0.0,0.0,8.125907897949219,,1.2153513431549072,0.0,0.0,,-0.2068930266152261,14.551355484322414
802,SGZ,453549.297435873,5679158.38726696,0.0,0.0,0.0,0.0,15.377382278442385,,1.150314211845398,0.0,0.0,,-0.1654638937790298,14.548419476240808
803,SGZ,453548.933470156,5679158.46280333,0.0,0.0,0.0,0.0,10.149972915649414,,1.181296944618225,0.0,0.0,,-0.1541241365891958,14.263763712594622
804,SGZ,453548.605243734,5679158.3487805,0.0,0.0,0.0,0.0,10.910231590270996,,1.160563349723816,0.0,0.0,,-0.1742466124624194,13.991551731505677
805,SGZ,453548.294405767,5679158.22154305,0.0,0.0,0.0,0.0,25.461170196533203,,1.1447876691818235,0.0,0.0,,-0.1883840789717423,13.928018210867512
806,SGZ,453547.358212372,5679158.46349758,0.0,0.0,0.0,0.0,16.437328338623047,,1.1128257513046265,0.0,0.0,,-0.1987986439182135,13.06837132116324
807,SGZ,453546.005161049,5679158.94381182,0.0,0.0,0.0,0.0,3.3448610305786133,,1.0288532972335815,0.0,0.0,,-0.1915677320119832,12.952232916093797
808,SGZ,453545.034131667,5679159.22218283,0.0,0.0,0.0,0.0,17.106225967407227,,1.1010606288909912,0.0,0.0,,-0.1811348953696701,12.972555607093408
809,SGZ,453544.254185303,5679159.38737523,0.0,0.0,0.0,0.0,5.627609252929688,,1.021752119064331,0.0,0.0,,-0.1541125323239161,13.189695814933522
810,SGZ,453543.57744341,5679159.66415312,0.0,0.0,0.0,0.0,7.215706825256348,,1.0295029878616333,0.0,0.0,,-0.1038540189620085,12.864858115858809
811,SGZ,453542.943616035,5679160.00222132,0.0,0.0,0.0,0.0,6.423122406005859,,1.0336872339248655,0.0,0.0,,-0.1100089824388229,12.99360959895423
812,SGZ,453542.18049488,5679160.2496355,0.0,0.0,0.0,0.0,6.317652702331543,,1.0302282571792605,0.0,0.0,,-0.1075453242691922,13.82372907356455
813,SGZ,453541.426637586,5679160.393896,0.0,0.0,0.0,0.0,4.866189479827881,,1.0346142053604126,0.0,0.0,,-0.0981564158467086,14.975053383650014
814,SGZ,453540.725056967,5679160.47964729,0.0,0.0,0.0,0.0,2.476228713989258,,1.0239129066467283,0.0,0.0,,-0.0832790264150525,16.011475481560797
815,SGZ,453539.972044351,5679160.48075278,0.0,0.0,0.0,0.0,12.82177448272705,,1.041507363319397,0.0,0.0,,-0.0611266121925554,16.01903882822321
816,SGZ,453539.115558798,5679160.4157714,0.0,0.0,0.0,0.0,13.738171577453612,,1.0364640951156616,0.0,0.0,,-0.0340448911421998,15.929247661527278
817,SGZ,453538.223052111,5679160.58806736,0.0,0.0,0.0,0.0,20.199949264526367,,1.1066458225250244,0.0,0.0,,-0.012763953973355,15.40430182795889
818,SGZ,453537.26946964,5679160.84323528,0.0,0.0,0.0,0.0,9.447171211242676,,1.0443849563598633,0.0,0.0,,-0.0389763481821001,15.52588502778537
819,SGZ,453536.508149127,5679160.7854738,0.0,0.0,0.0,0.0,4.852044105529785,,1.0154870748519895,0.0,0.0,,-0.0257125638865884,15.27610321960249
820,SGZ,453535.859873322,5679160.63848828,0.0,0.0,0.0,0.0,1.3686763048171997,,1.0029844045639038,0.0,0.0,,-0.0044098314426352,14.266624140755376
821,SGZ,453535.29704673,5679160.67844773,0.0,0.0,0.0,0.0,6.152423858642578,,1.0085842609405518,0.0,0.0,,-0.0524791612534007,14.10799359918942
822,SGZ,453534.682080911,5679160.75361196,0.0,0.0,0.0,0.0,1.5076013803482056,,1.0064764022827148,0.0,0.0,,-0.0894655805201331,13.559743475483783
823,SGZ,453534.075743829,5679160.83326613,0.0,0.0,0.0,0.0,25.632543563842773,,1.1231523752212524,0.0,0.0,,-0.1166365652431823,12.49339304235222
824,SGZ,453532.3073032,5679159.83624712,0.0,0.0,0.0,0.0,3.0391128063201904,,1.0065762996673584,0.0,0.0,,0.0620970504343374,9.78270584815354
825,SGZ,453530.125227083,5679158.53160066,0.0,0.0,0.0,0.0,12.39551830291748,,1.0508031845092771,0.0,0.0,,0.0908332097680454,9.217537737929954
826,SGZ,453528.9838755,5679158.33842352,0.0,0.0,0.0,0.0,3.167375326156616,,1.0072429180145264,0.0,0.0,,0.0652500601490055,9.70894492046386
827,SGZ,453528.23855517,5679158.50270894,0.0,0.0,0.0,0.0,4.7249016761779785,,1.021166443824768,0.0,0.0,,0.0901839365970571,10.075537625024417
828,SGZ,453527.553472232,5679158.72616745,0.0,0.0,0.0,0.0,4.526686668395996,,1.0857168436050415,0.0,0.0,,0.0462610585938378,10.74922004940086
829,SGZ,453526.850706015,5679159.01277821,0.0,0.0,0.0,0.0,6.163392543792725,,1.034517765045166,0.0,0.0,,-0.0373765272796639,11.47441663173692
830,SGZ,453526.147736689,5679159.33379046,0.0,0.0,0.0,0.0,0.8239387273788452,,1.0321264266967771,0.0,0.0,,-0.0736819479171109,11.47809748652298
831,SGZ,453525.453363292,5679159.66484129,0.0,0.0,0.0,0.0,12.041988372802734,,1.1586101055145264,0.0,0.0,,-0.1230673594525321,12.07917189363084
832,SGZ,453524.698313547,5679160.01107064,0.0,0.0,0.0,0.0,10.313678741455078,,1.0302966833114624,0.0,0.0,,-0.141192312437502,12.16303824908976
833,SGZ,453524.177995225,5679160.18112286,0.0,0.0,0.0,0.0,15.456501007080078,,1.0683046579360962,0.0,0.0,,-0.1546135256835047,11.96932428398422
834,SGZ,453523.657879948,5679160.3167735,0.0,0.0,0.0,0.0,7.535799980163574,,1.020421862602234,0.0,0.0,,-0.163702839307642,11.904407189655384
835,SGZ,453523.060158412,5679160.40313628,0.0,0.0,0.0,0.0,4.468843936920166,,1.0091208219528198,0.0,0.0,,-0.1833777555308945,11.742817420484265
836,SGZ,453522.428059472,5679160.44823473,0.0,0.0,0.0,0.0,12.938544273376465,,1.0279405117034912,0.0,0.0,,-0.1870365744673262,11.62627576842686
837,SGZ,453521.709574885,5679160.46507902,0.0,0.0,0.0,0.0,9.474933624267578,,1.0193294286727903,0.0,0.0,,-0.2254356511070366,11.043105313479488
838,SGZ,453521.232275688,5679160.67866589,0.0,0.0,0.0,0.0,12.026859283447266,,1.044306397438049,0.0,0.0,,-0.259344658952943,10.706990741424448
839,SGZ,453520.780843023,5679160.90905193,0.0,0.0,0.0,0.0,5.103268623352051,,1.011226773262024,0.0,0.0,,-0.2329870716062522,10.281689897702044
840,SGZ,453520.86116791,5679160.49780278,0.0,0.0,0.0,0.0,10.34780502319336,,1.0303316116333008,0.0,0.0,,-0.2012757178656487,10.330950818551532
841,SGZ,453521.002372168,5679160.03697354,0.0,0.0,0.0,0.0,2.3926351070404053,,1.014573574066162,0.0,0.0,,-0.1877056490496236,10.44183455686227
842,SGZ,453520.396565619,5679160.02673871,0.0,0.0,0.0,0.0,6.859405517578125,,1.015761375427246,0.0,0.0,,-0.1747992934253948,10.303396728344136
843,SGZ,453519.651657659,5679160.12111048,0.0,0.0,0.0,0.0,1.093683838844299,,1.0541998147964478,0.0,0.0,,-0.1905828412591609,9.843978307570849
844,SGZ,453519.02757164,5679160.27501306,0.0,0.0,0.0,0.0,8.246777534484863,,1.0301826000213623,0.0,0.0,,-0.2091113747477464,9.51230637829244
845,SGZ,453518.437954682,5679160.45464371,0.0,0.0,0.0,0.0,3.103595972061157,,1.03287672996521,0.0,0.0,,-0.2409961803543368,9.469822193900637
846,SGZ,453517.839669652,5679160.63644267,0.0,0.0,0.0,0.0,10.817909240722656,,1.031684160232544,0.0,0.0,,-0.2659133019470193,9.20293554521642
847,SGZ,453516.912470601,5679160.82073884,0.0,0.0,0.0,0.0,10.287683486938477,,1.02901029586792,0.0,0.0,,-0.2696573791717313,9.428076581999628
848,SGZ,453515.968086105,5679160.98384789,0.0,0.0,0.0,0.0,7.949143409729004,,1.0264711380004885,0.0,0.0,,-0.2524286634212622,9.62867779222241
849,SGZ,453515.058727547,5679161.07835809,0.0,0.0,0.0,0.0,6.222353458404541,,1.0125536918640137,0.0,0.0,,-0.2180770442224684,10.29176037760153
850,SGZ,453514.141035067,5679161.11844044,0.0,0.0,0.0,0.0,5.830196380615234,,1.02476167678833,0.0,0.0,,-0.1584685160874686,10.030315662837255
851,SGZ,453513.329678552,5679160.73965881,0.0,0.0,0.0,0.0,15.010818481445312,,1.09024178981781,0.0,0.0,,-0.1211379041224504,10.009658067663938
852,SGZ,453512.648539359,5679160.29505996,0.0,0.0,0.0,0.0,10.943659782409668,,1.0597734451293943,0.0,0.0,,-0.1328062318873199,10.068546261177866
853,SGZ,453512.01898262,5679159.90958322,0.0,0.0,0.0,0.0,2.6696367263793945,,1.0110881328582764,0.0,0.0,,-0.0674732276550077,10.496665877882451
854,SGZ,453511.144964654,5679159.88222734,0.0,0.0,0.0,0.0,1.6102356910705566,,1.0089070796966553,0.0,0.0,,-0.066007920317329,10.332180176074456
855,SGZ,453510.244051418,5679160.01229938,0.0,0.0,0.0,0.0,15.758983612060549,,1.0694620609283447,0.0,0.0,,-0.1042699896750656,10.76403717346808
856,SGZ,453509.403362346,5679160.20376407,0.0,0.0,0.0,0.0,8.240866661071777,,1.0728424787521362,0.0,0.0,,-0.093010713265373,11.681096818577506
857,SGZ,453508.675148151,5679160.40255141,0.0,0.0,0.0,0.0,16.01327133178711,,1.105164647102356,0.0,0.0,,-0.0945433003306906,12.336425904679944
858,SGZ,453507.790660065,5679160.68253862,0.0,0.0,0.0,0.0,2.877716064453125,,1.0328549146652222,0.0,0.0,,-0.1749060801628131,12.53936840915176
859,SGZ,453506.854176733,5679160.97331636,0.0,0.0,0.0,0.0,6.785056114196777,,1.040054202079773,0.0,0.0,,-0.2303650277568082,12.189762489350992
860,SGZ,453505.865802996,5679161.25712898,0.0,0.0,0.0,0.0,1.11890709400177,,1.0026382207870483,0.0,0.0,,-0.2889235633880733,11.67614623572191
861,SGZ,453504.869088797,5679161.48762343,0.0,0.0,0.0,0.0,5.336299419403076,,1.008582592010498,0.0,0.0,,-0.2823896204962279,10.992027881982986
862,SGZ,453503.881324381,5679161.66823112,0.0,0.0,0.0,0.0,2.7042765617370605,,1.0098726749420166,0.0,0.0,,-0.2745142177381834,10.783351269534164
863,SGZ,453502.85341123,5679161.31924302,0.0,0.0,0.0,0.0,1.5312849283218384,,1.0014221668243408,0.0,0.0,,-0.2360714467042257,10.450125601883409
864,SGZ,453501.869480671,5679160.85065975,0.0,0.0,0.0,0.0,5.5353593826293945,,1.0063122510910034,0.0,0.0,,-0.1970058845194896,10.99328673023879
865,SGZ,453500.94378201,5679160.78082641,0.0,0.0,0.0,0.0,2.985643148422241,,1.005558729171753,0.0,0.0,,-0.2025942410824565,11.576823607084984
866,SGZ,453499.974271236,5679160.80173504,0.0,0.0,0.0,0.0,5.997574329376221,,1.0083656311035156,0.0,0.0,,-0.2236670232697942,11.070056071963917
867,SGZ,453499.00477356,5679160.82042411,0.0,0.0,0.0,0.0,16.962682723999023,,1.0619819164276123,0.0,0.0,,-0.2793157737175927,10.264839527750834
868,SGZ,453498.078452279,5679160.85601455,0.0,0.0,0.0,0.0,4.337415218353272,,1.010433793067932,0.0,0.0,,-0.3385271718517917,9.585009307204258
869,SGZ,453497.151967125,5679160.91934809,0.0,0.0,0.0,0.0,3.921496629714966,,1.0125524997711182,0.0,0.0,,-0.3882102348608052,9.154625396223633
870,SGZ,453496.242201942,5679161.08265924,0.0,0.0,0.0,0.0,16.071868896484375,,1.085067868232727,0.0,0.0,,-0.4090925181780728,8.743223671149057
871,SGZ,453495.349726939,5679161.24940171,0.0,0.0,0.0,0.0,8.456378936767578,,1.029815912246704,0.0,0.0,,-0.3701324220004287,8.9154714174865
872,SGZ,453494.379350861,5679161.41679372,0.0,0.0,0.0,0.0,2.484650135040283,,1.056692600250244,0.0,0.0,,-0.3636402549002547,9.668339759258028
873,SGZ,453493.461094483,5679161.55231024,0.0,0.0,0.0,0.0,11.44785213470459,,1.0881327390670776,0.0,0.0,,-0.3206412871354935,9.452424426627104
874,SGZ,453492.654664062,5679161.80501266,0.0,0.0,0.0,0.0,9.45067024230957,,1.0153099298477173,0.0,0.0,,-0.3568058427868347,9.217488794185256
875,SGZ,453491.796317039,5679162.0551888,0.0,0.0,0.0,0.0,1.578144907951355,,1.0068178176879885,0.0,0.0,,-0.3913078193820961,9.008942593187054
876,SGZ,453490.929537892,5679162.26758298,0.0,0.0,0.0,0.0,3.9324004650115967,,1.008690357208252,0.0,0.0,,-0.4411985260662688,8.778057527064998
877,SGZ,453490.03841303,5679162.20572094,0.0,0.0,0.0,0.0,1.1460775136947632,,1.0090428590774536,0.0,0.0,,-0.5083037071002399,7.664293833835328
878,SGZ,453489.078586181,5679162.05245212,0.0,0.0,0.0,0.0,2.35784125328064,,1.007030010223389,0.0,0.0,,-0.4562678214569182,7.245119596209476
879,SGZ,453488.360907661,5679161.93279686,0.0,0.0,0.0,0.0,8.52248477935791,,1.025852918624878,0.0,0.0,,-0.4207630087020393,7.491597723183749
880,SGZ,453487.582670787,5679161.80834473,0.0,0.0,0.0,0.0,1.3732744455337524,,1.002003192901611,0.0,0.0,,-0.3191242650180502,7.418202416113916
881,SGZ,453486.89958586,5679161.69333277,0.0,0.0,0.0,0.0,2.275761127471924,,1.0043236017227173,0.0,0.0,,-0.263748039886086,7.626156266960409
882,SGZ,453486.26838472,5679161.58639562,0.0,0.0,0.0,0.0,0.917883038520813,,1.0012263059616089,0.0,0.0,,-0.1706904387498102,7.460137288980821
883,SGZ,453485.421282055,5679161.39827975,0.0,0.0,0.0,0.0,4.374978542327881,,1.0060123205184937,0.0,0.0,,-0.1315228200954954,8.645258414140718
884,SGZ,453484.600898211,5679161.0826985,0.0,0.0,0.0,0.0,5.724086284637451,,1.0093953609466553,0.0,0.0,,-0.0477352427696312,9.583241927917816
885,SGZ,453483.850062105,5679160.71536903,0.0,0.0,0.0,0.0,1.465462327003479,,1.0043573379516602,0.0,0.0,,-0.0279074822321504,11.184733452439849
886,SGZ,453483.254897005,5679160.36893498,0.0,0.0,0.0,0.0,2.898040294647217,,1.0075700283050537,0.0,0.0,,-0.0122998835187627,11.911301412159355
887,SGZ,453482.63416707,5679159.9546541,0.0,0.0,0.0,0.0,5.474015235900879,,1.00879168510437,0.0,0.0,,-0.0155904748235627,12.86180893802497
888,SGZ,453482.162236521,5679159.25937162,0.0,0.0,0.0,0.0,3.472506284713745,,1.0050508975982666,0.0,0.0,,-0.0640089267739128,13.833752497207296
889,SGZ,453481.741907875,5679158.6198823,0.0,0.0,0.0,0.0,25.082517623901367,,1.2029321193695068,0.0,0.0,,-0.1456297393282021,14.470672559479588
890,SGZ,453481.208455327,5679158.08293288,0.0,0.0,0.0,0.0,5.707747459411621,,1.0129395723342896,0.0,0.0,,-0.2346845760101683,15.223098033818609
891,SGZ,453480.6751471,5679157.5215694,0.0,0.0,0.0,0.0,2.3631553649902344,,1.004997968673706,0.0,0.0,,-0.2116353266577921,16.41499691591401
892,SGZ,453480.09009291,5679156.9288267,0.0,0.0,0.0,0.0,16.052242279052734,,1.058904051780701,0.0,0.0,,-0.1219271554820573,18.025072113570488
893,SGZ,453479.531233112,5679156.29739689,0.0,0.0,0.0,0.0,3.3297982215881348,,1.0124081373214722,0.0,0.0,,-0.0870243709234769,16.41752365344206
894,SGZ,453479.015595625,5679155.67510055,0.0,0.0,0.0,0.0,5.285910606384277,,1.0072311162948608,0.0,0.0,,-0.0936893520589535,16.71207864138208
895,SGZ,453478.542655889,5679155.15071591,0.0,0.0,0.0,0.0,26.10569953918457,,1.213763952255249,0.0,0.0,,-0.1123531579268774,18.08686338223885
896,SGZ,453478.113364643,5679154.56333246,0.0,0.0,0.0,0.0,8.100275993347168,,1.0570688247680664,0.0,0.0,,-0.141316037450231,18.88158478875408
897,SGZ,453477.806147421,5679153.82352251,0.0,0.0,0.0,0.0,11.060025215148926,,1.0320427417755127,0.0,0.0,,-0.1372624646347283,19.3147654327918
898,SGZ,453477.533786046,5679153.04396691,0.0,0.0,0.0,0.0,7.083429336547852,,1.0242058038711548,0.0,0.0,,-0.1404736554956164,19.69367374737489
899,SGZ,453477.130735189,5679152.41012825,0.0,0.0,0.0,0.0,11.58811855316162,,1.0373966693878174,0.0,0.0,,-0.0519170288034332,19.73956778864708
900,SGZ,453476.75366887,5679151.77311381,0.0,0.0,0.0,0.0,24.034156799316406,,1.1135932207107544,0.0,0.0,,-0.0189991803388643,18.89524927168818
901,SGZ,453476.419942841,5679151.12525778,0.0,0.0,0.0,0.0,7.967550754547119,,1.0286802053451538,0.0,0.0,,-0.044981709843591,18.366650808545224
902,SGZ,453476.216309678,5679150.43267002,0.0,0.0,0.0,0.0,7.893805027008057,,1.053527593612671,0.0,0.0,,-0.1172697726336227,18.845654085348396
903,NVB,453475.99541259,5679149.73221188,0.0,0.0,0.0,0.0,34.366180419921875,,1.261399507522583,0.0,0.0,,-0.1727012624675868,19.321479331494945
904,NVB,453475.765736027,5679149.05278741,0.0,0.0,0.0,0.0,4.832913398742676,,1.007878661155701,0.0,0.0,,-0.1143992302445565,19.32752199365216
905,NVB,453475.553152966,5679148.41008623,0.0,0.0,0.0,0.0,21.39857292175293,,1.0926486253738403,0.0,0.0,,-0.0844991038068774,18.463767400911717
906,SGZ,453475.332046165,5679147.74513935,0.0,0.0,0.0,0.0,7.490135192871094,,1.0164014101028442,0.0,0.0,,-0.1088570043831674,16.714974871767748
907,SGZ,453475.093616429,5679147.08230964,0.0,0.0,0.0,0.0,2.665231227874756,,1.004643440246582,0.0,0.0,,-0.2824297473173097,15.980412835874404
908,SGZ,453474.855186737,5679146.41947991,0.0,0.0,0.0,0.0,2.5277292728424072,,1.004142165184021,0.0,0.0,,-0.3615464927573303,15.120731247577686
909,SGZ,453474.625857924,5679145.68123983,0.0,0.0,0.0,0.0,2.469719886779785,,1.003618240356445,0.0,0.0,,-0.3572546330424984,15.79297978768308
910,SGZ,453474.370531591,5679144.94839496,0.0,0.0,0.0,0.0,9.007049560546875,,1.0150848627090454,0.0,0.0,,-0.2557276279874564,15.233820852426472
911,SGZ,453474.063531511,5679144.17196383,0.0,0.0,0.0,0.0,3.9226155281066895,,1.0241423845291138,0.0,0.0,,-0.2026830859537335,16.37480912983259
912,SGZ,453473.773428207,5679143.46554782,0.0,0.0,0.0,0.0,3.518305540084839,,1.0070534944534302,0.0,0.0,,-0.1937141311271935,17.902285683028456
913,SGZ,453473.448344595,5679142.81996225,0.0,0.0,0.0,0.0,8.051153182983398,,1.010655641555786,0.0,0.0,,-0.2131455598765706,17.018582892604773
914,SGZ,453473.106043001,5679142.15873819,0.0,0.0,0.0,0.0,4.423868179321289,,1.004849553108215,0.0,0.0,,-0.1627963284012953,16.65074544254304
915,SGZ,453472.746870998,5679141.42306006,0.0,0.0,0.0,0.0,4.881118297576904,,1.0067150592803955,0.0,0.0,,-0.0934030248189124,14.310322375465445
916,SGZ,453472.387548233,5679140.71290566,0.0,0.0,0.0,0.0,0.7434396743774414,,1.0013035535812378,0.0,0.0,,-0.1357229279146657,13.04523425083906
917,SGZ,453472.054288657,5679139.98625875,0.0,0.0,0.0,0.0,0.8714638948440552,,1.001875400543213,0.0,0.0,,-0.2259180005245062,11.077400396112532
918,SGZ,453471.603952458,5679138.56642567,0.0,0.0,0.0,0.0,3.668247699737549,,1.0058671236038208,0.0,0.0,,-0.40022803819703,5.995266587637554
919,SGZ,453471.12133629,5679138.21510694,0.0,0.0,0.0,0.0,4.6841020584106445,,1.0089682340621948,0.0,0.0,,-0.4394338650762218,4.82388307007094
920,SGZ,453470.639172674,5679137.78721697,0.0,0.0,0.0,0.0,1.6738710403442385,,1.0009971857070925,0.0,0.0,,-0.5285700689392426,4.510635457355644
921,SGZ,453470.392416644,5679137.06884956,0.0,0.0,0.0,0.0,0.5154746770858765,,1.0007107257843018,0.0,0.0,,-0.6455400186651354,4.252214451685667
922,SGZ,453470.14615252,5679136.26725255,0.0,0.0,0.0,0.0,1.988651156425476,,1.0040652751922607,0.0,0.0,,-0.7295997966284011,3.7706015637469625
923,SGZ,453469.9340228,5679135.54797999,0.0,0.0,0.0,0.0,2.9069395065307617,,1.0021387338638306,0.0,0.0,,-0.7114369389960472,3.963931134829037
924,SGZ,453469.73915704,5679134.83657781,0.0,0.0,0.0,0.0,5.478830814361572,,1.011616587638855,0.0,0.0,,-0.737473794391205,4.344999895361234
925,SGZ,453469.656719924,5679134.14026702,0.0,0.0,0.0,0.0,4.78706169128418,,1.0206801891326904,0.0,0.0,,-0.7709720886275042,4.781680964333058
926,SGZ,453469.859285011,5679133.54884881,0.0,0.0,0.0,0.0,5.94356632232666,,1.0068769454956057,0.0,0.0,,-0.7804683019860077,5.23801675747237
927,SGZ,453470.036016494,5679132.9350826,0.0,0.0,0.0,0.0,4.235036849975586,,1.0052651166915894,0.0,0.0,,-0.7807791243223363,6.052792238998661
928,SGZ,453470.161395606,5679132.22335345,0.0,0.0,0.0,0.0,5.727127552032471,,1.0218489170074463,0.0,0.0,,-0.7486494148206662,6.561839156264196
929,SGZ,453470.243677218,5679131.48140591,0.0,0.0,0.0,0.0,4.365420818328857,,1.0038423538208008,0.0,0.0,,-0.6552796992882116,6.333650232678987
930,SGZ,453470.326319516,5679130.67842334,0.0,0.0,0.0,0.0,5.451963424682617,,1.006293773651123,0.0,0.0,,-0.5730697977818922,6.491366124285952
931,SGZ,453470.33147423,5679129.80617732,0.0,0.0,0.0,0.0,2.0435352325439453,,1.002241134643555,0.0,0.0,,-0.5447188460406255,6.229114275924068
932,SGZ,453469.98856357,5679129.24815778,0.0,0.0,0.0,0.0,1.8592928647994995,,1.0029135942459106,0.0,0.0,,-0.5043199538256198,5.454760569820236
933,SGZ,453469.236058822,5679129.16380744,0.0,0.0,0.0,0.0,1.432162880897522,,1.0042630434036257,0.0,0.0,,-0.5302312639501777,4.251268766738474
934,SGZ,453468.519019754,5679128.93650675,0.0,0.0,0.0,0.0,1.6601680517196655,,1.0027767419815063,0.0,0.0,,-0.5808359159171124,3.74735057039634
935,SGZ,453468.082623613,5679128.0871758,0.0,0.0,0.0,0.0,1.9490457773208616,,1.0038594007492063,0.0,0.0,,-0.6064579674562646,3.7921420765237
936,SGZ,453467.663399649,5679127.26125141,0.0,0.0,0.0,0.0,3.218628406524658,,1.0019227266311646,0.0,0.0,,-0.6187848849075157,3.93371326199821
937,SGZ,453467.217496171,5679126.55613387,0.0,0.0,0.0,0.0,6.874919414520264,,1.0091973543167114,0.0,0.0,,-0.6575424657392827,4.762149066084958
938,NVB,453466.798003477,5679125.77570828,0.0,0.0,0.0,0.0,3.4215874671936035,,1.005713939666748,0.0,0.0,,-0.6452475368870559,7.386127189333187
939,NVB,453466.421549268,5679125.03548861,0.0,0.0,0.0,0.0,4.682371616363525,,1.0187162160873413,0.0,0.0,,-0.5375289949607032,10.56688997436578
940,NVB,453466.07937368,5679124.35317939,0.0,0.0,0.0,0.0,6.140858173370361,,1.0496879816055298,0.0,0.0,,-0.3795534555904399,15.521116157486944
941,NVB,453465.720078558,5679123.63858573,0.0,0.0,0.0,0.0,6.554978370666504,,1.0841182470321655,0.0,0.0,,-0.3127590143755832,21.18893432772415
942,NVB,453465.222888832,5679122.82440783,0.0,0.0,0.0,0.0,44.46811294555664,,1.887764811515808,0.0,0.0,,-0.2327321200486453,25.696671334714512
943,NVB,453464.820594839,5679122.0629498,0.0,0.0,0.0,0.0,21.60541343688965,,1.527800440788269,0.0,0.0,,-0.2047033909943958,30.140885049299023
944,NVB,453464.504810556,5679121.30866166,0.0,0.0,0.0,0.0,12.239837646484377,,1.1607555150985718,0.0,0.0,,-0.2152025039725707,30.9353916617499
945,NVB,453464.180771537,5679120.48662895,0.0,0.0,0.0,0.0,21.44256591796875,,1.213519811630249,0.0,0.0,,-0.2466584654376487,29.89247304059768
946,NVB,453463.882671046,5679119.6691886,0.0,0.0,0.0,0.0,19.61431121826172,,1.1252351999282837,0.0,0.0,,-0.2874198653635214,25.69501603331127
947,NVB,453463.618908155,5679118.89967116,0.0,0.0,0.0,0.0,7.237907886505127,,1.018499493598938,0.0,0.0,,-0.367406156918015,18.981701373955257
948,NVB,453463.286594872,5679118.01322305,0.0,0.0,0.0,0.0,1.9480561017990112,,1.0091423988342283,0.0,0.0,,-0.2650059344896856,14.28347995288859
949,NVB,453462.953724132,5679117.22110177,0.0,0.0,0.0,0.0,1.0750781297683716,,1.0080697536468506,0.0,0.0,,-0.2769616388260604,14.760601604434717
950,NVB,453462.680906412,5679116.51922654,0.0,0.0,0.0,0.0,1.308072209358215,,1.014905333518982,0.0,0.0,,-0.2650561595357988,15.971481797701957
951,NVB,453462.340122109,5679115.60165484,0.0,0.0,0.0,0.0,7.1548848152160645,,1.0244640111923218,0.0,0.0,,-0.2280990632685183,16.061627811635926
952,NVB,453461.98152959,5679114.76832012,0.0,0.0,0.0,0.0,17.355199813842773,,1.1460516452789309,0.0,0.0,,-0.1436452726826955,17.77383348920285
953,NVB,453461.579295368,5679113.99687436,0.0,0.0,0.0,0.0,3.838411569595337,,1.0210556983947754,0.0,0.0,,-0.1650859338944218,21.36845115166486
954,NVB,453461.202730721,5679113.2755198,0.0,0.0,0.0,0.0,2.716635227203369,,1.040428638458252,0.0,0.0,,-0.260418562480375,19.25433291624751
955,NVB,453460.8097419,5679112.40424965,0.0,0.0,0.0,0.0,17.505931854248047,,1.1173158884048462,0.0,0.0,,-0.3560209163294242,15.623425890493754
956,NVB,453460.520408481,5679111.56799494,0.0,0.0,0.0,0.0,5.818929672241211,,1.0138062238693235,0.0,0.0,,-0.3309900801039501,10.962566445584724
957,NVB,453460.26501903,5679110.84624683,0.0,0.0,0.0,0.0,1.719939351081848,,1.0065659284591677,0.0,0.0,,-0.3486048255812988,9.963338248245636
958,NVB,453459.932804877,5679109.94315263,0.0,0.0,0.0,0.0,3.651943206787109,,1.0048041343688965,0.0,0.0,,-0.3936583697861708,9.029277051638022
959,NVB,453459.582749692,5679109.12984406,0.0,0.0,0.0,0.0,0.7928066849708557,,1.0038886070251465,0.0,0.0,,-0.4342292841018371,6.82027035196125
960,NVB,453459.232399393,5679108.36647322,0.0,0.0,0.0,0.0,5.448156833648682,,1.0120905637741089,0.0,0.0,,-0.4283496315145267,6.564893525224045
961,NVB,453458.933840709,5679107.62671361,0.0,0.0,0.0,0.0,9.855527877807615,,1.0203850269317627,0.0,0.0,,-0.4104190237773004,6.831259966841124
962,NVB,453458.644225598,5679106.83817712,0.0,0.0,0.0,0.0,6.958386421203613,,1.0110784769058228,0.0,0.0,,-0.4257391269518348,6.838511287949708
963,SGZ,453458.31192653,5679105.94950932,0.0,0.0,0.0,0.0,2.5146446228027344,,1.0085376501083374,0.0,0.0,,-0.4154359424926238,6.65508587202891
964,SGZ,453458.012980991,5679105.27522361,0.0,0.0,0.0,0.0,3.71802020072937,,1.0068373680114746,0.0,0.0,,-0.39952269027091,6.32560275224743
965,SGZ,453457.59383806,5679104.4359819,0.0,0.0,0.0,0.0,0.890383243560791,,1.005861520767212,0.0,0.0,,-0.415154784170412,6.070535872331461
966,SGZ,453457.226512975,5679103.61591251,0.0,0.0,0.0,0.0,4.749667644500732,,1.0039997100830078,0.0,0.0,,-0.4465964835598732,5.607536276946545
967,SGZ,453456.885080441,5679102.80820361,0.0,0.0,0.0,0.0,0.5720533132553101,,1.002016544342041,0.0,0.0,,-0.4626837375623338,5.410276625261867
968,SGZ,453456.560715006,5679102.04165694,0.0,0.0,0.0,0.0,2.390277147293091,,1.003190994262695,0.0,0.0,,-0.4796178007547924,5.417511936318402
969,SGZ,453456.245155402,5679101.24963768,0.0,0.0,0.0,0.0,0.807914674282074,,1.0030303001403809,0.0,0.0,,-0.4890778881876584,5.408441642806848
970,SGZ,453455.946938412,5679100.4521721,0.0,0.0,0.0,0.0,1.9907314777374268,,1.0015910863876345,0.0,0.0,,-0.5207127919451492,5.4523484252945
971,SGZ,453455.622645336,5679099.67341838,0.0,0.0,0.0,0.0,9.958484649658203,,1.029861330986023,0.0,0.0,,-0.5062403967210753,5.514250762642489
972,SGZ,453455.298326086,5679098.89910356,0.0,0.0,0.0,0.0,0.654116690158844,,1.0016732215881348,0.0,0.0,,-0.4975266732100696,5.334167432174268
973,SGZ,453454.896493542,5679098.05996402,0.0,0.0,0.0,0.0,1.8692278861999512,,1.0083248615264893,0.0,0.0,,-0.4814159754693514,5.509122724138412
974,SGZ,453454.442790893,5679097.21052992,0.0,0.0,0.0,0.0,1.5756943225860596,,1.0008851289749146,0.0,0.0,,-0.4630508374706722,5.50027057603698
975,SGZ,453454.188091343,5679096.37226016,0.0,0.0,0.0,0.0,1.2700287103652954,,1.0015212297439575,0.0,0.0,,-0.4932014927039584,5.166459945462198
976,SGZ,453454.071233408,5679095.64245265,0.0,0.0,0.0,0.0,1.467660903930664,,1.0044846534729004,0.0,0.0,,-0.498136988730491,5.1303568447050845
977,SGZ,453453.954382055,5679094.91153541,0.0,0.0,0.0,0.0,5.637351036071777,,1.0055246353149414,0.0,0.0,,-0.510029827660505,5.3236230565222575
978,SGZ,453453.742432138,5679094.16229969,0.0,0.0,0.0,0.0,6.396366119384766,,1.0101041793823242,0.0,0.0,,-0.4938581307515293,5.485374073539056
979,SGZ,453453.461262997,5679093.40932545,0.0,0.0,0.0,0.0,6.610179901123047,,1.0118813514709473,0.0,0.0,,-0.476866335143672,5.632687753394817
980,NVB,453453.084824762,5679092.66688563,0.0,0.0,0.0,0.0,1.1900962591171265,,1.0178272724151611,0.0,0.0,,-0.3711632302226456,6.528458349037219
981,NVB,453452.656168729,5679091.97296681,0.0,0.0,0.0,0.0,7.987001419067383,,1.0152959823608398,0.0,0.0,,-0.344804790952767,7.671568883792508
982,NVB,453452.279382922,5679091.28934253,0.0,0.0,0.0,0.0,3.3395931720733643,,1.0044091939926147,0.0,0.0,,-0.3700994300449252,8.755322275358443
983,NVB,453451.911357017,5679090.58801375,0.0,0.0,0.0,0.0,3.947504758834839,,1.0124765634536743,0.0,0.0,,-0.333196308944727,8.875909272435644
984,NVB,453451.509184107,5679089.80657987,0.0,0.0,0.0,0.0,22.079288482666016,,1.1399201154708862,0.0,0.0,,-0.3023233171784677,9.19177730098511
985,NVB,453451.158513996,5679089.0975853,0.0,0.0,0.0,0.0,9.662693977355955,,1.0565959215164185,0.0,0.0,,-0.2365134522700132,10.0153476112106
986,NVB,453450.816505374,5679088.38753215,0.0,0.0,0.0,0.0,7.6457319259643555,,1.0126136541366575,0.0,0.0,,-0.1954647876230626,10.977097502751676
987,NVB,453450.509339338,5679087.63995292,0.0,0.0,0.0,0.0,18.84199523925781,,1.094127178192139,0.0,0.0,,-0.2249190645420248,11.385588192624256
988,NVB,453450.236714075,5679086.90589509,0.0,0.0,0.0,0.0,21.968042373657227,,1.2261571884155271,0.0,0.0,,-0.253855027426954,10.661849228703792
989,NVB,453449.972546885,5679086.20518025,0.0,0.0,0.0,0.0,2.7062087059021,,1.0033936500549316,0.0,0.0,,-0.2203382642798134,9.18664292507279
990,NVB,453449.717087097,5679085.49563876,0.0,0.0,0.0,0.0,0.6702315807342529,,1.001115798950195,0.0,0.0,,-0.2537258430342515,8.64279875482982
991,NVB,453449.409435754,5679084.83017934,0.0,0.0,0.0,0.0,2.4781622886657715,,1.0018783807754517,0.0,0.0,,-0.2705553317802937,7.410639311680329
992,NVB,453449.075885501,5679084.15346912,0.0,0.0,0.0,0.0,3.3600547313690186,,1.0029598474502563,0.0,0.0,,-0.3135467587901445,5.888184121445023
993,NVB,453448.742473095,5679083.45345459,0.0,0.0,0.0,0.0,2.1135566234588623,,1.0017098188400269,0.0,0.0,,-0.2967669148326995,5.140773435577263
994,NVB,453448.469841585,5679082.72050642,0.0,0.0,0.0,0.0,2.733110189437866,,1.00158429145813,0.0,0.0,,-0.336953822865859,4.450789696575204
995,NVB,453448.205864985,5679081.98760941,0.0,0.0,0.0,0.0,2.1527116298675537,,1.0032081604003906,0.0,0.0,,-0.3361038430585615,3.86025951517374
996,NVB,453447.89926374,5679081.14459347,0.0,0.0,0.0,0.0,2.906677007675171,,1.002861261367798,0.0,0.0,,-0.3545137591930852,3.580749335138337
997,NVB,453447.626855485,5679080.37391452,0.0,0.0,0.0,0.0,1.9742258787155151,,1.0033020973205566,0.0,0.0,,-0.3299215946328307,3.4078843152645497
998,NVB,453447.371284557,5679079.68323831,0.0,0.0,0.0,0.0,2.6669576168060303,,1.004193663597107,0.0,0.0,,-0.3520224248803077,3.498141768321388
999,NVB,453447.10707195,5679078.99029147,0.0,0.0,0.0,0.0,1.689763069152832,,1.0014756917953491,0.0,0.0,,-0.34160110758382,4.158874688164057
1000,NVB,453446.85162579,5679078.27853041,0.0,0.0,0.0,0.0,3.213083505630493,,1.0026222467422483,0.0,0.0,,-0.2477407165202677,8.11126949191548
1001,NVB,453446.60484765,5679077.56460106,0.0,0.0,0.0,0.0,4.751969337463379,,1.0044509172439575,0.0,0.0,,-0.2073470170071789,12.735692754848658
1002,NVB,453446.357984253,5679076.86509817,0.0,0.0,0.0,0.0,1.9282159805297847,,1.0016400814056396,0.0,0.0,,-0.1046356746084162,19.029160646456027
1003,NVB,453446.03311571,5679076.18400007,0.0,0.0,0.0,0.0,2.418546199798584,,1.010767102241516,0.0,0.0,,-0.1031390167387363,23.412619992108823
1004,ALG,453445.682315486,5679075.49719978,0.0,0.0,0.0,0.0,25.01398086547852,,1.2635473012924194,0.0,0.0,,-0.13786730036257,27.05450301997409
1005,ALG,453445.384094029,5679074.70084348,0.0,0.0,0.0,0.0,25.58556365966797,,1.233967900276184,0.0,0.0,,-0.1239237016289013,28.723527192250657
1006,ALG,453445.137539244,5679073.94918333,0.0,0.0,0.0,0.0,12.016590118408203,,1.064687728881836,0.0,0.0,,-0.1040234579430076,26.144748991614456
1007,ALG,453444.907874236,5679073.26864811,0.0,0.0,0.0,0.0,0.7142807245254517,,1.00149667263031,0.0,0.0,,-0.1894873518534849,21.976562197490125
1008,ALG,453444.600381285,5679072.57655501,0.0,0.0,0.0,0.0,3.829576969146729,,1.0086532831192017,0.0,0.0,,-0.179662469496276,17.45102999588001
1009,ALG,453444.258144328,5679071.90534202,0.0,0.0,0.0,0.0,1.623744249343872,,1.0035642385482788,0.0,0.0,,-0.156294598545473,16.47041125027119
1010,ALG,453443.846845856,5679071.20375695,0.0,0.0,0.0,0.0,3.576391696929932,,1.0084960460662842,0.0,0.0,,-0.1606288360274397,14.144027193394615
1011,ALG,453443.392778522,5679070.41646691,0.0,0.0,0.0,0.0,3.639989137649536,,1.0054991245269775,0.0,0.0,,-0.1531073003517786,14.655763975391547
1012,ALG,453443.059314728,5679069.72532994,0.0,0.0,0.0,0.0,6.380690574645996,,1.0100809335708618,0.0,0.0,,-0.062790464614512,16.539165014252255
1013,ALG,453442.70872505,5679069.00301822,0.0,0.0,0.0,0.0,3.728005409240722,,1.0044071674346924,0.0,0.0,,-0.049100239569532,21.35755427032003
1014,ALG,453442.323443894,5679068.29270877,0.0,0.0,0.0,0.0,1.9177322387695312,,1.0078094005584717,0.0,0.0,,0.031581195847042,29.6284376472179
1015,ALG,453441.972552484,5679067.6214445,0.0,-1.0,0.0,1362.0,67.67057800292969,,3.025533437728882,1362.0,0.0,,-0.0121881721637366,35.00799117095891
1016,ALG,453441.656378931,5679066.933739,2.0,0.0,562.0,0.0,55.5401496887207,,1.8575409650802608,562.0,0.0,,-0.0462198263767267,37.67651361497333
1017,ALG,453441.470343,5679066.19353427,2.0,0.0,562.0,0.0,16.457563400268555,,1.053197145462036,562.0,0.0,,-0.064282532071345,40.30662793545272
1018,ALG,453441.310324121,5679065.44460524,2.0,0.0,562.0,0.0,9.51337432861328,,1.0258105993270874,562.0,0.0,,-0.1349731922697251,41.45958873395593
1019,ALG,453441.064091587,5679064.63856829,2.0,0.0,562.0,0.0,27.619503021240234,,1.1390429735183716,562.0,0.0,,-0.2343432355108081,40.90364814754443
1020,ALG,453440.817485047,5679063.89578581,2.0,1.0,562.0,1363.0,25.42815971374512,,1.1804426908493042,1474.3178083439134,766006.0,,-0.1978529259281544,40.244652528210025
1021,ALG,453440.536206713,5679063.16167642,1.0,0.0,562.0,0.0,56.920631408691406,,2.1234097480773926,562.0,0.0,,-0.2241069781561594,39.46965042079465
1022,ALG,453440.263327328,5679062.47089759,0.0,0.0,0.0,0.0,3.5415074825286865,,1.0597364902496338,0.0,0.0,,-0.2583973371246221,37.37994709573215
1023,NVB,453439.97309895,5679061.78667476,1.0,0.0,562.0,0.0,27.003538131713867,,1.1599537134170532,562.0,0.0,,-0.2520032138683936,33.69587669777885
1024,NVB,453439.691676396,5679061.07697935,1.0,0.0,562.0,0.0,3.0507614612579346,,1.0331579446792605,562.0,0.0,,-0.2133203102382968,29.18418244971373
1025,NVB,453439.418836539,5679060.37954212,0.0,0.0,0.0,0.0,55.62400436401367,,2.1069915294647217,0.0,0.0,,-0.1865294641917885,24.053545049249028
1026,NVB,453439.137473152,5679059.65985914,0.0,0.0,0.0,0.0,2.6981406211853027,,1.0094356536865234,0.0,0.0,,-0.1849374520187058,21.12108249984022
1027,NVB,453438.830381586,5679058.90007239,0.0,0.0,0.0,0.0,0.8806067109107971,,1.0085439682006836,0.0,0.0,,-0.2787713751428632,16.351362858324464
1028,NVB,453438.480094687,5679058.12671297,0.0,0.0,0.0,0.0,4.6663818359375,,1.0177336931228638,0.0,0.0,,-0.3048850752041485,9.072399505124636
1029,NVB,453438.138154231,5679057.40556194,0.0,0.0,0.0,0.0,1.5888031721115112,,1.0161315202713013,0.0,0.0,,-0.3300544102860521,6.474547613945915
1030,ALG,453437.779022317,5679056.66433342,0.0,0.0,0.0,0.0,1.8968303203582764,,1.0118612051010132,0.0,0.0,,-0.3564140470480508,4.288409043060163
1031,ALG,453437.471025317,5679056.05768906,0.0,0.0,0.0,0.0,4.779430866241455,,1.0103422403335571,0.0,0.0,,-0.3488710989347587,4.217182691574751
1032,ALG,453437.180213322,5679055.47223189,0.0,0.0,0.0,0.0,3.873962163925171,,1.0304230451583862,0.0,0.0,,-0.3374257079541202,4.357495901680247
1033,ALG,453436.89747865,5679054.98448196,0.0,0.0,0.0,0.0,3.4666907787323,,1.0113385915756226,0.0,0.0,,-0.3389775299053716,4.454417684881291
1034,ALG,453436.649192677,5679054.52578968,0.0,0.0,0.0,0.0,2.7840490341186523,,1.0181944370269775,0.0,0.0,,-0.3228734261896636,4.529206438967343
1035,ALG,453436.497698076,5679053.79910628,0.0,0.0,0.0,0.0,1.154038667678833,,1.0042917728424072,0.0,0.0,,-0.3133041957457411,4.436395301626
1036,ALG,453436.337679942,5679053.05017713,0.0,0.0,0.0,0.0,2.536727905273437,,1.0023586750030518,0.0,0.0,,-0.3202458933721466,4.3255300284223415
1037,ALG,453436.01379776,5679052.20261939,0.0,0.0,0.0,0.0,2.655236959457397,,1.0179991722106934,0.0,0.0,,-0.3315397503084829,4.242881141046441
1038,ALG,453435.664095573,5679051.33049405,0.0,0.0,0.0,0.0,2.1165778636932373,,1.0131065845489502,0.0,0.0,,-0.3235149070300809,4.21209535596383
1039,ALG,453435.297037879,5679050.46603442,0.0,0.0,0.0,0.0,2.404857397079468,,1.0127705335617063,0.0,0.0,,-0.3280197702859101,4.293774027389257
1040,ALG,453434.894625895,5679049.72565954,0.0,0.0,0.0,0.0,4.492325782775879,,1.0060924291610718,0.0,0.0,,-0.3551956522304663,4.241565713301254
1041,ALG,453434.500586581,5679049.03305413,0.0,0.0,0.0,0.0,1.6546508073806765,,1.003895282745361,0.0,0.0,,-0.3735141002229197,4.274603823845204
1042,ALG,453434.184493218,5679048.33203158,0.0,0.0,0.0,0.0,2.5551083087921143,,1.0050917863845823,0.0,0.0,,-0.3774043005817634,4.279388884789015
1043,ALG,453433.84299335,5679047.53652857,0.0,0.0,0.0,0.0,4.83988618850708,,1.055281639099121,0.0,0.0,,-0.3766538400760292,4.321383069298092
1044,ALG,453433.691210363,5679046.85867313,0.0,0.0,0.0,0.0,1.5592528581619265,,1.002877712249756,0.0,0.0,,-0.36939558575122,4.243992860117517
1045,ALG,453433.652176304,5679046.14153295,0.0,0.0,0.0,0.0,0.4574618935585022,,1.002832293510437,0.0,0.0,,-0.3730777328080189,4.128582966418615
1046,ALG,453433.786133549,5679045.44317219,0.0,0.0,0.0,0.0,3.2020528316497803,,1.0078045129776,0.0,0.0,,-0.365497237980131,4.003677131251292
1047,ALG,453433.997308069,5679044.8595741,0.0,0.0,0.0,0.0,0.945283591747284,,1.0032345056533811,0.0,0.0,,-0.3653839629046679,3.7654003555119018
1048,ALG,453434.329735285,5679044.26226619,0.0,0.0,0.0,0.0,2.553360939025879,,1.0103929042816162,0.0,0.0,,-0.3706858997917786,3.6611096227783175
1049,ALG,453434.687628076,5679043.74945114,0.0,0.0,0.0,0.0,3.1922872066497803,,1.0038065910339355,0.0,0.0,,-0.388766307796801,3.587790403018033
1050,ALG,453435.105559759,5679043.32910182,0.0,0.0,0.0,0.0,3.3236515522003174,,1.003431797027588,0.0,0.0,,-0.3958278469959403,3.5179421962457127
1051,NVB,453435.583812559,5679042.95349989,0.0,0.0,0.0,0.0,1.022361159324646,,1.0100719928741455,0.0,0.0,,-0.3901938728446431,3.713376511521593
1052,NVB,453436.061559947,5679042.66334699,0.0,0.0,0.0,0.0,1.151810884475708,,1.0063886642456057,0.0,0.0,,-0.3674560474171565,4.064832879443807
1053,NVB,453436.556006556,5679042.47650113,0.0,0.0,0.0,0.0,5.025881290435791,,1.0056205987930298,0.0,0.0,,-0.3724199257511003,4.336829224267597
1054,NVB,453437.162821313,5679042.31473466,0.0,0.0,0.0,0.0,5.847606658935547,,1.018823504447937,0.0,0.0,,-0.3440231385705522,4.581592211678089
1055,NVB,453437.725902578,5679042.23039317,0.0,0.0,0.0,0.0,1.4223405122756958,,1.0072579383850098,0.0,0.0,,-0.3411623624792835,4.8158594540437765
1056,NVB,453438.497053713,5679042.08735475,0.0,0.0,0.0,0.0,6.723606586456299,,1.0290549993515017,0.0,0.0,,-0.3136885673816779,5.05075558137816
1057,NVB,453439.259379375,5679041.973118,0.0,0.0,0.0,0.0,0.8195196390151978,,1.00854754447937,0.0,0.0,,-0.2822993252168738,5.33523784565531
1058,NVB,453440.082104942,5679041.89031183,0.0,0.0,0.0,0.0,7.09711503982544,,1.013517141342163,0.0,0.0,,-0.2517577286115575,5.611182251811625
1059,NVB,453440.861530184,5679041.81168859,0.0,0.0,0.0,0.0,3.041067361831665,,1.0026493072509766,0.0,0.0,,-0.25124172652164,5.758348659033524
1060,NVB,453441.640935722,5679041.73639445,0.0,0.0,0.0,0.0,8.171070098876953,,1.0173861980438232,0.0,0.0,,-0.2540176304314479,5.688238600093099
1061,NVB,453442.58484172,5679041.65208508,0.0,0.0,0.0,0.0,2.122467517852783,,1.014182209968567,0.0,0.0,,-0.2490632022602869,5.87762542859989
1062,NVB,453443.381510911,5679041.58466123,0.0,0.0,0.0,0.0,6.888357162475586,,1.0171998739242554,0.0,0.0,,-0.2266593121596365,5.56863518946314
1063,NVB,453444.178271955,5679041.5017011,0.0,0.0,0.0,0.0,8.005295753479004,,1.0280572175979614,0.0,0.0,,-0.2281110962378528,5.263144028751684
1064,NVB,453444.96641754,5679041.41203134,0.0,0.0,0.0,0.0,3.3324036598205566,,1.0110969543457031,0.0,0.0,,-0.2644239424977098,4.746831617353049
1065,NVB,453445.935815442,5679041.40777552,0.0,0.0,0.0,0.0,3.852389335632324,,1.0084062814712524,0.0,0.0,,-0.3073495794872871,4.328688784478302
1066,NVB,453446.844701842,5679041.39095435,0.0,0.0,0.0,0.0,2.347176074981689,,1.0042898654937744,0.0,0.0,,-0.3450819053229151,3.977250803157516
1067,NVB,453447.633057353,5679041.26577304,0.0,0.0,0.0,0.0,1.4818193912506104,,1.003004550933838,0.0,0.0,,-0.3935900063174745,3.29367859264837
1068,NVB,453448.577429081,5679041.10267228,0.0,0.0,0.0,0.0,1.0223811864852903,,1.000730037689209,0.0,0.0,,-0.4241673532738909,3.2892158976221944
1069,NVB,453449.443789371,5679040.95908596,0.0,0.0,0.0,0.0,3.0114588737487797,,1.0033475160598757,0.0,0.0,,-0.4728685820668502,3.184812584805685
1070,NVB,453450.292787516,5679040.82427503,0.0,0.0,0.0,0.0,5.012660026550293,,1.004670023918152,0.0,0.0,,-0.4808868030679269,3.249557596061219
1071,NVB,453451.13311114,5679040.69274202,0.0,0.0,0.0,0.0,2.0018270015716557,,1.0042189359664917,0.0,0.0,,-0.4702267431925217,3.434475479177012
1072,NVB,453451.982017369,5679040.5734671,0.0,0.0,0.0,0.0,2.376042604446411,,1.0028605461120603,0.0,0.0,,-0.4509096391039084,3.598755402655004
1073,NVB,453452.787649527,5679040.45393625,0.0,0.0,0.0,0.0,1.623403787612915,,1.0011790990829468,0.0,0.0,,-0.414486051207147,3.799462066256777
1074,NVB,453453.523925082,5679040.35397108,0.0,0.0,0.0,0.0,1.5371131896972656,,1.001926064491272,0.0,0.0,,-0.3675378950189364,3.8301192175672334
1075,NVB,453454.415960954,5679040.25936574,0.0,0.0,0.0,0.0,0.6638325452804565,,1.003050446510315,0.0,0.0,,-0.3430340027604088,3.9282641310968742
1076,NVB,453455.247242564,5679040.19325508,0.0,0.0,0.0,0.0,2.791299343109131,,1.0152539014816284,0.0,0.0,,-0.321624339381753,3.962542910975251
1077,NVB,453456.078517597,5679040.12825406,0.0,0.0,0.0,0.0,3.1331326961517334,,1.002305030822754,0.0,0.0,,-0.2875295030088844,3.968812331939878
1078,NVB,453456.901131245,5679040.06431151,0.0,0.0,0.0,0.0,3.50746488571167,,1.006497144699097,0.0,0.0,,-0.2453066147192391,4.370289994330019
1079,NVB,453457.689053478,5679040.01237123,0.0,0.0,0.0,0.0,2.561054944992065,,1.0059258937835691,0.0,0.0,,-0.2381195383406088,4.448677781088287
1080,NVB,453458.528911116,5679039.95962812,0.0,0.0,0.0,0.0,4.074930191040039,,1.0101498365402222,0.0,0.0,,-0.2377864963211291,4.641554322468742
1081,NVB,453459.455474273,5679039.88076306,0.0,0.0,0.0,0.0,3.040494203567505,,1.0126605033874512,0.0,0.0,,-0.244911481182815,5.044306346395117
1082,NVB,453460.286932905,5679039.78468921,0.0,0.0,0.0,0.0,3.489439010620117,,1.030107021331787,0.0,0.0,,-0.256149634634139,5.029367078037513
1083,NVB,453461.040471997,5679039.69259375,0.0,0.0,0.0,0.0,2.39576268196106,,1.0122449398040771,0.0,0.0,,-0.2278911003181811,5.135209095732343
1084,NVB,453461.811314125,5679039.60171027,0.0,0.0,0.0,0.0,6.57274055480957,,1.0273833274841309,0.0,0.0,,-0.2498748748446483,5.037795090526428
1085,NVB,453462.59952489,5679039.50094147,0.0,0.0,0.0,0.0,1.466310977935791,,1.0080889463424685,0.0,0.0,,-0.2578664650315402,4.748011239915038
1086,NVB,453463.439762874,5679039.38383362,0.0,0.0,0.0,0.0,2.5297868251800537,,1.0079429149627686,0.0,0.0,,-0.2360353850740071,4.381539833650286
1087,NVB,453464.236713671,5679039.26868935,0.0,0.0,0.0,0.0,2.104548692703247,,1.0119380950927734,0.0,0.0,,-0.2287214777749961,4.282061529427456
1088,NVB,453464.99048879,5679039.13664331,0.0,0.0,0.0,0.0,0.9449135661125184,,1.002119064331055,0.0,0.0,,-0.2064344928295856,4.09722866145059
1089,NVB,453465.787564156,5679039.00041406,0.0,0.0,0.0,0.0,5.1595635414123535,,1.005488038063049,0.0,0.0,,-0.2052483117803051,4.174887076333929
1090,NVB,453466.714487852,5679038.8605131,0.0,0.0,0.0,0.0,2.150832414627075,,1.0030688047409058,0.0,0.0,,-0.180806185874203,3.9364975015334407
1091,NVB,453467.44203611,5679038.77270249,0.0,0.0,0.0,0.0,3.2361278533935547,,1.0020626783370972,0.0,0.0,,-0.1900490224995003,4.124906122380047
1092,NVB,453468.342739538,5679038.67592728,0.0,0.0,0.0,0.0,2.21964168548584,,1.0048975944519043,0.0,0.0,,-0.2051104233380558,4.004431599106283
1093,NVB,453469.200122992,5679038.58666431,0.0,0.0,0.0,0.0,2.1023366451263428,,1.006480097770691,0.0,0.0,,-0.2285836901007259,4.196767820910816
1094,NVB,453470.014147129,5679038.51157197,0.0,0.0,0.0,0.0,2.560025691986084,,1.0030803680419922,0.0,0.0,,-0.2484025384195279,4.197102146739103
1095,NVB,453470.802082219,5679038.45741092,0.0,0.0,0.0,0.0,4.822284698486328,,1.0068949460983276,0.0,0.0,,-0.2576817370658885,4.08234840946629
1096,NVB,453471.6073597,5679038.39780346,0.0,0.0,0.0,0.0,3.052455186843872,,1.0055675506591797,0.0,0.0,,-0.2693177729302521,4.098182358828563
1097,NVB,453472.51666537,5679038.30995674,0.0,0.0,0.0,0.0,4.374502658843994,,1.0086389780044556,0.0,0.0,,-0.2693058109467542,4.047126351358199
1098,NVB,453473.218203178,5679038.22976025,0.0,0.0,0.0,0.0,1.780397653579712,,1.0045839548110962,0.0,0.0,,-0.278731811241816,4.149169338468888
1099,NVB,453474.075711121,5679038.11941192,0.0,0.0,0.0,0.0,0.95982426404953,,1.009152054786682,0.0,0.0,,-0.2475276394588005,4.248522291126015
1100,NVB,453474.872556696,5679038.02202223,0.0,0.0,0.0,0.0,3.306706190109253,,1.015133023262024,0.0,0.0,,-0.2535498930098808,4.466879163170408
1101,NVB,453475.643424714,5679037.92669848,0.0,0.0,0.0,0.0,3.985026597976685,,1.0274207592010498,0.0,0.0,,-0.2250071817021252,4.914691275825746
1102,NVB,453476.371064577,5679037.82335085,0.0,0.0,0.0,0.0,4.494503498077393,,1.0275706052780151,0.0,0.0,,-0.2050808902803294,4.928863810356004
1103,NVB,453477.116033708,5679037.71677625,0.0,0.0,0.0,0.0,5.523584842681885,,1.0708378553390503,0.0,0.0,,-0.1966580722990992,4.8083962663457935
1104,NVB,453477.938876408,5679037.61399103,0.0,0.0,0.0,0.0,1.534345030784607,,1.0216015577316284,0.0,0.0,,-0.1791465283376201,4.620833911051416
1105,NVB,453478.727040841,5679037.52098872,0.0,0.0,0.0,0.0,1.111659288406372,,1.0215946435928345,0.0,0.0,,-0.1747078300743958,4.433317639102971
1106,NVB,453479.541169677,5679037.42813975,0.0,0.0,0.0,0.0,0.8592454791069031,,1.0167512893676758,0.0,0.0,,-0.1675411169474924,4.233141034267415
1107,NVB,453480.407266669,5679037.32893915,0.0,0.0,0.0,0.0,2.5625550746917725,,1.027538537979126,0.0,0.0,,-0.183660344635514,3.611678944108327
1108,NVB,453481.256001571,5679037.23851401,0.0,0.0,0.0,0.0,3.495152950286865,,1.0090665817260742,0.0,0.0,,-0.18754376317711,3.3572510857098283
1109,NVB,453482.026895653,5679037.13875072,0.0,0.0,0.0,0.0,3.189507246017456,,1.008311152458191,0.0,0.0,,-0.1974808293368159,3.218117857916105
1110,NVB,453482.814863289,5679037.07903984,0.0,0.0,0.0,0.0,1.49181067943573,,1.0041179656982422,0.0,0.0,,-0.1818362870756219,3.1045576774620423
1111,NVB,453483.679898047,5679037.1596148,0.0,0.0,0.0,0.0,1.7601872682571411,,1.0015840530395508,0.0,0.0,,-0.1733039516157457,3.0581482337149555
1112,NVB,453484.33641104,5679037.37545901,0.0,0.0,0.0,0.0,2.1962058544158936,,1.0057170391082764,0.0,0.0,,-0.1834789229153757,3.09903835043796
1113,NVB,453484.853850537,5679037.69147027,0.0,0.0,0.0,0.0,2.095085382461548,,1.0046604871749878,0.0,0.0,,-0.1780103762093376,3.2084309796820314
1114,NVB,453485.336179131,5679038.09050656,0.0,0.0,0.0,0.0,0.72853684425354,,1.0023688077926636,0.0,0.0,,-0.1676105888489058,3.298332986300901
1115,NVB,453485.757589756,5679038.54578102,0.0,0.0,0.0,0.0,1.2796610593795776,,1.003783106803894,0.0,0.0,,-0.1474948471846524,3.281219084591525
1116,NVB,453486.170057153,5679039.04983236,0.0,0.0,0.0,0.0,2.5392329692840576,,1.0028958320617676,0.0,0.0,,-0.1148415188609555,3.272715488001007
1117,NVB,453486.582223024,5679039.60493116,0.0,0.0,0.0,0.0,2.93058705329895,,1.0065726041793823,0.0,0.0,,-0.1223077880030022,3.264786880409769
1118,NVB,453486.967808259,5679040.26419097,0.0,0.0,0.0,0.0,1.698551893234253,,1.0009313821792605,0.0,0.0,,-0.1523692214316983,3.383663821297317
1119,NVB,453487.266858574,5679040.92072,0.0,0.0,0.0,0.0,0.0497976280748844,,1.0051581859588623,0.0,0.0,,-0.137600652478312,3.623852084236776
1120,NVB,453487.488179538,5679041.54904565,0.0,0.0,0.0,0.0,1.0933419466018677,,1.0036598443984983,0.0,0.0,,-0.1513474462283423,3.6508144030165575
1121,NVB,453487.700314698,5679042.26720812,0.0,0.0,0.0,0.0,1.308074712753296,,1.001048564910889,0.0,0.0,,-0.2095115679747332,3.5860442729157245
1122,NVB,453487.90378853,5679042.98642919,0.0,0.0,0.0,0.0,3.019726276397705,,1.0120943784713743,0.0,0.0,,-0.2522884564611444,3.607476771555439
1123,NVB,453488.063758879,5679043.74423508,0.0,0.0,0.0,0.0,0.4987206757068634,,1.0036977529525757,0.0,0.0,,-0.2986403390120752,3.7369978836018127
1124,NVB,453488.214248415,5679044.64181555,0.0,0.0,0.0,0.0,0.9809959530830384,,1.0098683834075928,0.0,0.0,,-0.2796523226664956,3.930834025777009
1125,NVB,453488.339370118,5679045.4382574,0.0,0.0,0.0,0.0,2.6629531383514404,,1.003748655319214,0.0,0.0,,-0.1963589677185268,3.9645176713557
1126,NVB,453488.533664819,5679046.24620555,0.0,0.0,0.0,0.0,2.963562250137329,,1.010140299797058,0.0,0.0,,-0.2018555855914887,3.818681262924911
1127,NVB,453488.762480494,5679047.07100412,0.0,0.0,0.0,0.0,0.950917661190033,,1.0032010078430176,0.0,0.0,,-0.2034830520884415,3.874408858867471
1128,NVB,453488.974635597,5679047.78583737,0.0,0.0,0.0,0.0,0.327287882566452,,1.0072969198226929,0.0,0.0,,-0.1720884002448708,3.906067462423
1129,NVB,453489.229697713,5679048.56307101,0.0,0.0,0.0,0.0,2.5314857959747314,,1.0046430826187134,0.0,0.0,,-0.0994889218733555,3.947447851835423
1130,NVB,453489.484838551,5679049.32698791,0.0,0.0,0.0,0.0,0.754375696182251,,1.0044150352478027,0.0,0.0,,-0.0859429038609729,3.954748486524257
1131,NVB,453489.77425783,5679050.14881516,0.0,0.0,0.0,0.0,2.291245222091675,,1.008997082710266,0.0,0.0,,-0.1222046348607474,3.967695621336851
1132,NVB,453489.986288557,5679050.88473321,0.0,0.0,0.0,0.0,0.9643607139587402,,1.010260820388794,0.0,0.0,,-0.1626506177020618,4.028131037389976
1133,NVB,453490.163391928,5679051.67260395,0.0,0.0,0.0,0.0,2.225484609603882,,1.0046106576919556,0.0,0.0,,-0.1762678015525691,4.160914410988928
1134,NVB,453490.348927272,5679052.49825656,0.0,0.0,0.0,0.0,4.879526615142822,,1.010172724723816,0.0,0.0,,-0.2059213059017594,4.6052588360526885
1135,NVB,453490.517860999,5679053.2039563,0.0,0.0,0.0,0.0,1.33918035030365,,1.003876805305481,0.0,0.0,,-0.2004997750478998,5.114500852275187
1136,NVB,453490.695705246,5679053.86642778,0.0,0.0,0.0,0.0,2.568569660186768,,1.0087238550186155,0.0,0.0,,-0.1844684578666479,5.459901591015627
1137,NVB,453490.881870023,5679054.5855465,0.0,0.0,0.0,0.0,4.985172748565674,,1.0097343921661377,0.0,0.0,,-0.2369386069407543,5.620948443516574
1138,NVB,453491.06778573,5679055.34683487,0.0,0.0,0.0,0.0,3.2013919353485107,,1.009357452392578,0.0,0.0,,-0.2579789824435175,5.692077849701085
1139,NVB,453491.27123401,5679056.07049474,0.0,0.0,0.0,0.0,9.950751304626465,,1.0342564582824707,0.0,0.0,,-0.2862359715612435,5.818497682415188
1140,NVB,453491.509039425,5679056.83874822,0.0,0.0,0.0,0.0,1.9984610080718996,,1.0023918151855469,0.0,0.0,,-0.3460839950861684,6.4175032042124505
1141,NVB,453491.772534053,5679057.65376364,0.0,0.0,0.0,0.0,5.2684855461120605,,1.0057908296585083,0.0,0.0,,-0.4360546341921955,6.59597789778351
1142,NVB,453492.019066505,5679058.40986122,0.0,0.0,0.0,0.0,9.556736946105955,,1.0179075002670288,0.0,0.0,,-0.4866657425883318,6.432910936643018
1143,NVB,453492.265540011,5679059.17594635,0.0,0.0,0.0,0.0,4.2814788818359375,,1.0106521844863892,0.0,0.0,,-0.5630164335586271,6.510295429858251
1144,NVB,453492.520727391,5679059.93209503,0.0,0.0,0.0,0.0,2.8460893630981445,,1.0022014379501345,0.0,0.0,,-0.5057471261435394,6.480983838616809
1145,NVB,453492.750173204,5679060.65035959,0.0,0.0,0.0,0.0,4.089360237121582,,1.009981393814087,0.0,0.0,,-0.4546871942581535,6.035380003079404
1146,SGZ,453492.987998576,5679061.41528384,0.0,0.0,0.0,0.0,1.2350410223007202,,1.0014771223068235,0.0,0.0,,-0.3317084048159315,5.407069810020609
1147,SGZ,453493.208697871,5679062.14903345,0.0,0.0,0.0,0.0,0.3818193078041076,,1.0095452070236206,0.0,0.0,,-0.262042934490437,4.769383397360119
1148,SGZ,453493.412192421,5679062.86492516,0.0,0.0,0.0,0.0,1.5626810789108276,,1.0018293857574463,0.0,0.0,,-0.1901811833491279,4.762846779519014
1149,SGZ,453493.60693385,5679063.59741165,0.0,0.0,0.0,0.0,3.472291946411133,,1.0040212869644165,0.0,0.0,,-0.130082431421055,5.13929325230405
1150,SGZ,453493.979035042,5679065.07448939,0.0,0.0,0.0,0.0,2.076108455657959,,1.0050374269485474,0.0,0.0,,-0.1548525413757373,8.66678826604135
1151,SGZ,453494.164970981,5679065.83244849,0.0,0.0,0.0,0.0,1.5050033330917358,,1.0021857023239136,0.0,0.0,,-0.216047272681291,9.449865707927282
1152,SGZ,453494.359496246,5679066.60155599,0.0,0.0,0.0,0.0,1.9595800638198853,,1.0519200563430786,0.0,0.0,,-0.3330345002868748,9.318136165893126
1153,SGZ,453494.536836413,5679067.3494764,0.0,0.0,0.0,0.0,6.973753452301025,,1.0484559535980225,0.0,0.0,,-0.37732998018514,9.250717142250457
1154,SGZ,453494.70564632,5679068.07626086,0.0,0.0,0.0,0.0,4.435049533843994,,1.0178998708724976,0.0,0.0,,-0.4681730869107798,9.119127100839302
1155,SGZ,453494.874397264,5679068.81303286,0.0,0.0,0.0,0.0,5.598487377166748,,1.0181905031204224,0.0,0.0,,-0.5685704443323175,8.514850850028031
1156,SGZ,453495.060536586,5679069.53659037,0.0,0.0,0.0,0.0,5.170543193817139,,1.0048907995224,0.0,0.0,,-0.6578149804054337,6.571373636870045
1157,SGZ,453494.917968913,5679070.22824261,0.0,0.0,0.0,0.0,4.777392864227295,,1.0042929649353027,0.0,0.0,,-0.706438195816415,4.558610043699543
1158,SGZ,453494.437993432,5679070.89570654,0.0,0.0,0.0,0.0,4.241365909576416,,1.0039182901382446,0.0,0.0,,-0.7182336596422999,3.567080413480054
1159,SGZ,453494.389809599,5679071.7266371,0.0,0.0,0.0,0.0,1.003862738609314,,1.0006495714187622,0.0,0.0,,-0.6510526071662154,3.2409977179719363
1160,SGZ,453494.695936905,5679072.65066133,0.0,0.0,0.0,0.0,1.3063820600509644,,1.0018011331558228,0.0,0.0,,-0.5087693982209958,2.668537105847831
1161,SGZ,453494.907470574,5679073.47091853,0.0,0.0,0.0,0.0,0.907567858695984,,1.0006667375564575,0.0,0.0,,-0.4252915048384117,2.923553756538895
1162,SGZ,453495.076038129,5679074.2387629,0.0,0.0,0.0,0.0,2.5608015060424805,,1.001641035079956,0.0,0.0,,-0.3098517695147252,3.1773018399432766
1163,SGZ,453495.296154628,5679075.07127821,0.0,0.0,0.0,0.0,1.409030556678772,,1.0019643306732178,0.0,0.0,,-0.218692210617521,3.7659162355139366
1164,SGZ,453495.604097831,5679075.68790779,0.0,0.0,0.0,0.0,0.972339391708374,,1.0008578300476074,0.0,0.0,,-0.174903498507019,3.9104990661811687
1165,SGZ,453495.956154324,5679076.16274779,0.0,0.0,0.0,0.0,11.533020973205566,,1.02858304977417,0.0,0.0,,-0.1935910079374353,4.324725472563944
1166,SGZ,453496.342469758,5679076.69882729,0.0,0.0,0.0,0.0,8.254191398620605,,1.0164016485214231,0.0,0.0,,-0.1423021614720679,4.577940271581464
1167,SGZ,453496.711298567,5679077.26476718,0.0,0.0,0.0,0.0,2.049217939376831,,1.0012730360031128,0.0,0.0,,-0.1241419238086416,5.926072198641957
1168,SGZ,453497.06267353,5679077.85501882,0.0,0.0,0.0,0.0,2.0316741466522217,,1.002363204956055,0.0,0.0,,-0.1284313528168428,7.334447743798968
1169,SGZ,453497.379343936,5679078.45949244,0.0,0.0,0.0,0.0,3.035284757614136,,1.0025689601898191,0.0,0.0,,-0.1949509020541172,9.757992562617956
1170,SGZ,453497.712786631,5679079.15506597,0.0,0.0,0.0,0.0,2.227170705795288,,1.0014411211013794,0.0,0.0,,-0.1575263552912012,10.465473660286165
1171,SGZ,453498.003007556,5679079.84150606,0.0,0.0,0.0,0.0,4.475810527801514,,1.0059304237365725,0.0,0.0,,-0.1835941552824089,10.710032156199553
1172,SGZ,453498.250131235,5679080.4977279,0.0,0.0,0.0,0.0,6.758464336395264,,1.0392385721206665,0.0,0.0,,-0.113220192374882,11.141933919014082
1173,SGZ,453498.616063375,5679081.55416741,0.0,0.0,0.0,0.0,7.7247724533081055,,1.0233210325241089,0.0,0.0,,-0.0244146111734768,12.145079070657005
1174,SGZ,453498.972940951,5679082.67824917,0.0,0.0,0.0,0.0,7.49945068359375,,1.0431137084960938,0.0,0.0,,-0.0525647519852608,14.824427854067446
1175,SGZ,453499.184049332,5679083.57063854,0.0,0.0,0.0,0.0,6.16612720489502,,1.011027693748474,0.0,0.0,,-0.1539521153420543,14.486977586757384
1176,SGZ,453499.326829932,5679084.3083668,0.0,0.0,0.0,0.0,5.394037246704102,,1.0146046876907349,0.0,0.0,,-0.2324076801952856,13.149893996282325
1177,SGZ,453499.540009509,5679084.85008216,0.0,0.0,0.0,0.0,15.188526153564451,,1.1143386363983154,0.0,0.0,,-0.2362078059307597,12.99773362181011
1178,SGZ,453499.754014934,5679085.25197181,0.0,0.0,0.0,0.0,10.359856605529783,,1.0310978889465332,0.0,0.0,,-0.3007332961100302,12.9574810651534
1179,SGZ,453500.26960343,5679085.88203498,0.0,0.0,0.0,0.0,9.194306373596191,,1.0154377222061155,0.0,0.0,,-0.3611448564014137,12.657652524434567
1180,SGZ,453501.008855159,5679086.74425048,0.0,0.0,0.0,0.0,7.700747013092041,,1.016116738319397,0.0,0.0,,-0.3193615559337116,11.002206026221602
1181,SGZ,453501.644635386,5679087.54037861,0.0,0.0,0.0,0.0,5.023151874542236,,1.022849440574646,0.0,0.0,,-0.3457146033971462,10.16832478945639
1182,SGZ,453501.742018547,5679088.63740307,0.0,0.0,0.0,0.0,2.468355894088745,,1.0092567205429075,0.0,0.0,,-0.2758238156240018,10.232010889554624
1183,SGZ,453501.579342933,5679089.80280696,0.0,0.0,0.0,0.0,6.908583164215088,,1.0274758338928225,0.0,0.0,,-0.1921161191623611,10.51851264555876
1184,SGZ,453501.730300317,5679090.62159641,0.0,0.0,0.0,0.0,10.502920150756836,,1.026826024055481,0.0,0.0,,-0.1733383100986139,11.321830484068515
1185,SGZ,453502.06367184,5679091.32937674,0.0,0.0,0.0,0.0,13.493309020996094,,1.049583911895752,0.0,0.0,,-0.150055019528219,12.747669699677058
1186,SGZ,453502.050009893,5679092.17715767,0.0,0.0,0.0,0.0,3.183520555496216,,1.0138177871704102,0.0,0.0,,-0.171602349225095,13.033108645388682
1187,SGZ,453501.837331874,5679093.01599491,0.0,0.0,0.0,0.0,10.614700317382812,,1.0213704109191897,0.0,0.0,,-0.2201530028724382,13.187990602464636
1188,SGZ,453501.650520108,5679093.87163139,0.0,0.0,0.0,0.0,2.0896880626678467,,1.0042132139205933,0.0,0.0,,-0.2660780480488094,13.963740790535486
1189,SGZ,453501.654462781,5679094.6695768,0.0,0.0,0.0,0.0,0.6933042407035828,,1.0014629364013672,0.0,0.0,,-0.3182031153427463,14.431033475486329
1190,SGZ,453501.788543086,5679095.41502198,0.0,0.0,0.0,0.0,2.4547348022460938,,1.0061529874801636,0.0,0.0,,-0.2385706398038695,14.0875700066567
1191,SGZ,453501.518099014,5679095.77631845,0.0,0.0,0.0,0.0,2.6557939052581787,,1.001692533493042,0.0,0.0,,-0.222258470238735,13.493468607944108
1192,SGZ,453501.07559957,5679095.96014589,0.0,0.0,0.0,0.0,11.683313369750977,,1.0422875881195068,0.0,0.0,,-0.1836037291159012,11.938515199557576
1193,SGZ,453500.933326923,5679096.60186047,0.0,0.0,0.0,0.0,17.7011661529541,,1.1367032527923584,0.0,0.0,,-0.1489900823458594,11.622135803324849
1194,SGZ,453500.937092572,5679097.42976852,0.0,0.0,0.0,0.0,6.56110429763794,,1.0403344631195068,0.0,0.0,,-0.1909697241269509,12.030713126276346
1195,SGZ,453501.010123425,5679098.25364659,0.0,0.0,0.0,0.0,4.694720268249512,,1.1517219543457031,0.0,0.0,,-0.1798912252703963,12.179956053988835
1196,SGZ,453501.290976131,5679099.06099575,0.0,0.0,0.0,0.0,7.803149700164795,,1.0879725217819214,0.0,0.0,,-0.1140045099679297,12.27955097529173
1197,SGZ,453501.69306268,5679099.85796321,0.0,0.0,0.0,0.0,11.200974464416504,,1.0834654569625854,0.0,0.0,,-0.1177592006179822,12.519412389117845
1198,SGZ,453502.615405245,5679100.49486745,0.0,0.0,0.0,0.0,6.780805587768555,,1.078536033630371,0.0,0.0,,-0.1423179456843853,12.34696000033585
1199,SGZ,453503.728509125,5679101.07297073,0.0,0.0,0.0,0.0,14.74705696105957,,1.075281858444214,0.0,0.0,,-0.2056702822418091,11.5658295551389
1200,SGZ,453504.270011203,5679101.71206477,0.0,0.0,0.0,0.0,14.82184886932373,,1.0351176261901855,0.0,0.0,,-0.2437347317609099,10.21375104158943
1201,SGZ,453504.568862232,5679102.40299461,0.0,0.0,0.0,0.0,4.836624622344971,,1.0164638757705688,0.0,0.0,,-0.2839311485967147,9.708713770038509
1202,SGZ,453504.815135266,5679103.20348082,0.0,0.0,0.0,0.0,4.684725284576416,,1.0719573497772217,0.0,0.0,,-0.2836808821336001,8.938072944458733
1203,SGZ,453504.888776048,5679103.92415416,0.0,0.0,0.0,0.0,4.532104969024658,,1.059754490852356,0.0,0.0,,-0.2517314346906223,8.76687335395952
1204,SGZ,453504.90179992,5679104.65001836,0.0,0.0,0.0,0.0,8.633434295654297,,1.021959900856018,0.0,0.0,,-0.1990248220238807,9.099415492921567
1205,SGZ,453504.975113063,5679105.42617808,0.0,0.0,0.0,0.0,4.862518310546875,,1.0282703638076782,0.0,0.0,,-0.1868973206943475,10.710197327475267
1206,SGZ,453505.065808074,5679106.19023301,0.0,0.0,0.0,0.0,6.063347816467285,,1.0253701210021973,0.0,0.0,,-0.2436784947091239,12.482748287909365
1207,SGZ,453505.199947899,5679106.92569056,0.0,0.0,0.0,0.0,21.5528621673584,,1.1021205186843872,0.0,0.0,,-0.2097854312166089,12.489927845329738
1208,SGZ,453505.34269021,5679107.67007705,0.0,0.0,0.0,0.0,9.106769561767578,,1.080737829208374,0.0,0.0,,-0.2345709518543806,13.003244644553336
1209,SGZ,453505.934411801,5679108.59911657,0.0,0.0,0.0,0.0,21.89727210998535,,1.166720628738403,0.0,0.0,,-0.2336850090346282,12.889740514039277
1210,SGZ,453506.578436375,5679109.46520821,0.0,0.0,0.0,0.0,3.259066104888916,,1.0315828323364258,0.0,0.0,,-0.284645744722232,15.166856485850827
1211,SGZ,453507.144986504,5679110.25981724,0.0,0.0,0.0,0.0,3.404169797897339,,1.1400642395019531,0.0,0.0,,-0.2193337635978094,18.10491386265217
1212,SGZ,453507.391115895,5679111.08471738,0.0,0.0,0.0,0.0,5.911333084106445,,1.1174825429916382,0.0,0.0,,-0.1890184225117008,18.80008519900434
1213,SGZ,453507.507775878,5679111.84892559,0.0,0.0,0.0,0.0,0.6649713516235352,,1.0836505889892578,0.0,0.0,,-0.1866616827592118,18.460804394640896
1214,SGZ,453507.257097058,5679113.26017805,0.0,0.0,0.0,0.0,17.142303466796875,,1.0906654596328735,0.0,0.0,,-0.098996762000337,17.933242149053765
1215,SGZ,453506.84070393,5679114.88574664,0.0,0.0,0.0,0.0,7.306244850158691,,1.0110243558883667,0.0,0.0,,-0.143783918605008,18.25598026256678
1216,SGZ,453506.990096217,5679115.96976088,0.0,0.0,0.0,0.0,15.3489351272583,,1.0651410818099976,0.0,0.0,,-0.2111930475486925,15.54793697282077
1217,SGZ,453507.31415914,5679116.78846262,0.0,0.0,0.0,0.0,13.990443229675291,,1.1054832935333252,0.0,0.0,,-0.2404351777748234,13.636033756065176
1218,SGZ,453507.75508034,5679116.87207921,0.0,0.0,0.0,0.0,3.929149866104126,,1.016860842704773,0.0,0.0,,-0.2286716409513318,12.75224666243174
1219,SGZ,453508.240055806,5679116.8238937,0.0,0.0,0.0,0.0,4.464529991149902,,1.0184146165847778,0.0,0.0,,-0.198185769768543,11.84517332150405
1220,SGZ,453508.725077132,5679116.76794008,0.0,0.0,0.0,0.0,6.493544101715088,,1.050052523612976,0.0,0.0,,-0.1909184437669731,11.319388162284808
1221,SGZ,453508.957003118,5679117.06672697,0.0,0.0,0.0,0.0,27.390193939208984,,1.146418809890747,0.0,0.0,,-0.176957459653786,11.026096857714696
1222,SGZ,453509.092742377,5679117.53141087,0.0,0.0,0.0,0.0,21.43756103515625,,1.0874828100204468,0.0,0.0,,-0.2297279518313312,11.221671975391184
1223,SGZ,453509.133828239,5679117.90231547,0.0,0.0,0.0,0.0,22.43224334716797,,1.2123234272003174,0.0,0.0,,-0.2896183340007112,11.586038253442094
1224,SGZ,453509.15751258,5679118.28865405,0.0,0.0,0.0,0.0,9.41049575805664,,1.1149733066558838,0.0,0.0,,-0.2903684202322981,11.721852960689244
1225,SGZ,453509.18116416,5679118.68054127,0.0,0.0,0.0,0.0,3.280778169631958,,1.0209351778030396,0.0,0.0,,-0.283090436496848,12.041078886636608
1226,SGZ,453509.196252581,5679119.05684119,0.0,0.0,0.0,0.0,2.1784474849700928,,1.0044625997543335,0.0,0.0,,-0.2865267519585421,12.207866723220588
1227,SGZ,453509.20271232,5679119.4286511,0.0,0.0,0.0,0.0,9.040311813354492,,1.0517511367797852,0.0,0.0,,-0.3188077567423792,12.09976052059172
1228,SGZ,453509.269651495,5679119.81857439,0.0,0.0,0.0,0.0,8.489916801452637,,1.0449116230010986,0.0,0.0,,-0.3399350781656399,12.07690726838765
1229,SGZ,453509.353926682,5679120.20416098,0.0,0.0,0.0,0.0,5.841419696807861,,1.0133992433547974,0.0,0.0,,-0.3419913162401639,11.840719662633948
1230,SGZ,453509.446371875,5679120.67191852,0.0,0.0,0.0,0.0,2.560789108276367,,1.0070091485977173,0.0,0.0,,-0.364178161184017,11.037440540305363
1231,SGZ,453509.590923393,5679121.11002005,0.0,0.0,0.0,0.0,3.218156576156616,,1.0081366300582886,0.0,0.0,,-0.3732124079622548,10.77584517787882
1232,SGZ,453509.804956561,5679121.50747047,0.0,0.0,0.0,0.0,8.862324714660645,,1.0197031497955322,0.0,0.0,,-0.3286212760119778,11.017200951376076
1233,SGZ,453510.079639571,5679121.89418135,0.0,0.0,0.0,0.0,2.419496774673462,,1.00973379611969,0.0,0.0,,-0.2545733723505425,11.623075510831622
1234,SGZ,453510.423424198,5679122.30460533,0.0,0.0,0.0,0.0,4.703577041625977,,1.007433295249939,0.0,0.0,,-0.2479822938198361,11.362653010823797
1235,SGZ,453510.810614414,5679122.69309026,0.0,0.0,0.0,0.0,9.60129737854004,,1.0244369506835938,0.0,0.0,,-0.2413807891210462,11.863001000799532
1236,SGZ,453511.241262634,5679123.05075831,0.0,0.0,0.0,0.0,2.5544772148132324,,1.015395164489746,0.0,0.0,,-0.253088498326548,11.384609867347717
1237,SGZ,453511.844707499,5679123.46049586,0.0,0.0,0.0,0.0,2.7396247386932373,,1.0158631801605225,0.0,0.0,,-0.295897487847077,11.448559534422971
1238,SGZ,453512.456977685,5679123.84143154,0.0,0.0,0.0,0.0,5.014251708984375,,1.0089133977890017,0.0,0.0,,-0.3113353498412219,10.522129123129458
1239,SGZ,453513.311152732,5679124.29704003,0.0,0.0,0.0,0.0,4.313803672790527,,1.0116100311279297,0.0,0.0,,-0.262955473031044,9.935850059797248
1240,SGZ,453514.157249552,5679124.65494129,0.0,0.0,0.0,0.0,4.91635274887085,,1.006309986114502,0.0,0.0,,-0.2354784477697724,9.872457907770286
1241,SGZ,453514.934913107,5679124.87593714,0.0,0.0,0.0,0.0,4.976955413818359,,1.0140409469604492,0.0,0.0,,-0.2455424062387392,10.601998516433008
1242,SGZ,453515.739026248,5679125.01496636,0.0,0.0,0.0,0.0,7.070485591888428,,1.064397931098938,0.0,0.0,,-0.2667802201967125,11.485012098135336
1243,SGZ,453516.552089142,5679125.10410885,0.0,0.0,0.0,0.0,5.388702392578125,,1.0294376611709597,0.0,0.0,,-0.2706555971437769,12.096634401806435
1244,SGZ,453517.382848398,5679125.1278795,0.0,0.0,0.0,0.0,10.926140785217283,,1.0483893156051636,0.0,0.0,,-0.2479627268296905,12.162772826064376
1245,SGZ,453518.196579562,5679125.10382959,0.0,0.0,0.0,0.0,15.983149528503418,,1.079666018486023,0.0,0.0,,-0.1963254038218337,12.55240807918202
1246,SGZ,453519.03647852,5679125.04553131,0.0,0.0,0.0,0.0,8.855348587036133,,1.0852985382080078,0.0,0.0,,-0.1661439771685095,12.811686108599298
1247,SGZ,453519.885104431,5679124.97507703,0.0,0.0,0.0,0.0,3.929415225982666,,1.0504964590072632,0.0,0.0,,-0.1293001693335675,13.835641461101831
1248,SGZ,453520.725108177,5679124.89902294,0.0,0.0,0.0,0.0,9.12352466583252,,1.0307862758636477,0.0,0.0,,-0.1180650289160381,14.10016100988515
1249,SGZ,453521.58248722,5679124.81197365,0.0,0.0,0.0,0.0,1.2867214679718018,,1.0007047653198242,0.0,0.0,,-0.1315485396153274,13.45923627530717
1250,SGZ,453522.4741059,5679124.78949285,0.0,0.0,0.0,0.0,29.01484489440918,,1.2211518287658691,0.0,0.0,,-0.1315242277209281,14.158545541400702
1251,SGZ,453523.348434425,5679124.76358058,0.0,0.0,0.0,0.0,8.848966598510742,,1.0478390455245972,0.0,0.0,,-0.1174522264604727,14.251755233976464
1252,SGZ,453524.214166993,5679124.72762957,0.0,0.0,0.0,0.0,4.679539203643799,,1.076809644699097,0.0,0.0,,-0.0889047475311689,15.70183317744571
1253,SGZ,453525.15735479,5679124.76649003,0.0,0.0,0.0,0.0,11.715169906616213,,1.075013518333435,0.0,0.0,,-0.1220442731936452,15.308349803002333
1254,SGZ,453526.083357249,5679124.78416336,0.0,0.0,0.0,0.0,3.86147141456604,,1.0342098474502563,0.0,0.0,,-0.1649980804454804,14.233618535837596
1255,SGZ,453527.053669146,5679124.62675503,0.0,0.0,0.0,0.0,24.433874130249023,,1.294508695602417,0.0,0.0,,-0.1758588914231864,14.53535088251456
1256,SGZ,453527.946198237,5679124.45002145,0.0,0.0,0.0,0.0,7.913995742797852,,1.0204235315322876,0.0,0.0,,-0.1904925399693554,15.44577818482289
1257,SGZ,453528.769678026,5679124.24069699,0.0,0.0,0.0,0.0,17.577964782714844,,1.0542393922805786,0.0,0.0,,-0.1914342521072681,15.428577966324776
1258,SGZ,453529.662508329,5679124.01291574,0.0,0.0,0.0,0.0,11.696675300598145,,1.0464518070220947,0.0,0.0,,-0.2329477843046245,14.095160763089863
1259,SGZ,453530.546696773,5679123.78286385,0.0,0.0,0.0,0.0,11.53243350982666,,1.039989709854126,0.0,0.0,,-0.2433441736456402,14.221805531828355
1260,SGZ,453531.353200646,5679123.51684085,0.0,0.0,0.0,0.0,9.803754806518556,,1.0400865077972412,0.0,0.0,,-0.2278453825092551,14.839426859876548
1261,SGZ,453532.229002612,5679123.24123885,0.0,0.0,0.0,0.0,6.021716117858887,,1.025186538696289,0.0,0.0,,-0.1950843251680815,13.987345740511651
1262,SGZ,453532.888504057,5679122.95215277,0.0,0.0,0.0,0.0,15.67285442352295,,1.121475338935852,0.0,0.0,,-0.2328396217577215,13.573141371973591
1263,SGZ,453533.582598857,5679122.66770987,0.0,0.0,0.0,0.0,16.2529296875,,1.147209882736206,0.0,0.0,,-0.2488013103008582,13.443196195518489
1264,SGZ,453534.405259661,5679122.59710079,0.0,0.0,0.0,0.0,1.7753231525421145,,1.063031554222107,0.0,0.0,,-0.2467891068099453,13.326575488568054
1265,SGZ,453535.201719981,5679122.5662886,0.0,0.0,0.0,0.0,4.605936527252197,,1.05163311958313,0.0,0.0,,-0.2080594721725777,12.874951353875083
1266,SGZ,453535.997996926,5679122.56654871,0.0,0.0,0.0,0.0,6.811185359954834,,1.09570050239563,0.0,0.0,,-0.1880851929645135,12.222888314687546
1267,SGZ,453536.837371551,5679122.59702676,0.0,0.0,0.0,0.0,14.153181076049805,,1.0378473997116089,0.0,0.0,,-0.2040713688031201,12.149096470459517
1268,SGZ,453537.668104377,5679122.62523419,0.0,0.0,0.0,0.0,6.70552396774292,,1.08605694770813,0.0,0.0,,-0.1937958964740052,11.824310739789684
1269,SGZ,453538.541908699,5679122.68809845,0.0,0.0,0.0,0.0,4.556301116943359,,1.0407456159591677,0.0,0.0,,-0.17907092862464,12.114232621457678
1270,SGZ,453539.363921155,5679122.72735191,0.0,0.0,0.0,0.0,19.00983428955078,,1.1289745569229126,0.0,0.0,,-0.1943639343462987,12.68227820942067
1271,SGZ,453540.125604704,5679122.72296839,0.0,0.0,0.0,0.0,18.6582088470459,,1.114751935005188,0.0,0.0,,-0.2395827150251624,12.717672244307735
1272,SGZ,453541.051940886,5679122.68404386,0.0,0.0,0.0,0.0,4.60836124420166,,1.0650395154953003,0.0,0.0,,-0.2528332345662073,12.760224928642812
1273,SGZ,453541.892101306,5679122.58135404,0.0,0.0,0.0,0.0,7.080634117126465,,1.0263004302978516,0.0,0.0,,-0.1865742152839156,12.571368567698364
1274,SGZ,453542.715102506,5679122.45303825,0.0,0.0,0.0,0.0,9.213497161865234,,1.026096224784851,0.0,0.0,,-0.1742163639646291,12.242906175007082
1275,SGZ,453543.529501159,5679122.31579349,0.0,0.0,0.0,0.0,2.006037950515747,,1.0026495456695557,0.0,0.0,,-0.1631015685108879,11.355400854515391
1276,SGZ,453544.378244377,5679122.22536148,0.0,0.0,0.0,0.0,2.1738905906677246,,1.016369104385376,0.0,0.0,,-0.1403151720814361,10.703520059716013
1277,SGZ,453545.183745817,5679122.12912541,0.0,0.0,0.0,0.0,13.187512397766112,,1.0385963916778564,0.0,0.0,,-0.0835936454271794,10.392347712251825
1278,SGZ,453545.972238623,5679121.98173965,0.0,0.0,0.0,0.0,7.8404717445373535,,1.0164777040481567,0.0,0.0,,-0.0822856054594653,9.684411551299892
1279,SGZ,453546.786728834,5679121.82895836,0.0,0.0,0.0,0.0,0.5666919946670532,,1.0206915140151978,0.0,0.0,,-0.0587476330055337,8.853407368488192
1280,SGZ,453547.592099252,5679121.7549166,0.0,0.0,0.0,0.0,4.5948638916015625,,1.013649582862854,0.0,0.0,,-0.0412335575850214,8.864914236175162
1281,SGZ,453548.406144196,5679121.67759664,0.0,0.0,0.0,0.0,5.795268058776856,,1.0124937295913696,0.0,0.0,,-0.0202253738204873,10.190635945823956
1282,SGZ,453549.229164829,5679121.54595099,0.0,0.0,0.0,0.0,5.172884941101074,,1.0355076789855957,0.0,0.0,,-0.0039052113199235,10.739840003693809
1283,SGZ,453550.104127911,5679121.41239216,0.0,0.0,0.0,0.0,3.846639633178711,,1.010855197906494,0.0,0.0,,-0.0219845930337078,10.815905527848164
1284,SGZ,453550.926958625,5679121.31292844,0.0,0.0,0.0,0.0,17.481653213500977,,1.073842167854309,0.0,0.0,,-0.053068091080859,11.10095644473324
1285,SGZ,453551.592809654,5679121.41451603,0.0,0.0,0.0,0.0,10.875572204589844,,1.0540653467178345,0.0,0.0,,-0.0838687400978507,11.66092217962358
1286,SGZ,453552.371200556,5679121.51232841,0.0,0.0,0.0,0.0,5.42745304107666,,1.0197246074676514,0.0,0.0,,-0.1221566978319954,12.325900090033558
1287,SGZ,453553.107390619,5679121.42789007,0.0,0.0,0.0,0.0,8.639551162719727,,1.04485023021698,0.0,0.0,,-0.1315049604573207,12.848659940604064
1288,SGZ,453553.809871024,5679121.18899528,0.0,0.0,0.0,0.0,5.087897777557373,,1.020374059677124,0.0,0.0,,-0.1549912991045729,12.302831055615211
1289,SGZ,453554.323357648,5679120.70927601,0.0,0.0,0.0,0.0,2.2764596939086914,,1.084856033325195,0.0,0.0,,-0.1971596561825416,12.563182201532062
1290,SGZ,453554.715793494,5679120.20886684,0.0,0.0,0.0,0.0,7.189108848571777,,1.0259910821914673,0.0,0.0,,-0.2246734765527862,12.494821273835178
1291,SGZ,453555.039657836,5679119.59485698,0.0,0.0,0.0,0.0,4.025542259216309,,1.0232739448547363,0.0,0.0,,-0.3090424589221934,12.34806503570467
1292,SGZ,453555.285876825,5679118.93821796,0.0,0.0,0.0,0.0,15.408917427062988,,1.0634207725524902,0.0,0.0,,-0.3687418171805661,12.723263990958875
1293,SGZ,453555.410724319,5679118.31526573,0.0,0.0,0.0,0.0,6.831546783447266,,1.0166971683502195,0.0,0.0,,-0.465010482274792,12.934970951132224
1294,SGZ,453555.509882056,5679117.64555177,0.0,0.0,0.0,0.0,4.686898231506348,,1.0129714012145996,0.0,0.0,,-0.555865679068031,12.874590573051805
1295,SGZ,453555.531918183,5679116.84443044,0.0,0.0,0.0,0.0,15.809931755065918,,1.0465742349624634,0.0,0.0,,-0.6321298922651746,11.781121769551495
1296,SGZ,453555.50140307,5679116.14842692,0.0,0.0,0.0,0.0,9.323681831359863,,1.025761365890503,0.0,0.0,,-0.6334184241117085,11.78919124037138
1297,SGZ,453555.419423395,5679115.37332641,0.0,0.0,0.0,0.0,7.954687595367432,,1.0112719535827637,0.0,0.0,,-0.5687129867466839,12.306555195582442
1298,SGZ,453555.29478463,5679114.49365621,0.0,0.0,0.0,0.0,11.160648345947266,,1.0581178665161133,0.0,0.0,,-0.5295033456109839,12.59111949272011
1299,SGZ,453555.239182078,5679113.648796,0.0,0.0,0.0,0.0,16.1888370513916,,1.0635305643081665,0.0,0.0,,-0.5168892210908936,12.13166560781107
1300,SGZ,453555.131480004,5679112.83248238,0.0,0.0,0.0,0.0,14.636395454406738,,1.0963964462280271,0.0,0.0,,-0.3696115030397108,12.037437921655457
1301,SGZ,453554.875695655,5679112.17621135,0.0,0.0,0.0,0.0,6.201091289520264,,1.0347896814346311,0.0,0.0,,-0.3218959899557261,12.372529615851615
1302,SGZ,453554.611518314,5679111.47550015,0.0,0.0,0.0,0.0,3.4220874309539795,,1.0126770734786987,0.0,0.0,,-0.3681866355894258,12.42119821823244
1303,SGZ,453554.339805562,5679110.58497443,0.0,0.0,0.0,0.0,6.189513206481934,,1.0942589044570925,0.0,0.0,,-0.421431738794744,10.77072373352269
1304,SGZ,453554.093926603,5679109.71679643,0.0,0.0,0.0,0.0,1.0049818754196167,,1.0152699947357178,0.0,0.0,,-0.3583317825595531,10.101767044255368
1305,SGZ,453553.925673253,5679108.89457676,0.0,0.0,0.0,0.0,6.993168830871582,,1.0198520421981812,0.0,0.0,,-0.2494476931341416,9.70340614452491
1306,SGZ,453553.791928185,5679108.09142668,0.0,0.0,0.0,0.0,6.311479091644287,,1.0200364589691162,0.0,0.0,,-0.1325476346752811,9.225540532301435
1307,SGZ,453553.701464106,5679107.28742216,0.0,0.0,0.0,0.0,9.83044147491455,,1.0346474647521973,0.0,0.0,,-0.0618043522164853,9.304828640983033
1308,SGZ,453553.66302753,5679106.46707805,0.0,0.0,0.0,0.0,6.363149642944336,,1.0443190336227417,0.0,0.0,,0.0344658865824202,9.395586596733825
1309,SGZ,453553.667675521,5679105.67917133,0.0,0.0,0.0,0.0,8.463029861450195,,1.0225050449371338,0.0,0.0,,0.1105097648944339,9.79421362965003
1310,SGZ,453553.706995403,5679104.88259102,0.0,0.0,0.0,0.0,1.3344255685806274,,1.037145972251892,0.0,0.0,,0.0636191674302465,10.286066638164687
1311,SGZ,453553.738066281,5679104.01715653,0.0,0.0,0.0,0.0,5.012441635131836,,1.0262082815170288,0.0,0.0,,0.0464010123698097,10.49578678116779
1312,SGZ,453553.769196074,5679103.14173448,0.0,0.0,0.0,0.0,8.76692008972168,,1.0197365283966064,0.0,0.0,,-0.012924676918659,11.4089748608379
1313,SGZ,453553.76570635,5679102.26610821,0.0,0.0,0.0,0.0,12.499451637268066,,1.0834378004074097,0.0,0.0,,-0.0736036863039977,11.846347030386312
1314,SGZ,453553.72744656,5679101.41580145,0.0,0.0,0.0,0.0,17.59786605834961,,1.093927264213562,0.0,0.0,,-0.1693477982302439,12.815795812033825
1315,SGZ,453553.567822133,5679100.59807173,0.0,0.0,0.0,0.0,2.727592945098877,,1.0096518993377686,0.0,0.0,,-0.1880340009996725,12.948887030136296
1316,SGZ,453553.399091156,5679099.85686216,0.0,0.0,0.0,0.0,3.217874526977539,,1.0058931112289429,0.0,0.0,,-0.1198365654526083,13.001883298372714
1317,SGZ,453553.238347341,5679099.22889588,0.0,0.0,0.0,0.0,4.905698299407959,,1.0079859495162964,0.0,0.0,,-0.1375069678835406,12.462147326831122
1318,SGZ,453553.043848207,5679098.4542413,0.0,0.0,0.0,0.0,2.1297366619110107,,1.00538969039917,0.0,0.0,,-0.2240705962753764,11.600952990623862
1319,SGZ,453552.857886145,5679097.69961287,0.0,0.0,0.0,0.0,10.205641746520996,,1.0393388271331787,0.0,0.0,,-0.2812021720684803,11.192806828905846
1320,SGZ,453552.654634019,5679096.94155314,0.0,0.0,0.0,0.0,2.9839892387390137,,1.0064305067062378,0.0,0.0,,-0.3460618655228062,12.153118397220751
1321,SGZ,453552.38182873,5679096.23635187,0.0,0.0,0.0,0.0,13.571139335632324,,1.0454269647598269,0.0,0.0,,-0.4104032625709286,12.358570368627596
1322,SGZ,453552.143479303,5679095.55909801,0.0,0.0,0.0,0.0,1.4495898485183716,,1.009548306465149,0.0,0.0,,-0.4108980713152524,13.182739891163802
1323,SGZ,453551.939762487,5679094.87982893,0.0,0.0,0.0,0.0,2.47163987159729,,1.0436837673187256,0.0,0.0,,-0.3948315201881033,13.807509595885731
1324,SGZ,453551.882549978,5679094.30796171,0.0,0.0,0.0,0.0,13.94552516937256,,1.0535790920257568,0.0,0.0,,-0.3175218498958352,14.04985636415902
1325,SGZ,453551.851518122,5679093.69962664,0.0,0.0,0.0,0.0,12.789957046508787,,1.0527523756027222,0.0,0.0,,-0.2777679023087056,13.741600015235525
1326,SGZ,453551.839478524,5679092.80619365,0.0,0.0,0.0,0.0,11.169270515441896,,1.0970553159713743,0.0,0.0,,-0.2938953060725885,13.596973184400166
1327,SGZ,453551.870687066,5679091.91745486,0.0,0.0,0.0,0.0,11.721620559692385,,1.029586672782898,0.0,0.0,,-0.2373860799563155,13.617420246246043
1328,SGZ,453552.031247212,5679091.10938235,0.0,0.0,0.0,0.0,8.210007667541504,,1.0301513671875,0.0,0.0,,-0.1211365320327083,13.506404755309166
1329,SGZ,453552.183466704,5679090.24799185,0.0,0.0,0.0,0.0,10.876880645751951,,1.0896492004394531,0.0,0.0,,-0.0875678293884666,12.81647115544392
1330,SGZ,453552.257497798,5679089.43607957,0.0,0.0,0.0,0.0,3.829600095748901,,1.0534590482711792,0.0,0.0,,-0.1476712970430515,12.959483918922016
1331,SGZ,453552.149266132,5679088.70965382,0.0,0.0,0.0,0.0,3.3219051361083984,,1.0718075037002563,0.0,0.0,,-0.2002075513624282,13.424431018210814
1332,SGZ,453551.981052761,5679087.88077571,0.0,0.0,0.0,0.0,5.394169807434082,,1.051228404045105,0.0,0.0,,-0.1390485714768884,13.212469578534964
1333,SGZ,453551.82110148,5679087.11853233,0.0,0.0,0.0,0.0,17.002859115600586,,1.0773847103118896,0.0,0.0,,-0.1440859083904941,12.352058126872036
1334,SGZ,453551.643958356,5679086.33621171,0.0,0.0,0.0,0.0,6.144405841827393,,1.0664650201797483,0.0,0.0,,-0.2450833447164094,12.779109327012304
1335,SGZ,453551.484144625,5679085.55066403,0.0,0.0,0.0,0.0,8.223525047302246,,1.0706342458724976,0.0,0.0,,-0.2541161572797376,12.857972091227245
1336,SGZ,453551.341359128,5679084.81293676,0.0,0.0,0.0,0.0,9.762965202331545,,1.0649124383926392,0.0,0.0,,-0.1963159082212223,12.29829673841686
1337,SGZ,453551.198874818,5679084.02416201,0.0,0.0,0.0,0.0,16.3327693939209,,1.0859968662261963,0.0,0.0,,-0.1161613600352722,11.470220188176668
1338,SGZ,453551.021810393,5679083.22852464,0.0,0.0,0.0,0.0,1.5015199184417725,,1.0079702138900757,0.0,0.0,,-0.0740334088534983,10.981073678566604
1339,SGZ,453550.896498371,5679082.46315628,0.0,0.0,0.0,0.0,10.781556129455566,,1.0339584350585938,0.0,0.0,,-0.1710993718977091,11.107186194370923
1340,SGZ,453550.832051873,5679081.65042705,0.0,0.0,0.0,0.0,6.914835453033447,,1.028290033340454,0.0,0.0,,-0.211819563094463,11.629572164915771
1341,SGZ,453550.784974018,5679080.82781238,0.0,0.0,0.0,0.0,2.3948559761047363,,1.02720308303833,0.0,0.0,,-0.1237935322819265,10.91094588635821
1342,SGZ,453550.72922823,5679080.0073661,0.0,0.0,0.0,0.0,10.283246040344238,,1.0452347993850708,0.0,0.0,,-0.1335937711559114,11.083741006291522
1343,SGZ,453550.656166204,5679079.18792743,0.0,0.0,0.0,0.0,15.629441261291504,,1.0631532669067385,0.0,0.0,,-0.1620891198054871,12.223895161140463
1344,SGZ,453550.539561514,5679078.4137323,0.0,0.0,0.0,0.0,3.9416656494140634,,1.030463695526123,0.0,0.0,,-0.2988707628845967,13.00700633614492
1345,SGZ,453550.431389103,5679077.67731897,0.0,0.0,0.0,0.0,5.808785915374756,,1.0541884899139404,0.0,0.0,,-0.3527491213243787,13.14535221612612
1346,SGZ,453550.349547892,5679076.87891406,0.0,0.0,0.0,0.0,5.7803168296813965,,1.0207459926605225,0.0,0.0,,-0.2882065328127591,12.318638620441964
1347,SGZ,453550.320080986,5679076.00535402,0.0,0.0,0.0,0.0,1.808187484741211,,1.0044132471084597,0.0,0.0,,-0.2531235413406178,12.41673825091919
1348,SGZ,453550.273278205,5679075.13613077,0.0,0.0,0.0,0.0,1.096458077430725,,1.000727653503418,0.0,0.0,,-0.2376252477196396,12.16662377504561
1349,SGZ,453550.148313393,5679074.31194681,0.0,0.0,0.0,0.0,2.43514347076416,,1.0015292167663574,0.0,0.0,,-0.2930667492470103,10.9184745236203
1350,SGZ,453550.006052016,5679073.48544127,0.0,0.0,0.0,0.0,0.8421301245689392,,1.0026671886444092,0.0,0.0,,-0.241538063503392,9.344660432198442
1351,SGZ,453549.837747565,5679072.67209929,0.0,0.0,0.0,0.0,1.0069509744644165,,1.001408934593201,0.0,0.0,,-0.197134233933437,7.71738176159552
1352,SGZ,453549.678058714,5679071.86546672,0.0,0.0,0.0,0.0,2.95217514038086,,1.0081729888916016,0.0,0.0,,-0.1060471735824683,6.843822545891638
1353,SGZ,453549.518422277,5679071.04995632,0.0,0.0,0.0,0.0,0.8887730836868286,,1.0030784606933594,0.0,0.0,,-0.1003078455136152,5.952788235419756
1354,SGZ,453549.333260007,5679070.15994097,0.0,0.0,0.0,0.0,1.034595251083374,,1.0034048557281494,0.0,0.0,,-0.1529629813758715,5.264077133044468
1355,SGZ,453549.182199918,5679069.35779837,0.0,0.0,0.0,0.0,4.310577869415283,,1.011266827583313,0.0,0.0,,-0.1972793139090949,4.976952075529585
1356,SGZ,453549.073844452,5679068.65245738,0.0,0.0,0.0,0.0,2.6358063220977783,,1.0243462324142456,0.0,0.0,,-0.1749697305935031,5.167180958373452
1357,SGZ,453548.991846361,5679067.88068592,0.0,0.0,0.0,0.0,6.889251232147217,,1.0139522552490234,0.0,0.0,,-0.241143154482016,6.126005425604257
1358,SGZ,453548.927243078,5679067.09459011,0.0,0.0,0.0,0.0,6.989771842956543,,1.0296310186386108,0.0,0.0,,-0.2933271787701058,6.9492677586696985
1359,SGZ,453548.871386303,5679066.29300918,0.0,0.0,0.0,0.0,8.364124298095703,,1.0540359020233154,0.0,0.0,,-0.3487310506844785,7.500897322936853
1360,SGZ,453548.841402394,5679065.50711761,0.0,0.0,0.0,0.0,2.9543771743774414,,1.0114842653274536,0.0,0.0,,-0.3436226990121632,7.919602219236843
1361,SGZ,453548.8031303,5679064.65903023,0.0,0.0,0.0,0.0,1.7074785232543943,,1.0335708856582642,0.0,0.0,,-0.2626811138204082,8.356539515755506
1362,SGZ,453548.738435409,5679063.88847061,0.0,0.0,0.0,0.0,5.951988697052002,,1.0221123695373535,0.0,0.0,,-0.1424191540882835,8.196275861785663
1363,SGZ,453548.638983699,5679063.14101102,0.0,0.0,0.0,0.0,1.021271586418152,,1.020498752593994,0.0,0.0,,-0.1113668275264135,8.092884005661507
1364,SGZ,453548.522183061,5679062.40010767,0.0,0.0,0.0,0.0,3.8276093006134033,,1.0084348917007446,0.0,0.0,,-0.1180633126093766,7.97670867444747
1365,SGZ,453548.362278514,5679061.63009608,0.0,0.0,0.0,0.0,5.792590141296387,,1.048344969749451,0.0,0.0,,-0.1514266846617233,7.248680133783102
1366,SGZ,453548.202256147,5679060.88005958,0.0,0.0,0.0,0.0,1.125038743019104,,1.0072181224822998,0.0,0.0,,-0.1317936209403283,7.304328574879685
1367,SGZ,453548.05946491,5679060.14344195,0.0,0.0,0.0,0.0,6.40413236618042,,1.013419508934021,0.0,0.0,,-0.1077837963054973,6.887008570986841
1368,SGZ,453547.925132104,5679059.4401672,0.0,0.0,0.0,0.0,6.628015041351318,,1.0097124576568604,0.0,0.0,,-0.1022144436906063,6.254686922133286
1369,SGZ,453547.78249151,5679058.67802582,0.0,0.0,0.0,0.0,1.0513107776641846,,1.0161060094833374,0.0,0.0,,-0.0908322298075643,5.964674164227282
1370,SGZ,453547.649009921,5679057.83048645,0.0,0.0,0.0,0.0,1.5908664464950562,,1.016022562980652,0.0,0.0,,-0.0787574430542785,5.929174408544212
1371,SGZ,453547.532458268,5679057.04741341,0.0,0.0,0.0,0.0,3.612125396728516,,1.015774846076965,0.0,0.0,,-0.0498414271150325,5.537566081970415
1372,SGZ,453547.424574561,5679056.26217199,0.0,0.0,0.0,0.0,3.194475650787353,,1.015392780303955,0.0,0.0,,-0.0514013802977788,5.44946422997248
1373,SGZ,453547.342773207,5679055.45710865,0.0,0.0,0.0,0.0,5.389423370361328,,1.0390857458114624,0.0,0.0,,-0.064450246887891,5.672435210513154
1374,SGZ,453547.295532243,5679054.66223712,0.0,0.0,0.0,0.0,0.2951046824455261,,1.0208067893981934,0.0,0.0,,-0.0918215435418356,6.044444991384725
1375,SGZ,453547.265895578,5679053.81752996,0.0,0.0,0.0,0.0,3.256675243377685,,1.007023811340332,0.0,0.0,,-0.1958473609243229,6.230510409278561
1376,SGZ,453547.227322552,5679053.02049003,0.0,0.0,0.0,0.0,5.1871771812438965,,1.0068724155426023,0.0,0.0,,-0.2251900999236167,6.132045838706667
1377,SGZ,453547.171119065,5679052.27772464,0.0,0.0,0.0,0.0,2.6084418296813965,,1.0373454093933103,0.0,0.0,,-0.3165826084139888,6.091673696229857
1378,SGZ,453547.097776183,5679051.5060042,0.0,0.0,0.0,0.0,6.711203575134277,,1.025673747062683,0.0,0.0,,-0.3591551531627114,6.07632508968892
1379,SGZ,453546.981185406,5679050.72958951,0.0,0.0,0.0,0.0,6.030200481414795,,1.022655010223389,0.0,0.0,,-0.3213896109013345,5.501051326842264
1380,SGZ,453546.855985668,5679049.94535567,0.0,0.0,0.0,0.0,7.297243595123291,,1.024829626083374,0.0,0.0,,-0.298275341638306,4.674958830666229
1381,SGZ,453546.73074667,5679049.16778019,0.0,0.0,0.0,0.0,3.368473052978516,,1.021662712097168,0.0,0.0,,-0.2885771342107188,4.214270672147677
1382,SGZ,453546.597036214,5679048.35908126,0.0,0.0,0.0,0.0,1.8168752193450928,,1.0086206197738647,0.0,0.0,,-0.1516508002746608,4.0767747734025415
1383,SGZ,453546.463247213,5679047.56369907,0.0,0.0,0.0,0.0,0.8862196803092957,,1.0011507272720337,0.0,0.0,,-0.1569591306756214,4.0467166702026045
1384,SGZ,453546.337896985,5679046.80498895,0.0,0.0,0.0,0.0,0.6489954590797424,,1.002808690071106,0.0,0.0,,-0.1837658190749621,3.885787256101007
1385,SGZ,453546.195878826,5679045.93742337,0.0,0.0,0.0,0.0,0.7099990248680115,,1.0175886154174805,0.0,0.0,,-0.2395415920442605,3.9190517784320016
1386,SGZ,453546.061998245,5679045.15757735,0.0,0.0,0.0,0.0,2.422905445098877,,1.0036406517028809,0.0,0.0,,-0.3089718996757778,4.10252575873253
1387,SGZ,453545.954141062,5679044.36789698,0.0,0.0,0.0,0.0,3.76362681388855,,1.0025938749313354,0.0,0.0,,-0.2806075987916011,4.240019915642987
1388,SGZ,453545.863645909,5679043.56944091,0.0,0.0,0.0,0.0,3.254547595977783,,1.0019725561141968,0.0,0.0,,-0.3283009201980559,4.06258047698732
1389,SGZ,453545.798578301,5679042.86213572,0.0,0.0,0.0,0.0,1.7157049179077148,,1.002420425415039,0.0,0.0,,-0.3272146924395564,3.865639337843341
1390,SGZ,453545.733844637,5679042.09823442,0.0,0.0,0.0,0.0,3.653441190719605,,1.004054069519043,0.0,0.0,,-0.292705418607589,3.782445159488444
1391,SGZ,453545.669523494,5679041.26442024,0.0,0.0,0.0,0.0,1.4367294311523438,,1.0383851528167725,0.0,0.0,,-0.1906319114164906,4.003205605496363
1392,SGZ,453545.587460598,5679040.50374598,0.0,0.0,0.0,0.0,0.5660386085510254,,1.0322717428207395,0.0,0.0,,-0.1054687688945008,4.214376408645809
1393,SGZ,453545.428375297,5679039.59501831,0.0,0.0,0.0,0.0,0.685422420501709,,1.0036426782608032,0.0,0.0,,-0.0735108784481016,4.535642164286062
1394,SGZ,453545.277159107,5679038.81950905,0.0,0.0,0.0,0.0,2.492143392562866,,1.0176012516021729,0.0,0.0,,-0.1203331413294277,4.9846895631162855
1395,SGZ,453545.125942953,5679038.04399979,0.0,0.0,0.0,0.0,0.8648733496665955,,1.025202751159668,0.0,0.0,,-0.1219724986490395,5.449551596598489
1396,SGZ,453545.009555578,5679037.23318349,0.0,0.0,0.0,0.0,1.2991052865982056,,1.1111574172973633,0.0,0.0,,-0.1260765530682161,5.777690897279745
1397,SGZ,453544.953712574,5679036.42938303,0.0,0.0,0.0,0.0,5.307399272918701,,1.0332236289978027,0.0,0.0,,-0.1678761016211881,6.016882352730144
1398,SGZ,453544.914989306,5679035.65786681,0.0,0.0,0.0,0.0,6.09417200088501,,1.0166436433792114,0.0,0.0,,-0.1840172811380173,6.030987245583081
1399,SGZ,453544.876292237,5679034.88191168,0.0,0.0,0.0,0.0,2.74072265625,,1.009548544883728,0.0,0.0,,-0.1604715096490309,6.124305176425192
1400,SGZ,453544.829372535,5679034.03266343,0.0,0.0,0.0,0.0,2.121946334838867,,1.0074620246887207,0.0,0.0,,-0.1383173469907526,5.917332704079519
1401,SGZ,453544.773326598,5679033.26326453,0.0,0.0,0.0,0.0,8.752019882202148,,1.030789852142334,0.0,0.0,,-0.0790042104567362,5.473327819605353
1402,SGZ,453544.80341616,5679032.56428915,0.0,0.0,0.0,0.0,4.154407501220703,,1.0134212970733645,0.0,0.0,,-0.1175320183566957,5.330467804918867
1403,SGZ,453544.920007879,5679031.87359254,0.0,0.0,0.0,0.0,3.1230475902557373,,1.0031903982162476,0.0,0.0,,-0.1537310826374026,5.096308811210713
1404,SGZ,453545.08802419,5679031.26865138,0.0,0.0,0.0,0.0,3.496445894241333,,1.0161551237106323,0.0,0.0,,-0.1964844398185795,4.719099150709488
1405,SGZ,453545.359799837,5679030.68096892,0.0,0.0,0.0,0.0,1.9141494035720823,,1.0076252222061155,0.0,0.0,,-0.2124110369324778,4.105630923568871
1406,SGZ,453545.709259098,5679030.12925735,0.0,0.0,0.0,0.0,5.706485748291016,,1.0592087507247925,0.0,0.0,,-0.2628285336951806,3.096621127431972
1407,SGZ,453546.154169889,5679029.53593783,0.0,0.0,0.0,0.0,2.98264217376709,,1.0053476095199585,0.0,0.0,,-0.2838507735517375,2.7874772371379
1408,SGZ,453546.659415377,5679028.98514539,0.0,0.0,0.0,0.0,1.835626006126404,,1.0035483837127686,0.0,0.0,,-0.3570891660289698,2.482604293229224
1409,SGZ,453547.2078824,5679028.44348606,0.0,0.0,0.0,0.0,2.184675931930542,,1.001649022102356,0.0,0.0,,-0.3624264475674155,2.3170834528184026
1410,SGZ,453547.712931322,5679027.9259854,0.0,0.0,0.0,0.0,0.8469499349594116,,1.0012450218200684,0.0,0.0,,-0.3691632027760503,2.368838835079613
1411,SGZ,453548.200624756,5679027.41615067,0.0,0.0,0.0,0.0,1.5332826375961304,,1.0056182146072388,0.0,0.0,,-0.3477601524967057,2.3829945100232583
1412,SGZ,453548.757471369,5679026.92115087,0.0,0.0,0.0,0.0,1.7056931257247925,,1.002597451210022,0.0,0.0,,-0.2366040765923595,2.504014586373285
1413,SGZ,453549.34880614,5679026.44854984,0.0,0.0,0.0,0.0,2.9028444290161133,,1.0042465925216677,0.0,0.0,,-0.1363641004235642,2.7565673411110168
1414,SGZ,453549.983473729,5679025.96621653,0.0,0.0,0.0,0.0,2.223350048065185,,1.0029313564300537,0.0,0.0,,-0.1168512269898606,3.048714262181353
1415,SGZ,453550.609060889,5679025.55596441,0.0,0.0,0.0,0.0,2.333225011825561,,1.0026859045028689,0.0,0.0,,-0.0634001568698805,3.2058884664389686
1416,SGZ,453551.208303882,5679025.20992329,0.0,0.0,0.0,0.0,7.880367755889893,,1.050722360610962,0.0,0.0,,-0.0875451986055812,3.525890791769116
1417,SGZ,453552.006659411,5679024.85617866,0.0,0.0,0.0,0.0,1.1946152448654177,,1.0028997659683228,0.0,0.0,,-0.1792663424288487,3.792483366966375
1418,SGZ,453552.769996347,5679024.56992312,0.0,0.0,0.0,0.0,2.5861730575561523,,1.008805751800537,0.0,0.0,,-0.1962076542444593,3.817654954755307
1419,NVB,453553.489902153,5679024.31004569,0.0,0.0,0.0,0.0,4.542381763458252,,1.0059144496917725,0.0,0.0,,-0.1880320214397453,4.066425435787978
1420,NVB,453554.183679871,5679024.07775822,0.0,0.0,0.0,0.0,1.797392725944519,,1.0016509294509888,0.0,0.0,,-0.1834899944207819,4.101475346414087
1421,NVB,453554.851506268,5679023.84309806,0.0,0.0,0.0,0.0,1.8026483058929443,,1.0025657415390017,0.0,0.0,,-0.1362726395860105,4.132265471356551
1422,NVB,453555.571503586,5679023.56768425,0.0,0.0,0.0,0.0,3.012942314147949,,1.003187656402588,0.0,0.0,,-0.0711904631667269,4.175853635486728
1423,NVB,453556.265765599,5679023.25327673,0.0,0.0,0.0,0.0,2.770912170410156,,1.023049235343933,0.0,0.0,,-0.0074244212728143,4.308714089881165
1424,NVB,453556.882088626,5679022.94617776,0.0,0.0,0.0,0.0,0.9403511881828308,,1.0136114358901978,0.0,0.0,,0.0029787640763316,4.545582268430935
1425,NVB,453557.515753916,5679022.63363222,0.0,0.0,0.0,0.0,1.7546294927597046,,1.012844800949097,0.0,0.0,,-0.0054676945541201,4.785618702896473
1426,NVB,453558.227482451,5679022.29269316,0.0,0.0,0.0,0.0,3.224093198776245,,1.0569305419921875,0.0,0.0,,-0.0827035513633169,5.570669437884706
1427,NVB,453558.947885347,5679021.94847591,0.0,0.0,0.0,0.0,4.407945156097412,,1.024060606956482,0.0,0.0,,-0.176755245272256,5.505877838347067
1428,NVB,453559.694383464,5679021.58221719,0.0,0.0,0.0,0.0,4.374964237213135,,1.0448790788650513,0.0,0.0,,-0.2697460491585198,5.653833418640618
1429,NVB,453560.406124897,5679021.23905849,0.0,0.0,0.0,0.0,6.951605319976807,,1.0095375776290894,0.0,0.0,,-0.2857870909450609,6.077534524762528
1430,NVB,453561.187307482,5679020.86190654,0.0,0.0,0.0,0.0,4.581480503082275,,1.036979079246521,0.0,0.0,,-0.3026202928296489,6.14139527156078
1431,NVB,453561.933772663,5679020.50119625,0.0,0.0,0.0,0.0,2.64290452003479,,1.0098727941513062,0.0,0.0,,-0.2914002836947563,5.904169409973133
1432,NVB,453562.688958012,5679020.12943966,0.0,0.0,0.0,0.0,4.874615669250488,,1.0093684196472168,0.0,0.0,,-0.2776325042425799,5.180038272166786
1433,NVB,453563.400738452,5679019.77962232,0.0,0.0,0.0,0.0,3.862523078918457,,1.0088268518447876,0.0,0.0,,-0.2587190870493243,4.595264453183296
1434,NVB,453564.086430116,5679019.4507366,0.0,0.0,0.0,0.0,1.7634072303771973,,1.00289785861969,0.0,0.0,,-0.2610082369438795,4.512343309575418
1435,NVB,453564.823926074,5679019.14324193,0.0,0.0,0.0,0.0,1.5670852661132812,,1.0127863883972168,0.0,0.0,,-0.1949155272174002,4.4286168260197565
1436,NVB,453565.535267819,5679018.86777617,0.0,0.0,0.0,0.0,3.9424023628234863,,1.00853168964386,0.0,0.0,,-0.198640774059741,3.9018320972611953
1437,NVB,453566.194700433,5679018.5886749,0.0,0.0,0.0,0.0,3.751091241836548,,1.006444215774536,0.0,0.0,,-0.1642534197273087,3.769831149863777
1438,NVB,453566.871553837,5679018.29081028,0.0,0.0,0.0,0.0,2.720890522003174,,1.002205729484558,0.0,0.0,,-0.1506118759727307,3.6942115956638295
1439,NVB,453567.548381005,5679017.99738452,0.0,0.0,0.0,0.0,1.410440444946289,,1.0081498622894287,0.0,0.0,,-0.1440560225416885,4.052340464487685
1440,NVB,453568.277149918,5679017.70204549,0.0,0.0,0.0,0.0,2.4287257194519043,,1.0054314136505127,0.0,0.0,,-0.1408661099818302,4.125135522926724
1441,NVB,453569.049218866,5679017.40252269,0.0,0.0,0.0,0.0,4.848868370056152,,1.007175326347351,0.0,0.0,,-0.116381773288108,3.845936568644485
1442,NVB,453569.769319792,5679017.10935194,0.0,0.0,0.0,0.0,0.4494629800319671,,1.00290048122406,0.0,0.0,,-0.1368333111990595,2.932139461985676
1443,NVB,453570.428791375,5679016.82359194,0.0,0.0,0.0,0.0,0.4878654778003692,,1.001099705696106,0.0,0.0,,-0.0791552452502898,2.683733234814556
1444,NVB,453571.131464835,5679016.55029409,0.0,0.0,0.0,0.0,1.147045016288757,,1.0036159753799438,0.0,0.0,,-0.025787347176852,2.49908868597084
1445,NVB,453571.868803183,5679016.26943223,0.0,0.0,0.0,0.0,1.9519555568695068,,1.0048186779022217,0.0,0.0,,-0.0179870513445527,2.4399890010196708
1446,NVB,453572.684309361,5679015.94242107,0.0,0.0,0.0,0.0,1.1965574026107788,,1.0018612146377563,0.0,0.0,,0.0161192357476248,2.244587295659594
1447,NVB,453573.395886111,5679015.62700439,0.0,0.0,0.0,0.0,1.0779911279678345,,1.0035744905471802,0.0,0.0,,-0.0242518960719541,2.392789619745448
1448,NVB,453574.107469347,5679015.31047792,0.0,0.0,0.0,0.0,4.222681045532227,,1.012967586517334,0.0,0.0,,-0.0226445221373643,2.3324997319428773
1449,NVB,453574.758606477,5679014.97028987,0.0,0.0,0.0,0.0,1.4636672735214231,,1.0012224912643433,0.0,0.0,,-0.0354558171399929,2.338955362353779
1450,NVB,453575.557548803,5679014.51666735,0.0,0.0,0.0,0.0,0.9676077365875244,,1.0012450218200684,0.0,0.0,,-0.0352763173085639,2.246830525381673
1451,NVB,453576.23459125,5679014.18661982,0.0,0.0,0.0,0.0,1.1358108520507812,,1.0008665323257446,0.0,0.0,,-0.0456356664386965,2.193764749067109
1452,NVB,453576.920124839,5679013.88436647,0.0,0.0,0.0,0.0,1.6632007360458374,,1.000918745994568,0.0,0.0,,-0.0914377521689032,2.1429610017585525
1453,NVB,453577.614496361,5679013.5510917,0.0,0.0,0.0,0.0,1.27865469455719,,1.00187349319458,0.0,0.0,,-0.1334727046460131,2.103749279169409
1454,NVB,453578.439029753,5679013.16087648,0.0,0.0,0.0,0.0,1.281670093536377,,1.0011169910430908,0.0,0.0,,-0.1511917803815808,2.048708189688705
1455,NVB,453579.168046433,5679012.82336679,0.0,0.0,0.0,0.0,2.719019651412964,,1.0025392770767212,0.0,0.0,,-0.2226123383465173,1.999706616964727
1456,NVB,453579.853403125,5679012.55107584,0.0,0.0,0.0,0.0,1.327559471130371,,1.001082420349121,0.0,0.0,,-0.315560204069,1.952135127805048
1457,NVB,453580.703527688,5679012.22426796,0.0,0.0,0.0,0.0,0.6502050161361694,,1.0011872053146362,0.0,0.0,,-0.4171254799528105,1.9257089288724836
1458,NVB,453581.466829611,5679011.94355829,0.0,0.0,0.0,0.0,1.1814091205596924,,1.0015904903411863,0.0,0.0,,-0.4872735035155525,1.771226456907551
1459,NVB,453582.247473747,5679011.65740196,0.0,0.0,0.0,0.0,0.7353347539901733,,1.0004643201828003,0.0,0.0,,-0.5171841356518404,1.7844467013978411
1460,NVB,453583.010926036,5679011.3511684,0.0,0.0,0.0,0.0,1.5626715421676636,,1.000993728637695,0.0,0.0,,-0.5028205189815503,1.7876844001217924
1461,NVB,453583.800447274,5679011.02733219,0.0,0.0,0.0,0.0,0.7318057417869568,,1.000396728515625,0.0,0.0,,-0.4382619204523538,1.97065948534723
1462,NVB,453584.607448098,5679010.67474503,0.0,0.0,0.0,0.0,2.2428295612335205,,1.007853865623474,0.0,0.0,,-0.3308360331277489,2.0839731871832727
1463,NVB,453585.345073257,5679010.34505389,0.0,0.0,0.0,0.0,1.2003216743469238,,1.0018415451049805,0.0,0.0,,-0.230788075925528,2.293957310449481
1464,NVB,453586.056779826,5679010.00744151,0.0,0.0,0.0,0.0,2.474698066711426,,1.002675175666809,0.0,0.0,,-0.1462950065988738,2.440546721934316
1465,NVB,453586.768486328,5679009.66982908,0.0,0.0,0.0,0.0,1.1677318811416626,,1.0041197538375854,0.0,0.0,,-0.0463866396629941,2.4384488306825367
1466,NVB,453587.488821377,5679009.33670651,0.0,0.0,0.0,0.0,0.7247373461723328,,1.0039961338043213,0.0,0.0,,0.0668994139008681,2.462479272528637
1467,NVB,453588.261340141,5679008.96061061,0.0,0.0,0.0,0.0,1.093706130981445,,1.0013024806976318,0.0,0.0,,0.1272130134886177,2.589281713664203
1468,NVB,453588.973209997,5679008.59525478,0.0,0.0,0.0,0.0,1.2427304983139038,,1.000979781150818,0.0,0.0,,0.1937848828499058,2.4600475117904748
1469,NVB,453589.65889305,5679008.26747658,0.0,0.0,0.0,0.0,3.3661465644836426,,1.0043165683746338,0.0,0.0,,0.161716600007736,2.5251809712393163
1470,NVB,453590.405290287,5679007.91786088,0.0,0.0,0.0,0.0,1.0063406229019165,,1.0077857971191406,0.0,0.0,,0.1899696425475084,2.488837735683106
1471,NVB,453591.255754053,5679007.53334601,0.0,0.0,0.0,0.0,1.550862193107605,,1.0069565773010254,0.0,0.0,,0.2016747081837945,2.546873363446833
1472,NVB,453592.002013781,5679007.20703445,0.0,0.0,0.0,0.0,2.37469744682312,,1.0074161291122437,0.0,0.0,,0.2230382850779144,2.712485693303052
1473,NVB,453592.756974008,5679006.87300574,0.0,0.0,0.0,0.0,1.443062424659729,,1.001539945602417,0.0,0.0,,0.2599366511123591,2.659545972997101
1474,NVB,453593.503344808,5679006.52782866,0.0,0.0,0.0,0.0,1.964833378791809,,1.0015628337860107,0.0,0.0,,0.3115968331877835,2.5103381770685425
1475,NVB,453594.188916292,5679006.21891545,0.0,0.0,0.0,0.0,2.052506446838379,,1.0071903467178345,0.0,0.0,,0.3605619041027375,2.3279525375596606
1476,NVB,453594.874284957,5679005.94440373,0.0,0.0,0.0,0.0,1.5468473434448242,,1.001537561416626,0.0,0.0,,0.3818959782161706,2.3489427197032025
1477,NVB,453595.620361242,5679005.64916421,0.0,0.0,0.0,0.0,1.3762444257736206,,1.0010191202163696,0.0,0.0,,0.4224517092154995,2.241003880265009
1478,NVB,453597.069331356,5679005.04289372,0.0,0.0,0.0,0.0,0.9014855027198792,,1.0059435367584229,0.0,0.0,,0.4192345100450269,2.0458742903807368
1479,NVB,453597.858929851,5679004.70573938,0.0,0.0,0.0,0.0,1.7458575963974,,1.0007452964782717,0.0,0.0,,0.4090780338381486,1.995283288077675
1480,NVB,453598.53592472,5679004.38345804,0.0,0.0,0.0,0.0,2.345755100250244,,1.0046062469482422,0.0,0.0,,0.3753037065247921,1.9124176427044903
1481,NVB,453599.247656328,5679004.04140557,0.0,0.0,0.0,0.0,2.152794599533081,,1.0037392377853394,0.0,0.0,,0.3578871731714798,1.9672197659743331
1482,NVB,453600.02853446,5679003.71529728,0.0,0.0,0.0,0.0,3.0115761756896973,,1.0047763586044312,0.0,0.0,,0.3683734609962296,1.9185098161800205
1483,NVB,453600.78335012,5679003.40568182,0.0,0.0,0.0,0.0,1.6771315336227417,,1.0018137693405151,0.0,0.0,,0.3510492181207146,1.9550532694563725
1484,NVB,453601.529504416,5679003.09712501,0.0,0.0,0.0,0.0,1.2304925918579102,,1.0037024021148682,0.0,0.0,,0.2892922260796339,2.036348441676771
1485,NVB,453602.214820227,5679002.83149048,0.0,0.0,0.0,0.0,1.0618454217910769,,1.0022963285446167,0.0,0.0,,0.2531929925354479,2.0419889060123477
1486,NVB,453602.900168688,5679002.56030726,0.0,0.0,0.0,0.0,1.638031244277954,,1.0010581016540527,0.0,0.0,,0.1944035829005898,2.102295806846791
1487,NVB,453603.646551703,5679002.21290977,0.0,0.0,0.0,0.0,0.6833143830299377,,1.0011906623840332,0.0,0.0,,0.1044495698754936,2.1273482257434364
1488,NVB,453604.340947201,5679001.87519375,0.0,0.0,0.0,0.0,0.914155662059784,,1.001572608947754,0.0,0.0,,0.0060376911954975,2.311728832485368
1489,NVB,453605.070236356,5679001.4910731,0.0,0.0,0.0,0.0,2.221698760986328,,1.0009597539901731,0.0,0.0,,-0.0631994009574815,2.528861925288186
1490,NVB,453605.773443437,5679001.12677448,0.0,0.0,0.0,0.0,0.5209156274795532,,1.0010608434677124,0.0,0.0,,-0.1674416701797645,2.83319135392454
1491,NVB,453606.528526726,5679000.77165963,0.0,0.0,0.0,0.0,2.0911648273468018,,1.0015937089920044,0.0,0.0,,-0.1723503381854658,3.073318668683128
1492,NVB,453607.257632578,5679000.41861116,0.0,0.0,0.0,0.0,3.4063680171966557,,1.0043845176696775,0.0,0.0,,-0.1926538542302864,3.2711550118871897
1493,NVB,453607.99535389,5679000.07227199,0.0,0.0,0.0,0.0,1.5542540550231934,,1.0027745962142944,0.0,0.0,,-0.1899147265028718,3.3552094704640347
1494,NVB,453608.785075649,5678999.71403173,0.0,0.0,0.0,0.0,2.683107614517212,,1.005416989326477,0.0,0.0,,-0.1667275708646811,3.2863403157977302
1495,NVB,453609.540001732,5678999.38555005,0.0,0.0,0.0,0.0,1.7632492780685425,,1.0009989738464355,0.0,0.0,,-0.1435533814119824,3.0124194941182894
1496,NVB,453610.25149047,5678999.08455653,0.0,0.0,0.0,0.0,0.919524312019348,,1.0012470483779907,0.0,0.0,,-0.0962433494595113,2.7914919757689605
1497,NVB,453611.093114444,5678998.73106092,0.0,0.0,0.0,0.0,1.2688950300216677,,1.0028626918792725,0.0,0.0,,-0.0594229393260294,2.561060508401706
1498,NVB,453611.821958356,5678998.42240115,0.0,0.0,0.0,0.0,2.183516025543213,,1.0029616355895996,0.0,0.0,,-0.0562373600174458,2.2694115097580414
1499,NVB,453612.542127832,5678998.1170195,0.0,0.0,0.0,0.0,3.2117679119110107,,1.0041086673736572,0.0,0.0,,-0.0917068065205848,2.095013025320647
1500,NVB,453613.253662106,5678997.80825761,0.0,0.0,0.0,0.0,0.8952017426490784,,1.0081353187561035,0.0,0.0,,-0.1342489099553293,2.159949148305761
1501,NVB,453614.02593003,5678997.47432885,0.0,0.0,0.0,0.0,3.118614435195923,,1.0085902214050293,0.0,0.0,,-0.1169509900668383,2.331782836363028
1502,NVB,453614.754793319,5678997.16233962,0.0,0.0,0.0,0.0,2.374296188354492,,1.0052977800369265,0.0,0.0,,-0.1058930210624626,2.452265735887246
1503,NVB,453615.457613815,5678996.8635141,0.0,0.0,0.0,0.0,1.5737309455871582,,1.0028566122055054,0.0,0.0,,-0.1328117326343868,2.339049341529265
1504,NVB,453616.31665144,5678996.49236427,0.0,0.0,0.0,0.0,3.96828818321228,,1.0041488409042358,0.0,0.0,,-0.1219984941329686,2.353660715789135
1505,NVB,453617.106470516,5678996.11747725,0.0,0.0,0.0,0.0,2.2467470169067383,,1.0021711587905884,0.0,0.0,,-0.1333328942296131,2.3453198642981685
1506,NVB,453617.878881935,5678995.75913411,0.0,0.0,0.0,0.0,0.1976519525051117,,1.0027557611465454,0.0,0.0,,-0.1137373414484992,2.411422792603394
1507,NVB,453618.61642582,5678995.4427566,0.0,0.0,0.0,0.0,2.0676825046539307,,1.0027532577514648,0.0,0.0,,-0.1164498434465282,2.373088573801674
1508,NVB,453619.319265625,5678995.14060155,0.0,0.0,0.0,0.0,1.1549968719482422,,1.0024614334106443,0.0,0.0,,-0.1707774735622434,2.164408872542058
1509,NVB,453620.135048695,5678994.76586719,0.0,0.0,0.0,0.0,1.646174073219299,,1.00164532661438,0.0,0.0,,-0.1896142178647912,2.0048880772579745
1510,NVB,453620.760093618,5678994.44660723,0.0,0.0,0.0,0.0,1.5160562992095947,,1.001482009887695,0.0,0.0,,-0.198933550075535,1.9855393751145047
1511,NVB,453621.419862115,5678994.1097955,0.0,0.0,0.0,0.0,2.4353222846984863,,1.0014865398406982,0.0,0.0,,-0.2061733730966085,2.327457850326295
1512,NVB,453622.14014848,5678993.78443788,0.0,0.0,0.0,0.0,1.5132454633712769,,1.0010656118392944,0.0,0.0,,-0.2349548768269668,2.4958454135446804
1513,NVB,453622.886301004,5678993.47587905,0.0,0.0,0.0,0.0,2.138188123703003,,1.0027633905410769,0.0,0.0,,-0.2405569036505543,2.466400544764421
1514,NVB,453623.701240477,5678993.24429923,0.0,0.0,0.0,0.0,5.553172111511231,,1.0350830554962158,0.0,0.0,,-0.2393166204378952,2.4974153270578
1515,NVB,453624.568226097,5678992.9930501,0.0,0.0,0.0,0.0,2.160207271575928,,1.0048266649246216,0.0,0.0,,-0.2607806081588185,2.47136831802928
1516,NVB,453625.357384226,5678992.73024478,0.0,0.0,0.0,0.0,2.274625539779663,,1.0036213397979736,0.0,0.0,,-0.3222565536140374,2.544292478487137
1517,NVB,453625.999574868,5678992.43882956,0.0,0.0,0.0,0.0,0.37146857380867,,1.002018928527832,0.0,0.0,,-0.3246083523380086,2.758396352211568
1518,NVB,453626.667860456,5678992.12537266,0.0,0.0,0.0,0.0,1.3892464637756348,,1.0014429092407229,0.0,0.0,,-0.375609095688885,2.864923616312665
1519,NVB,453627.431733938,5678991.74700251,0.0,0.0,0.0,0.0,3.02966046333313,,1.0025473833084106,0.0,0.0,,-0.384911281912686,3.0633793470516357
1520,NVB,453628.126284337,5678991.38265093,0.0,0.0,0.0,0.0,2.6257009506225586,,1.0029056072235107,0.0,0.0,,-0.3840850166417261,3.221774991958539
1521,NVB,453628.794896557,5678991.01370745,0.0,0.0,0.0,0.0,5.586131572723389,,1.0074236392974854,0.0,0.0,,-0.3734007106344831,3.335617210517331
1522,NVB,453629.498271519,5678990.62055381,0.0,0.0,0.0,0.0,4.395521640777588,,1.0068527460098269,0.0,0.0,,-0.3549161372690632,3.32892910817208
1523,NVB,453630.201476477,5678990.25625302,0.0,0.0,0.0,0.0,5.823235034942627,,1.0105615854263306,0.0,0.0,,-0.3466502087895779,3.2829556120320538
1524,NVB,453630.930488767,5678989.91873857,0.0,0.0,0.0,0.0,2.9754791259765625,,1.002524971961975,0.0,0.0,,-0.3364415148684123,3.134497195727775
1525,NVB,453631.685439107,5678989.58581587,0.0,0.0,0.0,0.0,2.565535068511963,,1.0042181015014648,0.0,0.0,,-0.3020599163887922,2.9788220408128323
1526,NVB,453632.475112961,5678989.23534134,0.0,0.0,0.0,0.0,1.5256764888763428,,1.0021295547485352,0.0,0.0,,-0.3126082791672517,2.844207990017792
1527,NVB,453633.186691379,5678988.91880956,0.0,0.0,0.0,0.0,2.48276686668396,,1.00148606300354,0.0,0.0,,-0.3165842972000293,2.8034541063664724
1528,NVB,453633.898171709,5678988.61892364,0.0,0.0,0.0,0.0,0.3086547255516052,,1.0009597539901731,0.0,0.0,,-0.234677335253559,2.802587936342817
1529,NVB,453634.652971483,5678988.3115244,0.0,0.0,0.0,0.0,3.019737958908081,,1.0043343305587769,0.0,0.0,,-0.2006325784195965,2.6353396400711797
1530,NVB,453635.390383276,5678988.01733989,0.0,0.0,0.0,0.0,1.2361878156661987,,1.0013468265533447,0.0,0.0,,-0.1354594642741453,2.608096582519768
1531,NVB,453636.084553937,5678987.71735184,0.0,0.0,0.0,0.0,1.0017664432525637,,1.001240849494934,0.0,0.0,,-0.072823679610488,2.6061399650933947
1532,NVB,453636.813487314,5678987.39315357,0.0,0.0,0.0,0.0,0.3313505053520202,,1.0021618604660034,0.0,0.0,,-0.0145284997017021,2.5569352124279745
1533,NVB,453637.629334078,5678987.00732013,0.0,0.0,0.0,0.0,2.094034194946289,,1.012448787689209,0.0,0.0,,0.1246789243481139,2.3651683107454016
1534,NVB,453638.358267326,5678986.68312173,0.0,0.0,0.0,0.0,1.1753523349761963,,1.0012081861495972,0.0,0.0,,0.1671465309471257,2.12995287196107
1535,NVB,453639.043769934,5678986.3853019,0.0,0.0,0.0,0.0,3.1512625217437744,,1.0064165592193604,0.0,0.0,,0.1713523239311477,1.918313115665303
1536,NVB,453639.746862976,5678986.03986565,0.0,0.0,0.0,0.0,1.4717272520065308,,1.0038034915924072,0.0,0.0,,0.1314993529952149,1.855910703513688
1537,NVB,453640.406701817,5678985.69084533,0.0,0.0,0.0,0.0,1.159724235534668,,1.002418041229248,0.0,0.0,,0.0998088857444783,1.843536920691873
1538,NVB,453641.023116573,5678985.3670939,0.0,0.0,0.0,0.0,0.5329251289367676,,1.0015227794647217,0.0,0.0,,0.1309034651157168,1.9062556124325816
1539,NVB,453641.691512033,5678985.03477036,0.0,0.0,0.0,0.0,1.8068867921829224,,1.0062050819396973,0.0,0.0,,0.0233260338097754,2.0149104619743494
1540,NVB,453642.44669667,5678984.66189643,0.0,0.0,0.0,0.0,2.473564386367798,,1.0069973468780518,0.0,0.0,,-0.0608793887936069,2.2497583094461286
1541,NVB,453643.149697928,5678984.33199606,0.0,0.0,0.0,0.0,3.2150914669036865,,1.0104384422302246,0.0,0.0,,-0.1009605308878966,2.571752165901053
1542,NVB,453643.869773393,5678984.04214775,0.0,0.0,0.0,0.0,1.519286036491394,,1.000840425491333,0.0,0.0,,-0.144844748471412,2.7197460369964293
1543,NVB,453644.641947162,5678983.7237522,0.0,0.0,0.0,0.0,2.889920949935913,,1.0018128156661987,0.0,0.0,,-0.1517365398651958,3.0592332480528848
1544,NVB,453645.396817909,5678983.40414493,0.0,0.0,0.0,0.0,2.06954288482666,,1.00170636177063,0.0,0.0,,-0.11767860928032,3.2103697498477586
1545,NVB,453646.047668313,5678983.11166932,0.0,0.0,0.0,0.0,0.6696629524230957,,1.0074636936187744,0.0,0.0,,-0.1259137733691803,3.355265831371381
1546,NVB,453646.776666177,5678982.77637286,0.0,0.0,0.0,0.0,2.6049046516418457,,1.0028446912765503,0.0,0.0,,-0.0841270955872322,3.560235246160922
1547,NVB,453647.436243089,5678982.47174107,0.0,0.0,0.0,0.0,1.380447268486023,,1.0304224491119385,0.0,0.0,,-0.0487954137108108,3.662194668612128
1548,NVB,453648.061050704,5678982.19242916,0.0,0.0,0.0,0.0,3.0194363594055176,,1.0026806592941284,0.0,0.0,,-0.0299943589283779,3.776957785618508
1549,NVB,453648.894107853,5678981.82334239,0.0,0.0,0.0,0.0,1.8299540281295776,,1.0204123258590698,0.0,0.0,,0.0402501374801207,3.622668657574178
1550,NVB,453649.683616813,5678981.50060934,0.0,0.0,0.0,0.0,3.4971132278442383,,1.0030730962753296,0.0,0.0,,0.0893395083562192,3.612593263462817
1551,NVB,453650.429669068,5678981.20869384,0.0,0.0,0.0,0.0,4.429524421691895,,1.0070552825927734,0.0,0.0,,0.1350025837412312,3.5889228677890155
1552,NVB,453651.149685174,5678980.92883242,0.0,0.0,0.0,0.0,3.5987343788146973,,1.0030542612075806,0.0,0.0,,0.1952403941668297,3.310234306580956
1553,NVB,453651.887128307,5678980.62909773,0.0,0.0,0.0,0.0,2.4001336097717285,,1.002947211265564,0.0,0.0,,0.2169113244460949,3.0381872137510264
1554,NVB,453652.720093649,5678980.27554675,0.0,0.0,0.0,0.0,3.7927112579345694,,1.0129963159561155,0.0,0.0,,0.2137761945332869,2.935470082381014
1555,NVB,453653.457628115,5678979.96027572,0.0,0.0,0.0,0.0,3.660641670227051,,1.0032806396484375,0.0,0.0,,0.1434850146322554,2.861319432580114
1556,NVB,453654.169113376,5678979.65927825,0.0,0.0,0.0,0.0,2.7244620323181152,,1.001671552658081,0.0,0.0,,0.083289599922628,2.718445538440767
1557,NVB,453655.687312006,5678979.05340461,0.0,0.0,0.0,0.0,3.0858874320983887,,1.0066293478012085,0.0,0.0,,-0.0480474240741259,2.581843432359451
1558,NVB,453656.364171604,5678978.75331288,0.0,0.0,0.0,0.0,2.9009103775024414,,1.0028178691864014,0.0,0.0,,-0.0732787431936234,2.682278133475948
1559,NVB,453657.058510466,5678978.42447007,0.0,0.0,0.0,0.0,4.309035778045654,,1.0033117532730105,0.0,0.0,,-0.1007101478647198,3.065139391720258
1560,NVB,453657.770152213,5678978.0968388,0.0,0.0,0.0,0.0,2.3456778526306152,,1.0066319704055786,0.0,0.0,,-0.0686503824542592,3.4278686464111097
1561,NVB,453658.516484712,5678977.75720423,0.0,0.0,0.0,0.0,0.6130558848381042,,1.0026510953903198,0.0,0.0,,0.0036104234305762,3.57869688155045
1562,NVB,453659.280250726,5678977.39658665,0.0,0.0,0.0,0.0,3.4844353199005127,,1.02040433883667,0.0,0.0,,0.0504702596149887,4.146106206902442
1563,NVB,453660.017993669,5678977.04580372,0.0,0.0,0.0,0.0,5.392605781555176,,1.039805889129639,0.0,0.0,,0.1136021889342861,4.42291573043028
1564,NVB,453660.712417136,5678976.70253412,0.0,0.0,0.0,0.0,1.336154222488403,,1.0123858451843262,0.0,0.0,,0.1614108769273142,4.661909728039711
1565,NVB,453661.398316433,5678976.33701895,0.0,0.0,0.0,0.0,7.136188507080078,,1.009479284286499,0.0,0.0,,0.1600377941117149,4.739001530625659
1566,NVB,453662.110225599,5678975.96388845,0.0,0.0,0.0,0.0,4.365058422088623,,1.0060149431228638,0.0,0.0,,0.1646803835176788,4.5971397164914185
1567,NVB,453662.908819222,5678975.56796298,0.0,0.0,0.0,0.0,1.2300007343292236,,1.0009292364120483,0.0,0.0,,0.1615365745211555,4.1294451142273605
1568,NVB,453663.629056419,5678975.25036968,0.0,0.0,0.0,0.0,1.611064910888672,,1.0037299394607544,0.0,0.0,,0.1041660447640718,3.5361641085428466
1569,NVB,453664.349241309,5678974.94165413,0.0,0.0,0.0,0.0,2.4391350746154785,,1.0018397569656372,0.0,0.0,,0.050946717035212,3.027587143351088
1570,NVB,453665.017530382,5678974.62708427,0.0,0.0,0.0,0.0,1.1421438455581665,,1.0013864040374756,0.0,0.0,,-0.0408308821800654,2.790421158357714
1571,NVB,453665.651095966,5678974.33006625,0.0,0.0,0.0,0.0,2.049713611602783,,1.004053235054016,0.0,0.0,,-0.0978454412987133,2.798787472337429
1572,NVB,453666.345107498,5678974.05670902,0.0,0.0,0.0,0.0,1.937844038009644,,1.0133099555969238,0.0,0.0,,-0.1374612194507089,2.813686538077733
1573,NVB,453667.065135431,5678973.7746267,0.0,0.0,0.0,0.0,1.978657960891724,,1.000935673713684,0.0,0.0,,-0.2345964543078829,2.8675384027669244
1574,NVB,453667.880587431,5678973.45537382,0.0,0.0,0.0,0.0,0.5860503911972046,,1.0030478239059448,0.0,0.0,,-0.3633665605326486,2.817857706134232
1575,NVB,453668.626612108,5678973.16789551,0.0,0.0,0.0,0.0,2.581307888031006,,1.003131628036499,0.0,0.0,,-0.4229145283205115,2.667052673900295
1576,NVB,453669.381265339,5678972.88490698,0.0,0.0,0.0,0.0,2.384249448776245,,1.0029476881027222,0.0,0.0,,-0.4343620201387333,2.566037211757856
1577,NVB,453670.07525702,5678972.6148786,0.0,0.0,0.0,0.0,1.9880841970443728,,1.001504898071289,0.0,0.0,,-0.4333141479024482,2.4234448397192616
1578,NVB,453670.821412138,5678972.30520553,0.0,0.0,0.0,0.0,0.4494036436080932,,1.0004781484603882,0.0,0.0,,-0.3943186334366245,2.2851526020824706
1579,NVB,453671.576535374,5678971.94231637,0.0,0.0,0.0,0.0,1.8401421308517456,,1.0021647214889526,0.0,0.0,,-0.3436454819438335,2.2449033517899752
1580,NVB,453672.227651567,5678971.60433976,0.0,0.0,0.0,0.0,0.66844642162323,,1.0012603998184204,0.0,0.0,,-0.2744714069668608,2.258990435010632
1581,NVB,453672.913203788,5678971.29763918,0.0,0.0,0.0,0.0,1.8016709089279173,,1.0026888847351074,0.0,0.0,,-0.2623363676348359,2.198258150431145
1582,NVB,453673.616137249,5678970.97883338,0.0,0.0,0.0,0.0,1.3525046110153198,,1.00129234790802,0.0,0.0,,-0.2537075024483027,2.11040761224852
1583,NVB,453674.319240425,5678970.6311746,0.0,0.0,0.0,0.0,4.027482032775879,,1.005259990692139,0.0,0.0,,-0.1739769377531061,2.0699484419017
1584,NVB,453675.005040608,5678970.28230418,0.0,0.0,0.0,0.0,1.3254529237747192,,1.002694010734558,0.0,0.0,,-0.1263485393502298,2.0032332246091764
1585,NVB,453675.682107644,5678969.94669951,0.0,0.0,0.0,0.0,0.810283362865448,,1.00299870967865,0.0,0.0,,-0.0879283829832321,1.9855101932192067
1586,NVB,453676.359194208,5678969.6077656,0.0,0.0,0.0,0.0,0.9757651090621948,,1.001615285873413,0.0,0.0,,-0.0712118070405012,1.8590849552734712
1587,NVB,453677.027606396,5678969.27210989,0.0,0.0,0.0,0.0,1.5901591777801514,,1.0018335580825806,0.0,0.0,,-0.0144421373489021,1.7580887534389054
1588,NVB,453677.687220156,5678968.96081722,0.0,0.0,0.0,0.0,0.7657831907272339,,1.002779245376587,0.0,0.0,,0.0040470918292929,1.6529912584902295
1589,NVB,453678.381518069,5678968.6386309,0.0,0.0,0.0,0.0,0.2383091151714325,,1.0021615028381348,0.0,0.0,,-0.0068958350936998,1.7617635876527404
1590,NVB,453679.084457595,5678968.3187149,0.0,0.0,0.0,0.0,0.2414924949407577,,1.0003197193145752,0.0,0.0,,0.0336981549864891,2.00939540207357
1591,NVB,453679.735331582,5678968.0217976,0.0,0.0,0.0,0.0,0.3316390812397003,,1.0035659074783323,0.0,0.0,,0.0010465554098805,2.283073455223748
1592,NVB,453680.403475809,5678967.73164045,0.0,0.0,0.0,0.0,3.851608276367188,,1.0040857791900637,0.0,0.0,,0.015836289749233,2.4085580066336725
1593,NVB,453681.097714738,5678967.41944144,0.0,0.0,0.0,0.0,1.3888965845108032,,1.000977873802185,0.0,0.0,,0.0035184816777245,2.4588247028034096
1594,NVB,453681.809308769,5678967.09957611,0.0,0.0,0.0,0.0,1.3246415853500366,,1.0042157173156738,0.0,0.0,,-0.1138157577459789,2.5767653292346973
1595,NVB,453682.642081973,5678966.77820409,0.0,0.0,0.0,0.0,2.938725709915161,,1.0144999027252195,0.0,0.0,,-0.1809911231835644,2.543896306455225
1596,NVB,453683.440020763,5678966.49324934,0.0,0.0,0.0,0.0,1.6746994256973269,,1.0030534267425537,0.0,0.0,,-0.1757009560380104,2.77851551906612
1597,NVB,453684.142685696,5678966.21994146,0.0,0.0,0.0,0.0,1.789397358894348,,1.0010261535644531,0.0,0.0,,-0.1447851558475049,2.864704705311071
1598,NVB,453684.958168842,5678965.89513818,0.0,0.0,0.0,0.0,1.5276477336883545,,1.0012779235839844,0.0,0.0,,-0.1491924799595462,2.836376408932852
1599,NVB,453685.695628828,5678965.59207116,0.0,0.0,0.0,0.0,7.52764081954956,,1.0425221920013428,0.0,0.0,,-0.1852778860148222,2.9273810360119943
1600,NVB,453686.381101652,5678965.29868615,0.0,0.0,0.0,0.0,2.1703989505767822,,1.0050337314605713,0.0,0.0,,-0.1790115664189652,3.150984570468585
1601,NVB,453687.057965398,5678964.99748208,0.0,0.0,0.0,0.0,4.988471031188965,,1.03587543964386,0.0,0.0,,-0.1789819217189677,3.237031963420864
1602,NVB,453687.769493683,5678964.68871349,0.0,0.0,0.0,0.0,1.2150756120681765,,1.0046063661575315,0.0,0.0,,-0.1563341234340485,3.328830952953683
1603,NVB,453688.429034819,5678964.38962693,0.0,0.0,0.0,0.0,2.105957508087158,,1.0011459589004517,0.0,0.0,,-0.1609398360704175,3.0169627623933697
1604,NVB,453689.15806827,5678964.0476682,0.0,0.0,0.0,0.0,2.910891056060791,,1.0018879175186155,0.0,0.0,,-0.1681964699655851,2.6770904545975167
1605,NVB,453689.869759574,5678963.71115622,0.0,0.0,0.0,0.0,1.5974615812301636,,1.0015931129455566,0.0,0.0,,-0.1490864320882253,2.593775409749543
1606,NVB,453690.59005985,5678963.38246319,0.0,0.0,0.0,0.0,1.8080155849456787,,1.0012412071228027,0.0,0.0,,-0.1567871089964012,2.7290679375217626
1607,NVB,453691.28415438,5678963.0946773,0.0,0.0,0.0,0.0,1.2840015888214111,,1.0003886222839355,0.0,0.0,,-0.1361105935462635,3.061179370640704
1608,NVB,453691.978294552,5678962.79912326,0.0,0.0,0.0,0.0,1.8446531295776367,,1.002019286155701,0.0,0.0,,-0.1463626921578964,3.470715348445313
1609,NVB,453692.715930204,5678962.46609293,0.0,0.0,0.0,0.0,3.7970919609069824,,1.0116702318191528,0.0,0.0,,-0.175580225199019,3.8550450675552166
1610,NVB,453693.40153303,5678962.15051275,0.0,0.0,0.0,0.0,5.539566040039063,,1.0251696109771729,0.0,0.0,,-0.1773626526413442,4.107151316633899
1611,NVB,453694.052445121,5678961.84693591,0.0,0.0,0.0,0.0,4.282991409301758,,1.0114195346832275,0.0,0.0,,-0.1342641286325772,4.397163318284792
1612,NVB,453694.729445332,5678961.52242689,0.0,0.0,0.0,0.0,3.182912349700928,,1.006576657295227,0.0,0.0,,-0.1252509581932015,4.469731214512531
1613,NVB,453695.449529816,5678961.23035444,0.0,0.0,0.0,0.0,3.1150341033935547,,1.0073567628860474,0.0,0.0,,-0.0999216126503519,4.557292899791374
1614,NVB,453696.195611037,5678960.93288598,0.0,0.0,0.0,0.0,4.14241361618042,,1.0092424154281616,0.0,0.0,,-0.103137865907959,4.589592378182037
1615,NVB,453696.924245703,5678960.65861994,0.0,0.0,0.0,0.0,2.7453205585479736,,1.0037593841552734,0.0,0.0,,-0.1152751925880182,4.649162116538015
1616,NVB,453697.748441188,5678960.3238787,0.0,0.0,0.0,0.0,2.1142706871032715,,1.0261720418930054,0.0,0.0,,-0.0742585448864626,4.591620638604676
1617,NVB,453698.555235798,5678960.00457175,0.0,0.0,0.0,0.0,2.0002827644348145,,1.005446434020996,0.0,0.0,,-0.0450368244737738,4.498387765022673
1618,NVB,453699.223293787,5678959.72883948,0.0,0.0,0.0,0.0,4.461633205413818,,1.0499597787857056,0.0,0.0,,-0.0357467741688611,4.4960934527767655
1619,NVB,453699.986899519,5678959.39485144,0.0,0.0,0.0,0.0,2.254287004470825,,1.0095454454421997,0.0,0.0,,-0.0213061249393641,4.4215087509506255
1620,NVB,453700.629149876,5678959.09233289,0.0,0.0,0.0,0.0,3.121427059173584,,1.0210206508636477,0.0,0.0,,-0.101496969057595,4.423857581187859
1621,NVB,453701.19330542,5678958.82375779,0.0,0.0,0.0,0.0,4.426825046539307,,1.008432388305664,0.0,0.0,,-0.062737262915149,4.286914471967514
1622,NVB,453701.905067511,5678958.47503772,0.0,0.0,0.0,0.0,5.109127521514893,,1.0148407220840454,0.0,0.0,,-0.0316899772603075,4.181930650338717
1623,NVB,453702.521523238,5678958.14351341,0.0,0.0,0.0,0.0,1.649496078491211,,1.0014268159866333,0.0,0.0,,6.674829963869753e-05,4.063197046635312
1624,NVB,453704.0406079,5678957.38559776,0.0,0.0,0.0,0.0,1.08660888671875,,1.0023066997528076,0.0,0.0,,0.0363750030588668,3.215309915354294
1625,NVB,453704.847623808,5678957.02855943,0.0,0.0,0.0,0.0,2.72334098815918,,1.0023411512374878,0.0,0.0,,0.1126687801084353,2.8605418977680714
1626,NVB,453705.602385085,5678956.72670207,0.0,0.0,0.0,0.0,0.6541142463684082,,1.0016083717346191,0.0,0.0,,0.156313218473914,2.751875103605425
1627,NVB,453706.365827119,5678956.42045661,0.0,0.0,0.0,0.0,0.9265618920326232,,1.0073864459991455,0.0,0.0,,0.1466329996734682,2.816678694830196
1628,NVB,453707.033930199,5678956.13695558,0.0,0.0,0.0,0.0,1.5388097763061523,,1.0012717247009275,0.0,0.0,,0.0780102109420164,2.7864619245041435
1629,NVB,453707.728056099,5678955.84361961,0.0,0.0,0.0,0.0,2.055484771728516,,1.000969171524048,0.0,0.0,,0.0411948074937632,2.548835526294404
1630,NVB,453708.396139505,5678955.56344766,0.0,0.0,0.0,0.0,1.768758773803711,,1.0006670951843262,0.0,0.0,,0.0395801004749318,2.51660186432978
1631,NVB,453709.072858007,5678955.28665571,0.0,0.0,0.0,0.0,1.0078285932540894,,1.0015088319778442,0.0,0.0,,0.0151830645881926,2.464267069754812
1632,NVB,453709.775605845,5678954.99891909,0.0,0.0,0.0,0.0,2.536507129669189,,1.0070734024047852,0.0,0.0,,-0.0175124067936575,2.5922332432046185
1633,NVB,453710.565298767,5678954.64399786,0.0,0.0,0.0,0.0,0.8425700664520264,,1.005574107170105,0.0,0.0,,-0.0488803834138969,2.815582176354598
1634,NVB,453711.285577753,5678954.31863213,0.0,0.0,0.0,0.0,0.1180011928081512,,1.0064513683319092,0.0,0.0,,-0.1460168590631843,2.8820177782281298
1635,NVB,453712.014511393,5678953.99331721,0.0,0.0,0.0,0.0,1.573764085769653,,1.0018625259399414,0.0,0.0,,-0.1772532020585325,2.9351223438342324
1636,NVB,453712.830253063,5678953.62412194,0.0,0.0,0.0,0.0,4.011012554168701,,1.003884196281433,0.0,0.0,,-0.1753891512816296,2.917307542531232
1637,NVB,453713.637274703,5678953.26597299,0.0,0.0,0.0,0.0,2.8634228706359863,,1.0015664100646973,0.0,0.0,,-0.1605622067873202,2.947966100806443
1638,NVB,453714.392433245,5678952.89642138,0.0,0.0,0.0,0.0,2.481771230697632,,1.0032979249954224,0.0,0.0,,-0.1666339686285108,2.9759756063678715
1639,NVB,453715.069536215,5678952.55415497,0.0,0.0,0.0,0.0,0.5496343374252319,,1.0045686960220337,0.0,0.0,,-0.1427453000256836,2.9616820472340866
1640,NVB,453715.711870233,5678952.23720874,0.0,0.0,0.0,0.0,4.464622497558594,,1.009379744529724,0.0,0.0,,-0.1282115895249716,2.710969711638266
1641,NVB,453716.362937196,5678951.90699659,0.0,0.0,0.0,0.0,2.099045515060425,,1.0032798051834106,0.0,0.0,,-0.0797960160759174,2.562896963055325
1642,NVB,453717.100590345,5678951.5706348,0.0,0.0,0.0,0.0,2.158423662185669,,1.0023983716964722,0.0,0.0,,-0.0593898943873068,2.4052555822529182
1643,NVB,453717.838191239,5678951.24315077,0.0,0.0,0.0,0.0,0.5262361168861389,,1.0046827793121338,0.0,0.0,,-0.0431164844455166,2.2813419285334167
1644,NVB,453718.567078651,5678950.92560335,0.0,0.0,0.0,0.0,2.5799882411956787,,1.0049294233322144,0.0,0.0,,-0.0574817025261458,2.2918647048506027
1645,NVB,453719.313340654,5678950.59706033,0.0,0.0,0.0,0.0,1.7876207828521729,,1.001695990562439,0.0,0.0,,-0.102845340275891,2.2916626252393786
1646,NVB,453720.059628687,5678950.26407833,0.0,0.0,0.0,0.0,3.645054340362549,,1.004160761833191,0.0,0.0,,-0.1826811779000456,2.303447247111931
1647,NVB,453720.849320662,5678949.90915607,0.0,0.0,0.0,0.0,1.503237247467041,,1.0048117637634275,0.0,0.0,,-0.2627840614316865,2.3187101267272774
1648,NVB,453721.586914717,5678949.58278142,0.0,0.0,0.0,0.0,1.684347152709961,,1.002085566520691,0.0,0.0,,-0.3003736879877349,2.4811724939634474
1649,NVB,453722.333006868,5678949.28309105,0.0,0.0,0.0,0.0,0.3835912644863128,,1.0006598234176636,0.0,0.0,,-0.3064505911266132,2.491505300414224
1650,NVB,453723.070424683,5678948.98667891,0.0,0.0,0.0,0.0,1.7351038455963137,,1.001086711883545,0.0,0.0,,-0.2888127780349007,2.596920513418889
1651,NVB,453723.799161644,5678948.69465475,0.0,0.0,0.0,0.0,1.2337684631347656,,1.0017099380493164,0.0,0.0,,-0.2422777543526637,2.7626192121155837
1652,NVB,453724.510582614,5678948.40363851,0.0,0.0,0.0,0.0,2.2934069633483887,,1.0037920475006104,0.0,0.0,,-0.16118966531941,3.0163660982816167
1653,NVB,453725.308772361,5678948.07540015,0.0,0.0,0.0,0.0,3.1754963397979736,,1.0044105052947998,0.0,0.0,,0.0011556962318096,3.0561843005473666
1654,NVB,453726.028945763,5678947.76778872,0.0,0.0,0.0,0.0,3.196887969970703,,1.0037742853164673,0.0,0.0,,0.0912921290436374,3.1344931985494164
1655,NVB,453726.757839034,5678947.44913081,0.0,0.0,0.0,0.0,0.8731884956359863,,1.0027759075164795,0.0,0.0,,0.1572143545803979,3.288646700151668
1656,NVB,453727.391387007,5678947.15432732,0.0,0.0,0.0,0.0,0.4989450573921203,,1.0013152360916138,0.0,0.0,,0.2185720427873601,3.3424278584757974
1657,NVB,453728.077039255,5678946.82986632,0.0,0.0,0.0,0.0,1.6169679164886477,,1.0022639036178589,0.0,0.0,,0.3313464305551907,3.2061149892029994
1658,NVB,453728.771424418,5678946.49213939,0.0,0.0,0.0,0.0,9.43296241760254,,1.0690006017684937,0.0,0.0,,0.3553287739211287,3.3338428141101843
1659,NVB,453729.457167858,5678946.15214207,0.0,0.0,0.0,0.0,2.5103864669799805,,1.0028287172317505,0.0,0.0,,0.3913707190490947,3.4746555096392377
1660,NVB,453730.221018796,5678945.77598145,0.0,0.0,0.0,0.0,1.6110854148864746,,1.0034797191619873,0.0,0.0,,0.3522637215687461,3.4693502428437704
1661,NVB,453730.941217876,5678945.46393067,0.0,0.0,0.0,0.0,1.1947643756866455,,1.0074338912963867,0.0,0.0,,0.3125426906382709,3.302702144649751
1662,NVB,453731.696055274,5678945.14875408,0.0,0.0,0.0,0.0,2.9688425064086914,,1.0043190717697144,0.0,0.0,,0.2502524665448071,3.0298662694048386
1663,NVB,453732.433694076,5678944.81461032,0.0,0.0,0.0,0.0,1.6866464614868164,,1.0024831295013428,0.0,0.0,,0.1484797902365696,2.573106898146748
1664,NVB,453733.1366814,5678944.48581169,0.0,0.0,0.0,0.0,1.3851006031036377,,1.0037223100662231,0.0,0.0,,0.0860959917200641,2.3561290994906927
1665,NVB,453733.804886821,5678944.18455276,0.0,0.0,0.0,0.0,1.6723507642745972,,1.003454566001892,0.0,0.0,,0.0688339748044016,2.116375726882848
1666,NVB,453734.481779499,5678943.87779599,0.0,0.0,0.0,0.0,1.0532444715499878,,1.0004416704177856,0.0,0.0,,-0.0033153563049482,1.8533377780567848
1667,NVB,453735.149965255,5678943.57986613,0.0,0.0,0.0,0.0,1.6850850582122805,,1.0008087158203125,0.0,0.0,,-0.0226894708054374,1.785715588330732
1668,NVB,453735.861359251,5678943.29328778,0.0,0.0,0.0,0.0,1.216697096824646,,1.0012569427490234,0.0,0.0,,-0.018788053302268,1.7276412961318712
1669,NVB,453736.633394782,5678942.99707781,0.0,0.0,0.0,0.0,0.6382209658622742,,1.0020207166671753,0.0,0.0,,-0.0861330915670039,1.6036347071427737
1670,NVB,453737.396866846,5678942.68528072,0.0,0.0,0.0,0.0,0.4198625385761261,,1.001376748085022,0.0,0.0,,-0.1179505936096971,1.5499851384566872
1671,NVB,453738.108351969,5678942.38316598,0.0,0.0,0.0,0.0,1.243437647819519,,1.0088707208633425,0.0,0.0,,-0.1511285893618562,1.56841210072993
1672,NVB,453738.845918502,5678942.06122863,0.0,0.0,0.0,0.0,0.2935248613357544,,1.000436544418335,0.0,0.0,,-0.1188323363172523,1.5629654827461437
1673,NVB,453739.600794375,5678941.73939292,0.0,0.0,0.0,0.0,1.6045136451721191,,1.001266360282898,0.0,0.0,,-0.1008859043789072,1.5978302650384082
1674,NVB,453740.295048171,5678941.42385954,0.0,0.0,0.0,0.0,1.0137859582901,,1.0018291473388672,0.0,0.0,,-0.0969905282933329,1.7114027891902053
1675,NVB,453741.04138659,5678941.08199774,0.0,0.0,0.0,0.0,1.0274899005889893,,1.001855731010437,0.0,0.0,,-0.0918572130014237,1.794118161628275
1676,NVB,453741.744471017,5678940.73655243,0.0,0.0,0.0,0.0,2.997923851013184,,1.003390908241272,0.0,0.0,,-0.0942273734759043,1.9816031575049589
1677,NVB,453742.38720723,5678940.35080089,0.0,0.0,0.0,0.0,1.1986695528030396,,1.0019571781158447,0.0,0.0,,-0.0768965615227492,2.0995920720485963
1678,NVB,453743.064581725,5678939.96192351,0.0,0.0,0.0,0.0,0.8343659043312073,,1.0013020038604736,0.0,0.0,,-0.0632049652023754,2.121594721110676
1679,NVB,453743.810939444,5678939.61673227,0.0,0.0,0.0,0.0,1.8859474658966064,,1.003435730934143,0.0,0.0,,-0.0539438452492299,2.2110105739447725
1680,NVB,453744.574632566,5678939.26720374,0.0,0.0,0.0,0.0,1.9479777812957764,,1.0024733543395996,0.0,0.0,,-0.037853226154131,2.330176538322353
1681,NVB,453745.355458978,5678938.94773948,0.0,0.0,0.0,0.0,1.4693738222122192,,1.0040743350982666,0.0,0.0,,-0.0326989202500275,2.416409570352893
1682,NVB,453746.153568634,5678938.63281575,0.0,0.0,0.0,0.0,1.0191287994384766,,1.0165016651153564,0.0,0.0,,-0.0083153004666796,2.5980140721781857
1683,NVB,453746.925609831,5678938.33549505,0.0,0.0,0.0,0.0,1.2288247346878052,,1.0014442205429075,0.0,0.0,,0.002760166940929,2.5593956704621785
1684,NVB,453747.602345014,5678938.05537063,0.0,0.0,0.0,0.0,2.629661798477173,,1.0175843238830566,0.0,0.0,,-0.0016400947113899,2.621635080025318
1685,NVB,453748.287767445,5678937.76974836,0.0,0.0,0.0,0.0,3.395383596420288,,1.0083236694335938,0.0,0.0,,-0.0016650913188003,2.701088454147828
1686,NVB,453749.059678083,5678937.49462201,0.0,0.0,0.0,0.0,1.0964996814727783,,1.0006576776504517,0.0,0.0,,0.0039799088714536,2.6149459193733917
1687,NVB,453749.779627916,5678937.22473918,0.0,0.0,0.0,0.0,2.521958112716675,,1.0035006999969482,0.0,0.0,,-0.0056409495650477,2.518651532452456
1688,NVB,453750.500060107,5678936.87273641,0.0,0.0,0.0,0.0,2.3747146129608154,,1.0021555423736572,0.0,0.0,,-0.0301509463887122,2.3660596759773838
1689,NVB,453751.151059123,5678936.55361868,0.0,0.0,0.0,0.0,1.867266297340393,,1.0028204917907717,0.0,0.0,,-0.0290638562344842,2.1387251316754567
1690,NVB,453751.871497708,5678936.20050605,0.0,0.0,0.0,0.0,1.1022309064865112,,1.0013738870620728,0.0,0.0,,-0.0491973434110751,1.954364172786867
1691,NVB,453753.537566153,5678935.46674948,0.0,0.0,0.0,0.0,1.3710246086120603,,1.001095414161682,0.0,0.0,,-0.0505876805636203,1.5729273258055354
1692,NVB,453754.240669074,5678935.11797387,0.0,0.0,0.0,0.0,1.0327376127243042,,1.0015133619308472,0.0,0.0,,-0.0608371104382457,1.55895972826801
1693,NVB,453754.95248529,5678934.75926149,0.0,0.0,0.0,0.0,1.053562045097351,,1.0007567405700684,0.0,0.0,,-0.0163683523598983,1.6286355070677114
1694,NVB,453755.690043886,5678934.4384323,0.0,0.0,0.0,0.0,0.3178199231624603,,1.0006422996520996,0.0,0.0,,0.0334859446535194,1.7897083559179383
1695,NVB,453756.418986842,5678934.11089384,0.0,0.0,0.0,0.0,1.4864635467529297,,1.0017194747924805,0.0,0.0,,-0.0074623002782085,1.871493471773716
1696,NVB,453757.139314157,5678933.77664611,0.0,0.0,0.0,0.0,0.7233181595802307,,1.0004096031188965,0.0,0.0,,-0.0084964993440869,2.0463299703535816
1697,NVB,453757.833677339,5678933.44224581,0.0,0.0,0.0,0.0,1.1611907482147217,,1.0016945600509644,0.0,0.0,,-0.0262547867085041,2.2370935754922905
1698,NVB,453758.536682117,5678933.11011574,0.0,0.0,0.0,0.0,0.6229766011238098,,1.0013121366500854,0.0,0.0,,-0.0666510889274995,2.6047771549130943
1699,NVB,453759.213631519,5678932.79336931,0.0,0.0,0.0,0.0,2.5861172676086426,,1.0150591135025024,0.0,0.0,,-0.0856839979176439,2.8542228832269223
1700,NVB,453759.916590555,5678932.46900722,0.0,0.0,0.0,0.0,2.7246036529541016,,1.0051627159118652,0.0,0.0,,-0.0837310099126203,2.8125755790264164
1701,NVB,453760.697376545,5678932.15619981,0.0,0.0,0.0,0.0,1.0701390504837036,,1.002329707145691,0.0,0.0,,-0.0922256288501324,2.8528046093810118
1702,NVB,453761.452068061,5678931.8654344,0.0,0.0,0.0,0.0,0.5376899242401123,,1.0007811784744265,0.0,0.0,,-0.1172664063231571,2.905693941075568
1703,NVB,453762.198372044,5678931.52911925,0.0,0.0,0.0,0.0,2.2658417224884038,,1.0038609504699707,0.0,0.0,,-0.1021045579743784,2.851428168886042
1704,NVB,453762.927334007,5678931.198251,0.0,0.0,0.0,0.0,1.9085509777069087,,1.0024241209030151,0.0,0.0,,-0.0296141101752466,2.794992208888917
1705,NVB,453763.664931041,5678930.87076271,0.0,0.0,0.0,0.0,2.3182389736175537,,1.004806637763977,0.0,0.0,,0.0071924342218433,2.6041180980949665
1706,NVB,453764.402677908,5678930.51775059,0.0,0.0,0.0,0.0,2.033175230026245,,1.006152629852295,0.0,0.0,,-0.0072240241512373,2.483380623622748
1707,NVB,453765.105649552,5678930.19116858,0.0,0.0,0.0,0.0,3.9423367977142334,,1.0170331001281738,0.0,0.0,,-0.0327694502047775,2.3946172481032533
1708,NVB,453765.834506995,5678929.87805572,0.0,0.0,0.0,0.0,1.5245568752288818,,1.0011385679244995,0.0,0.0,,-0.0802009758391851,2.322291952580944
1709,NVB,453766.554703176,5678929.56600169,0.0,0.0,0.0,0.0,1.8641960620880127,,1.0023709535598757,0.0,0.0,,-0.1357125099146569,2.162821599352804
1710,NVB,453767.29240417,5678929.22075741,0.0,0.0,0.0,0.0,0.8089622259140015,,1.001400589942932,0.0,0.0,,-0.1007550423461976,2.00891555768319
1711,NVB,453768.038733716,5678928.88000279,0.0,0.0,0.0,0.0,2.61745285987854,,1.0028278827667236,0.0,0.0,,-0.1245211586501361,1.8463269719254936
1712,NVB,453768.77634335,5678928.55029456,0.0,0.0,0.0,0.0,0.50628662109375,,1.0074408054351809,0.0,0.0,,-0.138299817099231,1.698086354918883
1713,NVB,453769.600623566,5678928.20000964,0.0,0.0,0.0,0.0,1.3245880603790283,,1.0007911920547483,0.0,0.0,,-0.1375740769080778,1.776386573718694
1714,NVB,453770.381493449,5678927.87277482,0.0,0.0,0.0,0.0,3.0686912536621094,,1.0019980669021606,0.0,0.0,,-0.1308276018844523,1.8583759500415709
1715,NVB,453771.170952787,5678927.55668802,0.0,0.0,0.0,0.0,1.4953477382659912,,1.0027073621749878,0.0,0.0,,-0.115169525623321,1.898186007040799
1716,NVB,453771.925728175,5678927.25149515,0.0,0.0,0.0,0.0,2.478424549102783,,1.0047738552093506,0.0,0.0,,-0.0820906855154886,1.9197413798488077
1717,NVB,453772.697845441,5678926.9408552,0.0,0.0,0.0,0.0,0.9177656173706056,,1.0009478330612185,0.0,0.0,,-0.0767394831645024,2.002055351057688
1718,NVB,453773.443972542,5678926.63450164,0.0,0.0,0.0,0.0,0.6374335289001465,,1.0007768869400024,0.0,0.0,,-0.033375940232823,2.1352562869219183
1719,NVB,453774.146754502,5678926.34010094,0.0,0.0,0.0,0.0,2.8386383056640625,,1.0043883323669434,0.0,0.0,,-0.0072022131154923,2.3465254229657333
1720,NVB,453774.884383181,5678926.00706295,0.0,0.0,0.0,0.0,2.1818459033966064,,1.0027552843093872,0.0,0.0,,-0.0420370846913126,2.5119797182574626
1721,NVB,453775.604721982,5678925.67059409,0.0,0.0,0.0,0.0,1.0049866437911987,,1.0019513368606567,0.0,0.0,,-0.04938493750992,2.544696184776111
1722,NVB,453776.316575443,5678925.30522141,0.0,0.0,0.0,0.0,4.717377185821533,,1.010687232017517,0.0,0.0,,-0.0937261949491815,2.622389212412361
1723,NVB,453777.071767392,5678924.92900546,0.0,0.0,0.0,0.0,2.4818127155303955,,1.010488986968994,0.0,0.0,,-0.1150328814224179,2.6078105296791825
1724,NVB,453777.948307203,5678924.52242842,0.0,0.0,0.0,0.0,0.7421488761901855,,1.000692367553711,0.0,0.0,,-0.1257673328101218,2.4382056578992795
1725,NVB,453778.712016855,5678924.16956741,0.0,0.0,0.0,0.0,1.0238685607910156,,1.0017074346542358,0.0,0.0,,-0.1248809964759526,2.3884122438522786
1726,NVB,453779.475719924,5678923.81781606,0.0,0.0,0.0,0.0,1.6233144998550415,,1.0027183294296265,0.0,0.0,,-0.1017566449903524,2.479070291468558
1727,NVB,453780.291507353,5678923.43973601,0.0,0.0,0.0,0.0,0.7098628282546997,,1.0041123628616333,0.0,0.0,,-0.1333550898948918,2.574439892648376
1728,NVB,453781.037900923,5678923.08788289,0.0,0.0,0.0,0.0,0.4901984930038452,,1.0036247968673706,0.0,0.0,,-0.1314481322343337,2.794617765629373
1729,NVB,453781.688891021,5678922.76987237,0.0,0.0,0.0,0.0,1.5460448265075684,,1.0077849626541138,0.0,0.0,,-0.1500706570965197,2.826345584950904
1730,NVB,453782.39193942,5678922.42997209,0.0,0.0,0.0,0.0,2.2038042545318604,,1.0139669179916382,0.0,0.0,,-0.1314886764486613,2.643664498132174
1731,NVB,453783.129534801,5678922.10248198,0.0,0.0,0.0,0.0,0.2230341583490371,,1.000904560089111,0.0,0.0,,-0.135183224429251,2.5797110180393883
1732,NVB,453783.901937746,5678921.74301291,0.0,0.0,0.0,0.0,2.311686992645264,,1.0025677680969238,0.0,0.0,,-0.1422605488478845,2.352094009141592
1733,NVB,453784.822206221,5678921.25900817,0.0,0.0,0.0,0.0,0.8701568841934204,,1.0047277212142944,0.0,0.0,,-0.1753054814311944,2.1750838039007343
1734,NVB,453785.612204975,5678920.85081251,0.0,0.0,0.0,0.0,0.8239196538925171,,1.0004655122756958,0.0,0.0,,-0.1873634455627887,2.022117395374046
1735,NVB,453786.445366284,5678920.46173616,0.0,0.0,0.0,0.0,2.483675479888916,,1.0015534162521362,0.0,0.0,,-0.1531000728068999,1.9209103879584295
1736,NVB,453787.251912095,5678920.18348011,0.0,0.0,0.0,0.0,1.723416090011597,,1.001750111579895,0.0,0.0,,-0.1235656890975347,1.8317342156469172
1737,NVB,453788.006399524,5678919.92711374,0.0,0.0,0.0,0.0,2.83550238609314,,1.0097163915634155,0.0,0.0,,-0.1109279711127129,1.8362161886104928
1738,NVB,453788.769535062,5678919.67190783,0.0,0.0,0.0,0.0,2.6838414669036865,,1.003461480140686,0.0,0.0,,-0.1028767009861463,1.857488130964235
1739,NVB,453789.541488066,5678919.38900944,0.0,0.0,0.0,0.0,0.7459793090820312,,1.0026448965072632,0.0,0.0,,-0.0725673071727583,1.9750802738645576
1740,NVB,453790.270245809,5678919.09254025,0.0,0.0,0.0,0.0,2.048560857772827,,1.0013046264648438,0.0,0.0,,-0.0620727914812131,1.9915609901436016
1741,NVB,453791.033791537,5678918.76742125,0.0,0.0,0.0,0.0,0.7718003988265991,,1.001889705657959,0.0,0.0,,-0.0415780522896215,1.8595405798636504
1742,NVB,453791.745383109,5678918.44643631,0.0,0.0,0.0,0.0,0.6260945796966553,,1.0014835596084597,0.0,0.0,,-0.0327936444542807,1.750910224088806
1743,NVB,453792.387704681,5678918.13059357,0.0,0.0,0.0,0.0,1.394390106201172,,1.0022186040878296,0.0,0.0,,-0.0348112505715865,1.731411020623432
1744,NVB,453793.073403772,5678917.79724912,0.0,0.0,0.0,0.0,1.5540279150009155,,1.000644326210022,0.0,0.0,,-0.0498299350686509,1.7727472153859352
1745,NVB,453793.802389186,5678917.46193912,0.0,0.0,0.0,0.0,2.232074022293091,,1.001173973083496,0.0,0.0,,-0.0462166781147947,1.8099356407247564
1746,NVB,453794.548670852,5678917.1289501,0.0,0.0,0.0,0.0,2.5191166400909424,,1.0038796663284302,0.0,0.0,,-0.0687248838310274,1.9190424360007543
1747,NVB,453795.303483383,5678916.81709663,0.0,0.0,0.0,0.0,0.7568071484565735,,1.0006437301635742,0.0,0.0,,-0.0499871126486786,1.96373802951384
1748,NVB,453796.066950525,5678916.50529389,0.0,0.0,0.0,0.0,1.5959298610687256,,1.0030187368392944,0.0,0.0,,-0.0537614943925039,2.1739178387607083
1749,NVB,453796.787098666,5678916.2010052,0.0,0.0,0.0,0.0,4.398430824279785,,1.0214579105377195,0.0,0.0,,-0.0377107167576534,2.201185407786253
1750,NVB,453797.472615048,5678915.89873275,0.0,0.0,0.0,0.0,1.6684080362319946,,1.0023305416107178,0.0,0.0,,-0.0202767499888758,2.2976847675587524
1751,NVB,453798.149535319,5678915.5864219,0.0,0.0,0.0,0.0,4.120420932769775,,1.0179930925369265,0.0,0.0,,-0.0240776157692645,2.7687901516334046
1752,NVB,453798.861334701,5678915.22992502,0.0,0.0,0.0,0.0,1.659147024154663,,1.0041626691818235,0.0,0.0,,-0.0104625943751895,3.085902970660518
1753,NVB,453799.512284341,5678914.91857141,0.0,0.0,0.0,0.0,1.423431158065796,,1.003435730934143,0.0,0.0,,-0.0008320027694115,3.279174077354872
1754,NVB,453800.180386974,5678914.6339528,0.0,0.0,0.0,0.0,2.8298327922821045,,1.0073314905166626,0.0,0.0,,-0.0680041205384913,3.405833754865336
1755,NVB,453800.805138073,5678914.36239693,0.0,0.0,0.0,0.0,1.7513093948364258,,1.0186721086502075,0.0,0.0,,-0.0687381143982996,3.545059092018632
1756,NVB,453801.560008691,5678914.04055531,0.0,0.0,0.0,0.0,0.9747999310493468,,1.0011016130447388,0.0,0.0,,-0.0718863186816336,3.761532203192546
1757,NVB,453802.392914512,5678913.69475667,0.0,0.0,0.0,0.0,2.3306150436401367,,1.0026158094406128,0.0,0.0,,-0.044649946302865,3.786919909303605
1758,NVB,453803.14763523,5678913.39843865,0.0,0.0,0.0,0.0,0.852759599685669,,1.0019123554229736,0.0,0.0,,-0.0137811272075637,3.3662116137301066
1759,NVB,453803.885027023,5678913.10534817,0.0,0.0,0.0,0.0,1.543521523475647,,1.0010077953338623,0.0,0.0,,-0.0031340588154785,2.882456038761526
1760,NVB,453804.648532523,5678912.78688623,0.0,0.0,0.0,0.0,0.9565238356590272,,1.0004863739013672,0.0,0.0,,0.0117519238597254,2.670235417377969
1761,NVB,453805.403617709,5678912.42842322,0.0,0.0,0.0,0.0,2.751091241836548,,1.0143049955368042,0.0,0.0,,0.0406181270224754,2.51842474454708
1762,NVB,453806.141328376,5678912.08095586,0.0,0.0,0.0,0.0,2.179853916168213,,1.0152685642242432,0.0,0.0,,0.0082430922941094,2.2447124665793274
1763,NVB,453806.835609386,5678911.759868,0.0,0.0,0.0,0.0,1.973770022392273,,1.0044145584106443,0.0,0.0,,-0.0119590496515156,2.000388246763043
1764,NVB,453807.521170562,5678911.44982659,0.0,0.0,0.0,0.0,1.2179909944534302,,1.0032490491867063,0.0,0.0,,-0.0652325232951527,1.8341076785049768
1765,NVB,453808.224014969,5678911.14432558,0.0,0.0,0.0,0.0,1.4204436540603638,,1.0013481378555298,0.0,0.0,,-0.1063206206059399,1.9471110588617573
1766,NVB,453808.900901841,5678910.83756244,0.0,0.0,0.0,0.0,1.5169402360916138,,1.0008636713027954,0.0,0.0,,-0.1727042058991899,2.040339712191212
1767,NVB,453809.595202157,5678910.51314516,0.0,0.0,0.0,0.0,1.3031229972839355,,1.0014976263046265,0.0,0.0,,-0.1663461001904724,2.1884260585914523
1768,NVB,453810.280802181,5678910.19644513,0.0,0.0,0.0,0.0,1.4056423902511597,,1.0013285875320437,0.0,0.0,,-0.1505959337304402,2.341627534903727
1769,NVB,453810.975069831,5678909.87757637,0.0,0.0,0.0,0.0,2.780097246170044,,1.0058751106262207,0.0,0.0,,-0.1189842431483493,2.4470214375630683
1770,NVB,453811.730095845,5678909.52910031,0.0,0.0,0.0,0.0,4.532045364379883,,1.0208567380905151,0.0,0.0,,-0.1328944951893975,2.4606811942112925
1771,NVB,453812.493763433,5678909.18289441,0.0,0.0,0.0,0.0,1.366834044456482,,1.0014303922653198,0.0,0.0,,-0.1321682150912858,2.392260899213801
1772,NVB,453813.283349367,5678908.84460885,0.0,0.0,0.0,0.0,0.6490238308906555,,1.00203275680542,0.0,0.0,,-0.0841797454988401,2.304445220260882
1773,NVB,453814.125051992,5678908.47444574,0.0,0.0,0.0,0.0,1.930762529373169,,1.0016677379608154,0.0,0.0,,-0.0828397424028911,2.169647353207201
1774,NVB,453814.888628233,5678908.1437758,0.0,0.0,0.0,0.0,1.8477147817611692,,1.0011969804763794,0.0,0.0,,-0.1309760066162179,2.039345977944067
1775,NVB,453816.199010393,5678907.54996959,0.0,0.0,0.0,0.0,1.962800145149231,,1.0043339729309082,0.0,0.0,,-0.1011418980046424,1.9783396101193675
1776,NVB,453816.867268015,5678907.23871609,0.0,0.0,0.0,0.0,1.2570266723632812,,1.00516939163208,0.0,0.0,,-0.084069723442277,2.017790945758582
1777,NVB,453817.544180247,5678906.92751331,0.0,0.0,0.0,0.0,1.8049468994140625,,1.0011048316955566,0.0,0.0,,-0.0838176382260699,2.0336594787048403
1778,NVB,453818.195043817,5678906.63058463,0.0,0.0,0.0,0.0,2.4308419227600098,,1.001933217048645,0.0,0.0,,-0.0843912819650753,2.0291193327389494
1779,NVB,453818.889297806,5678906.31393463,0.0,0.0,0.0,0.0,1.614885330200195,,1.0058470964431765,0.0,0.0,,-0.07595404533888,1.978402950891004
1780,NVB,453819.592160831,5678906.00510343,0.0,0.0,0.0,0.0,1.0302387475967407,,1.0043752193450928,0.0,0.0,,-0.0569251722617262,1.8793785258516955
1781,NVB,453820.312268023,5678905.70747097,0.0,0.0,0.0,0.0,1.4633647203445437,,1.002607822418213,0.0,0.0,,-0.030939963539327,1.9157570451305217
1782,NVB,453821.153742158,5678905.37614759,0.0,0.0,0.0,0.0,0.9581042528152466,,1.002121090888977,0.0,0.0,,-0.0272777276673211,1.9072442813281896
1783,NVB,453821.943119036,5678905.07337246,0.0,0.0,0.0,0.0,2.3624589443206787,,1.002297282218933,0.0,0.0,,-0.0282431352121913,1.9237298396883729
1784,NVB,453822.61110935,5678904.80761733,0.0,0.0,0.0,0.0,1.6462161540985107,,1.0027457475662231,0.0,0.0,,0.0009812037754657,1.9398108027132823
1785,NVB,453823.435306517,5678904.47064354,0.0,0.0,0.0,0.0,0.6356337070465088,,1.000540852546692,0.0,0.0,,0.0291505733131027,2.1109541935986345
1786,NVB,453824.172898467,5678904.1431496,0.0,0.0,0.0,0.0,2.5567398071289062,,1.007340908050537,0.0,0.0,,-0.0036154324822018,2.191053395188607
1787,NVB,453824.841311688,5678903.80526196,0.0,0.0,0.0,0.0,2.295830249786377,,1.0019184350967407,0.0,0.0,,-0.0417553358645198,2.283517033175452
1788,NVB,453825.475073685,5678903.47271987,0.0,0.0,0.0,0.0,1.1318622827529907,,1.0018279552459717,0.0,0.0,,-0.0763257672314223,2.291586892999084
1789,NVB,453826.143519332,5678903.12928348,0.0,0.0,0.0,0.0,1.8029484748840328,,1.0078355073928833,0.0,0.0,,-0.146548304262649,2.404867747381953
1790,NVB,453826.933344868,5678902.74993662,0.0,0.0,0.0,0.0,0.4786272644996643,,1.007883071899414,0.0,0.0,,-0.1865475634649618,2.432194075312428
1791,NVB,453827.566885407,5678902.45512511,0.0,0.0,0.0,0.0,0.6296671032905579,,1.002083659172058,0.0,0.0,,-0.1958814043464797,2.3724452585839098
1792,NVB,453828.382759373,5678902.06150392,0.0,0.0,0.0,0.0,0.7642725706100464,,1.0019285678863523,0.0,0.0,,-0.197485304179635,2.321234336465646
1793,NVB,453829.025026044,5678901.75453604,0.0,0.0,0.0,0.0,1.56572163105011,,1.0016273260116575,0.0,0.0,,-0.207806421588264,2.371894868822784
1794,NVB,453829.771337236,5678901.41599506,0.0,0.0,0.0,0.0,1.1664985418319702,,1.0023249387741089,0.0,0.0,,-0.1748969000873924,2.568302035902231
1795,NVB,453830.404786449,5678901.13671951,0.0,0.0,0.0,0.0,1.915538430213928,,1.0120151042938232,0.0,0.0,,-0.1533300641873562,2.713965874783154
1796,NVB,453831.072912796,5678900.84765938,0.0,0.0,0.0,0.0,0.406301885843277,,1.0030232667922974,0.0,0.0,,-0.139002380447984,2.801278788615907
1797,NVB,453831.853790362,5678900.51819904,0.0,0.0,0.0,0.0,2.760694026947021,,1.0040873289108276,0.0,0.0,,-0.1470019463246511,2.793652257294414
1798,NVB,453832.461099768,5678900.26873372,0.0,0.0,0.0,0.0,0.9747539758682252,,1.0048741102218628,0.0,0.0,,-0.1671676645326354,2.9344044764815456
1799,NVB,453833.259019711,5678899.9848736,0.0,0.0,0.0,0.0,2.293428659439087,,1.0013411045074463,0.0,0.0,,-0.1983033680009517,2.9210062605898592
1800,NVB,453834.039688861,5678899.69092434,0.0,0.0,0.0,0.0,1.797616958618164,,1.00125253200531,0.0,0.0,,-0.1963057467771858,2.899811737554769
1801,NVB,453834.803074678,5678899.39243459,0.0,0.0,0.0,0.0,2.269292116165161,,1.0051153898239136,0.0,0.0,,-0.2093429427899304,2.8713791754500155
1802,NVB,453835.488477479,5678899.10902422,0.0,0.0,0.0,0.0,1.3407514095306396,,1.000606894493103,0.0,0.0,,-0.2214007969516211,2.875032941684159
1803,NVB,453836.174068934,5678898.79343168,0.0,0.0,0.0,0.0,2.2422800064086914,,1.0130969285964966,0.0,0.0,,-0.1879255220420373,2.83211364236265
1804,NVB,453836.937923084,5678898.41504131,0.0,0.0,0.0,0.0,1.228635549545288,,1.003949522972107,0.0,0.0,,-0.1711768541034923,2.816352596903668
1805,NVB,453837.6236836,5678898.07059572,0.0,0.0,0.0,0.0,2.2049672603607178,,1.002747893333435,0.0,0.0,,-0.1662582056600954,2.901455775881757
1806,NVB,453838.292069687,5678897.73714586,0.0,0.0,0.0,0.0,2.202544927597046,,1.0074917078018188,0.0,0.0,,-0.1595059105169299,2.8776866138197685
1807,NVB,453838.977888643,5678897.38271259,0.0,0.0,0.0,0.0,1.1181784868240356,,1.0057035684585571,0.0,0.0,,-0.136658762119684,2.626802589815764
1808,NVB,453839.62899785,5678897.04361248,0.0,0.0,0.0,0.0,2.898356914520264,,1.0213030576705933,0.0,0.0,,-0.1228361777094955,2.5261803698297016
1809,NVB,453840.253999913,5678896.72877411,0.0,0.0,0.0,0.0,4.973358631134033,,1.0075747966766355,0.0,0.0,,-0.1239239184485424,2.412929056768521
1810,NVB,453840.939636512,5678896.40541306,0.0,0.0,0.0,0.0,1.4695992469787598,,1.00377094745636,0.0,0.0,,-0.120252159917031,2.3979349026312176
1811,NVB,453841.720610809,5678896.05930583,0.0,0.0,0.0,0.0,2.052928924560547,,1.0045424699783323,0.0,0.0,,-0.1290550789270508,2.3632196842554003
1812,NVB,453842.336665281,5678895.79435431,0.0,0.0,0.0,0.0,0.650626540184021,,1.00412118434906,0.0,0.0,,-0.1132663583622217,2.367451740638048
1813,NVB,453843.126255064,5678895.45495604,0.0,0.0,0.0,0.0,3.13791823387146,,1.003112554550171,0.0,0.0,,-0.134766983186792,2.2489984252112785
1814,NVB,453843.829142168,5678895.14168378,0.0,0.0,0.0,0.0,0.827039361000061,,1.0031967163085938,0.0,0.0,,-0.1421472235463964,2.220882142264213
1815,NVB,453844.48857382,5678894.85923014,0.0,0.0,0.0,0.0,2.614278554916382,,1.0031030178070068,0.0,0.0,,-0.1247121337112603,2.270250612815869
1816,NVB,453845.173767683,5678894.61133023,0.0,0.0,0.0,0.0,0.3211369812488556,,1.001406192779541,0.0,0.0,,-0.150587732752543,2.3149826614796103
1817,NVB,453845.885042541,5678894.34360737,0.0,0.0,0.0,0.0,2.5872137546539307,,1.006419062614441,0.0,0.0,,-0.1634291816259345,2.3699897060339232
1818,NVB,453846.683078487,5678894.03977078,0.0,0.0,0.0,0.0,1.397878885269165,,1.005494475364685,0.0,0.0,,-0.1483874521522642,2.459620017993433
1819,NVB,453847.403092456,5678893.75767206,0.0,0.0,0.0,0.0,0.9166210293769836,,1.0016132593154907,0.0,0.0,,-0.1411614384323614,2.443918610144267
1820,NVB,453848.114445224,5678893.47663226,0.0,0.0,0.0,0.0,2.384217500686645,,1.0030063390731812,0.0,0.0,,-0.1441711730263795,2.3983596497995774
1821,NVB,453848.869305351,5678893.15589586,0.0,0.0,0.0,0.0,2.018705368041992,,1.0021750926971436,0.0,0.0,,-0.1495300094938339,2.3961563185106107
1822,NVB,453849.572263575,5678892.83041608,0.0,0.0,0.0,0.0,0.4641169905662536,,1.001623034477234,0.0,0.0,,-0.1023783487808615,2.365857574701772
1823,NVB,453850.154043722,5678892.50644543,0.0,0.0,0.0,0.0,1.7743784189224243,,1.001918911933899,0.0,0.0,,-0.0775050494139379,2.4370837910250263
1824,NVB,453850.735901881,5678892.169158,0.0,0.0,0.0,0.0,2.630561590194702,,1.004180669784546,0.0,0.0,,-0.0772545583217911,2.562741925005598
1825,NVB,453851.335075778,5678891.83086227,0.0,0.0,0.0,0.0,0.6310074329376221,,1.001500964164734,0.0,0.0,,-0.0471064666968672,2.658517494459925
1826,NVB,453852.020691971,5678891.51082944,0.0,0.0,0.0,0.0,1.807587027549744,,1.0066338777542114,0.0,0.0,,-0.0678706544048899,2.6735494091605214
1827,NVB,453852.732200481,5678891.20315576,0.0,0.0,0.0,0.0,2.0303070545196533,,1.0033607482910156,0.0,0.0,,-0.0425606553812802,2.718312371900006
1828,NVB,453853.4783275,5678890.89568493,0.0,0.0,0.0,0.0,0.9828476905822754,,1.001765489578247,0.0,0.0,,-0.0131334038120104,2.610351413636537
1829,NVB,453854.1984385,5678890.59693966,0.0,0.0,0.0,0.0,2.142738342285156,,1.002544403076172,0.0,0.0,,0.0126044506972272,2.3768092987850573
1830,NVB,453854.979314057,5678890.26747704,0.0,0.0,0.0,0.0,0.7835192680358887,,1.000810146331787,0.0,0.0,,0.0200052145232933,2.3479027897846394
1831,NVB,453855.708079579,5678889.96878237,0.0,0.0,0.0,0.0,1.1357873678207395,,1.0008805990219116,0.0,0.0,,0.0109911704930185,2.452144350281234
1832,NVB,453856.402109411,5678889.68985983,0.0,0.0,0.0,0.0,0.5440555214881897,,1.0025081634521484,0.0,0.0,,0.0334713569792087,2.505121839291576
1833,NVB,453857.104832857,5678889.40432958,0.0,0.0,0.0,0.0,2.1894240379333496,,1.0022189617156982,0.0,0.0,,0.0650454384646852,2.696124831514352
1834,NVB,453857.816249916,5678889.11219163,0.0,0.0,0.0,0.0,6.53227424621582,,1.0330429077148438,0.0,0.0,,0.06530338220289,2.854117093701084
1835,NVB,453858.510351139,5678888.8210619,0.0,0.0,0.0,0.0,1.708607196807861,,1.0026731491088867,0.0,0.0,,0.0816214676618677,2.9439780786125014
1836,NVB,453859.161179116,5678888.52967849,0.0,0.0,0.0,0.0,1.255015254020691,,1.0016331672668457,0.0,0.0,,0.0256691757088249,3.084837020141747
1837,NVB,453859.803137778,5678888.27486533,0.0,0.0,0.0,0.0,1.420084834098816,,1.005544662475586,0.0,0.0,,0.0225163671883716,3.236606890066106
1838,NVB,453860.453770549,5678888.01677366,0.0,0.0,0.0,0.0,1.453572392463684,,1.004584789276123,0.0,0.0,,-0.0242158943675977,3.328441592036145
1839,NVB,453861.147969126,5678887.70899777,0.0,0.0,0.0,0.0,2.9623234272003174,,1.0043120384216309,0.0,0.0,,-0.0574769782263063,3.36955582436004
1840,NVB,453861.963683769,5678887.34200659,0.0,0.0,0.0,0.0,8.352912902832031,,1.0336880683898926,0.0,0.0,,-0.1156191386208394,3.454787204359669
1841,NVB,453862.718750837,5678886.98575758,0.0,0.0,0.0,0.0,1.0500121116638184,,1.0034942626953125,0.0,0.0,,-0.1085637281884617,3.484901044720848
1842,NVB,453863.49120515,5678886.61629319,0.0,0.0,0.0,0.0,1.4631764888763428,,1.0071606636047363,0.0,0.0,,-0.1070340880891236,3.5774901058935447
1843,NVB,453864.229021334,5678886.24995504,0.0,0.0,0.0,0.0,1.2931634187698364,,1.0023460388183594,0.0,0.0,,-0.0672129388843407,3.571558229935656
1844,NVB,453864.845451438,5678885.92063754,0.0,0.0,0.0,0.0,0.7907546162605286,,1.004577875137329,0.0,0.0,,-0.0665913233103157,3.551582298500673
1845,NVB,453865.470555637,5678885.58804153,0.0,0.0,0.0,0.0,4.163746356964111,,1.0060211420059204,0.0,0.0,,-0.0866591938616577,3.5396796971082862
1846,NVB,453866.104125835,5678885.28767829,0.0,0.0,0.0,0.0,0.8116958737373352,,1.0023081302642822,0.0,0.0,,-0.0703741681236384,3.673526439696607
1847,NVB,453866.763685901,5678884.98302824,0.0,0.0,0.0,0.0,1.4930059909820557,,1.007280707359314,0.0,0.0,,-0.0773524506933784,3.806885194338442
1848,NVB,453867.449281346,5678884.66632326,0.0,0.0,0.0,0.0,3.010490894317627,,1.0079833269119265,0.0,0.0,,-0.0904466323225085,3.6761278890554503
1849,NVB,453868.12614407,5678884.36288425,0.0,0.0,0.0,0.0,3.57711124420166,,1.005661964416504,0.0,0.0,,-0.080713702936312,3.7183701038275303
1850,NVB,453868.802974233,5678884.06499382,0.0,0.0,0.0,0.0,1.74105966091156,,1.009833574295044,0.0,0.0,,-0.0654803616685586,3.638503152068092
1851,NVB,453869.488335427,5678883.78823888,0.0,0.0,0.0,0.0,2.9287445545196533,,1.0295262336730957,0.0,0.0,,-0.0351702960705535,3.618206745790085
1852,NVB,453870.173657561,5678883.51814224,0.0,0.0,0.0,0.0,1.582066774368286,,1.0049817562103271,0.0,0.0,,-0.0164229423504722,3.650054598955024
1853,NVB,453870.936968876,5678883.23185602,0.0,0.0,0.0,0.0,4.64762020111084,,1.0092467069625854,0.0,0.0,,-0.0200523739490909,3.634815409480632
1854,NVB,453871.656889933,5678882.96529128,0.0,0.0,0.0,0.0,2.961137533187866,,1.0174174308776855,0.0,0.0,,-0.0346860755634619,3.499579843769461
1855,NVB,453872.221066571,5678882.69115535,0.0,0.0,0.0,0.0,2.7297866344451904,,1.0131527185440063,0.0,0.0,,-0.0265338905889448,3.5822737807170357
1856,NVB,453872.845988141,5678882.38963114,0.0,0.0,0.0,0.0,2.902872323989868,,1.004720687866211,0.0,0.0,,-0.0224876714497235,3.722253481292349
1857,NVB,453873.45363291,5678882.08245682,0.0,0.0,0.0,0.0,5.841809749603272,,1.0257679224014282,0.0,0.0,,0.0010614335943435,3.8974603329927104
1858,NVB,453874.087222018,5678881.77876376,0.0,0.0,0.0,0.0,0.6286956667900085,,1.004817247390747,0.0,0.0,,0.0202033958553764,4.021955700061833
1859,NVB,453874.781569041,5678881.44546294,0.0,0.0,0.0,0.0,1.7302451133728027,,1.0050989389419556,0.0,0.0,,-0.0156950160490246,4.215759763085786
1860,NVB,453875.432304765,5678881.16961439,0.0,0.0,0.0,0.0,4.288242340087891,,1.0117416381835938,0.0,0.0,,-0.0491022258269184,3.7767994183907634
1861,NVB,453876.100421225,5678880.88166018,0.0,0.0,0.0,0.0,3.648459196090698,,1.009972095489502,0.0,0.0,,-0.0802666490267954,3.66914668648359
1862,NVB,453876.786093948,5678880.55163766,0.0,0.0,0.0,0.0,5.270569801330566,,1.0091068744659424,0.0,0.0,,-0.1121817300779779,3.620587078187123
1863,NVB,453877.445711705,5678880.23699916,0.0,0.0,0.0,0.0,0.5937987565994263,,1.0015910863876345,0.0,0.0,,-0.1142953272382967,3.3689929448170712
1864,NVB,453878.096681278,5678879.92120018,0.0,0.0,0.0,0.0,2.439596652984619,,1.0017439126968384,0.0,0.0,,-0.1135274127877028,3.1353381471942496
1865,NVB,453878.730380551,5678879.59864138,0.0,0.0,0.0,0.0,0.5091367959976196,,1.0004476308822632,0.0,0.0,,-0.1305756503644639,2.8510300094929963
1866,NVB,453879.355399137,5678879.28047073,0.0,0.0,0.0,0.0,2.0082883834838867,,1.0015552043914795,0.0,0.0,,-0.1234494967250763,2.835070833805898
1867,NVB,453880.049940738,5678878.9138776,0.0,0.0,0.0,0.0,2.075145483016968,,1.0043373107910156,0.0,0.0,,-0.0795828229360586,2.897300819952675
1868,NVB,453880.718303865,5678878.58375334,0.0,0.0,0.0,0.0,2.246532917022705,,1.0040104389190674,0.0,0.0,,-0.0334629437321373,3.1307571267970395
1869,NVB,453881.394931518,5678878.3202634,0.0,0.0,0.0,0.0,3.086877822875977,,1.009520173072815,0.0,0.0,,-0.0026189243287572,3.3183851810405107
1870,NVB,453882.106177633,5678878.0569762,0.0,0.0,0.0,0.0,1.3881808519363403,,1.002424240112305,0.0,0.0,,-0.0184709846131378,3.365632280829029
1871,NVB,453882.851957699,5678877.80831818,0.0,0.0,0.0,0.0,2.432082414627075,,1.002230167388916,0.0,0.0,,-0.0243446323119173,3.397024786154868
1872,NVB,453883.61503397,5678877.56198095,0.0,0.0,0.0,0.0,2.9466705322265625,,1.003819704055786,0.0,0.0,,-0.032137997609334,3.420689711083239
1873,NVB,453884.352120314,5678877.31993046,0.0,0.0,0.0,0.0,2.395881414413452,,1.0028061866760254,0.0,0.0,,-0.0498209045455572,3.860493906260603
1874,NVB,453885.115209489,5678877.07137362,0.0,0.0,0.0,0.0,1.922338604927063,,1.001198172569275,0.0,0.0,,-0.0532065588255248,4.164303406101165
1875,NVB,453885.843686612,5678876.8215042,0.0,0.0,0.0,0.0,0.8599517941474915,,1.0009608268737793,0.0,0.0,,-0.0818082718080529,4.56964442109457
1876,NVB,453886.520268434,5678876.56578192,0.0,0.0,0.0,0.0,2.60640287399292,,1.0104082822799685,0.0,0.0,,-0.090601851968328,4.856651801704906
1877,NVB,453887.214321965,5678876.28241777,0.0,0.0,0.0,0.0,9.144756317138672,,1.1009329557418823,0.0,0.0,,-0.0806938531646406,5.150731995506674
1878,NVB,453887.969191809,5678875.95945819,0.0,0.0,0.0,0.0,3.5335984230041504,,1.01470947265625,0.0,0.0,,-0.0664298018509421,5.574790587315562
1879,NVB,453888.637437348,5678875.64930836,0.0,0.0,0.0,0.0,4.853842258453369,,1.0310564041137695,0.0,0.0,,-0.0381785012405068,5.763724108625099
1880,NVB,453889.279666968,5678875.34788423,0.0,0.0,0.0,0.0,2.5390045642852783,,1.0045989751815796,0.0,0.0,,-0.0426384301662481,5.514767063987441
1881,NVB,453889.965332142,5678875.0189703,0.0,0.0,0.0,0.0,1.155825138092041,,1.004090428352356,0.0,0.0,,-0.0265210646232418,5.021241740315224
1882,NVB,453890.624981396,5678874.69878206,0.0,0.0,0.0,0.0,2.5225932598114014,,1.0042924880981443,0.0,0.0,,-0.0087848057739218,4.727315878620668
1883,NVB,453891.276047463,5678874.36633608,0.0,0.0,0.0,0.0,5.642890453338623,,1.017290472984314,0.0,0.0,,0.0346134042728671,4.587450209466978
1884,NVB,453891.953161835,5678874.01961564,0.0,0.0,0.0,0.0,1.616990566253662,,1.0042248964309692,0.0,0.0,,-0.0034941920852741,4.777491317657682
1885,NVB,453892.664953125,5678873.66311033,0.0,0.0,0.0,0.0,2.470777034759521,,1.0058400630950928,0.0,0.0,,0.0003749707991038,4.659342376221408
1886,NVB,453893.37669236,5678873.31548278,0.0,0.0,0.0,0.0,1.5841516256332395,,1.0081230401992798,0.0,0.0,,0.012374024347684,4.541579963928584
1887,NVB,453894.088399037,5678872.97340381,0.0,0.0,0.0,0.0,2.0120503902435303,,1.0076950788497925,0.0,0.0,,0.0221026461149762,4.406219339162296
1888,NVB,453894.81744739,5678872.6258775,0.0,0.0,0.0,0.0,1.845678806304932,,1.0152071714401243,0.0,0.0,,0.0400736178453051,4.245103040266268
1889,NVB,453895.529056457,5678872.30044432,0.0,0.0,0.0,0.0,3.6995792388916016,,1.0129327774047852,0.0,0.0,,0.0329015105658141,4.152244455946307
1890,NVB,453896.266635828,5678871.9740534,0.0,0.0,0.0,0.0,1.6181830167770386,,1.0202057361602783,0.0,0.0,,0.0256392164178632,4.096099047097506
1891,NVB,453896.94346383,5678871.67616056,0.0,0.0,0.0,0.0,1.1792433261871338,,1.0059692859649658,0.0,0.0,,0.0169774040726581,3.787664800084427
1892,NVB,453897.576901711,5678871.39798937,0.0,0.0,0.0,0.0,0.7879651784896851,,1.018524408340454,0.0,0.0,,0.0145376463729963,3.541099004433925
1893,NVB,453898.227655285,5678871.11880976,0.0,0.0,0.0,0.0,1.489472270011902,,1.0020368099212646,0.0,0.0,,-0.0127061913990709,3.373320552936915
1894,NVB,453898.921629921,5678870.84876131,0.0,0.0,0.0,0.0,0.9699415564537048,,1.0060142278671265,0.0,0.0,,-0.0319461969092714,3.3291910363879373
1895,NVB,453899.624278622,5678870.5754343,0.0,0.0,0.0,0.0,2.5665345191955566,,1.005174994468689,0.0,0.0,,-0.0109811401306538,3.125528522648576
1896,NVB,453900.30963103,5678870.29978642,0.0,0.0,0.0,0.0,2.375949621200561,,1.0116068124771118,0.0,0.0,,-0.0058588616243648,2.8436823626356618
1897,NVB,453901.029783806,5678869.9932688,0.0,0.0,0.0,0.0,1.4176737070083618,,1.0011142492294312,0.0,0.0,,-0.0519907639852611,2.6773639892645966
1898,NVB,453901.749975517,5678869.68009274,0.0,0.0,0.0,0.0,1.730732798576355,,1.001878261566162,0.0,0.0,,-0.0666762283914588,2.671078239978635
1899,NVB,453902.487788295,5678869.31375103,0.0,0.0,0.0,0.0,2.151414394378662,,1.002261519432068,0.0,0.0,,-0.0669706723995983,2.955221778680243
1900,NVB,453903.138918385,5678868.97020679,0.0,0.0,0.0,0.0,1.449303150177002,,1.001954436302185,0.0,0.0,,-0.058818668611729,3.1678331055358004
1901,NVB,453903.755423453,5678868.62756953,0.0,0.0,0.0,0.0,2.452124834060669,,1.0053308010101318,0.0,0.0,,-0.1080377514464831,3.1156228632867378
1902,NVB,453904.389289678,5678868.27615574,0.0,0.0,0.0,0.0,1.4467302560806274,,1.004690647125244,0.0,0.0,,-0.1073722278110364,3.105182702360405
1903,NVB,453905.023038893,5678867.944717,0.0,0.0,0.0,0.0,3.054487466812134,,1.0077844858169556,0.0,0.0,,-0.1046007971065549,3.134067419640356
1904,NVB,453905.699892204,5678867.64238451,0.0,0.0,0.0,0.0,2.1212520599365234,,1.0194871425628662,0.0,0.0,,-0.100416664620728,3.2056833624742618
1905,NVB,453906.402748287,5678867.3335456,0.0,0.0,0.0,0.0,0.7051047682762146,,1.00456964969635,0.0,0.0,,-0.046949286891051,3.234474742098103
1906,NVB,453907.201077959,5678866.97865542,0.0,0.0,0.0,0.0,1.2482153177261353,,1.0010823011398315,0.0,0.0,,-0.0438296021280563,3.023822649641983
1907,NVB,453907.921262644,5678866.66658853,0.0,0.0,0.0,0.0,0.7811596989631653,,1.0019612312316897,0.0,0.0,,-0.041257487790829,2.9454658508154736
1908,NVB,453908.615444447,5678866.36102794,0.0,0.0,0.0,0.0,2.060076713562012,,1.0012750625610352,0.0,0.0,,-0.0041857885964183,2.940886730841425
1909,NVB,453909.326850962,5678866.06999509,0.0,0.0,0.0,0.0,1.7727482318878174,,1.0015058517456057,0.0,0.0,,0.0014926086859934,2.9739391561043225
1910,NVB,453910.020798777,5678865.80438458,0.0,0.0,0.0,0.0,0.4760568141937256,,1.0091131925582886,0.0,0.0,,-0.0380490648396867,3.009219915975325
1911,NVB,453910.688633277,5678865.56414576,0.0,0.0,0.0,0.0,1.2985262870788574,,1.0056346654891968,0.0,0.0,,-0.0482712711917903,2.9544275046098414
1912,NVB,453911.356721102,5678865.28062749,0.0,0.0,0.0,0.0,0.2518975436687469,,1.0060861110687256,0.0,0.0,,-0.0713405718164875,2.9749895047914303
1913,NVB,453912.07718481,5678864.92084192,0.0,0.0,0.0,0.0,2.770084381103516,,1.009971022605896,0.0,0.0,,-0.122674555022577,2.8961407958356635
1914,NVB,453912.70242823,5678864.56382816,0.0,0.0,0.0,0.0,1.049158215522766,,1.001457691192627,0.0,0.0,,-0.1459861779156605,3.0998739750729265
1915,NVB,453913.284560942,5678864.17881784,0.0,0.0,0.0,0.0,4.821662902832031,,1.0069745779037476,0.0,0.0,,-0.152951830073762,3.279831176352297
1916,NVB,453913.857681694,5678863.85479185,0.0,0.0,0.0,0.0,3.381377935409546,,1.0132535696029663,0.0,0.0,,-0.1359163464097381,3.230093571431407
1917,NVB,453914.57798275,5678863.52274925,0.0,0.0,0.0,0.0,0.9253495931625366,,1.0104126930236816,0.0,0.0,,-0.1296467583802647,3.159080228437486
1918,NVB,453915.359093382,5678863.15222073,0.0,0.0,0.0,0.0,2.2224295139312744,,1.0019733905792236,0.0,0.0,,-0.1305573060719393,2.9885330960763903
1919,NVB,453916.044717409,5678862.82996291,0.0,0.0,0.0,0.0,4.291133880615234,,1.0066473484039309,0.0,0.0,,-0.1162930819543366,2.7134497152044483
1920,NVB,453916.686931917,5678862.53075602,0.0,0.0,0.0,0.0,0.8298126459121704,,1.0013641119003296,0.0,0.0,,-0.1184563927128759,2.4676302317720307
1921,NVB,453917.363797293,5678862.22620307,0.0,0.0,0.0,0.0,0.7736813426017761,,1.002513766288757,0.0,0.0,,-0.1058614785805366,2.339271186828619
1922,NVB,453918.092674713,5678861.90752754,0.0,0.0,0.0,0.0,1.9011555910110476,,1.002294659614563,0.0,0.0,,-0.0798654873036643,2.163898307013437
1923,NVB,453918.830031303,5678861.61886527,0.0,0.0,0.0,0.0,1.4663766622543335,,1.001378297805786,0.0,0.0,,-0.0819657670230658,1.9902771155395511
1924,NVB,453919.558551359,5678861.36122466,0.0,0.0,0.0,0.0,1.9717940092086792,,1.0039499998092651,0.0,0.0,,-0.0774083953283839,1.9309234384968803
1925,NVB,453920.260997122,5678861.12229738,0.0,0.0,0.0,0.0,1.8281103372573853,,1.0016610622406006,0.0,0.0,,-0.0692022523306324,1.9614914810135344
1926,NVB,453920.971993523,5678860.90117635,0.0,0.0,0.0,0.0,2.4097676277160645,,1.0036264657974243,0.0,0.0,,-0.0680663261641021,2.0942995681926986
1927,NVB,453921.743773489,5678860.64600827,0.0,0.0,0.0,0.0,2.4202702045440674,,1.0040873289108276,0.0,0.0,,-0.0821907990892209,2.2298930492517544
1928,NVB,453922.446349019,5678860.38488624,0.0,0.0,0.0,0.0,0.8649084568023682,,1.0016487836837769,0.0,0.0,,-0.0674380168674293,2.3272876171511903
1929,NVB,453923.08842019,5678860.11009284,0.0,0.0,0.0,0.0,0.5327146053314209,,1.001271367073059,0.0,0.0,,-0.0700968798990369,2.3867329489620888
1930,NVB,453923.773985175,5678859.7978219,0.0,0.0,0.0,0.0,3.023788928985596,,1.0017536878585815,0.0,0.0,,-0.0540068783146177,2.388009816090318
1931,NVB,453924.451012404,5678859.46552514,0.0,0.0,0.0,0.0,1.2870488166809082,,1.0049904584884644,0.0,0.0,,-0.0366041682288627,2.478015431023745
1932,NVB,453925.136746137,5678859.12440115,0.0,0.0,0.0,0.0,2.038726568222046,,1.0056904554367063,0.0,0.0,,-0.0818340016408799,2.5584585470337347
1933,NVB,453925.848346209,5678858.80007498,0.0,0.0,0.0,0.0,1.797618746757507,,1.0020395517349243,0.0,0.0,,-0.0668419500413,2.6531895906748897
1934,NVB,453926.61201673,5678858.45163861,0.0,0.0,0.0,0.0,2.1527559757232666,,1.0035712718963623,0.0,0.0,,-0.0205570563966355,2.6080818502070864
1935,NVB,453927.32363616,5678858.12398312,0.0,0.0,0.0,0.0,3.150062322616577,,1.0034537315368652,0.0,0.0,,-0.0101650654546652,2.622717978831586
1936,NVB,453927.96582387,5678857.82921422,0.0,0.0,0.0,0.0,0.9571877121925354,,1.0059075355529783,0.0,0.0,,-0.0128137814334101,2.6838547098438843
1937,NVB,453928.746809905,5678857.47976922,0.0,0.0,0.0,0.0,1.471776843070984,,1.0029970407485962,0.0,0.0,,-0.0031254443390392,3.0503393082615795
1938,NVB,453929.458312266,5678857.17208864,0.0,0.0,0.0,0.0,3.076240539550781,,1.006603121757507,0.0,0.0,,-0.0266531769020682,3.2419055639187566
1939,NVB,453930.16111451,5678856.87212544,0.0,0.0,0.0,0.0,2.192676305770874,,1.0053002834320068,0.0,0.0,,-0.0296385583408924,3.2939439708296385
1940,NVB,453930.881173953,5678856.5811413,0.0,0.0,0.0,0.0,1.504755616188049,,1.0064243078231812,0.0,0.0,,-0.0928674533162735,3.183504612320532
1941,NVB,453931.644688181,5678856.25933792,0.0,0.0,0.0,0.0,1.4529777765274048,,1.0125123262405396,0.0,0.0,,-0.151090261188565,3.1109754394122078
1942,NVB,453932.330187549,5678855.95816352,0.0,0.0,0.0,0.0,2.5911202430725098,,1.0061631202697754,0.0,0.0,,-0.1547489938108252,3.0639597746836778
1943,NVB,453932.937613621,5678855.68760567,0.0,0.0,0.0,0.0,2.190130710601806,,1.0009688138961792,0.0,0.0,,-0.1297436478846611,2.948141174428163
1944,NVB,453933.71852779,5678855.35036718,0.0,0.0,0.0,0.0,1.483513355255127,,1.0014798641204834,0.0,0.0,,-0.1691983945675989,2.69801632151763
1945,NVB,453934.45600655,5678855.04061861,0.0,0.0,0.0,0.0,1.948033571243286,,1.0018230676651,0.0,0.0,,-0.1402101477004219,2.5840193847441064
1946,NVB,453935.176247474,5678854.7185617,0.0,0.0,0.0,0.0,1.5459929704666138,,1.0069124698638916,0.0,0.0,,-0.1439273360451439,2.74435249401714
1947,NVB,453936.538980588,5678854.0495779,0.0,0.0,0.0,0.0,4.608489990234375,,1.015269160270691,0.0,0.0,,-0.1408389168289665,2.981535271310137
1948,NVB,453937.242048486,5678853.70411523,0.0,0.0,0.0,0.0,4.034707069396973,,1.003345251083374,0.0,0.0,,-0.1329661023313102,3.0779992193718577
1949,NVB,453937.988577614,5678853.32672356,0.0,0.0,0.0,0.0,7.205667495727539,,1.0445541143417358,0.0,0.0,,-0.1595118933829278,3.2649405305468653
1950,NVB,453938.6224865,5678852.96753894,0.0,0.0,0.0,0.0,2.6845126152038574,,1.0045584440231323,0.0,0.0,,-0.175056547228762,3.3073330878876086
1951,NVB,453939.230451015,5678852.60487317,0.0,0.0,0.0,0.0,2.550163507461548,,1.003210425376892,0.0,0.0,,-0.1604022992881659,3.19014711372402
1952,NVB,453939.864184489,5678852.27565111,0.0,0.0,0.0,0.0,2.3634238243103027,,1.0074418783187866,0.0,0.0,,-0.1407329412213745,3.108877018349112
1953,NVB,453940.532231154,5678851.99878874,0.0,0.0,0.0,0.0,0.8600357174873352,,1.002736210823059,0.0,0.0,,-0.1270108430245658,2.9740746047227296
1954,NVB,453941.278130197,5678851.72904039,0.0,0.0,0.0,0.0,3.6462676525115967,,1.0232539176940918,0.0,0.0,,-0.1319591215050619,2.6308632122700457
1955,NVB,453942.015244748,5678851.48143589,0.0,0.0,0.0,0.0,2.244133472442627,,1.002074956893921,0.0,0.0,,-0.1306772456998018,2.535145471875784
1956,NVB,453942.787016593,5678851.22737548,0.0,0.0,0.0,0.0,2.20660662651062,,1.0011956691741943,0.0,0.0,,-0.114338826800244,2.456633464616833
1957,NVB,453943.515431002,5678850.98748831,0.0,0.0,0.0,0.0,2.547319173812866,,1.0025049448013306,0.0,0.0,,-0.1147191246898815,2.2403401835923376
1958,NVB,453944.252551902,5678850.73877388,0.0,0.0,0.0,0.0,0.2070954740047454,,1.000753402709961,0.0,0.0,,-0.1474443936277021,2.153524178081553
1959,NVB,453944.981290813,5678850.44340017,0.0,0.0,0.0,0.0,3.572837829589844,,1.0022600889205933,0.0,0.0,,-0.2064702097813052,2.1035381996730487
1960,NVB,453945.675599547,5678850.11564177,0.0,0.0,0.0,0.0,2.071186065673828,,1.0079561471939087,0.0,0.0,,-0.2180798520063128,2.0435890809100696
1961,NVB,453946.326440497,5678849.82092201,0.0,0.0,0.0,0.0,0.6576223373413086,,1.0021774768829346,0.0,0.0,,-0.2061663484229275,2.0404302895993243
1962,NVB,453947.02059332,5678849.51979696,0.0,0.0,0.0,0.0,2.59376859664917,,1.0031623840332031,0.0,0.0,,-0.2064313179994946,2.1163219965185807
1963,NVB,453947.809972601,5678849.21478983,0.0,0.0,0.0,0.0,0.6435181498527527,,1.0019363164901731,0.0,0.0,,-0.2018112431395053,2.180254484102078
1964,NVB,453948.555832175,5678848.95169915,0.0,0.0,0.0,0.0,0.6490550637245178,,1.0025520324707031,0.0,0.0,,-0.2078311656711158,2.4504112285748576
1965,NVB,453949.293095525,5678848.67857023,0.0,0.0,0.0,0.0,1.2808291912078855,,1.0029199123382568,0.0,0.0,,-0.2345301029298687,2.712006986784322
1966,NVB,453950.00477802,5678848.33981542,0.0,0.0,0.0,0.0,2.2212722301483154,,1.0090909004211426,0.0,0.0,,-0.2749272910214618,3.0477824864375758
1967,NVB,453950.664779552,5678847.95858714,0.0,0.0,0.0,0.0,0.9056753516197203,,1.002261519432068,0.0,0.0,,-0.3278979430823747,3.4769557424985416
1968,NVB,453951.350673398,5678847.58971768,0.0,0.0,0.0,0.0,3.5134172439575195,,1.0080012083053589,0.0,0.0,,-0.3880420768403702,3.897643311421066
1969,NVB,453951.993015108,5678847.26831336,0.0,0.0,0.0,0.0,4.001764297485352,,1.003293752670288,0.0,0.0,,-0.3984611318601498,4.286782946145146
1970,NVB,453952.626650246,5678846.95573619,0.0,0.0,0.0,0.0,4.561130046844482,,1.004656195640564,0.0,0.0,,-0.3858621599278483,4.493643181203216
1971,NVB,453953.277601008,5678846.64215049,0.0,0.0,0.0,0.0,9.507294654846191,,1.0275883674621582,0.0,0.0,,-0.3617235510613631,4.539393157628831
1972,NVB,453953.911177629,5678846.33956077,0.0,0.0,0.0,0.0,3.308655023574829,,1.0092461109161377,0.0,0.0,,-0.2738750049621422,4.704115667709033
1973,NVB,453954.588079084,5678846.02834627,0.0,0.0,0.0,0.0,1.4810744524002075,,1.0042855739593506,0.0,0.0,,-0.1968992387351419,4.686079905777592
1974,NVB,453955.308376753,5678845.69629996,0.0,0.0,0.0,0.0,2.307079792022705,,1.0031334161758425,0.0,0.0,,-0.107522364358282,4.687373421007321
1975,NVB,453956.002723571,5678845.36188229,0.0,0.0,0.0,0.0,4.782587051391602,,1.0055948495864868,0.0,0.0,,0.0133396064123924,4.416450264389338
1976,NVB,453956.688409248,5678845.02852366,0.0,0.0,0.0,0.0,5.470827102661133,,1.0196391344070437,0.0,0.0,,0.111863150251432,3.789033773953999
1977,NVB,453957.322031036,5678844.71816558,0.0,0.0,0.0,0.0,5.323220729827881,,1.0091432332992554,0.0,0.0,,0.1822256490080235,3.73869428832116
1978,NVB,453957.946998184,5678844.40775682,0.0,0.0,0.0,0.0,4.830281734466553,,1.0057965517044067,0.0,0.0,,0.1791029816444889,3.91321511561082
1979,NVB,453958.624119968,5678844.05881122,0.0,0.0,0.0,0.0,2.3634066581726074,,1.021433711051941,0.0,0.0,,0.157088913401794,4.057264264166999
1980,NVB,453959.266435125,5678843.74184523,0.0,0.0,0.0,0.0,2.9756317138671875,,1.0055721998214722,0.0,0.0,,0.1191447465838464,4.332041425512881
1981,NVB,453959.917391843,5678843.42714925,0.0,0.0,0.0,0.0,5.286112308502197,,1.0074812173843384,0.0,0.0,,0.0845844911701989,4.558419123413461
1982,NVB,453960.594234394,5678843.12592178,0.0,0.0,0.0,0.0,1.3777447938919067,,1.001706600189209,0.0,0.0,,0.0138242747769409,4.900422447897356
1983,NVB,453961.279692547,5678842.83140324,0.0,0.0,0.0,0.0,3.1200881004333496,,1.014768362045288,0.0,0.0,,-0.0103755226815465,4.958250804048049
1984,NVB,453961.973785763,5678842.54026444,0.0,0.0,0.0,0.0,4.571005821228027,,1.0144299268722534,0.0,0.0,,-0.0067373238036709,5.204444746643253
1985,NVB,453962.685136188,5678842.25810462,0.0,0.0,0.0,0.0,3.758489608764648,,1.0079811811447144,0.0,0.0,,-0.0037841904178932,5.04929113919158
1986,NVB,453963.465846549,5678841.95526476,0.0,0.0,0.0,0.0,4.215192794799805,,1.0036863088607788,0.0,0.0,,0.0513026960639068,4.897394516046153
1987,NVB,453964.151265553,5678841.66740434,0.0,0.0,0.0,0.0,5.396442890167236,,1.006697177886963,0.0,0.0,,0.0887411748708834,4.67971529162246
1988,NVB,453964.758682917,5678841.39795377,0.0,0.0,0.0,0.0,2.7052712440490723,,1.0089685916900637,0.0,0.0,,0.1300647203876981,4.507424069916669
1989,NVB,453965.504904548,5678841.07271674,0.0,0.0,0.0,0.0,1.4930845499038696,,1.0029830932617188,0.0,0.0,,0.1716676094775558,4.30143697080777
1990,NVB,453966.164327196,5678840.79025296,0.0,0.0,0.0,0.0,0.944905698299408,,1.0043270587921145,0.0,0.0,,0.1527901369747912,4.077638622569518
1991,NVB,453966.806297875,5678840.53210194,0.0,0.0,0.0,0.0,1.5959298610687256,,1.004582405090332,0.0,0.0,,0.1602684639135738,3.814092802199958
1992,NVB,453967.43953606,5678840.287217,0.0,0.0,0.0,0.0,2.354820251464844,,1.001915454864502,0.0,0.0,,0.1193170162956074,3.9497996444083454
1993,NVB,453968.072793671,5678840.03900282,0.0,0.0,0.0,0.0,1.1453365087509155,,1.00115168094635,0.0,0.0,,0.0645045005752281,4.133608430234984
1994,NVB,453968.758115008,5678839.76778792,0.0,0.0,0.0,0.0,1.888676762580872,,1.0017595291137695,0.0,0.0,,0.0159675158861862,4.02360435089224
1995,NVB,453969.469562258,5678839.46898156,0.0,0.0,0.0,0.0,5.0514235496521,,1.0107163190841677,0.0,0.0,,-0.0143666620384414,4.196153550272117
1996,NVB,453970.172439218,5678839.15569808,0.0,0.0,0.0,0.0,3.0847442150115967,,1.0031970739364624,0.0,0.0,,-0.0395095956488235,4.202762857941688
1997,NVB,453970.8927291,5678838.82476009,0.0,0.0,0.0,0.0,3.832580804824829,,1.003192901611328,0.0,0.0,,-0.0449585256450024,4.1853728498049225
1998,NVB,453971.630399455,5678838.48171622,0.0,0.0,0.0,0.0,1.3820958137512207,,1.0079694986343384,0.0,0.0,,-0.008876824130511,4.111756855364046
1999,NVB,453972.359505994,5678838.12308549,0.0,0.0,0.0,0.0,1.2643101215362549,,1.001941204071045,0.0,0.0,,-0.0132907232446278,3.9644784565126825
2000,NVB,453973.08869681,5678837.75002823,0.0,0.0,0.0,0.0,4.5656328201293945,,1.0064016580581665,0.0,0.0,,0.0116357019610209,3.801737100806216
2001,NVB,453973.731186031,5678837.40309841,0.0,0.0,0.0,0.0,3.8555753231048575,,1.0063753128051758,0.0,0.0,,0.0246365613927204,4.00796759035245
2002,NVB,453974.33888819,5678837.08481907,0.0,0.0,0.0,0.0,1.5301628112792969,,1.0011175870895386,0.0,0.0,,0.0034198368809314,4.1536551819037255
2003,NVB,453974.981377304,5678836.73788914,0.0,0.0,0.0,0.0,4.091947555541992,,1.0104546546936035,0.0,0.0,,-0.0124420156907409,4.34549265051099
2004,NVB,453975.641233907,5678836.38107279,0.0,0.0,0.0,0.0,7.22901725769043,,1.019243836402893,0.0,0.0,,-0.0417217210902619,4.126692349959296
2005,NVB,453976.326872542,5678836.05548056,0.0,0.0,0.0,0.0,3.5031533241271973,,1.0097805261611938,0.0,0.0,,-0.0235098992829088,4.373232747038098
2006,NVB,453977.029606197,5678835.76661049,0.0,0.0,0.0,0.0,7.292058944702148,,1.0114315748214722,0.0,0.0,,-0.0095565929638788,4.510881006194009
2007,NVB,453977.801576434,5678835.4781451,0.0,0.0,0.0,0.0,3.879645109176636,,1.0030361413955688,0.0,0.0,,0.0085868666820124,4.8215066931602975
2008,NVB,453978.556088253,5678835.21510219,0.0,0.0,0.0,0.0,3.208430528640747,,1.0060917139053345,0.0,0.0,,0.0443411646199427,4.908656252923048
2009,NVB,453979.327948098,5678834.94550202,0.0,0.0,0.0,0.0,0.907467484474182,,1.0351964235305786,0.0,0.0,,0.0936198187932333,4.957183616545258
2010,NVB,453980.039141511,5678834.68997412,0.0,0.0,0.0,0.0,2.0063469409942627,,1.0091755390167236,0.0,0.0,,0.1246444472641302,4.938840030778204
2011,NVB,453980.767695927,5678834.4256695,0.0,0.0,0.0,0.0,3.799762725830078,,1.0057820081710815,0.0,0.0,,0.1026529690711913,4.966236633212018
2012,NVB,453981.496334622,5678834.14693835,0.0,0.0,0.0,0.0,2.881681442260742,,1.010216236114502,0.0,0.0,,0.0888248652599018,4.873295227929221
2013,NVB,453982.199054937,5678833.86028727,0.0,0.0,0.0,0.0,5.035542964935303,,1.0404669046401978,0.0,0.0,,0.1012577495174717,4.799675299842946
2014,NVB,453982.867169864,5678833.57121432,0.0,0.0,0.0,0.0,5.238377571105957,,1.01729416847229,0.0,0.0,,0.1237871232596068,4.87128058461175
2015,NVB,453983.604748383,5678833.24370553,0.0,0.0,0.0,0.0,2.753747940063477,,1.0047519207000732,0.0,0.0,,0.1088003949138617,4.858488886794673
2016,NVB,453984.394364568,5678832.89763481,0.0,0.0,0.0,0.0,0.2928377091884613,,1.0144526958465576,0.0,0.0,,0.1107128188395482,4.705795494077645
2017,NVB,453985.105868965,5678832.5888395,0.0,0.0,0.0,0.0,1.1176108121871948,,1.024674892425537,0.0,0.0,,0.0931562341904507,4.4833080622708525
2018,NVB,453985.765880419,5678832.20538884,0.0,0.0,0.0,0.0,2.759395837783813,,1.0210415124893188,0.0,0.0,,0.0950015743393187,4.724437665538723
2019,NVB,453986.287768854,5678831.76120347,0.0,0.0,0.0,0.0,1.1236507892608645,,1.035817265510559,0.0,0.0,,0.1028359444917569,4.9198955951504
2020,NVB,453986.680091558,5678831.27297993,0.0,0.0,0.0,0.0,3.671868085861206,,1.0320172309875488,0.0,0.0,,0.0529218227303541,5.135356726166897
2021,NVB,453986.98608251,5678830.74762951,0.0,0.0,0.0,0.0,5.467301368713379,,1.0542279481887815,0.0,0.0,,0.0499933466331017,5.114358951029054
2022,NVB,453987.205631462,5678830.2040176,0.0,0.0,0.0,0.0,5.434792518615723,,1.0338683128356934,0.0,0.0,,0.0283041398194861,5.159835844497562
2023,NVB,453987.330103312,5678829.63876445,0.0,0.0,0.0,0.0,3.119508981704712,,1.0382819175720217,0.0,0.0,,0.0221814191920173,5.255999435918265
2024,NVB,453987.368100766,5678829.06079846,0.0,0.0,0.0,0.0,10.870649337768556,,1.0526591539382937,0.0,0.0,,-0.0061059508341626,5.184867403496729
2025,NVB,453987.268092056,5678828.40212273,0.0,0.0,0.0,0.0,5.961239814758301,,1.0082650184631348,0.0,0.0,,-0.0568602158601417,5.036445810165654
2026,NVB,453987.046575614,5678827.80155443,0.0,0.0,0.0,0.0,2.8393068313598637,,1.0026679039001465,0.0,0.0,,-0.0485761989980494,4.783678543149033
2027,NVB,453986.703629298,5678827.2457768,0.0,0.0,0.0,0.0,2.7519662380218506,,1.005473494529724,0.0,0.0,,-0.008226089639527,4.617868992334136
2028,NVB,453986.273488728,5678826.80046613,0.0,0.0,0.0,0.0,3.873281717300415,,1.0091922283172607,0.0,0.0,,-0.0167754180468271,4.466889960978399
2029,NVB,453985.799530517,5678826.44811967,0.0,0.0,0.0,0.0,2.4913816452026367,,1.0105687379837036,0.0,0.0,,-0.0206923765775662,4.4686347462412455
2030,NVB,453985.264529848,5678826.17420978,0.0,0.0,0.0,0.0,5.706060886383057,,1.0252019166946411,0.0,0.0,,-0.0211583679341661,4.400297691121386
2031,NVB,453984.686016376,5678825.94110686,0.0,0.0,0.0,0.0,5.96442461013794,,1.0122922658920288,0.0,0.0,,0.0189135951689726,4.457605496122469
2032,NVB,453984.099010531,5678825.68021011,0.0,0.0,0.0,0.0,4.320167064666748,,1.006054162979126,0.0,0.0,,0.0538787840840851,4.624304116669288
2033,NVB,453983.460343259,5678825.37351095,0.0,0.0,0.0,0.0,5.452579975128174,,1.025657057762146,0.0,0.0,,0.0524980177524818,4.715219725747891
2034,NVB,453982.787187494,5678825.04441482,0.0,0.0,0.0,0.0,7.037156581878662,,1.013247013092041,0.0,0.0,,0.0649917818921081,4.701772529872441
2035,NVB,453982.088081056,5678824.71294742,0.0,0.0,0.0,0.0,0.5632909536361694,,1.0184277296066284,0.0,0.0,,0.0302262562430106,4.65010109685459
2036,NVB,453981.380586067,5678824.3359305,0.0,0.0,0.0,0.0,1.7588876485824585,,1.0063741207122805,0.0,0.0,,0.0053167850287235,4.730115087563222
2037,NVB,453980.751196313,5678823.92274782,0.0,0.0,0.0,0.0,0.7132277488708496,,1.0302135944366455,0.0,0.0,,-0.0354265310643414,4.583072026182836
2038,NVB,453980.182648066,5678823.46553008,0.0,0.0,0.0,0.0,2.572439193725586,,1.0283135175704956,0.0,0.0,,-0.0239513339650167,4.403514818865098
2039,NVB,453979.623137188,5678822.94288894,0.0,0.0,0.0,0.0,3.301571846008301,,1.0057607889175415,0.0,0.0,,0.0038328070819765,4.263453105249695
2040,NVB,453979.132817493,5678822.42842059,0.0,0.0,0.0,0.0,3.0285940170288086,,1.005970120429993,0.0,0.0,,0.0255359721558826,4.36712530462287
2041,NVB,453978.590473168,5678821.93029458,0.0,0.0,0.0,0.0,4.12202262878418,,1.0045888423919678,0.0,0.0,,0.0480791314781425,4.480594439276813
2042,NVB,453977.901533276,5678821.34031075,0.0,0.0,0.0,0.0,4.774460792541504,,1.0050759315490725,0.0,0.0,,0.0893420528154584,4.615972170075811
2043,NVB,453977.281440755,5678820.81731529,0.0,0.0,0.0,0.0,0.8469253778457642,,1.0030885934829712,0.0,0.0,,0.1571053855077122,4.9455851920283145
2044,NVB,453976.644149478,5678820.27535321,0.0,0.0,0.0,0.0,2.2870914936065674,,1.0036356449127195,0.0,0.0,,0.1365202962136121,5.011077960844021
2045,NVB,453976.015480412,5678819.73899031,0.0,0.0,0.0,0.0,3.712913751602173,,1.0088618993759155,0.0,0.0,,0.1033664463501487,4.998556249261791
2046,NVB,453975.412599949,5678819.23274181,0.0,0.0,0.0,0.0,1.6558544635772705,,1.0134702920913696,0.0,0.0,,0.0473085072004086,4.992759237887677
2047,NVB,453974.757954395,5678818.69844649,0.0,0.0,0.0,0.0,5.5586442947387695,,1.0079838037490845,0.0,0.0,,-0.000710721275292,4.768014499594317
2048,NVB,453974.094712753,5678818.15411295,0.0,0.0,0.0,0.0,3.132774829864502,,1.0077284574508667,0.0,0.0,,-0.0459231979053568,4.482573475163479
2049,NVB,453973.500461147,5678817.65235381,0.0,0.0,0.0,0.0,5.513859748840332,,1.0122538805007937,0.0,0.0,,-0.0881896120387096,4.453351139673428
2050,NVB,453972.888932936,5678817.14494479,0.0,0.0,0.0,0.0,3.6182608604431152,,1.0049593448638916,0.0,0.0,,-0.1100839145238364,4.271487374746616
2051,NVB,453971.683938493,5678816.00149934,0.0,0.0,0.0,0.0,2.1564688682556152,,1.0036598443984983,0.0,0.0,,-0.033379724659623,3.858974961678424
2052,NVB,453971.124539007,5678815.4599922,0.0,0.0,0.0,0.0,3.455159902572632,,1.0102834701538086,0.0,0.0,,-0.0370640445059817,3.9724749671837465
2053,NVB,453970.539467905,5678814.86839545,0.0,0.0,0.0,0.0,3.527953624725342,,1.0187547206878662,0.0,0.0,,-0.0237725072816194,4.105054738551615
2054,NVB,453969.885439439,5678814.22867554,0.0,0.0,0.0,0.0,3.008070468902588,,1.0041375160217283,0.0,0.0,,0.0034396691697919,4.402937119875476
2055,NVB,453969.274443787,5678813.63026853,0.0,0.0,0.0,0.0,2.125932455062866,,1.00295090675354,0.0,0.0,,0.0263845190773852,4.558919164102651
2056,NVB,453968.64611316,5678813.03619917,0.0,0.0,0.0,0.0,4.542783737182617,,1.0225729942321775,0.0,0.0,,0.0703689623307639,4.660158787002307
2057,NVB,453968.043648964,5678812.45892749,0.0,0.0,0.0,0.0,3.0683305263519287,,1.012748956680298,0.0,0.0,,0.0664937911165786,4.716146022707062
2058,NVB,453967.458429071,5678811.89285426,0.0,0.0,0.0,0.0,8.356178283691406,,1.0742226839065552,0.0,0.0,,0.0252987160328722,4.613572878316536
2059,NVB,453966.864814268,5678811.28234125,0.0,0.0,0.0,0.0,1.0607587099075315,,1.0083836317062378,0.0,0.0,,0.0004897578402147,4.567710691760612
2060,NVB,453966.288339948,5678810.70078234,0.0,0.0,0.0,0.0,6.3472981452941895,,1.0484191179275513,0.0,0.0,,0.0149931694863279,4.558507139011025
2061,NVB,453965.754703709,5678810.1938282,0.0,0.0,0.0,0.0,4.818923473358154,,1.008740782737732,0.0,0.0,,-0.0222931585398728,4.609754963705758
2062,NVB,453965.195123352,5678809.68339302,0.0,0.0,0.0,0.0,3.780712604522705,,1.029719352722168,0.0,0.0,,0.0056951275596748,4.317739065631341
2063,NVB,453964.540609069,5678809.12690225,0.0,0.0,0.0,0.0,3.595867872238159,,1.0107394456863403,0.0,0.0,,-0.0352378303095566,4.410929198529276
2064,NVB,453963.920388614,5678808.62610028,0.0,0.0,0.0,0.0,2.9735653400421143,,1.0052289962768557,0.0,0.0,,-0.0143687979443558,4.373626812336175
2065,NVB,453963.317373504,5678808.14315512,0.0,0.0,0.0,0.0,2.048614740371704,,1.001359224319458,0.0,0.0,,0.0267953136032748,4.598030971860398
2066,NVB,453962.679941447,5678807.6256059,0.0,0.0,0.0,0.0,4.437964916229248,,1.022125005722046,0.0,0.0,,0.0530138085846631,5.290433101100714
2067,NVB,453962.077017345,5678807.12712445,0.0,0.0,0.0,0.0,3.61279559135437,,1.0351066589355469,0.0,0.0,,0.0975821922940267,5.659457433463577
2068,NVB,453961.439299907,5678806.65840317,0.0,0.0,0.0,0.0,4.776436805725098,,1.009812593460083,0.0,0.0,,0.1641933246610509,5.892900375262733
2069,NVB,453960.715471885,5678806.11482393,0.0,0.0,0.0,0.0,5.927640438079834,,1.0288623571395874,0.0,0.0,,0.2652503137157696,5.813775118382819
2070,NVB,453960.069502431,5678805.57724878,0.0,0.0,0.0,0.0,7.162154197692871,,1.0140628814697266,0.0,0.0,,0.2811567317667766,5.189398418759684
2071,NVB,453959.432336881,5678805.01420044,0.0,0.0,0.0,0.0,0.6741973757743835,,1.0063016414642334,0.0,0.0,,0.2655873220614524,4.7978751375581385
2072,NVB,453958.821115589,5678804.45463307,0.0,0.0,0.0,0.0,2.085943460464477,,1.0029964447021484,0.0,0.0,,0.2292298610767064,4.546005225968451
2073,NVB,453958.339706068,5678803.89693461,0.0,0.0,0.0,0.0,1.917241334915161,,1.0020312070846558,0.0,0.0,,0.2247909534714927,4.265124218029972
2074,NVB,453957.824002947,5678803.28354725,0.0,0.0,0.0,0.0,5.493847846984863,,1.0170221328735352,0.0,0.0,,0.1747408099034257,4.023003894947681
2075,NVB,453957.265066127,5678802.6632484,0.0,0.0,0.0,0.0,1.3295071125030518,,1.0020959377288818,0.0,0.0,,0.1606794641559756,3.8349299642153225
2076,NVB,453956.749129519,5678802.08981118,0.0,0.0,0.0,0.0,3.9787020683288574,,1.0122872591018677,0.0,0.0,,0.1552570790242478,3.624733540858043
2077,NVB,453956.207359165,5678801.49402751,0.0,0.0,0.0,0.0,4.957540512084961,,1.0051445960998535,0.0,0.0,,0.119643727215732,3.723467550572759
2078,NVB,453955.630931785,5678800.9046997,0.0,0.0,0.0,0.0,0.3581421375274658,,1.0101609230041504,0.0,0.0,,0.1277546663789772,3.93951878652827
2079,NVB,453954.915791687,5678800.35562189,0.0,0.0,0.0,0.0,2.3076672554016118,,1.0030978918075562,0.0,0.0,,0.1448886270080976,4.266781862825385
2080,NVB,453954.148620592,5678799.82399595,0.0,0.0,0.0,0.0,3.715779066085816,,1.0087590217590332,0.0,0.0,,0.0791733683647218,4.149743223001614
2081,NVB,453953.398557466,5678799.32687275,0.0,0.0,0.0,0.0,2.8137762546539307,,1.0039464235305786,0.0,0.0,,0.0227465229550162,4.273983649822189
2082,NVB,453952.708946398,5678798.85229838,0.0,0.0,0.0,0.0,4.801945686340332,,1.0188970565795898,0.0,0.0,,0.0335998531726615,4.534299868597531
2083,NVB,453952.028171693,5678798.34670218,0.0,0.0,0.0,0.0,2.850038290023804,,1.0039613246917725,0.0,0.0,,-0.0294523004002406,4.373137043709773
2084,NVB,453951.416821624,5678797.80932879,0.0,0.0,0.0,0.0,2.643486499786377,,1.0042169094085691,0.0,0.0,,-0.0005946610252781,4.144718769285625
2085,NVB,453950.88324564,5678797.29238606,0.0,0.0,0.0,0.0,0.8411242365837097,,1.001964092254639,0.0,0.0,,-0.0720274079250215,4.011464976990087
2086,NVB,453950.401895545,5678796.72469955,0.0,0.0,0.0,0.0,5.063873291015625,,1.008979320526123,0.0,0.0,,-0.07961497271866,3.891760674666788
2087,NVB,453949.869033741,5678796.08568665,0.0,0.0,0.0,0.0,1.891516923904419,,1.0196380615234375,0.0,0.0,,0.0009838473162234,3.7250381751824606
2088,NVB,453949.267318725,5678795.38079476,0.0,0.0,0.0,0.0,2.1272194385528564,,1.0036919116973877,0.0,0.0,,0.0155621699759783,3.731100300346837
2089,NVB,453948.708136469,5678794.80266497,0.0,0.0,0.0,0.0,1.1439824104309082,,1.0015921592712402,0.0,0.0,,-0.0288273708394204,3.718948980028215
2090,NVB,453948.131638738,5678794.2255436,0.0,0.0,0.0,0.0,3.065866231918335,,1.00342857837677,0.0,0.0,,-0.0273868867212367,3.675316154978914
2091,NVB,453947.433912702,5678793.65881069,0.0,0.0,0.0,0.0,1.9333254098892207,,1.0197263956069946,0.0,0.0,,-0.0648549350276104,3.507463940386589
2092,NVB,453946.770428376,5678793.15664447,0.0,0.0,0.0,0.0,0.6345727443695068,,1.001732349395752,0.0,0.0,,-0.0644438135363582,3.5763597207689783
2093,NVB,453946.098367507,5678792.64111083,0.0,0.0,0.0,0.0,1.806056261062622,,1.0022668838500977,0.0,0.0,,-0.1070284917769456,3.5202195060713497
2094,NVB,453945.486602806,5678792.17475956,0.0,0.0,0.0,0.0,3.981630086898804,,1.013325572013855,0.0,0.0,,-0.0936197200679008,3.365212620422746
2095,NVB,453944.745805736,5678791.5733717,0.0,0.0,0.0,0.0,1.4142544269561768,,1.0034840106964111,0.0,0.0,,-0.0960589256112175,3.2829380009110465
2096,NVB,453944.134670931,5678790.9993767,0.0,0.0,0.0,0.0,2.0102009773254395,,1.0037627220153809,0.0,0.0,,-0.1049141105455289,3.3247194179977737
2097,NVB,453943.540955642,5678790.40661753,0.0,0.0,0.0,0.0,2.0324532985687256,,1.002813458442688,0.0,0.0,,-0.1176712897679479,3.5216665225155745
2098,NVB,453942.9130638,5678789.73819428,0.0,0.0,0.0,0.0,5.058418273925781,,1.0196130275726318,0.0,0.0,,-0.1415003759596978,3.429060500365234
2099,NVB,453942.336703203,5678789.13776819,0.0,0.0,0.0,0.0,5.145967483520508,,1.014135479927063,0.0,0.0,,-0.1650957535987925,3.251188184607072
2100,NVB,453941.716920728,5678788.56261263,0.0,0.0,0.0,0.0,2.9057228565216064,,1.010611057281494,0.0,0.0,,-0.2021106051299851,3.391403052657238
2101,NVB,453941.079842273,5678787.9851363,0.0,0.0,0.0,0.0,1.74713933467865,,1.003583312034607,0.0,0.0,,-0.2143201244884817,3.442651594186494
2102,NVB,453940.433927593,5678787.43868168,0.0,0.0,0.0,0.0,2.238876819610596,,1.0054444074630735,0.0,0.0,,-0.2704214296858972,3.2910082999351404
2103,NVB,453939.796459759,5678786.92778893,0.0,0.0,0.0,0.0,2.2493703365325928,,1.0070236921310425,0.0,0.0,,-0.3151713586825949,2.886287239121727
2104,NVB,453939.133171274,5678786.3923302,0.0,0.0,0.0,0.0,1.518676519393921,,1.005102038383484,0.0,0.0,,-0.3386588654905295,2.752604879868707
2105,NVB,453938.453047811,5678785.77575999,0.0,0.0,0.0,0.0,1.4260156154632568,,1.0035868883132937,0.0,0.0,,-0.3197252982326435,2.747347173601736
2106,NVB,453937.798316643,5678785.25699771,0.0,0.0,0.0,0.0,2.540985345840454,,1.0026016235351562,0.0,0.0,,-0.2943541318795086,2.835131054641337
2107,NVB,453937.108142841,5678784.8789683,0.0,0.0,0.0,0.0,0.4223801791667938,,1.0032367706298828,0.0,0.0,,-0.2760483803167475,2.8530925973726164
2108,NVB,453936.417436664,5678784.59193653,0.0,0.0,0.0,0.0,1.7776216268539429,,1.0011377334594729,0.0,0.0,,-0.253054211427849,2.734270502734781
2109,NVB,453935.778333015,5678784.36069495,0.0,0.0,0.0,0.0,2.35744309425354,,1.0039875507354736,0.0,0.0,,-0.2543593216599532,2.754534393349709
2110,NVB,453935.095313939,5678784.2390632,0.0,0.0,0.0,0.0,2.121009111404419,,1.001685619354248,0.0,0.0,,-0.2497102506674716,2.869192094919664
2111,NVB,453934.351096341,5678784.22250108,0.0,0.0,0.0,0.0,2.0306525230407715,,1.0043413639068604,0.0,0.0,,-0.2621640350368429,2.8413713071416957
2112,NVB,453933.606404712,5678784.28694904,0.0,0.0,0.0,0.0,3.3859307765960693,,1.0052825212478638,0.0,0.0,,-0.2487554719826684,2.742217259982943
2113,NVB,453932.835320913,5678784.42448706,0.0,0.0,0.0,0.0,1.9487605094909668,,1.0026062726974487,0.0,0.0,,-0.2533565668586134,2.5243249746671217
2114,NVB,453932.011920314,5678784.62830484,0.0,0.0,0.0,0.0,0.6558519601821899,,1.0017521381378174,0.0,0.0,,-0.2424090407752605,2.445092688187889
2115,NVB,453931.266202586,5678784.86808963,0.0,0.0,0.0,0.0,1.6622166633605957,,1.0028870105743408,0.0,0.0,,-0.2419033672123351,2.3830302861100727
2116,NVB,453930.572327535,5678785.12260469,0.0,0.0,0.0,0.0,2.381915330886841,,1.0037589073181152,0.0,0.0,,-0.2504794019661622,2.448624889453372
2117,NVB,453929.886951107,5678785.40380381,0.0,0.0,0.0,0.0,2.0684595108032227,,1.0008573532104492,0.0,0.0,,-0.264380377822476,2.5423816816575098
2118,NVB,453929.192744758,5678785.71491488,0.0,0.0,0.0,0.0,3.260180950164795,,1.0043025016784668,0.0,0.0,,-0.2441161884636959,2.5177087903930166
2119,NVB,453927.752112491,5678786.38677073,0.0,0.0,0.0,0.0,4.758528709411621,,1.0091166496276855,0.0,0.0,,-0.2447552346101452,2.828860787421596
2120,NVB,453927.023099524,5678786.72986114,0.0,0.0,0.0,0.0,3.023160934448242,,1.0048295259475708,0.0,0.0,,-0.2247962773239859,2.9902442537008733
2121,NVB,453926.32008904,5678787.06644506,0.0,0.0,0.0,0.0,0.5799984335899353,,1.0017573833465576,0.0,0.0,,-0.2299301311283091,3.1893715335941417
2122,NVB,453925.617013548,5678787.4141262,0.0,0.0,0.0,0.0,4.646823883056641,,1.0185327529907229,0.0,0.0,,-0.1978801441097087,3.280310608668493
2123,NVB,453924.888045854,5678787.74944831,0.0,0.0,0.0,0.0,5.41660213470459,,1.008403778076172,0.0,0.0,,-0.2089048004173633,3.4741766048476244
2124,NVB,453924.124602872,5678788.06015373,0.0,0.0,0.0,0.0,1.5079737901687622,,1.0045782327651978,0.0,0.0,,-0.1757955256588903,3.527705570424242
2125,NVB,453923.291806695,5678788.39042895,0.0,0.0,0.0,0.0,0.5290890336036682,,1.0034825801849363,0.0,0.0,,-0.1206813882220423,3.518516358026209
2126,NVB,453922.536972651,5678788.70895297,0.0,0.0,0.0,0.0,4.045248985290527,,1.010910987854004,0.0,0.0,,-0.0907825282733728,3.47417708294368
2127,NVB,453921.764608647,5678789.06510636,0.0,0.0,0.0,0.0,2.271531820297241,,1.004902958869934,0.0,0.0,,-0.0217138443360197,3.335088984340716
2128,NVB,453921.009514661,5678789.42801935,0.0,0.0,0.0,0.0,4.375560283660889,,1.0155086517333984,0.0,0.0,,-0.0827135443021894,2.9024956506928867
2129,NVB,453920.245577707,5678789.82306373,0.0,0.0,0.0,0.0,1.6039682626724243,,1.006120681762695,0.0,0.0,,-0.0673904720898174,2.653911032386147
2130,NVB,453919.473031612,5678790.21028929,0.0,0.0,0.0,0.0,1.1175758838653564,,1.001205563545227,0.0,0.0,,-0.0619921041984754,2.462476261729416
2131,NVB,453918.691856892,5678790.5930252,0.0,0.0,0.0,0.0,0.2346957921981811,,1.000928282737732,0.0,0.0,,-0.0825368020879038,2.625446553919337
2132,NVB,453917.841361403,5678790.98978222,0.0,0.0,0.0,0.0,1.3552846908569336,,1.0009430646896362,0.0,0.0,,-0.0997850075558357,2.5849802895526737
2133,NVB,453917.069022942,5678791.34149624,0.0,0.0,0.0,0.0,2.1754329204559326,,1.0015567541122437,0.0,0.0,,-0.0965389684922695,2.695911447540796
2134,NVB,453916.383470085,5678791.65265685,0.0,0.0,0.0,0.0,0.789624810218811,,1.0028772354125977,0.0,0.0,,-0.1004836105792155,2.8234645459764987
2135,NVB,453915.663273061,5678791.96805367,0.0,0.0,0.0,0.0,3.6920862197875977,,1.0039963722229004,0.0,0.0,,-0.0724684050646161,2.919331996890959
2136,NVB,453914.934395457,5678792.28783867,0.0,0.0,0.0,0.0,1.3470525741577148,,1.0139563083648682,0.0,0.0,,-0.0924437557441363,2.898878712028068
2137,NVB,453914.179554196,5678792.60747162,0.0,0.0,0.0,0.0,2.704092502593994,,1.0058830976486206,0.0,0.0,,-0.0975447303534985,2.865066582369706
2138,NVB,453913.433588285,5678792.8894244,0.0,0.0,0.0,0.0,2.28259539604187,,1.0053956508636477,0.0,0.0,,-0.0858509754205943,2.6509671615162715
2139,NVB,453912.644161251,5678793.2033059,0.0,0.0,0.0,0.0,2.5013368129730225,,1.0124456882476809,0.0,0.0,,-0.0939131324516713,2.641604650474121
2140,NVB,453911.906622376,5678793.52414969,0.0,0.0,0.0,0.0,3.255757570266724,,1.009679079055786,0.0,0.0,,-0.1203861367498365,2.597025144907388
2141,NVB,453911.203766549,5678793.83409879,0.0,0.0,0.0,0.0,1.2101008892059326,,1.0052595138549805,0.0,0.0,,-0.1268637782718546,2.5896822330546274
2142,NVB,453910.474784639,5678794.17163904,0.0,0.0,0.0,0.0,2.2232367992401123,,1.008228421211243,0.0,0.0,,-0.0898122802194163,2.5401217743586337
2143,NVB,453909.632929879,5678794.5706653,0.0,0.0,0.0,0.0,2.0045032501220703,,1.002860426902771,0.0,0.0,,-0.0944612926986856,2.5901422362854367
2144,NVB,453908.88661927,5678794.91143325,0.0,0.0,0.0,0.0,3.436368703842163,,1.004252314567566,0.0,0.0,,-0.1047911623755134,2.500799210024394
2145,NVB,453908.175134648,5678795.2168925,0.0,0.0,0.0,0.0,1.24523663520813,,1.0051559209823608,0.0,0.0,,-0.1570488021817548,2.4560657414102622
2146,NVB,453907.489782508,5678795.49365077,0.0,0.0,0.0,0.0,3.308134078979492,,1.0034167766571045,0.0,0.0,,-0.1635080350377501,2.4123031630530085
2147,NVB,453906.735109562,5678795.78443007,0.0,0.0,0.0,0.0,1.8824888467788696,,1.0018457174301147,0.0,0.0,,-0.1919349066613496,2.3501368410161243
2148,NVB,453905.902266335,5678796.12247157,0.0,0.0,0.0,0.0,1.5047942399978638,,1.004045009613037,0.0,0.0,,-0.1633470541835884,2.368406145326064
2149,NVB,453905.130011293,5678796.45975795,0.0,0.0,0.0,0.0,1.5712958574295044,,1.0006622076034546,0.0,0.0,,-0.1312993593793844,2.4494959148204094
2150,NVB,453904.366339249,5678796.80930195,0.0,0.0,0.0,0.0,1.6509151458740234,,1.0017428398132324,0.0,0.0,,-0.138062573781259,2.446249688171015
2151,NVB,453903.602569668,5678797.17549179,0.0,0.0,0.0,0.0,3.5693929195404053,,1.0029417276382446,0.0,0.0,,-0.1292737687455531,2.610422776511581
2152,NVB,453902.864724642,5678797.54849196,0.0,0.0,0.0,0.0,1.6813900470733645,,1.002330660820007,0.0,0.0,,-0.1033941480066974,2.6907123179243806
2153,NVB,453902.126938032,5678797.91150451,0.0,0.0,0.0,0.0,1.6295855045318604,,1.0029678344726562,0.0,0.0,,-0.0880489851554254,2.6276985809749425
2154,NVB,453901.432625489,5678798.2403688,0.0,0.0,0.0,0.0,2.8357224464416504,,1.0041791200637815,0.0,0.0,,-0.069677101603657,2.710030263015061
2155,NVB,453900.77301552,5678798.55500927,0.0,0.0,0.0,0.0,0.828565776348114,,1.0039595365524292,0.0,0.0,,-0.0677209987323973,2.890495792777811
2156,NVB,453900.09602494,5678798.88175535,0.0,0.0,0.0,0.0,1.9379979372024536,,1.0027107000350952,0.0,0.0,,-0.0892235001778847,3.14111303205248
2157,NVB,453899.34959653,5678799.2424975,0.0,0.0,0.0,0.0,0.5869834423065186,,1.0007314682006836,0.0,0.0,,-0.0939030089183234,3.430884505393359
2158,NVB,453898.637974669,5678799.57126019,0.0,0.0,0.0,0.0,3.908620357513428,,1.0106676816940308,0.0,0.0,,-0.1144557640222711,3.5278322183882205
2159,NVB,453897.900343632,5678799.90763886,0.0,0.0,0.0,0.0,3.915006399154663,,1.0138707160949707,0.0,0.0,,-0.0918282260031896,3.737688888842814
2160,NVB,453897.214860738,5678800.20659081,0.0,0.0,0.0,0.0,4.413534164428711,,1.0061527490615845,0.0,0.0,,-0.089423729512226,3.8957597849526713
2161,NVB,453896.338581445,5678800.57212109,0.0,0.0,0.0,0.0,2.835832357406616,,1.0068589448928833,0.0,0.0,,-0.0897898543233269,3.90555314210117
2162,NVB,453895.549172437,5678800.8826717,0.0,0.0,0.0,0.0,4.374986171722412,,1.0359138250350952,0.0,0.0,,-0.0296496455052117,3.889021200244288
2163,NVB,453894.733728251,5678801.20527719,0.0,0.0,0.0,0.0,3.297938585281372,,1.0021638870239258,0.0,0.0,,0.0822631049689563,3.7194044480298514
2164,NVB,453893.935651573,5678801.51799641,0.0,0.0,0.0,0.0,1.332597732543945,,1.001376986503601,0.0,0.0,,0.1445673190087542,3.555934829292736
2165,NVB,453893.120142259,5678801.85169902,0.0,0.0,0.0,0.0,0.8861760497093201,,1.0018378496170044,0.0,0.0,,0.1923033747741174,3.6764085335058714
2166,NVB,453892.48670326,5678802.13097956,0.0,0.0,0.0,0.0,0.6445461511611938,,1.0019596815109253,0.0,0.0,,0.2208554300750241,3.842330340121791
2167,NVB,453891.905477454,5678802.36173614,0.0,0.0,0.0,0.0,3.3686702251434326,,1.0035141706466677,0.0,0.0,,0.2406496129233764,4.010409778405338
2168,NVB,453891.202737021,5678802.65170836,0.0,0.0,0.0,0.0,4.806169509887695,,1.007757544517517,0.0,0.0,,0.2326153250462553,4.242426141000225
2169,NVB,453890.543405751,5678802.91862968,0.0,0.0,0.0,0.0,6.643884181976318,,1.034894585609436,0.0,0.0,,0.2878121237125159,4.415237814878956
2170,NVB,453889.840619718,5678803.21636987,0.0,0.0,0.0,0.0,3.630990743637085,,1.0094044208526611,0.0,0.0,,0.3145409923582069,4.6115202688120025
2171,NVB,453889.155116722,5678803.5186503,0.0,0.0,0.0,0.0,4.489430904388428,,1.0062392950057983,0.0,0.0,,0.2851625588492994,5.117389061894026
2172,NVB,453888.434865494,5678803.84292247,0.0,0.0,0.0,0.0,2.310283899307251,,1.0015918016433716,0.0,0.0,,0.1678337104399484,4.906543393945303
2173,NVB,453887.679996022,5678804.1669918,0.0,0.0,0.0,0.0,2.600902318954468,,1.003461480140686,0.0,0.0,,-0.0223149265363678,4.668643362447595
2174,NVB,453886.93365753,5678804.51219659,0.0,0.0,0.0,0.0,1.71589457988739,,1.0045697689056396,0.0,0.0,,-0.0624431383166591,4.291717328157066
2175,NVB,453886.18729947,5678804.86073049,0.0,0.0,0.0,0.0,2.660694122314453,,1.0055320262908936,0.0,0.0,,-0.1059306448571134,3.884400256717489
2176,NVB,453885.475605038,5678805.201699,0.0,0.0,0.0,0.0,3.2177555561065674,,1.0057545900344849,0.0,0.0,,-0.2399670718962446,3.6567398085020737
2177,NVB,453884.76390404,5678805.54377718,0.0,0.0,0.0,0.0,4.488826274871826,,1.0047663450241089,0.0,0.0,,-0.2762522366744792,3.895660569149405
2178,NVB,453883.982791082,5678805.91541238,0.0,0.0,0.0,0.0,1.2586570978164673,,1.003703474998474,0.0,0.0,,-0.3012494943408803,3.937169371317233
2179,NVB,453883.279900517,5678806.23090765,0.0,0.0,0.0,0.0,0.4020708799362182,,1.0045180320739746,0.0,0.0,,-0.2607296021902145,3.974221299691807
2180,NVB,453882.637897271,5678806.49460051,0.0,0.0,0.0,0.0,3.738590955734253,,1.004494071006775,0.0,0.0,,-0.239138642298102,4.010247083011094
2181,NVB,453881.935266632,5678806.76570653,0.0,0.0,0.0,0.0,4.077611446380615,,1.0046443939208984,0.0,0.0,,-0.2220048092135899,4.070085384658261
2182,NVB,453881.241355502,5678807.02576591,0.0,0.0,0.0,0.0,8.106868743896484,,1.0109038352966309,0.0,0.0,,-0.2467422654492251,3.915547777469943
2183,NVB,453880.547346811,5678807.30247115,0.0,0.0,0.0,0.0,3.3188369274139404,,1.006401777267456,0.0,0.0,,-0.2756295380823016,3.79351123690432
2184,NVB,453879.766500021,5678807.62860708,0.0,0.0,0.0,0.0,3.4582552909851074,,1.0053941011428833,0.0,0.0,,-0.2918921473291495,3.746902203069445
2185,NVB,453879.080996247,5678807.93088663,0.0,0.0,0.0,0.0,3.6071090698242183,,1.0066676139831543,0.0,0.0,,-0.3395598385166629,3.4190646895005066
2186,NVB,453878.352031127,5678808.26509473,0.0,0.0,0.0,0.0,1.281670093536377,,1.0065792798995972,0.0,0.0,,-0.3829163031998852,3.2745653731367
2187,NVB,453877.596985265,5678808.61912576,0.0,0.0,0.0,0.0,2.9326372146606445,,1.0043152570724487,0.0,0.0,,-0.3889721813514067,3.343924586312435
2188,NVB,453876.83321977,5678808.9842033,0.0,0.0,0.0,0.0,1.4492546319961548,,1.0057116746902466,0.0,0.0,,-0.3729498737180433,3.8581052082264113
2189,NVB,453876.052034571,5678809.36804473,0.0,0.0,0.0,0.0,2.562451124191284,,1.002954602241516,0.0,0.0,,-0.3616487181163795,4.0664438936764
2190,NVB,453875.331515683,5678809.73781456,0.0,0.0,0.0,0.0,2.078065633773804,,1.0096086263656616,0.0,0.0,,-0.3959652857769197,4.221579344142737
2191,NVB,453874.637038406,5678810.0944197,0.0,0.0,0.0,0.0,1.5695879459381104,,1.001613736152649,0.0,0.0,,-0.4166837500634466,4.378773927772433
2192,NVB,453873.968700277,5678810.42121425,0.0,0.0,0.0,0.0,4.788812637329102,,1.0281859636306765,0.0,0.0,,-0.3966724648869583,4.313496539265061
2193,NVB,453873.369897611,5678810.69736691,0.0,0.0,0.0,0.0,2.0925021171569824,,1.045514702796936,0.0,0.0,,-0.4091740425545285,4.242251186947494
2194,NVB,453872.692755277,5678811.04963439,0.0,0.0,0.0,0.0,2.274606466293335,,1.0052708387374878,0.0,0.0,,-0.4214931568936159,4.103413247336624
2195,NVB,453872.00690631,5678811.41072892,0.0,0.0,0.0,0.0,1.8155806064605715,,1.0007271766662598,0.0,0.0,,-0.3833158451403571,3.6945507540928175
2196,NVB,453871.329776852,5678811.76077682,0.0,0.0,0.0,0.0,1.2427055835723877,,1.0013585090637207,0.0,0.0,,-0.3997325559687322,3.0992640320380644
2197,NVB,453870.609348555,5678812.11501003,0.0,0.0,0.0,0.0,2.3998982906341557,,1.0011357069015503,0.0,0.0,,-0.3998116078444612,2.970228608724021
2198,NVB,453869.897678786,5678812.45153823,0.0,0.0,0.0,0.0,1.5558087825775146,,1.0010961294174194,0.0,0.0,,-0.3377614659368092,2.958517553118668
2199,NVB,453869.108085441,5678812.79315859,0.0,0.0,0.0,0.0,0.3866384327411651,,1.002130150794983,0.0,0.0,,-0.2445809782497756,3.2902742199902364
2200,NVB,453868.370659964,5678813.09402322,0.0,0.0,0.0,0.0,3.6133177280426025,,1.009312629699707,0.0,0.0,,-0.1551128294065903,3.501406713762831
2201,NVB,453867.711346531,5678813.35761344,0.0,0.0,0.0,0.0,3.5807600021362305,,1.0069594383239746,0.0,0.0,,-0.1003682580118915,3.7941898893065926
2202,NVB,453867.034704434,5678813.62443137,0.0,0.0,0.0,0.0,3.451415777206421,,1.003378987312317,0.0,0.0,,-0.0368757340561981,3.8923482305344574
2203,NVB,453866.349420738,5678813.88897907,0.0,0.0,0.0,0.0,5.07826042175293,,1.008870005607605,0.0,0.0,,-0.0064169285788406,3.736021095473523
2204,NVB,453865.646951442,5678814.13234044,0.0,0.0,0.0,0.0,5.727130889892578,,1.0103492736816406,0.0,0.0,,-0.042466441015958,3.595971250109398
2205,NVB,453864.953117147,5678814.37908165,0.0,0.0,0.0,0.0,2.464693307876587,,1.003409743309021,0.0,0.0,,-0.1228941986401215,3.338314142936616
2206,NVB,453864.181014597,5678814.68973057,0.0,0.0,0.0,0.0,1.3803316354751587,,1.001344919204712,0.0,0.0,,-0.1620047284965914,3.160446965207816
2207,NVB,453863.417547034,5678815.00375932,0.0,0.0,0.0,0.0,2.215466022491455,,1.0026551485061646,0.0,0.0,,-0.1560748546138596,3.015273869266925
2208,NVB,453862.636445115,5678815.37317295,0.0,0.0,0.0,0.0,2.4567697048187256,,1.002177119255066,0.0,0.0,,-0.1503938805915753,3.23359436450977
2209,NVB,453861.915944546,5678815.73961238,0.0,0.0,0.0,0.0,2.364009141921997,,1.0022677183151243,0.0,0.0,,-0.1037587665088527,3.585941471336161
2210,NVB,453861.186717809,5678816.11820802,0.0,0.0,0.0,0.0,1.2475284337997437,,1.0012511014938354,0.0,0.0,,-0.0676288845698735,4.334352457153831
2211,NVB,453860.501004443,5678816.45599727,0.0,0.0,0.0,0.0,7.519863605499268,,1.0143818855285645,0.0,0.0,,-0.0519810227314789,5.008604882211417
2212,NVB,453859.841430301,5678816.76397597,0.0,0.0,0.0,0.0,3.724908828735352,,1.0049281120300293,0.0,0.0,,-0.0630791341884426,5.414324485165572
2213,NVB,453859.12099451,5678817.11931786,0.0,0.0,0.0,0.0,3.635584831237793,,1.0070909261703491,0.0,0.0,,-0.0881335454313394,5.486241686950205
2214,NVB,453858.426593885,5678817.46260484,0.0,0.0,0.0,0.0,4.509883880615234,,1.0133070945739746,0.0,0.0,,-0.1327194994592435,5.490519548110513
2215,NVB,453857.749638907,5678817.78268892,0.0,0.0,0.0,0.0,2.5755622386932373,,1.035485029220581,0.0,0.0,,-0.1153837965494961,5.411532051399616
2216,NVB,453856.951207804,5678818.15532974,0.0,0.0,0.0,0.0,0.2986437976360321,,1.057894587516785,0.0,0.0,,-0.1048436231755525,5.282660179611773
2217,NVB,453856.222253789,5678818.48731634,0.0,0.0,0.0,0.0,4.258556842803955,,1.0521599054336548,0.0,0.0,,-0.0805953669742903,5.282938886411482
2218,NVB,453855.589280434,5678818.68669351,0.0,0.0,0.0,0.0,2.8249542713165283,,1.0058355331420898,0.0,0.0,,-0.0887913482783514,5.351056655243346
2219,NVB,453854.783040177,5678818.91501872,0.0,0.0,0.0,0.0,14.70051097869873,,1.0564709901809692,0.0,0.0,,-0.0768566971533727,5.364503745961535
2220,NVB,453854.115331415,5678819.13416796,0.0,0.0,0.0,0.0,3.2980923652648926,,1.0261459350585938,0.0,0.0,,-0.0765279636101515,5.55616806145248
2221,NVB,453853.291456697,5678819.41787797,0.0,0.0,0.0,0.0,2.8973677158355717,,1.0235048532485962,0.0,0.0,,-0.0938760273795724,5.853953633628371
2222,NVB,453852.606386686,5678819.64580345,0.0,0.0,0.0,0.0,4.003469944000244,,1.0234438180923462,0.0,0.0,,-0.1067947723218808,6.341339388801539
2223,NVB,453851.886561771,5678819.89683023,0.0,0.0,0.0,0.0,6.323848247528076,,1.0255193710327148,0.0,0.0,,-0.1145610870102206,6.337671643799792
2224,NVB,453851.175313314,5678820.16122442,0.0,0.0,0.0,0.0,10.141586303710938,,1.0244898796081543,0.0,0.0,,-0.1127049112959281,6.593393029955824
2225,NVB,453850.481126737,5678820.46788968,0.0,0.0,0.0,0.0,2.5985677242279053,,1.0079500675201416,0.0,0.0,,-0.1326712797650126,6.463563063659959
2226,NVB,453849.726013372,5678820.83301533,0.0,0.0,0.0,0.0,2.77915620803833,,1.002345085144043,0.0,0.0,,-0.1580583332701439,6.057997792685792
2227,NVB,453849.144329517,5678821.14144974,0.0,0.0,0.0,0.0,1.7843669652938845,,1.002904772758484,0.0,0.0,,-0.1879402682737763,5.287308226271894
2228,NVB,453848.519203648,5678821.47848337,0.0,0.0,0.0,0.0,1.72164785861969,,1.001164793968201,0.0,0.0,,-0.2128585653206028,4.558307661403374
2229,NVB,453847.815978453,5678821.85057162,0.0,0.0,0.0,0.0,0.4118747115135193,,1.000921607017517,0.0,0.0,,-0.2056887904166606,3.84060566541006
2230,NVB,453847.173510811,5678822.1930523,0.0,0.0,0.0,0.0,3.041322708129883,,1.0029269456863403,0.0,0.0,,-0.1350404134881064,3.371833189459645
2231,NVB,453846.479122216,5678822.53411879,0.0,0.0,0.0,0.0,1.7404052019119265,,1.0024728775024414,0.0,0.0,,-0.1183230331570137,2.9492777403583994
2232,NVB,453845.767430932,5678822.873974,0.0,0.0,0.0,0.0,0.4589191973209381,,1.0034751892089844,0.0,0.0,,-0.0930848655699008,3.0552518048329658
2233,NVB,453845.047111044,5678823.2093395,0.0,0.0,0.0,0.0,1.4769786596298218,,1.0040175914764404,0.0,0.0,,-0.0410387589280347,3.174510561072189
2234,NVB,453844.352813351,5678823.5348696,0.0,0.0,0.0,0.0,1.8163747787475584,,1.0052571296691897,0.0,0.0,,-0.0346591370623641,3.313081956554784
2235,NVB,453843.684609429,5678823.8383573,0.0,0.0,0.0,0.0,2.557753086090088,,1.0077812671661377,0.0,0.0,,-0.0397783193332696,3.317942573488573
2236,NVB,453843.042382169,5678824.13977771,0.0,0.0,0.0,0.0,1.1784884929656982,,1.0112282037734983,0.0,0.0,,-0.0521860938323521,3.412625362312175
2237,NVB,453842.36551707,5678824.44432428,0.0,0.0,0.0,0.0,5.308562278747559,,1.011967420578003,0.0,0.0,,-0.0798940229248672,3.644250274831237
2238,NVB,453841.584751541,5678824.75602998,0.0,0.0,0.0,0.0,3.450124263763428,,1.0044548511505127,0.0,0.0,,-0.0265847028347446,3.951457964305789
2239,NVB,453840.864743614,5678825.03812816,0.0,0.0,0.0,0.0,0.5565357208251953,,1.0097005367279053,0.0,0.0,,-0.0145705379100212,4.36204417612805
2240,NVB,453840.257667973,5678825.24875361,0.0,0.0,0.0,0.0,1.4554005861282349,,1.0026901960372925,0.0,0.0,,-0.0125157791277753,4.525552900890263
2241,NVB,453839.572551516,5678825.48444606,0.0,0.0,0.0,0.0,0.6201483011245728,,1.0053858757019043,0.0,0.0,,0.0016188272800697,4.639140944061898
2242,NVB,453838.818035785,5678825.74747568,0.0,0.0,0.0,0.0,1.340059518814087,,1.0063197612762451,0.0,0.0,,-0.0044531600128951,4.865668996857751
2243,NVB,453838.167452929,5678825.99779746,0.0,0.0,0.0,0.0,4.914933681488037,,1.0380685329437256,0.0,0.0,,-0.0072030574974741,5.004420915618049
2244,NVB,453837.490808716,5678826.26461286,0.0,0.0,0.0,0.0,3.744183301925659,,1.0367975234985352,0.0,0.0,,0.000220759312654,5.124864520993027
2245,NVB,453836.761963726,5678826.57773229,0.0,0.0,0.0,0.0,2.456594705581665,,1.0282456874847412,0.0,0.0,,-0.0060707842474925,4.858777272590599
2246,NVB,453836.102491902,5678826.86795336,0.0,0.0,0.0,0.0,1.3902236223220823,,1.0041686296463013,0.0,0.0,,0.0072563296016468,4.53468480084429
2247,NVB,453835.425645815,5678827.16917016,0.0,0.0,0.0,0.0,1.6987577676773071,,1.0061402320861816,0.0,0.0,,0.0247700477463844,4.374014069432695
2248,NVB,453834.731379902,5678827.48915078,0.0,0.0,0.0,0.0,9.115434646606444,,1.1064553260803225,0.0,0.0,,0.0460486289335006,3.886771119690195
2249,NVB,453834.063064637,5678827.81150304,0.0,0.0,0.0,0.0,1.0513159036636353,,1.042920470237732,0.0,0.0,,0.071608759766998,3.662901922711845
2250,NVB,453833.377329541,5678828.15261912,0.0,0.0,0.0,0.0,1.794214367866516,,1.008288860321045,0.0,0.0,,0.0854282803333176,3.3781360725857903
2251,NVB,453832.682900762,5678828.50034276,0.0,0.0,0.0,0.0,2.151707887649536,,1.0021350383758545,0.0,0.0,,0.0865522375012815,3.318125059519267
2252,NVB,453832.005768056,5678828.85038731,0.0,0.0,0.0,0.0,0.5590667724609375,,1.0035606622695925,0.0,0.0,,0.0574693103566693,3.384442152802884
2253,NVB,453831.389458099,5678829.15972713,0.0,0.0,0.0,0.0,6.287189483642578,,1.0185807943344116,0.0,0.0,,-0.0060308318291688,3.602180329911142
2254,NVB,453830.790652481,5678829.43587657,0.0,0.0,0.0,0.0,7.0771355628967285,,1.0362141132354736,0.0,0.0,,-0.0237169025772514,3.718488231185284
2255,NVB,453830.191840313,5678829.71313569,0.0,0.0,0.0,0.0,7.26503324508667,,1.0206305980682373,0.0,0.0,,-0.0356295800650526,3.6613251906887863
2256,NVB,453829.584354002,5678829.99367319,0.0,0.0,0.0,0.0,4.268697738647461,,1.008985161781311,0.0,0.0,,-0.020688828596484,3.647830569981074
2257,NVB,453828.890211257,5678830.29256846,0.0,0.0,0.0,0.0,2.063248634338379,,1.0027189254760742,0.0,0.0,,0.0055095711621051,3.72365567227798
2258,NVB,453828.178733273,5678830.59580107,0.0,0.0,0.0,0.0,2.062565565109253,,1.004774570465088,0.0,0.0,,0.0269786012166506,3.57019098432074
2259,NVB,453827.484590418,5678830.89469622,0.0,0.0,0.0,0.0,5.457950115203857,,1.0121270418167114,0.0,0.0,,-0.0001877620286574,3.365506489116376
2260,NVB,453826.755822694,5678831.19449799,0.0,0.0,0.0,0.0,3.175120115280152,,1.0072983503341677,0.0,0.0,,0.0077903829363041,3.442936396439884
2261,NVB,453826.053357096,5678831.43674612,0.0,0.0,0.0,0.0,1.9331135749816892,,1.0121053457260132,0.0,0.0,,-0.0165746375983034,3.806763354821909
2262,NVB,453825.350917491,5678831.67455527,0.0,0.0,0.0,0.0,4.081175327301025,,1.0033797025680542,0.0,0.0,,-0.0612056786752867,4.249319804677593
2263,NVB,453824.674396009,5678831.92028475,0.0,0.0,0.0,0.0,2.630606412887573,,1.0017701387405396,0.0,0.0,,-0.0904056366384325,4.399263532768634
2264,NVB,453824.023584371,5678832.20944584,0.0,0.0,0.0,0.0,2.671980619430542,,1.0052335262298584,0.0,0.0,,-0.1236797410803939,4.390952905624613
2265,NVB,453823.372733627,5678832.50526525,0.0,0.0,0.0,0.0,1.4060226678848269,,1.0050135850906372,0.0,0.0,,-0.2048060650028589,4.316076795073535
2266,NVB,453822.643711738,5678832.84834605,0.0,0.0,0.0,0.0,6.251201152801514,,1.0128697156906128,0.0,0.0,,-0.2782376423970111,4.326357236758208
2267,NVB,453821.966708387,5678833.17619517,0.0,0.0,0.0,0.0,4.547675132751465,,1.005083084106445,0.0,0.0,,-0.3774711964911083,4.202353064316621
2268,NVB,453821.324505556,5678833.47317491,0.0,0.0,0.0,0.0,1.389820575714111,,1.025852918624878,0.0,0.0,,-0.4064914092298586,3.873928624855437
2269,NVB,453820.604196651,5678833.80631873,0.0,0.0,0.0,0.0,1.8386064767837524,,1.008926510810852,0.0,0.0,,-0.4236283443978957,3.489327101532536
2270,NVB,453819.875343768,5678834.12054634,0.0,0.0,0.0,0.0,2.857995986938477,,1.0032448768615725,0.0,0.0,,-0.4102518762392785,3.1745480511972257
2271,NVB,453819.129220724,5678834.42801397,0.0,0.0,0.0,0.0,2.312586545944214,,1.0036362409591677,0.0,0.0,,-0.3688732524996528,2.9091857997137955
2272,NVB,453818.339616407,5678834.770739,0.0,0.0,0.0,0.0,2.1548752784729004,,1.0029319524765017,0.0,0.0,,-0.3590657249311062,2.507565140052795
2273,NVB,453817.688661075,5678835.0843136,0.0,0.0,0.0,0.0,3.687638759613037,,1.0036348104476929,0.0,0.0,,-0.3282781179256809,2.558966513598054
2274,NVB,453817.003022271,5678835.40878234,0.0,0.0,0.0,0.0,2.32624888420105,,1.0036475658416748,0.0,0.0,,-0.2152380930733882,2.6732707662660986
2275,NVB,453816.317500587,5678835.71327592,0.0,0.0,0.0,0.0,1.8892649412155151,,1.0009863376617432,0.0,0.0,,-0.1564147183585093,2.9130419812853985
2276,NVB,453815.649431238,5678835.99345696,0.0,0.0,0.0,0.0,2.1885790824890137,,1.0031511783599854,0.0,0.0,,-0.1081765702414762,2.9428157101804007
2277,NVB,453815.007423239,5678836.25714434,0.0,0.0,0.0,0.0,4.525772571563721,,1.05861234664917,0.0,0.0,,-0.0533150949985734,2.8720075297386662
2278,NVB,453814.382730868,5678836.51982349,0.0,0.0,0.0,0.0,3.428762912750244,,1.005562424659729,0.0,0.0,,-0.0210443365424847,2.8524619333865764
2279,NVB,453813.740644658,5678836.7968275,0.0,0.0,0.0,0.0,1.2869360446929932,,1.0313661098480225,0.0,0.0,,0.0141265388113645,2.776523648208952
2280,NVB,453812.976782257,5678837.17743507,0.0,0.0,0.0,0.0,0.6599283814430237,,1.0025500059127808,0.0,0.0,,0.0347131877689839,2.582316453028328
2281,NVB,453812.26497749,5678837.53615265,0.0,0.0,0.0,0.0,1.1085690259933472,,1.0006967782974243,0.0,0.0,,0.0173783423403694,2.296389070627341
2282,NVB,453811.639998457,5678837.84765962,0.0,0.0,0.0,0.0,1.3460514545440674,,1.0031111240386963,0.0,0.0,,-0.0094495343303804,2.2077304709245644
2283,NVB,453810.884888096,5678838.21167183,0.0,0.0,0.0,0.0,2.223550796508789,,1.0012127161026,0.0,0.0,,-0.0784245974620329,2.07897398793096
2284,NVB,453810.216636032,5678838.52292481,0.0,0.0,0.0,0.0,1.3266072273254397,,1.0146771669387815,0.0,0.0,,-0.1045638835780407,2.00826071779401
2285,NVB,453809.52249829,5678838.82070865,0.0,0.0,0.0,0.0,1.711898922920227,,1.0020984411239624,0.0,0.0,,-0.1386356721433097,2.081674039157239
2286,NVB,453808.811148991,5678839.10174495,0.0,0.0,0.0,0.0,0.3316390812397003,,1.0034552812576294,0.0,0.0,,-0.1450450077792244,2.089648178191326
2287,NVB,453808.039106853,5678839.40129111,0.0,0.0,0.0,0.0,0.6132544875144958,,1.0012813806533811,0.0,0.0,,-0.1243611218758365,2.16776712372063
2288,NVB,453807.310474319,5678839.67778681,0.0,0.0,0.0,0.0,0.7106715440750122,,1.001172423362732,0.0,0.0,,-0.125695736243377,2.3551198129540034
2289,NVB,453806.607922697,5678839.93445968,0.0,0.0,0.0,0.0,1.5409942865371704,,1.000691533088684,0.0,0.0,,-0.1376705888191905,2.6508190146668555
2290,NVB,453805.801249024,5678840.23602195,0.0,0.0,0.0,0.0,1.5540279150009155,,1.007570505142212,0.0,0.0,,-0.1495460182545704,2.7463458201581394
2291,NVB,453805.133100768,5678840.52951884,0.0,0.0,0.0,0.0,0.7771109342575073,,1.001742959022522,0.0,0.0,,-0.17160717433333,2.795037018586659
2292,NVB,453804.464887342,5678840.83411296,0.0,0.0,0.0,0.0,1.77165424823761,,1.0015442371368408,0.0,0.0,,-0.1913317922946925,2.8141806969381045
2293,NVB,453803.822565996,5678841.15106638,0.0,0.0,0.0,0.0,0.6115433573722839,,1.0037055015563965,0.0,0.0,,-0.2590391613091954,2.511351983089801
2294,NVB,453803.128134743,5678841.49878743,0.0,0.0,0.0,0.0,2.753796100616455,,1.0034748315811155,0.0,0.0,,-0.2515958833566192,2.4763192976778177
2295,NVB,453802.459771381,5678841.82890513,0.0,0.0,0.0,0.0,2.636873245239258,,1.0058826208114624,0.0,0.0,,-0.2258762128126795,2.541704709706285
2296,NVB,453801.817410802,5678842.15251675,0.0,0.0,0.0,0.0,1.6342569589614868,,1.0021930932998655,0.0,0.0,,-0.2342918843172311,2.5119883803828174
2297,NVB,453801.122933782,5678842.50800572,0.0,0.0,0.0,0.0,1.8054875135421755,,1.010277509689331,0.0,0.0,,-0.2422662368906493,2.7375555562581875
2298,NVB,453800.281016093,5678842.91589819,0.0,0.0,0.0,0.0,0.9396401643753052,,1.0080435276031494,0.0,0.0,,-0.2670880276698944,3.1208753300783902
2299,NVB,453799.560620754,5678843.26346656,0.0,0.0,0.0,0.0,2.550235748291016,,1.015101671218872,0.0,0.0,,-0.2857726907206431,3.273229994655092
2300,NVB,453798.866273782,5678843.59676076,0.0,0.0,0.0,0.0,3.6910321712493896,,1.0063300132751465,0.0,0.0,,-0.2922964638160832,3.235856941929783
2301,NVB,453798.119934083,5678843.94084745,0.0,0.0,0.0,0.0,3.743843078613281,,1.0091124773025513,0.0,0.0,,-0.2728093991220852,2.918305820220405
2302,NVB,453797.425775856,5678844.24195942,0.0,0.0,0.0,0.0,1.4241255521774292,,1.085498929023743,0.0,0.0,,-0.2859345895992483,2.624910976535967
2303,NVB,453796.835733181,5678844.4992917,0.0,0.0,0.0,0.0,3.561577558517456,,1.0192811489105225,0.0,0.0,,-0.2992094456591195,2.3645438129565
2304,NVB,453796.115682724,5678844.78804417,0.0,0.0,0.0,0.0,1.024954319000244,,1.001496434211731,0.0,0.0,,-0.3141914535392635,2.265389681607985
2305,NVB,453795.456520461,5678845.0249949,0.0,0.0,0.0,0.0,1.952886819839477,,1.0008996725082395,0.0,0.0,,-0.3125248238223389,2.107000371805923
2306,NVB,453794.754039607,5678845.26945971,0.0,0.0,0.0,0.0,1.6737308502197266,,1.0028125047683716,0.0,0.0,,-0.3280386686279307,1.7946740833089645
2307,NVB,453794.034138803,5678845.53268824,0.0,0.0,0.0,0.0,1.9147573709487915,,1.0008792877197266,0.0,0.0,,-0.3307465828491593,1.653365580201838
2308,NVB,453793.27075656,5678845.83117403,0.0,0.0,0.0,0.0,1.138314723968506,,1.000830888748169,0.0,0.0,,-0.3220749098351191,1.844937063907024
2309,NVB,453792.559308331,5678846.12885479,0.0,0.0,0.0,0.0,1.32873272895813,,1.0016762018203735,0.0,0.0,,-0.3138963419998197,1.9797271046641864
2310,NVB,453791.917148902,5678846.41806405,0.0,0.0,0.0,0.0,2.277949094772339,,1.001047968864441,0.0,0.0,,-0.2471150778891516,2.121991591542787
2311,NVB,453791.240247292,5678846.72815489,0.0,0.0,0.0,0.0,4.379088878631592,,1.0058379173278809,0.0,0.0,,-0.2070192267111875,2.267745531959442
2312,NVB,453790.467897578,5678847.07985656,0.0,0.0,0.0,0.0,0.9014559388160706,,1.0033406019210815,0.0,0.0,,-0.1806947604290347,2.456114011041692
2313,NVB,453789.816998718,5678847.38344131,0.0,0.0,0.0,0.0,1.4794553518295288,,1.0051300525665283,0.0,0.0,,-0.1173539703650521,2.810286261528757
2314,NVB,453789.192063594,5678847.6871784,0.0,0.0,0.0,0.0,0.4849595129489898,,1.0038843154907229,0.0,0.0,,-0.0320631560404647,3.02405295806959
2315,NVB,453788.619192781,5678847.96791597,0.0,0.0,0.0,0.0,1.4325884580612185,,1.0029195547103882,0.0,0.0,,0.0382659097372315,3.0302038392404875
2316,NVB,453788.020247407,5678848.26736646,0.0,0.0,0.0,0.0,1.8810722827911377,,1.0033273696899414,0.0,0.0,,0.0678371960714474,2.9022795462801527
2317,NVB,453787.386624976,5678848.57660125,0.0,0.0,0.0,0.0,1.0239123106002808,,1.0011636018753052,0.0,0.0,,0.1004488651280835,2.831940750209329
2318,NVB,453786.744458636,5678848.86691982,0.0,0.0,0.0,0.0,1.253676176071167,,1.0006160736083984,0.0,0.0,,0.1495730709014038,2.88236079609408
2319,NVB,453786.024348771,5678849.16565892,0.0,0.0,0.0,0.0,2.3303279876708984,,1.004307746887207,0.0,0.0,,0.1715265717295793,3.080233355588012
2320,NVB,453785.321704387,5678849.43786609,0.0,0.0,0.0,0.0,3.506943702697754,,1.0049035549163818,0.0,0.0,,0.2226937382810385,3.1919125978747798
2321,NVB,453784.662508827,5678849.68036457,0.0,0.0,0.0,0.0,3.1579794883728027,,1.0057053565979004,0.0,0.0,,0.2483044420875304,3.131692207539288
2322,NVB,453783.93388101,5678849.95574838,0.0,0.0,0.0,0.0,3.4328088760375977,,1.007427453994751,0.0,0.0,,0.2716798308066651,3.2376392282744955
2323,NVB,453782.554490549,5678850.51141199,0.0,0.0,0.0,0.0,1.627127170562744,,1.0151103734970093,0.0,0.0,,0.314481375454799,3.288047272770449
2324,NVB,453781.869122544,5678850.78926911,0.0,0.0,0.0,0.0,0.3581421375274658,,1.0100979804992676,0.0,0.0,,0.2929651303028565,3.0566629949554973
2325,NVB,453781.201089747,5678851.06278888,0.0,0.0,0.0,0.0,4.452907085418701,,1.0128117799758911,0.0,0.0,,0.2284076720899734,2.91128551204648
2326,NVB,453780.532985236,5678851.3485156,0.0,0.0,0.0,0.0,1.4313313961029053,,1.009482502937317,0.0,0.0,,0.1435678978052809,2.789585938391183
2327,NVB,453779.882079118,5678851.65320926,0.0,0.0,0.0,0.0,2.247299909591675,,1.0035849809646606,0.0,0.0,,0.0053987470868161,2.64159743803111
2328,NVB,453779.170479993,5678851.97641257,0.0,0.0,0.0,0.0,1.7319588661193848,,1.0029677152633667,0.0,0.0,,-0.1052052829664404,2.6242567624857025
2329,NVB,453778.432851855,5678852.31056066,0.0,0.0,0.0,0.0,1.474904179573059,,1.002046823501587,0.0,0.0,,-0.2028657740975119,2.5124772926470422
2330,NVB,453777.660487974,5678852.66448053,0.0,0.0,0.0,0.0,0.8083277940750122,,1.000946879386902,0.0,0.0,,-0.3353235440740186,2.632605730408508
2331,NVB,453776.940227551,5678852.98874255,0.0,0.0,0.0,0.0,1.4753693342208862,,1.0028337240219116,0.0,0.0,,-0.4174682531583987,2.7449047920287257
2332,NVB,453776.219986612,5678853.30967533,0.0,0.0,0.0,0.0,3.807695865631104,,1.0050150156021118,0.0,0.0,,-0.4518730428106916,2.7425881323410715
2333,NVB,453775.517230741,5678853.60074701,0.0,0.0,0.0,0.0,3.640439987182617,,1.0050160884857178,0.0,0.0,,-0.4438820770177672,2.877894440497787
2334,NVB,453774.849275669,5678853.8609495,0.0,0.0,0.0,0.0,2.7544970512390137,,1.0018019676208496,0.0,0.0,,-0.4652521713784275,2.8729044806822595
2335,NVB,453774.172424861,5678854.16216106,0.0,0.0,0.0,0.0,5.243017673492432,,1.0053170919418335,0.0,0.0,,-0.5199690436572487,2.8025545827776885
2336,NVB,453773.521414001,5678854.48460984,0.0,0.0,0.0,0.0,3.092001676559448,,1.0021097660064695,0.0,0.0,,-0.5535762197839673,2.905893472334724
2337,NVB,453772.887875197,5678854.77941701,0.0,0.0,0.0,0.0,3.812284231185913,,1.0029618740081787,0.0,0.0,,-0.5622501729625775,2.9300527797178373
2338,NVB,453772.23707275,5678855.0663544,0.0,0.0,0.0,0.0,1.790862202644348,,1.0022975206375122,0.0,0.0,,-0.5393034022572915,2.911582311442749
2339,NVB,453771.594983505,5678855.34335499,0.0,0.0,0.0,0.0,1.344677209854126,,1.0012578964233398,0.0,0.0,,-0.4811154305485391,3.09808965815878
2340,NVB,453770.918158507,5678855.64012736,0.0,0.0,0.0,0.0,3.214489698410034,,1.0030593872070312,0.0,0.0,,-0.4404284924663185,3.2377953708289264
2341,NVB,453770.215284931,5678855.95117368,0.0,0.0,0.0,0.0,2.2163121700286865,,1.0045071840286257,0.0,0.0,,-0.3610423522591706,3.243544944094367
2342,NVB,453769.512411298,5678856.26221993,0.0,0.0,0.0,0.0,5.237638473510742,,1.013064980506897,0.0,0.0,,-0.2486929257722481,3.2359312887104066
2343,NVB,453768.826872886,5678856.56892885,0.0,0.0,0.0,0.0,2.9149956703186035,,1.0072975158691406,0.0,0.0,,-0.1739630455121275,3.3079933808875044
2344,NVB,453768.141399586,5678856.86454043,0.0,0.0,0.0,0.0,4.260748863220215,,1.0087971687316897,0.0,0.0,,-0.0710970309060786,3.230055663757785
2345,NVB,453767.44721298,5678857.17008868,0.0,0.0,0.0,0.0,3.73633337020874,,1.0271477699279783,0.0,0.0,,0.0579578982968008,3.198270157973352
2346,NVB,453766.674926321,5678857.51069074,0.0,0.0,0.0,0.0,4.013167858123779,,1.009723424911499,0.0,0.0,,0.1222788849061111,3.083703073037928
2347,NVB,453765.946049483,5678857.82824257,0.0,0.0,0.0,0.0,0.179508700966835,,1.002666711807251,0.0,0.0,,0.2056221969833883,2.9640947631224845
2348,NVB,453765.260595516,5678858.12052472,0.0,0.0,0.0,0.0,0.2928322553634643,,1.000951647758484,0.0,0.0,,0.2831139651415645,2.9291794202107533
2349,NVB,453764.540379692,5678858.43701752,0.0,0.0,0.0,0.0,1.950760841369629,,1.013005018234253,0.0,0.0,,0.3598116407379029,2.9060952181242503
2350,NVB,453763.854782232,5678858.75371356,0.0,0.0,0.0,0.0,1.5127370357513428,,1.000688076019287,0.0,0.0,,0.389693297162451,2.944385236504224
2351,NVB,453763.169249896,5678859.05931227,0.0,0.0,0.0,0.0,0.6356555223464966,,1.211841344833374,0.0,0.0,,0.387028315853152,3.0026605906110344
2352,NVB,453762.431685576,5678859.38236158,0.0,0.0,0.0,0.0,6.313363075256348,,1.01253342628479,0.0,0.0,,0.3579409818150276,3.1944026139105675
2353,NVB,453761.78958259,5678859.66158084,0.0,0.0,0.0,0.0,2.2640485763549805,,1.0013794898986816,0.0,0.0,,0.4066806839928996,3.4323204599121646
2354,NVB,453761.112626488,5678859.98054693,0.0,0.0,0.0,0.0,1.543500304222107,,1.0021083354949951,0.0,0.0,,0.362536022334518,3.381163888011836
2355,NVB,453760.418159058,5678860.33381287,0.0,0.0,0.0,0.0,3.025045871734619,,1.0057761669158936,0.0,0.0,,0.3261548242361594,3.258586015703894
2356,NVB,453759.697747291,5678860.68359707,0.0,0.0,0.0,0.0,2.4804606437683105,,1.009629726409912,0.0,0.0,,0.2824786360934797,3.0173023525626164
2357,NVB,453758.960078385,5678861.02440172,0.0,0.0,0.0,0.0,4.39987850189209,,1.0036675930023191,0.0,0.0,,0.2309565573598543,2.957283367200497
2358,NVB,453758.231174832,5678861.34639175,0.0,0.0,0.0,0.0,5.212887287139893,,1.0074326992034912,0.0,0.0,,0.1616937152042258,2.902907709557092
2359,NVB,453757.536915734,5678861.66414614,0.0,0.0,0.0,0.0,2.042846918106079,,1.0033438205718994,0.0,0.0,,0.0877745366775968,2.895494720693371
2360,NVB,453756.877392351,5678861.96212871,0.0,0.0,0.0,0.0,2.3943159580230717,,1.0028129816055298,0.0,0.0,,0.0182238879196985,2.7422572786771715
2361,NVB,453756.183217882,5678862.26545651,0.0,0.0,0.0,0.0,2.2237350940704346,,1.0018471479415894,0.0,0.0,,-0.0330009474761719,2.5788290012339368
2362,NVB,453755.437109174,5678862.56958896,0.0,0.0,0.0,0.0,2.2924485206604004,,1.0011786222457886,0.0,0.0,,-0.062756929132199,2.4789390978812067
2363,NVB,453754.777689934,5678862.8498157,0.0,0.0,0.0,0.0,1.9979649782180784,,1.0021086931228638,0.0,0.0,,-0.0530188282293709,2.2332438558725607
2364,NVB,453754.126879626,5678863.13786133,0.0,0.0,0.0,0.0,1.8535155057907104,,1.001831293106079,0.0,0.0,,-0.0021945705048099,2.118739111753755
2365,NVB,453753.441405188,5678863.43347163,0.0,0.0,0.0,0.0,0.2519420087337494,,1.0011036396026611,0.0,0.0,,0.0633520414439081,2.128887922322817
2366,NVB,453752.72990819,5678863.73891692,0.0,0.0,0.0,0.0,0.5702527165412903,,1.000583291053772,0.0,0.0,,0.0330965964784671,2.231613878154956
2367,NVB,453751.966405231,5678864.05737382,0.0,0.0,0.0,0.0,1.3826618194580078,,1.0018107891082764,0.0,0.0,,-0.046837984654373,2.2798489094412067
2368,NVB,453751.211674167,5678864.3559064,0.0,0.0,0.0,0.0,1.174630045890808,,1.0020339488983154,0.0,0.0,,-0.1503693384588664,2.370827716345279
2369,NVB,453750.500300862,5678864.64026664,0.0,0.0,0.0,0.0,1.024893283843994,,1.0026373863220217,0.0,0.0,,-0.2698365620134529,2.537273275070711
2370,NVB,453749.797490849,5678864.94021386,0.0,0.0,0.0,0.0,2.8741164207458496,,1.0042575597763062,0.0,0.0,,-0.3679381003914465,2.728989126772265
2371,NVB,453749.146549793,5678865.25045364,0.0,0.0,0.0,0.0,2.1635661125183105,,1.0048102140426636,0.0,0.0,,-0.4275680362541938,2.84830571253112
2372,NVB,453748.460983708,5678865.56159971,0.0,0.0,0.0,0.0,4.7177934646606445,,1.0053564310073853,0.0,0.0,,-0.4711041805537414,2.96433489159125
2373,NVB,453747.766671677,5678865.88823107,0.0,0.0,0.0,0.0,4.71685791015625,,1.004684329032898,0.0,0.0,,-0.4844573280525038,3.042460730118008
2374,NVB,453747.055069917,5678866.21143149,0.0,0.0,0.0,0.0,2.1866097450256348,,1.0041874647140503,0.0,0.0,,-0.4518897727042195,3.4377611898090934
2375,NVB,453746.369490622,5678866.52479683,0.0,0.0,0.0,0.0,3.815066814422608,,1.0084917545318604,0.0,0.0,,-0.426559857559761,3.478816910558145
2376,NVB,453745.692709329,5678866.81379895,0.0,0.0,0.0,0.0,4.361647129058838,,1.0067843198776243,0.0,0.0,,-0.4046551529222586,3.5401567065767625
2377,NVB,453744.99863831,5678867.09937012,0.0,0.0,0.0,0.0,3.243083000183105,,1.01239812374115,0.0,0.0,,-0.359694340560823,3.4661034917412543
2378,NVB,453744.217825469,5678867.41772459,0.0,0.0,0.0,0.0,1.681651949882507,,1.002660036087036,0.0,0.0,,-0.3248613260581225,3.2436760595444736
2379,NVB,453743.515041045,5678867.71323234,0.0,0.0,0.0,0.0,4.566157817840576,,1.006319522857666,0.0,0.0,,-0.3070230130231203,3.0735748626780897
2380,NVB,453742.881676073,5678867.97807445,0.0,0.0,0.0,0.0,2.26570725440979,,1.0016639232635498,0.0,0.0,,-0.2898457848853664,3.0909152443331487
2381,NVB,453742.187526605,5678868.27696211,0.0,0.0,0.0,0.0,1.7767720222473145,,1.0019984245300293,0.0,0.0,,-0.2711766802675934,3.019199487299415
2382,NVB,453741.51928225,5678868.58598983,0.0,0.0,0.0,0.0,2.845054149627685,,1.0167303085327148,0.0,0.0,,-0.2050258306468667,3.044715019075725
2383,NVB,453740.842311498,5678868.90717365,0.0,0.0,0.0,0.0,3.511561155319214,,1.0099691152572632,0.0,0.0,,-0.1698712620203989,3.24330525631458
2384,NVB,453740.061126627,5678869.2887822,0.0,0.0,0.0,0.0,1.302579045295715,,1.0047985315322876,0.0,0.0,,-0.1379374950036638,3.248350860247546
2385,NVB,453739.375396801,5678869.62767069,0.0,0.0,0.0,0.0,0.8640129566192627,,1.0006613731384275,0.0,0.0,,-0.0730351061874357,3.1704175481491474
2386,NVB,453738.672396803,5678869.95979903,0.0,0.0,0.0,0.0,3.294388771057129,,1.0774801969528198,0.0,0.0,,0.0241935704808505,3.043919527436585
2387,NVB,453737.9521788,5678870.27628941,0.0,0.0,0.0,0.0,4.244722843170166,,1.0110540390014648,0.0,0.0,,0.0915982244877496,2.966038113178948
2388,NVB,453737.223508268,5678870.5583273,0.0,0.0,0.0,0.0,1.339133381843567,,1.0033776760101318,0.0,0.0,,0.1539081113555107,2.889471318615114
2389,NVB,453736.495000717,5678870.81262191,0.0,0.0,0.0,0.0,2.227200746536255,,1.0036673545837402,0.0,0.0,,0.2041611581106109,2.8662545478510952
2390,NVB,453735.801000738,5678871.08598527,0.0,0.0,0.0,0.0,4.020153045654297,,1.0103739500045776,0.0,0.0,,0.2585708503517708,2.7536928927775226
2391,NVB,453735.089495825,5678871.3925387,0.0,0.0,0.0,0.0,3.2616496086120605,,1.0039432048797607,0.0,0.0,,0.3264501825539914,2.680294277739148
2392,NVB,453734.395352272,5678871.69031595,0.0,0.0,0.0,0.0,2.39591383934021,,1.008630394935608,0.0,0.0,,0.3112262909964023,2.803993069303932
2393,NVB,453733.675218713,5678871.99237948,0.0,0.0,0.0,0.0,1.5848459005355835,,1.002279281616211,0.0,0.0,,0.2607496075643203,2.98770785867596
2394,NVB,453732.920368782,5678872.31088541,0.0,0.0,0.0,0.0,2.9388463497161865,,1.0025229454040527,0.0,0.0,,0.1571508006467868,3.1640257977704302
2395,NVB,453732.200091629,5678872.63736282,0.0,0.0,0.0,0.0,1.3491319417953491,,1.0013612508773804,0.0,0.0,,0.0911591610206606,3.304982137263692
2396,NVB,453730.75926974,5678873.33581629,0.0,0.0,0.0,0.0,0.5175159573554993,,1.0019580125808716,0.0,0.0,,0.0009732062101005,3.324370288595959
2397,NVB,453730.065028018,5678873.65023909,0.0,0.0,0.0,0.0,1.8438985347747805,,1.006919264793396,0.0,0.0,,-0.0400436328347018,3.270957329105922
2398,NVB,453729.336082951,5678873.97888483,0.0,0.0,0.0,0.0,0.9141182899475098,,1.0012127161026,0.0,0.0,,-0.0984229558719725,3.3236066647065265
2399,NVB,453728.676557446,5678874.27686504,0.0,0.0,0.0,0.0,1.52570903301239,,1.0084314346313477,0.0,0.0,,-0.1193021680954439,3.329907851273373
2400,NVB,453728.060409373,5678874.55734389,0.0,0.0,0.0,0.0,2.676568031311035,,1.0020033121109009,0.0,0.0,,-0.1037899319468727,3.43397070691713
2401,NVB,453727.400838113,5678874.8630921,0.0,0.0,0.0,0.0,1.629193902015686,,1.0096675157546997,0.0,0.0,,-0.0750615821197931,3.789466450953321
2402,NVB,453726.645687608,5678875.23264492,0.0,0.0,0.0,0.0,2.5435495376586914,,1.007392406463623,0.0,0.0,,-0.0127697906269968,4.124504543621039
2403,NVB,453725.942738743,5678875.55589432,0.0,0.0,0.0,0.0,4.777440547943115,,1.0047833919525146,0.0,0.0,,0.0174805396974858,4.468061421592809
2404,NVB,453725.239868091,5678875.86582691,0.0,0.0,0.0,0.0,6.873483657836914,,1.0138813257217407,0.0,0.0,,0.0269894375870652,4.748119137403052
2405,NVB,453724.554319682,5678876.17364173,0.0,0.0,0.0,0.0,1.2186529636383057,,1.028822898864746,0.0,0.0,,0.0513687492332408,4.817383386302349
2406,NVB,453723.712524801,5678876.55933148,0.0,0.0,0.0,0.0,6.786512851715088,,1.07544207572937,0.0,0.0,,0.0730526512475105,4.762424999283231
2407,NVB,453723.009575693,5678876.88258061,0.0,0.0,0.0,0.0,2.4560487270355225,,1.0026805400848389,0.0,0.0,,0.0982064235544075,4.627730524631772
2408,NVB,453722.280806151,5678877.18126305,0.0,0.0,0.0,0.0,0.7466543316841125,,1.0175126791000366,0.0,0.0,,0.1809240870645038,4.446798531200224
2409,NVB,453721.552206163,5678877.45109248,0.0,0.0,0.0,0.0,2.191660165786743,,1.0018301010131836,0.0,0.0,,0.1841580744585816,4.427645034416417
2410,NVB,453720.832143327,5678877.74094783,0.0,0.0,0.0,0.0,2.625130653381348,,1.037580132484436,0.0,0.0,,0.1998120876508065,4.132644338157226
2411,NVB,453720.146666338,5678878.03655525,0.0,0.0,0.0,0.0,1.9380050897598269,,1.0120251178741455,0.0,0.0,,0.1773159450023327,3.959123623144628
2412,NVB,453719.391880504,5678878.34396261,0.0,0.0,0.0,0.0,1.3645880222320557,,1.0048736333847046,0.0,0.0,,0.1621777196485273,3.549071502873043
2413,NVB,453718.654547391,5678878.62705764,0.0,0.0,0.0,0.0,1.370625376701355,,1.0012942552566528,0.0,0.0,,0.1032433825966029,3.336589675619222
2414,NVB,453717.925744901,5678878.93128831,0.0,0.0,0.0,0.0,0.7473074197769165,,1.00092351436615,0.0,0.0,,-0.0247109611105643,2.975669725118896
2415,NVB,453717.266270728,5678879.22038975,0.0,0.0,0.0,0.0,2.8893861770629883,,1.006734848022461,0.0,0.0,,-0.1434862633585527,2.8138486770695152
2416,NVB,453716.59809621,5678879.51720836,0.0,0.0,0.0,0.0,1.1033817529678345,,1.0016251802444458,0.0,0.0,,-0.2553132021951528,3.030886941366433
2417,NVB,453715.904022988,5678879.80277698,0.0,0.0,0.0,0.0,3.0206964015960693,,1.0054941177368164,0.0,0.0,,-0.3144794626499643,3.006177262618504
2418,NVB,453715.201340753,5678880.08052657,0.0,0.0,0.0,0.0,2.451195240020752,,1.0160372257232666,0.0,0.0,,-0.4099068585369846,2.900309035224429
2419,NVB,453714.455019952,5678880.42016646,0.0,0.0,0.0,0.0,1.2286897897720337,,1.0016993284225464,0.0,0.0,,-0.4929108142687633,2.774625990189304
2420,NVB,453713.743278466,5678880.76666817,0.0,0.0,0.0,0.0,2.286561727523804,,1.0125218629837036,0.0,0.0,,-0.5767437034965907,2.784684903684356
2421,NVB,453713.092230258,5678881.09466063,0.0,0.0,0.0,0.0,2.108586311340332,,1.0076212882995603,0.0,0.0,,-0.6438243664131641,2.7359993814552834
2422,NVB,453712.441116753,5678881.43375032,0.0,0.0,0.0,0.0,0.5440329909324646,,1.0036425590515137,0.0,0.0,,-0.6880859336093237,2.67072695004222
2423,NVB,453711.703195871,5678881.81672023,0.0,0.0,0.0,0.0,3.358128070831299,,1.0019410848617554,0.0,0.0,,-0.7577114851764949,2.5957123254153918
2424,NVB,453711.034701205,5678882.16791504,0.0,0.0,0.0,0.0,2.637501716613769,,1.0026061534881592,0.0,0.0,,-0.7235322554152384,2.407366662224333
2425,NVB,453710.374854585,5678882.52027041,0.0,0.0,0.0,0.0,3.0917563438415527,,1.002415895462036,0.0,0.0,,-0.7009383316089716,2.377429849206817
2426,NVB,453709.671702111,5678882.87791992,0.0,0.0,0.0,0.0,3.6708924770355225,,1.0029927492141724,0.0,0.0,,-0.6685368913010366,2.4833183997437565
2427,NVB,453708.994689654,5678883.20575938,0.0,0.0,0.0,0.0,2.373422622680664,,1.004137635231018,0.0,0.0,,-0.5463690913352892,2.634947154323912
2428,NVB,453708.3264427,5678883.5147843,0.0,0.0,0.0,0.0,3.7666616439819336,,1.0054901838302612,0.0,0.0,,-0.3959864011091578,2.6485738863831
2429,NVB,453707.614883367,5678883.83021308,0.0,0.0,0.0,0.0,2.568530321121216,,1.0086792707443235,0.0,0.0,,-0.2457657942609816,2.585123966368186
2430,NVB,453706.903356602,5678884.14009315,0.0,0.0,0.0,0.0,2.103969097137451,,1.0038219690322876,0.0,0.0,,-0.1444375515855312,2.599428520892858
2431,NVB,453706.157269966,5678884.43978204,0.0,0.0,0.0,0.0,1.0459307432174685,,1.0010210275650024,0.0,0.0,,-0.0127320751782279,2.7134125669331097
2432,NVB,453705.393926204,5678884.73049126,0.0,0.0,0.0,0.0,2.140714406967163,,1.0064162015914917,0.0,0.0,,0.0515614259042778,2.8929752822985457
2433,NVB,453704.613129546,5678885.04551263,0.0,0.0,0.0,0.0,2.674703598022461,,1.010272741317749,0.0,0.0,,0.1216477721583289,3.002482635782839
2434,NVB,453703.85827716,5678885.3640158,0.0,0.0,0.0,0.0,2.591871738433838,,1.004640817642212,0.0,0.0,,0.1435602396326614,3.010532440949085
2435,NVB,453703.181551377,5678885.64302672,0.0,0.0,0.0,0.0,1.9063459634780884,,1.0042035579681396,0.0,0.0,,0.1919910547746809,3.013002652297761
2436,NVB,453702.513480186,5678885.92208849,0.0,0.0,0.0,0.0,2.602136850357056,,1.002125859260559,0.0,0.0,,0.1533783676981786,2.8624732058250166
2437,NVB,453701.775963008,5678886.23625433,0.0,0.0,0.0,0.0,1.382053017616272,,1.0040106773376465,0.0,0.0,,0.1248203043999352,2.721203085144306
2438,NVB,453701.125070467,5678886.53761233,0.0,0.0,0.0,0.0,1.300938367843628,,1.0012317895889282,0.0,0.0,,0.092849707114639,2.575707470768736
2439,NVB,453700.482825989,5678886.84013091,0.0,0.0,0.0,0.0,1.9071744680404663,,1.0030324459075928,0.0,0.0,,0.0474342268334542,2.4123741644341634
2440,NVB,453699.762591812,5678887.15883727,0.0,0.0,0.0,0.0,0.9963979721069336,,1.00311279296875,0.0,0.0,,-0.0406392800711215,2.4503536768739
2441,NVB,453699.042377161,5678887.47421438,0.0,0.0,0.0,0.0,1.852705478668213,,1.0022685527801514,0.0,0.0,,-0.1319325210259725,2.596019050014704
2442,NVB,453698.322097183,5678887.8006887,0.0,0.0,0.0,0.0,1.6690664291381836,,1.007367730140686,0.0,0.0,,-0.146482508387078,2.746609308441434
2443,NVB,453697.593071129,5678888.14264826,0.0,0.0,0.0,0.0,4.15607213973999,,1.0048307180404663,0.0,0.0,,-0.2464063783400949,2.9114943894795897
2444,NVB,453696.846951116,5678888.44788491,0.0,0.0,0.0,0.0,4.258363723754883,,1.0053218603134155,0.0,0.0,,-0.29919169942466,3.0406202808002702
2445,NVB,453696.040300775,5678888.74388736,0.0,0.0,0.0,0.0,1.5457342863082886,,1.0040239095687866,0.0,0.0,,-0.3059296241459884,3.120890452783309
2446,NVB,453695.277165072,5678888.9990843,0.0,0.0,0.0,0.0,0.9920967221260072,,1.002354860305786,0.0,0.0,,-0.2770262338455351,3.3480102077186737
2447,NVB,453694.557563609,5678889.21014656,0.0,0.0,0.0,0.0,2.166306257247925,,1.0033739805221558,0.0,0.0,,-0.2931260302696988,3.629801295002109
2448,NVB,453693.838040433,5678889.40789202,0.0,0.0,0.0,0.0,4.507014274597168,,1.0138782262802124,0.0,0.0,,-0.2821025763271717,3.6721519344819895
2449,NVB,453693.161849174,5678889.59590439,0.0,0.0,0.0,0.0,2.48734712600708,,1.0028986930847168,0.0,0.0,,-0.2758638153577988,3.5491612405319635
2450,NVB,453692.5116675,5678889.77630133,0.0,0.0,0.0,0.0,1.2427304983139038,,1.002466320991516,0.0,0.0,,-0.2681201735558429,3.732931290609112
2451,NVB,453691.748753512,5678889.99376717,0.0,0.0,0.0,0.0,4.052273273468018,,1.006205677986145,0.0,0.0,,-0.2538883076302421,3.7011260281328697
2452,NVB,453691.003194461,5678890.20356666,0.0,0.0,0.0,0.0,4.169442176818848,,1.0035133361816406,0.0,0.0,,-0.2135484902018091,3.717012686238897
2453,NVB,453690.301091356,5678890.38254824,0.0,0.0,0.0,0.0,5.2779951095581055,,1.0067602396011353,0.0,0.0,,-0.1729885696305678,3.819971866213858
2454,NVB,453689.53831433,5678890.57670958,0.0,0.0,0.0,0.0,2.892628669738769,,1.0033708810806274,0.0,0.0,,-0.1300013834421207,3.886635441765765
2455,NVB,453688.766784703,5678890.78746586,0.0,0.0,0.0,0.0,2.640389204025269,,1.002291560173035,0.0,0.0,,-0.0553334109486517,3.744247785965096
2456,NVB,453687.977834771,5678891.01698562,0.0,0.0,0.0,0.0,3.019575595855713,,1.0050171613693235,0.0,0.0,,0.0324773207149016,3.698160229361277
2457,NVB,453687.206194084,5678891.24660712,0.0,0.0,0.0,0.0,3.60861086845398,,1.0057542324066162,0.0,0.0,,0.1259474222852956,3.29354667430534
2458,NVB,453686.382514502,5678891.49478845,0.0,0.0,0.0,0.0,1.920133709907532,,1.001956343650818,0.0,0.0,,0.2022478423101277,3.069831381654215
2459,NVB,453685.602127676,5678891.73989508,0.0,0.0,0.0,0.0,2.220367908477783,,1.0023889541625977,0.0,0.0,,0.2387485213372552,2.581536957992558
2460,NVB,453684.839219829,5678891.95625053,0.0,0.0,0.0,0.0,1.3845202922821045,,1.001860737800598,0.0,0.0,,0.2404593656401175,2.319874193116238
2461,NVB,453684.137025021,5678892.15076775,0.0,0.0,0.0,0.0,0.6986397504806519,,1.0001989603042605,0.0,0.0,,0.2405187028897868,2.3418392817051963
2462,NVB,453683.426149418,5678892.34967291,0.0,0.0,0.0,0.0,1.2232820987701416,,1.001949667930603,0.0,0.0,,0.2063391892110895,2.505443359210086
2463,NVB,453682.715280307,5678892.54746827,0.0,0.0,0.0,0.0,2.633018732070923,,1.003899335861206,0.0,0.0,,0.1621747168463401,2.497683368468848
2464,NVB,453682.013072333,5678892.74420476,0.0,0.0,0.0,0.0,4.536095142364502,,1.0056456327438354,0.0,0.0,,0.0934339945031332,2.539319553152148
2465,NVB,453681.293104535,5678893.01741059,0.0,0.0,0.0,0.0,2.651633977890014,,1.0069458484649658,0.0,0.0,,0.0367123395493754,2.722172433368048
2466,NVB,453680.607703041,5678893.29969785,0.0,0.0,0.0,0.0,2.8748316764831543,,1.0041275024414062,0.0,0.0,,-0.023366297893179,2.778740496025011
2467,NVB,453679.913712141,5678893.57083686,0.0,0.0,0.0,0.0,1.4846991300582886,,1.007954478263855,0.0,0.0,,-0.0849385814253703,2.744099466833154
2468,NVB,453679.089640324,5678893.88560111,0.0,0.0,0.0,0.0,0.5993834733963013,,1.0016686916351318,0.0,0.0,,-0.1219973048959394,2.5002848926716426
2469,NVB,453678.335008026,5678894.16637109,0.0,0.0,0.0,0.0,2.7511043548583984,,1.0038028955459597,0.0,0.0,,-0.1405925012694547,2.237350338448737
2470,NVB,453677.693277854,5678894.38121929,0.0,0.0,0.0,0.0,1.5901591777801514,,1.0029075145721436,0.0,0.0,,-0.150333818099035,2.1152353744985817
2471,NVB,453676.869558457,5678894.636058,0.0,0.0,0.0,0.0,1.192043423652649,,1.0018590688705444,0.0,0.0,,-0.1843640091084621,2.2109375783380507
2472,NVB,453676.097910542,5678894.86678815,0.0,0.0,0.0,0.0,2.215594291687012,,1.0065898895263672,0.0,0.0,,-0.1927954050257393,2.3296833803609256
2473,NVB,453675.352311415,5678895.08324453,0.0,0.0,0.0,0.0,2.2899057865142822,,1.0022376775741575,0.0,0.0,,-0.227739695340191,2.5228516725305306
2474,NVB,453674.597992296,5678895.3107472,0.0,0.0,0.0,0.0,2.2293174266815186,,1.001479983329773,0.0,0.0,,-0.2304677509707781,2.7861042143812567
2475,NVB,453673.809002302,5678895.54692391,0.0,0.0,0.0,0.0,1.827064514160156,,1.002186894416809,0.0,0.0,,-0.2092685218027454,3.028128836963143
2476,NVB,453672.950748946,5678895.78713204,0.0,0.0,0.0,0.0,1.554273247718811,,1.034366250038147,0.0,0.0,,-0.2060100588834655,3.5041885187494906
2477,NVB,453672.187905645,5678895.99238899,0.0,0.0,0.0,0.0,0.818699061870575,,1.0030180215835571,0.0,0.0,,-0.2260072794508954,3.6632643135514606
2478,NVB,453671.442384662,5678896.19552827,0.0,0.0,0.0,0.0,3.698488712310791,,1.0097638368606567,0.0,0.0,,-0.1869452447338481,3.865978770656436
2479,NVB,453670.670932343,5678896.39296604,0.0,0.0,0.0,0.0,1.4509944915771484,,1.0169346332550049,0.0,0.0,,-0.1414753623057321,4.014196346669219
2480,NVB,453669.951466655,5678896.58072178,0.0,0.0,0.0,0.0,2.591768741607666,,1.004827618598938,0.0,0.0,,-0.1023644222991398,4.121568138103664
2481,NVB,453669.266534637,5678896.78310764,0.0,0.0,0.0,0.0,3.392547607421875,,1.0177420377731323,0.0,0.0,,-0.0528416230900505,3.996357777544082
2482,NVB,453668.564214912,5678896.99870831,0.0,0.0,0.0,0.0,5.066713333129883,,1.016391038894653,0.0,0.0,,-0.0402175141496632,3.887228786738894
2483,NVB,453667.818615365,5678897.21516399,0.0,0.0,0.0,0.0,6.002790927886963,,1.0231504440307615,0.0,0.0,,-0.0273405089226985,3.723764664843012
2484,NVB,453667.055615041,5678897.44705391,0.0,0.0,0.0,0.0,4.379501819610596,,1.0052589178085327,0.0,0.0,,0.0129559470267596,3.851640146773153
2485,NVB,453666.28388165,5678897.69220957,0.0,0.0,0.0,0.0,3.44932222366333,,1.007010817527771,0.0,0.0,,0.045273890118818,3.6951484479663512
2486,NVB,453665.52069183,5678897.95628146,0.0,0.0,0.0,0.0,2.706186056137085,,1.001917600631714,0.0,0.0,,0.0772602455651833,3.675750087154429
2487,NVB,453664.783465913,5678898.22050609,0.0,0.0,0.0,0.0,5.4539713859558105,,1.0337415933609009,0.0,0.0,,0.1248882507640747,3.9183806004323767
2488,NVB,453663.959530144,5678898.51196448,0.0,0.0,0.0,0.0,1.8644620180130005,,1.0212582349777222,0.0,0.0,,0.173211326448146,4.249732275282142
2489,NVB,453663.196314037,5678898.78047506,0.0,0.0,0.0,0.0,3.0848610401153564,,1.0066908597946167,0.0,0.0,,0.1594018221429902,4.413974366990943
2490,NVB,453662.450459439,5678899.04020962,0.0,0.0,0.0,0.0,2.8776628971099854,,1.0089023113250732,0.0,0.0,,0.1332290757871105,4.506302199095928
2491,NVB,453661.687275886,5678899.30317142,0.0,0.0,0.0,0.0,4.765438079833984,,1.0100769996643066,0.0,0.0,,0.1128789881613435,4.707492798664244
2492,NVB,453660.93283185,5678899.55175762,0.0,0.0,0.0,0.0,3.112356662750244,,1.012972116470337,0.0,0.0,,0.0962909145285408,4.752160769677917
2493,NVB,453660.161176435,5678899.78359594,0.0,0.0,0.0,0.0,2.6212925910949707,,1.0107475519180298,0.0,0.0,,0.0787720605028745,4.69437178938761
2494,NVB,453659.398345461,5678899.9866322,0.0,0.0,0.0,0.0,3.3450751304626465,,1.0147806406021118,0.0,0.0,,0.0503261353546646,4.481434256802699
2495,NVB,453658.713458583,5678900.18124905,0.0,0.0,0.0,0.0,2.639542579650879,,1.0070290565490725,0.0,0.0,,0.0002444370763559,4.094731072568679
2496,NVB,453658.019903957,5678900.37803435,0.0,0.0,0.0,0.0,3.676288366317749,,1.0056828260421753,0.0,0.0,,-0.0349500063545019,3.8228150271875374
2497,NVB,453657.27410782,5678900.62778087,0.0,0.0,0.0,0.0,2.503771543502808,,1.0072497129440308,0.0,0.0,,-0.0773167316737468,3.9885105324164014
2498,NVB,453656.510930466,5678900.88963244,0.0,0.0,0.0,0.0,1.7769372463226318,,1.015588641166687,0.0,0.0,,-0.1170882872561504,4.110346731596337
2499,NVB,453655.713147507,5678901.14906069,0.0,0.0,0.0,0.0,2.270730495452881,,1.0125861167907717,0.0,0.0,,-0.2091038443071748,4.327305622947326
2500,NVB,453654.924045283,5678901.4041009,0.0,0.0,0.0,0.0,3.0928895473480225,,1.0093361139297483,0.0,0.0,,-0.2750592018359318,4.392676892298949
2501,NVB,453654.15228498,5678901.65369428,0.0,0.0,0.0,0.0,2.1002402305603027,,1.0301865339279177,0.0,0.0,,-0.2839238255316141,4.424313015724503
2502,NVB,453653.449951324,5678901.87151307,0.0,0.0,0.0,0.0,4.111217975616455,,1.0275312662124634,0.0,0.0,,-0.3187040581092545,4.556370999087276
2503,NVB,453652.738976038,5678902.08706138,0.0,0.0,0.0,0.0,3.1036019325256348,,1.0281566381454468,0.0,0.0,,-0.3118274364318853,4.836492717633892
2504,NVB,453651.958410678,5678902.36212735,0.0,0.0,0.0,0.0,4.044900894165039,,1.010991454124451,0.0,0.0,,-0.3223888345030177,4.96470884772708
2505,NVB,453651.221275342,5678902.61081452,0.0,0.0,0.0,0.0,5.67108678817749,,1.0184640884399414,0.0,0.0,,-0.3267380906242644,4.909919777072125
2506,NVB,453650.44952133,5678902.85929782,0.0,0.0,0.0,0.0,5.909090042114258,,1.0832513570785522,0.0,0.0,,-0.2917815688319146,4.941931286591023
2507,NVB,453649.677767271,5678903.10778104,0.0,0.0,0.0,0.0,5.359591007232666,,1.0562375783920288,0.0,0.0,,-0.260409732870303,5.023128800176641
2508,NVB,453648.923342077,5678903.35303691,0.0,0.0,0.0,0.0,8.31857681274414,,1.0265517234802246,0.0,0.0,,-0.260431911019596,5.036664496407785
2509,NVB,453648.212314259,5678903.57746264,0.0,0.0,0.0,0.0,3.0588812828063965,,1.009463906288147,0.0,0.0,,-0.2689467978316217,4.886390274699465
2510,NVB,453647.492677477,5678903.79406926,0.0,0.0,0.0,0.0,2.260334253311157,,1.0078037977218628,0.0,0.0,,-0.2524930720009128,4.418154085233714
2511,NVB,453646.677551932,5678904.05894333,0.0,0.0,0.0,0.0,2.865577459335327,,1.0025488138198853,0.0,0.0,,-0.2772694651542738,4.149704982579067
2512,NVB,453645.905843367,5678904.29965809,0.0,0.0,0.0,0.0,2.651747941970825,,1.0096451044082642,0.0,0.0,,-0.2605728671991034,3.982019194705661
2513,NVB,453645.108223051,5678904.53134207,0.0,0.0,0.0,0.0,5.4866790771484375,,1.013062834739685,0.0,0.0,,-0.2014580394449365,3.732675875117098
2514,NVB,453644.301974162,5678904.7585361,0.0,0.0,0.0,0.0,0.8088439702987671,,1.0033589601516724,0.0,0.0,,-0.1493288727453851,3.597620603293593
2515,NVB,453643.52169574,5678904.9847732,0.0,0.0,0.0,0.0,2.5231618881225586,,1.0030280351638794,0.0,0.0,,-0.1058595030128667,3.570747010651613
2516,NVB,453642.845345061,5678905.19941474,0.0,0.0,0.0,0.0,4.364517688751221,,1.0201590061187744,0.0,0.0,,-0.0428641772689227,3.780025681297456
2517,NVB,453642.168961674,5678905.41960486,0.0,0.0,0.0,0.0,3.461378812789917,,1.0053284168243408,0.0,0.0,,-0.0259134667541303,3.739114422487847
2518,NVB,453641.510024791,5678905.61659256,0.0,0.0,0.0,0.0,1.0621591806411743,,1.0081597566604614,0.0,0.0,,-0.0001237253277588,3.8259513565688303
2519,NVB,453640.816449631,5678905.81670554,0.0,0.0,0.0,0.0,5.659303188323975,,1.0129034519195557,0.0,0.0,,0.0272733916866575,3.6606119073934655
2520,NVB,453640.079627275,5678906.01212472,0.0,0.0,0.0,0.0,1.0874024629592896,,1.0063177347183228,0.0,0.0,,0.0707201947227232,3.594380565552144
2521,NVB,453639.360101128,5678906.20986522,0.0,0.0,0.0,0.0,1.0499680042266846,,1.0093578100204468,0.0,0.0,,0.0541843471001162,3.577654600459693
2522,NVB,453638.614663243,5678906.39857494,0.0,0.0,0.0,0.0,2.345980405807495,,1.0077526569366455,0.0,0.0,,0.003672193885942,3.5056207035785327
2523,NVB,453637.869192645,5678906.59283323,0.0,0.0,0.0,0.0,2.000097274780273,,1.0050456523895264,0.0,0.0,,-0.0432665435152083,3.2232096583142864
2524,NVB,453637.132350534,5678906.79158132,0.0,0.0,0.0,0.0,2.2361395359039307,,1.0020822286605835,0.0,0.0,,-0.0846237996488441,3.072590432219136
2525,NVB,453636.343338609,5678907.03108348,0.0,0.0,0.0,0.0,2.293821096420288,,1.001431941986084,0.0,0.0,,-0.1450391730679198,2.6471791660218846
2526,NVB,453635.606346102,5678907.25535518,0.0,0.0,0.0,0.0,1.524728775024414,,1.00117290019989,0.0,0.0,,-0.1612838063732955,2.451722110211183
2527,NVB,453634.886806653,5678907.45531473,0.0,0.0,0.0,0.0,1.317150592803955,,1.0013351440429688,0.0,0.0,,-0.162224341361742,2.2651083435646817
2528,NVB,453634.193244227,5678907.65320767,0.0,0.0,0.0,0.0,0.885435938835144,,1.0023926496505735,0.0,0.0,,-0.1237936949750694,2.07320369969005
2529,NVB,453633.464860511,5678907.88529824,0.0,0.0,0.0,0.0,0.9574264883995056,,1.0019813776016235,0.0,0.0,,-0.0775976597670134,2.01883180943306
2530,NVB,453632.727776335,5678908.12510586,0.0,0.0,0.0,0.0,0.7510717511177063,,1.002971649169922,0.0,0.0,,0.0369044995338951,2.0419609145347204
2531,NVB,453631.990646368,5678908.37268152,0.0,0.0,0.0,0.0,0.6769893765449524,,1.0012682676315308,0.0,0.0,,0.158423628427582,2.1052668855108525
2532,NVB,453631.201477258,5678908.63881664,0.0,0.0,0.0,0.0,1.0111113786697388,,1.0023850202560425,0.0,0.0,,0.3082333716746745,2.2040127518175465
2533,NVB,453630.455666383,5678908.89078008,0.0,0.0,0.0,0.0,0.9824421405792236,,1.0035300254821775,0.0,0.0,,0.3528034066667952,2.378395570586661
2534,NVB,453629.709763952,5678909.15827966,0.0,0.0,0.0,0.0,3.197088718414306,,1.0036582946777344,0.0,0.0,,0.3686092961003738,2.636680412541621
2535,NVB,453628.998584707,5678909.40822741,0.0,0.0,0.0,0.0,0.848539412021637,,1.010502815246582,0.0,0.0,,0.3296750419246728,2.7661927358258023
2536,NVB,453628.287509997,5678909.64041945,0.0,0.0,0.0,0.0,3.838279962539673,,1.0043617486953735,0.0,0.0,,0.2603053458378863,3.1825259051035597
2537,NVB,453627.567826333,5678909.86479235,0.0,0.0,0.0,0.0,2.1255362033843994,,1.0009475946426392,0.0,0.0,,0.1840571759241026,3.1678463761962767
2538,NVB,453626.848194924,5678910.08028737,0.0,0.0,0.0,0.0,1.8644546270370483,,1.004170536994934,0.0,0.0,,0.1205172111229609,3.2176624811857484
2539,NVB,453626.067895839,5678910.30985193,0.0,0.0,0.0,0.0,4.251502513885498,,1.0105326175689695,0.0,0.0,,0.0424036328168521,3.2699130329216777
2540,NVB,453625.330948475,5678910.52635457,0.0,0.0,0.0,0.0,1.272375464439392,,1.00074303150177,0.0,0.0,,-0.0465129219244663,3.333812974907642
2541,NVB,453623.882952254,5678910.97060988,0.0,0.0,0.0,0.0,2.0630288124084477,,1.002515435218811,0.0,0.0,,-0.163543991786113,3.396024618661143
2542,NVB,453623.120073455,5678911.18141073,0.0,0.0,0.0,0.0,2.489689588546753,,1.0037217140197754,0.0,0.0,,-0.1896047810767864,2.7822310225745293
2543,NVB,453622.322615172,5678911.38534921,0.0,0.0,0.0,0.0,0.715978741645813,,1.002030372619629,0.0,0.0,,-0.1769492724659411,2.678630169673049
2544,NVB,453621.421183173,5678911.60865091,0.0,0.0,0.0,0.0,3.249147891998291,,1.008272409439087,0.0,0.0,,-0.1444570585208164,2.5928823787214457
2545,NVB,453620.649682261,5678911.81385191,0.0,0.0,0.0,0.0,1.616998553276062,,1.004839539527893,0.0,0.0,,-0.1173343546107017,2.4374434087581784
2546,NVB,453619.86074776,5678912.04003568,0.0,0.0,0.0,0.0,1.7796883583068848,,1.0023082494735718,0.0,0.0,,-0.0529042311997847,2.307917350745773
2547,NVB,453619.123623544,5678912.28650041,0.0,0.0,0.0,0.0,0.5391042828559875,,1.003528356552124,0.0,0.0,,0.0215019919208565,2.2858487160861776
2548,NVB,453618.438551498,5678912.51218615,0.0,0.0,0.0,0.0,2.4759721755981445,,1.0021557807922363,0.0,0.0,,0.0816250548501388,2.2959081075689576
2549,NVB,453617.753420577,5678912.74785939,0.0,0.0,0.0,0.0,2.156655788421631,,1.0016632080078125,0.0,0.0,,0.1126448589247106,2.4391982769349867
2550,NVB,453617.042149082,5678913.01334226,0.0,0.0,0.0,0.0,1.6601407527923584,,1.0021549463272097,0.0,0.0,,0.1380332203155655,2.4944140432804573
2551,NVB,453616.270137945,5678913.30510162,0.0,0.0,0.0,0.0,0.9332338571548462,,1.0015960931777954,0.0,0.0,,0.1285030859226455,2.589828497236329
2552,NVB,453615.44604836,5678913.6220787,0.0,0.0,0.0,0.0,2.5228071212768555,,1.0150387287139893,0.0,0.0,,0.1386557394150319,2.6408677084085883
2553,NVB,453614.691522976,5678913.88397722,0.0,0.0,0.0,0.0,0.9373584985733032,,1.0196031332015991,0.0,0.0,,0.1303008753233319,2.573410498555199
2554,NVB,453613.954607645,5678914.09493017,0.0,0.0,0.0,0.0,2.0067355632781982,,1.0078375339508057,0.0,0.0,,0.0951130982358394,2.60261995192242
2555,NVB,453613.261050623,5678914.29171154,0.0,0.0,0.0,0.0,1.6551405191421509,,1.0077917575836182,0.0,0.0,,0.0232678711635134,2.5368584896465114
2556,NVB,453612.550099221,5678914.50281734,0.0,0.0,0.0,0.0,3.1954519748687744,,1.0050987005233765,0.0,0.0,,-0.0425321127311717,2.595371032961486
2557,NVB,453611.821779594,5678914.72380863,0.0,0.0,0.0,0.0,2.66846251487732,,1.0057297945022583,0.0,0.0,,-0.087705854842836,2.645712534171301
2558,NVB,453611.093427231,5678914.95034849,0.0,0.0,0.0,0.0,2.055140495300293,,1.001514196395874,0.0,0.0,,-0.1349470908653135,2.641273269553359
2559,NVB,453610.304354813,5678915.19983561,0.0,0.0,0.0,0.0,3.095721960067749,,1.002289056777954,0.0,0.0,,-0.1754331034333699,2.704788319384803
2560,NVB,453609.541213663,5678915.45502427,0.0,0.0,0.0,0.0,1.7111088037490845,,1.005711317062378,0.0,0.0,,-0.1691776304669994,2.7846663306930037
2561,NVB,453608.804069172,5678915.70481722,0.0,0.0,0.0,0.0,2.801194429397583,,1.0077283382415771,0.0,0.0,,-0.1749265683061736,2.794410096354818
2562,NVB,453608.066970406,5678915.946842,0.0,0.0,0.0,0.0,1.5168538093566897,,1.0023216009140017,0.0,0.0,,-0.1961722683760051,2.792150407746042
2563,NVB,453607.252012247,5678916.18285908,0.0,0.0,0.0,0.0,1.2201697826385498,,1.0011574029922483,0.0,0.0,,-0.1611268452068207,2.828956291658808
2564,NVB,453606.515116108,5678916.39048215,0.0,0.0,0.0,0.0,1.008130669593811,,1.0056228637695312,0.0,0.0,,-0.1450970692276392,2.6831897125749267
2565,NVB,453605.81287786,5678916.59165078,0.0,0.0,0.0,0.0,2.500350952148437,,1.004284143447876,0.0,0.0,,-0.1304362818997591,2.658275592909784
2566,NVB,453605.049886836,5678916.82131527,0.0,0.0,0.0,0.0,2.641453742980957,,1.003405213356018,0.0,0.0,,-0.1239420951019096,2.5221307988665758
2567,NVB,453604.295576596,5678917.04659177,0.0,0.0,0.0,0.0,1.1623446941375732,,1.0022186040878296,0.0,0.0,,-0.1016134453680875,2.568890587755994
2568,NVB,453603.575996182,5678917.25320684,0.0,0.0,0.0,0.0,2.8007917404174805,,1.0022963285446167,0.0,0.0,,-0.0606548069149447,2.7706795138415705
2569,NVB,453602.830451709,5678917.45966884,0.0,0.0,0.0,0.0,2.831640243530273,,1.0045011043548584,0.0,0.0,,-0.0506252491772178,3.008330393577018
2570,NVB,453602.09348993,5678917.67838877,0.0,0.0,0.0,0.0,3.2711071968078613,,1.0168391466140747,0.0,0.0,,-0.0201640500164035,3.0485917412551298
2571,NVB,453601.313123939,5678917.91904817,0.0,0.0,0.0,0.0,0.5521883964538574,,1.0075578689575195,0.0,0.0,,-0.0298869128645586,2.938233809973408
2572,NVB,453600.506689231,5678918.17731012,0.0,0.0,0.0,0.0,2.702328681945801,,1.0018354654312134,0.0,0.0,,-0.0493892244601082,2.912695885909309
2573,NVB,453599.717589979,5678918.43123509,0.0,0.0,0.0,0.0,0.2761469781398773,,1.0032724142074585,0.0,0.0,,-0.0450982836324832,2.8994097078326586
2574,NVB,453598.980542993,5678918.6643812,0.0,0.0,0.0,0.0,0.719038724899292,,1.0013396739959717,0.0,0.0,,-0.0482945860476922,2.6992791112213848
2575,NVB,453598.217531936,5678918.89737422,0.0,0.0,0.0,0.0,1.6438268423080444,,1.003342866897583,0.0,0.0,,-0.0686260204438684,2.4050913294060408
2576,NVB,453597.506586242,5678919.10736893,0.0,0.0,0.0,0.0,1.284536838531494,,1.0043200254440308,0.0,0.0,,-0.0641740790797889,2.273285201783427
2577,NVB,453596.804295182,5678919.31741459,0.0,0.0,0.0,0.0,2.112473726272583,,1.0016618967056274,0.0,0.0,,-0.0808014018809255,2.237624060823162
2578,NVB,453596.093375572,5678919.52297026,0.0,0.0,0.0,0.0,2.3090908527374268,,1.0070692300796509,0.0,0.0,,-0.0763083536811573,2.2409394873571307
2579,NVB,453595.382455924,5678919.72852587,0.0,0.0,0.0,0.0,1.9934622049331665,,1.0017842054367063,0.0,0.0,,-0.0855573205242595,2.1990816278963976
2580,NVB,453594.645454471,5678919.95390347,0.0,0.0,0.0,0.0,0.290262222290039,,1.0011475086212158,0.0,0.0,,-0.0947435329647001,2.0488181888267065
2581,NVB,453593.917088025,5678920.18266121,0.0,0.0,0.0,0.0,1.8810232877731323,,1.002434492111206,0.0,0.0,,-0.1038039052720785,1.946723889796364
2582,NVB,453593.180073405,5678920.41025814,0.0,0.0,0.0,0.0,1.6595954895019531,,1.0009829998016355,0.0,0.0,,-0.1558904952283593,1.6968367421656658
2583,NVB,453592.408426947,5678920.6398704,0.0,0.0,0.0,0.0,0.6064719557762146,,1.0027952194213867,0.0,0.0,,-0.2116860321483721,1.622552562266112
2584,NVB,453591.558705189,5678920.90009581,0.0,0.0,0.0,0.0,0.7029401659965515,,1.0015652179718018,0.0,0.0,,-0.2709699965725304,1.6721364063892503
2585,NVB,453590.778305832,5678921.14630281,0.0,0.0,0.0,0.0,2.1601462364196777,,1.002399444580078,0.0,0.0,,-0.3001609731363859,1.800074756729283
2586,NVB,453590.067281225,5678921.36961359,0.0,0.0,0.0,0.0,1.415536880493164,,1.0007922649383545,0.0,0.0,,-0.3190931989857014,1.919783968821391
2587,NVB,453589.330207499,5678921.60719771,0.0,0.0,0.0,0.0,1.319675326347351,,1.0208531618118286,0.0,0.0,,-0.343038958672817,2.23072424721909
2588,NVB,453588.636531415,5678921.82395203,0.0,0.0,0.0,0.0,3.3241894245147705,,1.002827286720276,0.0,0.0,,-0.3609327149877118,2.4235462253096545
2589,NVB,453587.873454315,5678922.06804133,0.0,0.0,0.0,0.0,1.8465546369552608,,1.0070786476135254,0.0,0.0,,-0.3017190269904388,2.7457088639826512
2590,NVB,453587.188360864,5678922.29705355,0.0,0.0,0.0,0.0,2.1321494579315186,,1.0026085376739502,0.0,0.0,,-0.3058757056928747,2.8117264047271937
2591,NVB,453586.511974389,5678922.51723891,0.0,0.0,0.0,0.0,5.617128372192383,,1.0190225839614868,0.0,0.0,,-0.3144442138323145,2.878290129948258
2592,NVB,453585.783731769,5678922.72491107,0.0,0.0,0.0,0.0,2.9246485233306885,,1.0086904764175415,0.0,0.0,,-0.331411636366733,2.9193528231290653
2593,NVB,453585.029577406,5678922.92355226,0.0,0.0,0.0,0.0,1.738174557685852,,1.0066673755645752,0.0,0.0,,-0.3219606679634089,3.1020884783205966
2594,NVB,453584.249426255,5678923.12758895,0.0,0.0,0.0,0.0,0.563511848449707,,1.0014381408691406,0.0,0.0,,-0.3169767769020995,3.0959711343177774
2595,NVB,453583.469183464,5678923.34716175,0.0,0.0,0.0,0.0,1.571308135986328,,1.00128436088562,0.0,0.0,,-0.3441302957050609,3.068166386621844
2596,NVB,453582.714878499,5678923.57132647,0.0,0.0,0.0,0.0,1.4821624755859375,,1.001283049583435,0.0,0.0,,-0.3634637231445546,3.1607395598653745
2597,NVB,453581.97785668,5678923.80003209,0.0,0.0,0.0,0.0,3.0192317962646484,,1.004848837852478,0.0,0.0,,-0.3882565183181927,3.2717582815909583
2598,NVB,453581.171459965,5678924.0516337,0.0,0.0,0.0,0.0,3.385319232940674,,1.0152292251586914,0.0,0.0,,-0.3802160828972799,3.247091648545928
2599,NVB,453580.434398798,5678924.28699753,0.0,0.0,0.0,0.0,1.340098857879639,,1.0011001825332642,0.0,0.0,,-0.3670208220782103,3.158564924449426
2600,NVB,453579.749350731,5678924.50824101,0.0,0.0,0.0,0.0,2.4714174270629883,,1.00584876537323,0.0,0.0,,-0.3841997515875517,2.9875753710882726
2601,NVB,453579.003634791,5678924.74355369,0.0,0.0,0.0,0.0,1.822232127189636,,1.0066863298416138,0.0,0.0,,-0.3641847041558353,2.8677804531722098
2602,NVB,453578.257925351,5678924.97775657,0.0,0.0,0.0,0.0,0.7472239136695862,,1.004394292831421,0.0,0.0,,-0.3203055688969097,2.817451493678853
2603,NVB,453577.546939289,5678925.19440785,0.0,0.0,0.0,0.0,0.8556636571884155,,1.00290846824646,0.0,0.0,,-0.2598864011497228,2.7315562247347267
2604,NVB,453576.783933484,5678925.42628907,0.0,0.0,0.0,0.0,1.0245752334594729,,1.0044256448745728,0.0,0.0,,-0.1703896780219218,2.6571435680534776
2605,NVB,453576.159585777,5678925.62791437,0.0,0.0,0.0,0.0,1.9010692834854128,,1.0024644136428833,0.0,0.0,,-0.1337871165477549,2.6804305106006714
2606,NVB,453575.517837056,5678925.84497374,0.0,0.0,0.0,0.0,1.049958348274231,,1.0008999109268188,0.0,0.0,,-0.1073223384305926,2.8591294543597456
2607,NVB,453574.858759305,5678926.06526017,0.0,0.0,0.0,0.0,1.4262300729751587,,1.0057103633880615,0.0,0.0,,-0.0504246290118691,3.0266043010361434
2608,NVB,453574.164794482,5678926.33084126,0.0,0.0,0.0,0.0,1.2564507722854614,,1.002769112586975,0.0,0.0,,-0.029094576542651,3.0782652884640616
2609,NVB,453573.43609308,5678926.61619324,0.0,0.0,0.0,0.0,0.8398592472076416,,1.0350199937820437,0.0,0.0,,0.0137878331636737,3.0244389602246637
2610,NVB,453572.681434119,5678926.90028232,0.0,0.0,0.0,0.0,0.8836051821708679,,1.00188148021698,0.0,0.0,,-0.0013660291959461,2.9947375976654875
2611,NVB,453571.892175997,5678927.18083799,0.0,0.0,0.0,0.0,3.341865062713623,,1.0044692754745483,0.0,0.0,,-0.0209626225171037,2.8925959188358545
2612,NVB,453571.068351435,5678927.45231159,0.0,0.0,0.0,0.0,2.1524195671081543,,1.004394292831421,0.0,0.0,,-0.022558484567546,2.7805479077031228
2613,NVB,453570.288088197,5678927.67521228,0.0,0.0,0.0,0.0,1.7496955394744873,,1.002877116203308,0.0,0.0,,-0.0673438213440367,2.559812867246241
2614,NVB,453569.612073813,5678927.8321417,0.0,0.0,0.0,0.0,2.9573395252227783,,1.0070946216583252,0.0,0.0,,-0.0697237996111335,2.591688004566428
2615,NVB,453568.927476706,5678927.97681301,0.0,0.0,0.0,0.0,1.7089678049087524,,1.0034013986587524,0.0,0.0,,-0.094407744902808,2.553204886920024
2616,NVB,453568.138872817,5678928.14639549,0.0,0.0,0.0,0.0,1.4012815952301023,,1.0042047500610352,0.0,0.0,,-0.1123677360146497,2.5523435945522577
2617,NVB,453567.393319799,5678928.35396387,0.0,0.0,0.0,0.0,2.878230333328247,,1.0034308433532717,0.0,0.0,,-0.1012787341384325,2.632409975718034
2618,NVB,453566.647609657,5678928.58816565,0.0,0.0,0.0,0.0,1.8083524703979488,,1.0020252466201782,0.0,0.0,,-0.1210853579717111,2.835758070650088
2619,NVB,453565.936505122,5678928.824791,0.0,0.0,0.0,0.0,2.3533055782318115,,1.0017595291137695,0.0,0.0,,-0.1218536247536221,3.197398099929513
2620,NVB,453565.095239897,5678929.11835646,0.0,0.0,0.0,0.0,3.8412933349609375,,1.006150245666504,0.0,0.0,,-0.1265655729395902,3.464390899029906
2621,NVB,453564.375604943,5678929.33384578,0.0,0.0,0.0,0.0,3.890589475631714,,1.0148065090179443,0.0,0.0,,-0.1200945878190144,3.577098906226717
2622,NVB,453563.612683421,5678929.55129926,0.0,0.0,0.0,0.0,1.4629888534545898,,1.0042448043823242,0.0,0.0,,-0.0804322080716225,3.976083075136312
2623,NVB,453562.832504848,5678929.75977275,0.0,0.0,0.0,0.0,2.4340813159942627,,1.0294963121414185,0.0,0.0,,-0.0462962573680134,4.2706920455319874
2624,NVB,453562.095724037,5678929.94741657,0.0,0.0,0.0,0.0,1.1327252388000488,,1.0037752389907837,0.0,0.0,,-0.0135542333562285,4.342281142326485
2625,NVB,453561.402275539,5678930.12532802,0.0,0.0,0.0,0.0,2.932699680328369,,1.014577865600586,0.0,0.0,,0.0031286375544601,4.294539304908303
2626,NVB,453560.596014957,5678930.35362325,0.0,0.0,0.0,0.0,4.738219738006592,,1.0408402681350708,0.0,0.0,,0.0482384596534307,4.199663243814142
2627,NVB,453559.789695414,5678930.59190594,0.0,0.0,0.0,0.0,4.004794120788574,,1.010728120803833,0.0,0.0,,0.0609377477572704,4.22454027659892
2628,NVB,453559.026629626,5678930.83377299,0.0,0.0,0.0,0.0,1.3612416982650757,,1.0046627521514893,0.0,0.0,,0.0543528213707235,4.146210814497052
2629,NVB,453558.150692793,5678931.13601132,0.0,0.0,0.0,0.0,3.989422082901001,,1.0088586807250977,0.0,0.0,,0.0368705964761239,4.202347362603216
2630,NVB,453557.352779024,5678931.41651449,0.0,0.0,0.0,0.0,5.277137756347656,,1.0152302980422974,0.0,0.0,,-0.0033264150968402,4.036538868130452
2631,NVB,453556.702302594,5678931.64572829,0.0,0.0,0.0,0.0,1.9010051488876345,,1.0774673223495483,0.0,0.0,,-0.0061918899200747,4.07596163579477
2632,NVB,453555.878477021,5678931.91720031,0.0,0.0,0.0,0.0,3.48223090171814,,1.0183348655700684,0.0,0.0,,-0.0120487588324282,3.913877890402463
2633,NVB,453555.158599322,5678932.17374874,0.0,0.0,0.0,0.0,1.4939535856246948,,1.012733817100525,0.0,0.0,,-0.0532373871666421,3.8372278078832687
2634,NVB,453554.48202776,5678932.42500375,0.0,0.0,0.0,0.0,2.010362148284912,,1.0087112188339231,0.0,0.0,,-0.087758861894738,3.659124135667501
2635,NVB,453553.77088322,5678932.66828637,0.0,0.0,0.0,0.0,2.817850351333618,,1.0127756595611572,0.0,0.0,,-0.1305727866793573,3.50628896968798
2636,NVB,453553.007777757,5678932.91681121,0.0,0.0,0.0,0.0,2.461519241333008,,1.0076706409454346,0.0,0.0,,-0.1753121633363148,3.295795416723944
2637,NVB,453552.149313514,5678933.1914078,0.0,0.0,0.0,0.0,0.3730247616767883,,1.005407691001892,0.0,0.0,,-0.1598763336512152,3.1429928562685308
2638,NVB,453551.403674458,5678933.41340113,0.0,0.0,0.0,0.0,3.374094009399414,,1.0065809488296509,0.0,0.0,,-0.0896022738339832,3.0797230881558497
2639,NVB,453550.684091101,5678933.62001139,0.0,0.0,0.0,0.0,2.880955934524536,,1.0047649145126345,0.0,0.0,,-0.0821509613844688,3.050541125920228
2640,NVB,453549.955898839,5678933.81880242,0.0,0.0,0.0,0.0,0.7741956114768982,,1.0058151483535769,0.0,0.0,,-0.0548678393297151,2.940417179383919
2641,NVB,453549.054370447,5678934.05763206,0.0,0.0,0.0,0.0,4.374863624572754,,1.0051599740982056,0.0,0.0,,-0.0218922823069199,2.923882852543692
2642,NVB,453548.291389096,5678934.28507162,0.0,0.0,0.0,0.0,2.443619728088379,,1.0029915571212769,0.0,0.0,,-0.0273529116411111,3.05087449273337
2643,NVB,453547.511026294,5678934.52461598,0.0,0.0,0.0,0.0,2.0100252628326416,,1.0046794414520264,0.0,0.0,,-0.0237005552797076,3.123414105894377
2644,NVB,453546.730702727,5678934.75750189,0.0,0.0,0.0,0.0,2.724858045578003,,1.0059232711791992,0.0,0.0,,0.0035097522707486,3.174385662671598
2645,NVB,453545.941665491,5678935.00032421,0.0,0.0,0.0,0.0,6.830654144287109,,1.0094926357269287,0.0,0.0,,0.0142028763559642,3.211335460088355
2646,NVB,453545.152634751,5678935.24203673,0.0,0.0,0.0,0.0,0.3750621378421783,,1.0049983263015747,0.0,0.0,,0.0138864150419832,3.494002612950599
2647,NVB,453544.381168726,5678935.44057191,0.0,0.0,0.0,0.0,1.003846287727356,,1.0029038190841677,0.0,0.0,,0.0397874118837885,3.6187477827668006
2648,NVB,453543.644367276,5678935.6315432,0.0,0.0,0.0,0.0,4.886463642120361,,1.0083763599395752,0.0,0.0,,0.0565616851308572,4.001298899162569
2649,NVB,453542.872560661,5678935.88778409,0.0,0.0,0.0,0.0,4.734464168548584,,1.0115623474121094,0.0,0.0,,0.0667732398169248,4.373437169443988
2650,NVB,453541.979300136,5678936.19213795,0.0,0.0,0.0,0.0,1.3329575061798096,,1.0136913061141968,0.0,0.0,,0.0166300504956278,4.400158997397516
2651,NVB,453541.250675205,5678936.46417024,0.0,0.0,0.0,0.0,2.027167320251465,,1.0093367099761963,0.0,0.0,,-0.0009759306162283,4.620182313215117
2652,NVB,453540.522030573,5678936.73953163,0.0,0.0,0.0,0.0,1.2747092247009275,,1.0046517848968506,0.0,0.0,,-0.0187094774729507,4.54370899951012
2653,NVB,453539.775991366,5678937.02921729,0.0,0.0,0.0,0.0,3.88887882232666,,1.007486343383789,0.0,0.0,,-0.0298511446801416,4.578023193764263
2654,NVB,453539.125461556,5678937.26730746,0.0,0.0,0.0,0.0,1.481817364692688,,1.0086019039154053,0.0,0.0,,-0.0422248531799819,4.561864359862671
2655,NVB,453538.405615546,5678937.51830573,0.0,0.0,0.0,0.0,2.9748380184173584,,1.0031205415725708,0.0,0.0,,-0.0988166035207981,4.517201004680937
2656,NVB,453537.599189783,5678937.7743418,0.0,0.0,0.0,0.0,1.790862202644348,,1.0073378086090088,0.0,0.0,,-0.0781589955062303,4.541080913885473
2657,NVB,453536.870826515,5678938.00198456,0.0,0.0,0.0,0.0,2.141638994216919,,1.0180683135986328,0.0,0.0,,-0.0903195727458814,4.922933405626702
2658,NVB,453536.125343738,5678938.19734298,0.0,0.0,0.0,0.0,3.434436559677124,,1.0076700448989868,0.0,0.0,,-0.0411746477428494,4.840396082207937
2659,NVB,453535.345229039,5678938.39471647,0.0,0.0,0.0,0.0,2.8581812381744385,,1.0129036903381348,0.0,0.0,,-0.0297105274836473,4.683564995437922
2660,NVB,453534.582449892,5678938.58775314,0.0,0.0,0.0,0.0,4.377012252807617,,1.0058494806289673,0.0,0.0,,-0.0099111824475948,4.492924868047482
2661,NVB,453533.837006297,5678938.77645297,0.0,0.0,0.0,0.0,2.6967694759368896,,1.0025594234466553,0.0,0.0,,0.0131697494370869,4.319433877173434
2662,NVB,453533.100210816,5678938.96631355,0.0,0.0,0.0,0.0,2.5755326747894287,,1.0074782371520996,0.0,0.0,,0.0419555393246062,4.132645025327134
2663,NVB,453532.354551006,5678939.19163427,0.0,0.0,0.0,0.0,2.18223237991333,,1.006306529045105,0.0,0.0,,0.0240334725771826,3.993490338471052
2664,NVB,453531.582841909,5678939.43122814,0.0,0.0,0.0,0.0,5.369061470031738,,1.0072875022888184,0.0,0.0,,0.0269941930821958,3.6158482200524102
2665,NVB,453530.776356767,5678939.69725108,0.0,0.0,0.0,0.0,1.5878210067749023,,1.0057487487792969,0.0,0.0,,0.0238789441578403,3.558366347630392
2666,NVB,453530.039220516,5678939.94481723,0.0,0.0,0.0,0.0,0.3953261971473694,,1.0029717683792114,0.0,0.0,,0.022597389371901,3.712320424296229
2667,NVB,453529.397665817,5678940.12858102,0.0,0.0,0.0,0.0,3.3081979751586914,,1.006030797958374,0.0,0.0,,0.0104156273083283,3.82836645467044
2668,NVB,453528.704091189,5678940.32757443,0.0,0.0,0.0,0.0,1.818513035774231,,1.0054335594177246,0.0,0.0,,0.0193968301106886,3.811349415536749
2669,NVB,453528.010490325,5678940.5310067,0.0,0.0,0.0,0.0,3.845107555389404,,1.0195791721343994,0.0,0.0,,0.0377479105856584,4.056195088471724
2670,NVB,453527.282283724,5678940.7320151,0.0,0.0,0.0,0.0,5.4084792137146,,1.0094215869903564,0.0,0.0,,0.0370241183058968,4.125107331550538
2671,NVB,453526.484682274,5678940.9592482,0.0,0.0,0.0,0.0,4.90083646774292,,1.0263780355453491,0.0,0.0,,0.0553836745239317,4.224510181746656
2672,NVB,453525.730360827,5678941.18562694,0.0,0.0,0.0,0.0,10.233123779296877,,1.0291675329208374,0.0,0.0,,0.0457704648109252,4.352309035470886
2673,NVB,453524.941335371,5678941.42622771,0.0,0.0,0.0,0.0,0.4324217438697815,,1.0103048086166382,0.0,0.0,,0.0030750940314485,4.552307595396957
2674,NVB,453524.169088639,5678941.75681856,0.0,0.0,0.0,0.0,3.0334103107452397,,1.014087200164795,0.0,0.0,,-0.0083482846647231,4.855787187876454
2675,NVB,453523.448842111,5678942.07550887,0.0,0.0,0.0,0.0,1.289011836051941,,1.0118271112442017,0.0,0.0,,-0.0533286713691588,5.012558458319989
2676,NVB,453522.719993232,5678942.3852702,0.0,0.0,0.0,0.0,0.6742187142372131,,1.021313190460205,0.0,0.0,,-0.0893149108767851,5.1078687599294135
2677,NVB,453522.06954106,5678942.61004224,0.0,0.0,0.0,0.0,8.732219696044922,,1.0478150844573977,0.0,0.0,,-0.0887184122737252,5.149473135822448
2678,NVB,453521.427848371,5678942.81710967,0.0,0.0,0.0,0.0,1.5619045495986938,,1.022649884223938,0.0,0.0,,-0.0712707353589572,5.323220315538735
2679,NVB,453520.655856862,5678943.10442078,0.0,0.0,0.0,0.0,6.73510217666626,,1.0258287191390991,0.0,0.0,,-0.0856813526813849,5.491628478816361
2680,NVB,453519.935931089,5678943.3687341,0.0,0.0,0.0,0.0,5.973442554473877,,1.028644561767578,0.0,0.0,,-0.0724876901281435,5.316783384514169
2681,NVB,453519.25988809,5678943.53009812,0.0,0.0,0.0,0.0,2.357982873916626,,1.007344365119934,0.0,0.0,,-0.0794936146202675,4.9454236626695
2682,NVB,453518.453847617,5678943.72065829,0.0,0.0,0.0,0.0,4.998881816864014,,1.0129474401474,0.0,0.0,,-0.0688860498366231,4.760144202123397
2683,NVB,453517.673705695,5678943.92246895,0.0,0.0,0.0,0.0,3.253852367401123,,1.00415301322937,0.0,0.0,,-0.0599002884132865,4.471224765598682
2684,NVB,453516.919527844,5678944.12443283,0.0,0.0,0.0,0.0,0.5727306008338928,,1.0160964727401731,0.0,0.0,,-0.0402138212595299,4.480043544389553
2685,NVB,453516.156682144,5678944.328565,0.0,0.0,0.0,0.0,1.774150848388672,,1.003933310508728,0.0,0.0,,-0.0338117081775602,4.472464269920748
2686,NVB,453515.28981615,5678944.55982709,0.0,0.0,0.0,0.0,3.8763527870178223,,1.0068508386611938,0.0,0.0,,-0.0586263301746382,4.277161045521361
2687,NVB,453514.48359856,5678944.78034951,0.0,0.0,0.0,0.0,1.6484860181808472,,1.0016928911209106,0.0,0.0,,-0.0536521896552811,4.314660400695424
2688,NVB,453513.720523397,5678945.02332192,0.0,0.0,0.0,0.0,1.8111250400543213,,1.005466103553772,0.0,0.0,,-0.0871510767647795,4.154147815465682
2689,NVB,453512.992119421,5678945.25762085,0.0,0.0,0.0,0.0,3.1109023094177246,,1.00335693359375,0.0,0.0,,-0.0710594748872923,4.047885767990953
2690,NVB,453512.27254048,5678945.46311788,0.0,0.0,0.0,0.0,2.697482824325561,,1.0046690702438354,0.0,0.0,,-0.0893308173742646,4.185661715852311
2691,NVB,453511.570257802,5678945.67093652,0.0,0.0,0.0,0.0,3.08223295211792,,1.0070453882217407,0.0,0.0,,-0.0903468487148128,4.1496629627263255
2692,NVB,453510.867942323,5678945.88430373,0.0,0.0,0.0,0.0,4.559022426605225,,1.0090805292129517,0.0,0.0,,-0.0948518821744749,4.473175789089463
2693,NVB,453510.078883158,5678946.13045166,0.0,0.0,0.0,0.0,3.132776021957397,,1.006458044052124,0.0,0.0,,-0.053966479375272,4.714447925131737
2694,NVB,453509.341745628,5678946.37801588,0.0,0.0,0.0,0.0,2.9271280765533447,,1.016756534576416,0.0,0.0,,-0.0582575852193394,5.198533844673588
2695,NVB,453508.613498668,5678946.58568093,0.0,0.0,0.0,0.0,6.146955490112305,,1.0154560804367063,0.0,0.0,,-0.0210973410162001,5.561832324396799
2696,NVB,453507.859176146,5678946.81205796,0.0,0.0,0.0,0.0,4.159864902496338,,1.013391613960266,0.0,0.0,,-0.039563132970136,5.823785054313234
2697,NVB,453507.113298579,5678947.07399733,0.0,0.0,0.0,0.0,9.018880844116213,,1.01885724067688,0.0,0.0,,-0.0372614481522369,5.9130813582102855
2698,NVB,453506.367407852,5678947.33815608,0.0,0.0,0.0,0.0,3.970978260040283,,1.0250953435897827,0.0,0.0,,-0.0434015543106575,5.918283372531628
2699,NVB,453505.543460872,5678947.62959797,0.0,0.0,0.0,0.0,10.978338241577148,,1.0234156847000122,0.0,0.0,,-0.033723445904228,5.630344389873825
2700,NVB,453504.832221637,5678947.88841239,0.0,0.0,0.0,0.0,4.42844820022583,,1.029468655586243,0.0,0.0,,-0.0300268411353989,5.899179358771336
2701,NVB,453503.982231771,5678948.19301751,0.0,0.0,0.0,0.0,6.960686683654785,,1.039228081703186,0.0,0.0,,-0.044761038479904,6.020592331887768
2702,NVB,453503.184307718,5678948.47462494,0.0,0.0,0.0,0.0,3.7684717178344727,,1.0145206451416016,0.0,0.0,,-0.0650930974168231,6.302550468963807
2703,NVB,453502.403843766,5678948.73081077,0.0,0.0,0.0,0.0,6.578057289123535,,1.0127898454666138,0.0,0.0,,-0.084891688359606,6.498731689316329
2704,NVB,453501.580388047,5678948.93902264,0.0,0.0,0.0,0.0,4.082425117492676,,1.1758967638015747,0.0,0.0,,-0.1040244525341985,6.336755235815293
2705,NVB,453500.765567329,5678949.15061472,0.0,0.0,0.0,0.0,3.8895223140716553,,1.0437554121017456,0.0,0.0,,-0.1248128976780287,6.301860868906389
2706,NVB,453500.011146011,5678949.39363693,0.0,0.0,0.0,0.0,0.356234610080719,,1.0112184286117554,0.0,0.0,,-0.1056157546588616,5.964396616905553
2707,NVB,453499.282819863,5678949.61461786,0.0,0.0,0.0,0.0,6.337447643280029,,1.0140188932418823,0.0,0.0,,-0.1224623248229149,5.744878445352076
2708,NVB,453498.502499867,5678949.84638928,0.0,0.0,0.0,0.0,0.8302446007728577,,1.0055556297302246,0.0,0.0,,-0.1324833237306104,5.29886230929414
2709,NVB,453497.635842474,5678950.04213814,0.0,0.0,0.0,0.0,4.537382125854492,,1.0190175771713257,0.0,0.0,,-0.1515132162081452,5.318796234122361
2710,NVB,453496.838507931,5678950.2238694,0.0,0.0,0.0,0.0,5.52359676361084,,1.0138747692108154,0.0,0.0,,-0.1611449303143509,4.936840477182328
2711,NVB,453496.093114724,5678950.40368785,0.0,0.0,0.0,0.0,3.603002548217773,,1.0036683082580566,0.0,0.0,,-0.1553314679624078,4.724250808153385
2712,NVB,453495.347590382,5678950.6057008,0.0,0.0,0.0,0.0,1.9147287607192995,,1.0075637102127075,0.0,0.0,,-0.1488814369749523,4.587088697007163
2713,NVB,453494.679866627,5678950.82370997,0.0,0.0,0.0,0.0,0.1381051987409591,,1.0043529272079468,0.0,0.0,,-0.1485320871249611,4.508305752041629
2714,NVB,453493.977360109,5678951.06925779,0.0,0.0,0.0,0.0,3.7732045650482178,,1.0071393251419067,0.0,0.0,,-0.1422557537823,4.49382409940214
2715,NVB,453493.274801105,5678951.32368338,0.0,0.0,0.0,0.0,2.280956506729126,,1.006201148033142,0.0,0.0,,-0.1055430932144605,4.5790487638371244
2716,NVB,453492.520366227,5678951.56892433,0.0,0.0,0.0,0.0,5.7507524490356445,,1.0111063718795776,0.0,0.0,,-0.0579790579381657,4.259206527133993
2717,NVB,453491.670500021,5678951.8524433,0.0,0.0,0.0,0.0,0.4712753891944885,,1.0030840635299685,0.0,0.0,,-0.0432125758722641,4.333235190827831
2718,NVB,453490.92468042,5678952.10439359,0.0,0.0,0.0,0.0,1.3196619749069214,,1.0164507627487185,0.0,0.0,,-0.053713969143186,4.2225598205296695
2719,NVB,453490.274272393,5678952.32139491,0.0,0.0,0.0,0.0,1.9486550092697144,,1.00779926776886,0.0,0.0,,-0.0489410017259972,4.292693760196686
2720,NVB,453489.450488169,5678952.58509192,0.0,0.0,0.0,0.0,1.2557631731033323,,1.0030993223190308,0.0,0.0,,-0.0421668255861448,4.684384457859278
2721,NVB,453488.765520209,5678952.79190106,0.0,0.0,0.0,0.0,3.282988786697388,,1.0186936855316162,0.0,0.0,,-0.0317203126528446,5.026176470364756
2722,NVB,453488.045782571,5678953.02402936,0.0,0.0,0.0,0.0,1.735138773918152,,1.0061798095703125,0.0,0.0,,-0.0231943837913618,5.40924710882487
2723,NVB,453487.291065447,5678953.31698812,0.0,0.0,0.0,0.0,5.987046241760254,,1.019442796707153,0.0,0.0,,-0.0048266370162148,5.550991655265406
2724,NVB,453486.562502539,5678953.57791808,0.0,0.0,0.0,0.0,7.220996856689453,,1.015878200531006,0.0,0.0,,0.0025652506208196,5.547561746357308
2725,NVB,453485.756112715,5678953.82729051,0.0,0.0,0.0,0.0,6.322642803192139,,1.012545466423035,0.0,0.0,,-0.0358975397800368,5.754212541411944
2726,NVB,453484.96692081,5678954.09563049,0.0,0.0,0.0,0.0,3.488633394241333,,1.0079326629638672,0.0,0.0,,-0.0403650834393764,5.909337975841801
2727,NVB,453484.246769872,5678954.39767131,0.0,0.0,0.0,0.0,8.64753532409668,,1.0186705589294434,0.0,0.0,,-0.0306092410107713,5.734255226030294
2728,NVB,453483.509512704,5678954.66520823,0.0,0.0,0.0,0.0,5.454619407653809,,1.02161705493927,0.0,0.0,,-0.0604745839538777,5.7519438440909685
2729,NVB,453482.781264265,5678954.8728709,0.0,0.0,0.0,0.0,0.8982736468315125,,1.027889370918274,0.0,0.0,,-0.1005516826682815,5.65051942471825
2730,NVB,453482.070423573,5678955.06398986,0.0,0.0,0.0,0.0,5.4576029777526855,,1.014237642288208,0.0,0.0,,-0.124943170544662,5.489756366442729
2731,NVB,453481.359609074,5678955.25066984,0.0,0.0,0.0,0.0,1.7958002090454102,,1.0018340349197388,0.0,0.0,,-0.1327283607383441,5.256289227360047
2732,NVB,453480.68340685,5678955.43866403,0.0,0.0,0.0,0.0,7.828109264373779,,1.0114350318908691,0.0,0.0,,-0.1213579297146776,5.069844619870349
2733,NVB,453479.963917892,5678955.62862193,0.0,0.0,0.0,0.0,4.209929466247559,,1.0087465047836304,0.0,0.0,,-0.1319879813368885,4.913947013190092
2734,NVB,453479.175073138,5678955.83814575,0.0,0.0,0.0,0.0,4.215591907501221,,1.0265766382217407,0.0,0.0,,-0.1456978786276304,4.730948132790191
2735,NVB,453478.394889615,5678956.04661091,0.0,0.0,0.0,0.0,0.6516187787055969,,1.0007543563842771,0.0,0.0,,-0.1707686215206423,4.400461522969839
2736,NVB,453477.588682876,5678956.26491011,0.0,0.0,0.0,0.0,0.7931607961654663,,1.0057799816131592,0.0,0.0,,-0.1567280920285572,4.227889318400573
2737,NVB,453476.817042507,5678956.49229163,0.0,0.0,0.0,0.0,3.124629259109497,,1.0036183595657349,0.0,0.0,,-0.1599948458902625,4.089653736855093
2738,NVB,453475.958645062,5678956.75467294,0.0,0.0,0.0,0.0,4.282790660858154,,1.0089130401611328,0.0,0.0,,-0.1813563908388197,4.010848707231992
2739,NVB,453475.204274682,5678956.98881495,0.0,0.0,0.0,0.0,1.1714859008789062,,1.0087742805480957,0.0,0.0,,-0.1815490502775843,3.8126534653857456
2740,NVB,453474.458506508,5678957.23188586,0.0,0.0,0.0,0.0,2.8767051696777344,,1.0104763507843018,0.0,0.0,,-0.1844414368455847,3.717872894776752
2741,NVB,453473.764614136,5678957.48414141,0.0,0.0,0.0,0.0,2.629490613937378,,1.005632996559143,0.0,0.0,,-0.1894655268319531,3.580980231735196
2742,NVB,453473.062217837,5678957.710822,0.0,0.0,0.0,0.0,1.5648183822631836,,1.0073304176330566,0.0,0.0,,-0.2151600430010421,3.6178078500094863
2743,NVB,453472.351363527,5678957.90415953,0.0,0.0,0.0,0.0,2.026894807815552,,1.0128144025802612,0.0,0.0,,-0.2071232917686984,3.500952051624739
2744,NVB,453471.623029222,5678958.12624764,0.0,0.0,0.0,0.0,2.1806890964508057,,1.0047972202301023,0.0,0.0,,-0.2251770797870449,3.407285915337393
2745,NVB,453470.833619955,5678958.43120724,0.0,0.0,0.0,0.0,1.6223773956298828,,1.0062551498413086,0.0,0.0,,-0.2497417740499825,3.598448158674512
2746,NVB,453469.97478923,5678958.76682995,0.0,0.0,0.0,0.0,4.57554292678833,,1.0119839906692505,0.0,0.0,,-0.2190403476924739,3.7530943059745248
2747,NVB,453469.168201564,5678959.04949252,0.0,0.0,0.0,0.0,1.6645255088806152,,1.0032404661178589,0.0,0.0,,-0.1861824802627437,4.01251952424344
2748,NVB,453468.405261298,5678959.26915627,0.0,0.0,0.0,0.0,1.786865472793579,,1.0020779371261597,0.0,0.0,,-0.1321534135611167,4.327872320208026
2749,NVB,453467.590228689,5678959.51625623,0.0,0.0,0.0,0.0,0.539117157459259,,1.00182044506073,0.0,0.0,,-0.1148085378895092,4.660644295531235
2750,NVB,453466.783817956,5678959.76895591,0.0,0.0,0.0,0.0,3.122866630554199,,1.0043723583221436,0.0,0.0,,-0.1190532693151018,4.806582916787077
2751,NVB,453465.986140599,5678960.00838992,0.0,0.0,0.0,0.0,3.213477611541748,,1.0052450895309448,0.0,0.0,,-0.0975191015318293,4.899884774047818
2752,NVB,453465.01516542,5678960.28120231,0.0,0.0,0.0,0.0,1.2995903491973877,,1.0135033130645752,0.0,0.0,,-0.0971324741814253,5.132512069969413
2753,NVB,453464.269639306,5678960.48321232,0.0,0.0,0.0,0.0,10.476271629333496,,1.0310051441192627,0.0,0.0,,-0.1102293539375129,5.181969491879019
2754,NVB,453463.454711388,5678960.71255621,0.0,0.0,0.0,0.0,3.183090686798096,,1.0166492462158203,0.0,0.0,,-0.0885510912105114,5.296873238905461
2755,NVB,453462.830495617,5678960.89086827,0.0,0.0,0.0,0.0,2.827913999557495,,1.0189173221588137,0.0,0.0,,-0.0622056767385939,5.3815923016585785
2756,NVB,453462.136904281,5678961.0920753,0.0,0.0,0.0,0.0,7.691256046295166,,1.0205680131912231,0.0,0.0,,-0.0622064780950235,5.224133356789956
2757,NVB,453461.347901047,5678961.32823082,0.0,0.0,0.0,0.0,1.2225732803344729,,1.025068759918213,0.0,0.0,,-0.0839554411947157,4.974723892421987
2758,NVB,453460.567467206,5678961.57886388,0.0,0.0,0.0,0.0,9.186148643493652,,1.0268601179122925,0.0,0.0,,-0.0922600921966948,4.99235074289968
2759,NVB,453459.752197939,5678961.86591324,0.0,0.0,0.0,0.0,5.76975679397583,,1.0091097354888916,0.0,0.0,,-0.1214415148024799,5.019723318165255
2760,NVB,453458.919717568,5678962.13621428,0.0,0.0,0.0,0.0,2.5711398124694824,,1.002757906913757,0.0,0.0,,-0.1043070742519874,4.929366715234012
2761,NVB,453458.139198289,5678962.40127356,0.0,0.0,0.0,0.0,7.804580211639404,,1.012518286705017,0.0,0.0,,-0.111271899075503,4.87723532601261
2762,NVB,453457.470803309,5678962.73247186,0.0,0.0,0.0,0.0,5.008035182952881,,1.006556510925293,0.0,0.0,,-0.1226811475524492,4.626655076366781
2763,NVB,453456.845025855,5678963.17489872,0.0,0.0,0.0,0.0,1.890748620033264,,1.0023268461227417,0.0,0.0,,-0.1598346038763183,4.791169506445122
2764,NVB,453456.305146102,5678963.72770027,0.0,0.0,0.0,0.0,2.5174665451049805,,1.0026100873947144,0.0,0.0,,-0.1548023853961551,4.891743921309149
2765,NVB,453455.885448353,5678964.4476773,0.0,0.0,0.0,0.0,4.393999576568604,,1.0049206018447876,0.0,0.0,,-0.1543947207561804,4.909304110732204
2766,NVB,453455.681338005,5678965.30099109,0.0,0.0,0.0,0.0,3.8426008224487305,,1.0057071447372437,0.0,0.0,,-0.1606606616686364,4.9057520278585045
2767,NVB,453455.744677875,5678966.29904594,0.0,0.0,0.0,0.0,1.6233528852462769,,1.0049796104431152,0.0,0.0,,-0.1493674372118715,4.736568047679449
2768,NVB,453456.102383537,5678967.28108475,0.0,0.0,0.0,0.0,1.3867312669754028,,1.014771819114685,0.0,0.0,,-0.0988237378763449,4.41120060784526
2769,NVB,453456.641700867,5678968.2875023,0.0,0.0,0.0,0.0,5.083730220794678,,1.006295680999756,0.0,0.0,,-0.1141239631661431,4.0847244317412175
2770,NVB,453457.284547099,5678969.35002017,0.0,0.0,0.0,0.0,1.5929605960845947,,1.0028929710388184,0.0,0.0,,-0.0821916543535867,3.689106337063921
2771,NVB,453457.952517995,5678970.55473667,0.0,0.0,0.0,0.0,1.8876898288726809,,1.0021936893463137,0.0,0.0,,-0.1041775686358671,4.050037939734132
2772,NVB,453458.611657239,5678971.7893646,0.0,0.0,0.0,0.0,1.4780369997024536,,1.0109219551086426,0.0,0.0,,-0.0716727144044299,3.9104855476919016
2773,NVB,453459.210410345,5678972.9903425,0.0,0.0,0.0,0.0,5.895575523376465,,1.006114482879639,0.0,0.0,,-0.0641175178363829,4.05142743189966
2774,NVB,453459.912134887,5678974.34174756,0.0,0.0,0.0,0.0,1.1729531288146973,,1.0216758251190186,0.0,0.0,,-0.0616502809280174,4.098722932406302
2775,NVB,453460.648681984,5678975.65895563,0.0,0.0,0.0,0.0,1.7894107103347778,,1.0018092393875122,0.0,0.0,,-0.0526917005863848,4.175128115051876
2776,NVB,453461.479565587,5678977.12321048,0.0,0.0,0.0,0.0,2.841331243515014,,1.0142332315444946,0.0,0.0,,-0.0975742321551268,3.9822780922464767
2777,NVB,453462.215988583,5678978.46150323,0.0,0.0,0.0,0.0,4.835341453552246,,1.0067179203033447,0.0,0.0,,-0.1297714742707975,3.9357821623839606
2778,NVB,453462.831028962,5678979.83570072,0.0,0.0,0.0,0.0,2.6364076137542725,,1.0109421014785769,0.0,0.0,,-0.1224756452250393,3.847370224606202
2779,NVB,453463.428537049,5678981.24752659,0.0,0.0,0.0,0.0,3.39202880859375,,1.0050829648971558,0.0,0.0,,-0.1817503967348768,3.578712820229509
2780,NVB,453464.034516439,5678982.69047596,0.0,0.0,0.0,0.0,2.0617692470550537,,1.0036364793777466,0.0,0.0,,-0.2031949686685795,3.7217745759863807
2781,NVB,453464.658054803,5678984.09135792,0.0,0.0,0.0,0.0,6.2962965965271,,1.017649531364441,0.0,0.0,,-0.1850936647501084,3.661465600536251
2782,NVB,453465.333843292,5678985.43817009,0.0,0.0,0.0,0.0,1.663230061531067,,1.002740740776062,0.0,0.0,,-0.1361360358222643,3.769936806703712
2783,NVB,453465.940623573,5678986.74573247,0.0,0.0,0.0,0.0,2.8279592990875244,,1.002840280532837,0.0,0.0,,-0.0297640345491378,4.006321557363902
2784,NVB,453466.676444829,5678988.18611974,0.0,0.0,0.0,0.0,1.7320547103881836,,1.001393437385559,0.0,0.0,,-0.0289099041395069,4.115009430392577
2785,NVB,453467.317726511,5678989.51386173,0.0,0.0,0.0,0.0,4.083617210388184,,1.027405858039856,0.0,0.0,,-0.0865104267901018,4.304164510631543
2786,NVB,453457.745846819,5679017.22808634,0.0,0.0,0.0,0.0,2.008275032043457,,1.0160199403762815,0.0,0.0,,-0.1487227401866755,4.531981126311504
2787,NVB,453457.201376069,5679017.09280544,0.0,0.0,0.0,0.0,3.77088475227356,,1.005428671836853,0.0,0.0,,-0.1650023195644716,4.465830819916009
2788,NVB,453456.761189169,5679016.88600614,0.0,0.0,0.0,0.0,4.128398418426514,,1.0228018760681152,0.0,0.0,,-0.1621365742301684,4.229626145703416
2789,NVB,453456.3905817,5679016.62191028,0.0,0.0,0.0,0.0,6.182129859924316,,1.0221441984176636,0.0,0.0,,-0.163508574729914,4.1525073450298855
2790,NVB,453456.054921412,5679016.30253266,0.0,0.0,0.0,0.0,4.002315044403076,,1.0065451860427856,0.0,0.0,,-0.1681257373436918,4.134770820397643
2791,NVB,453455.788873363,5679015.92030986,0.0,0.0,0.0,0.0,3.1219701766967773,,1.0083835124969482,0.0,0.0,,-0.1749609484828656,4.113148183943927
2792,NVB,453455.52314024,5679015.4848201,0.0,0.0,0.0,0.0,1.936068654060364,,1.0042529106140137,0.0,0.0,,-0.1712530409648423,4.287082931342494
2793,NVB,453455.231377197,5679015.06027412,0.0,0.0,0.0,0.0,2.083918571472168,,1.0077662467956543,0.0,0.0,,-0.1645944805176754,4.418857794193485
2794,NVB,453455.01762531,5679014.61621351,0.0,0.0,0.0,0.0,2.822434902191162,,1.0185924768447876,0.0,0.0,,-0.1695876734773792,4.4494366288226574
2795,NVB,453454.942756701,5679014.10416843,0.0,0.0,0.0,0.0,3.58247709274292,,1.005783200263977,0.0,0.0,,-0.1349924628585751,4.528267016600759
2796,NVB,453455.110838648,5679013.48924156,0.0,0.0,0.0,0.0,1.907591700553894,,1.0071393251419067,0.0,0.0,,-0.1456685198393916,4.728630591279526
2797,NVB,453455.261027121,5679012.97297814,0.0,0.0,0.0,0.0,4.813594818115234,,1.0088560581207275,0.0,0.0,,-0.144588792855583,4.914332804342625
2798,NVB,453455.393689519,5679012.49323341,0.0,0.0,0.0,0.0,6.259130954742432,,1.0247135162353516,0.0,0.0,,-0.1502446743206578,4.950264718949778
2799,NVB,453455.638752497,5679012.0330192,0.0,0.0,0.0,0.0,5.547422885894775,,1.0183600187301636,0.0,0.0,,-0.1454108905215886,4.940374611527978
2800,NVB,453455.952548522,5679011.65866336,0.0,0.0,0.0,0.0,4.521705627441406,,1.01810884475708,0.0,0.0,,-0.1553744841696174,5.023983985716893
2801,NVB,453456.30052408,5679011.35886395,0.0,0.0,0.0,0.0,3.915205478668213,,1.0128459930419922,0.0,0.0,,-0.1731875290906752,5.3054487892379525
2802,NVB,453456.881922755,5679011.10372533,0.0,0.0,0.0,0.0,9.441610336303713,,1.0348889827728271,0.0,0.0,,-0.1850958234363767,5.288727260792654
2803,NVB,453457.653398488,5679010.90519866,0.0,0.0,0.0,0.0,0.8173100352287292,,1.0143275260925293,0.0,0.0,,-0.1654603634477637,5.449938176773121
2804,NVB,453458.511441631,5679010.70385435,0.0,0.0,0.0,0.0,5.030670642852783,,1.0083062648773191,0.0,0.0,,-0.1711558445560446,5.364824413667351
2805,NVB,453459.438814788,5679010.48738305,0.0,0.0,0.0,0.0,7.057368755340576,,1.0531764030456543,0.0,0.0,,-0.194342925505373,5.423805596134464
2806,NVB,453460.279935314,5679010.22046228,0.0,0.0,0.0,0.0,2.6131014823913574,,1.018543720245361,0.0,0.0,,-0.2031240244873352,4.871271936431181
2807,NVB,453460.957087331,5679009.87266897,0.0,0.0,0.0,0.0,2.4629523754119877,,1.0060904026031494,0.0,0.0,,-0.2051652924707059,4.555016851032421
2808,NVB,453461.582605818,5679009.4746309,0.0,0.0,0.0,0.0,5.036048889160156,,1.005660057067871,0.0,0.0,,-0.1997154535873301,4.339050276674399
2809,NVB,453462.182441976,5679009.028721,0.0,0.0,0.0,0.0,1.434712290763855,,1.0038210153579712,0.0,0.0,,-0.2131265425950206,4.012167151322004
2810,NVB,453462.739227214,5679008.54482452,0.0,0.0,0.0,0.0,3.8536107540130615,,1.014490008354187,0.0,0.0,,-0.2394036994078582,3.7997929111730766
2811,NVB,453463.383393172,5679007.92050411,0.0,0.0,0.0,0.0,2.6002798080444336,,1.0109901428222656,0.0,0.0,,-0.2564016659294453,3.7835239236429214
2812,NVB,453463.888675973,5679007.36416829,0.0,0.0,0.0,0.0,4.28936767578125,,1.0117433071136477,0.0,0.0,,-0.2295544042107586,3.4596033894230773
2813,NVB,453464.40328252,5679006.69469134,0.0,0.0,0.0,0.0,0.8873809576034546,,1.0019097328186035,0.0,0.0,,-0.2137919820079269,3.4315863448019623
2814,NVB,453464.81432688,5679005.97466272,0.0,0.0,0.0,0.0,0.7829878926277161,,1.001123070716858,0.0,0.0,,-0.217505809039851,3.600707132020357
2815,NVB,453465.095674223,5679005.23278194,0.0,0.0,0.0,0.0,0.7870017290115356,,1.001986026763916,0.0,0.0,,-0.2031183676725668,3.7983123428583263
2816,NVB,453465.273695559,5679004.40039932,0.0,0.0,0.0,0.0,3.356365203857422,,1.007779240608215,0.0,0.0,,-0.1575550259020698,3.909090051721564
2817,NVB,453465.433849797,5679003.66224127,0.0,0.0,0.0,0.0,0.2719503939151764,,1.0047897100448608,0.0,0.0,,-0.1349121307117167,4.064741917573127
2818,NVB,453465.793391636,5679002.86977336,0.0,0.0,0.0,0.0,3.89616322517395,,1.0239354372024536,0.0,0.0,,-0.0999228816676817,4.502751058051926
2819,NVB,453466.34368592,5679002.01961524,0.0,0.0,0.0,0.0,4.704718112945557,,1.019550085067749,0.0,0.0,,-0.0586648771451261,4.849539892811769
2820,NVB,453466.729441137,5679001.18513109,0.0,0.0,0.0,0.0,1.567969560623169,,1.0055639743804932,0.0,0.0,,-0.0451342517984556,5.336488615648055
2821,NVB,453466.959377697,5679000.3552748,0.0,0.0,0.0,0.0,8.9353609085083,,1.0176434516906738,0.0,0.0,,0.0121201541823074,5.582398814537992
2822,NVB,453467.076821941,5678999.52142434,0.0,0.0,0.0,0.0,2.001500129699707,,1.0144106149673462,0.0,0.0,,0.0045331201936921,5.678014459507959
2823,NVB,453467.133728726,5678998.67944771,0.0,0.0,0.0,0.0,6.391139030456543,,1.0369043350219729,0.0,0.0,,0.0321752020661578,5.996269183635265
2824,NVB,453467.217058913,5678997.75994358,0.0,0.0,0.0,0.0,4.853913307189941,,1.0058001279830933,0.0,0.0,,0.0172513763773112,5.9417642248853015
2825,NVB,453467.438491418,5678996.90451238,0.0,0.0,0.0,0.0,3.4882819652557373,,1.0056486129760742,0.0,0.0,,0.0070854457075126,5.882652141149139
2826,NVB,453467.737370728,5678996.12500305,0.0,0.0,0.0,0.0,2.886571168899536,,1.0462937355041504,0.0,0.0,,-0.0407584225213116,5.592064049231956
2827,NVB,453468.079773013,5678995.30357981,0.0,0.0,0.0,0.0,8.148758888244629,,1.05500590801239,0.0,0.0,,-0.0943964368377272,5.371845652021073
2828,NVB,453468.39616504,5678994.48977118,0.0,0.0,0.0,0.0,6.74815845489502,,1.0188933610916138,0.0,0.0,,-0.1122847186887665,4.936777094554786
2829,NVB,453468.686710784,5678993.65583399,0.0,0.0,0.0,0.0,4.36897611618042,,1.013824462890625,0.0,0.0,,-0.1633820041483344,4.418376212476083
2830,NVB,453469.003745432,5678992.733272,0.0,0.0,0.0,0.0,1.3395873308181765,,1.0039914846420288,0.0,0.0,,-0.2253505820583588,4.316081767624835
2831,NVB,453469.398030074,5678991.9199237,0.0,0.0,0.0,0.0,5.266790866851807,,1.0099499225616455,0.0,0.0,,-0.2609527162072691,4.130105660546781
2832,NVB,453469.887792403,5678991.06052944,0.0,0.0,0.0,0.0,1.4969574213027954,,1.031011700630188,0.0,0.0,,-0.2279030996303253,3.8249359350516623
2833,NVB,453470.360507461,5678990.15664374,0.0,0.0,0.0,0.0,3.5791757106781006,,1.0085315704345703,0.0,0.0,,-0.1999031831332037,3.832206769012727
2834,NVB,453470.625134492,5678989.31478493,0.0,0.0,0.0,0.0,3.0376241207122803,,1.002844214439392,0.0,0.0,,-0.1639114163823944,3.787346842770567
2835,NVB,453470.768483439,5678988.4910754,0.0,0.0,0.0,0.0,2.086031675338745,,1.0123920440673828,0.0,0.0,,-0.1140747794202141,3.728621954283913
2836,NVB,453470.85127533,5678987.66256892,0.0,0.0,0.0,0.0,0.4264127910137176,,1.0010977983474731,0.0,0.0,,-0.0918016006692716,3.783607098420138
2837,NVB,453470.882073116,5678986.84485282,0.0,0.0,0.0,0.0,5.87662410736084,,1.008499026298523,0.0,0.0,,-0.127857971917073,3.864250113228056
2838,NVB,453470.973880441,5678985.95536245,0.0,0.0,0.0,0.0,5.403651237487793,,1.0223321914672852,0.0,0.0,,-0.0992323966641889,3.926402722640931
2839,NVB,453471.134591262,5678985.12287738,0.0,0.0,0.0,0.0,2.057874917984009,,1.0057344436645508,0.0,0.0,,-0.0825896160125412,3.823239688955274
2840,NVB,453471.46798384,5678984.36132814,0.0,0.0,0.0,0.0,1.9421844482421875,,1.0114880800247192,0.0,0.0,,-0.0772331886180109,3.9690267185796606
2841,NVB,453471.939878546,5678983.59615835,0.0,0.0,0.0,0.0,1.5100994110107422,,1.006120204925537,0.0,0.0,,-0.0333100176166628,4.272773076864175
2842,NVB,453472.437724284,5678982.83336141,0.0,0.0,0.0,0.0,4.849314212799072,,1.0202302932739258,0.0,0.0,,-0.0444451715923885,4.471448866433241
2843,NVB,453472.675980021,5678982.06015223,0.0,0.0,0.0,0.0,2.528183937072754,,1.0046539306640625,0.0,0.0,,-0.0078428739820874,4.6537902063872725
2844,NVB,453472.715012631,5678981.31350985,0.0,0.0,0.0,0.0,1.4569071531295776,,1.0134713649749756,0.0,0.0,,-0.0126748141443003,4.822916445264542
2845,NVB,453472.823650444,5678980.50513189,0.0,0.0,0.0,0.0,3.686723470687866,,1.044533133506775,0.0,0.0,,-0.0409213930889665,5.028356552713399
2846,NVB,453472.984059297,5678979.72369428,0.0,0.0,0.0,0.0,5.181690692901611,,1.0432192087173462,0.0,0.0,,-0.0840313615836348,5.380516830131755
2847,NVB,453473.161672676,5678978.9601146,0.0,0.0,0.0,0.0,3.5457777976989746,,1.0074797868728638,0.0,0.0,,-0.076059405896779,5.195719558813623
2848,NVB,453473.409245338,5678978.074874,0.0,0.0,0.0,0.0,3.783803701400757,,1.0178825855255127,0.0,0.0,,-0.1019331356449306,5.20920697460546
2849,NVB,453473.656326094,5678977.272863,0.0,0.0,0.0,0.0,7.980463981628418,,1.0722253322601318,0.0,0.0,,-0.1247801338085522,5.276998480151376
2850,NVB,453473.937304383,5678976.59312665,0.0,0.0,0.0,0.0,2.5395846366882324,,1.0057038068771362,0.0,0.0,,-0.1605556075785178,5.4212628210402025
2851,NVB,453474.331830382,5678975.73871815,0.0,0.0,0.0,0.0,3.832851648330689,,1.0068564414978027,0.0,0.0,,-0.1286148480561803,5.256268243276256
2852,NVB,453474.578373228,5678975.02770481,0.0,0.0,0.0,0.0,4.930279731750488,,1.015621304512024,0.0,0.0,,-0.1166407148428994,5.201001145562001
2853,NVB,453474.773413872,5678974.24425228,0.0,0.0,0.0,0.0,11.319433212280272,,1.0622787475585938,0.0,0.0,,-0.1426498435082898,5.143448830822821
2854,NVB,453474.916958877,5678973.38725082,0.0,0.0,0.0,0.0,3.6760153770446777,,1.0249890089035034,0.0,0.0,,-0.1429671731318955,4.799849086757239
2855,NVB,453475.016823594,5678972.59879678,0.0,0.0,0.0,0.0,7.84857702255249,,1.0269533395767212,0.0,0.0,,-0.1785623543336537,4.783838013005298
2856,NVB,453475.125329912,5678971.81261334,0.0,0.0,0.0,0.0,3.882148265838623,,1.0087988376617432,0.0,0.0,,-0.1834334078494747,4.6144570272873136
2857,NVB,453475.424351825,5678971.00868968,0.0,0.0,0.0,0.0,2.67773962020874,,1.0381933450698853,0.0,0.0,,-0.1559221114390575,4.397029336847673
2858,NVB,453475.8618494,5678970.20558432,0.0,0.0,0.0,0.0,1.5679641962051392,,1.010281324386597,0.0,0.0,,-0.1534800912274668,4.21467381426905
2859,NVB,453476.351268721,5678969.40389551,0.0,0.0,0.0,0.0,2.209247589111328,,1.003838062286377,0.0,0.0,,-0.1363891577907198,3.946651866443539
2860,NVB,453476.814664733,5678968.61204079,0.0,0.0,0.0,0.0,1.946087121963501,,1.0007359981536863,0.0,0.0,,-0.058219838575039,3.781727360049106
2861,NVB,453477.000761745,5678967.87736509,0.0,0.0,0.0,0.0,0.8741916418075562,,1.014557957649231,0.0,0.0,,-0.0514227783935756,3.9987847004952473
2862,NVB,453477.07432757,5678967.14535372,0.0,0.0,0.0,0.0,2.464518547058105,,1.0172171592712402,0.0,0.0,,-0.0335717834523343,4.178738547531104
2863,NVB,453477.147834366,5678966.4233299,0.0,0.0,0.0,0.0,3.1481082439422607,,1.0111523866653442,0.0,0.0,,-0.0819155221109999,4.527411522104106
2864,NVB,453477.265336116,5678965.57949171,0.0,0.0,0.0,0.0,0.7552803158760071,,1.0014398097991943,0.0,0.0,,-0.1192766765296104,4.535626691151241
2865,NVB,453477.39102043,5678964.81560507,0.0,0.0,0.0,0.0,5.798352718353272,,1.0130677223205566,0.0,0.0,,-0.1041523000072664,4.437195762343554
2866,NVB,453477.629393203,5678964.02242062,0.0,0.0,0.0,0.0,3.567970037460327,,1.0119953155517578,0.0,0.0,,-0.0896984878908381,4.447010395531176
2867,NVB,453477.919517232,5678963.25950566,0.0,0.0,0.0,0.0,1.4522123336791992,,1.0065056085586548,0.0,0.0,,-0.1113679522027086,4.517325363870741
2868,NVB,453478.304771039,5678962.50936025,0.0,0.0,0.0,0.0,3.5165257453918457,,1.018107533454895,0.0,0.0,,-0.099319777805113,4.222877137883765
2869,NVB,453478.733370522,5678961.74726351,0.0,0.0,0.0,0.0,4.737130165100098,,1.01856529712677,0.0,0.0,,-0.0906192844215269,4.1789288933116895
2870,NVB,453479.040849707,5678960.9766827,0.0,0.0,0.0,0.0,2.864234447479248,,1.002474069595337,0.0,0.0,,-0.0643718444639967,4.090887926002325
2871,NVB,453479.28797529,5678960.16690341,0.0,0.0,0.0,0.0,2.418540954589844,,1.005474090576172,0.0,0.0,,-0.0238559308451484,4.249519967848097
2872,NVB,453479.509339934,5678959.32256912,0.0,0.0,0.0,0.0,2.6443536281585693,,1.0029867887496948,0.0,0.0,,-0.0395214653944712,4.584345375754222
2873,NVB,453479.721859655,5678958.51036581,0.0,0.0,0.0,0.0,8.843279838562012,,1.0143107175827026,0.0,0.0,,-0.0359682144764545,4.549699818076398
2874,NVB,453479.934254747,5678957.71924732,0.0,0.0,0.0,0.0,0.8404214382171631,,1.002204418182373,0.0,0.0,,-0.072019586932183,4.653070457239624
2875,NVB,453480.172528708,5678956.9427087,0.0,0.0,0.0,0.0,0.3234790861606598,,1.0075069665908811,0.0,0.0,,-0.0785394577508495,4.737391776531247
2876,NVB,453480.410809181,5678956.16506035,0.0,0.0,0.0,0.0,3.87616777420044,,1.006675362586975,0.0,0.0,,-0.1040465870624126,4.864738187373452
2877,NVB,453480.623243488,5678955.36728347,0.0,0.0,0.0,0.0,2.7869153022766118,,1.028412938117981,0.0,0.0,,-0.1447130235458796,4.888560363719834
2878,NVB,453480.809307071,5678954.63815631,0.0,0.0,0.0,0.0,7.368436813354492,,1.020391583442688,0.0,0.0,,-0.1675582906835762,5.097309625498307
2879,NVB,453480.987069985,5678953.84905269,0.0,0.0,0.0,0.0,3.57973313331604,,1.0249274969100952,0.0,0.0,,-0.1285041228451568,5.137108437168092
2880,NVB,453481.147490654,5678953.06539543,0.0,0.0,0.0,0.0,2.822019577026367,,1.043306827545166,0.0,0.0,,-0.1273207946541464,5.431570086703295
2881,NVB,453481.290549409,5678952.29051372,0.0,0.0,0.0,0.0,0.943581759929657,,1.0188297033309937,0.0,0.0,,-0.1030332066629247,5.551778505448999
2882,NVB,453481.494171451,5678951.51931915,0.0,0.0,0.0,0.0,2.897613525390625,,1.0183459520339966,0.0,0.0,,-0.0788145092537718,5.559711890525007
2883,NVB,453481.741007997,5678950.75836781,0.0,0.0,0.0,0.0,10.291921615600586,,1.0240991115570068,0.0,0.0,,-0.0767867312251773,5.484431033636904
2884,NVB,453482.26516241,5678949.93690807,0.0,0.0,0.0,0.0,1.0800434350967407,,1.0113532543182373,0.0,0.0,,-0.0753666403117066,5.623971085638011
2885,NVB,453482.788897081,5678949.18647089,0.0,0.0,0.0,0.0,1.1235733032226562,,1.0071803331375122,0.0,0.0,,-0.091018183785348,5.60910839172625
2886,NVB,453483.069965417,5678948.49119801,0.0,0.0,0.0,0.0,3.927765130996704,,1.031627535820007,0.0,0.0,,-0.1171438246349493,5.610324987573793
2887,NVB,453483.290890055,5678947.72121539,0.0,0.0,0.0,0.0,5.846155643463135,,1.037085771560669,0.0,0.0,,-0.1261227218838446,5.49115950464983
2888,NVB,453483.503179611,5678946.94785245,0.0,0.0,0.0,0.0,4.899265766143799,,1.0218162536621094,0.0,0.0,,-0.1324601431830935,5.654633853442664
2889,NVB,453483.637563659,5678946.17624874,0.0,0.0,0.0,0.0,3.161293029785156,,1.0196903944015503,0.0,0.0,,-0.1379853958209469,5.477752956696509
2890,NVB,453483.728621704,5678945.41326717,0.0,0.0,0.0,0.0,6.663077831268311,,1.01516592502594,0.0,0.0,,-0.1142828785832167,5.422572444449961
2891,NVB,453483.880459362,5678944.61735171,0.0,0.0,0.0,0.0,1.2525291442871094,,1.0047941207885742,0.0,0.0,,-0.1153395071735841,5.006522246468962
2892,NVB,453484.057900486,5678943.88262469,0.0,0.0,0.0,0.0,2.097756147384644,,1.0039106607437134,0.0,0.0,,-0.0602503617174814,4.66895829264136
2893,NVB,453484.252447733,5678943.18240151,0.0,0.0,0.0,0.0,3.047495126724243,,1.002773404121399,0.0,0.0,,-0.0642123372216241,4.651133028750669
2894,NVB,453484.508331862,5678942.35491753,0.0,0.0,0.0,0.0,2.5679914951324463,,1.0027031898498535,0.0,0.0,,-0.0351545057274498,4.511016856546005
2895,NVB,453484.746388574,5678941.61499979,0.0,0.0,0.0,0.0,2.323113918304444,,1.0079861879348757,0.0,0.0,,-0.066875604574601,4.454648153073719
2896,NVB,453485.001551388,5678940.90958588,0.0,0.0,0.0,0.0,3.0213396549224854,,1.0022236108779907,0.0,0.0,,-0.0976234934478161,4.510967432821332
2897,NVB,453485.248000454,5678940.21410838,0.0,0.0,0.0,0.0,4.5717878341674805,,1.0141749382019043,0.0,0.0,,-0.0987400333670003,4.610292693144971
2898,NVB,453485.546692376,5678939.46567073,0.0,0.0,0.0,0.0,8.366458892822266,,1.029840111732483,0.0,0.0,,-0.1467209185726142,4.61057224778009
2899,NVB,453485.827904377,5678938.74598373,0.0,0.0,0.0,0.0,2.8256640434265137,,1.009937047958374,0.0,0.0,,-0.1622228840281091,4.571038978138615
2900,NVB,453486.100192827,5678938.07174444,0.0,0.0,0.0,0.0,2.396400213241577,,1.008275866508484,0.0,0.0,,-0.1679969792936182,4.528417757130621
2901,NVB,453486.42442252,5678937.39559247,0.0,0.0,0.0,0.0,3.342646598815918,,1.0118162631988523,0.0,0.0,,-0.1292007620737486,4.62650932932
2902,NVB,453486.896050788,5678936.67481088,0.0,0.0,0.0,0.0,5.877507209777832,,1.006728172302246,0.0,0.0,,-0.1217864102367843,4.53377022888998
2903,NVB,453487.358571902,5678936.03054937,0.0,0.0,0.0,0.0,3.765883207321167,,1.0031852722167969,0.0,0.0,,-0.1260409249343112,4.322913661816886
2904,NVB,453487.803704878,5678935.39950231,0.0,0.0,0.0,0.0,8.163732528686523,,1.0115844011306765,0.0,0.0,,-0.110980219967907,4.110477843273334
2905,NVB,453488.153721384,5678934.75346632,0.0,0.0,0.0,0.0,5.065018653869629,,1.0066680908203125,0.0,0.0,,-0.1320494381308201,4.460584947461096
2906,NVB,453488.486277662,5678934.13285181,0.0,0.0,0.0,0.0,6.213889122009277,,1.0383561849594116,0.0,0.0,,-0.142366195443498,4.704712413412446
2907,NVB,453488.853406764,5678933.52020989,0.0,0.0,0.0,0.0,1.543522834777832,,1.0175429582595823,0.0,0.0,,-0.1676138622159338,4.861300739993173
2908,NVB,453489.22069315,5678932.88093448,0.0,0.0,0.0,0.0,2.9103541374206543,,1.0177888870239258,0.0,0.0,,-0.1542606078898916,4.961589707739925
2909,NVB,453489.613995997,5678932.23293462,0.0,0.0,0.0,0.0,3.732956886291504,,1.0330768823623655,0.0,0.0,,-0.1351912723537625,5.26721337288205
2910,NVB,453490.015973138,5678931.58165668,0.0,0.0,0.0,0.0,1.111282467842102,,1.0062744617462158,0.0,0.0,,-0.0938782389034262,5.365539504312735
2911,NVB,453490.461446553,5678930.89290361,0.0,0.0,0.0,0.0,5.355549812316895,,1.0607929229736328,0.0,0.0,,-0.0771105308496188,5.247170376229967
2912,NVB,453490.941525536,5678930.20657447,0.0,0.0,0.0,0.0,4.026981353759766,,1.0187681913375854,0.0,0.0,,-0.0624740547180803,5.252889665785414
2913,NVB,453491.404131167,5678929.54788626,0.0,0.0,0.0,0.0,3.2683162689208984,,1.0118268728256226,0.0,0.0,,-0.0684483616745092,5.424054923803491
2914,NVB,453491.831600087,5678928.97666203,0.0,0.0,0.0,0.0,0.7741935849189758,,1.0122182369232178,0.0,0.0,,-0.0783303551085618,5.82119928401586
2915,NVB,453492.276345541,5678928.41108867,0.0,0.0,0.0,0.0,6.836535453796387,,1.027039647102356,0.0,0.0,,-0.0789016011047465,6.131161645444257
2916,NVB,453492.834119724,5678927.7585114,0.0,0.0,0.0,0.0,4.61367654800415,,1.0225046873092651,0.0,0.0,,-0.0803673005175574,6.375638534109147
2917,NVB,453493.365510218,5678927.17680331,0.0,0.0,0.0,0.0,3.24162220954895,,1.0104700326919556,0.0,0.0,,-0.0924767310653217,6.238367561967109
2918,NVB,453493.835970413,5678926.6535529,0.0,0.0,0.0,0.0,1.6810855865478516,,1.0037745237350464,0.0,0.0,,-0.0680152749408914,6.261463853242208
2919,NVB,453494.350136609,5678926.05731603,0.0,0.0,0.0,0.0,3.323744058609009,,1.0051935911178589,0.0,0.0,,-0.0742520908969823,6.007206349574343
2920,NVB,453494.855595604,5678925.46990583,0.0,0.0,0.0,0.0,3.441998243331909,,1.0093402862548828,0.0,0.0,,-0.0520094117850326,5.330852237557552
2921,NVB,453495.395673254,5678924.88270009,0.0,0.0,0.0,0.0,4.239232063293457,,1.0056298971176147,0.0,0.0,,-0.0677632362784568,5.040339188327325
2922,NVB,453495.996681013,5678924.23703657,0.0,0.0,0.0,0.0,4.436715126037598,,1.0116307735443115,0.0,0.0,,-0.0645840589426987,4.5593994138127245
2923,NVB,453496.493301552,5678923.68064753,0.0,0.0,0.0,0.0,3.913892984390259,,1.0047531127929688,0.0,0.0,,-0.0727358703314187,4.603710421090969
2924,NVB,453496.981457426,5678923.09202522,0.0,0.0,0.0,0.0,4.170961856842041,,1.004041314125061,0.0,0.0,,-0.1063892772731889,4.6852788887226255
2925,NVB,453497.478405562,5678922.48014971,0.0,0.0,0.0,0.0,5.098913192749023,,1.0098696947097778,0.0,0.0,,-0.0988779812795775,4.768591986945189
2926,NVB,453497.983903425,5678921.88608094,0.0,0.0,0.0,0.0,4.075627326965332,,1.0034843683242798,0.0,0.0,,-0.1175198673459739,5.50692935247681
2927,NVB,453498.454782501,5678921.29180767,0.0,0.0,0.0,0.0,0.6547379493713379,,1.0016028881072998,0.0,0.0,,-0.108740586820903,5.514007487457393
2928,NVB,453498.830374835,5678920.71139852,0.0,0.0,0.0,0.0,7.932630062103271,,1.0135033130645752,0.0,0.0,,-0.1035051978350628,5.619382801454806
2929,NVB,453499.223296134,5678920.12776241,0.0,0.0,0.0,0.0,7.5910210609436035,,1.0250394344329834,0.0,0.0,,-0.1328775890638445,5.6789834668091785
2930,NVB,453499.789848372,5678919.45415092,0.0,0.0,0.0,0.0,2.282633066177368,,1.0033539533615112,0.0,0.0,,-0.1504086436121832,5.642407552256508
2931,NVB,453500.330075999,5678918.8414211,0.0,0.0,0.0,0.0,5.081113338470459,,1.0154974460601809,0.0,0.0,,-0.1594389579863099,5.957180885975219
2932,NVB,453500.818126423,5678918.2705542,0.0,0.0,0.0,0.0,7.894659519195557,,1.0131944417953491,0.0,0.0,,-0.2026471235809278,5.980813995571992
2933,NVB,453501.34111008,5678917.64662479,0.0,0.0,0.0,0.0,3.1333394050598145,,1.0076932907104492,0.0,0.0,,-0.1912697391764485,5.843574040166791
2934,NVB,453501.863779055,5678917.0759623,0.0,0.0,0.0,0.0,2.5874476432800293,,1.0094128847122192,0.0,0.0,,-0.216556000754921,6.091599137087384
2935,NVB,453502.386402076,5678916.51306786,0.0,0.0,0.0,0.0,1.327441930770874,,1.0051549673080444,0.0,0.0,,-0.2130104858092484,6.086156391958192
2936,NVB,453502.908985699,5678915.95683177,0.0,0.0,0.0,0.0,5.070018768310547,,1.0187934637069702,0.0,0.0,,-0.1859305243755021,5.993537976923783
2937,NVB,453503.440708912,5678915.31852686,0.0,0.0,0.0,0.0,2.8703527450561523,,1.0042306184768677,0.0,0.0,,-0.2017535196427807,6.149189948846379
2938,NVB,453503.946245194,5678914.71779935,0.0,0.0,0.0,0.0,2.9211294651031494,,1.0188506841659546,0.0,0.0,,-0.196009320645048,5.967521208737476
2939,NVB,453504.477804397,5678914.10723758,0.0,0.0,0.0,0.0,6.617398262023926,,1.0134599208831787,0.0,0.0,,-0.2058101107668109,5.674090327926142
2940,NVB,453504.991857562,5678913.52986539,0.0,0.0,0.0,0.0,2.630250930786133,,1.0204302072525024,0.0,0.0,,-0.2159931270160031,5.787418537357799
2941,NVB,453505.514473575,5678912.96808048,0.0,0.0,0.0,0.0,7.477311134338379,,1.0103093385696411,0.0,0.0,,-0.2171083956375555,5.703358962176724
2942,NVB,453506.028526591,5678912.39070823,0.0,0.0,0.0,0.0,8.030522346496582,,1.0231571197509766,0.0,0.0,,-0.193430421687644,5.7238620058687095
2943,NVB,453506.499332411,5678911.80864148,0.0,0.0,0.0,0.0,3.97289776802063,,1.0093460083007812,0.0,0.0,,-0.166701066403513,5.802808180414721
2944,NVB,453506.953143386,5678911.17320554,0.0,0.0,0.0,0.0,4.378575325012207,,1.0069282054901123,0.0,0.0,,-0.1619648917514144,5.816735181054815
2945,NVB,453507.406672498,5678910.58548788,0.0,0.0,0.0,0.0,4.947545528411865,,1.0116150379180908,0.0,0.0,,-0.1764734385194041,5.769134841434436
2946,NVB,453507.868541646,5678910.05108825,0.0,0.0,0.0,0.0,1.9333162307739256,,1.0112122297286987,0.0,0.0,,-0.1526358737763629,5.619637958627323
2947,NVB,453508.339314423,5678909.47457003,0.0,0.0,0.0,0.0,0.8325676918029785,,1.0111653804779053,0.0,0.0,,-0.1356928411381084,5.3751757089937895
2948,NVB,453508.801799447,5678908.8358559,0.0,0.0,0.0,0.0,0.4712097346782684,,1.0110021829605105,0.0,0.0,,-0.131798021002093,5.439355377955614
2949,NVB,453509.298896499,5678908.1984559,0.0,0.0,0.0,0.0,6.304239749908447,,1.0063073635101318,0.0,0.0,,-0.1147585037845818,5.440150399695443
2950,NVB,453509.882186237,5678907.62149226,0.0,0.0,0.0,0.0,3.235836267471313,,1.0044111013412476,0.0,0.0,,-0.1171767697954785,5.86551590799762
2951,NVB,453510.508926136,5678907.01482144,0.0,0.0,0.0,0.0,2.840867042541504,,1.0082077980041504,0.0,0.0,,-0.1596153118730155,5.909942201953895
2952,NVB,453511.100870362,5678906.43790882,0.0,0.0,0.0,0.0,2.5580313205718994,,1.0072537660598757,0.0,0.0,,-0.1507227731602988,5.9592751612230535
2953,NVB,453511.580153187,5678905.88585553,0.0,0.0,0.0,0.0,1.5568125247955322,,1.0088766813278198,0.0,0.0,,-0.150867143973872,6.389373343705628
2954,NVB,453512.085911043,5678905.24739673,0.0,0.0,0.0,0.0,3.909101247787476,,1.0112345218658447,0.0,0.0,,-0.1449854886004933,6.381035917690483
2955,NVB,453512.400853475,5678904.67772649,0.0,0.0,0.0,0.0,2.857576608657837,,1.0044175386428833,0.0,0.0,,-0.1125644138562883,6.308962874270879
2956,NVB,453512.680810276,5678904.1699966,0.0,0.0,0.0,0.0,4.038528919219971,,1.0206005573272705,0.0,0.0,,-0.1195122598241245,6.519813064523275
2957,NVB,453513.152145878,5678903.49804148,0.0,0.0,0.0,0.0,1.1843347549438477,,1.017003059387207,0.0,0.0,,-0.1320925543172185,6.634647316935237
2958,NVB,453513.561994541,5678902.97887109,0.0,0.0,0.0,0.0,7.6637282371521,,1.010721206665039,0.0,0.0,,-0.1195680050392802,6.355958038537688
2959,NVB,453514.032648538,5678902.42232764,0.0,0.0,0.0,0.0,9.424115180969238,,1.0185827016830444,0.0,0.0,,-0.1381120580989098,6.116764116965302
2960,NVB,453514.607505632,5678901.80758179,0.0,0.0,0.0,0.0,9.591866493225098,,1.0161372423171997,0.0,0.0,,-0.1516337934420496,6.212371551997571
2961,NVB,453515.138774843,5678901.24584734,0.0,0.0,0.0,0.0,7.122925758361816,,1.019995093345642,0.0,0.0,,-0.1285064358755276,5.928617418613678
2962,NVB,453515.704590525,5678900.69652427,0.0,0.0,0.0,0.0,6.560764312744141,,1.0334392786026,0.0,0.0,,-0.15359081181842,6.376608017464276
2963,NVB,453516.279054233,5678900.14836199,0.0,0.0,0.0,0.0,4.270832538604736,,1.0090395212173462,0.0,0.0,,-0.1920324574239919,6.371993734951242
2964,NVB,453516.78432649,5678899.59202277,0.0,0.0,0.0,0.0,6.614060401916504,,1.0099650621414185,0.0,0.0,,-0.191870605412272,6.700665324221751
2965,NVB,453517.289723164,5678899.01459869,0.0,0.0,0.0,0.0,8.344348907470703,,1.0432497262954712,0.0,0.0,,-0.1779541868261761,6.648835519448626
2966,NVB,453517.786379936,5678898.45154994,0.0,0.0,0.0,0.0,4.988873481750488,,1.0050257444381714,0.0,0.0,,-0.2304459218240236,6.296007082595031
2967,NVB,453518.300273869,5678897.90081037,0.0,0.0,0.0,0.0,5.711773872375488,,1.0105581283569336,0.0,0.0,,-0.2332790365509342,6.023686012964357
2968,NVB,453518.779804646,5678897.30658698,0.0,0.0,0.0,0.0,3.4172770977020264,,1.0093821287155151,0.0,0.0,,-0.2062766919225889,5.337295623489249
2969,NVB,453519.173162289,5678896.64859809,0.0,0.0,0.0,0.0,2.5697174072265625,,1.0048996210098269,0.0,0.0,,-0.2199073312872549,4.799316578147457
2970,NVB,453519.574814173,5678896.05169532,0.0,0.0,0.0,0.0,3.3212029933929443,,1.0034425258636477,0.0,0.0,,-0.2185989580117088,4.531943963496455
2971,NVB,453520.028072866,5678895.50947579,0.0,0.0,0.0,0.0,1.2346988916397097,,1.0051774978637695,0.0,0.0,,-0.2218325127506361,4.38154162842689
2972,NVB,453520.533632831,5678894.90430829,0.0,0.0,0.0,0.0,5.305690288543701,,1.0096609592437744,0.0,0.0,,-0.24539276223359,4.274273262116149
2973,NVB,453521.090950272,5678894.32830027,0.0,0.0,0.0,0.0,5.597357749938965,,1.0087387561798096,0.0,0.0,,-0.2523970036515189,3.902056469871338
2974,NVB,453521.700470683,5678893.70599018,0.0,0.0,0.0,0.0,2.236093759536743,,1.006723403930664,0.0,0.0,,-0.2168713640739441,4.042419722080402
2975,NVB,453522.240360737,5678893.14985499,0.0,0.0,0.0,0.0,3.3139162063598637,,1.0096884965896606,0.0,0.0,,-0.2333330931551022,4.029592842925474
2976,NVB,453522.736833353,5678892.61787833,0.0,0.0,0.0,0.0,4.162903785705566,,1.003745675086975,0.0,0.0,,-0.2862484871958746,3.610415526204207
2977,NVB,453523.233436926,5678892.06370706,0.0,0.0,0.0,0.0,4.616277694702148,,1.0065609216690063,0.0,0.0,,-0.2686454531778436,3.5796885021027185
2978,NVB,453523.712973529,5678891.46837364,0.0,0.0,0.0,0.0,5.744418621063232,,1.0088505744934082,0.0,0.0,,-0.2148383002511384,3.731177453339349
2979,NVB,453524.157904586,5678890.87061637,0.0,0.0,0.0,0.0,2.141741991043091,,1.009832501411438,0.0,0.0,,-0.1267895743926979,3.82937097613905
2980,NVB,453524.559523046,5678890.27926199,0.0,0.0,0.0,0.0,2.313033103942871,,1.0035183429718018,0.0,0.0,,-0.0750558491769664,3.65485000698864
2981,NVB,453524.943727345,5678889.70556106,0.0,0.0,0.0,0.0,1.7666521072387695,,1.0022977590560913,0.0,0.0,,0.0020914249470334,3.575327929020879
2982,NVB,453525.449515848,5678889.06155277,0.0,0.0,0.0,0.0,1.7112287282943726,,1.0015608072280884,0.0,0.0,,0.1020918710292049,3.742772351085216
2983,NVB,453526.058688313,5678888.49805794,0.0,0.0,0.0,0.0,1.0316373109817505,,1.0033749341964722,0.0,0.0,,0.1530862747698104,3.800152691527219
2984,NVB,453526.659245358,5678887.92785361,0.0,0.0,0.0,0.0,3.891907215118408,,1.0080219507217407,0.0,0.0,,0.131128393775875,4.070262441553569
2985,NVB,453527.233812187,5678887.36193488,0.0,0.0,0.0,0.0,4.301677227020264,,1.0045082569122314,0.0,0.0,,0.1657442834688744,4.244079153073159
2986,NVB,453527.721865286,5678886.7899566,0.0,0.0,0.0,0.0,2.0165600776672363,,1.009047508239746,0.0,0.0,,0.1625372127162855,4.201038640196127
2987,NVB,453528.071450629,5678886.21605117,0.0,0.0,0.0,0.0,1.5846426486968994,,1.0045229196548462,0.0,0.0,,0.2160773800985347,4.151125992677327
2988,NVB,453528.46424361,5678885.65349844,0.0,0.0,0.0,0.0,2.756476640701294,,1.0069741010665894,0.0,0.0,,0.2520346010723848,4.180401576185564
2989,NVB,453528.969540287,5678885.09271953,0.0,0.0,0.0,0.0,4.0437116622924805,,1.003679871559143,0.0,0.0,,0.3361024624348221,4.367019257059659
2990,NVB,453529.544296707,5678884.49461852,0.0,0.0,0.0,0.0,7.428313732147217,,1.0101468563079834,0.0,0.0,,0.3601234104566667,4.205466483372641
2991,NVB,453530.075609546,5678883.92511497,0.0,0.0,0.0,0.0,5.779468059539795,,1.007091045379639,0.0,0.0,,0.3910779542913,4.187962837585183
2992,NVB,453530.546202298,5678883.37855809,0.0,0.0,0.0,0.0,4.554020881652832,,1.011526107788086,0.0,0.0,,0.3944187641349325,4.189283384905802
2993,NVB,453531.112762344,5678882.70272491,0.0,0.0,0.0,0.0,7.00548267364502,,1.0156195163726809,0.0,0.0,,0.4074734083194851,4.297538622461572
2994,NVB,453531.609587411,5678882.11082236,0.0,0.0,0.0,0.0,4.799525737762451,,1.0151071548461914,0.0,0.0,,0.3912370882048075,4.311017057504715
2995,NVB,453532.080369903,5678881.53208327,0.0,0.0,0.0,0.0,4.776470184326172,,1.0102200508117676,0.0,0.0,,0.3808856227585184,4.364131891246778
2996,NVB,453532.516658234,5678880.932055,0.0,0.0,0.0,0.0,1.8182412385940552,,1.0084916353225708,0.0,0.0,,0.296285155906227,4.253885079907031
2997,NVB,453532.996553711,5678880.27568596,0.0,0.0,0.0,0.0,4.200135231018066,,1.0060327053070068,0.0,0.0,,0.1982473154832172,4.249445198489927
2998,NVB,453533.458871302,5678879.66471359,0.0,0.0,0.0,0.0,4.306872367858887,,1.006191372871399,0.0,0.0,,0.1652425774924173,4.3798353909169
2999,NVB,453533.973096961,5678879.05737687,0.0,0.0,0.0,0.0,0.3514771163463592,,1.0189813375473022,0.0,0.0,,0.1662426584721392,4.349416092297948
3000,NVB,453534.547865664,5678878.45705603,0.0,0.0,0.0,0.0,2.03922176361084,,1.0008600950241089,0.0,0.0,,0.1889943639504141,4.343239341054516
3001,NVB,453535.165868133,5678877.86364892,0.0,0.0,0.0,0.0,2.3985471725463867,,1.0031044483184814,0.0,0.0,,0.195656077946704,4.604002921412711
3002,NVB,453535.69733731,5678877.26751152,0.0,0.0,0.0,0.0,2.1689577102661133,,1.001746654510498,0.0,0.0,,0.1737489959753178,4.504850383594253
3003,NVB,453536.176852436,5678876.67550653,0.0,0.0,0.0,0.0,3.667504787445069,,1.0041303634643557,0.0,0.0,,0.1942941509816999,4.20678393314992
3004,NVB,453536.699961547,5678876.02938022,0.0,0.0,0.0,0.0,0.6870677471160889,,1.0012657642364502,0.0,0.0,,0.2739559393162915,3.7285051642887135
3005,NVB,453537.170808799,5678875.43954355,0.0,0.0,0.0,0.0,1.871316075325012,,1.0034537315368652,0.0,0.0,,0.3013888960623107,3.616836630693301
3006,NVB,453537.58078542,5678874.89817735,0.0,0.0,0.0,0.0,1.9206995964050293,,1.0016487836837769,0.0,0.0,,0.2943840438554323,3.4744396227517003
3007,NVB,453538.034329831,5678874.30712875,0.0,0.0,0.0,0.0,2.895112991333008,,1.0028603076934814,0.0,0.0,,0.3025468430105043,3.657319861274432
3008,NVB,453538.496555,5678873.71169228,0.0,0.0,0.0,0.0,4.631552219390869,,1.0058996677398682,0.0,0.0,,0.299174758824155,4.348006067862764
3009,NVB,453539.002498557,5678873.04104964,0.0,0.0,0.0,0.0,2.1689577102661133,,1.0077894926071167,0.0,0.0,,0.2938964680794778,4.668565663101352
3010,NVB,453539.438792449,5678872.43991125,0.0,0.0,0.0,0.0,5.396181106567383,,1.0211855173110962,0.0,0.0,,0.2396103090319188,4.697957884508035
3011,NVB,453539.883577177,5678871.86656711,0.0,0.0,0.0,0.0,3.348297595977783,,1.0121909379959106,0.0,0.0,,0.1617877551025592,4.253456567364879
3012,NVB,453540.406397523,5678871.2692686,0.0,0.0,0.0,0.0,3.7613635063171382,,1.005286693572998,0.0,0.0,,0.1485020059729991,4.180749210583947
3013,NVB,453541.033256625,5678870.64151053,0.0,0.0,0.0,0.0,3.637686967849731,,1.0027170181274414,0.0,0.0,,0.1384790558719305,4.299086637997609
3014,NVB,453541.547258462,5678870.07190406,0.0,0.0,0.0,0.0,2.335496187210083,,1.0026625394821167,0.0,0.0,,0.1103075687338914,4.324312977989581
3015,NVB,453541.991938127,5678869.51631546,0.0,0.0,0.0,0.0,2.231005907058716,,1.001224398612976,0.0,0.0,,0.0861784891272409,4.176798832334545
3016,NVB,453542.402117121,5678868.94054744,0.0,0.0,0.0,0.0,2.3123996257781982,,1.0049078464508057,0.0,0.0,,0.1163776942450121,4.07071456022422
3017,NVB,453542.77770377,5678868.3601362,0.0,0.0,0.0,0.0,4.986602783203125,,1.0119073390960691,0.0,0.0,,0.1115724479739217,3.660051193430769
3018,NVB,453543.309269963,5678867.74735237,0.0,0.0,0.0,0.0,2.6977999210357666,,1.0021575689315796,0.0,0.0,,0.1811284997870606,3.5550695570479265
3019,NVB,453543.918459157,5678867.18052698,0.0,0.0,0.0,0.0,3.2626516819000244,,1.008482575416565,0.0,0.0,,0.2845689956840684,3.5658443606938395
3020,NVB,453544.518443596,5678866.70686765,0.0,0.0,0.0,0.0,1.0308668613433838,,1.004970908164978,0.0,0.0,,0.3450200197209129,3.7235483638779407
3021,NVB,453545.144156079,5678866.27331168,0.0,0.0,0.0,0.0,1.9949560165405276,,1.0052313804626465,0.0,0.0,,0.3926775701297609,3.5766338051212165
3022,NVB,453545.795662093,5678865.86876181,0.0,0.0,0.0,0.0,0.9824421405792236,,1.0022201538085938,0.0,0.0,,0.4584948433872477,3.3973005949818464
3023,NVB,453546.412359682,5678865.49618973,0.0,0.0,0.0,0.0,3.630746841430664,,1.00310218334198,0.0,0.0,,0.5065039542842289,3.5279715634050794
3024,NVB,453546.994268499,5678865.15226627,0.0,0.0,0.0,0.0,3.268944501876831,,1.009838342666626,0.0,0.0,,0.5250575464587609,3.573675239702512
3025,NVB,453547.602317909,5678864.77853331,0.0,0.0,0.0,0.0,3.630708694458008,,1.0043981075286863,0.0,0.0,,0.5373666740023179,3.544773760940706
3026,NVB,453548.210445829,5678864.39148355,0.0,0.0,0.0,0.0,5.807210922241211,,1.005810022354126,0.0,0.0,,0.5035219122323765,4.132905015964876
3027,NVB,453548.913951243,5678863.9750328,0.0,0.0,0.0,0.0,5.414743900299072,,1.0113637447357178,0.0,0.0,,0.4828210933258364,4.262456878607442
3028,NVB,453549.617312537,5678863.58299601,0.0,0.0,0.0,0.0,4.167885780334473,,1.0053482055664062,0.0,0.0,,0.487359258969693,4.250830831550944
3029,NVB,453550.320641023,5678863.19650779,0.0,0.0,0.0,0.0,2.172549247741699,,1.03169846534729,0.0,0.0,,0.440463425495499,4.137922427908693
3030,NVB,453551.00651617,5678862.83433141,0.0,0.0,0.0,0.0,5.106685638427734,,1.00441312789917,0.0,0.0,,0.4271815568529531,4.043233045121519
3031,NVB,453551.674924891,5678862.49868632,0.0,0.0,0.0,0.0,4.392611026763916,,1.0047454833984375,0.0,0.0,,0.3800717517213884,3.766230384855896
3032,NVB,453552.386390564,5678862.19991751,0.0,0.0,0.0,0.0,2.954892158508301,,1.0031980276107788,0.0,0.0,,0.300357012742056,3.5494109397224194
3033,NVB,453553.097581206,5678861.94775722,0.0,0.0,0.0,0.0,1.456914305686951,,1.0019235610961914,0.0,0.0,,0.269777318877223,3.076292204029696
3034,NVB,453553.782670479,5678861.71874798,0.0,0.0,0.0,0.0,1.3612127304077148,,1.0010080337524414,0.0,0.0,,0.2047793728789405,2.603984033950204
3035,NVB,453554.485101667,5678861.48429215,0.0,0.0,0.0,0.0,1.919966220855713,,1.0073022842407229,0.0,0.0,,0.1431988164459457,2.550667274186317
3036,NVB,453555.265561805,5678861.22699149,0.0,0.0,0.0,0.0,0.7654370069503784,,1.0038732290267944,0.0,0.0,,0.0576872830249216,2.6268696766455584
3037,NVB,453556.045871318,5678860.9952145,0.0,0.0,0.0,0.0,1.382844090461731,,1.0008130073547363,0.0,0.0,,0.0147476969843685,2.5623612536381497
3038,NVB,453556.800164576,5678860.77216209,0.0,0.0,0.0,0.0,1.9818809032440183,,1.003706693649292,0.0,0.0,,-0.0094197552012735,2.624080972375608
3039,NVB,453557.589279174,5678860.51491225,0.0,0.0,0.0,0.0,2.844818115234375,,1.0035916566848757,0.0,0.0,,-0.0047611118546834,2.6286554943453906
3040,NVB,453558.33513376,5678860.25518761,0.0,0.0,0.0,0.0,0.889238178730011,,1.0016515254974363,0.0,0.0,,-0.0160581851250755,2.7063523092107977
3041,NVB,453559.159056538,5678859.96595971,0.0,0.0,0.0,0.0,3.887672185897827,,1.0067096948623655,0.0,0.0,,-0.0354676413632168,2.7269143727661067
3042,NVB,453559.930861757,5678859.70860754,0.0,0.0,0.0,0.0,1.910005807876587,,1.0054283142089844,0.0,0.0,,-0.0300139731824791,2.757476784805378
3043,NVB,453560.693946852,5678859.46230152,0.0,0.0,0.0,0.0,0.8836015462875366,,1.002368688583374,0.0,0.0,,-0.0530179987262642,2.5685172195184216
3044,NVB,453561.422334913,5678859.22910796,0.0,0.0,0.0,0.0,1.6189260482788086,,1.0113015174865725,0.0,0.0,,-0.1063427378788824,2.363519598882282
3045,NVB,453562.124752549,5678858.99687091,0.0,0.0,0.0,0.0,3.5436079502105717,,1.0039864778518677,0.0,0.0,,-0.1238253410298024,2.251850391746552
3046,NVB,453562.861775494,5678858.76705745,0.0,0.0,0.0,0.0,0.8485249280929565,,1.007394552230835,0.0,0.0,,-0.109041236354821,2.055403779256572
3047,NVB,453563.615976699,5678858.55954059,0.0,0.0,0.0,0.0,0.715978741645813,,1.003294587135315,0.0,0.0,,-0.1008361070414963,1.99751417229696
3048,NVB,453564.335637977,5678858.33850272,0.0,0.0,0.0,0.0,2.39577865600586,,1.0034960508346558,0.0,0.0,,-0.1334716014837861,2.002553576936981
3049,NVB,453565.124882982,5678858.05905757,0.0,0.0,0.0,0.0,0.5662315487861633,,1.0009957551956177,0.0,0.0,,-0.1331907036340067,1.9665142024221685
3050,NVB,453565.836099009,5678857.80245722,0.0,0.0,0.0,0.0,1.7966196537017822,,1.003745198249817,0.0,0.0,,-0.1345683897766583,2.090003448123737
3051,NVB,453566.590581481,5678857.54722176,0.0,0.0,0.0,0.0,1.3032877445220947,,1.0047696828842163,0.0,0.0,,-0.1219955897079901,2.1336168102781183
3052,NVB,453567.371034273,5678857.29102963,0.0,0.0,0.0,0.0,0.4507594108581543,,1.0016809701919556,0.0,0.0,,-0.0562900012650573,2.167613619773481
3053,NVB,453568.203453925,5678857.02848531,0.0,0.0,0.0,0.0,1.7536720037460327,,1.0013834238052368,0.0,0.0,,-0.019533621985571,2.198797739587183
3054,NVB,453569.06176535,5678856.77830105,0.0,0.0,0.0,0.0,0.9940129518508912,,1.000981092453003,0.0,0.0,,-0.0228633181479026,2.229223830120225
3055,NVB,453569.824725515,5678856.55307898,0.0,0.0,0.0,0.0,1.1198235750198364,,1.0009589195251465,0.0,0.0,,-0.0521328343183854,2.316260152714721
3056,NVB,453570.561715272,5678856.32881345,0.0,0.0,0.0,0.0,3.2039387226104736,,1.0040634870529177,0.0,0.0,,-0.0936208746214241,2.4583893035363324
3057,NVB,453571.281598654,5678856.07004419,0.0,0.0,0.0,0.0,2.2730414867401123,,1.0279927253723145,0.0,0.0,,-0.136623703667033,2.6296033759128044
3058,NVB,453571.914857396,5678855.82408122,0.0,0.0,0.0,0.0,2.705718278884888,,1.0046831369400024,0.0,0.0,,-0.173713991530887,2.853150093872204
3059,NVB,453572.504699098,5678855.60227703,0.0,0.0,0.0,0.0,2.299898386001587,,1.0041780471801758,0.0,0.0,,-0.1764352236783117,3.007271586565156
3060,NVB,453573.224628155,5678855.33573949,0.0,0.0,0.0,0.0,1.223227620124817,,1.0110529661178589,0.0,0.0,,-0.1674032535582358,3.1903379275222776
3061,NVB,453573.961912186,5678855.06153588,0.0,0.0,0.0,0.0,1.4031468629837036,,1.0043655633926392,0.0,0.0,,-0.120784483288826,3.2630249832056077
3062,NVB,453574.881139179,5678854.7551121,0.0,0.0,0.0,0.0,1.309564471244812,,1.0041362047195437,0.0,0.0,,-0.1045955565073628,3.337476037653581
3063,NVB,453575.730762809,5678854.51042471,0.0,0.0,0.0,0.0,2.99697494506836,,1.0028802156448364,0.0,0.0,,-0.0807667430072749,3.3016887859619977
3064,NVB,453576.493611313,5678854.30406738,0.0,0.0,0.0,0.0,3.072995662689209,,1.003551721572876,0.0,0.0,,-0.1045853927290831,3.305461628668419
3065,NVB,453577.273886767,5678854.07783693,0.0,0.0,0.0,0.0,1.308952569961548,,1.0055207014083862,0.0,0.0,,-0.1132595322096009,3.261287606593521
3066,NVB,453578.036970755,5678853.83152924,0.0,0.0,0.0,0.0,2.271662950515747,,1.0070586204528809,0.0,0.0,,-0.1267544966490782,3.2800695314117068
3067,NVB,453578.765403563,5678853.59056598,0.0,0.0,0.0,0.0,6.652743339538574,,1.0320552587509155,0.0,0.0,,-0.1407455210653321,3.5045300940059314
3068,NVB,453579.502425494,5678853.36075098,0.0,0.0,0.0,0.0,4.136416912078857,,1.01216459274292,0.0,0.0,,-0.1719814570294145,3.421087962945556
3069,NVB,453580.248036551,5678853.14208421,0.0,0.0,0.0,0.0,2.1203691959381104,,1.0048538446426392,0.0,0.0,,-0.1692168744251481,3.40320786528615
3070,NVB,453580.985006053,5678852.92114689,0.0,0.0,0.0,0.0,6.046655178070068,,1.0144362449645996,0.0,0.0,,-0.1635603032545481,3.2535873540469864
3071,NVB,453581.756907984,5678852.64714666,0.0,0.0,0.0,0.0,2.5381972789764404,,1.0032209157943726,0.0,0.0,,-0.0965259173995378,3.048567840016806
3072,NVB,453582.476810277,5678852.3850472,0.0,0.0,0.0,0.0,2.76373553276062,,1.0097055435180664,0.0,0.0,,-0.0347373642339555,2.782377764904428
3073,NVB,453583.153190887,5678852.16486222,0.0,0.0,0.0,0.0,2.912704467773437,,1.0076179504394531,0.0,0.0,,-0.0054523755472978,2.654310237063008
3074,NVB,453583.847024601,5678851.92036521,0.0,0.0,0.0,0.0,0.988270938396454,,1.0022695064544678,0.0,0.0,,0.0217274570565796,2.5377347872634712
3075,NVB,453584.558213271,5678851.66820208,0.0,0.0,0.0,0.0,1.84260892868042,,1.0016283988952637,0.0,0.0,,-0.0069024938221126,2.414463334080931
3076,NVB,453585.364484737,5678851.43657528,0.0,0.0,0.0,0.0,2.0454888343811035,,1.001528263092041,0.0,0.0,,-0.0451425531896814,2.3142369505878766
3077,NVB,453586.170631851,5678851.22603322,0.0,0.0,0.0,0.0,1.871310234069824,,1.0019235610961914,0.0,0.0,,-0.0795481477931968,2.1642615691738807
3078,NVB,453586.95107027,5678850.97205862,0.0,0.0,0.0,0.0,0.2815744578838348,,1.001958250999451,0.0,0.0,,-0.1220222377316927,2.100784364339178
3079,NVB,453587.653630318,5678850.71540528,0.0,0.0,0.0,0.0,0.5886333584785461,,1.0056663751602173,0.0,0.0,,-0.1581043271521222,2.057053778251457
3080,NVB,453588.373375224,5678850.47993876,0.0,0.0,0.0,0.0,3.1269466876983643,,1.0040018558502195,0.0,0.0,,-0.1558640886902415,2.0352599085136256
3081,NVB,453589.153610693,5678850.26036551,0.0,0.0,0.0,0.0,2.482019186019897,,1.0021814107894895,0.0,0.0,,-0.1274170847833603,2.0524408596370294
3082,NVB,453589.933885365,5678850.03413382,0.0,0.0,0.0,0.0,0.6113520860671997,,1.0033445358276367,0.0,0.0,,-0.0942343670859383,1.9842128467404327
3083,NVB,453590.670867375,5678849.81097614,0.0,0.0,0.0,0.0,1.2565126419067385,,1.0010645389556885,0.0,0.0,,-0.0998374262745961,1.908838988144084
3084,NVB,453591.399240534,5678849.57999928,0.0,0.0,0.0,0.0,1.976212859153748,,1.0013477802276611,0.0,0.0,,-0.1372930193130518,1.9822754489600327
3085,NVB,453592.170997847,5678849.33041205,0.0,0.0,0.0,0.0,0.2792282104492187,,1.0026814937591553,0.0,0.0,,-0.1521305746539057,1.9700901094568928
3086,NVB,453592.91675207,5678849.08733007,0.0,0.0,0.0,0.0,1.9643914699554443,,1.0014581680297852,0.0,0.0,,-0.1558856586368382,2.072518394769015
3087,NVB,453593.619285586,5678848.83511512,0.0,0.0,0.0,0.0,0.4003540575504303,,1.0023887157440186,0.0,0.0,,-0.1625283078675935,2.158566089985233
3088,NVB,453594.32189755,5678848.56958337,0.0,0.0,0.0,0.0,3.858457326889038,,1.004510760307312,0.0,0.0,,-0.1477147110639043,2.308020923621488
3089,NVB,453595.197594874,5678848.30618155,0.0,0.0,0.0,0.0,2.694955587387085,,1.0097205638885498,0.0,0.0,,-0.1047053197316164,2.533643404913676
3090,NVB,453596.0211487,5678848.0790946,0.0,0.0,0.0,0.0,2.446082830429077,,1.002920389175415,0.0,0.0,,-0.0369350100627513,2.7352789499801307
3091,NVB,453596.84471556,5678847.8497881,0.0,0.0,0.0,0.0,2.293476819992065,,1.0026609897613523,0.0,0.0,,-0.0066473539456925,2.8329939871757226
3092,NVB,453597.460532808,5678847.62591562,0.0,0.0,0.0,0.0,3.5954549312591557,,1.0063380002975464,0.0,0.0,,0.0378042276087025,3.062998448784442
3093,NVB,453598.11985847,5678847.36234793,0.0,0.0,0.0,0.0,1.4631760120391846,,1.014144778251648,0.0,0.0,,0.0780850956749903,3.231724519589201
3094,NVB,453598.909192705,5678847.06736322,0.0,0.0,0.0,0.0,2.773132801055908,,1.011833906173706,0.0,0.0,,0.0972266888067169,3.4520879451640525
3095,NVB,453599.654926873,5678846.82760979,0.0,0.0,0.0,0.0,0.4693950712680816,,1.006366491317749,0.0,0.0,,0.1031322290689952,3.487082346568679
3096,NVB,453600.443796625,5678846.61141562,0.0,0.0,0.0,0.0,1.0949859619140625,,1.0068891048431396,0.0,0.0,,0.0577268682185654,3.659155211120241
3097,NVB,453601.258800164,5678846.36652146,0.0,0.0,0.0,0.0,3.1392078399658203,,1.0163599252700806,0.0,0.0,,0.0416201673594518,3.711970958225704
3098,NVB,453602.022033049,5678846.0946877,0.0,0.0,0.0,0.0,1.201616644859314,,1.0087511539459229,0.0,0.0,,0.0456026758713914,3.619028821014476
3099,NVB,453602.759236693,5678845.83379813,0.0,0.0,0.0,0.0,3.2111549377441406,,1.0064449310302734,0.0,0.0,,0.0380807191730867,3.6525695439702535
3100,NVB,453603.487851097,5678845.56176021,0.0,0.0,0.0,0.0,0.3281594812870025,,1.0028244256973269,0.0,0.0,,-0.0498450724190524,3.7323718582521006
3101,NVB,453604.181696654,5678845.31504196,0.0,0.0,0.0,0.0,4.308932781219482,,1.021845817565918,0.0,0.0,,-0.1115755528516602,4.095780523429393
3102,NVB,453604.884157521,5678845.07503302,0.0,0.0,0.0,0.0,4.299344539642334,,1.0070751905441284,0.0,0.0,,-0.1415370380228214,4.30230998715368
3103,NVB,453605.61247095,5678844.8540424,0.0,0.0,0.0,0.0,1.859214305877685,,1.0081167221069336,0.0,0.0,,-0.1503996020784863,4.520081844571158
3104,NVB,453606.392711898,5678844.63335773,0.0,0.0,0.0,0.0,12.273036003112791,,1.08514142036438,0.0,0.0,,-0.180793027668548,4.701100931770687
3105,NVB,453607.181692408,5678844.3982975,0.0,0.0,0.0,0.0,4.569346904754639,,1.015053153038025,0.0,0.0,,-0.1782005220528052,4.944207519780808
3106,NVB,453607.936008722,5678844.17080131,0.0,0.0,0.0,0.0,2.5601747035980225,,1.0055601596832275,0.0,0.0,,-0.1363850331794884,5.230405492459108
3107,NVB,453608.707496853,5678843.96671132,0.0,0.0,0.0,0.0,2.7814648151397705,,1.0142382383346558,0.0,0.0,,-0.0855957661759976,5.545453990618289
3108,NVB,453609.479004558,5678843.75929208,0.0,0.0,0.0,0.0,2.5279335975646973,,1.022851586341858,0.0,0.0,,-0.0565238940747278,5.489160412660634
3109,NVB,453610.259330292,5678843.52418055,0.0,0.0,0.0,0.0,3.5453882217407227,,1.0043272972106934,0.0,0.0,,-0.0605888943820041,5.487680908104131
3110,NVB,453611.01394722,5678843.24563656,0.0,0.0,0.0,0.0,13.143729209899902,,1.0718791484832764,0.0,0.0,,-0.0311757714859618,5.599135127784412
3111,NVB,453611.707929646,5678842.97561335,0.0,0.0,0.0,0.0,4.555258750915527,,1.0399653911590576,0.0,0.0,,-0.0292050897307049,5.920632087042879
3112,NVB,453612.384465525,5678842.72879239,0.0,0.0,0.0,0.0,5.12955379486084,,1.0103347301483154,0.0,0.0,,-0.0307577674577387,5.987233354538495
3113,NVB,453613.191075233,5678842.43945688,0.0,0.0,0.0,0.0,5.072179317474365,,1.021060824394226,0.0,0.0,,-0.0648868517011689,5.802105817964054
3114,NVB,453613.919630099,5678842.17740555,0.0,0.0,0.0,0.0,3.844347476959229,,1.007128119468689,0.0,0.0,,-0.0802816161523817,5.606666018588113
3115,NVB,453614.656649896,5678841.94758727,0.0,0.0,0.0,0.0,0.6903998851776123,,1.0084342956542969,0.0,0.0,,-0.0550433011012384,5.594715959220629
3116,NVB,453615.38495621,5678841.72770548,0.0,0.0,0.0,0.0,0.7636885046958923,,1.0747580528259275,0.0,0.0,,-0.0479580175275516,5.541615365440715
3117,NVB,453616.22588984,5678841.48851139,0.0,0.0,0.0,0.0,4.687146186828613,,1.0211697816848757,0.0,0.0,,-0.0772306682763547,5.439009341367727
3118,NVB,453617.023445861,5678841.26681791,0.0,0.0,0.0,0.0,3.9509313106536874,,1.0147117376327517,0.0,0.0,,-0.0545435254707935,5.341714743113187
3119,NVB,453617.699883351,5678841.03664242,0.0,0.0,0.0,0.0,0.2929087579250335,,1.0118961334228516,0.0,0.0,,-0.071370647395646,5.446599883083279
3120,NVB,453618.497766176,5678840.75946239,0.0,0.0,0.0,0.0,4.96081018447876,,1.0106629133224487,0.0,0.0,,-0.1017062072990067,5.461382482112863
3121,NVB,453619.217607278,5678840.50734714,0.0,0.0,0.0,0.0,4.025006294250488,,1.022809624671936,0.0,0.0,,-0.1207003584162377,5.120988174920761
3122,NVB,453619.919936488,5678840.28953143,0.0,0.0,0.0,0.0,4.690243244171143,,1.0094518661499023,0.0,0.0,,-0.1013139198500801,4.517535689066072
3123,NVB,453620.700307314,5678840.04665077,0.0,0.0,0.0,0.0,5.256458282470703,,1.016190767288208,0.0,0.0,,-0.0809235880038614,3.9765151950518702
3124,NVB,453621.47201043,5678839.80593851,0.0,0.0,0.0,0.0,3.6150870323181152,,1.0038080215454102,0.0,0.0,,-0.0759182212648856,3.6621010974635393
3125,NVB,453622.269657646,5678839.56870831,0.0,0.0,0.0,0.0,1.437962770462036,,1.0170176029205322,0.0,0.0,,-0.0445147954177204,3.518030761974116
3126,NVB,453623.032673395,5678839.33349356,0.0,0.0,0.0,0.0,2.246586322784424,,1.0030263662338257,0.0,0.0,,-0.0555701329653605,3.4081889520626927
3127,NVB,453623.769777627,5678839.08924796,0.0,0.0,0.0,0.0,0.9613629579544068,,1.0086445808410645,0.0,0.0,,-0.0262265101009499,3.3940843044138105
3128,NVB,453624.498266451,5678838.83829294,0.0,0.0,0.0,0.0,2.995514392852783,,1.0054069757461548,0.0,0.0,,-0.0039405191622914,3.397634318700575
3129,NVB,453625.269910495,5678838.60756787,0.0,0.0,0.0,0.0,4.510350227355957,,1.0178366899490356,0.0,0.0,,-0.0046968204015342,3.459776227014284
3130,NVB,453626.024219175,5678838.38117967,0.0,0.0,0.0,0.0,3.5502376556396484,,1.0098724365234375,0.0,0.0,,-0.0052994153861315,3.3269435259011653
3131,NVB,453626.804896841,5678838.08614119,0.0,0.0,0.0,0.0,0.3948311507701874,,1.0163660049438477,0.0,0.0,,-0.0373122137659174,3.357678322693873
3132,NVB,453627.542196936,5678837.80860339,0.0,0.0,0.0,0.0,1.643895983695984,,1.0140650272369385,0.0,0.0,,-0.0879869244696028,3.273807601778862
3133,NVB,453628.331032297,5678837.59795508,0.0,0.0,0.0,0.0,0.8909159302711487,,1.013256549835205,0.0,0.0,,-0.0787431731095313,3.0570199547379584
3134,NVB,453629.163127469,5678837.38978103,0.0,0.0,0.0,0.0,3.597215175628662,,1.0070286989212036,0.0,0.0,,-0.0862638611930216,2.952068607478051
3135,NVB,453629.882765286,5678837.17206638,0.0,0.0,0.0,0.0,1.20379376411438,,1.005683422088623,0.0,0.0,,-0.0771975110551898,2.682807420131597
3136,NVB,453630.585231152,5678836.93094543,0.0,0.0,0.0,0.0,0.3868237137794494,,1.0053445100784302,0.0,0.0,,-0.0989313045900422,2.543150140591857
3137,NVB,453631.287677366,5678836.6931536,0.0,0.0,0.0,0.0,2.7210772037506104,,1.0082271099090576,0.0,0.0,,-0.0888918270859621,2.364157605752554
3138,NVB,453632.024859517,5678836.43559049,0.0,0.0,0.0,0.0,1.407676100730896,,1.0105595588684082,0.0,0.0,,-0.0783564900144421,2.2379954946257734
3139,NVB,453632.73596676,5678836.19673978,0.0,0.0,0.0,0.0,0.8537308573722839,,1.003196120262146,0.0,0.0,,-0.0785603684623198,2.078331603089284
3140,NVB,453633.524886782,5678835.97166448,0.0,0.0,0.0,0.0,0.8229619860649109,,1.0037857294082642,0.0,0.0,,-0.0683275504470596,2.053496393340032
3141,NVB,453634.270468483,5678835.75743154,0.0,0.0,0.0,0.0,1.0549548864364624,,1.0007059574127195,0.0,0.0,,-0.078963915992694,2.004003667768129
3142,NVB,453635.068095284,5678835.52352923,0.0,0.0,0.0,0.0,1.45094895362854,,1.001481294631958,0.0,0.0,,-0.1408166229273423,1.9937467634468944
3143,NVB,453635.87445504,5678835.27636108,0.0,0.0,0.0,0.0,3.2503366470336914,,1.0049792528152466,0.0,0.0,,-0.1377309724193023,1.945393456785408
3144,NVB,453636.663492512,5678835.03131036,0.0,0.0,0.0,0.0,2.0082175731658936,,1.0045431852340698,0.0,0.0,,-0.1259170388645321,1.9558892419362568
3145,NVB,453637.383371699,5678834.77253509,0.0,0.0,0.0,0.0,0.950830578804016,,1.003026843070984,0.0,0.0,,-0.10136297867454,2.0747827039103166
3146,NVB,453638.267988508,5678834.46368062,0.0,0.0,0.0,0.0,0.828481912612915,,1.0034323930740356,0.0,0.0,,-0.0952785706669351,2.174466271528396
3147,NVB,453638.970545356,5678834.20702272,0.0,0.0,0.0,0.0,2.8579816818237305,,1.0065162181854248,0.0,0.0,,-0.0900977543351413,2.2767130560895814
3148,NVB,453639.707772758,5678833.9416908,0.0,0.0,0.0,0.0,1.747696042060852,,1.005535364151001,0.0,0.0,,-0.0692616597201397,2.456574203897243
3149,NVB,453640.41035565,5678833.68059387,0.0,0.0,0.0,0.0,4.326815605163574,,1.0095040798187256,0.0,0.0,,-0.0768482323441198,2.6912466085485494
3150,NVB,453641.121638818,5678833.41177974,0.0,0.0,0.0,0.0,0.6792641878128052,,1.0064245462417605,0.0,0.0,,-0.094440441838827,2.893233985441133
3151,NVB,453641.858768054,5678833.16309354,0.0,0.0,0.0,0.0,2.232778549194336,,1.003425121307373,0.0,0.0,,-0.0785051103455307,3.2504182868338423
3152,NVB,453642.613284819,5678832.90119246,0.0,0.0,0.0,0.0,1.7649744749069214,,1.0094635486602783,0.0,0.0,,-0.0696501882950732,3.4697227096199064
3153,NVB,453643.341772447,5678832.65023571,0.0,0.0,0.0,0.0,6.763088703155518,,1.0214942693710327,0.0,0.0,,-0.0678426016927236,3.4715335647961143
3154,NVB,453644.078725116,5678832.43151196,0.0,0.0,0.0,0.0,2.764460563659668,,1.0169429779052734,0.0,0.0,,-0.0747489261296158,3.490989123537933
3155,NVB,453644.841563066,5678832.22625777,0.0,0.0,0.0,0.0,2.595088005065918,,1.0091898441314695,0.0,0.0,,-0.0563779739205026,3.5203487891035223
3156,NVB,453645.725715365,5678831.99619316,0.0,0.0,0.0,0.0,3.810101985931397,,1.0105353593826294,0.0,0.0,,-0.050200358768684,3.564573188693294
3157,NVB,453646.523223816,5678831.78226481,0.0,0.0,0.0,0.0,0.9557231068611144,,1.0044490098953247,0.0,0.0,,-0.0341321534421136,3.4446645126421216
3158,NVB,453647.251508663,5678831.56570927,0.0,0.0,0.0,0.0,1.1874467134475708,,1.004906177520752,0.0,0.0,,-0.0153689748379784,3.276235562897144
3159,NVB,453648.057867617,5678831.31853987,0.0,0.0,0.0,0.0,3.254969835281372,,1.0084872245788574,0.0,0.0,,-0.0443384735488885,3.15485395839978
3160,NVB,453648.855643812,5678831.05911242,0.0,0.0,0.0,0.0,2.8082311153411865,,1.0127626657485962,0.0,0.0,,-0.0374346752619269,3.2055209138579865
3161,NVB,453649.584026525,5678830.82591075,0.0,0.0,0.0,0.0,2.652700424194336,,1.0051428079605105,0.0,0.0,,-0.0553352187485535,3.065471072215923
3162,NVB,453650.399079108,5678830.5721337,0.0,0.0,0.0,0.0,2.536651372909546,,1.0072407722473145,0.0,0.0,,-0.0456108504448393,2.8181072813352475
3163,NVB,453651.09279769,5678830.34649616,0.0,0.0,0.0,0.0,1.1967846155166626,,1.00549054145813,0.0,0.0,,-0.0426171795363061,2.675315126026708
3164,NVB,453651.803910316,5678830.10653401,0.0,0.0,0.0,0.0,0.6369597315788269,,1.010840654373169,0.0,0.0,,-0.0597816593846078,2.5868139778725983
3165,NVB,453652.575735596,5678829.84473388,0.0,0.0,0.0,0.0,3.929241418838501,,1.003092885017395,0.0,0.0,,-0.0717061339010029,2.530716043838316
3166,NVB,453653.347586957,5678829.57849476,0.0,0.0,0.0,0.0,2.226072311401367,,1.0027035474777222,0.0,0.0,,-0.0708837045221473,2.550339305405404
3167,NVB,453654.10208338,5678829.31992177,0.0,0.0,0.0,0.0,1.4779956340789795,,1.002946376800537,0.0,0.0,,-0.0942467104224855,2.451132360261862
3168,NVB,453654.856684279,5678829.04359305,0.0,0.0,0.0,0.0,1.148073673248291,,1.008112549781799,0.0,0.0,,-0.0943875350107884,2.463253451990305
3169,NVB,453655.61127859,5678828.76837399,0.0,0.0,0.0,0.0,1.4329707622528076,,1.0080279111862185,0.0,0.0,,-0.0853468983371863,2.562746018801264
3170,NVB,453656.313958465,5678828.49062972,0.0,0.0,0.0,0.0,1.6480742692947388,,1.0032305717468262,0.0,0.0,,-0.0802331691835658,2.791926095324399
3171,NVB,453657.051295781,5678828.2064308,0.0,0.0,0.0,0.0,2.682802200317383,,1.0093947649002075,0.0,0.0,,-0.0638260325222405,2.810447151419098
3172,NVB,453657.918425531,5678827.9274349,0.0,0.0,0.0,0.0,3.293222427368164,,1.0151495933532717,0.0,0.0,,-0.0468390280572803,2.742137902904474
3173,NVB,453658.72477723,5678827.68137415,0.0,0.0,0.0,0.0,2.1777150630950928,,1.0034258365631104,0.0,0.0,,-0.0472856727800699,2.756791120213671
3174,NVB,453659.461637537,5678827.47818516,0.0,0.0,0.0,0.0,4.45703125,,1.0055170059204102,0.0,0.0,,-0.0577640381027477,2.818834622606225
3175,NVB,453660.189895486,5678827.26606734,0.0,0.0,0.0,0.0,0.6753581762313843,,1.0277880430221558,0.0,0.0,,-0.0484497130141053,2.954362910181968
3176,NVB,453660.909453098,5678827.06166661,0.0,0.0,0.0,0.0,0.5425092577934265,,1.0180529356002808,0.0,0.0,,-0.0075524902407114,2.9070686770763854
3177,NVB,453661.767712457,5678826.81924038,0.0,0.0,0.0,0.0,1.6846998929977417,,1.0028574466705322,0.0,0.0,,0.0285871900914159,3.0062890901954225
3178,NVB,453662.565246052,5678826.6008715,0.0,0.0,0.0,0.0,2.2468395233154297,,1.0022052526474,0.0,0.0,,0.0091908473040045,3.102004673635893
3179,NVB,453663.250113399,5678826.4084738,0.0,0.0,0.0,0.0,3.722146511077881,,1.0069208145141602,0.0,0.0,,0.0010790777095568,3.226660883619237
3180,NVB,453664.056562745,5678826.14576658,0.0,0.0,0.0,0.0,5.023561954498291,,1.0276458263397217,0.0,0.0,,-0.0031853821094907,3.283987646712868
3181,NVB,453664.793873428,5678825.86600586,0.0,0.0,0.0,0.0,3.744401216506958,,1.008649826049805,0.0,0.0,,-0.0162343459961662,3.301081568358012
3182,NVB,453665.531118745,5678825.59734234,0.0,0.0,0.0,0.0,2.435018301010132,,1.0029562711715698,0.0,0.0,,-0.0124742555025051,3.174466052250932
3183,NVB,453666.242419893,5678825.32519677,0.0,0.0,0.0,0.0,1.7434676885604858,,1.0032482147216797,0.0,0.0,,-0.0319949590274541,3.072921615208773
3184,NVB,453666.953832016,5678825.03418576,0.0,0.0,0.0,0.0,2.9865851402282715,,1.0035183429718018,0.0,0.0,,-0.0136710657427679,2.9925535708444797
3185,NVB,453667.639188939,5678824.75855807,0.0,0.0,0.0,0.0,1.0549589395523071,,1.015609622001648,0.0,0.0,,-0.0007267904381532,2.893629238215271
3186,NVB,453668.350150327,5678824.54411817,0.0,0.0,0.0,0.0,1.433186650276184,,1.0022248029708862,0.0,0.0,,-0.0162482308122372,2.8478190992463457
3187,NVB,453669.225639943,5678824.31510973,0.0,0.0,0.0,0.0,2.2231953144073486,,1.010782241821289,0.0,0.0,,-0.0331666584667274,2.6068155478810184
3188,NVB,453670.040325473,5678824.12347544,0.0,0.0,0.0,0.0,2.489351987838745,,1.003578782081604,0.0,0.0,,-0.0212774607959224,2.597328356265204
3189,NVB,453670.768413022,5678823.94020958,0.0,0.0,0.0,0.0,1.0168755054473877,,1.01569402217865,0.0,0.0,,0.0106494398091943,2.644235032483743
3190,NVB,453671.548865488,5678823.68289744,0.0,0.0,0.0,0.0,2.9024550914764404,,1.004231095314026,0.0,0.0,,0.0583606614043882,2.792668808146508
3191,NVB,453672.207977618,5678823.45483488,0.0,0.0,0.0,0.0,4.852856159210205,,1.006532073020935,0.0,0.0,,0.0525693372364468,2.869321004204428
3192,NVB,453672.919167318,5678823.20155409,0.0,0.0,0.0,0.0,1.4623898267745972,,1.0055028200149536,0.0,0.0,,0.0167978491816812,2.92836579224021
3193,NVB,453673.682441108,5678822.92194532,0.0,0.0,0.0,0.0,1.7776117324829102,,1.0046409368515017,0.0,0.0,,-0.0198495276401715,2.983234830024514
3194,NVB,453674.419600945,5678822.66770744,0.0,0.0,0.0,0.0,2.762655735015869,,1.0042022466659546,0.0,0.0,,-0.0246238834929679,3.0302635216136764
3195,NVB,453675.208740383,5678822.40489723,0.0,0.0,0.0,0.0,0.3737490475177765,,1.0039829015731812,0.0,0.0,,-0.034731088440775,2.9889230441677137
3196,NVB,453675.971922592,5678822.14082443,0.0,0.0,0.0,0.0,4.762447834014893,,1.0185991525650024,0.0,0.0,,-0.0123644317964274,3.031246392980917
3197,NVB,453676.67446401,5678821.88638265,0.0,0.0,0.0,0.0,2.4468820095062256,,1.0022988319396973,0.0,0.0,,0.0099974719063393,3.266255710653818
3198,NVB,453677.42901767,5678821.61781988,0.0,0.0,0.0,0.0,1.0715322494506836,,1.0270074605941772,0.0,0.0,,0.0141540375236574,3.374659398586298
3199,NVB,453678.157574931,5678821.3546529,0.0,0.0,0.0,0.0,3.6399800777435294,,1.0168819427490234,0.0,0.0,,0.0464604060846101,3.511478358749801
3200,NVB,453678.877510219,5678821.08588631,0.0,0.0,0.0,0.0,3.1886541843414307,,1.010141134262085,0.0,0.0,,0.0105148054150285,3.5583293582576103
3201,NVB,453679.640711761,5678820.81848397,0.0,0.0,0.0,0.0,3.3564372062683105,,1.0155867338180542,0.0,0.0,,-0.0084522233709075,3.5793744429274303
3202,NVB,453680.44697062,5678820.5879572,0.0,0.0,0.0,0.0,4.414762020111084,,1.0099785327911377,0.0,0.0,,0.0110954025777707,3.60961814854218
3203,NVB,453681.253124961,5678820.37518599,0.0,0.0,0.0,0.0,3.96836256980896,,1.0101064443588257,0.0,0.0,,0.001183370841782,3.4438732835203054
3204,NVB,453681.989899099,5678820.18642137,0.0,0.0,0.0,0.0,2.808027744293213,,1.005646586418152,0.0,0.0,,0.0118526813786895,3.1957575055207066
3205,NVB,453682.735458341,5678819.97551304,0.0,0.0,0.0,0.0,1.4155311584472656,,1.0037109851837158,0.0,0.0,,-0.0314077396498105,2.992034185997442
3206,NVB,453683.463649651,5678819.77449036,0.0,0.0,0.0,0.0,0.9966896176338196,,1.001594305038452,0.0,0.0,,-0.0195669157139368,2.922847613394878
3207,NVB,453684.23512028,5678819.57261246,0.0,0.0,0.0,0.0,0.8669735789299011,,1.0051058530807495,0.0,0.0,,-0.0207642260926511,3.0115479753004704
3208,NVB,453685.015251961,5678819.36967568,0.0,0.0,0.0,0.0,2.230116128921509,,1.0025969743728638,0.0,0.0,,-0.0395739137922852,3.1023338981029926
3209,NVB,453685.899388526,5678819.14182604,0.0,0.0,0.0,0.0,4.9271016120910645,,1.0125527381896973,0.0,0.0,,-0.0338356079964193,3.162784374461698
3210,NVB,453686.679722497,5678818.90448751,0.0,0.0,0.0,0.0,4.464637756347656,,1.029911756515503,0.0,0.0,,-0.0314214340502154,3.2030104191279483
3211,NVB,453687.399657263,5678818.63572014,0.0,0.0,0.0,0.0,3.4167349338531494,,1.0099066495895386,0.0,0.0,,-0.0636630226912993,3.09813986129592
3212,NVB,453688.041583402,5678818.3864696,0.0,0.0,0.0,0.0,1.3612852096557615,,1.0061718225479126,0.0,0.0,,-0.0712628907406381,3.0878949651777585
3213,NVB,453688.761563766,5678818.109934,0.0,0.0,0.0,0.0,3.523737668991089,,1.0039730072021484,0.0,0.0,,-0.0670682782214804,3.056785609852438
3214,NVB,453689.550761002,5678817.8371348,0.0,0.0,0.0,0.0,1.386383891105652,,1.0054941177368164,0.0,0.0,,-0.0125250633905861,2.9617818332405648
3215,NVB,453690.287874139,5678817.59066354,0.0,0.0,0.0,0.0,2.1582460403442383,,1.0100131034851074,0.0,0.0,,-0.0241477775898972,2.9725052622350594
3216,NVB,453691.059585891,5678817.34772503,0.0,0.0,0.0,0.0,2.0318193435668945,,1.0055861473083496,0.0,0.0,,-0.0138728255899783,2.8247136734783087
3217,NVB,453691.848580612,5678817.10932718,0.0,0.0,0.0,0.0,0.9286031126976012,,1.0015668869018557,0.0,0.0,,0.00876264245431,2.767339148220989
3218,NVB,453692.65483219,5678816.87990889,0.0,0.0,0.0,0.0,1.899238348007202,,1.0059596300125122,0.0,0.0,,0.0084844963443325,2.775558951016083
3219,NVB,453693.443892085,5678816.63041359,0.0,0.0,0.0,0.0,1.0843849182128906,,1.0072349309921265,0.0,0.0,,-0.0420835750517974,2.6847956189729616
3220,NVB,453694.215845153,5678816.34641484,0.0,0.0,0.0,0.0,4.329998016357422,,1.0065675973892212,0.0,0.0,,-0.0772569042047271,2.553490139473209
3221,NVB,453694.97908486,5678816.07235265,0.0,0.0,0.0,0.0,1.0535681247711182,,1.0008840560913086,0.0,0.0,,-0.064525474940037,2.5181250468486445
3222,NVB,453695.716439158,5678815.78482095,0.0,0.0,0.0,0.0,0.9183998703956604,,1.0018230676651,0.0,0.0,,-0.0469137114742205,2.380206573846011
3223,NVB,453696.384400268,5678815.52351543,0.0,0.0,0.0,0.0,1.1547017097473145,,1.0039647817611694,0.0,0.0,,-0.052144313243462,2.4682510290219035
3224,NVB,453697.087025262,5678815.25464537,0.0,0.0,0.0,0.0,1.4522279500961304,,1.001550555229187,0.0,0.0,,-0.0180902921262999,2.4680245541460857
3225,NVB,453697.902048528,5678815.00530233,0.0,0.0,0.0,0.0,0.3484291136264801,,1.0029096603393557,0.0,0.0,,0.0031026734491793,2.563403481719926
3226,NVB,453698.682251179,5678814.79015719,0.0,0.0,0.0,0.0,0.7013412714004517,,1.0023776292800903,0.0,0.0,,-0.0028922065765593,2.894305187941309
3227,NVB,453699.453649118,5678814.60048482,0.0,0.0,0.0,0.0,1.7025701999664309,,1.0042073726654053,0.0,0.0,,-0.0251680358519716,3.217833405131035
3228,NVB,453700.190539728,5678814.3917434,0.0,0.0,0.0,0.0,3.0114283561706543,,1.0053757429122925,0.0,0.0,,-0.0048248705121839,3.376910267019228
3229,NVB,453700.901590625,5678814.16176438,0.0,0.0,0.0,0.0,4.571802616119385,,1.0046395063400269,0.0,0.0,,-0.0325632088249794,3.586989554608867
3230,NVB,453701.673301704,5678813.91882484,0.0,0.0,0.0,0.0,3.4358432292938232,,1.010034203529358,0.0,0.0,,-0.0082136629928767,3.767145708912394
3231,NVB,453703.103933845,5678813.48000221,0.0,0.0,0.0,0.0,3.748956203460693,,1.0131597518920898,0.0,0.0,,0.0256695358311457,3.790812196306053
3232,NVB,453703.823789222,5678813.22455007,0.0,0.0,0.0,0.0,3.195923328399658,,1.0054336786270142,0.0,0.0,,0.0425528260075733,3.746313445568101
3233,NVB,453704.56946466,5678812.99366458,0.0,0.0,0.0,0.0,7.414473533630371,,1.0210859775543213,0.0,0.0,,0.0174887839407781,3.596910176324588
3234,NVB,453705.323768505,5678812.76726881,0.0,0.0,0.0,0.0,1.6850980520248413,,1.007814884185791,0.0,0.0,,0.0143291802330254,3.7912893865963095
3235,NVB,453706.078117986,5678812.53310488,0.0,0.0,0.0,0.0,3.127702474594116,,1.02496600151062,0.0,0.0,,0.0163054377680503,3.8796968895341912
3236,NVB,453706.815236613,5678812.28552236,0.0,0.0,0.0,0.0,4.543873310089111,,1.0110975503921509,0.0,0.0,,0.042338001464369,3.9492959382015616
3237,NVB,453707.552511805,5678812.01130629,0.0,0.0,0.0,0.0,5.726988792419434,,1.0222489833831787,0.0,0.0,,0.0275276585344448,3.8617397114116496
3238,NVB,453708.307291813,5678811.70390008,0.0,0.0,0.0,0.0,0.5687016844749451,,1.0246421098709106,0.0,0.0,,0.0190323811212778,3.5971122854302884
3239,NVB,453709.027225157,5678811.43513074,0.0,0.0,0.0,0.0,3.0737247467041016,,1.0097957849502563,0.0,0.0,,-0.0294294217427227,3.466454323711751
3240,NVB,453709.70362467,5678811.21049601,0.0,0.0,0.0,0.0,2.498951196670532,,1.0035285949707031,0.0,0.0,,-0.0473938406208901,3.23018114080072
3241,NVB,453710.432140701,5678810.95398444,0.0,0.0,0.0,0.0,2.725537061691284,,1.0031719207763672,0.0,0.0,,-0.042991436831133,2.873095117076065
3242,NVB,453711.125966692,5678810.70947626,0.0,0.0,0.0,0.0,2.316401243209839,,1.0113904476165771,0.0,0.0,,-0.0244455921919317,2.703359130547095
3243,NVB,453711.836958199,5678810.48948381,0.0,0.0,0.0,0.0,3.780774354934693,,1.0147258043289185,0.0,0.0,,-0.008747062436982,2.676017849306403
3244,NVB,453712.608590269,5678810.25985994,0.0,0.0,0.0,0.0,4.526830673217773,,1.0054535865783691,0.0,0.0,,0.0199771370651586,2.663699535010388
3245,NVB,453713.2675826,5678810.05176907,0.0,0.0,0.0,0.0,0.0414192862808704,,1.0006283521652222,0.0,0.0,,0.0727865000421432,2.588668224048317
3246,NVB,453713.961330125,5678809.82057738,0.0,0.0,0.0,0.0,1.124910831451416,,1.0008914470672607,0.0,0.0,,0.1121911912179047,2.560397011573784
3247,NVB,453714.724281414,5678809.59534134,0.0,0.0,0.0,0.0,2.583573341369629,,1.0037888288497925,0.0,0.0,,0.1333520535581582,2.4458438636227875
3248,NVB,453715.443888127,5678809.38205782,0.0,0.0,0.0,0.0,1.6728665828704834,,1.0023186206817627,0.0,0.0,,0.1415904145072253,2.3378508155591824
3249,NVB,453716.155179501,5678809.11101749,0.0,0.0,0.0,0.0,2.435021162033081,,1.0013333559036257,0.0,0.0,,0.145511603105411,2.339914397772269
3250,NVB,453716.840513692,5678808.83871472,0.0,0.0,0.0,0.0,2.0010807514190674,,1.0034044981002808,0.0,0.0,,0.1257719082244212,2.3206407050194686
3251,NVB,453717.534300147,5678808.60086435,0.0,0.0,0.0,0.0,2.6849136352539062,,1.002189040184021,0.0,0.0,,0.111374776858626,2.29180361157145
3252,NVB,453718.280039965,5678808.35888028,0.0,0.0,0.0,0.0,3.5694987773895264,,1.004873275756836,0.0,0.0,,0.0795208969805432,2.5068826891672087
3253,NVB,453719.008333634,5678808.14009868,0.0,0.0,0.0,0.0,3.930789470672608,,1.00970458984375,0.0,0.0,,0.0477665804591387,2.5498731558698204
3254,NVB,453719.753831987,5678807.93917441,0.0,0.0,0.0,0.0,1.1648653745651243,,1.0030488967895508,0.0,0.0,,0.0180750468197173,2.657073294770355
3255,NVB,453720.525333095,5678807.73174433,0.0,0.0,0.0,0.0,2.587678909301758,,1.0025380849838257,0.0,0.0,,-0.0001995274141723,2.865943219812006
3256,NVB,453721.348865845,5678807.50686377,0.0,0.0,0.0,0.0,4.938816547393799,,1.0072585344314575,0.0,0.0,,-0.0028402411976179,3.116975775777095
3257,NVB,453722.051104366,5678807.30346546,0.0,0.0,0.0,0.0,3.25858211517334,,1.0065478086471558,0.0,0.0,,0.0118968926712265,3.361702538796449
3258,NVB,453722.701513393,5678807.08311591,0.0,0.0,0.0,0.0,5.950477123260498,,1.0061615705490112,0.0,0.0,,0.0079046679515889,3.7077211120515945
3259,NVB,453723.308636585,5678806.8647314,0.0,0.0,0.0,0.0,2.800407886505127,,1.0062891244888306,0.0,0.0,,0.0234824749121847,3.825311415709972
3260,NVB,453723.967810982,5678806.62556725,0.0,0.0,0.0,0.0,1.4332391023635864,,1.00217604637146,0.0,0.0,,0.0268745662374961,3.786843223704002
3261,NVB,453724.670362458,5678806.36890175,0.0,0.0,0.0,0.0,8.9072847366333,,1.0206620693206787,0.0,0.0,,0.0401999742110255,3.892661578523472
3262,NVB,453725.33827612,5678806.11536188,0.0,0.0,0.0,0.0,6.39903736114502,,1.0310713052749634,0.0,0.0,,0.0427160618578665,3.769033159336957
3263,NVB,453726.023694521,5678805.82863186,0.0,0.0,0.0,0.0,2.684943437576294,,1.0042752027511597,0.0,0.0,,0.0094117024094508,3.5268746192155733
3264,NVB,453726.709119392,5678805.54079204,0.0,0.0,0.0,0.0,2.1008596420288086,,1.0044769048690796,0.0,0.0,,-0.0204559654276232,3.522244056788716
3265,NVB,453727.42894064,5678805.2908864,0.0,0.0,0.0,0.0,5.834358215332031,,1.01151442527771,0.0,0.0,,-0.008000832825791,3.595916979432369
3266,NVB,453728.200636954,5678805.05016373,0.0,0.0,0.0,0.0,3.485154867172241,,1.0035346746444702,0.0,0.0,,-0.0137906695326393,3.6285310552822536
3267,NVB,453728.91162093,5678804.83127948,0.0,0.0,0.0,0.0,2.9384469985961914,,1.0398221015930176,0.0,0.0,,0.0004857377849665,3.839050227713274
3268,NVB,453729.535883286,5678804.64184916,0.0,0.0,0.0,0.0,2.314908981323242,,1.008944034576416,0.0,0.0,,0.0001973698183895,3.9711582666558862
3269,NVB,453730.290081227,5678804.43320666,0.0,0.0,0.0,0.0,3.835206031799317,,1.023595929145813,0.0,0.0,,-0.0224423327363826,4.007840728628163
3270,NVB,453731.035291956,5678804.28110937,0.0,0.0,0.0,0.0,3.448195695877075,,1.0160754919052124,0.0,0.0,,-0.0596188851334503,3.912087309288871
3271,NVB,453731.693872391,5678804.14292985,0.0,0.0,0.0,0.0,8.895630836486816,,1.0209904909133911,0.0,0.0,,-0.0972003318489358,3.778967154956593
3272,NVB,453732.517306605,5678803.93469405,0.0,0.0,0.0,0.0,3.201631784439087,,1.0086268186569214,0.0,0.0,,-0.115011319501185,3.536796955739365
3273,NVB,453733.210785611,5678803.74899953,0.0,0.0,0.0,0.0,3.0352654457092285,,1.004960536956787,0.0,0.0,,-0.1276210209386827,3.33391829018828
3274,NVB,453733.939111026,5678803.52466791,0.0,0.0,0.0,0.0,6.267994403839111,,1.0212725400924685,0.0,0.0,,-0.0868129212405123,3.328819626858516
3275,NVB,453734.659218804,5678803.22593357,0.0,0.0,0.0,0.0,2.122967004776001,,1.013270616531372,0.0,0.0,,-0.0795365028072548,3.246952268023164
3276,NVB,453735.327275339,5678802.94797884,0.0,0.0,0.0,0.0,1.586985468864441,,1.006365418434143,0.0,0.0,,-0.0787473319279817,3.3323517417663817
3277,NVB,453736.021243291,5678802.67905446,0.0,0.0,0.0,0.0,3.656564712524414,,1.00340735912323,0.0,0.0,,-0.038240858514542,3.338081435961508
3278,NVB,453736.723826614,5678802.41683924,0.0,0.0,0.0,0.0,5.181087017059326,,1.0060895681381226,0.0,0.0,,0.0198808275731215,3.1915110371378583
3279,NVB,453737.426279466,5678802.17681853,0.0,0.0,0.0,0.0,1.7063393592834473,,1.006489634513855,0.0,0.0,,0.0026446709935033,3.047985116718277
3280,NVB,453738.171965872,5678801.94371041,0.0,0.0,0.0,0.0,0.1138661727309227,,1.0022574663162231,0.0,0.0,,0.0017241536920207,2.968777406934353
3281,NVB,453738.908886833,5678801.72941674,0.0,0.0,0.0,0.0,1.582183599472046,,1.0027741193771362,0.0,0.0,,-8.299073258267744e-05,2.83493167886077
3282,NVB,453739.62842041,5678801.52833803,0.0,0.0,0.0,0.0,2.453040599822998,,1.008538842201233,0.0,0.0,,-0.0223050824584681,2.693494844563329
3283,NVB,453740.373813253,5678801.34516747,0.0,0.0,0.0,0.0,0.7034940719604492,,1.001806139945984,0.0,0.0,,0.0149150433925763,2.622902572600452
3284,NVB,453741.093268512,5678801.15740536,0.0,0.0,0.0,0.0,2.719036817550659,,1.0101468563079834,0.0,0.0,,0.0551199696516795,2.607938202274047
3285,NVB,453741.769666192,5678800.9327679,0.0,0.0,0.0,0.0,2.269292116165161,,1.0039693117141724,0.0,0.0,,0.0445792919680993,2.7568253592651164
3286,NVB,453742.454933552,5678800.6715602,0.0,0.0,0.0,0.0,1.5378538370132446,,1.001466989517212,0.0,0.0,,0.0553654433166053,2.841182823042428
3287,NVB,453743.148803249,5678800.41928111,0.0,0.0,0.0,0.0,1.9773755073547363,,1.0091845989227295,0.0,0.0,,0.071682568765971,3.0117479952085904
3288,NVB,453743.903182976,5678800.17956493,0.0,0.0,0.0,0.0,3.0272762775421143,,1.017188310623169,0.0,0.0,,0.068348025611384,3.08821948795989
3289,NVB,453744.614276904,5678799.94181389,0.0,0.0,0.0,0.0,1.373165726661682,,1.0025439262390137,0.0,0.0,,0.0728301473434945,3.258999806280868
3290,NVB,453745.316670605,5678799.71178003,0.0,0.0,0.0,0.0,4.867202281951904,,1.009305477142334,0.0,0.0,,0.0899738995991607,3.6101633309805146
3291,NVB,453746.799329199,5678799.25549893,0.0,0.0,0.0,0.0,2.9255247116088867,,1.0078545808792114,0.0,0.0,,0.1069586633239996,3.989523540790228
3292,NVB,453747.449782482,5678799.02737926,0.0,0.0,0.0,0.0,2.235598564147949,,1.0269235372543335,0.0,0.0,,0.1304441046395957,4.158720561252744
3293,NVB,453748.143645346,5678798.77620946,0.0,0.0,0.0,0.0,5.453492641448975,,1.0176050662994385,0.0,0.0,,0.0897774854468282,4.278392518351067
3294,NVB,453748.794157227,5678798.53810212,0.0,0.0,0.0,0.0,4.839864730834961,,1.0158274173736572,0.0,0.0,,0.0636740677431351,4.175599756501789
3295,NVB,453749.479287231,5678798.30019811,0.0,0.0,0.0,0.0,3.757063150405884,,1.012813687324524,0.0,0.0,,0.0566735331675216,4.098693163765153
3296,NVB,453750.242210266,5678798.07939754,0.0,0.0,0.0,0.0,3.903759002685547,,1.0066486597061155,0.0,0.0,,0.0636753212717759,4.004751571788155
3297,NVB,453751.074395657,5678797.85456474,0.0,0.0,0.0,0.0,2.4454245567321777,,1.02225923538208,0.0,0.0,,0.068738572838258,3.944603231103369
3298,NVB,453751.845875356,5678797.65046079,0.0,0.0,0.0,0.0,5.7187275886535645,,1.0096328258514404,0.0,0.0,,0.0583078713816627,3.990016014620065
3299,NVB,453752.53948371,5678797.44257001,0.0,0.0,0.0,0.0,2.0766258239746094,,1.0091015100479126,0.0,0.0,,0.0804956116746884,3.938219454104592
3300,NVB,453753.345868323,5678797.18984123,0.0,0.0,0.0,0.0,7.129917621612549,,1.01874577999115,0.0,0.0,,0.0967193336926751,3.987099540928873
3301,NVB,453754.048157212,5678796.97756225,0.0,0.0,0.0,0.0,2.622605323791504,,1.0240120887756348,0.0,0.0,,0.0743678079283151,3.920015306776126
3302,NVB,453754.74173937,5678796.77411019,0.0,0.0,0.0,0.0,3.2491602897644043,,1.0057392120361328,0.0,0.0,,0.070237920928053,3.8750322931262793
3303,NVB,453755.444047738,5678796.5585019,0.0,0.0,0.0,0.0,1.4815471172332764,,1.0050331354141235,0.0,0.0,,0.0481421503752074,3.6415434372944473
3304,NVB,453756.189837354,5678796.30763642,0.0,0.0,0.0,0.0,0.2666537761688232,,1.0058201551437378,0.0,0.0,,0.0628370764657718,3.3871290495766537
3305,NVB,453756.883693174,5678796.05757559,0.0,0.0,0.0,0.0,0.9723273515701294,,1.0017863512039185,0.0,0.0,,0.032302396623968,3.264390692034505
3306,NVB,453757.534139373,5678795.83056481,0.0,0.0,0.0,0.0,1.5257097482681274,,1.002556324005127,0.0,0.0,,0.0421281138286879,3.2202032469605486
3307,NVB,453758.245180332,5678795.60169037,0.0,0.0,0.0,0.0,3.088142156600952,,1.0034291744232178,0.0,0.0,,0.0589452778611647,3.045686228521
3308,NVB,453759.051453756,5678795.36782639,0.0,0.0,0.0,0.0,0.5303561091423035,,1.002283811569214,0.0,0.0,,0.0740358935258882,2.907773171817308
3309,NVB,453759.849124735,5678795.12503367,0.0,0.0,0.0,0.0,0.1852665543556213,,1.0039609670639038,0.0,0.0,,0.0757299547474088,2.701755308336057
3310,NVB,453760.568878764,5678794.8862223,0.0,0.0,0.0,0.0,3.459561824798584,,1.0099279880523682,0.0,0.0,,0.0832885393771149,2.6207979576735343
3311,NVB,453761.331996678,5678794.63212882,0.0,0.0,0.0,0.0,2.7303271293640137,,1.0026172399520874,0.0,0.0,,0.0798720229201028,2.6229000181207147
3312,NVB,453762.051737579,5678794.39553677,0.0,0.0,0.0,0.0,1.9638705253601076,,1.0027786493301392,0.0,0.0,,0.0554503428701445,2.706519812740668
3313,NVB,453762.728140575,5678794.16978778,0.0,0.0,0.0,0.0,2.647366762161255,,1.0084692239761353,0.0,0.0,,0.0907628275999061,2.65187743202904
3314,NVB,453763.430598387,5678793.92865503,0.0,0.0,0.0,0.0,3.502678155899048,,1.008780837059021,0.0,0.0,,0.1151305593903458,2.672945463232256
3315,NVB,453764.228451571,5678793.65478948,0.0,0.0,0.0,0.0,4.994824409484863,,1.018218755722046,0.0,0.0,,0.1140800813852641,2.9607594914258395
3316,NVB,453764.956905479,5678793.40826044,0.0,0.0,0.0,0.0,3.3819034099578857,,1.011380672454834,0.0,0.0,,0.1150225060415005,3.199145085218826
3317,NVB,453765.633549444,5678793.14145126,0.0,0.0,0.0,0.0,1.9738476276397705,,1.008772373199463,0.0,0.0,,0.1302509835091576,3.4626338878306364
3318,NVB,453766.336156966,5678792.8747945,0.0,0.0,0.0,0.0,3.5527188777923584,,1.0034271478652954,0.0,0.0,,0.1744745901932452,3.644726652447541
3319,NVB,453766.995218053,5678792.65449214,0.0,0.0,0.0,0.0,0.563491940498352,,1.00099778175354,0.0,0.0,,0.2119660553276758,3.743721439046081
3320,NVB,453767.628178641,5678792.45734155,0.0,0.0,0.0,0.0,0.8883437514305115,,1.016542673110962,0.0,0.0,,0.2615907690788195,3.802970916573721
3321,NVB,453768.295848568,5678792.244858,0.0,0.0,0.0,0.0,3.704395532608032,,1.019879698753357,0.0,0.0,,0.2901794905170713,3.921857943600765
3322,NVB,453768.989573297,5678792.01699067,0.0,0.0,0.0,0.0,3.988813161849976,,1.0065299272537231,0.0,0.0,,0.2773556112315088,3.9369755601448864
3323,NVB,453769.735146987,5678791.80274495,0.0,0.0,0.0,0.0,1.1129692792892456,,1.0067871809005735,0.0,0.0,,0.2844944059195874,3.668401184126408
3324,NVB,453770.567194283,5678791.60121438,0.0,0.0,0.0,0.0,2.566495895385742,,1.0037193298339844,0.0,0.0,,0.2659337260209878,3.426774975395892
3325,NVB,453771.364708117,5678791.38505398,0.0,0.0,0.0,0.0,0.9761034846305848,,1.0007678270339966,0.0,0.0,,0.2153640707297898,3.0548174173811886
3326,NVB,453772.101835669,5678791.13524592,0.0,0.0,0.0,0.0,1.8649712800979612,,1.001271367073059,0.0,0.0,,0.1791553996873406,2.9252662466546573
3327,NVB,453772.761078893,5678790.88387069,0.0,0.0,0.0,0.0,1.314278483390808,,1.0031152963638306,0.0,0.0,,0.1525923511267088,2.8774387051638186
3328,NVB,453773.377101546,5678790.62336348,0.0,0.0,0.0,0.0,1.1945974826812744,,1.0007805824279783,0.0,0.0,,0.1376310674340166,2.7336646936990854
3329,NVB,453774.062490734,5678790.34106821,0.0,0.0,0.0,0.0,2.1626315116882324,,1.002569556236267,0.0,0.0,,0.1742599131997588,2.664841628179984
3330,NVB,453774.773556764,5678790.10775336,0.0,0.0,0.0,0.0,3.249845504760742,,1.0132290124893188,0.0,0.0,,0.1527413093193534,2.5993726031640927
3331,NVB,453775.492977553,5678789.92553677,0.0,0.0,0.0,0.0,2.789383888244629,,1.0060720443725586,0.0,0.0,,0.1769481344460657,2.551688751054764
3332,NVB,453776.273155952,5678789.71371316,0.0,0.0,0.0,0.0,2.462350845336914,,1.0017167329788208,0.0,0.0,,0.19855460465838,2.6211262296214097
3333,NVB,453777.010263637,5678789.46723382,0.0,0.0,0.0,0.0,3.304677963256836,,1.0023469924926758,0.0,0.0,,0.2116268427267205,2.5727936968660616
3334,NVB,453777.756182179,5678789.19417175,0.0,0.0,0.0,0.0,1.3561997413635254,,1.0012004375457764,0.0,0.0,,0.244910203180061,2.682179187586684
3335,NVB,453778.398050842,5678788.9537917,0.0,0.0,0.0,0.0,3.8704192638397217,,1.0043433904647827,0.0,0.0,,0.2682815477005926,3.006854418452788
3336,NVB,453779.039860828,5678788.72339916,0.0,0.0,0.0,0.0,2.686671495437622,,1.0024480819702148,0.0,0.0,,0.2601900936380996,3.332395436155353
3337,NVB,453779.73366962,5678788.48110442,0.0,0.0,0.0,0.0,1.829329490661621,,1.0026214122772217,0.0,0.0,,0.2304589924633045,3.713265901553701
3338,NVB,453780.514049726,5678788.23487881,0.0,0.0,0.0,0.0,2.4910500049591064,,1.0096030235290527,0.0,0.0,,0.1551037451088466,4.077936252150682
3339,NVB,453781.294338572,5678788.00418932,0.0,0.0,0.0,0.0,2.3758809566497803,,1.0105311870574951,0.0,0.0,,0.1036960343497384,4.329880791331815
3340,NVB,453782.065901178,5678787.78565595,0.0,0.0,0.0,0.0,1.6461951732635498,,1.0024396181106567,0.0,0.0,,0.0954591383075176,4.3333717663653335
3341,NVB,453782.785451872,5678787.58124413,0.0,0.0,0.0,0.0,1.9812098741531368,,1.0060852766036987,0.0,0.0,,0.0813390705868472,4.090750781395236
3342,NVB,453783.504982985,5678787.38016143,0.0,0.0,0.0,0.0,3.608563184738159,,1.0086021423339844,0.0,0.0,,0.0627511305834152,3.914954742554553
3343,NVB,453784.207205004,5678787.17897705,0.0,0.0,0.0,0.0,4.644141674041748,,1.0115994215011597,0.0,0.0,,0.0574991737728383,3.927602130197253
3344,NVB,453784.926794676,5678786.96790666,0.0,0.0,0.0,0.0,2.815382242202759,,1.0108284950256348,0.0,0.0,,0.0312625693875796,3.8111782499200766
3345,NVB,453785.663804104,5678786.73807244,0.0,0.0,0.0,0.0,4.009664058685303,,1.01469087600708,0.0,0.0,,0.0323963530330239,3.84170587481423
3346,NVB,453786.357638569,5678786.49133821,0.0,0.0,0.0,0.0,1.6158279180526731,,1.0031236410140991,0.0,0.0,,0.0631715560009692,3.9324656138246823
3347,NVB,453787.043039948,5678786.20682235,0.0,0.0,0.0,0.0,3.9951796531677246,,1.0085803270339966,0.0,0.0,,0.0571104935999178,4.055566561658348
3348,NVB,453787.780101356,5678785.96811011,0.0,0.0,0.0,0.0,4.397216796875,,1.0264286994934082,0.0,0.0,,0.0261830459295767,4.163974984809911
3349,NVB,453788.568731606,5678785.79073765,0.0,0.0,0.0,0.0,3.812287569046021,,1.0234798192977903,0.0,0.0,,0.045299760477848,4.340842582724927
3350,NVB,453789.418002133,5678785.60373317,0.0,0.0,0.0,0.0,3.485696792602539,,1.0043280124664309,0.0,0.0,,0.0430821234249124,4.624259432352129
3351,NVB,453790.154952673,5678785.38388608,0.0,0.0,0.0,0.0,6.548069953918457,,1.0195471048355105,0.0,0.0,,0.0031096903246426,5.001278869235134
3352,NVB,453790.770857058,5678785.14335264,0.0,0.0,0.0,0.0,3.6691970825195312,,1.0190445184707642,0.0,0.0,,-0.0026960948048693,5.071100940005343
3353,NVB,453791.447401707,5678784.89318717,0.0,0.0,0.0,0.0,2.731712102890014,,1.0236138105392456,0.0,0.0,,-0.0401163177081842,5.251500188818426
3354,NVB,453792.288414861,5678784.63843817,0.0,0.0,0.0,0.0,1.5221699476242063,,1.004037380218506,0.0,0.0,,-0.0008005960774054,5.365511723519374
3355,NVB,453792.990883911,5678784.39508333,0.0,0.0,0.0,0.0,3.528465509414673,,1.0239468812942505,0.0,0.0,,-0.0098490394070043,5.244919464914904
3356,NVB,453793.641621164,5678784.11813182,0.0,0.0,0.0,0.0,1.5593132972717283,,1.0226653814315796,0.0,0.0,,-0.0506473141505112,5.352676922598883
3357,NVB,453794.30095428,5678783.85121859,0.0,0.0,0.0,0.0,2.804581880569458,,1.0172048807144165,0.0,0.0,,-0.0538997692570123,5.337839652739992
3358,NVB,453795.150888791,5678783.55102122,0.0,0.0,0.0,0.0,2.866429567337036,,1.0221744775772097,0.0,0.0,,-0.0247626339237081,5.20415885961468
3359,NVB,453795.870614593,5678783.31664554,0.0,0.0,0.0,0.0,5.813266277313232,,1.0124070644378662,0.0,0.0,,-0.0452106909366496,4.930952997170515
3360,NVB,453797.275715004,5678782.80219198,0.0,0.0,0.0,0.0,3.7522411346435542,,1.0129122734069824,0.0,0.0,,-0.0429760075849299,4.117684042271007
3361,NVB,453798.012749723,5678782.56791769,0.0,0.0,0.0,0.0,2.182286739349365,,1.0137510299682615,0.0,0.0,,-0.0646422865828508,3.5239277670902283
3362,NVB,453798.844892969,5678782.34973822,0.0,0.0,0.0,0.0,1.6996787786483765,,1.0012062788009644,0.0,0.0,,-0.0926680057570936,3.133443790664301
3363,NVB,453799.538459608,5678782.14850169,0.0,0.0,0.0,0.0,1.593324065208435,,1.0014090538024902,0.0,0.0,,-0.0854491640376409,2.8296882337670226
3364,NVB,453800.240889127,5678781.91180458,0.0,0.0,0.0,0.0,0.5633448958396912,,1.0021544694900513,0.0,0.0,,-0.1100844936776837,2.389514100017131
3365,NVB,453800.969360318,5678781.66194304,0.0,0.0,0.0,0.0,0.7936654686927795,,1.0006994009017944,0.0,0.0,,-0.1242928332029636,2.379164496257778
3366,NVB,453801.671698581,5678781.440782,0.0,0.0,0.0,0.0,2.1287858486175537,,1.0035011768341064,0.0,0.0,,-0.1335317270642619,2.742497201248771
3367,NVB,453802.373984707,5678781.22849872,0.0,0.0,0.0,0.0,2.3836781978607178,,1.0038244724273682,0.0,0.0,,-0.1430949773209447,2.954704641862667
3368,NVB,453803.102416693,5678780.98529535,0.0,0.0,0.0,0.0,4.889885425567627,,1.0068496465682983,0.0,0.0,,-0.1368516680862846,3.4977353909566413
3369,NVB,453803.82222016,5678780.73760221,0.0,0.0,0.0,0.0,1.7335208654403689,,1.003473162651062,0.0,0.0,,-0.1834353613136636,4.006380664919784
3370,NVB,453804.594041869,5678780.47467752,0.0,0.0,0.0,0.0,1.1397184133529663,,1.0016348361968994,0.0,0.0,,-0.2051524969316592,4.339048983023611
3371,NVB,453805.33118033,5678780.2226469,0.0,0.0,0.0,0.0,4.327066898345947,,1.015456199645996,0.0,0.0,,-0.2343614629029317,4.544492788498099
3372,NVB,453806.024883351,5678779.99810551,0.0,0.0,0.0,0.0,0.9920967221260072,,1.0048750638961792,0.0,0.0,,-0.2554847252418582,4.463364630926285
3373,NVB,453806.727299456,5678779.76362728,0.0,0.0,0.0,0.0,2.5853843688964844,,1.0020428895950315,0.0,0.0,,-0.2541796928348913,4.312881431953959
3374,NVB,453807.516423496,5678779.5019136,0.0,0.0,0.0,0.0,4.394914150238037,,1.0039981603622437,0.0,0.0,,-0.2164565163908695,4.199177370092428
3375,NVB,453808.166697521,5678779.30375159,0.0,0.0,0.0,0.0,3.3958740234375,,1.002342939376831,0.0,0.0,,-0.1854210850279505,4.097454185422
3376,NVB,453809.033751207,5678779.0358364,0.0,0.0,0.0,0.0,2.3056859970092773,,1.001901149749756,0.0,0.0,,-0.1404660881394561,4.101175443811584
3377,NVB,453809.788257021,5678778.77391937,0.0,0.0,0.0,0.0,1.5444250106811523,,1.004531979560852,0.0,0.0,,-0.0908453169400174,4.136667144099419
3378,NVB,453810.473474549,5678778.52047387,0.0,0.0,0.0,0.0,1.7547863721847534,,1.007793664932251,0.0,0.0,,-0.0566497841908907,4.224811267326428
3379,NVB,453811.21038475,5678778.3072832,0.0,0.0,0.0,0.0,4.941383361816406,,1.03271746635437,0.0,0.0,,0.0026897842454159,4.180660381636547
3380,NVB,453811.999143891,5678778.10771384,0.0,0.0,0.0,0.0,0.2778467833995819,,1.003386378288269,0.0,0.0,,0.0520555095182105,4.243576495853021
3381,NVB,453812.787994139,5678777.89260821,0.0,0.0,0.0,0.0,6.1232099533081055,,1.0069239139556885,0.0,0.0,,0.0519000924492262,3.8897793488029455
3382,NVB,453813.542284866,5678777.66731186,0.0,0.0,0.0,0.0,3.447460174560547,,1.0083742141723633,0.0,0.0,,0.0757592617313239,3.699721043431655
3383,NVB,453814.279286046,5678777.43858469,0.0,0.0,0.0,0.0,2.733693122863769,,1.0031189918518066,0.0,0.0,,0.0875035877985438,3.50995255780485
3384,NVB,453815.016261142,5678777.21429638,0.0,0.0,0.0,0.0,2.072995185852051,,1.0048351287841797,0.0,0.0,,0.0809163776838772,3.7276115542214847
3385,NVB,453815.727227073,5678776.99762378,0.0,0.0,0.0,0.0,2.7705302238464355,,1.0044599771499634,0.0,0.0,,0.0452442487054686,4.015946562079765
3386,NVB,453816.455488976,5678776.78327211,0.0,0.0,0.0,0.0,2.140714406967163,,1.0020736455917358,0.0,0.0,,0.0217003144234822,4.425459843094401
3387,NVB,453817.218420984,5678776.56024563,0.0,0.0,0.0,0.0,2.1508030891418457,,1.0073721408843994,0.0,0.0,,0.0158233731714594,4.833497804668596
3388,NVB,453818.068093407,5678776.30443492,0.0,0.0,0.0,0.0,7.062819004058838,,1.0317193269729614,0.0,0.0,,0.0472591052584238,5.46334426037192
3389,NVB,453818.77930003,5678776.0467021,0.0,0.0,0.0,0.0,4.210859298706055,,1.007236361503601,0.0,0.0,,0.1113806999254111,5.787934459675484
3390,NVB,453819.473191066,5678775.78997741,0.0,0.0,0.0,0.0,5.264264106750488,,1.0155385732650757,0.0,0.0,,0.114492511304373,6.028297449330761
3391,NVB,453820.132236158,5678775.57189007,0.0,0.0,0.0,0.0,1.0464015007019043,,1.0119000673294067,0.0,0.0,,0.0776399237782902,5.9398308355737095
3392,NVB,453820.877969574,5678775.32989633,0.0,0.0,0.0,0.0,6.646039962768555,,1.0298174619674685,0.0,0.0,,0.0793283165108662,5.906929524422594
3393,NVB,453821.61519814,5678775.06232799,0.0,0.0,0.0,0.0,5.960312843322754,,1.0126397609710691,0.0,0.0,,0.1151551599050557,6.0481659956566505
3394,NVB,453822.248435793,5678774.81745471,0.0,0.0,0.0,0.0,1.2816563844680786,,1.008418321609497,0.0,0.0,,0.1180934881457005,6.230537949949874
3395,NVB,453822.933606995,5678774.57177623,0.0,0.0,0.0,0.0,1.6976721286773682,,1.0606718063354492,0.0,0.0,,0.1146470400369594,6.205089760223229
3396,NVB,453823.688040302,5678774.32206489,0.0,0.0,0.0,0.0,2.986656427383423,,1.0099486112594604,0.0,0.0,,0.1115560901207687,6.412681072403325
3397,NVB,453824.451115057,5678774.07462369,0.0,0.0,0.0,0.0,7.635310173034668,,1.0317811965942385,0.0,0.0,,0.1121365646698645,6.411686502717931
3398,NVB,453825.188200187,5678773.83146905,0.0,0.0,0.0,0.0,4.627146720886231,,1.0147172212600708,0.0,0.0,,0.0805912140726051,6.20746228121841
3399,NVB,453825.890602131,5678773.59920857,0.0,0.0,0.0,0.0,3.440236568450928,,1.027284860610962,0.0,0.0,,0.1008715166155234,6.076454402800522
3400,NVB,453826.601697598,5678773.36034043,0.0,0.0,0.0,0.0,5.368151664733887,,1.039961814880371,0.0,0.0,,0.0830260902358062,5.9505823112565945
3401,NVB,453827.330089028,5678773.1237932,0.0,0.0,0.0,0.0,2.352193832397461,,1.0090042352676392,0.0,0.0,,0.0831606332409262,5.872496092360757
3402,NVB,453828.058480416,5678772.88724589,0.0,0.0,0.0,0.0,3.652046442031861,,1.0437413454055786,0.0,0.0,,0.090726641548307,5.480938710684445
3403,NVB,453828.8388574,5678772.64101551,0.0,0.0,0.0,0.0,1.4144774675369265,,1.0091934204101562,0.0,0.0,,0.1170562641381717,4.929104088418949
3404,NVB,453829.654008585,5678772.36835461,0.0,0.0,0.0,0.0,5.168871402740479,,1.0153206586837769,0.0,0.0,,0.1901117896379627,4.170435392481807
3405,NVB,453830.399481064,5678772.1707491,0.0,0.0,0.0,0.0,1.5781712532043457,,1.001319169998169,0.0,0.0,,0.2433597869797838,3.775366790526217
3406,NVB,453831.127449242,5678772.00633384,0.0,0.0,0.0,0.0,0.7106092572212219,,1.0008351802825928,0.0,0.0,,0.2336160406412377,3.3079660480755857
3407,NVB,453831.855515007,5678771.8252726,0.0,0.0,0.0,0.0,1.0016103982925415,,1.0007874965667725,0.0,0.0,,0.2042310003543608,3.103030994788784
3408,NVB,453832.583691374,5678771.62534592,0.0,0.0,0.0,0.0,0.5390676856040955,,1.0005308389663696,0.0,0.0,,0.197814869816093,2.7961082841002933
3409,NVB,453833.372846246,5678771.35808101,0.0,0.0,0.0,0.0,1.9227182865142824,,1.002254843711853,0.0,0.0,,0.1828856551067874,2.847085552884208
3410,NVB,453834.110080511,5678771.08940179,0.0,0.0,0.0,0.0,1.7953580617904663,,1.0039516687393188,0.0,0.0,,0.1292047073955456,2.999043549135129
3411,NVB,453834.76933303,5678770.83580193,0.0,0.0,0.0,0.0,3.2968103885650635,,1.008591890335083,0.0,0.0,,0.1021832820929115,3.1124058232410667
3412,NVB,453835.46332068,5678770.56242991,0.0,0.0,0.0,0.0,4.362837791442871,,1.020977020263672,0.0,0.0,,0.0832139350821282,3.200875256134589
3413,NVB,453836.165917238,5678770.29687668,0.0,0.0,0.0,0.0,1.8891648054122925,,1.0012266635894775,0.0,0.0,,0.0499365234339143,3.4081003099697247
3414,NVB,453836.902904032,5678770.07036687,0.0,0.0,0.0,0.0,2.546456813812256,,1.0025420188903809,0.0,0.0,,0.0237132624428025,3.344119618236484
3415,NVB,453837.64842816,5678769.86388284,0.0,0.0,0.0,0.0,2.6628129482269287,,1.00339937210083,0.0,0.0,,0.0223824018178629,3.4518311728750644
3416,NVB,453838.454872172,5678769.60004811,0.0,0.0,0.0,0.0,1.1309523582458496,,1.0012006759643557,0.0,0.0,,0.0381882975377118,3.498453469432182
3417,NVB,453839.235333087,5678769.33939024,0.0,0.0,0.0,0.0,2.009025812149048,,1.0037989616394043,0.0,0.0,,0.0038193256316148,3.448025576305033
3418,NVB,453839.989947546,5678769.05860494,0.0,0.0,0.0,0.0,2.50002670288086,,1.002396821975708,0.0,0.0,,0.0316317116265482,3.316754238770424
3419,NVB,453840.657945304,5678768.78951915,0.0,0.0,0.0,0.0,1.4379281997680664,,1.057133436203003,0.0,0.0,,0.0532307487074388,3.182334374518505
3420,NVB,453841.343278056,5678768.51609587,0.0,0.0,0.0,0.0,2.081987142562866,,1.0103493928909302,0.0,0.0,,0.0582918657674728,3.102560179498944
3421,NVB,453842.123589111,5678768.28096146,0.0,0.0,0.0,0.0,2.352067708969116,,1.0034527778625488,0.0,0.0,,0.0740871331800399,3.230853627232744
3422,NVB,453842.921013943,5678768.07922031,0.0,0.0,0.0,0.0,4.628078460693359,,1.0097777843475342,0.0,0.0,,0.0864347262663794,3.367305428379046
3423,NVB,453843.744395744,5678767.87874103,0.0,0.0,0.0,0.0,2.425999641418457,,1.0021395683288574,0.0,0.0,,0.0660282776657287,3.221754076408866
3424,NVB,453844.515830946,5678767.6812864,0.0,0.0,0.0,0.0,2.3914895057678223,,1.0046688318252563,0.0,0.0,,0.0419444947327729,2.9962584830179018
3425,NVB,453845.192281244,5678767.44665254,0.0,0.0,0.0,0.0,4.531338214874268,,1.0063080787658691,0.0,0.0,,0.0349222010871529,2.811821419175633
3426,NVB,453845.860239644,5678767.18422467,0.0,0.0,0.0,0.0,1.0697051286697388,,1.0011488199234009,0.0,0.0,,0.0060284233620961,2.6987312029199657
3427,NVB,453846.614964255,5678766.88457337,0.0,0.0,0.0,0.0,3.1443657875061035,,1.0074564218521118,0.0,0.0,,0.0200275920897808,2.448566753370158
3428,NVB,453847.377972481,5678766.64822724,0.0,0.0,0.0,0.0,0.987976849079132,,1.0017437934875488,0.0,0.0,,-0.0035843445861421,2.604015681878239
3429,NVB,453848.149518065,5678766.43190688,0.0,0.0,0.0,0.0,0.5898140072822571,,1.0021443367004397,0.0,0.0,,0.0100136664069219,2.600895881273863
3430,NVB,453848.921271781,5678766.18007515,0.0,0.0,0.0,0.0,1.32320237159729,,1.0015919208526611,0.0,0.0,,0.030689493695298,2.6356801624503423
3431,NVB,453849.658374906,5678765.93358904,0.0,0.0,0.0,0.0,0.1309790313243866,,1.0002381801605225,0.0,0.0,,0.0397825114703018,2.787398786476769
3432,NVB,453850.360645289,5678765.72352095,0.0,0.0,0.0,0.0,2.599041700363159,,1.0019882917404177,0.0,0.0,,0.0239840747639588,2.89703558610512
3433,NVB,453851.106175141,5678765.51592593,0.0,0.0,0.0,0.0,4.2508039474487305,,1.0093202590942385,0.0,0.0,,0.0370485513039487,2.961454126759797
3434,NVB,453851.938412618,5678765.28109496,0.0,0.0,0.0,0.0,2.8459255695343018,,1.003839135169983,0.0,0.0,,0.0197063317111902,3.000059804025159
3435,NVB,453852.640676374,5678765.0721364,0.0,0.0,0.0,0.0,1.8152892589569087,,1.0035488605499268,0.0,0.0,,0.0741468683836733,3.079102802366891
3436,NVB,453853.308341593,5678764.85964567,0.0,0.0,0.0,0.0,2.0737435817718506,,1.0030364990234375,0.0,0.0,,0.0909245874159731,3.1091931715236787
3437,NVB,453854.114732511,5678764.60468717,0.0,0.0,0.0,0.0,1.2867276668548584,,1.0030632019042969,0.0,0.0,,0.1495127585259677,3.094885795498699
3438,NVB,453854.886401291,5678764.36728132,0.0,0.0,0.0,0.0,3.225107431411743,,1.0079454183578491,0.0,0.0,,0.1735566142040606,3.049412220776542
3439,NVB,453855.64948707,5678764.11761765,0.0,0.0,0.0,0.0,1.2211014032363892,,1.0023332834243774,0.0,0.0,,0.1711800732246939,3.251465713335378
3440,NVB,453856.429940346,5678763.85806781,0.0,0.0,0.0,0.0,3.731257438659668,,1.0112597942352295,0.0,0.0,,0.1675734222664419,3.4426509814932795
3441,NVB,453857.236344063,5678763.60088953,0.0,0.0,0.0,0.0,3.4715006351470947,,1.005626916885376,0.0,0.0,,0.1644297743261996,3.6586289850220752
3442,NVB,453857.860671479,5678763.39924207,0.0,0.0,0.0,0.0,1.877790927886963,,1.0083109140396118,0.0,0.0,,0.1684144532186193,3.698633271568432
3443,NVB,453858.667101119,5678763.13762473,0.0,0.0,0.0,0.0,3.413492441177368,,1.0163743495941162,0.0,0.0,,0.203855778768662,3.921277303839326
3444,NVB,453859.473712819,5678762.84493492,0.0,0.0,0.0,0.0,3.062716245651245,,1.004707098007202,0.0,0.0,,0.2211922185617945,4.196941941315224
3445,NVB,453860.254243886,5678762.57206796,0.0,0.0,0.0,0.0,3.3730146884918213,,1.0070360898971558,0.0,0.0,,0.2128409759858723,4.362518854605803
3446,NVB,453860.99135931,5678762.32336134,0.0,0.0,0.0,0.0,3.865997791290283,,1.0159244537353516,0.0,0.0,,0.1681643870396151,4.352538829666695
3447,NVB,453861.858532826,5678762.03435553,0.0,0.0,0.0,0.0,1.87315833568573,,1.007392406463623,0.0,0.0,,0.1601507610081075,4.325377529364416
3448,NVB,453862.612683993,5678761.83235878,0.0,0.0,0.0,0.0,2.011897325515747,,1.0509029626846311,0.0,0.0,,0.181839461207805,4.313097202853156
3449,NVB,453863.280140544,5678761.65537852,0.0,0.0,0.0,0.0,3.1150362491607666,,1.008002758026123,0.0,0.0,,0.1586052508553283,4.279142274294349
3450,NVB,453864.129634203,5678761.42952552,0.0,0.0,0.0,0.0,5.932540893554688,,1.009848952293396,0.0,0.0,,0.1511552747866618,4.240220918860559
3451,NVB,453864.927324386,5678761.18228329,0.0,0.0,0.0,0.0,4.71823787689209,,1.0069249868392944,0.0,0.0,,0.1362336773948712,3.8731291907589904
3452,NVB,453865.68174202,5678760.93478739,0.0,0.0,0.0,0.0,1.0160372257232666,,1.0081665515899658,0.0,0.0,,0.0790498577654229,3.8548511868673807
3453,NVB,453866.375519591,5678760.69692397,0.0,0.0,0.0,0.0,2.6417622566223145,,1.0062106847763062,0.0,0.0,,0.0731477649958742,3.664675781481802
3454,NVB,453867.086619121,5678760.45694245,0.0,0.0,0.0,0.0,1.8467304706573489,,1.0023233890533447,0.0,0.0,,0.0600676543464555,3.57071482525022
3455,NVB,453867.927711652,5678760.18775893,0.0,0.0,0.0,0.0,2.403366804122925,,1.0092543363571167,0.0,0.0,,0.1144894365524706,3.363496575139893
3456,NVB,453868.595415045,5678759.96860855,0.0,0.0,0.0,0.0,1.6264251470565796,,1.0022575855255127,0.0,0.0,,0.124327984658823,3.135620503534438
3457,NVB,453869.453992039,5678759.66956363,0.0,0.0,0.0,0.0,2.936784029006958,,1.003604531288147,0.0,0.0,,0.1373587075197035,2.814617041460931
3458,NVB,453870.251805414,5678759.40123603,0.0,0.0,0.0,0.0,2.442216396331787,,1.0046305656433103,0.0,0.0,,0.155344092328272,2.822645858935068
3459,NVB,453871.014805673,5678759.16599735,0.0,0.0,0.0,0.0,2.985934257507324,,1.0039664506912231,0.0,0.0,,0.1483274685646365,2.791900715987418
3460,NVB,453871.742830273,5678758.9915908,0.0,0.0,0.0,0.0,2.990569829940796,,1.007750391960144,0.0,0.0,,0.1209076497834591,2.7503323730886984
3461,NVB,453872.496980883,5678758.78959311,0.0,0.0,0.0,0.0,3.287761688232422,,1.0031805038452148,0.0,0.0,,0.1111245368149438,2.764854528327901
3462,NVB,453873.260065541,5678758.53992775,0.0,0.0,0.0,0.0,1.437962770462036,,1.0020195245742798,0.0,0.0,,0.0900763225620153,2.878552514733517
3463,NVB,453873.875685618,5678758.34710614,0.0,0.0,0.0,0.0,2.6905150413513184,,1.003605604171753,0.0,0.0,,0.0917168763174975,2.966845422723652
3464,NVB,453874.725432179,5678758.07797261,0.0,0.0,0.0,0.0,4.638095378875732,,1.005587458610535,0.0,0.0,,0.113423863310618,3.1800696749338524
3465,NVB,453875.419170202,5678757.84676676,0.0,0.0,0.0,0.0,2.4928975105285645,,1.0038743019104004,0.0,0.0,,0.0978633379407799,3.319492411323386
3466,NVB,453876.164978192,5678757.59145106,0.0,0.0,0.0,0.0,4.08251953125,,1.00551176071167,0.0,0.0,,0.084974296591703,3.369365636592198
3467,NVB,453876.936899156,5678757.31076365,0.0,0.0,0.0,0.0,1.5464460849761963,,1.0089850425720217,0.0,0.0,,0.0905656619316038,3.4813006687209844
3468,NVB,453877.674013543,5678757.06205548,0.0,0.0,0.0,0.0,3.6732780933380127,,1.0057992935180664,0.0,0.0,,0.0726578506571626,3.7438099587810343
3469,NVB,453878.454179303,5678756.85133151,0.0,0.0,0.0,0.0,4.171634674072266,,1.0048792362213137,0.0,0.0,,0.0815859343457995,3.947920407758584
3470,NVB,453879.243097032,5678756.62401224,0.0,0.0,0.0,0.0,1.214833378791809,,1.0037829875946045,0.0,0.0,,0.1041457169772981,3.858470007397968
3471,NVB,453879.885427926,5678756.30372352,0.0,0.0,0.0,0.0,2.590607166290283,,1.0030906200408936,0.0,0.0,,0.0653936594544981,3.921625628321989
3472,NVB,453880.44196797,5678755.85419927,0.0,0.0,0.0,0.0,3.720243453979492,,1.0056781768798828,0.0,0.0,,0.1261621928965217,4.011801115958276
3473,NVB,453880.912346591,5678755.33869402,0.0,0.0,0.0,0.0,5.003655910491943,,1.015071988105774,0.0,0.0,,0.1416305497829072,3.8531207105747383
3474,NVB,453881.252842763,5678754.83352552,0.0,0.0,0.0,0.0,3.4231770038604736,,1.004389405250549,0.0,0.0,,0.1112801034337947,3.776811461368413
3475,NVB,453881.611265466,5678754.22303423,0.0,0.0,0.0,0.0,2.0041961669921875,,1.006974458694458,0.0,0.0,,0.1421594099649156,3.7600197690846335
3476,NVB,453881.960858102,5678753.64245488,0.0,0.0,0.0,0.0,2.8730597496032715,,1.002809762954712,0.0,0.0,,0.1566099986413454,3.7743379690995753
3477,NVB,453882.250090287,5678753.02378986,0.0,0.0,0.0,0.0,1.5988095998764038,,1.0046433210372925,0.0,0.0,,0.1997615304484211,3.6938495923636983
3478,NVB,453882.426872578,5678752.3944782,0.0,0.0,0.0,0.0,1.093367576599121,,1.0069016218185425,0.0,0.0,,0.1908861536489665,3.8143554016999937
3479,NVB,453882.508481472,5678751.76016994,0.0,0.0,0.0,0.0,2.0801544189453125,,1.0057945251464844,0.0,0.0,,0.2218277532287683,3.753496139351895
3480,NVB,453882.46023403,5678751.13175956,0.0,0.0,0.0,0.0,3.5228090286254883,,1.010814547538757,0.0,0.0,,0.2208151706807542,3.8678449874245344
3481,NVB,453882.377284142,5678750.51757286,0.0,0.0,0.0,0.0,1.1550642251968384,,1.001869797706604,0.0,0.0,,0.1982553273751825,4.059651737123428
3482,NVB,453882.277129308,5678749.88552911,0.0,0.0,0.0,0.0,2.372997045516968,,1.0102834701538086,0.0,0.0,,0.2021189640006846,4.241619091463661
3483,NVB,453882.203731059,5678749.11825061,0.0,0.0,0.0,0.0,4.799610137939453,,1.0131011009216309,0.0,0.0,,0.2400072867194046,4.4379127205380655
3484,NVB,453882.112698812,5678748.40635712,0.0,0.0,0.0,0.0,8.33539867401123,,1.0200942754745483,0.0,0.0,,0.2585262215717631,4.636297822067416
3485,NVB,453882.003954553,5678747.76316538,0.0,0.0,0.0,0.0,3.5719618797302246,,1.0120751857757568,0.0,0.0,,0.2524721741280399,4.761222965727073
3486,NVB,453881.887569981,5678746.94680533,0.0,0.0,0.0,0.0,8.213805198669434,,1.028303623199463,0.0,0.0,,0.2502324341588308,4.995997057569188
3487,NVB,453881.831441763,5678746.18628659,0.0,0.0,0.0,0.0,10.70932388305664,,1.094683051109314,0.0,0.0,,0.2423955340781175,5.256232845827792
3488,ALG,453881.757900577,5678745.44342209,0.0,0.0,0.0,0.0,2.9191176891326904,,1.0206384658813477,0.0,0.0,,0.2512798753353393,5.445184217974411
3489,ALG,453881.65831145,5678744.71483197,0.0,0.0,0.0,0.0,2.5689055919647217,,1.003857135772705,0.0,0.0,,0.2558403979549239,5.649697120838002
3490,ALG,453881.549937845,5678744.00838571,0.0,0.0,0.0,0.0,1.286412239074707,,1.0011696815490725,0.0,0.0,,0.2861406808674054,5.325977984076436
3491,ALG,453881.467748732,5678743.26436078,0.0,0.0,0.0,0.0,2.053061008453369,,1.0054584741592407,0.0,0.0,,0.3254306643129778,5.006194454994867
3492,ALG,453881.472370962,5678742.475344,0.0,0.0,0.0,0.0,4.722716808319092,,1.0206725597381592,0.0,0.0,,0.3297722484893953,4.812795243548776
3493,ALG,453881.476895676,5678741.70297313,0.0,0.0,0.0,0.0,1.270032286643982,,1.004204273223877,0.0,0.0,,0.3878557268299286,5.250094533514614
3494,ALG,453881.429838088,5678740.87148247,0.0,0.0,0.0,0.0,2.5661871433258057,,1.002060890197754,0.0,0.0,,0.3819819041218032,5.511780294207957
3495,ALG,453881.35679108,5678740.04427863,0.0,0.0,0.0,0.0,4.72999382019043,,1.0085504055023191,0.0,0.0,,0.3683136649441867,4.848141704727715
3496,ALG,453881.24898317,5678739.24128599,0.0,0.0,0.0,0.0,4.028156280517578,,1.003138542175293,0.0,0.0,,0.4000462994334322,4.769326968817607
3497,ALG,453881.106921445,5678738.37594578,0.0,0.0,0.0,0.0,1.9946569204330444,,1.0025925636291504,0.0,0.0,,0.3634740817946542,4.668008796730039
3498,ALG,453880.938441258,5678737.58813444,0.0,0.0,0.0,0.0,2.568800926208496,,1.004477620124817,0.0,0.0,,0.3735562345747968,4.6528948641789
3499,ALG,453880.708846711,5678736.8909659,0.0,0.0,0.0,0.0,2.5578489303588867,,1.0035609006881714,0.0,0.0,,0.3887221476653216,3.9807047559273743
3500,ALG,453880.505436658,5678736.1562187,0.0,0.0,0.0,0.0,4.785954475402832,,1.0099066495895386,0.0,0.0,,0.337766780775918,3.669856131561565
3501,ALG,453880.380033901,5678735.40195269,0.0,0.0,0.0,0.0,0.7741736173629761,,1.0046696662902832,0.0,0.0,,0.3843504510764819,3.698154783925727
3502,ALG,453880.263370152,5678734.63331092,0.0,0.0,0.0,0.0,2.682603120803833,,1.0049158334732056,0.0,0.0,,0.3521391112775183,3.654228417354256
3503,ALG,453880.137928438,5678733.88570328,0.0,0.0,0.0,0.0,5.123591899871826,,1.0181459188461304,0.0,0.0,,0.3333718298360902,3.9907241348964
3504,ALG,453880.012772804,5678733.08926759,0.0,0.0,0.0,0.0,4.321377277374268,,1.0132625102996826,0.0,0.0,,0.3084072504927504,4.175666334141736
3505,ALG,453879.99957916,5678732.38670819,0.0,0.0,0.0,0.0,1.129679560661316,,1.001062035560608,0.0,0.0,,0.2956769111960936,4.208840387117225
3506,ALG,453880.158727208,5678731.81278157,0.0,0.0,0.0,0.0,1.7239419221878052,,1.002864956855774,0.0,0.0,,0.2858622067677525,4.219123221165184
3507,ALG,453880.24924412,5678731.13524461,0.0,0.0,0.0,0.0,2.410950899124145,,1.012950420379639,0.0,0.0,,0.3255398117243834,4.234915483403217
3508,ALG,453880.133549143,5678730.20125332,0.0,0.0,0.0,0.0,6.010196685791016,,1.0087368488311768,0.0,0.0,,0.2974659775950882,4.508245263421884
3509,ALG,453879.999719608,5678729.40809611,0.0,0.0,0.0,0.0,8.965869903564453,,1.05176043510437,0.0,0.0,,0.2861674759368055,4.773076480087466
3510,ALG,453879.84789854,5678728.73135896,0.0,0.0,0.0,0.0,2.979753971099853,,1.0163989067077637,0.0,0.0,,0.2370114436981101,4.76646435834099
3511,ALG,453879.67919766,5678727.98127833,0.0,0.0,0.0,0.0,6.263833045959473,,1.0328993797302246,0.0,0.0,,0.2183677638452332,4.607256747460748
3512,ALG,453879.484650455,5678727.21107049,0.0,0.0,0.0,0.0,6.404414653778076,,1.0427137613296509,0.0,0.0,,0.2244129414945397,4.911353037501469
3513,ALG,453879.298530204,5678726.47975383,0.0,0.0,0.0,0.0,4.821769714355469,,1.0250977277755735,0.0,0.0,,0.2509096167720012,5.071730176913035
3514,ALG,453879.11256602,5678725.72180369,0.0,0.0,0.0,0.0,5.0109639167785645,,1.0295639038085938,0.0,0.0,,0.212928388575171,5.412805109775796
3515,ALG,453878.927213005,5678724.85953909,0.0,0.0,0.0,0.0,7.469094276428223,,1.0176035165786743,0.0,0.0,,0.1658050997840016,5.990150474851583
3516,ALG,453878.802051154,5678724.0642131,0.0,0.0,0.0,0.0,1.27060866355896,,1.0339773893356323,0.0,0.0,,0.1880073473323558,5.955358922668149
3517,ALG,453878.702735677,5678723.28901432,0.0,0.0,0.0,0.0,3.163862705230713,,1.0194783210754397,0.0,0.0,,0.2100719722103962,6.001807690443603
3518,ALG,453878.61183412,5678722.55492618,0.0,0.0,0.0,0.0,1.8279074430465696,,1.0046988725662231,0.0,0.0,,0.2183339982352901,6.441442643833064
3519,ALG,453878.486737356,5678721.7485029,0.0,0.0,0.0,0.0,7.090130805969238,,1.0093778371810913,0.0,0.0,,0.1138537533047402,6.079863066659621
3520,ALG,453878.37933312,5678720.87670705,0.0,0.0,0.0,0.0,4.133676052093506,,1.006994128227234,0.0,0.0,,0.128456712570588,5.742889644512201
3521,ALG,453878.323322502,5678720.09621314,0.0,0.0,0.0,0.0,1.1619430780410769,,1.0023374557495115,0.0,0.0,,0.1594019983403924,5.706173939207669
3522,ALG,453878.310454135,5678719.33816731,0.0,0.0,0.0,0.0,1.3462387323379517,,1.0049715042114258,0.0,0.0,,0.1109278414384302,5.019989307262686
3523,ALG,453878.210852704,5678718.61179656,0.0,0.0,0.0,0.0,3.357994318008423,,1.0110671520233154,0.0,0.0,,0.1183739574428943,5.184208342242015
3524,ALG,453878.007183328,5678717.9214384,0.0,0.0,0.0,0.0,5.585853099822998,,1.0172860622406006,0.0,0.0,,0.134368917599663,5.3422533495864535
3525,ALG,453877.726326108,5678717.11077324,0.0,0.0,0.0,0.0,3.7314612865448,,1.0079224109649658,0.0,0.0,,0.1709601252528514,5.154377283184824
3526,ALG,453877.350829149,5678716.20411369,0.0,0.0,0.0,0.0,4.968113899230957,,1.0140386819839478,0.0,0.0,,0.2047899866535316,5.463976085467831
3527,ALG,453877.130767757,5678715.3571824,0.0,0.0,0.0,0.0,2.068590879440308,,1.0052672624588013,0.0,0.0,,0.08720758325887,5.483895641756783
3528,ALG,453877.075036889,5678714.52897015,0.0,0.0,0.0,0.0,6.233354568481445,,1.0182976722717283,0.0,0.0,,0.1118296139299721,5.656506756264051
3529,ALG,453877.036543407,5678713.71306633,0.0,0.0,0.0,0.0,2.0987234115600586,,1.0048043727874756,0.0,0.0,,0.1359733850802707,6.069181587122798
3530,ALG,453876.998069443,5678712.89383331,0.0,0.0,0.0,0.0,1.85048508644104,,1.006784200668335,0.0,0.0,,0.1315465450893056,5.986476443847422
3531,ALG,453876.933541131,5678712.08998438,0.0,0.0,0.0,0.0,8.680724143981934,,1.035961031913757,0.0,0.0,,0.1107829216355963,6.177309374159662
3532,ALG,453876.921394615,5678711.20875869,0.0,0.0,0.0,0.0,11.25643825531006,,1.0667510032653809,0.0,0.0,,0.1007805542247779,6.296291618215215
3533,ALG,453876.961714408,5678710.23572979,0.0,0.0,0.0,0.0,2.9107329845428467,,1.0118883848190308,0.0,0.0,,0.1524533129630745,6.051149009114539
3534,ALG,453876.958280856,5678709.34456725,0.0,0.0,0.0,0.0,6.68630838394165,,1.009319305419922,0.0,0.0,,0.1218681844600894,5.93567292362887
3535,ALG,453876.876541227,5678708.52397098,0.0,0.0,0.0,0.0,4.436726093292236,,1.00520122051239,0.0,0.0,,0.1741005615893849,5.822977316027575
3536,ALG,453876.769273915,5678707.62887079,0.0,0.0,0.0,0.0,2.3596487045288086,,1.0032471418380735,0.0,0.0,,0.1582153753619985,5.681592906278255
3537,ALG,453876.635516669,5678706.82350648,0.0,0.0,0.0,0.0,3.764093637466431,,1.0075253248214722,0.0,0.0,,0.2120869089309253,5.904588085290641
3538,ALG,453876.501245807,5678706.1058107,0.0,0.0,0.0,0.0,7.068704128265381,,1.0325523614883425,0.0,0.0,,0.2239210947548809,5.949049736747379
3539,ALG,453876.349867653,5678705.35361192,0.0,0.0,0.0,0.0,8.10921859741211,,1.0416247844696045,0.0,0.0,,0.19183584207487,6.1095458363583
3540,ALG,453876.189659548,5678704.63132511,0.0,0.0,0.0,0.0,2.220175266265869,,1.0115721225738523,0.0,0.0,,0.2841285305908048,6.608995987007337
3541,ALG,453876.029991124,5678703.81693083,0.0,0.0,0.0,0.0,2.7649013996124268,,1.0155608654022217,0.0,0.0,,0.1950686538441305,6.594835934071907
3542,ALG,453875.91317879,5678703.0738127,0.0,0.0,0.0,0.0,5.3675456047058105,,1.0173418521881104,0.0,0.0,,0.1809394512934641,6.37777995641169
3543,ALG,453875.804877869,5678702.35515929,0.0,0.0,0.0,0.0,9.125273704528809,,1.029835820198059,0.0,0.0,,0.210905776034065,6.325351826974172
3544,ALG,453875.71415892,5678701.58999871,0.0,0.0,0.0,0.0,2.6310343742370605,,1.0193288326263428,0.0,0.0,,0.239275591792771,6.018783743636368
3545,ALG,453875.615052133,5678700.77928855,0.0,0.0,0.0,0.0,4.311317443847656,,1.0171842575073242,0.0,0.0,,0.2293605097759857,5.750236451578219
3546,ALG,453875.584355077,5678700.10991954,0.0,0.0,0.0,0.0,1.7247437238693235,,1.0376046895980835,0.0,0.0,,0.3085302127021848,5.75466274021934
3547,ALG,453875.59797049,5678699.26324754,0.0,0.0,0.0,0.0,4.233954429626465,,1.0662037134170532,0.0,0.0,,0.2850455603448367,5.386145621330555
3548,NVB,453875.472614376,5678698.5012133,0.0,0.0,0.0,0.0,3.174161672592163,,1.010067343711853,0.0,0.0,,0.3480697838847977,5.233251201961249
3549,NVB,453875.165157669,5678697.79914927,0.0,0.0,0.0,0.0,2.6540651321411133,,1.009639859199524,0.0,0.0,,0.3958270379947291,5.516630353588671
3550,NVB,453874.830872957,5678697.24452698,0.0,0.0,0.0,0.0,6.802173614501953,,1.037163257598877,0.0,0.0,,0.4572693289085484,5.680754341731334
3551,NVB,453874.426988749,5678696.75164379,0.0,0.0,0.0,0.0,2.878260612487793,,1.063915133476257,0.0,0.0,,0.4321835348071213,5.924220690454892
3552,NVB,453873.936235211,5678696.31373991,0.0,0.0,0.0,0.0,3.051990509033203,,1.0118352174758911,0.0,0.0,,0.3807466065068028,6.050312712511683
3553,NVB,453873.444733967,5678696.00345476,0.0,0.0,0.0,0.0,3.695131063461304,,1.0117048025131226,0.0,0.0,,0.3323884570824019,5.9480306338082
3554,NVB,453872.909433937,5678695.78280403,0.0,0.0,0.0,0.0,2.08127498626709,,1.009695053100586,0.0,0.0,,0.3169880850497037,5.755186939559947
3555,SGZ,453872.347591947,5678695.66076695,0.0,0.0,0.0,0.0,3.416731595993042,,1.0122761726379397,0.0,0.0,,0.2868126678044355,5.502679993748235
3556,SGZ,453871.78515174,5678695.64082484,0.0,0.0,0.0,0.0,7.048459053039551,,1.0212466716766355,0.0,0.0,,0.2841735196687482,5.376073239775401
3557,SGZ,453871.170193239,5678695.72156369,0.0,0.0,0.0,0.0,2.5782244205474854,,1.0308760404586792,0.0,0.0,,0.2693930390442509,5.332628609658106
3558,SGZ,453870.554688503,5678695.89551968,0.0,0.0,0.0,0.0,2.244936943054199,,1.004138708114624,0.0,0.0,,0.2396468733466151,5.437600879757953
3559,SGZ,453869.956063415,5678696.14281911,0.0,0.0,0.0,0.0,3.749493837356568,,1.0371215343475342,0.0,0.0,,0.2581720120508687,5.436115229864607
3560,SGZ,453869.287559083,5678696.4995759,0.0,0.0,0.0,0.0,4.765615463256836,,1.037293553352356,0.0,0.0,,0.2681786832034155,5.313248690362251
3561,SGZ,453868.696977062,5678696.85124042,0.0,0.0,0.0,0.0,4.311737060546875,,1.040893793106079,0.0,0.0,,0.2811474974975619,5.254848163478691
3562,SGZ,453868.011072713,5678697.22343187,0.0,0.0,0.0,0.0,7.063745975494385,,1.0259952545166016,0.0,0.0,,0.2312207260391402,5.290362403623729
3563,SGZ,453867.264593798,5678697.59415852,0.0,0.0,0.0,0.0,2.0124168395996094,,1.0048398971557615,0.0,0.0,,0.2355595061409773,5.154468439255193
3564,SGZ,453866.457631358,5678697.94788415,0.0,0.0,0.0,0.0,6.77787446975708,,1.0197720527648926,0.0,0.0,,0.2394956722909588,5.333644594379463
3565,SGZ,453865.642203011,5678698.26937687,0.0,0.0,0.0,0.0,4.1262054443359375,,1.0078370571136477,0.0,0.0,,0.2458873580386208,5.229376626467661
3566,SGZ,453864.878740198,5678698.58451544,0.0,0.0,0.0,0.0,3.765833139419556,,1.012655258178711,0.0,0.0,,0.2325099184222319,5.258864328296288
3567,SGZ,453864.080588058,5678698.91165808,0.0,0.0,0.0,0.0,3.853915214538574,,1.0081758499145508,0.0,0.0,,0.1876705333814496,5.141847610962251
3568,SGZ,453863.195833014,5678699.24828098,0.0,0.0,0.0,0.0,4.835666656494141,,1.006701946258545,0.0,0.0,,0.2295218797463002,4.778249589424074
3569,SGZ,453862.397960401,5678699.52770513,0.0,0.0,0.0,0.0,3.696969985961914,,1.0073367357254028,0.0,0.0,,0.2382623410166406,4.610543821794205
3570,SGZ,453861.678218261,5678699.76652574,0.0,0.0,0.0,0.0,2.448845386505127,,1.0039293766021729,0.0,0.0,,0.1935520554931911,4.6016589776727415
3571,SGZ,453860.854343219,5678700.05245593,0.0,0.0,0.0,0.0,7.985115051269531,,1.0427409410476685,0.0,0.0,,0.1829598501060775,4.916666030553007
3572,SGZ,453860.047724949,5678700.34736531,0.0,0.0,0.0,0.0,1.4645261764526367,,1.0030617713928225,0.0,0.0,,0.2128483613072983,4.987953907418732
3573,SGZ,453859.267089429,5678700.6390976,0.0,0.0,0.0,0.0,2.4629664421081543,,1.008895993232727,0.0,0.0,,0.2247265375693786,5.079967984172411
3574,SGZ,453858.390955887,5678700.98131934,0.0,0.0,0.0,0.0,2.59270977973938,,1.0143169164657593,0.0,0.0,,0.2500292512378259,4.9437808227364535
3575,SGZ,453857.627531539,5678701.28979884,0.0,0.0,0.0,0.0,2.8061869144439697,,1.0333393812179563,0.0,0.0,,0.2730229391796816,5.18014700554812
3576,SGZ,453856.786399358,5678701.56674933,0.0,0.0,0.0,0.0,1.49380362033844,,1.008379578590393,0.0,0.0,,0.2665099866540969,5.144925497050687
3577,SGZ,453855.919446917,5678701.81913352,0.0,0.0,0.0,0.0,6.558967590332031,,1.0355418920516968,0.0,0.0,,0.2945167370143245,5.258162294637498
3578,SGZ,453855.035224583,5678702.06475779,0.0,0.0,0.0,0.0,2.6673269271850586,,1.0046932697296145,0.0,0.0,,0.2821238315569906,5.105276733565356
3579,SGZ,453854.159728176,5678702.29822568,0.0,0.0,0.0,0.0,1.4546006917953491,,1.0425206422805786,0.0,0.0,,0.2449938213011175,5.268487956078674
3580,SGZ,453853.344754218,5678702.54203614,0.0,0.0,0.0,0.0,2.4118363857269287,,1.0025144815444946,0.0,0.0,,0.2452391611625137,5.462150129627828
3581,SGZ,453852.564339398,5678702.79603701,0.0,0.0,0.0,0.0,1.787203311920166,,1.0021259784698486,0.0,0.0,,0.2259933313807197,5.152773022595521
3582,SGZ,453851.818483721,5678703.06022828,0.0,0.0,0.0,0.0,1.3594074249267578,,1.000756025314331,0.0,0.0,,0.2064306788534059,5.147560412585674
3583,SGZ,453851.037880142,5678703.34641111,0.0,0.0,0.0,0.0,3.973325252532959,,1.016537308692932,0.0,0.0,,0.1704981493584427,5.471280321834264
3584,SGZ,453850.239902581,5678703.64358968,0.0,0.0,0.0,0.0,5.721289157867432,,1.0138320922851562,0.0,0.0,,0.1494211201800465,5.534357009472684
3585,SGZ,453849.459402975,5678703.91201671,0.0,0.0,0.0,0.0,8.829619407653809,,1.0310345888137815,0.0,0.0,,0.1079827342361384,5.597824691409301
3586,SGZ,453848.67895536,5678704.17156583,0.0,0.0,0.0,0.0,0.5124886631965637,,1.002791166305542,0.0,0.0,,0.0946121180091243,5.304932181974503
3587,SGZ,453847.863831397,5678704.44089948,0.0,0.0,0.0,0.0,1.574332594871521,,1.0038914680480957,0.0,0.0,,0.0712341186799598,5.005766040451093
3588,SGZ,453846.961941801,5678704.74745643,0.0,0.0,0.0,0.0,3.702699899673462,,1.0559346675872805,0.0,0.0,,0.0319969821808629,4.733862335245018
3589,SGZ,453846.189933757,5678705.04367708,0.0,0.0,0.0,0.0,1.7296807765960691,,1.0072388648986816,0.0,0.0,,0.0332005622974663,4.345642544674779
3590,SGZ,453845.40047364,5678705.3642102,0.0,0.0,0.0,0.0,2.124328851699829,,1.0046868324279783,0.0,0.0,,0.030810559546192,4.153942567210174
3591,SGZ,453844.593659039,5678705.69240986,0.0,0.0,0.0,0.0,2.813170909881592,,1.006558179855347,0.0,0.0,,0.0058614964347852,4.059164412686225
3592,SGZ,453843.882017167,5678706.0256065,0.0,0.0,0.0,0.0,0.7083384990692139,,1.0046581029891968,0.0,0.0,,0.027489172793901,3.8433775949355655
3593,SGZ,453843.213627908,5678706.36238597,0.0,0.0,0.0,0.0,0.689300000667572,,1.003852128982544,0.0,0.0,,0.078705219043429,3.707814886273486
3594,SGZ,453842.502194129,5678706.66007119,0.0,0.0,0.0,0.0,2.1203691959381104,,1.0064526796340942,0.0,0.0,,0.0874638584213005,3.5592814045303194
3595,SGZ,453841.756318215,5678706.9275907,0.0,0.0,0.0,0.0,6.090569496154785,,1.0085018873214722,0.0,0.0,,0.0400881352756914,3.426999784378053
3596,SGZ,453840.915399577,5678707.16791846,0.0,0.0,0.0,0.0,3.6883327960968018,,1.0106781721115112,0.0,0.0,,0.0387299047847851,3.2762982246213905
3597,SGZ,453840.12663527,5678707.36971012,0.0,0.0,0.0,0.0,1.34455406665802,,1.0019209384918213,0.0,0.0,,0.0445489338317806,2.9585583987653687
3598,SGZ,453839.389992771,5678707.53851433,0.0,0.0,0.0,0.0,1.1818503141403198,,1.0115987062454224,0.0,0.0,,0.0292208960327884,2.902889197767147
3599,SGZ,453838.506055567,5678707.73530871,0.0,0.0,0.0,0.0,1.5743848085403442,,1.005297064781189,0.0,0.0,,0.0262203763875274,3.530079761269348
3600,SGZ,453837.708818899,5678707.90597699,0.0,0.0,0.0,0.0,3.850769519805908,,1.0034825801849363,0.0,0.0,,0.0036143581657762,4.490228797173671
3601,SGZ,453836.971870451,5678708.1269382,0.0,0.0,0.0,0.0,4.8193678855896,,1.005959391593933,0.0,0.0,,-0.0488516587641549,5.363755194941546
3602,SGZ,453836.252074663,5678708.37463433,0.0,0.0,0.0,0.0,0.7683945894241333,,1.0124822854995728,0.0,0.0,,-0.0903949319546046,5.525192936034601
3603,SGZ,453835.462991238,5678708.63080221,0.0,0.0,0.0,0.0,1.986742615699768,,1.0013244152069092,0.0,0.0,,-0.0708957718658118,5.601732054340115
3604,SGZ,453834.717199489,5678708.88389459,0.0,0.0,0.0,0.0,5.131221771240234,,1.004734754562378,0.0,0.0,,-0.0338287181844647,5.500937381869136
3605,SGZ,453833.902009464,5678709.16432409,0.0,0.0,0.0,0.0,0.1816543042659759,,1.0013362169265747,0.0,0.0,,-0.0906326482931637,4.85723843119866
3606,SGZ,453833.104134767,5678709.44374528,0.0,0.0,0.0,0.0,1.9717940092086792,,1.0032548904418943,0.0,0.0,,-0.0879266877365834,4.701318857095016
3607,SGZ,453832.297592559,5678709.72533509,0.0,0.0,0.0,0.0,3.4459939002990723,,1.0069481134414673,0.0,0.0,,-0.0585131249224141,4.639240255927403
3608,SGZ,453831.560363933,5678709.99401411,0.0,0.0,0.0,0.0,4.919023513793945,,1.0225578546524048,0.0,0.0,,-0.0179162475582839,4.566304193678464
3609,SGZ,453830.849189699,5678710.24730915,0.0,0.0,0.0,0.0,6.048686981201172,,1.0224835872650146,0.0,0.0,,0.0440485066205971,4.487174401645284
3610,SGZ,453830.155298273,5678710.50514454,0.0,0.0,0.0,0.0,10.648905754089355,,1.097737431526184,0.0,0.0,,0.0626009416950168,4.47126563646321
3611,SGZ,453829.409330442,5678710.78819908,0.0,0.0,0.0,0.0,2.6442039012908936,,1.0083091259002686,0.0,0.0,,0.0878367394074701,4.266842484511999
3612,SGZ,453828.585270796,5678711.10519831,0.0,0.0,0.0,0.0,2.0248732566833496,,1.0018187761306765,0.0,0.0,,0.0929927181854959,3.967359551810348
3613,SGZ,453827.81323538,5678711.40585608,0.0,0.0,0.0,0.0,3.983250141143799,,1.0053287744522097,0.0,0.0,,0.1101878269339491,4.0409838161068246
3614,SGZ,453827.023864981,5678711.71085117,0.0,0.0,0.0,0.0,3.3839619159698486,,1.0076137781143188,0.0,0.0,,0.1219209003049139,4.0661027789250745
3615,SGZ,453826.277623547,5678712.040514,0.0,0.0,0.0,0.0,1.174576759338379,,1.005350112915039,0.0,0.0,,0.1464676791786558,4.064092052524228
3616,SGZ,453825.566084453,5678712.35595335,0.0,0.0,0.0,0.0,7.678055763244629,,1.0296690464019775,0.0,0.0,,0.1758235284906188,4.102532939071826
3617,SGZ,453824.785355294,5678712.66321843,0.0,0.0,0.0,0.0,1.611642599105835,,1.0024421215057373,0.0,0.0,,0.2029367511176406,4.165951439948072
3618,SGZ,453824.030706579,5678712.95066061,0.0,0.0,0.0,0.0,7.031144618988037,,1.018379807472229,0.0,0.0,,0.2184688834529839,4.076010057078624
3619,SGZ,453823.302229443,5678713.20274371,0.0,0.0,0.0,0.0,5.522355079650879,,1.0084282159805298,0.0,0.0,,0.1997669199819971,3.8120810613116913
3620,SGZ,453822.435183468,5678713.47066043,0.0,0.0,0.0,0.0,2.767475128173828,,1.0076377391815186,0.0,0.0,,0.1605829066499937,3.620040685750048
3621,SGZ,453821.637626886,5678713.69570377,0.0,0.0,0.0,0.0,4.121404647827148,,1.0100198984146118,0.0,0.0,,0.1855658061101773,3.347373354696626
3622,SGZ,453820.970069236,5678713.89043615,0.0,0.0,0.0,0.0,2.336153268814087,,1.013827204704285,0.0,0.0,,0.1698553610765945,3.3070269959600567
3623,SGZ,453820.111723119,5678714.15063527,0.0,0.0,0.0,0.0,3.7668888568878174,,1.008012294769287,0.0,0.0,,0.1408371789681018,3.0649990180710462
3624,SGZ,453819.357197772,5678714.41699218,0.0,0.0,0.0,0.0,4.327914237976074,,1.007272720336914,0.0,0.0,,0.1582937693761264,3.02336758818919
3625,SGZ,453818.645964144,5678714.68027367,0.0,0.0,0.0,0.0,4.546399593353272,,1.0093269348144531,0.0,0.0,,0.1660723367545276,2.941632487848346
3626,SGZ,453817.926134609,5678714.93351677,0.0,0.0,0.0,0.0,2.2556285858154297,,1.0057262182235718,0.0,0.0,,0.1315405474613734,2.921538513739511
3627,SGZ,453817.16294815,5678715.20093242,0.0,0.0,0.0,0.0,2.453090190887451,,1.0046778917312622,0.0,0.0,,0.1393989970114394,2.76193450335498
3628,SGZ,453816.399833253,5678715.45614098,0.0,0.0,0.0,0.0,1.6304218769073486,,1.0038968324661257,0.0,0.0,,0.1277380437644561,2.557706629386608
3629,SGZ,453815.610780997,5678715.70675824,0.0,0.0,0.0,0.0,2.3091070652008057,,1.0031580924987793,0.0,0.0,,0.138158325916172,2.48264134168039
3630,SGZ,453814.813067732,5678715.95843438,0.0,0.0,0.0,0.0,2.592136144638061,,1.0029631853103638,0.0,0.0,,0.108480623878204,2.502519470690624
3631,SGZ,453813.998084577,5678716.20335052,0.0,0.0,0.0,0.0,2.055152416229248,,1.0029726028442385,0.0,0.0,,0.092180675826606,2.578711828008358
3632,NVB,453813.209077742,5678716.44619944,0.0,0.0,0.0,0.0,1.6844217777252195,,1.0009382963180542,0.0,0.0,,0.1035683138702887,2.5615907491730945
3633,NVB,453812.385205645,5678716.73101486,0.0,0.0,0.0,0.0,1.1010888814926147,,1.0036725997924805,0.0,0.0,,0.1119066715073572,2.6141277300281978
3634,NVB,453811.622090439,5678716.98622296,0.0,0.0,0.0,0.0,2.21513032913208,,1.0054744482040403,0.0,0.0,,0.0983443335544766,2.6735644322845435
3635,NVB,453810.910745624,5678717.26836914,0.0,0.0,0.0,0.0,3.2659268379211426,,1.0121303796768188,0.0,0.0,,0.0940720629455119,2.690753015761413
3636,NVB,453810.208048697,5678717.55167576,0.0,0.0,0.0,0.0,3.131643056869507,,1.0059908628463743,0.0,0.0,,0.1342821923990765,2.898811049984297
3637,NVB,453809.418833245,5678717.83003561,0.0,0.0,0.0,0.0,0.6606510877609253,,1.0110273361206057,0.0,0.0,,0.1410526045302158,3.0726978353234093
3638,NVB,453808.62087864,5678718.12277107,0.0,0.0,0.0,0.0,2.336158037185669,,1.0069855451583862,0.0,0.0,,0.1305559550468618,3.158190451736228
3639,NVB,453807.848913374,5678718.41121988,0.0,0.0,0.0,0.0,4.3993239402771,,1.0264990329742432,0.0,0.0,,0.0763089103244123,3.4840996483813096
3640,NVB,453807.051232133,5678718.65734659,0.0,0.0,0.0,0.0,1.4879722595214844,,1.0095382928848269,0.0,0.0,,0.1044711014935064,3.663305909645796
3641,NVB,453806.227561436,5678718.90775978,0.0,0.0,0.0,0.0,2.0149285793304443,,1.013088941574097,0.0,0.0,,0.1241863837635961,3.717641412173596
3642,NVB,453805.351416975,5678719.25108538,0.0,0.0,0.0,0.0,4.118505954742432,,1.0089948177337646,0.0,0.0,,0.138269427939071,3.5905476845419884
3643,NVB,453804.553312293,5678719.56934417,0.0,0.0,0.0,0.0,3.2360169887542725,,1.0034011602401731,0.0,0.0,,0.1144976486146823,3.943624819938505
3644,NVB,453803.764194113,5678719.83105754,0.0,0.0,0.0,0.0,1.4672690629959106,,1.0025643110275269,0.0,0.0,,0.1233257883442766,4.243432470962938
3645,NVB,453802.957747434,5678720.09599843,0.0,0.0,0.0,0.0,2.086854934692383,,1.0094653367996216,0.0,0.0,,0.1455423644223266,4.17993847090929
3646,NVB,453802.185912008,5678720.36225212,0.0,0.0,0.0,0.0,1.279022455215454,,1.002212405204773,0.0,0.0,,0.1534446358961388,3.805597129292079
3647,NVB,453801.466179089,5678720.5988478,0.0,0.0,0.0,0.0,1.3055404424667358,,1.001656413078308,0.0,0.0,,0.1472336183934927,3.5682250462249088
3648,NVB,453800.720469738,5678720.8375105,0.0,0.0,0.0,0.0,0.762466549873352,,1.0012178421020508,0.0,0.0,,0.119686385718723,3.238128203664384
3649,NVB,453799.931136384,5678721.13584452,0.0,0.0,0.0,0.0,0.6581892967224121,,1.000410556793213,0.0,0.0,,0.1220054379262703,2.9285799259412344
3650,NVB,453799.202533955,5678721.40901024,0.0,0.0,0.0,0.0,1.9633969068527224,,1.0008580684661863,0.0,0.0,,0.1206030816007442,2.5817849166136986
3651,NVB,453798.49151392,5678721.63566888,0.0,0.0,0.0,0.0,2.854905843734741,,1.0043549537658691,0.0,0.0,,0.0975478319045322,2.530392927484478
3652,NVB,453797.702395323,5678721.89738164,0.0,0.0,0.0,0.0,1.3979109525680542,,1.0030335187911987,0.0,0.0,,0.1215910914231721,2.483506875187463
3653,NVB,453796.93063769,5678722.15031807,0.0,0.0,0.0,0.0,1.034706473350525,,1.0006239414215088,0.0,0.0,,0.1088115523596137,2.4561836689234173
3654,NVB,453796.098149008,5678722.42842263,0.0,0.0,0.0,0.0,1.0159600973129272,,1.001126050949097,0.0,0.0,,0.0638059803694293,2.383314032505705
3655,NVB,453795.361106798,5678722.66491617,0.0,0.0,0.0,0.0,2.3181772232055664,,1.0015753507614136,0.0,0.0,,0.0217429940640755,2.2764263610782103
3656,NVB,453794.650249368,5678722.86383126,0.0,0.0,0.0,0.0,1.133307933807373,,1.00137460231781,0.0,0.0,,0.0166539213636863,2.2886517434174745
3657,NVB,453793.913422014,5678723.06370362,0.0,0.0,0.0,0.0,0.2343015074729919,,1.0020443201065063,0.0,0.0,,-0.0126935119007404,2.1554205337381425
3658,NVB,453793.063448344,5678723.37166893,0.0,0.0,0.0,0.0,1.037631869316101,,1.0019285678863523,0.0,0.0,,-0.0170967862587656,2.0055215324980216
3659,NVB,453791.406623276,5678724.01337702,0.0,0.0,0.0,0.0,1.091311812400818,,1.0022861957550049,0.0,0.0,,0.0062665748169404,2.312966852895713
3660,NVB,453790.652219743,5678724.25864635,0.0,0.0,0.0,0.0,1.531304121017456,,1.0016000270843506,0.0,0.0,,-0.0238790653910838,2.605560364016162
3661,NVB,453789.828417635,5678724.5312524,0.0,0.0,0.0,0.0,1.849778652191162,,1.002129316329956,0.0,0.0,,-0.06324075147053,3.411574940597186
3662,NVB,453789.117097392,5678724.80895771,0.0,0.0,0.0,0.0,1.3034553527832031,,1.005007266998291,0.0,0.0,,-0.1143801978407852,3.859048787133459
3663,NVB,453788.379800686,5678725.08872999,0.0,0.0,0.0,0.0,0.8820140361785889,,1.0028966665267944,0.0,0.0,,-0.1412738489501524,4.30159336019471
3664,NVB,453787.642679814,5678725.33853955,0.0,0.0,0.0,0.0,7.868711948394775,,1.0396771430969238,0.0,0.0,,-0.1762791078156514,4.877403405908175
3665,NVB,453786.905584953,5678725.58391012,0.0,0.0,0.0,0.0,3.0966360569000244,,1.0714502334594729,0.0,0.0,,-0.2239048881148122,5.3248593976721095
3666,NVB,453786.168307639,5678725.86035302,0.0,0.0,0.0,0.0,4.661476135253906,,1.0288368463516235,0.0,0.0,,-0.2171019750653874,5.675630185593474
3667,NVB,453785.457013199,5678726.13361908,0.0,0.0,0.0,0.0,4.512630462646484,,1.0352976322174072,0.0,0.0,,-0.1830198361781436,5.814902233243856
3668,NVB,453784.719735781,5678726.41006185,0.0,0.0,0.0,0.0,3.780613422393799,,1.0120506286621094,0.0,0.0,,-0.1437007159065307,5.48871251915489
3669,NVB,453783.852452452,5678726.71792455,0.0,0.0,0.0,0.0,2.506424188613892,,1.0030505657196045,0.0,0.0,,-0.1131547176994365,4.9543598854372375
3670,NVB,453783.037128403,5678727.02054337,0.0,0.0,0.0,0.0,2.9006032943725586,,1.0063223838806152,0.0,0.0,,-0.078868503413637,4.441844838612584
3671,NVB,453782.264985394,5678727.33895235,0.0,0.0,0.0,0.0,0.8155506253242493,,1.000770926475525,0.0,0.0,,0.0081276687721828,3.8087620991862714
3672,NVB,453781.432137292,5678727.67809042,0.0,0.0,0.0,0.0,3.201621055603028,,1.010897159576416,0.0,0.0,,0.0179490557232734,3.588326316304206
3673,NVB,453780.512705392,5678728.02337867,0.0,0.0,0.0,0.0,1.8901488780975344,,1.0033652782440186,0.0,0.0,,0.0271591136230857,3.533741512746666
3674,NVB,453779.723390074,5678728.31838148,0.0,0.0,0.0,0.0,1.2475446462631226,,1.0019426345825195,0.0,0.0,,0.0370503455511693,3.285494539058886
3675,SGZ,453778.925498417,5678728.60001666,0.0,0.0,0.0,0.0,1.45049786567688,,1.0003926753997805,0.0,0.0,,0.036397942697213,2.8146936407910235
3676,SGZ,453778.084484242,5678728.85587394,0.0,0.0,0.0,0.0,2.386862277984619,,1.0019985437393188,0.0,0.0,,0.0302597293492154,2.4758154964270123
3677,SGZ,453777.304214155,5678729.08434363,0.0,0.0,0.0,0.0,0.2567974030971527,,1.0010453462600708,0.0,0.0,,-0.0233453250942924,2.600347697731893
3678,SGZ,453776.489378292,5678729.30373215,0.0,0.0,0.0,0.0,1.4361318349838257,,1.0114117860794067,0.0,0.0,,-0.0175888827362042,2.7888609914246345
3679,SGZ,453775.674614054,5678729.51091357,0.0,0.0,0.0,0.0,0.8476812839508057,,1.0004864931106567,0.0,0.0,,-0.060768201252604,2.805414449197189
3680,SGZ,453774.842592973,5678729.70911546,0.0,0.0,0.0,0.0,0.4214150905609131,,1.0009130239486694,0.0,0.0,,-0.0732047519785613,2.851328436848612
3681,SGZ,453774.062374834,5678729.928707,0.0,0.0,0.0,0.0,0.2778122127056122,,1.0004199743270874,0.0,0.0,,-0.0484153860014046,3.309786140051461
3682,SGZ,453773.35119037,5678730.18310659,0.0,0.0,0.0,0.0,0.5873156189918518,,1.001697659492493,0.0,0.0,,-0.0612101319446228,3.645107953472094
3683,SGZ,453772.579248656,5678730.46711304,0.0,0.0,0.0,0.0,1.5901856422424316,,1.002696514129639,0.0,0.0,,-0.0609911535397664,4.053387303476408
3684,SGZ,453771.885418642,5678730.71384604,0.0,0.0,0.0,0.0,6.191488265991211,,1.0159252882003784,0.0,0.0,,-0.0563902156956893,4.327439057840527
3685,SGZ,453771.287035344,5678730.91896834,0.0,0.0,0.0,0.0,6.074643135070801,,1.0163838863372805,0.0,0.0,,-0.0375642060082309,4.719502788256783
3686,SGZ,453770.60195095,5678731.15021585,0.0,0.0,0.0,0.0,6.675680160522461,,1.0435659885406494,0.0,0.0,,0.0055242042363605,5.121128647977558
3687,SGZ,453769.786704118,5678731.43951656,0.0,0.0,0.0,0.0,1.9529228210449217,,1.00789475440979,0.0,0.0,,0.0095367742648089,5.603924491916025
3688,SGZ,453769.049425637,5678731.71595786,0.0,0.0,0.0,0.0,4.101853370666504,,1.0095242261886597,0.0,0.0,,-0.0112071446626885,6.008905353412533
3689,SGZ,453768.242917873,5678731.99088277,0.0,0.0,0.0,0.0,7.39382791519165,,1.0388445854187012,0.0,0.0,,0.0003262873829037,6.428689634375784
3690,SGZ,453767.358363432,5678732.29198365,0.0,0.0,0.0,0.0,4.242644786834717,,1.0034875869750977,0.0,0.0,,-0.0197446485018781,6.663833695313201
3691,SGZ,453766.577916714,5678732.55041495,0.0,0.0,0.0,0.0,2.727271556854248,,1.021653175354004,0.0,0.0,,-0.0141833252854047,6.824218371207924
3692,SGZ,453765.901577746,5678732.76617668,0.0,0.0,0.0,0.0,7.958830833435059,,1.1182048320770264,0.0,0.0,,0.0148624610669165,6.8064690640662056
3693,SGZ,453765.164507554,5678733.00710631,0.0,0.0,0.0,0.0,11.754583358764648,,1.0362635850906372,0.0,0.0,,0.0210423177685125,6.746864691438767
3694,SGZ,453764.436033129,5678733.25807426,0.0,0.0,0.0,0.0,3.406176805496216,,1.010006070137024,0.0,0.0,,0.0293581447444885,6.852738660416056
3695,SGZ,453763.707297951,5678733.55343128,0.0,0.0,0.0,0.0,2.585231304168701,,1.0212256908416748,0.0,0.0,,-0.0195099797983461,6.8654085863697
3696,SGZ,453762.93470377,5678733.94840962,0.0,0.0,0.0,0.0,2.0492208003997803,,1.0067312717437744,0.0,0.0,,-0.0015025372553417,6.950385738313604
3697,SGZ,453762.248973591,5678734.28951951,0.0,0.0,0.0,0.0,2.678901433944702,,1.070077419281006,0.0,0.0,,0.025524182255459,7.168041342439642
3698,SGZ,453761.528755825,5678734.60823145,0.0,0.0,0.0,0.0,5.400238513946533,,1.0296839475631714,0.0,0.0,,0.0156080811990534,7.375118457905255
3699,SGZ,453760.782809239,5678734.88684061,0.0,0.0,0.0,0.0,6.208471775054932,,1.0469835996627808,0.0,0.0,,0.0314695379427619,7.525868749266185
3700,SGZ,453760.037149399,5678735.11662165,0.0,0.0,0.0,0.0,4.591477394104004,,1.0157984495162964,0.0,0.0,,0.0253837083702975,8.199812924097822
3701,SGZ,453759.300248278,5678735.32869781,0.0,0.0,0.0,0.0,4.324182510375977,,1.0456762313842771,0.0,0.0,,0.0054639477320263,8.304997409827424
3702,SGZ,453758.511478952,5678735.53048132,0.0,0.0,0.0,0.0,2.055515766143799,,1.0171465873718262,0.0,0.0,,0.0194549600486629,8.293889774909577
3703,SGZ,453757.696843942,5678735.71546633,0.0,0.0,0.0,0.0,10.954811096191406,,1.032630205154419,0.0,0.0,,0.0186873485440902,7.923057975147274
3704,SGZ,453756.916820264,5678735.90176433,0.0,0.0,0.0,0.0,3.679078578948975,,1.046694040298462,0.0,0.0,,-0.0021141507848927,7.458301209431978
3705,SGZ,453756.102113474,5678736.09895618,0.0,0.0,0.0,0.0,3.789306640625,,1.1017833948135376,0.0,0.0,,0.0264318741432594,7.180206823470474
3706,SGZ,453755.252684447,5678736.31370025,0.0,0.0,0.0,0.0,6.901339530944824,,1.0445321798324585,0.0,0.0,,0.0892485541397156,6.652451254985884
3707,SGZ,453754.524411478,5678736.53026571,0.0,0.0,0.0,0.0,5.4253363609313965,,1.0216758251190186,0.0,0.0,,0.066812644036893,6.230160428581264
3708,SGZ,453753.856589396,5678736.76938155,0.0,0.0,0.0,0.0,5.8603105545043945,,1.0145466327667236,0.0,0.0,,0.0395818092456036,5.982506600564577
3709,SGZ,453753.162725624,5678737.02166155,0.0,0.0,0.0,0.0,2.796427726745605,,1.0081475973129272,0.0,0.0,,0.0316699108177254,5.706689550114676
3710,SGZ,453752.451428996,5678737.29492464,0.0,0.0,0.0,0.0,2.6964550018310547,,1.0196582078933716,0.0,0.0,,0.0401478846582431,5.560154454812579
3711,SGZ,453751.661981275,5678737.61211922,0.0,0.0,0.0,0.0,7.531095504760742,,1.0564212799072266,0.0,0.0,,0.0662638156689464,5.684487837533915
3712,SGZ,453750.855204981,5678737.93254122,0.0,0.0,0.0,0.0,2.3224942684173584,,1.0135438442230225,0.0,0.0,,0.1042370053105286,5.746722434264765
3713,SGZ,453750.091824869,5678738.23213251,0.0,0.0,0.0,0.0,7.742257118225098,,1.053538799285889,0.0,0.0,,0.0916458771865875,6.026498926647963
3714,SGZ,453749.345779727,5678738.52738652,0.0,0.0,0.0,0.0,9.17984390258789,,1.060168743133545,0.0,0.0,,0.0878785831279355,5.988900695334598
3715,SGZ,453748.651759177,5678738.8062996,0.0,0.0,0.0,0.0,7.49888801574707,,1.1369173526763916,0.0,0.0,,0.0957772544567178,5.766112898723304
3716,SGZ,453747.957732058,5678739.08632235,0.0,0.0,0.0,0.0,4.09432315826416,,1.0932406187057495,0.0,0.0,,0.108185898390308,6.04254145020534
3717,SGZ,453747.298270634,5678739.37542626,0.0,0.0,0.0,0.0,1.8452394008636477,,1.0229580402374268,0.0,0.0,,0.0872602751414246,6.12769608400357
3718,SGZ,453746.58699314,5678739.64535964,0.0,0.0,0.0,0.0,1.1874467134475708,,1.0095621347427368,0.0,0.0,,0.0832391879189095,5.628526968301708
3719,SGZ,453745.858667451,5678739.87080213,0.0,0.0,0.0,0.0,6.356480121612549,,1.0382415056228638,0.0,0.0,,0.0739718457190149,5.708431169714769
3720,SGZ,453745.130322159,5678740.09957373,0.0,0.0,0.0,0.0,5.078567028045654,,1.0737861394882202,0.0,0.0,,0.0590002219137585,5.54424596983865
3721,SGZ,453744.375902544,5678740.3470581,0.0,0.0,0.0,0.0,6.508518695831299,,1.0351239442825315,0.0,0.0,,0.0873743469235789,5.151350737101721
3722,SGZ,453743.534762058,5678740.62399654,0.0,0.0,0.0,0.0,12.473470687866213,,1.0359586477279663,0.0,0.0,,0.1186608511910213,5.118035490122035
3723,SGZ,453742.780401026,5678740.8614932,0.0,0.0,0.0,0.0,3.2934610843658447,,1.0067356824874878,0.0,0.0,,0.131554444541945,4.806581021477917
3724,SGZ,453742.034785717,5678741.08350445,0.0,0.0,0.0,0.0,2.4712612628936768,,1.002236008644104,0.0,0.0,,0.1062183816812711,4.663798177889332
3725,SGZ,453741.375871646,5678741.27939068,0.0,0.0,0.0,0.0,4.587793827056885,,1.0106092691421509,0.0,0.0,,0.1041634040272722,4.683534667123234
3726,SGZ,453740.673593859,5678741.49055878,0.0,0.0,0.0,0.0,3.792738914489746,,1.005861520767212,0.0,0.0,,0.1064296610058889,4.658820958827956
3727,SGZ,453739.884510404,5678741.7456074,0.0,0.0,0.0,0.0,1.4367103576660156,,1.008237361907959,0.0,0.0,,0.099743911501361,4.570137928521491
3728,SGZ,453739.130005688,5678742.00751774,0.0,0.0,0.0,0.0,5.755703926086426,,1.0133612155914309,0.0,0.0,,0.0847881438040079,4.701625505249624
3729,SGZ,453738.392862047,5678742.26065189,0.0,0.0,0.0,0.0,1.8109419345855715,,1.0121440887451172,0.0,0.0,,0.0868589260440151,4.569057186841186
3730,SGZ,453737.647011711,5678742.52261294,0.0,0.0,0.0,0.0,1.571812868118286,,1.0012764930725098,0.0,0.0,,0.0744807664448477,4.43595139669063
3731,SGZ,453736.909770153,5678742.79239288,0.0,0.0,0.0,0.0,2.0797829627990723,,1.0201401710510254,0.0,0.0,,0.0537671665170528,3.96797197744672
3732,SGZ,453736.146519454,5678743.06978827,0.0,0.0,0.0,0.0,0.7723769545555115,,1.003028154373169,0.0,0.0,,0.0516346425268778,3.4718436623681
3733,SGZ,453735.357331342,5678743.34259208,0.0,0.0,0.0,0.0,3.423151016235352,,1.0055257081985474,0.0,0.0,,0.0247663809303913,3.0893868343426814
3734,NVB,453734.602708927,5678743.6244771,0.0,0.0,0.0,0.0,0.8982736468315125,,1.0139575004577637,0.0,0.0,,0.0212599254081729,3.090487851752721
3735,FMAT,453733.856708326,5678743.91196154,0.0,0.0,0.0,0.0,1.7502155303955078,,1.0022746324539185,0.0,0.0,,-0.0310265673177101,3.183544157523985
3736,FMAT,453733.145371253,5678744.19188127,0.0,0.0,0.0,0.0,2.203086853027344,,1.002302885055542,0.0,0.0,,-0.002341577660963,3.30766924737952
3737,FMAT,453731.575257688,5678744.8041228,0.0,0.0,0.0,0.0,3.98882508277893,,1.0172699689865112,0.0,0.0,,0.0296632842187506,3.557143855562918
3738,FMAT,453730.803260803,5678745.097003,0.0,0.0,0.0,0.0,2.7514827251434326,,1.0114446878433228,0.0,0.0,,0.0409934494362337,3.67668977730442
3739,FMAT,453730.048638051,5678745.37888758,0.0,0.0,0.0,0.0,6.982115268707275,,1.021537184715271,0.0,0.0,,0.0307736686603426,3.809673114639733
3740,FMAT,453729.302780609,5678745.64195757,0.0,0.0,0.0,0.0,2.792274713516236,,1.034459352493286,0.0,0.0,,0.04238028653395,3.8207989649241614
3741,FMAT,453728.548275155,5678745.9038669,0.0,0.0,0.0,0.0,2.0169498920440674,,1.0014034509658811,0.0,0.0,,0.028550846739254,3.788876013057801
3742,FMAT,453727.733090421,5678746.18206599,0.0,0.0,0.0,0.0,4.496195316314697,,1.0057700872421265,0.0,0.0,,0.0218514933442671,3.939401066226311
3743,FMAT,453726.987311097,5678746.43181903,0.0,0.0,0.0,0.0,4.227882385253906,,1.0049645900726318,0.0,0.0,,0.0648093549427319,4.057048700999813
3744,FMAT,453726.328291823,5678746.64545966,0.0,0.0,0.0,0.0,3.6861867904663086,,1.0113468170166016,0.0,0.0,,0.0980112267084333,4.328260460380169
3745,FMAT,453725.5132961,5678746.89147641,0.0,0.0,0.0,0.0,6.890585422515869,,1.0440157651901243,0.0,0.0,,0.0894933555733218,4.456590175755657
3746,FMAT,453724.785021295,5678747.10803913,0.0,0.0,0.0,0.0,3.834425687789917,,1.002915859222412,0.0,0.0,,0.096290493382737,4.808876268180105
3747,FMAT,453724.030835183,5678747.31557133,0.0,0.0,0.0,0.0,4.83524227142334,,1.0382059812545776,0.0,0.0,,0.109140089028372,4.916654793469923
3748,FMAT,453723.250692096,5678747.52184112,0.0,0.0,0.0,0.0,1.663209080696106,,1.01376211643219,0.0,0.0,,0.1277772018029572,4.667622012889
3749,FMAT,453722.461613976,5678747.77577827,0.0,0.0,0.0,0.0,4.018747806549072,,1.004799246788025,0.0,0.0,,0.1443372054132252,4.491511565464437
3750,FMAT,453721.750276134,5678748.05569698,0.0,0.0,0.0,0.0,1.950274109840393,,1.0051902532577517,0.0,0.0,,0.1406216347212805,4.507120996257455
3751,FMAT,453721.012831265,5678748.35987701,0.0,0.0,0.0,0.0,1.98579216003418,,1.0151580572128296,0.0,0.0,,0.1459052668166659,4.815490046506774
3752,FMAT,453720.31014128,5678748.64095619,0.0,0.0,0.0,0.0,5.205879211425781,,1.0272705554962158,0.0,0.0,,0.1285686029580839,4.972076122136185
3753,FMAT,453719.590161841,5678748.91860436,0.0,0.0,0.0,0.0,2.1580734252929688,,1.0141838788986206,0.0,0.0,,0.1170520774811453,5.015071074320763
3754,FMAT,453718.913611363,5678749.16987338,0.0,0.0,0.0,0.0,5.11868953704834,,1.0303871631622314,0.0,0.0,,0.1128353028018351,4.92580469398571
3755,FMAT,453718.245858855,5678749.3967792,0.0,0.0,0.0,0.0,3.181337118148804,,1.006086826324463,0.0,0.0,,0.1235316032564513,4.814416287211524
3756,FMAT,453717.604030625,5678749.63049598,0.0,0.0,0.0,0.0,4.342808723449707,,1.0179002285003662,0.0,0.0,,0.1270332744250623,4.72982000865266
3757,FMAT,453716.927388682,5678749.89730103,0.0,0.0,0.0,0.0,2.8404135704040527,,1.0200245380401611,0.0,0.0,,0.1638848840633579,4.475381635338803
3758,FMAT,453716.216043922,5678750.17832896,0.0,0.0,0.0,0.0,3.533324718475342,,1.00343656539917,0.0,0.0,,0.218382082109072,4.553537718121175
3759,FMAT,453715.522092904,5678750.44503213,0.0,0.0,0.0,0.0,1.9230605363845823,,1.001175880432129,0.0,0.0,,0.2066574603776126,4.630307605357548
3760,FMAT,453714.793491263,5678750.71708034,0.0,0.0,0.0,0.0,1.9595574140548704,,1.0024795532226562,0.0,0.0,,0.2009699772391141,4.721647941948648
3761,FMAT,453714.056345997,5678750.97021222,0.0,0.0,0.0,0.0,3.0485565662384038,,1.02641761302948,0.0,0.0,,0.2171449143716081,5.0468706351612616
3762,FMAT,453713.241297228,5678751.22510553,0.0,0.0,0.0,0.0,6.8254008293151855,,1.0121243000030518,0.0,0.0,,0.2056584556232199,5.3663287031335205
3763,FMAT,453712.564922513,5678751.44641135,0.0,0.0,0.0,0.0,4.901254653930664,,1.0047025680541992,0.0,0.0,,0.1924489859546955,5.596447307309843
3764,FMAT,453711.853877599,5678751.67639139,0.0,0.0,0.0,0.0,5.825379371643066,,1.019176959991455,0.0,0.0,,0.1775233980809387,5.263000269850962
3765,FMAT,453711.099566717,5678751.9050072,0.0,0.0,0.0,0.0,4.284409523010254,,1.019194722175598,0.0,0.0,,0.1627926727672011,5.135044999883526
3766,FMAT,453710.388593493,5678752.12278009,0.0,0.0,0.0,0.0,1.79652202129364,,1.0640475749969482,0.0,0.0,,0.1731251153277255,5.0460246226205
3767,FMAT,453709.660272094,5678752.34710952,0.0,0.0,0.0,0.0,1.676788091659546,,1.0057976245880127,0.0,0.0,,0.1753847821083976,5.306799513630343
3768,FMAT,453708.923250487,5678752.57915608,0.0,0.0,0.0,0.0,5.059751987457275,,1.037660002708435,0.0,0.0,,0.1957523501855785,5.306325962678703
3769,FMAT,453708.203590021,5678752.80242654,0.0,0.0,0.0,0.0,1.599489688873291,,1.0022523403167725,0.0,0.0,,0.1742341620716374,5.241149552215141
3770,FMAT,453707.449076629,5678753.06544358,0.0,0.0,0.0,0.0,3.8818743228912354,,1.0071972608566284,0.0,0.0,,0.1529229954496723,5.029207911742109
3771,FMAT,453706.746431405,5678753.33875345,0.0,0.0,0.0,0.0,1.914313077926636,,1.005263090133667,0.0,0.0,,0.1313419241859877,5.123120990057153
3772,FMAT,453706.113133006,5678753.59360502,0.0,0.0,0.0,0.0,7.309714794158935,,1.054309606552124,0.0,0.0,,0.0890815045987124,5.436016280903642
3773,FMAT,453705.462473375,5678753.85723259,0.0,0.0,0.0,0.0,0.8506887555122375,,1.0016647577285769,0.0,0.0,,0.1024844488610798,5.710609173695607
3774,FMAT,453704.733714434,5678754.15591335,0.0,0.0,0.0,0.0,2.145857334136963,,1.0129117965698242,0.0,0.0,,0.1212166389353197,5.961806716733863
3775,FMAT,453704.100579053,5678754.38302155,0.0,0.0,0.0,0.0,3.4205400943756104,,1.016283631324768,0.0,0.0,,0.1070657106268566,5.587702983210303
3776,FMAT,453703.250735418,5678754.66767292,0.0,0.0,0.0,0.0,0.5204013586044312,,1.0132901668548584,0.0,0.0,,0.0724791596569103,5.823830058974368
3777,FMAT,453702.582897137,5678754.90900389,0.0,0.0,0.0,0.0,3.2992806434631348,,1.0060876607894895,0.0,0.0,,0.05475625120154,5.828161657612666
3778,FMAT,453701.784973823,5678755.1950702,0.0,0.0,0.0,0.0,4.110745429992676,,1.0122909545898438,0.0,0.0,,0.0566912193912911,6.010766647540224
3779,FMAT,453701.143098935,5678755.43655374,0.0,0.0,0.0,0.0,4.873932838439941,,1.0347063541412354,0.0,0.0,,0.0391766630642998,5.983734199472967
3780,FMAT,453700.501178318,5678755.68580532,0.0,0.0,0.0,0.0,4.995131492614746,,1.058483004570007,0.0,0.0,,0.0277610066467642,6.023395147566781
3781,FMAT,453699.850603166,5678755.93500595,0.0,0.0,0.0,0.0,3.3326988220214844,,1.0159978866577148,0.0,0.0,,0.0060013653999911,6.2901375798287
3782,FMAT,453699.18274509,5678756.17966582,0.0,0.0,0.0,0.0,1.6947273015975952,,1.0082169771194458,0.0,0.0,,0.0027036768165361,6.5273597274520565
3783,FMAT,453698.410948177,5678756.43814128,0.0,0.0,0.0,0.0,5.097397804260254,,1.031111717224121,0.0,0.0,,-0.0154283695158079,6.885454224489591
3784,FMAT,453697.769249305,5678756.64966188,0.0,0.0,0.0,0.0,4.861541271209717,,1.0455375909805298,0.0,0.0,,-0.0419219234789349,7.1049629852139065
3785,FMAT,453697.075532044,5678756.87641321,0.0,0.0,0.0,0.0,13.593945503234863,,1.0881859064102173,0.0,0.0,,-0.0744118609592209,7.287036642337336
3786,FMAT,453696.321194109,5678757.10946653,0.0,0.0,0.0,0.0,3.359367847442627,,1.0137903690338137,0.0,0.0,,-0.1186832785214585,7.500896001683191
3787,FMAT,453695.618894067,5678757.32395981,0.0,0.0,0.0,0.0,12.250030517578123,,1.0638427734375,0.0,0.0,,-0.096963779437719,7.634991430251326
3788,FMAT,453694.916593986,5678757.53845304,0.0,0.0,0.0,0.0,6.54512357711792,,1.1421351432800293,0.0,0.0,,-0.0759934362406076,7.702777704478202
3789,FMAT,453694.205456602,5678757.78396769,0.0,0.0,0.0,0.0,3.639977216720581,,1.0118125677108765,0.0,0.0,,-0.0858868396650995,7.584211027523709
3790,FMAT,453693.485586349,5678758.0427481,0.0,0.0,0.0,0.0,8.728960037231445,,1.0669397115707395,0.0,0.0,,-0.0760373735523227,7.513668638471792
3791,FMAT,453692.757192097,5678758.27928298,0.0,0.0,0.0,0.0,3.1524600982666016,,1.0649096965789795,0.0,0.0,,-0.0804484020800206,7.065992758729738
3792,FMAT,453692.054839628,5678758.50265378,0.0,0.0,0.0,0.0,3.6685307025909424,,1.0391428470611572,0.0,0.0,,-0.0893296513774147,6.751881051933106
3793,FMAT,453691.361122033,5678758.72940461,0.0,0.0,0.0,0.0,9.336443901062012,,1.0326107740402222,0.0,0.0,,-0.0900234596434202,6.256053267167167
3794,FMAT,453690.650023594,5678758.96826057,0.0,0.0,0.0,0.0,7.171586036682129,,1.0577712059020996,0.0,0.0,,-0.0894604070433718,5.630678327140044
3795,FMAT,453689.852269153,5678759.22547274,0.0,0.0,0.0,0.0,5.264185428619385,,1.0379793643951416,0.0,0.0,,-0.1297526612992349,4.757836166502057
3796,FMAT,453689.10660485,5678759.45524709,0.0,0.0,0.0,0.0,0.884489893913269,,1.0032628774642944,0.0,0.0,,-0.1152902207615491,4.160622405344112
3797,FMAT,453688.369503609,5678759.70060849,0.0,0.0,0.0,0.0,2.4456264972686768,,1.008743166923523,0.0,0.0,,-0.102059829284616,3.759159425391492
3798,FMAT,453687.675655234,5678759.94955356,0.0,0.0,0.0,0.0,2.0927114486694336,,1.004628300666809,0.0,0.0,,-0.126304001301917,3.676952974709756
3799,FMAT,453687.025203349,5678760.17766829,0.0,0.0,0.0,0.0,3.368199825286865,,1.003712177276611,0.0,0.0,,-0.125657115509223,3.718690534793091
3800,FMAT,453686.40065617,5678760.41592328,0.0,0.0,0.0,0.0,5.316599845886231,,1.0122339725494385,0.0,0.0,,-0.1157830683328688,3.678023196822029
3801,FMAT,453685.767363053,5678760.66966349,0.0,0.0,0.0,0.0,5.081109046936035,,1.019145131111145,0.0,0.0,,-0.1434681092334532,3.811765760555132
3802,FMAT,453685.090862678,5678760.9120518,0.0,0.0,0.0,0.0,3.432729721069336,,1.024979829788208,0.0,0.0,,-0.147650172179323,3.938500956247532
3803,FMAT,453684.371044057,5678761.16195356,0.0,0.0,0.0,0.0,2.432828903198242,,1.0053353309631348,0.0,0.0,,-0.1323607971807952,4.192951214434632
3804,FMAT,453683.642551301,5678761.41513352,0.0,0.0,0.0,0.0,3.925642490386963,,1.008358359336853,0.0,0.0,,-0.1312963101092085,4.261344499056825
3805,FMAT,453682.905351766,5678761.67714033,0.0,0.0,0.0,0.0,1.712616205215454,,1.0039091110229492,0.0,0.0,,-0.1440266732987837,4.047561442863904
3806,FMAT,453682.18548077,5678761.93591972,0.0,0.0,0.0,0.0,4.9236674308776855,,1.0115966796875,0.0,0.0,,-0.0867495619634365,3.825808883926426
3807,FMAT,453681.517732611,5678762.16171271,0.0,0.0,0.0,0.0,0.0805023536086082,,1.0261142253875732,0.0,0.0,,-0.04763764506977,3.908817396187758
3808,FMAT,453680.772022074,5678762.39925437,0.0,0.0,0.0,0.0,2.9370779991149902,,1.01232647895813,0.0,0.0,,-0.0553911375786283,4.0558291856247575
3809,FMAT,453680.078453976,5678762.60048046,0.0,0.0,0.0,0.0,0.8302728533744812,,1.0142961740493774,0.0,0.0,,-0.0636111504771255,4.144007812591585
3810,FMAT,453679.358850506,5678762.81376073,0.0,0.0,0.0,0.0,0.3850887715816498,,1.0081194639205933,0.0,0.0,,-0.0998178879732276,4.010076444207606
3811,FMAT,453678.595739421,5678763.06673654,0.0,0.0,0.0,0.0,7.557022094726562,,1.029844880104065,0.0,0.0,,-0.0986885902911482,4.306477951280338
3812,FMAT,453677.841302377,5678763.31643402,0.0,0.0,0.0,0.0,2.093421459197998,,1.0163719654083252,0.0,0.0,,-0.0793640452665191,4.55225167469225
3813,FMAT,453677.10422,5678763.55846518,0.0,0.0,0.0,0.0,2.6777212619781494,,1.0293128490447998,0.0,0.0,,-0.0701166663029957,4.623043268165091
3814,FMAT,453676.470821843,5678763.8299603,0.0,0.0,0.0,0.0,1.7501665353775024,,1.005223035812378,0.0,0.0,,-0.0849803988721962,4.602133132921638
3815,FMAT,453675.83735834,5678764.11255266,0.0,0.0,0.0,0.0,7.526453971862793,,1.0317630767822266,0.0,0.0,,-0.0731143107461381,4.473857243631586
3816,FMAT,453675.160243527,5678764.45925457,0.0,0.0,0.0,0.0,2.676753282546997,,1.0062086582183838,0.0,0.0,,-0.0487574560010344,4.383216923868992
3817,FMAT,453674.535166697,5678764.78739661,0.0,0.0,0.0,0.0,1.7515230178833008,,1.0015407800674438,0.0,0.0,,-0.0677468443345569,4.097234368994914
3818,FMAT,453673.858848459,5678764.99871156,0.0,0.0,0.0,0.0,3.7355644702911377,,1.018692135810852,0.0,0.0,,-0.0800832248687116,3.869987545725673
3819,FMAT,453673.078787136,5678765.19054993,0.0,0.0,0.0,0.0,1.2174513339996338,,1.0037471055984497,0.0,0.0,,-0.1095984576074811,3.7310222406189255
3820,FMAT,453672.307439052,5678765.3724516,0.0,0.0,0.0,0.0,2.05969500541687,,1.003040790557861,0.0,0.0,,-0.1057240037828658,3.749422223639925
3821,FMAT,453671.388494137,5678765.63338781,0.0,0.0,0.0,0.0,2.9977476596832275,,1.0036784410476685,0.0,0.0,,-0.1180954103139364,3.992012880141396
3822,FMAT,453670.564833621,5678765.88045769,0.0,0.0,0.0,0.0,1.9076112508773804,,1.0113009214401243,0.0,0.0,,-0.1125857934486711,4.176655424405504
3823,FMAT,453669.810402575,5678766.12904467,0.0,0.0,0.0,0.0,4.303114414215088,,1.0326272249221802,0.0,0.0,,-0.1087726775736446,4.155305730005529
3824,FMAT,453669.021307737,5678766.38519595,0.0,0.0,0.0,0.0,8.500547409057617,,1.0627132654190063,0.0,0.0,,-0.0942990737093582,4.157229323694519
3825,FMAT,453668.292755209,5678766.64836205,0.0,0.0,0.0,0.0,1.1265922784805298,,1.0052015781402588,0.0,0.0,,-0.0936077519744873,3.948410604265299
3826,FMAT,453667.607435978,5678766.91844114,0.0,0.0,0.0,0.0,2.252684593200684,,1.0033150911331177,0.0,0.0,,-0.0974546819483567,3.735158749032909
3827,FMAT,453666.930686304,5678767.20299756,0.0,0.0,0.0,0.0,0.6581827998161316,,1.001533031463623,0.0,0.0,,-0.1070981194683168,3.624807087454356
3828,FMAT,453666.219266297,5678767.49622801,0.0,0.0,0.0,0.0,2.6179802417755127,,1.002677083015442,0.0,0.0,,-0.1293864212734926,3.266367985227141
3829,FMAT,453665.516533401,5678767.78396069,0.0,0.0,0.0,0.0,3.808536529541016,,1.0128318071365356,0.0,0.0,,-0.1206241861404607,3.091352304134187
3830,FMAT,453664.813898426,5678768.05504739,0.0,0.0,0.0,0.0,4.082458972930908,,1.0126793384552002,0.0,0.0,,-0.0671943934726877,3.327848739722451
3831,FMAT,453664.163366806,5678768.29647699,0.0,0.0,0.0,0.0,1.738186240196228,,1.003152847290039,0.0,0.0,,-0.0688796430081965,3.6603599529864335
3832,FMAT,453663.504363527,5678768.5067832,0.0,0.0,0.0,0.0,1.2588586807250977,,1.0014249086380005,0.0,0.0,,-0.1023540619441879,3.768029848663803
3833,FMAT,453662.810702985,5678768.72354397,0.0,0.0,0.0,0.0,2.156689167022705,,1.012768030166626,0.0,0.0,,-0.0737636104349226,3.879163523081593
3834,FMAT,453662.108400956,5678768.93803428,0.0,0.0,0.0,0.0,4.27517032623291,,1.0134227275848389,0.0,0.0,,-0.0620867045524356,3.909980824224899
3835,FMAT,453661.241480307,5678769.18262903,0.0,0.0,0.0,0.0,1.5709270238876345,,1.0048199892044067,0.0,0.0,,-0.0813370104682195,3.828823777713296
3836,FMAT,453660.444056971,5678769.38324209,0.0,0.0,0.0,0.0,2.611335039138794,,1.0237373113632202,0.0,0.0,,-0.0625646923403211,3.92337058837334
3837,FMAT,453659.724393536,5678769.60650813,0.0,0.0,0.0,0.0,3.071705102920532,,1.0100494623184204,0.0,0.0,,-0.0396250023077665,4.357682341870055
3838,FMAT,453658.848667982,5678769.87657543,0.0,0.0,0.0,0.0,6.311656951904297,,1.0157006978988647,0.0,0.0,,-0.0128629000159131,4.766752401703308
3839,FMAT,453658.206953848,5678770.09031228,0.0,0.0,0.0,0.0,2.9758992195129395,,1.0068743228912354,0.0,0.0,,-0.0355852367667401,5.254395614638267
3840,FMAT,453657.443782557,5678770.3532736,0.0,0.0,0.0,0.0,3.682337045669556,,1.0146658420562744,0.0,0.0,,-0.0543517574765903,5.972693048747773
3841,FMAT,453656.776000285,5678770.58461315,0.0,0.0,0.0,0.0,2.9415283203125,,1.015486240386963,0.0,0.0,,-0.0449329497468531,6.302637804600977
3842,FMAT,453656.116852889,5678770.81933277,0.0,0.0,0.0,0.0,2.0886032581329346,,1.019644856452942,0.0,0.0,,-0.0230948225557019,6.680803003941693
3843,FMAT,453655.466346899,5678771.05632274,0.0,0.0,0.0,0.0,10.659327507019045,,1.025486707687378,0.0,0.0,,-0.0139281480565191,6.884184136168883
3844,FMAT,453654.677022429,5678771.35131308,0.0,0.0,0.0,0.0,1.382063388824463,,1.0020087957382202,0.0,0.0,,-0.0113834324439643,6.610364097549192
3845,FMAT,453653.930963929,5678771.64766781,0.0,0.0,0.0,0.0,2.7651493549346924,,1.003911375999451,0.0,0.0,,-0.0129426555836042,5.974332171496918
3846,FMAT,453653.176531784,5678771.89625321,0.0,0.0,0.0,0.0,10.048221588134766,,1.068197250366211,0.0,0.0,,-0.048122771045006,5.62759164057287
3847,FMAT,453652.370205176,5678772.13898418,0.0,0.0,0.0,0.0,1.4272998571395874,,1.0023951530456543,0.0,0.0,,-0.0715410977845705,5.050238649435646
3848,FMAT,453651.728288142,5678772.38712208,0.0,0.0,0.0,0.0,2.384552478790283,,1.0149283409118652,0.0,0.0,,-0.0487787731527441,5.08985342468933
3849,FMAT,453651.06045979,5678772.62622924,0.0,0.0,0.0,0.0,1.962801814079285,,1.019272804260254,0.0,0.0,,-0.0252464783440921,5.664872406779022
3850,FMAT,453650.418660273,5678772.85439192,0.0,0.0,0.0,0.0,2.245673894882202,,1.0152145624160769,0.0,0.0,,-0.001968298061272,5.778763549059709
3851,FMAT,453649.690263312,5678773.09092283,0.0,0.0,0.0,0.0,8.929559707641602,,1.0240802764892578,0.0,0.0,,0.0603004755957385,5.750034751875418
3852,FMAT,453648.987855982,5678773.32316763,0.0,0.0,0.0,0.0,8.002179145812988,,1.0203702449798584,0.0,0.0,,0.0657963775126224,6.393837763371564
3853,FMAT,453648.189987594,5678773.59924098,0.0,0.0,0.0,0.0,7.216114521026611,,1.015255093574524,0.0,0.0,,0.0715388320425915,6.888113339490869
3854,FMAT,453647.435489733,5678773.85892312,0.0,0.0,0.0,0.0,3.188248872756958,,1.019384503364563,0.0,0.0,,0.0329132246084487,7.092412772092515
3855,FMAT,453646.698287787,5678774.12092655,0.0,0.0,0.0,0.0,7.842360973358154,,1.0291203260421753,0.0,0.0,,0.0211238248312297,6.832340121653754
3856,FMAT,453645.943757154,5678774.38615718,0.0,0.0,0.0,0.0,3.232713460922241,,1.0085129737854004,0.0,0.0,,0.0219906772993392,6.3075062177694905
3857,FMAT,453645.224007891,5678774.62384837,0.0,0.0,0.0,0.0,3.180342435836792,,1.0282108783721924,0.0,0.0,,0.0189894536694912,5.985674011928252
3858,FMAT,453644.547674921,5678774.83738027,0.0,0.0,0.0,0.0,0.654711902141571,,1.0034009218215942,0.0,0.0,,0.0289142913750463,6.024114357735038
3859,FMAT,453643.810616539,5678775.07496941,0.0,0.0,0.0,0.0,2.7140052318573,,1.0068999528884888,0.0,0.0,,0.124277685093867,5.838964490283347
3860,FMAT,453643.055870075,5678775.3768208,0.0,0.0,0.0,0.0,3.82573676109314,,1.030922293663025,0.0,0.0,,0.2052510022429827,5.544142174896867
3861,FMAT,453642.353161743,5678775.66011251,0.0,0.0,0.0,0.0,2.2404098510742188,,1.0175435543060305,0.0,0.0,,0.2649465404353063,5.185222435110121
3862,FMAT,453641.685169452,5678775.92696209,0.0,0.0,0.0,0.0,4.767106056213379,,1.0193705558776855,0.0,0.0,,0.2987176476883001,4.814111896325601
3863,FMAT,453640.991226631,5678776.19143926,0.0,0.0,0.0,0.0,9.61812973022461,,1.0233615636825562,0.0,0.0,,0.3023099536638704,4.494576785723074
3864,FMAT,453640.29745367,5678776.42706343,0.0,0.0,0.0,0.0,7.089482307434082,,1.01589035987854,0.0,0.0,,0.2744736676590487,4.571855489980376
3865,FMAT,453639.594986942,5678776.66929495,0.0,0.0,0.0,0.0,4.4485273361206055,,1.0115604400634766,0.0,0.0,,0.2628755874007205,4.79936704775759
3866,FMAT,453638.90118122,5678776.91046765,0.0,0.0,0.0,0.0,2.39576268196106,,1.005629539489746,0.0,0.0,,0.2289205039121716,4.781757052972628
3867,FMAT,453638.181418433,5678777.15037765,0.0,0.0,0.0,0.0,0.3704600930213928,,1.002121925354004,0.0,0.0,,0.2099274953445419,4.617748416301684
3868,FMAT,453637.444294285,5678777.39906348,0.0,0.0,0.0,0.0,7.109272003173828,,1.014885425567627,0.0,0.0,,0.21394541726451,4.232441173967064
3869,FMAT,453636.603165538,5678777.67266137,0.0,0.0,0.0,0.0,2.079042196273804,,1.002618432044983,0.0,0.0,,0.2387675901195606,4.064769867172094
3870,FMAT,453635.840077729,5678777.92119414,0.0,0.0,0.0,0.0,0.8208999633789062,,1.0008082389831543,0.0,0.0,,0.2564036715786668,3.991118852965923
3871,FMAT,453635.163711531,5678778.14027388,0.0,0.0,0.0,0.0,2.4665026664733887,,1.0018932819366455,0.0,0.0,,0.2599243032396839,3.8751358016441664
3872,FMAT,453634.391956036,5678778.390975,0.0,0.0,0.0,0.0,2.6014370918273926,,1.0017002820968628,0.0,0.0,,0.2806336152689787,3.684496673292147
3873,FMAT,453633.646157518,5678778.64293869,0.0,0.0,0.0,0.0,3.5566418170928955,,1.0064997673034668,0.0,0.0,,0.2273226928681503,3.842863516201591
3874,FMAT,453632.96918335,5678778.96522297,0.0,0.0,0.0,0.0,3.216705322265625,,1.0292882919311523,0.0,0.0,,0.1639598232572642,4.191157941607214
3875,FMAT,453632.222829161,5678779.31151344,0.0,0.0,0.0,0.0,6.118581771850586,,1.0300248861312866,0.0,0.0,,0.113905387885411,4.522309363974205
3876,FMAT,453631.537925869,5678779.51056679,0.0,0.0,0.0,0.0,3.167375326156616,,1.0181673765182495,0.0,0.0,,0.0972803161737806,4.549466813132495
3877,FMAT,453630.827104732,5678779.70169905,0.0,0.0,0.0,0.0,4.883812427520752,,1.0132635831832886,0.0,0.0,,0.1033497363875092,4.725121069641056
3878,FMAT,453630.133533779,5678779.90292076,0.0,0.0,0.0,0.0,3.5154502391815186,,1.0136655569076538,0.0,0.0,,0.1497757843384027,4.618636124531052
3879,FMAT,453629.439877809,5678780.11856887,0.0,0.0,0.0,0.0,0.5326945781707764,,1.0021578073501587,0.0,0.0,,0.1423578201052067,4.569330012882
3880,FMAT,453628.754719447,5678780.36090138,0.0,0.0,0.0,0.0,1.4396964311599731,,1.001901388168335,0.0,0.0,,0.1729213529097741,4.2936406891645404
3881,FMAT,453628.025974672,5678780.65624589,0.0,0.0,0.0,0.0,4.973781108856201,,1.031208872795105,0.0,0.0,,0.2040029414984926,4.0840378812831135
3882,FMAT,453627.288581851,5678780.95042964,0.0,0.0,0.0,0.0,3.2617979049682617,,1.0140749216079712,0.0,0.0,,0.2344049258357216,3.740154651755757
3883,FMAT,453626.568354213,5678781.26912929,0.0,0.0,0.0,0.0,1.7838696241378784,,1.0010995864868164,0.0,0.0,,0.2248029228996751,3.701136039181329
3884,FMAT,453625.891660609,5678781.54369466,0.0,0.0,0.0,0.0,3.035259485244751,,1.0022923946380615,0.0,0.0,,0.1859847616944013,3.540719662638712
3885,FMAT,453625.223994098,5678781.75505643,0.0,0.0,0.0,0.0,1.2128748893737793,,1.001514554023743,0.0,0.0,,0.1402768877127511,3.2549896831509813
3886,FMAT,453624.495634748,5678781.98492665,0.0,0.0,0.0,0.0,3.103628158569336,,1.002192139625549,0.0,0.0,,0.0907099300961477,2.998843291769968
3887,FMAT,453623.620024232,5678782.23501494,0.0,0.0,0.0,0.0,2.070399045944214,,1.0033169984817505,0.0,0.0,,-0.002519973092609,2.9972366393028653
3888,FMAT,453622.865720828,5678782.46140288,0.0,0.0,0.0,0.0,0.864376425743103,,1.0014898777008057,0.0,0.0,,-0.0954879355301728,3.043523426986477
3889,FMAT,453622.111365077,5678782.69666857,0.0,0.0,0.0,0.0,1.7019251585006714,,1.0020239353179932,0.0,0.0,,-0.1285232208204025,2.954187431485088
3890,FMAT,453621.339634856,5678782.94292951,0.0,0.0,0.0,0.0,1.0137110948562622,,1.0078635215759275,0.0,0.0,,-0.1170223850968059,2.975389906902658
3891,FMAT,453620.637297694,5678783.16296478,0.0,0.0,0.0,0.0,0.8701630234718323,,1.00381600856781,0.0,0.0,,-0.1089771854673988,3.0900291743672943
3892,FMAT,453620.021636505,5678783.36131529,0.0,0.0,0.0,0.0,0.6511962413787842,,1.001197338104248,0.0,0.0,,-0.102774474868212,3.0733049583691807
3893,FMAT,453619.345204004,5678783.59149095,0.0,0.0,0.0,0.0,1.3779048919677734,,1.0014010667800903,0.0,0.0,,-0.0841525306494153,3.035717847215659
3894,FMAT,453618.651318574,5678783.84597861,0.0,0.0,0.0,0.0,3.6910903453826895,,1.0038150548934937,0.0,0.0,,-0.0861072967738954,2.949451316570227
3895,FMAT,453617.974709463,5678784.10611683,0.0,0.0,0.0,0.0,1.925634860992432,,1.0017982721328735,0.0,0.0,,-0.1381479380329148,2.853549128256108
3896,FMAT,453617.254651139,5678784.3959627,0.0,0.0,0.0,0.0,2.2392237186431885,,1.0019104480743408,0.0,0.0,,-0.153581772254554,2.8262338593209018
3897,FMAT,453616.638630162,5678784.65534801,0.0,0.0,0.0,0.0,1.790395736694336,,1.003783941268921,0.0,0.0,,-0.1492353027687148,2.877590319416093
3898,FMAT,453615.961903221,5678784.93546116,0.0,0.0,0.0,0.0,2.2750844955444336,,1.001333475112915,0.0,0.0,,-0.1458728011491525,2.845650057591043
3899,FMAT,453615.172588907,5678785.2282281,0.0,0.0,0.0,0.0,1.489818453788757,,1.007475972175598,0.0,0.0,,-0.1389837845672206,2.804078477670736
3900,FMAT,453614.418043036,5678785.49567518,0.0,0.0,0.0,0.0,2.905061960220337,,1.0087014436721802,0.0,0.0,,-0.1432303700885986,2.723846772934028
3901,FMAT,453613.689781092,5678785.70889848,0.0,0.0,0.0,0.0,0.4426339566707611,,1.0008271932601929,0.0,0.0,,-0.1328847852564486,2.610935986592003
3902,FMAT,453612.952805731,5678785.93205828,0.0,0.0,0.0,0.0,2.363389492034912,,1.0077242851257324,0.0,0.0,,-0.1017321592375772,2.4855842453375216
3903,FMAT,453612.224340998,5678786.17968302,0.0,0.0,0.0,0.0,2.793953895568848,,1.003834843635559,0.0,0.0,,-0.0790530925319967,2.377721927642579
3904,FMAT,453611.4352749,5678786.43027992,0.0,0.0,0.0,0.0,2.2954909801483154,,1.006019949913025,0.0,0.0,,-0.1012420701068443,2.152637357188646
3905,FMAT,453610.715621541,5678786.65132204,0.0,0.0,0.0,0.0,1.7307682037353516,,1.0044431686401367,0.0,0.0,,-0.1108428083221125,2.1789528199763724
3906,FMAT,453610.108575115,5678786.85638114,0.0,0.0,0.0,0.0,1.5672590732574463,,1.0039708614349363,0.0,0.0,,-0.0885418356367686,2.3353541895704377
3907,FMAT,453609.345511704,5678787.10047245,0.0,0.0,0.0,0.0,3.472358465194702,,1.003442883491516,0.0,0.0,,-0.1255890181915845,2.431648521161151
3908,FMAT,453608.591240103,5678787.32131039,0.0,0.0,0.0,0.0,1.327540159225464,,1.0045632123947144,0.0,0.0,,-0.1706618720341451,2.48269894783105
3909,FMAT,453607.828170055,5678787.56651127,0.0,0.0,0.0,0.0,1.183078408241272,,1.0150490999221802,0.0,0.0,,-0.1967547796782298,2.479363161217626
3910,FMAT,453607.030436063,5678787.81927618,0.0,0.0,0.0,0.0,0.5661495923995972,,1.0036243200302124,0.0,0.0,,-0.1982674293728588,2.488665324676626
3911,FMAT,453606.163446148,5678788.07496217,0.0,0.0,0.0,0.0,0.6050904989242554,,1.0009785890579224,0.0,0.0,,-0.1704750268249279,2.5889833687782886
3912,FMAT,453605.40049367,5678788.30018772,0.0,0.0,0.0,0.0,1.7605339288711548,,1.0042530298233032,0.0,0.0,,-0.1279276035548321,2.492567864591528
3913,FMAT,453604.767516078,5678788.49954476,0.0,0.0,0.0,0.0,0.7009738683700562,,1.0011979341506958,0.0,0.0,,-0.1317719563414742,2.455000786306329
3914,FMAT,453604.091056513,5678788.73415804,0.0,0.0,0.0,0.0,0.953683853149414,,1.0023441314697266,0.0,0.0,,-0.1297291096103034,2.4831325303741343
3915,FMAT,453603.362414652,5678789.01174464,0.0,0.0,0.0,0.0,2.609090566635132,,1.002653956413269,0.0,0.0,,-0.1077728974170958,2.5606932084272693
3916,FMAT,453602.633805436,5678789.28378252,0.0,0.0,0.0,0.0,0.6547403931617737,,1.002474665641785,0.0,0.0,,-0.0741782675572457,2.5364779728484077
3917,FMAT,453601.939918949,5678789.53826871,0.0,0.0,0.0,0.0,1.0361969470977783,,1.0022326707839966,0.0,0.0,,-0.0690886669980293,2.533274459143481
3918,FMAT,453601.202668184,5678789.808036,0.0,0.0,0.0,0.0,1.7983901500701904,,1.004952311515808,0.0,0.0,,-0.0682450620011818,2.645754038766297
3919,FMAT,453600.465397743,5678790.08113241,0.0,0.0,0.0,0.0,1.316637396812439,,1.001813530921936,0.0,0.0,,-0.0886862310627816,2.6360834964909947
3920,FMAT,453599.710713536,5678790.37188238,0.0,0.0,0.0,0.0,1.1413084268569946,,1.0030641555786133,0.0,0.0,,-0.0987605654282212,2.5870077522109667
3921,FMAT,453598.87791608,5678790.69990395,0.0,0.0,0.0,0.0,1.0003769397735596,,1.0031245946884155,0.0,0.0,,-0.094518711403966,2.694525722332496
3922,FMAT,453598.166648323,5678790.96649481,0.0,0.0,0.0,0.0,1.2160255908966064,,1.0007448196411133,0.0,0.0,,-0.0707379323202211,2.733495235492269
3923,FMAT,453597.524930757,5678791.18022673,0.0,0.0,0.0,0.0,1.2119792699813845,,1.0011497735977173,0.0,0.0,,-0.088657428216617,2.759460459404965
3924,FMAT,453596.692538668,5678791.43944492,0.0,0.0,0.0,0.0,3.72214412689209,,1.003284215927124,0.0,0.0,,-0.1108342933475172,2.7196630740528
3925,FMAT,453596.007496021,5678791.66179948,0.0,0.0,0.0,0.0,0.8569121360778809,,1.0005030632019043,0.0,0.0,,-0.1100111710773792,2.812427973797437
3926,FMAT,453595.261668807,5678791.91819846,0.0,0.0,0.0,0.0,1.3340826034545898,,1.0005555152893066,0.0,0.0,,-0.0815250727578113,3.035752696519826
3927,FMAT,453594.437787187,5678792.20188145,0.0,0.0,0.0,0.0,0.9804710149765016,,1.0020277500152588,0.0,0.0,,-0.0535703109967532,3.835326717652352
3928,FMAT,453593.717975808,5678792.4495555,0.0,0.0,0.0,0.0,2.9211580753326416,,1.006606936454773,0.0,0.0,,-0.0229109274607283,4.273576982664074
3929,FMAT,453593.050209346,5678792.67756049,0.0,0.0,0.0,0.0,2.648202657699585,,1.004032850265503,0.0,0.0,,-0.0165547126437475,4.666720450575617
3930,FMAT,453592.347785455,5678792.91201971,0.0,0.0,0.0,0.0,1.4547371864318848,,1.005805253982544,0.0,0.0,,-0.0041359344627727,4.615529802022435
3931,FMAT,453591.584747051,5678793.15167039,0.0,0.0,0.0,0.0,9.094271659851074,,1.088352084159851,0.0,0.0,,0.0287718567922587,4.452416374152993
3932,FMAT,453590.778285451,5678793.41658965,0.0,0.0,0.0,0.0,6.051784992218018,,1.0096466541290283,0.0,0.0,,0.0401580205554028,4.799968770067808
3933,FMAT,453589.94578168,5678793.69467251,0.0,0.0,0.0,0.0,1.96265172958374,,1.0012661218643188,0.0,0.0,,0.0426827082681061,5.192779669989223
3934,FMAT,453589.139261088,5678793.96957916,0.0,0.0,0.0,0.0,1.7541650533676147,,1.000606894493103,0.0,0.0,,0.02484024838465,4.802124154546284
3935,FMAT,453588.350023346,5678794.24902668,0.0,0.0,0.0,0.0,8.349655151367188,,1.0279005765914917,0.0,0.0,,-0.0395302694781925,4.524887615297329
3936,FMAT,453587.638682934,5678794.5278236,0.0,0.0,0.0,0.0,5.028059005737305,,1.0138057470321655,0.0,0.0,,-0.0673105753157311,4.711274970916044
3937,FMAT,453586.814656823,5678794.83591981,0.0,0.0,0.0,0.0,5.442635536193848,,1.0320427417755127,0.0,0.0,,-0.1076259893677118,5.261762915912417
3938,FMAT,453586.077483534,5678795.09236895,0.0,0.0,0.0,0.0,0.2103040963411331,,1.0055207014083862,0.0,0.0,,-0.0951020209300962,5.365078367265202
3939,FMAT,453585.409670824,5678795.32814139,0.0,0.0,0.0,0.0,0.4205873310565948,,1.0052518844604492,0.0,0.0,,-0.0529002908896868,5.3045005570070565
3940,FMAT,453584.57706197,5678795.62397933,0.0,0.0,0.0,0.0,2.968806743621826,,1.0144078731536863,0.0,0.0,,-0.0356219377220228,4.808958079917994
3941,FMAT,453583.891789604,5678795.88517334,0.0,0.0,0.0,0.0,5.181017875671387,,1.0200862884521484,0.0,0.0,,-0.0397053287400578,4.823519666822653
3942,FMAT,453583.232415379,5678796.15761765,0.0,0.0,0.0,0.0,2.486794233322144,,1.0234304666519165,0.0,0.0,,-0.0475610851867333,4.991162069956262
3943,FMAT,453582.59032402,5678796.43460287,0.0,0.0,0.0,0.0,1.216694474220276,,1.1007481813430786,0.0,0.0,,-0.0686268999647531,4.840973281544813
3944,FMAT,453581.740307709,5678796.74698439,0.0,0.0,0.0,0.0,4.196765899658203,,1.0054972171783447,0.0,0.0,,-0.0842319048486946,5.289604664087893
3945,FMAT,453580.959979145,5678796.9832028,0.0,0.0,0.0,0.0,2.073198080062866,,1.01403546333313,0.0,0.0,,-0.0576382598615524,6.968491463692017
3946,FMAT,453580.118878987,5678797.25124604,0.0,0.0,0.0,0.0,3.1667897701263428,,1.0134985446929932,0.0,0.0,,-0.0359975846134871,8.811306827024161
3947,FMAT,453579.338432539,5678797.5074394,0.0,0.0,0.0,0.0,2.108803033828736,,1.0368081331253052,0.0,0.0,,0.0046248047923022,9.744855543282457
3948,FMAT,453578.531983155,5678797.77013796,0.0,0.0,0.0,0.0,10.9130859375,,1.139537692070007,0.0,0.0,,-0.0041281421538966,10.390352561913929
3949,FMAT,453577.864176525,5678798.00480002,0.0,0.0,0.0,0.0,18.365270614624023,,1.1777000427246094,0.0,0.0,,-0.0208640438549795,10.913593515114094
3950,FMAT,453577.196402576,5678798.23391339,0.0,0.0,0.0,0.0,8.470820426940918,,1.0554498434066772,0.0,0.0,,-0.0195030011025196,11.16937244298474
3951,FMAT,453575.730984059,5678798.70025226,0.0,0.0,0.0,0.0,7.702181339263916,,1.055274486541748,0.0,0.0,,-0.0062805097729736,11.42163663661922
3952,FMAT,453574.97654676,5678798.9488302,0.0,0.0,0.0,0.0,15.107206344604492,,1.2116680145263672,0.0,0.0,,-0.0447023644827624,10.954989929837732
3953,FMAT,453574.230698511,5678799.20855638,0.0,0.0,0.0,0.0,6.492742538452148,,1.0184346437454224,0.0,0.0,,-0.0607695669951668,10.915504884099713
3954,FMAT,453573.545353491,5678799.4819565,0.0,0.0,0.0,0.0,14.56300926208496,,1.3435864448547363,0.0,0.0,,-0.048240199532122,10.613060174704351
3955,FMAT,453572.825108834,5678799.80287072,0.0,0.0,0.0,0.0,8.27630615234375,,1.0395334959030151,0.0,0.0,,-0.0393625529756213,10.368191106415807
3956,FMAT,453572.191684434,5678800.07768669,0.0,0.0,0.0,0.0,16.512958526611328,,1.0752264261245728,0.0,0.0,,-0.0279977281873244,10.04510005268041
3957,FMAT,453571.480401807,5678800.3464946,0.0,0.0,0.0,0.0,5.402193546295166,,1.1171927452087402,0.0,0.0,,-0.0051762752019383,8.991205564670262
3958,FMAT,453570.708563493,5678800.61050624,0.0,0.0,0.0,0.0,2.1754329204559326,,1.0945773124694824,0.0,0.0,,-0.0007932054915496,7.847979263431362
3959,FMAT,453569.928103307,5678800.86891813,0.0,0.0,0.0,0.0,9.133108139038086,,1.0917574167251587,0.0,0.0,,-0.0143469497774743,7.707523196097521
3960,FMAT,453569.130471419,5678801.10392356,0.0,0.0,0.0,0.0,10.512351989746094,,1.0647711753845217,0.0,0.0,,-0.0088359987081557,7.837964500287644
3961,FMAT,453568.419528933,5678801.31502533,0.0,0.0,0.0,0.0,2.437361717224121,,1.022976040840149,0.0,0.0,,0.0215280145621435,8.008981326880862
3962,FMAT,453567.73462859,5678801.51296342,0.0,0.0,0.0,0.0,9.17800998687744,,1.0694173574447632,0.0,0.0,,0.0085035395191224,8.24636140192567
3963,FMAT,453566.972400182,5678801.61500542,0.0,0.0,0.0,0.0,5.1073503494262695,,1.0278152227401731,0.0,0.0,,-0.0066303408463995,8.368751376385552
3964,FMAT,453566.245536108,5678801.5907425,0.0,0.0,0.0,0.0,3.110523223876953,,1.0143476724624634,0.0,0.0,,0.0037078526470427,8.645051417085941
3965,FMAT,453565.579777497,5678801.47805857,0.0,0.0,0.0,0.0,8.590425491333008,,1.016003966331482,0.0,0.0,,0.0087716279230163,8.966123034131133
3966,FMAT,453564.897128721,5678801.29424989,0.0,0.0,0.0,0.0,9.83646011352539,,1.0789817571640017,0.0,0.0,,0.0253451787741482,9.40841296471458
3967,FMAT,453564.361855991,5678801.06913929,0.0,0.0,0.0,0.0,7.184565544128418,,1.0463320016860962,0.0,0.0,,0.0133209518264163,9.915005067795551
3968,FMAT,453563.896310582,5678800.76120741,0.0,0.0,0.0,0.0,5.620852947235107,,1.046969652175903,0.0,0.0,,0.0224180173873696,9.92317311582914
3969,FMAT,453563.500381219,5678800.38931965,0.0,0.0,0.0,0.0,16.82928466796875,,1.0816386938095093,0.0,0.0,,-0.0213655570728114,9.888833779706372
3970,FMAT,453563.079188661,5678799.89853781,0.0,0.0,0.0,0.0,1.4197282791137695,,1.056255340576172,0.0,0.0,,-0.0815232269551096,9.707721601583318
3971,FMAT,453562.727500886,5678799.36266547,0.0,0.0,0.0,0.0,9.198166847229004,,1.0795859098434448,0.0,0.0,,-0.0859399240080988,9.686702610820236
3972,FMAT,453562.540098926,5678798.85328682,0.0,0.0,0.0,0.0,14.923049926757812,,1.1065720319747925,0.0,0.0,,-0.0230592270018196,9.621500742357336
3973,FMAT,453562.431275191,5678798.22784614,0.0,0.0,0.0,0.0,3.923095941543579,,1.0290635824203491,0.0,0.0,,-0.051717764717295,9.498066795583544
3974,FMAT,453562.443300862,5678797.65638712,0.0,0.0,0.0,0.0,4.817665576934815,,1.0267471075057983,0.0,0.0,,-0.0457325151569687,9.2454329500456
3975,FMAT,453562.550670498,5678797.06107563,0.0,0.0,0.0,0.0,4.885684490203857,,1.0534199476242063,0.0,0.0,,-0.0385132628541391,8.720561353842134
3976,FMAT,453562.753161515,5678796.47964242,0.0,0.0,0.0,0.0,3.7970919609069824,,1.201529622077942,0.0,0.0,,-0.0317629878870688,8.378108791346344
3977,FMAT,453563.015893899,5678795.95627242,0.0,0.0,0.0,0.0,0.6099764108657837,,1.0291359424591064,0.0,0.0,,-0.0070978657353306,8.382075458066968
3978,FMAT,453563.373767275,5678795.44345151,0.0,0.0,0.0,0.0,2.2934157848358154,,1.0091500282287598,0.0,0.0,,-0.0547113150302347,8.51876525277107
3979,FMAT,453563.860954669,5678795.01684538,0.0,0.0,0.0,0.0,7.621561527252197,,1.0189865827560425,0.0,0.0,,-0.0183094722372336,8.261465525960963
3980,FMAT,453564.399244496,5678794.73037128,0.0,0.0,0.0,0.0,4.860688209533691,,1.0502638816833496,0.0,0.0,,0.0045094233546959,8.49004087071705
3981,FMAT,453564.988990238,5678794.52410386,0.0,0.0,0.0,0.0,4.757719993591309,,1.0863265991210938,0.0,0.0,,0.0095031761238302,8.875171535817534
3982,FMAT,453565.708410022,5678794.34301612,0.0,0.0,0.0,0.0,2.09254002571106,,1.0056867599487305,0.0,0.0,,0.0310581031726242,9.34200412617852
3983,FMAT,453566.471037009,5678794.17328083,0.0,0.0,0.0,0.0,5.77819299697876,,1.1016768217086792,0.0,0.0,,0.0340483050288277,10.165660627157274
3984,FMAT,453567.329060238,5678793.9708151,0.0,0.0,0.0,0.0,10.15056324005127,,1.0888524055480957,0.0,0.0,,0.048203789777759,10.410782735490336
3985,FMAT,453568.144059443,5678793.72592439,0.0,0.0,0.0,0.0,2.1732585430145264,,1.0565156936645508,0.0,0.0,,0.006331256526075,10.085476601717344
3986,FMAT,453568.83833359,5678793.40596719,0.0,0.0,0.0,0.0,8.984546661376953,,1.0650464296340942,0.0,0.0,,-0.0379166187217933,9.678723015921426
3987,FMAT,453569.559481031,5678792.93191083,0.0,0.0,0.0,0.0,6.309338569641113,,1.0353140830993652,0.0,0.0,,-0.0689244555699002,9.755209123146042
3988,FMAT,453570.168263396,5678792.43277684,0.0,0.0,0.0,0.0,4.00579833984375,,1.0322587490081787,0.0,0.0,,-0.0888524127031955,9.973909075701828
3989,FMAT,453570.664536723,5678791.93297927,0.0,0.0,0.0,0.0,2.814303398132324,,1.0314394235610962,0.0,0.0,,-0.0691228213653427,10.03244550558649
3990,FMAT,453571.231289753,5678791.22274162,0.0,0.0,0.0,0.0,8.683282852172852,,1.0378321409225464,0.0,0.0,,-0.0637501269654759,9.309665014683972
3991,FMAT,453571.694286441,5678790.49524552,0.0,0.0,0.0,0.0,1.247291922569275,,1.034836769104004,0.0,0.0,,-0.0528262592602714,8.81692862636676
3992,FMAT,453572.131168918,5678789.79312003,0.0,0.0,0.0,0.0,5.218217849731445,,1.058982014656067,0.0,0.0,,-0.0246371057757924,8.433542761119103
3993,FMAT,453572.6717421,5678789.11935019,0.0,0.0,0.0,0.0,6.014188766479492,,1.0913161039352417,0.0,0.0,,-0.0222801001527893,8.40663067367166
3994,FMAT,453573.273008165,5678788.4270722,0.0,0.0,0.0,0.0,1.421084761619568,,1.0131804943084717,0.0,0.0,,-0.0011926979474662,8.739873660842655
3995,FMAT,453573.882889389,5678787.74150357,0.0,0.0,0.0,0.0,3.8905489444732666,,1.0261380672454834,0.0,0.0,,-0.0243818452004945,8.824177021964532
3996,FMAT,453574.475363285,5678787.07247875,0.0,0.0,0.0,0.0,8.160614967346191,,1.0555757284164429,0.0,0.0,,-0.032875977304999,9.179164342396575
3997,FMAT,453575.067895981,5678786.39346632,0.0,0.0,0.0,0.0,5.233314037322998,,1.0300332307815552,0.0,0.0,,-0.0540442451397026,9.237799702303263
3998,FMAT,453575.591290501,5678785.69739964,0.0,0.0,0.0,0.0,10.964866638183594,,1.0675615072250366,0.0,0.0,,-0.037354945228084,9.852240972889543
3999,FMAT,453576.071340309,5678785.01328476,0.0,0.0,0.0,0.0,14.593799591064451,,1.055797815322876,0.0,0.0,,-0.0937303162591723,10.571905464332756
4000,FMAT,453576.577464862,5678784.31045758,0.0,0.0,0.0,0.0,8.354545593261719,,1.1079365015029907,0.0,0.0,,-0.1571164004394073,11.804008005573367
4001,NVB,453577.118357938,5678783.58231075,0.0,0.0,0.0,0.0,14.392852783203123,,1.0566097497940063,0.0,0.0,,-0.1395691038365706,13.467909714907208
4002,NVB,453577.685724905,5678782.76775817,0.0,0.0,0.0,0.0,2.739773750305176,,1.0035278797149658,0.0,0.0,,-0.0922378452015122,13.393506504448824
4003,NVB,453578.183495657,5678782.01383235,0.0,0.0,0.0,0.0,0.320247083902359,,1.0053555965423584,0.0,0.0,,-0.0495905076275694,13.601433803233858
4004,NVB,453578.672651053,5678781.25319709,0.0,0.0,0.0,0.0,24.67405891418457,,1.1584426164627075,0.0,0.0,,-0.0427077726676486,14.18500618536211
4005,NVB,453579.092013968,5678780.58648046,0.0,0.0,0.0,0.0,10.853861808776855,,1.059099197387695,0.0,0.0,,0.0577062244885979,13.95824284759736
4006,NVB,453579.616107909,5678779.77167258,0.0,0.0,0.0,0.0,2.3018603324890137,,1.0472809076309204,0.0,0.0,,0.0874125782127636,13.81990440661041
4007,NVB,453580.078880686,5678779.08190675,0.0,0.0,0.0,0.0,17.484329223632812,,1.1200863122940063,0.0,0.0,,0.0444973374400859,13.288261511415028
4008,NVB,453580.550347164,5678778.38553356,0.0,0.0,0.0,0.0,6.878067970275879,,1.0544743537902832,0.0,0.0,,-0.0100008323070419,11.49178487884567
4009,NVB,453581.030422277,5678777.69697947,0.0,0.0,0.0,0.0,9.044530868530272,,1.1453546285629272,0.0,0.0,,0.0007605418037216,10.97675477592411
4010,NVB,453581.527819429,5678777.00630795,0.0,0.0,0.0,0.0,5.934812545776367,,1.0809533596038818,0.0,0.0,,-0.063233869178635,10.445037120424944
4011,NVB,453582.05989346,5678776.30585295,0.0,0.0,0.0,0.0,2.0027756690979004,,1.014073371887207,0.0,0.0,,-0.1164856249721824,9.699410962503832
4012,NVB,453582.574501326,5678775.63192935,0.0,0.0,0.0,0.0,9.187596321105955,,1.0585089921951294,0.0,0.0,,-0.1577334659942816,8.062089921220032
4013,NVB,453583.071747725,5678774.96678148,0.0,0.0,0.0,0.0,0.5961815118789673,,1.0016100406646729,0.0,0.0,,-0.1491579396394812,6.818184654212059
4014,NVB,453583.53429092,5678774.31585595,0.0,0.0,0.0,0.0,5.963335037231445,,1.014148235321045,0.0,0.0,,-0.1259919539543768,5.856283591727696
4015,NVB,453584.005534354,5678773.65721331,0.0,0.0,0.0,0.0,4.177841663360596,,1.0045605897903442,0.0,0.0,,-0.1345690659297016,5.437082519832937
4016,NVB,453584.529090826,5678772.93340283,0.0,0.0,0.0,0.0,3.237117052078247,,1.00199294090271,0.0,0.0,,-0.2098557751410828,4.916114503385398
4017,NVB,453585.00046495,5678772.25256557,0.0,0.0,0.0,0.0,1.6233912706375122,,1.0007661581039429,0.0,0.0,,-0.2291171370996185,4.468501740448868
4018,NVB,453585.454752419,5678771.53389546,0.0,0.0,0.0,0.0,3.2988440990448,,1.0030046701431274,0.0,0.0,,-0.2120694118452934,4.372911247797498
4019,NVB,453585.909000552,5678770.8218837,0.0,0.0,0.0,0.0,1.581208109855652,,1.0042152404785156,0.0,0.0,,-0.1916928725432427,4.374880193363152
4020,NVB,453586.363117752,5678770.13206648,0.0,0.0,0.0,0.0,3.236640691757202,,1.0024102926254272,0.0,0.0,,-0.214622422280163,4.565542358402826
4021,NVB,453586.28033462,5678769.49346245,0.0,0.0,0.0,0.0,2.1874382495880127,,1.0020689964294434,0.0,0.0,,-0.2183975105524148,5.057132508011188
4022,NVB,453586.119615112,5678768.8621673,0.0,0.0,0.0,0.0,3.1586098670959477,,1.0042120218276978,0.0,0.0,,-0.2396884372194493,5.20443774327948
4023,NVB,453586.591015031,5678768.17689103,0.0,0.0,0.0,0.0,2.8884031772613525,,1.008126974105835,0.0,0.0,,-0.179208398755683,6.117374123034916
4024,NVB,453587.157025644,5678767.59205153,0.0,0.0,0.0,0.0,2.7085394859313965,,1.0041512250900269,0.0,0.0,,-0.023420277194578,7.942195410136516
4025,NVB,453587.809489658,5678767.02325842,0.0,0.0,0.0,0.0,5.353977203369141,,1.0147531032562256,0.0,0.0,,0.1029886322201529,9.390503137089247
4026,NVB,453588.479171001,5678766.47010349,0.0,0.0,0.0,0.0,18.827720642089844,,1.1193684339523315,0.0,0.0,,0.2210330908137591,10.825074951489992
4027,NVB,453589.131549781,5678765.91573673,0.0,0.0,0.0,0.0,17.504899978637695,,1.0606858730316162,0.0,0.0,,0.3574394348831803,11.812820499524282
4028,NVB,453589.619420887,5678765.37260755,0.0,0.0,0.0,0.0,19.782289505004883,,1.0701502561569214,0.0,0.0,,0.3634793540573246,13.050703805933276
4029,ALG,453590.090172632,5678764.79719417,1.0,0.0,562.0,0.0,3.576953172683716,,1.00706684589386,562.0,0.0,,0.411990586155522,13.595067291663296
4030,ALG,453590.613773761,5678764.06561519,1.0,0.0,562.0,0.0,12.707427978515623,,1.0311217308044434,562.0,0.0,,0.3209016169435713,13.210179910438864
4031,ALG,453591.093847135,5678763.37706048,1.0,0.0,562.0,0.0,7.495049476623535,,1.0099080801010132,562.0,0.0,,0.2647900347390825,13.971715802949802
4032,NVB,453591.6685312,5678762.7889425,1.0,0.0,562.0,0.0,4.281488418579102,,1.003830075263977,562.0,0.0,,0.2219821037004248,14.058024885826669
4033,NVB,453592.269531939,5678762.14105219,1.0,0.0,562.0,0.0,1.4666341543197632,,1.0037997961044312,562.0,0.0,,0.1841450159362407,14.142702800271277
4034,NVB,453592.923094135,5678761.3858243,1.0,0.0,562.0,0.0,2.305142879486084,,1.00476336479187,562.0,0.0,,0.1238936810885669,13.46543377743241
4035,NVB,453593.290508179,5678760.72212999,1.0,0.0,562.0,0.0,6.1523027420043945,,1.00731360912323,562.0,0.0,,0.0853280162575916,14.039056031839802
4036,NVB,453593.658007197,5678760.0440092,1.0,0.0,562.0,0.0,19.66176986694336,,1.0701253414154053,562.0,0.0,,0.0730572185962646,15.365608832943613
4037,NVB,453594.155781555,5678759.28897263,1.0,0.0,562.0,0.0,14.582183837890623,,1.0476653575897217,562.0,0.0,,0.1093216089391123,15.737632639276525
4038,NVB,453594.627252171,5678758.59148887,1.0,0.0,562.0,0.0,10.619625091552734,,1.0183708667755127,562.0,0.0,,0.0586758719222413,15.580495893933705
4039,NVB,453595.107351033,5678757.89849501,1.0,0.0,562.0,0.0,13.729949951171877,,1.0323758125305176,562.0,0.0,,0.0080581558712353,16.347506996233676
4040,NVB,453595.596038897,5678757.21664941,1.0,0.0,562.0,0.0,14.574490547180176,,1.034680724143982,562.0,0.0,,-0.0243587710881572,19.74512662802264
4041,NVB,453596.084641641,5678756.54923025,1.0,0.0,562.0,0.0,11.890949249267578,,1.0257885456085205,562.0,0.0,,-0.0788001663651685,24.44493572058245
4042,NVB,453596.503995254,5678755.88362242,1.0,0.0,562.0,0.0,5.792494773864746,,1.0162111520767212,562.0,0.0,,-0.124660059736059,27.93556120200836
4043,NVB,453596.923335715,5678755.22023402,1.0,0.0,562.0,0.0,7.868582725524902,,1.0123369693756104,562.0,0.0,,-0.1645487233100239,31.319189944162964
4044,NVB,453597.385510327,5678754.63145245,1.0,0.0,562.0,0.0,29.97098922729492,,1.1752318143844604,562.0,0.0,,-0.208557591864069,34.19397761793365
4045,NVB,453597.882414042,5678754.02400953,0.0,0.0,0.0,0.0,15.430811882019045,,1.3486138582229614,0.0,0.0,,-0.1948642097378195,34.58038753913816
4046,NVB,453598.379742839,5678753.34443423,1.0,0.0,562.0,0.0,7.129383087158203,,1.0145273208618164,562.0,0.0,,-0.1289850301404996,38.17504353918135
4047,NVB,453598.83370098,5678752.68124977,1.0,0.0,562.0,0.0,13.942792892456056,,1.0589278936386108,562.0,0.0,,-0.12272585394574,41.59745923506025
4048,NVB,453599.331055776,5678751.9972355,0.0,0.0,0.0,0.0,42.97942352294922,,1.63460373878479,0.0,0.0,,-0.1395067865378547,45.05034657049255
4049,NVB,453599.837006109,5678751.32325976,0.0,0.0,0.0,0.0,21.39425277709961,,1.334665060043335,0.0,0.0,,-0.1016735711380328,45.66177225944943
4050,NVB,453600.325601594,5678750.65695006,0.0,0.0,0.0,0.0,44.13675308227539,,1.4859167337417605,0.0,0.0,,-0.0764654425981201,45.512846805998194
4051,NVB,453600.814465162,5678749.94514148,-1.0,0.0,562.0,0.0,5.098273754119873,,1.013343095779419,562.0,0.0,,-0.0549617150522425,44.8620187910057
4052,NVB,453601.285686097,5678749.28982699,0.0,0.0,0.0,0.0,51.9896125793457,,1.7043962478637695,0.0,0.0,,-0.0193889740871345,42.72768345022942
4053,NVB,453601.7823014,5678748.73121187,0.0,0.0,0.0,0.0,47.3848991394043,,1.6216745376586914,0.0,0.0,,0.0086842615826467,41.37341996965112
4054,NVB,453602.331589157,5678748.04639372,1.0,0.0,562.0,0.0,28.589168548583984,,1.194035291671753,562.0,0.0,,0.0958723033981443,41.27741084956825
4055,NVB,453602.733691689,5678747.37069598,1.0,1.0,562.0,1363.0,3.672586679458618,,1.0539486408233645,1474.3178083439134,766006.0,,0.1341672135268013,39.10327103356039
4056,NVB,453603.153083504,5678746.69842943,0.0,0.0,0.0,0.0,40.85298538208008,,1.4158216714859009,0.0,0.0,,0.136929690146614,37.8355315675364
4057,NVB,453603.598334059,5678746.04407151,0.0,0.0,0.0,0.0,10.353864669799805,,1.092965841293335,0.0,0.0,,0.0894760213705291,40.02098370341327
4058,NVB,453604.06985538,5678745.33770936,0.0,0.0,0.0,0.0,7.840310573577881,,1.1682441234588623,0.0,0.0,,0.1298051688274455,41.660349084923794
4059,FMAT,453604.523812589,5678744.67452457,0.0,0.0,0.0,0.0,8.912606239318848,,1.3926407098770142,0.0,0.0,,0.1479600809787769,42.32775669961805
4060,FMAT,453604.960186074,5678744.05784634,0.0,0.0,0.0,0.0,46.33756637573242,,1.6502361297607422,0.0,0.0,,0.2174007810186306,42.87195331137965
4061,FMAT,453605.414110436,5678743.40021015,-1.0,0.0,562.0,0.0,33.83686828613281,,1.4190369844436646,562.0,0.0,,0.2298992278832157,41.28997344010391
4062,FMAT,453605.920072787,5678742.72401456,-1.0,0.0,562.0,0.0,28.346031188964844,,1.3876005411148071,562.0,0.0,,0.2088559617028692,40.19636106418143
4063,FMAT,453606.451959253,5678742.05463031,-1.0,-1.0,562.0,1362.0,37.79777145385742,,1.6545214653015137,1473.3933622763475,765444.0,,0.162806561233035,40.52755086940316
4064,FMAT,453606.983544801,5678741.43629354,-1.0,0.0,562.0,0.0,31.12174415588379,,1.4107248783111572,562.0,0.0,,0.1908131946180797,40.581418860576406
4065,FMAT,453607.541335676,5678740.77704978,0.0,0.0,0.0,0.0,19.64972305297852,,1.1859997510910034,0.0,0.0,,0.2438361910503056,38.041949610929656
4066,FMAT,453608.05570365,5678740.14307474,0.0,0.0,0.0,0.0,12.740219116210938,,1.0640114545822144,0.0,0.0,,0.2056356978762162,38.81908040691185
4067,FMAT,453608.52700188,5678739.47444308,0.0,0.0,0.0,0.0,35.884769439697266,,1.2814345359802246,0.0,0.0,,0.2477661260088696,38.07653600872845
4068,FMAT,453608.963538258,5678738.83002142,1.0,0.0,562.0,0.0,4.764650821685791,,1.025179386138916,562.0,0.0,,0.3054104606282521,36.305459027943954
4069,FMAT,453609.400342678,5678738.14010087,0.0,0.0,0.0,0.0,4.091926574707031,,1.1461915969848633,0.0,0.0,,0.2910722366719572,36.115384903498295
4070,FMAT,453609.845788421,5678737.45245076,0.0,0.0,0.0,0.0,17.701618194580078,,2.066236734390259,0.0,0.0,,0.1811387293080231,35.01447105161016
4071,FMAT,453610.290874426,5678736.82583568,1.0,0.0,562.0,0.0,26.436620712280277,,1.1618653535842896,562.0,0.0,,0.0863742618996572,35.393584364924486
4072,FMAT,453610.701133208,5678736.23452789,1.0,0.0,562.0,0.0,22.088647842407227,,1.115153670310974,562.0,0.0,,0.041208412867123,37.73337506066073
4073,FMAT,453611.146277931,5678735.5979252,0.0,0.0,0.0,0.0,17.81083106994629,,1.5386104583740234,0.0,0.0,,0.0022610004867198,40.36478271970799
4074,FMAT,453611.600207838,5678734.93917892,0.0,0.0,0.0,0.0,38.53316879272461,,1.323807716369629,0.0,0.0,,-0.0011078049256299,40.63977513400869
4075,FMAT,453612.0451824,5678734.33142912,1.0,0.0,562.0,0.0,17.50819969177246,,1.0739737749099731,562.0,0.0,,0.0190393424373039,42.148223358898406
4076,FMAT,453612.550953979,5678733.68741524,-1.0,-1.0,562.0,1362.0,57.30817794799805,,2.1703977584838867,1473.3933622763475,765444.0,,0.0255190629772187,43.63012624339096
4077,FMAT,453613.08266927,5678733.04688348,-1.0,0.0,562.0,0.0,17.28963279724121,,1.3669592142105105,562.0,0.0,,0.0006947266257433,42.942431422620245
4078,FMAT,453613.614351781,5678732.41190034,0.0,0.0,0.0,0.0,35.97623825073242,,1.661369562149048,0.0,0.0,,0.0129258347127871,40.59979141295951
4079,FMAT,453614.154780218,5678731.76143195,0.0,0.0,0.0,0.0,50.0107307434082,,1.859916090965271,0.0,0.0,,-0.004905271588552,35.93425152781187
4080,FMAT,453614.651883916,5678731.11958639,0.0,0.0,0.0,0.0,13.491564750671388,,1.0549464225769043,0.0,0.0,,-0.0704161695068361,31.256359249062783
4081,FMAT,453615.053768773,5678730.48050906,0.0,0.0,0.0,0.0,6.80462646484375,,1.0190298557281494,0.0,0.0,,-0.1558673235267431,29.37321562683271
4082,FMAT,453615.455856262,5678729.80703013,0.0,0.0,0.0,0.0,18.11897850036621,,1.0860497951507568,0.0,0.0,,-0.1441698340432568,25.61630713239153
4083,FMAT,453615.832091437,5678729.11453282,0.0,0.0,0.0,0.0,30.690393447875977,,1.1945918798446655,0.0,0.0,,-0.1001480312299416,22.49416458011319
4084,FMAT,453616.217137937,5678728.39545301,0.0,0.0,0.0,0.0,1.2054067850112915,,1.0030852556228638,0.0,0.0,,-0.0434689174217075,20.36535499192884
4085,FMAT,453616.688918626,5678727.64470096,0.0,0.0,0.0,0.0,3.7472774982452393,,1.0059385299682615,0.0,0.0,,0.0066042770025365,19.15612041757007
4086,FMAT,453617.16903331,5678726.94837657,0.0,0.0,0.0,0.0,4.16858434677124,,1.0099358558654783,0.0,0.0,,-0.0069941703960422,17.17576169035893
4087,FMAT,453617.692008319,5678726.32221998,0.0,0.0,0.0,0.0,0.8999701142311096,,1.0030208826065063,0.0,0.0,,-0.0321101872026042,15.112024650341835
4088,FMAT,453618.249313413,5678725.74509537,0.0,0.0,0.0,0.0,1.7399119138717651,,1.003664255142212,0.0,0.0,,-0.0264954725939952,14.68068807862613
4089,FMAT,453618.780151608,5678725.25326684,0.0,0.0,0.0,0.0,2.097756862640381,,1.004314422607422,0.0,0.0,,0.0209261719107525,16.29200798500966
4090,FMAT,453619.40612343,5678724.77309643,0.0,0.0,0.0,0.0,3.119549036026001,,1.0164616107940674,0.0,0.0,,0.0701254732010332,19.697637381223707
4091,FMAT,453619.997183128,5678724.34265979,0.0,0.0,0.0,0.0,2.9974982738494877,,1.011347770690918,0.0,0.0,,0.0935504663624892,22.59450166979625
4092,FMAT,453620.536172164,5678723.93633121,0.0,0.0,0.0,0.0,38.468406677246094,,1.496589183807373,0.0,0.0,,0.1315759655337958,24.612183197325734
4093,FMAT,453621.127205586,5678723.51033341,1.0,0.0,562.0,0.0,5.836685180664063,,1.3191900253295898,562.0,0.0,,0.1205953077989941,30.415646069656837
4094,FMAT,453621.761753133,5678723.04353054,0.0,0.0,0.0,0.0,23.06061172485352,,1.852108597755432,0.0,0.0,,0.0923900785197285,34.76395664285508
4095,FMAT,453622.405085816,5678722.55458403,1.0,0.0,562.0,0.0,9.344362258911133,,1.1309510469436646,562.0,0.0,,0.0553984729601671,38.208364614853394
4096,FMAT,453623.030998364,5678722.08440088,1.0,0.0,562.0,0.0,18.839235305786133,,1.2077597379684448,562.0,0.0,,-0.0079790078835318,38.674192490417134
4097,FMAT,453623.708922572,5678721.60009712,1.0,0.0,562.0,0.0,14.995047569274902,,1.071483850479126,562.0,0.0,,-0.1049545481434243,40.60371637255808
4098,FMAT,453624.377996118,5678721.14903417,1.0,0.0,562.0,0.0,19.373085021972656,,1.2294784784317017,562.0,0.0,,-0.1138910192226022,36.34708266577584
4099,FMAT,453625.116331393,5678720.6939401,1.0,0.0,562.0,0.0,19.640647888183597,,1.7468907833099363,562.0,0.0,,-0.088567439900217,31.194140433784305
4100,FMAT,453625.819682677,5678720.30078683,0.0,0.0,0.0,0.0,29.229124069213867,,1.3011916875839231,0.0,0.0,,-0.0785828346265322,24.44463711329691
4101,FMAT,453626.488180733,5678719.9473798,0.0,0.0,0.0,0.0,13.61521816253662,,1.087199091911316,0.0,0.0,,-0.0469878058993572,19.640321993317485
4102,FMAT,453627.156626432,5678719.60285054,0.0,0.0,0.0,0.0,3.1600728034973145,,1.0096169710159302,0.0,0.0,,-0.0363402750713788,14.344022018723456
4103,FMAT,453627.81641762,5678719.25827025,0.0,0.0,0.0,0.0,3.835859060287476,,1.0129144191741943,0.0,0.0,,-0.032703149071736,11.830229900243165
4104,FMAT,453628.467240532,5678718.96690588,0.0,0.0,0.0,0.0,2.9661636352539062,,1.0311115980148315,0.0,0.0,,-0.0214776045076171,7.787030851406953
4105,FMAT,453629.195790066,5678718.70374347,0.0,0.0,0.0,0.0,1.3570295572280884,,1.0039488077163696,0.0,0.0,,-0.0751747523533496,5.538430079442053
4106,FMAT,453630.140158381,5678718.53396286,0.0,0.0,0.0,0.0,1.632237195968628,,1.0022674798965454,0.0,0.0,,-0.1070987658234125,6.65163916891159
4107,FMAT,453630.972110256,5678718.34798326,0.0,0.0,0.0,0.0,1.2148873805999756,,1.0022920370101929,0.0,0.0,,-0.0750713598818202,9.729732241847667
4108,FMAT,453631.743958064,5678718.08063657,0.0,0.0,0.0,0.0,1.970203876495361,,1.003065824508667,0.0,0.0,,-0.0564457330473513,14.821154191319843
4109,FMAT,453632.524492948,5678717.80779214,0.0,0.0,0.0,0.0,2.467597961425781,,1.0083845853805542,0.0,0.0,,-0.0416828698937348,19.56848627177474
4110,FMAT,453633.305060462,5678717.529399,0.0,0.0,0.0,0.0,12.098036766052246,,1.076337456703186,0.0,0.0,,-0.0127638329354966,25.67685995491269
4111,FMAT,453634.08580439,5678717.22104311,0.0,0.0,0.0,0.0,49.15206909179688,,1.814622521400452,0.0,0.0,,-0.0076359234968779,31.585017227552107
4112,FMAT,453634.849278564,5678716.90592683,0.0,0.0,0.0,0.0,48.800968170166016,,1.676316738128662,0.0,0.0,,0.0030631978300561,33.81273732379877
4113,FMAT,453635.612661178,5678716.60634667,0.0,0.0,0.0,0.0,47.92510223388672,,1.7837198972702026,0.0,0.0,,-0.0013855735054234,35.45499221089817
4114,FMAT,453636.376109088,5678716.29566916,1.0,0.0,562.0,0.0,18.701007843017575,,1.1212081909179688,562.0,0.0,,0.071068062491357,37.21137038334533
4115,FMAT,453637.078923493,5678715.99351262,1.0,0.0,562.0,0.0,12.12819480895996,,1.130451798439026,562.0,0.0,,0.0751389242654915,37.28044653021243
4116,FMAT,453637.799131706,5678715.67703148,1.0,0.0,562.0,0.0,22.0883846282959,,1.2254917621612549,562.0,0.0,,0.028401197600914,37.99155805603926
4117,FMAT,453638.571168536,5678715.37750201,0.0,0.0,0.0,0.0,32.50288391113281,,2.011143445968628,0.0,0.0,,-0.0447158949078341,37.31932385520884
4118,FMAT,453639.325746094,5678715.10339428,0.0,0.0,0.0,0.0,34.88652038574219,,1.695915699005127,0.0,0.0,,-0.0841902067024643,34.919079938431864
4119,FMAT,453640.036881435,5678714.85788459,0.0,0.0,0.0,0.0,19.680072784423828,,1.0838762521743774,0.0,0.0,,-0.1240425408559244,33.16584143460249
4120,FMAT,453640.739277324,5678714.62675035,-1.0,0.0,562.0,0.0,5.345611572265625,,1.1469755172729492,562.0,0.0,,-0.094973990976097,31.73375497108762
4121,FMAT,453641.459034354,5678714.38684014,-1.0,0.0,562.0,0.0,7.457124710083008,,1.0316965579986572,562.0,0.0,,-0.0472068997193067,30.46939036663437
4122,FMAT,453642.274356227,5678714.08534567,-1.0,0.0,562.0,0.0,1.4298334121704102,,1.005575180053711,562.0,0.0,,-0.0197981300251778,29.76504014812132
4123,FMAT,453643.037646793,5678713.80130099,0.0,0.0,0.0,0.0,2.9664249420166016,,1.005636215209961,0.0,0.0,,-0.0373232792190088,24.9995127515496
4124,FMAT,453643.766208415,5678713.53591778,0.0,0.0,0.0,0.0,1.7593327760696411,,1.0102180242538452,0.0,0.0,,-0.0508261617818833,20.36779998036215
4125,FMAT,453644.572771113,5678713.25212776,0.0,0.0,0.0,0.0,2.8190276622772217,,1.0027645826339722,0.0,0.0,,-0.0461469936796174,16.25601198925421
4126,NVB,453645.33598963,5678712.98028988,0.0,0.0,0.0,0.0,6.818992614746094,,1.009541392326355,0.0,0.0,,-0.0943254253687934,14.203924973682076
4127,NVB,453646.090534044,5678712.71173015,0.0,0.0,0.0,0.0,5.424218654632568,,1.0199568271636963,0.0,0.0,,-0.1916297733657889,12.836646122857005
4128,NVB,453646.775594528,5678712.48493236,0.0,0.0,0.0,0.0,6.422442436218262,,1.0124975442886353,0.0,0.0,,-0.2648309372659029,10.34129909177073
4129,NVB,453647.521419055,5678712.22741882,0.0,0.0,0.0,0.0,4.2835187911987305,,1.004378080368042,0.0,0.0,,-0.3185865155168456,8.174335515597297
4130,NVB,453648.241254056,5678711.97419125,0.0,0.0,0.0,0.0,3.732276201248169,,1.002657771110535,0.0,0.0,,-0.3668551398645984,6.311662162383568
4131,NVB,453648.969795728,5678711.71213675,0.0,0.0,0.0,0.0,5.617354393005371,,1.0082404613494873,0.0,0.0,,-0.3821225561174558,5.277526195179611
4132,NVB,453649.715783452,5678711.42687979,0.0,0.0,0.0,0.0,2.89961838722229,,1.0077952146530151,0.0,0.0,,-0.4096183251810283,5.050186119288688
4133,NVB,453650.392823035,5678711.09238708,0.0,0.0,0.0,0.0,4.3797454833984375,,1.0052647590637207,0.0,0.0,,-0.3869920197408525,6.661901763442123
4134,NVB,453651.069869092,5678710.75678458,0.0,0.0,0.0,0.0,5.1936540603637695,,1.01245379447937,0.0,0.0,,-0.3719146946688262,6.775730449667396
4135,NVB,453651.833400742,5678710.43167911,0.0,0.0,0.0,0.0,1.4079718589782717,,1.004633903503418,0.0,0.0,,-0.3242967770612157,6.272854011924559
4136,NVB,453652.50140677,5678710.16149951,0.0,0.0,0.0,0.0,0.6610674858093262,,1.0052003860473633,0.0,0.0,,-0.257959119716823,5.252427874463881
4137,NVB,453653.20414159,5678709.87265828,0.0,0.0,0.0,0.0,0.9757837057113647,,1.000610589981079,0.0,0.0,,-0.2044568035732605,4.577157674889098
4138,NVB,453653.950298844,5678709.55854798,0.0,0.0,0.0,0.0,1.0378506183624268,,1.0007647275924685,0.0,0.0,,-0.1453432846516331,4.901253903155178
4139,NVB,453654.661629207,5678709.27974512,0.0,0.0,0.0,0.0,0.689300000667572,,1.0007293224334717,0.0,0.0,,-0.0645334399354288,4.155327291330044
4140,NVB,453655.398864048,5678709.01108261,0.0,0.0,0.0,0.0,1.149048924446106,,1.0017553567886353,0.0,0.0,,-0.0291052628792037,3.198032395783164
4141,NVB,453656.179070546,5678708.79372227,0.0,0.0,0.0,0.0,2.6098804473876958,,1.0018731355667114,0.0,0.0,,0.0050996329627665,2.6675975802949545
4142,NVB,453656.976017538,5678708.67301011,0.0,0.0,0.0,0.0,5.4040398597717285,,1.0097566843032837,0.0,0.0,,0.0348671702015649,2.700146753197699
4143,NVB,453657.712376868,5678708.55305099,0.0,0.0,0.0,0.0,2.8573973178863525,,1.0039613246917725,0.0,0.0,,0.0050103791994629,3.13172572216531
4144,NVB,453658.509598176,5678708.38573009,0.0,0.0,0.0,0.0,3.8159701824188232,,1.003173589706421,0.0,0.0,,-0.0007624469615124,3.5071905333108733
4145,NVB,453659.290307516,5678708.08292035,0.0,0.0,0.0,0.0,3.650136947631836,,1.0029337406158447,0.0,0.0,,0.0461582483743945,4.355606258702444
4146,NVB,453660.010376911,5678707.78974149,0.0,0.0,0.0,0.0,2.796586751937866,,1.002802491188049,0.0,0.0,,0.0278769478462331,6.156476560245192
4147,NVB,453660.773888299,5678707.46796434,0.0,0.0,0.0,0.0,3.541563034057617,,1.002602219581604,0.0,0.0,,0.0427606754777723,8.212063565999555
4148,ALG,453661.528908483,5678707.11839296,0.0,0.0,0.0,0.0,2.804510593414306,,1.0024572610855105,0.0,0.0,,0.0553570690976081,9.938957278029996
4149,ALG,453662.266802615,5678706.73764724,0.0,0.0,0.0,0.0,3.0307834148406982,,1.0018928050994873,0.0,0.0,,0.0633337807623102,13.65113134539068
4150,ALG,453663.013409901,5678706.34696482,0.0,0.0,0.0,0.0,4.739856243133545,,1.008467197418213,0.0,0.0,,0.1174248113924148,18.967327945795912
4151,ALG,453663.742473087,5678705.99613069,0.0,0.0,0.0,0.0,10.08824348449707,,1.0552173852920532,0.0,0.0,,0.0878661780513276,24.010021999879196
4152,ALG,453664.453789703,5678705.71954641,0.0,0.0,0.0,0.0,3.148931741714477,,1.0080745220184326,0.0,0.0,,0.0261798838980424,25.989750324332352
4153,ALG,453665.182362898,5678705.45194177,0.0,0.0,0.0,0.0,21.3100700378418,,1.1359580755233765,0.0,0.0,,0.0057442833920573,25.916912926435284
4154,ALG,453665.885083759,5678705.16531887,0.0,0.0,0.0,0.0,26.506498336791992,,1.1656664609909058,0.0,0.0,,-0.031502637569974,25.30976116551196
4155,ALG,453666.631070231,5678704.88006031,0.0,0.0,0.0,0.0,4.180259704589844,,1.017211675643921,0.0,0.0,,-0.0819550203557894,22.8008656068608
4156,ALG,453667.403137526,5678704.57497939,0.0,0.0,0.0,0.0,0.9265797138214112,,1.0099025964736938,0.0,0.0,,-0.0918054731291945,19.39739299653621
4157,ALG,453668.175054546,5678704.29542214,0.0,0.0,0.0,0.0,5.153934001922607,,1.005016803741455,0.0,0.0,,-0.0857682189783224,14.830293651851116
4158,ALG,453668.912144762,5678704.05117238,0.0,0.0,0.0,0.0,1.5846426486968994,,1.006393551826477,0.0,0.0,,-0.0511351089443064,11.068192203175665
4159,ALG,453669.631919526,5678703.80793043,0.0,0.0,0.0,0.0,5.633349418640137,,1.0068799257278442,0.0,0.0,,-0.00279811263438,8.016490880184032
4160,ALG,453670.369048837,5678703.55702217,0.0,0.0,0.0,0.0,3.716606855392456,,1.0075550079345703,0.0,0.0,,0.0014924245328073,7.709888978871121
4161,ALG,453671.210286042,5678703.26344561,0.0,0.0,0.0,0.0,2.6764349937438965,,1.003434181213379,0.0,0.0,,-0.0387707726584847,8.560687088517783
4162,ALG,453671.973476517,5678702.99604407,0.0,0.0,0.0,0.0,1.2483084201812744,,1.0008823871612549,0.0,0.0,,-0.0385777419025361,9.36066055236368
4163,ALG,453672.624231103,5678702.71577336,0.0,0.0,0.0,0.0,2.7237532138824463,,1.003496170043945,0.0,0.0,,-0.0183454406752504,10.714956761655015
4164,ALG,453673.31851904,5678702.3913681,0.0,0.0,0.0,0.0,12.914758682250977,,1.068219780921936,0.0,0.0,,-0.0120885747173463,13.90136566829286
4165,ALG,453674.01280692,5678702.06696278,0.0,0.0,0.0,0.0,4.492396354675293,,1.0096962451934814,0.0,0.0,,-0.036116557011287,17.37017374686728
4166,FMAT,453674.715749177,5678701.74260833,0.0,0.0,0.0,0.0,11.038691520690918,,1.0440021753311155,0.0,0.0,,-0.0405661564080159,21.1427345737636
4167,FMAT,453675.436072077,5678701.40614866,0.0,0.0,0.0,0.0,7.686870574951172,,1.1366586685180664,0.0,0.0,,-0.056558401849142,22.676381915495245
4168,FMAT,453676.208432532,5678701.05112909,0.0,0.0,0.0,0.0,15.345437049865724,,1.1013283729553225,0.0,0.0,,-0.1055386506338731,19.8129488441477
4169,FMAT,453676.946005402,5678700.72475869,0.0,0.0,0.0,0.0,3.7230982780456543,,1.0406275987625122,0.0,0.0,,-0.1059591357582834,18.094460042882357
4170,FMAT,453677.700730362,5678700.42512355,0.0,0.0,0.0,0.0,31.354570388793945,,1.3634752035140991,0.0,0.0,,-0.1342847050070789,15.052314789618496
4171,FMAT,453678.446578821,5678700.16316818,0.0,0.0,0.0,0.0,4.70469856262207,,1.008200764656067,0.0,0.0,,-0.1404163928369789,12.717111005200255
4172,FMAT,453679.200951068,5678699.92345823,0.0,0.0,0.0,0.0,8.357176780700684,,1.0411523580551147,0.0,0.0,,-0.0912900880186788,12.127643129305037
4173,FMAT,453679.946668836,5678699.68369729,0.0,0.0,0.0,0.0,9.794898986816406,,1.0640360116958618,0.0,0.0,,-0.0647453420405285,13.810611104628068
4174,FMAT,453680.67511034,5678699.43828578,0.0,0.0,0.0,0.0,1.8459392786026,,1.002042531967163,0.0,0.0,,-0.0559836438648385,15.923163356861334
4175,FMAT,453681.464224234,5678699.17769446,0.0,0.0,0.0,0.0,1.2136136293411257,,1.0035480260849,0.0,0.0,,-0.0312247570670093,17.621498694838074
4176,FMAT,453682.227205019,5678698.94580324,0.0,0.0,0.0,0.0,2.492143392562866,,1.0032984018325806,0.0,0.0,,-0.0401629158734576,17.844909677052687
4177,FMAT,453682.964150644,5678698.72596621,0.0,0.0,0.0,0.0,0.588657796382904,,1.007157325744629,0.0,0.0,,-0.0565949276052716,17.00911362573436
4178,FMAT,453683.727183573,5678698.48519702,0.0,0.0,0.0,0.0,6.897372245788574,,1.027387022972107,0.0,0.0,,-0.0750255218085129,17.18638448326931
4179,FMAT,453684.447042229,5678698.22752724,0.0,0.0,0.0,0.0,1.9701638221740725,,1.011787176132202,0.0,0.0,,-0.0922100574938261,16.679400218600435
4180,FMAT,453685.184353333,5678697.94554521,0.0,0.0,0.0,0.0,7.776554584503174,,1.0114654302597046,0.0,0.0,,-0.1244743141039632,14.44875688627394
4181,FMAT,453685.999769705,5678697.6274003,0.0,0.0,0.0,0.0,0.5779948234558105,,1.0082343816757202,0.0,0.0,,-0.1571663267412879,12.280368760773015
4182,FMAT,453686.702449917,5678697.34743392,0.0,0.0,0.0,0.0,20.565814971923828,,1.087999939918518,0.0,0.0,,-0.0959777051614807,12.89510648135501
4183,FMAT,453687.448571968,5678697.03886911,0.0,0.0,0.0,0.0,4.366536617279053,,1.0509711503982544,0.0,0.0,,-0.0255130029973563,14.075446424991616
4184,FMAT,453688.212068107,5678696.71930877,0.0,0.0,0.0,0.0,9.41430950164795,,1.0402705669403076,0.0,0.0,,0.0148226028810088,15.257928176519735
4185,FMAT,453688.940802838,5678696.42395873,0.0,0.0,0.0,0.0,29.169897079467773,,1.1850063800811768,0.0,0.0,,0.0486060699274898,15.013675129762207
4186,FMAT,453689.695598725,5678696.11211543,0.0,0.0,0.0,0.0,10.043598175048828,,1.0627487897872925,0.0,0.0,,0.0034474577906297,14.242523238892854
4187,FMAT,453690.433216257,5678695.77797568,0.0,0.0,0.0,0.0,8.440234184265137,,1.048358917236328,0.0,0.0,,0.0100435327796609,12.772643817778537
4188,FMAT,453691.110193973,5678695.45346704,0.0,0.0,0.0,0.0,4.213739395141602,,1.018575668334961,0.0,0.0,,0.0491179746868825,11.423567545279573
4189,FMAT,453691.847706934,5678695.1370828,0.0,0.0,0.0,0.0,12.124738693237305,,1.0325781106948853,0.0,0.0,,0.0688558000631251,9.485459008317523
4190,FMAT,453692.593704544,5678694.84960234,0.0,0.0,0.0,0.0,7.027893543243408,,1.0157288312911987,0.0,0.0,,0.0893800869490454,7.848144928892052
4191,FMAT,453693.33955196,5678694.58764557,0.0,0.0,0.0,0.0,4.113475322723389,,1.0066674947738647,0.0,0.0,,0.1137163577322965,6.768965070449776
4192,FMAT,453694.189428694,5678694.29633693,0.0,0.0,0.0,0.0,0.87141352891922,,1.0087940692901611,0.0,0.0,,0.1452600819191392,6.639897880804028
4193,FMAT,453694.952578331,5678694.03559155,0.0,0.0,0.0,0.0,9.3385591506958,,1.0220836400985718,0.0,0.0,,0.1882302629364936,6.5619381556609975
4194,FMAT,453695.629020465,5678693.80208025,0.0,0.0,0.0,0.0,5.5054426193237305,,1.0194700956344604,0.0,0.0,,0.2139285547633815,6.63938372254121
4195,FMAT,453696.556917407,5678693.48903493,0.0,0.0,0.0,0.0,8.574122428894043,,1.03303325176239,0.0,0.0,,0.2378306625475637,7.152056706492862
4196,FMAT,453697.311255808,5678693.2548719,0.0,0.0,0.0,0.0,4.278059959411621,,1.0087671279907229,0.0,0.0,,0.2243026652158186,7.501457433294261
4197,FMAT,453698.082733311,5678693.04966353,0.0,0.0,0.0,0.0,3.5521883964538574,,1.0080715417861938,0.0,0.0,,0.2303432863253995,7.561547831850641
4198,FMAT,453698.914948396,5678692.81817792,0.0,0.0,0.0,0.0,2.443333625793457,,1.005293369293213,0.0,0.0,,0.2409183271332436,7.8273736388426
4199,FMAT,453699.669293185,5678692.58290492,0.0,0.0,0.0,0.0,4.171184539794922,,1.0268040895462036,0.0,0.0,,0.2238882840296098,8.212340144311757
4200,FMAT,453700.415290256,5678692.29542373,0.0,0.0,0.0,0.0,3.8629438877105713,,1.0068947076797483,0.0,0.0,,0.2143580044480476,8.567831583177755
4201,FMAT,453701.1527438,5678691.98902618,0.0,0.0,0.0,0.0,5.47817850112915,,1.0275219678878784,0.0,0.0,,0.2336201275901044,9.022023627583437
4202,FMAT,453701.881712548,5678691.65372473,0.0,0.0,0.0,0.0,9.371966361999512,,1.0317740440368652,0.0,0.0,,0.2408501518563574,9.073851130531526
4203,FMAT,453702.619531447,5678691.28518226,0.0,0.0,0.0,0.0,3.254969835281372,,1.0865973234176636,0.0,0.0,,0.2157606212412091,9.182751570274222
4204,FMAT,453703.374502495,5678690.94337499,0.0,0.0,0.0,0.0,3.651535034179688,,1.0873013734817505,0.0,0.0,,0.1958712849005754,9.160329151669972
4205,FMAT,453704.103327474,5678690.63248735,0.0,0.0,0.0,0.0,12.589995384216309,,1.036763072013855,0.0,0.0,,0.185268354191687,8.988046716210063
4206,FMAT,453704.858043876,5678690.33395935,0.0,0.0,0.0,0.0,7.01976203918457,,1.0423862934112549,0.0,0.0,,0.2056839574341878,8.512746391219084
4207,FMAT,453705.586653383,5678690.05969262,0.0,0.0,0.0,0.0,6.246250629425049,,1.022636890411377,0.0,0.0,,0.2108102880885752,8.023325730634525
4208,FMAT,453706.323878108,5678689.79213509,0.0,0.0,0.0,0.0,3.472270965576172,,1.0099517107009888,0.0,0.0,,0.1934912033524891,7.799788525798824
4209,FMAT,453707.052317841,5678689.54672116,0.0,0.0,0.0,0.0,8.296642303466797,,1.0383321046829224,0.0,0.0,,0.2140648285685223,7.827860404876689
4210,FMAT,453708.63092679,5678688.9600592,0.0,0.0,0.0,0.0,3.2109081745147705,,1.037718415260315,0.0,0.0,,0.2097166120464851,7.596125122692161
4211,FMAT,453709.368562403,5678688.62258849,0.0,0.0,0.0,0.0,1.756388783454895,,1.0135427713394165,0.0,0.0,,0.1155086536784506,8.001920071846165
4212,FMAT,453709.95934687,5678688.23764401,0.0,0.0,0.0,0.0,15.722522735595703,,1.0627899169921875,0.0,0.0,,0.0680981318404383,8.227559956366287
4213,FMAT,453710.602351433,5678687.80306703,0.0,0.0,0.0,0.0,11.998970985412598,,1.040026068687439,0.0,0.0,,0.0553694333343743,8.609566149394643
4214,FMAT,453711.270705822,5678687.47295714,0.0,0.0,0.0,0.0,5.942849159240723,,1.0320862531661987,0.0,0.0,,0.0927550999903504,8.83582116840722
4215,FMAT,453711.998753679,5678687.29412646,0.0,0.0,0.0,0.0,3.871762990951538,,1.0209388732910156,0.0,0.0,,0.1393754083516953,8.529087332604918
4216,FMAT,453712.796056432,5678687.11237362,0.0,0.0,0.0,0.0,9.082761764526367,,1.0403335094451904,0.0,0.0,,0.1803830405765179,8.152781586581327
4217,FMAT,453713.671464235,5678686.89445762,0.0,0.0,0.0,0.0,6.441898822784424,,1.0534300804138184,0.0,0.0,,0.1410056322028718,7.457251849009852
4218,FMAT,453714.434142706,5678686.7136108,0.0,0.0,0.0,0.0,5.607333183288574,,1.0227669477462769,0.0,0.0,,0.1459878444667741,7.355731041225594
4219,FMAT,453715.16214475,5678686.54254794,0.0,0.0,0.0,0.0,2.52069091796875,,1.0309321880340576,0.0,0.0,,0.1363062073903447,7.283580087072406
4220,FMAT,453715.959616985,5678686.33194183,0.0,0.0,0.0,0.0,8.259626388549805,,1.0126731395721436,0.0,0.0,,0.1607779846085693,7.075801818570976
4221,FMAT,453716.69659959,5678686.10544328,0.0,0.0,0.0,0.0,7.0243682861328125,,1.015938401222229,0.0,0.0,,0.204310487416154,6.991470770114231
4222,FMAT,453717.364320718,5678685.88297654,0.0,0.0,0.0,0.0,3.1871321201324463,,1.017650127410889,0.0,0.0,,0.2165141236069129,6.887741423575036
4223,FMAT,453718.179675786,5678685.57481587,0.0,0.0,0.0,0.0,4.83769416809082,,1.0163109302520752,0.0,0.0,,0.2199211045439569,6.752137012137886
4224,FMAT,453718.891112543,5678685.27714186,0.0,0.0,0.0,0.0,5.280526638031006,,1.0203102827072144,0.0,0.0,,0.1883172744898653,6.679368600386006
4225,FMAT,453719.559303262,5678684.97477448,0.0,0.0,0.0,0.0,1.556937336921692,,1.0564583539962769,0.0,0.0,,0.1623089535010276,6.555984207251067
4226,FMAT,453720.236226632,5678684.65914117,0.0,0.0,0.0,0.0,5.100112438201904,,1.015905261039734,0.0,0.0,,0.1875020857200365,6.748589920957753
4227,FMAT,453720.973920046,5678684.31168183,0.0,0.0,0.0,0.0,7.7753005027771,,1.0304782390594482,0.0,0.0,,0.2142368993869587,6.87152391733316
4228,FMAT,453721.711228497,5678684.02969639,0.0,0.0,0.0,0.0,6.416194915771484,,1.0210200548171997,0.0,0.0,,0.1961500985881299,7.025367446404017
4229,FMAT,453722.404912547,5678683.80738184,0.0,0.0,0.0,0.0,3.4635579586029053,,1.0271071195602417,0.0,0.0,,0.1927676739858827,7.243460155605982
4230,FMAT,453723.150660039,5678683.56206818,0.0,0.0,0.0,0.0,7.623118877410889,,1.0278199911117554,0.0,0.0,,0.1668262449197315,7.443416550322419
4231,FMAT,453723.870542091,5678683.29995591,0.0,0.0,0.0,0.0,1.561690330505371,,1.1122620105743408,0.0,0.0,,0.1815692059812765,7.427457840680669
4232,FMAT,453724.590508898,5678683.02341709,0.0,0.0,0.0,0.0,4.560476779937744,,1.0142425298690796,0.0,0.0,,0.1916745793054018,7.235359353363534
4233,FMAT,453725.397111115,5678682.73185074,0.0,0.0,0.0,0.0,4.221680641174316,,1.0074145793914795,0.0,0.0,,0.1581312383950303,7.475531333893922
4234,FMAT,453726.108201615,5678682.49299168,0.0,0.0,0.0,0.0,5.1098408699035645,,1.0201187133789062,0.0,0.0,,0.1564992761129225,7.495622068809879
4235,FMAT,453726.828063898,5678682.23420832,0.0,0.0,0.0,0.0,4.089535236358643,,1.014380931854248,0.0,0.0,,0.1816207768388735,7.483980629019207
4236,FMAT,453727.539428269,5678681.94874055,0.0,0.0,0.0,0.0,16.498096466064453,,1.09002423286438,0.0,0.0,,0.1715969709274921,7.604194081865196
4237,FMAT,453728.224848917,5678681.65979091,0.0,0.0,0.0,0.0,7.577476978302002,,1.0310832262039185,0.0,0.0,,0.1436885024121701,7.770395329968368
4238,FMAT,453728.901667281,5678681.36191253,0.0,0.0,0.0,0.0,3.841756820678711,,1.014143705368042,0.0,0.0,,0.1219596586617164,7.79923581375483
4239,FMAT,453729.595781375,5678681.06635527,0.0,0.0,0.0,0.0,6.231642246246338,,1.0249717235565186,0.0,0.0,,0.1333642568720345,7.914721572326788
4240,FMAT,453730.367935139,5678680.745732,0.0,0.0,0.0,0.0,11.08297348022461,,1.0358881950378418,0.0,0.0,,0.1478470753118404,8.072638817766045
4241,FMAT,453731.070540474,5678680.47796869,0.0,0.0,0.0,0.0,4.633460998535156,,1.0099196434020996,0.0,0.0,,0.1772048903525089,8.190673022584805
4242,FMAT,453731.807717746,5678680.21817688,0.0,0.0,0.0,0.0,3.222965717315674,,1.0364609956741333,0.0,0.0,,0.1736262633365252,8.400911754708735
4243,FMAT,453732.570884294,5678679.95409868,0.0,0.0,0.0,0.0,9.098278999328612,,1.022795557975769,0.0,0.0,,0.2051200922669198,8.010585005169863
4244,FMAT,453733.299459235,5678679.68537804,0.0,0.0,0.0,0.0,6.006684303283691,,1.0206173658370972,0.0,0.0,,0.1862523808683081,8.345530013780214
4245,FMAT,453734.019431892,5678679.40772865,0.0,0.0,0.0,0.0,15.301008224487305,,1.0712658166885376,0.0,0.0,,0.1760591064577029,8.461009938823313
4246,FMAT,453734.739339275,5678679.14117646,0.0,0.0,0.0,0.0,4.0776686668396,,1.0091884136199951,0.0,0.0,,0.161983983074099,8.414337997394915
4247,FMAT,453735.467881457,5678678.87800427,0.0,0.0,0.0,0.0,1.6927028894424438,,1.0059484243392944,0.0,0.0,,0.1954809051762293,8.194691503869004
4248,FMAT,453736.153040671,5678678.63344308,0.0,0.0,0.0,0.0,1.5894391536712646,,1.0153344869613647,0.0,0.0,,0.2665083189789919,7.6952438974946045
4249,FMAT,453736.872817478,5678678.38908528,0.0,0.0,0.0,0.0,2.3410651683807373,,1.005958914756775,0.0,0.0,,0.2976839499424736,7.308963488125425
4250,FMAT,453737.653299012,5678678.12399858,0.0,0.0,0.0,0.0,1.2159870862960815,,1.005683660507202,0.0,0.0,,0.3208879261082153,6.74712370710001
4251,FMAT,453738.381743179,5678677.87747204,0.0,0.0,0.0,0.0,4.628277778625488,,1.0050126314163208,0.0,0.0,,0.3050413897197127,6.154355191192998
4252,FMAT,453739.127489593,5678677.63215687,0.0,0.0,0.0,0.0,2.50648045539856,,1.0098369121551514,0.0,0.0,,0.3011230592075473,5.720773922062501
4253,FMAT,453739.84746837,5678677.35339722,0.0,0.0,0.0,0.0,9.047385215759276,,1.0442239046096802,0.0,0.0,,0.2964205743299573,5.579893594534336
4254,FMAT,453740.524285912,5678677.05551783,0.0,0.0,0.0,0.0,5.172272205352783,,1.0082520246505735,0.0,0.0,,0.2767943732226302,5.305116351138532
4255,FMAT,453741.253173311,5678676.7335295,0.0,0.0,0.0,0.0,8.351883888244629,,1.0196841955184937,0.0,0.0,,0.2363619123016277,5.385955552350826
4256,FMAT,453741.964588813,5678676.4391826,0.0,0.0,0.0,0.0,2.35788631439209,,1.0016063451766968,0.0,0.0,,0.1896430272338944,5.705392985751926
4257,FMAT,453742.641301863,5678676.15905869,0.0,0.0,0.0,0.0,3.8451545238494873,,1.0073819160461426,0.0,0.0,,0.2012482069219766,5.776563666775605
4258,FMAT,453743.43956127,5678675.81417268,0.0,0.0,0.0,0.0,5.782219886779785,,1.0095527172088623,0.0,0.0,,0.2638552357016655,6.341200548787983
4259,FMAT,453744.177037632,5678675.50333221,0.0,0.0,0.0,0.0,4.987442493438721,,1.006244421005249,0.0,0.0,,0.2348008223015746,6.921323626062725
4260,FMAT,453744.819009013,5678675.24408954,0.0,0.0,0.0,0.0,8.151315689086914,,1.0303752422332764,0.0,0.0,,0.1941277798468565,7.211275846931356
4261,FMAT,453745.634446633,5678674.92149958,0.0,0.0,0.0,0.0,8.093052864074707,,1.0132784843444824,0.0,0.0,,0.1451982248872027,7.542415358021829
4262,FMAT,453746.311029016,5678674.66356993,0.0,0.0,0.0,0.0,6.230625152587891,,1.0304937362670898,0.0,0.0,,0.1221462724640876,7.777786827538741
4263,FMAT,453747.065579236,5678674.39278111,0.0,0.0,0.0,0.0,7.828955173492432,,1.0254957675933838,0.0,0.0,,0.0845490122207725,8.255889911958011
4264,FMAT,453747.871977591,5678674.13561405,0.0,0.0,0.0,0.0,5.049023628234863,,1.0488970279693604,0.0,0.0,,0.0697076131676885,8.107911008145663
4265,FMAT,453748.62626691,5678673.90921421,0.0,0.0,0.0,0.0,7.720624923706055,,1.037463903427124,0.0,0.0,,0.0418408091768324,7.801506456131381
4266,FMAT,453749.380588785,5678673.67726567,0.0,0.0,0.0,0.0,5.712133407592773,,1.0144236087799072,0.0,0.0,,0.057868557326115,7.6005487949081
4267,FMAT,453750.126275768,5678673.44193702,0.0,0.0,0.0,0.0,4.720483303070068,,1.0207489728927612,0.0,0.0,,0.1040074706755289,7.214400354867184
4268,FMAT,453750.871995304,5678673.20105967,0.0,0.0,0.0,0.0,6.92663049697876,,1.0200647115707395,0.0,0.0,,0.1567097314740048,6.964148680763137
4269,FMAT,453751.626532185,5678672.93248987,0.0,0.0,0.0,0.0,0.7419083118438721,,1.0035401582717896,0.0,0.0,,0.2452773163629266,6.251643528292094
4270,FMAT,453752.355144918,5678672.6571091,0.0,0.0,0.0,0.0,2.330066442489624,,1.0050179958343506,0.0,0.0,,0.2622431603418806,5.851157602117755
4271,FMAT,453753.144520958,5678672.35101176,0.0,0.0,0.0,0.0,2.220219373703003,,1.0057165622711182,0.0,0.0,,0.3104320364428879,5.756842311094566
4272,FMAT,453753.873237894,5678672.0578752,0.0,0.0,0.0,0.0,3.481550931930542,,1.0096007585525513,0.0,0.0,,0.2945754565786301,6.010161367325232
4273,FMAT,453754.593404673,5678671.74693208,0.0,0.0,0.0,0.0,1.905603051185608,,1.0046324729919434,0.0,0.0,,0.3119609011582387,6.264154683264873
4274,FMAT,453756.068466489,5678671.10638361,0.0,0.0,0.0,0.0,1.6233450174331665,,1.005778193473816,0.0,0.0,,0.351587038143444,7.58790964222705
4275,FMAT,453756.814628892,5678670.79004416,0.0,0.0,0.0,0.0,6.380938529968262,,1.0198417901992798,0.0,0.0,,0.3649417297817053,7.89741229375463
4276,FMAT,453757.534782399,5678670.48132022,0.0,0.0,0.0,0.0,1.5286996364593506,,1.0558669567108154,0.0,0.0,,0.348273904022394,7.973841407682972
4277,FMAT,453758.237548829,5678670.18581129,0.0,0.0,0.0,0.0,5.61084508895874,,1.0135997533798218,0.0,0.0,,0.3430257062060529,8.119864808165435
4278,FMAT,453758.948917457,5678669.89923097,0.0,0.0,0.0,0.0,4.328583240509033,,1.00726056098938,0.0,0.0,,0.3145934930154995,8.011649740139031
4279,FMAT,453759.642938125,5678669.61920727,0.0,0.0,0.0,0.0,4.069568634033203,,1.007251262664795,0.0,0.0,,0.3415770621326611,8.184754938672228
4280,FMAT,453760.354280576,5678669.33706573,0.0,0.0,0.0,0.0,8.31678295135498,,1.0262727737426758,0.0,0.0,,0.3162073056950937,8.004340311036728
4281,FMAT,453761.100201461,5678669.06178583,0.0,0.0,0.0,0.0,11.410984992980955,,1.034401535987854,0.0,0.0,,0.3041264948647478,7.822141258822681
4282,FMAT,453761.82870269,5678668.80526957,0.0,0.0,0.0,0.0,3.55066442489624,,1.0088952779769895,0.0,0.0,,0.3135145968674759,7.694775186843166
4283,FMAT,453762.539875518,5678668.55198077,0.0,0.0,0.0,0.0,5.039723873138428,,1.0131489038467407,0.0,0.0,,0.2955297882601005,7.938175698906046
4284,FMAT,453763.259624488,5678668.31205948,0.0,0.0,0.0,0.0,1.1075156927108765,,1.0294822454452517,0.0,0.0,,0.2749492518800976,7.780071086369245
4285,FMAT,453763.979340822,5678668.07768676,0.0,0.0,0.0,0.0,9.604365348815918,,1.0192890167236328,0.0,0.0,,0.303718750559785,7.664193415002708
4286,FMAT,453764.785581533,5678667.84715146,0.0,0.0,0.0,0.0,4.67845630645752,,1.0112508535385132,0.0,0.0,,0.2918177397903589,7.89803410048976
4287,FMAT,453765.539785014,5678667.63517649,0.0,0.0,0.0,0.0,13.800949096679688,,1.073591947555542,0.0,0.0,,0.2649506377179144,7.9966258951314755
4288,FMAT,453766.320049407,5678667.40670799,0.0,0.0,0.0,0.0,3.0227410793304443,,1.019628882408142,0.0,0.0,,0.2786558963215092,7.816937220538904
4289,FMAT,453767.039967601,5678667.13793342,0.0,0.0,0.0,0.0,7.453921794891357,,1.0687952041625977,0.0,0.0,,0.2191343267350071,7.684071490960525
4290,FMAT,453767.734046384,5678666.84792146,0.0,0.0,0.0,0.0,9.97956085205078,,1.0240681171417236,0.0,0.0,,0.2193318105107055,7.818651695645916
4291,FMAT,453768.402227097,5678666.54665969,0.0,0.0,0.0,0.0,8.536477088928223,,1.0165274143218994,0.0,0.0,,0.2230074015546602,8.051562605839141
4292,FMAT,453769.070459896,5678666.23652002,0.0,0.0,0.0,0.0,7.50694990158081,,1.0130382776260376,0.0,0.0,,0.2488415930182589,7.977551699490071
4293,FMAT,453769.825308278,5678665.91468152,0.0,0.0,0.0,0.0,19.212383270263672,,1.0805732011795044,0.0,0.0,,0.2868823768372358,7.646302254748678
4294,FMAT,453770.545382614,5678665.61927315,0.0,0.0,0.0,0.0,7.658271312713623,,1.0148773193359375,0.0,0.0,,0.3286760160686649,7.739539026626189
4295,FMAT,453771.213413229,5678665.34353489,0.0,0.0,0.0,0.0,4.335218906402588,,1.005996584892273,0.0,0.0,,0.2661993705427192,7.534550853240259
4296,FMAT,453771.950711533,5678665.0626545,0.0,0.0,0.0,0.0,1.2461001873016355,,1.0027726888656616,0.0,0.0,,0.2434613844603176,7.74547376833548
4297,FMAT,453772.696566431,5678664.79847078,0.0,0.0,0.0,0.0,11.037086486816406,,1.023876667022705,0.0,0.0,,0.2933027521145656,7.574783337505288
4298,FMAT,453773.425236301,5678664.51310052,0.0,0.0,0.0,0.0,6.387229442596436,,1.0103212594985962,0.0,0.0,,0.2871006654103203,7.506230235831807
4299,FMAT,453774.214656295,5678664.19923298,0.0,0.0,0.0,0.0,6.397153377532959,,1.013814091682434,0.0,0.0,,0.2541862507833309,7.56954311166764
4300,FMAT,453774.899734793,5678663.96798519,0.0,0.0,0.0,0.0,2.810626268386841,,1.014203667640686,0.0,0.0,,0.2688174895696208,7.5052588959825455
4301,FMAT,453775.628150378,5678663.72589413,0.0,0.0,0.0,0.0,6.320932388305664,,1.0106782913208008,0.0,0.0,,0.3204088677083536,7.245547170079989
4302,FMAT,453776.348054873,5678663.45933817,0.0,0.0,0.0,0.0,3.603248834609986,,1.0419949293136597,0.0,0.0,,0.3119371392772467,7.324617913759714
4303,FMAT,453777.041963566,5678663.19817833,0.0,0.0,0.0,0.0,4.043179035186768,,1.0166298151016235,0.0,0.0,,0.2936032685891554,7.276720252872467
4304,FMAT,453777.735859177,5678662.9392379,0.0,0.0,0.0,0.0,6.13738489151001,,1.009299874305725,0.0,0.0,,0.2953114477106572,7.435012172497061
4305,FMAT,453778.490355036,5678662.6773239,0.0,0.0,0.0,0.0,2.212392807006836,,1.0331802368164062,0.0,0.0,,0.3059181880511955,7.330976654683452
4306,FMAT,453779.244844323,5678662.41651957,0.0,0.0,0.0,0.0,1.6110429763793943,,1.0098693370819092,0.0,0.0,,0.291303928682239,7.227062819604751
4307,FMAT,453779.947420246,5678662.15319084,0.0,0.0,0.0,0.0,4.357930660247803,,1.013846516609192,0.0,0.0,,0.2582359430326986,7.504696802146587
4308,FMAT,453780.702046256,5678661.86908207,0.0,0.0,0.0,0.0,3.693699836730957,,1.0274282693862915,0.0,0.0,,0.2558974703366017,7.801119229278186
4309,FMAT,453781.465215841,5678661.60388943,0.0,0.0,0.0,0.0,4.305474281311035,,1.0161069631576538,0.0,0.0,,0.3008298242087973,7.464512308931079
4310,FMAT,453782.167713433,5678661.35387724,0.0,0.0,0.0,0.0,6.225023746490479,,1.0130723714828491,0.0,0.0,,0.3139941185072711,7.442702976707629
4311,FMAT,453782.887545816,5678661.09952769,0.0,0.0,0.0,0.0,0.4528930485248565,,1.0115894079208374,0.0,0.0,,0.3221368499003246,7.086753998192846
4312,FMAT,453783.633334809,5678660.84644023,0.0,0.0,0.0,0.0,2.6971447467803955,,1.0169049501419067,0.0,0.0,,0.3072802991094979,6.59127166850166
4313,FMAT,453784.370397699,5678660.6055089,0.0,0.0,0.0,0.0,4.520664215087891,,1.0083587169647217,0.0,0.0,,0.330030606704264,6.517095903545507
4314,FMAT,453785.11630386,5678660.33244619,0.0,0.0,0.0,0.0,3.8010447025299072,,1.0077224969863892,0.0,0.0,,0.3804727694738379,6.573618381534043
4315,FMAT,453785.827644532,5678660.05030236,0.0,0.0,0.0,0.0,4.780548572540283,,1.0174908638000488,0.0,0.0,,0.4003788385967817,6.944748247118588
4316,FMAT,453786.625607212,5678659.75534977,0.0,0.0,0.0,0.0,3.6677675247192383,,1.0068758726119995,0.0,0.0,,0.3418783596580642,7.619220305545555
4317,FMAT,453787.362897908,5678659.47557767,0.0,0.0,0.0,0.0,7.467906951904297,,1.014473557472229,0.0,0.0,,0.3346371620388576,8.01880279029225
4318,FMAT,453788.091749143,5678659.15913366,0.0,0.0,0.0,0.0,4.308659553527832,,1.011353850364685,0.0,0.0,,0.3122271964321206,8.248283273208667
4319,FMAT,453788.829384987,5678658.82054582,0.0,0.0,0.0,0.0,6.6856369972229,,1.0212914943695068,0.0,0.0,,0.2616040307547511,8.245764742437606
4320,FMAT,453789.558444551,5678658.46859037,0.0,0.0,0.0,0.0,10.727657318115234,,1.0751181840896606,0.0,0.0,,0.2638009115828211,8.240506836393786
4321,FMAT,453790.278882232,5678658.1110354,0.0,0.0,0.0,0.0,8.699445724487305,,1.050553560256958,0.0,0.0,,0.248485705619292,8.06020937495121
4322,FMAT,453790.973298065,5678657.76331553,0.0,0.0,0.0,0.0,9.344560623168944,,1.0357396602630615,0.0,0.0,,0.2639711198116332,8.079639436885206
4323,FMAT,453791.667518423,5678657.44888745,0.0,0.0,0.0,0.0,4.213222026824951,,1.0213673114776611,0.0,0.0,,0.2849262096065389,8.11074129686602
4324,FMAT,453792.457243104,5678657.08286085,0.0,0.0,0.0,0.0,14.960979461669922,,1.1468759775161743,0.0,0.0,,0.3055991619200542,7.664006670636112
4325,FMAT,453793.11704121,5678656.7349376,0.0,0.0,0.0,0.0,5.09834098815918,,1.010494589805603,0.0,0.0,,0.3550244681489947,7.41880390869489
4326,FMAT,453793.794180591,5678656.38156723,0.0,0.0,0.0,0.0,7.497729778289795,,1.0245246887207031,0.0,0.0,,0.4283010190447586,7.161561964037285
4327,FMAT,453794.523187598,5678656.03848915,0.0,0.0,0.0,0.0,2.6626439094543457,,1.0064685344696045,0.0,0.0,,0.4443161495400966,6.673026460238648
4328,FMAT,453795.252298749,5678655.67765534,0.0,0.0,0.0,0.0,4.652507305145264,,1.0172202587127686,0.0,0.0,,0.4613067393257495,6.33703080477127
4329,FMAT,453795.955388067,5678655.32665665,0.0,0.0,0.0,0.0,2.7339470386505127,,1.003456950187683,0.0,0.0,,0.4501027113479588,5.606284912926783
4330,FMAT,453796.63255325,5678654.96884713,0.0,0.0,0.0,0.0,4.167190074920654,,1.003588080406189,0.0,0.0,,0.4782909021812294,5.704814233154569
4331,FMAT,453797.318353218,5678654.61441753,0.0,0.0,0.0,0.0,4.472445964813232,,1.012748122215271,0.0,0.0,,0.4692120181427392,5.919112282377536
4332,FMAT,453798.021351165,5678654.27895485,0.0,0.0,0.0,0.0,3.440213918685913,,1.02138352394104,0.0,0.0,,0.4469218788799413,6.236369790599007
4333,FMAT,453798.750390349,5678653.93032773,0.0,0.0,0.0,0.0,3.590813159942627,,1.020336627960205,0.0,0.0,,0.4372815068401269,6.49228728548439
4334,FMAT,453799.462224911,5678653.56384331,0.0,0.0,0.0,0.0,5.811858177185059,,1.0250630378723145,0.0,0.0,,0.3891861007918528,7.072844643144169
4335,FMAT,453800.17398777,5678653.20956584,0.0,0.0,0.0,0.0,7.603218078613281,,1.015489935874939,0.0,0.0,,0.3584127256978794,7.163266192261173
4336,FMAT,453800.885665896,5678652.86971478,0.0,0.0,0.0,0.0,2.074670553207397,,1.035568118095398,0.0,0.0,,0.3095290301851738,7.192623710088694
4337,FMAT,453801.571328722,5678652.53858911,0.0,0.0,0.0,0.0,3.732707977294922,,1.0264973640441897,0.0,0.0,,0.2655563613680992,7.423127933177883
4338,FMAT,453802.248369673,5678652.20186396,0.0,0.0,0.0,0.0,4.514447212219238,,1.0409265756607056,0.0,0.0,,0.2445226190225956,7.43716434683696
4339,FMAT,453802.98617356,5678651.83442186,0.0,0.0,0.0,0.0,3.329038143157959,,1.04262375831604,0.0,0.0,,0.2937985115501809,7.469116456210447
4340,FMAT,453803.671855745,5678651.49996682,0.0,0.0,0.0,0.0,1.0327335596084597,,1.0142563581466677,0.0,0.0,,0.2778116715026658,7.654420314358196
4341,FMAT,453804.340007699,5678651.20314093,0.0,0.0,0.0,0.0,4.63329553604126,,1.0126279592514038,0.0,0.0,,0.2763450792301066,7.838756380155114
4342,FMAT,453805.060281232,5678650.87332783,0.0,0.0,0.0,0.0,10.603970527648926,,1.0521535873413086,0.0,0.0,,0.3187187144845158,7.949902192886503
4343,FMAT,453805.780587264,5678650.53796602,0.0,0.0,0.0,0.0,4.1922712326049805,,1.0056549310684204,0.0,0.0,,0.3185334169102602,7.864138736818043
4344,FMAT,453807.256142233,5678649.81195892,0.0,0.0,0.0,0.0,6.415546894073486,,1.017898678779602,0.0,0.0,,0.4084710541217416,8.585479841135426
4345,FMAT,453807.924450183,5678649.48849924,0.0,0.0,0.0,0.0,10.108055114746094,,1.0552011728286743,0.0,0.0,,0.4373409149608386,8.008180001273407
4346,FMAT,453808.627473257,5678649.1485967,0.0,0.0,0.0,0.0,2.5876452922821045,,1.0115902423858645,0.0,0.0,,0.4379101548672476,7.727569431431195
4347,FMAT,453809.347811533,5678648.80768592,0.0,0.0,0.0,0.0,5.033300399780273,,1.0131096839904783,0.0,0.0,,0.4650640465410989,7.630233282215727
4348,FMAT,453810.042173597,5678648.4688422,0.0,0.0,0.0,0.0,4.132485389709473,,1.0070160627365112,0.0,0.0,,0.4625477196174046,7.643311138220499
4349,FMAT,453810.736548622,5678648.12777897,0.0,0.0,0.0,0.0,3.1617560386657715,,1.0561482906341553,0.0,0.0,,0.4495115479431296,7.531316831241614
4350,FMAT,453811.474332196,5678647.76366526,0.0,0.0,0.0,0.0,9.93251895904541,,1.1968234777450562,0.0,0.0,,0.4584919036695628,7.555157284383579
4351,FMAT,453812.194767881,5678647.4061083,0.0,0.0,0.0,0.0,13.36011028289795,,1.0371932983398438,0.0,0.0,,0.4274021963654847,7.8278148148873266
4352,FMAT,453812.932303904,5678647.08416414,0.0,0.0,0.0,0.0,4.877505779266357,,1.0210554599761963,0.0,0.0,,0.3885257833921346,8.346760147975298
4353,FMAT,453813.713261477,5678646.73695003,0.0,0.0,0.0,0.0,3.745907783508301,,1.0091373920440674,0.0,0.0,,0.3998047036793762,8.940894026362338
4354,FMAT,453814.451096865,5678646.36395822,0.0,0.0,0.0,0.0,6.358817100524902,,1.049601912498474,0.0,0.0,,0.3606507527778863,9.24199115184221
4355,FMAT,453815.136875733,5678646.01285627,0.0,0.0,0.0,0.0,3.8408992290496826,,1.0347987413406372,0.0,0.0,,0.3657039356575695,9.22269843238822
4356,FMAT,453815.822687089,5678645.65620561,0.0,0.0,0.0,0.0,7.428100109100342,,1.052668213844299,0.0,0.0,,0.3841285446289901,9.305582834660768
4357,FMAT,453816.517185309,5678645.29405703,0.0,0.0,0.0,0.0,7.748989105224609,,1.034431219100952,0.0,0.0,,0.4041638569016536,9.402492213626434
4358,FMAT,453817.194322639,5678644.94068467,0.0,0.0,0.0,0.0,8.199161529541016,,1.047046780586243,0.0,0.0,,0.3754027786075171,9.045998115558248
4359,FMAT,453817.906520082,5678644.5120538,0.0,0.0,0.0,0.0,9.363146781921388,,1.0195465087890625,0.0,0.0,,0.3844243314281481,8.77775635370401
4360,FMAT,453818.583982789,5678644.1031949,0.0,0.0,0.0,0.0,8.974191665649414,,1.1107186079025269,0.0,0.0,,0.4179074680145486,8.691870061382012
4361,FMAT,453819.235260968,5678643.7319144,0.0,0.0,0.0,0.0,5.34183406829834,,1.0257104635238647,0.0,0.0,,0.4382329591065502,8.467878526296383
4362,FMAT,453819.91254777,5678643.35301805,0.0,0.0,0.0,0.0,0.6506379842758179,,1.0163497924804688,0.0,0.0,,0.4163977826412592,8.145711787438367
4363,FMAT,453820.641721658,5678642.98108462,0.0,0.0,0.0,0.0,4.853753566741943,,1.0346720218658447,0.0,0.0,,0.4036324338147823,7.932212580025173
4364,FMAT,453821.379510792,5678642.61586027,0.0,0.0,0.0,0.0,9.517824172973633,,1.1046737432479858,0.0,0.0,,0.4247003418229695,7.901780722250193
4365,FMAT,453822.091297689,5678642.25714191,0.0,0.0,0.0,0.0,2.200302600860596,,1.013208031654358,0.0,0.0,,0.4188611141274661,8.007205502300657
4366,FMAT,453822.829028101,5678641.90190498,0.0,0.0,0.0,0.0,7.637691974639893,,1.0119327306747437,0.0,0.0,,0.4490998053620672,8.540435221703238
4367,FMAT,453823.532069369,5678641.55867193,0.0,0.0,0.0,0.0,1.9738062620162964,,1.0218719244003296,0.0,0.0,,0.4195442170987573,8.43808721633611
4368,FMAT,453824.208828515,5678641.26966321,0.0,0.0,0.0,0.0,5.50145959854126,,1.020605444908142,0.0,0.0,,0.4547148325386332,8.034061820680376
4369,FMAT,453824.894241978,5678640.98070521,0.0,0.0,0.0,0.0,13.768965721130373,,1.07266366481781,0.0,0.0,,0.4634068058932106,7.964336725237847
4370,FMAT,453825.692565728,5678640.62360389,0.0,0.0,0.0,0.0,12.489588737487791,,1.035341739654541,0.0,0.0,,0.4606432801970966,7.800405848180718
4371,FMAT,453826.421621923,5678640.27164504,0.0,0.0,0.0,0.0,5.31574296951294,,1.0159814357757568,0.0,0.0,,0.5063931228573578,7.799839124105336
4372,FMAT,453827.098589139,5678639.94712477,0.0,0.0,0.0,0.0,5.932396411895752,,1.0237542390823364,0.0,0.0,,0.5154421699337522,7.912832763227392
4373,FMAT,453827.862327759,5678639.58427155,0.0,0.0,0.0,0.0,13.136252403259276,,1.0375784635543823,0.0,0.0,,0.5211413930148686,7.923388428786798
4374,FMAT,453828.704235469,5678639.17415676,0.0,0.0,0.0,0.0,5.933193683624268,,1.037697196006775,0.0,0.0,,0.5196493527585424,7.678263841409229
4375,FMAT,453829.364089019,5678638.81624293,0.0,0.0,0.0,0.0,1.3491979837417605,,1.0095807313919067,0.0,0.0,,0.5687621147326751,7.453781199450359
4376,FMAT,453830.041342355,5678638.44289436,0.0,0.0,0.0,0.0,7.042858123779297,,1.0165153741836548,0.0,0.0,,0.5736212992215901,7.541869233278246
4377,FMAT,453830.805256422,5678638.05007818,0.0,0.0,0.0,0.0,1.000173807144165,,1.0023504495620728,0.0,0.0,,0.5924639545771369,7.402777427249943
4378,FMAT,453831.517061994,5678637.68802979,0.0,0.0,0.0,0.0,0.7771486639976501,,1.0029383897781372,0.0,0.0,,0.6259026786534425,7.355721262447584
4379,FMAT,453832.237671553,5678637.30050835,0.0,0.0,0.0,0.0,7.878477573394775,,1.013393521308899,0.0,0.0,,0.604033464400838,7.199702205860705
4380,FMAT,453832.984309208,5678636.90204181,0.0,0.0,0.0,0.0,3.5113863945007324,,1.008689045906067,0.0,0.0,,0.5359820350117356,7.490188317074491
4381,FMAT,453833.71355997,5678636.51679044,0.0,0.0,0.0,0.0,5.399145603179932,,1.045015573501587,0.0,0.0,,0.4910449123070769,7.497819408402012
4382,FMAT,453834.37336751,5678636.16664429,0.0,0.0,0.0,0.0,3.8882360458374015,,1.0043171644210815,0.0,0.0,,0.4917417487949942,7.576176570298785
4383,FMAT,453835.067831483,5678635.81004272,0.0,0.0,0.0,0.0,3.460547685623169,,1.0114185810089111,0.0,0.0,,0.4729362260181314,7.3448460718039374
4384,FMAT,453835.823175276,5678635.40274884,0.0,0.0,0.0,0.0,10.406004905700684,,1.0582451820373535,0.0,0.0,,0.4992227102044603,7.149132214852911
4385,FMAT,453836.517762761,5678635.0250623,0.0,0.0,0.0,0.0,7.837310791015625,,1.0124503374099731,0.0,0.0,,0.5258069953508009,7.497578737396405
4386,FMAT,453837.238306751,5678634.64863768,0.0,0.0,0.0,0.0,11.862754821777344,,1.0492916107177734,0.0,0.0,,0.5230217628067143,7.674897696562938
4387,FMAT,453837.976191928,5678634.26676585,0.0,0.0,0.0,0.0,9.644394874572754,,1.0276907682418823,0.0,0.0,,0.5541598190137721,7.731658390753392
4388,FMAT,453838.696677212,5678633.90032865,0.0,0.0,0.0,0.0,5.785079956054688,,1.0573052167892456,0.0,0.0,,0.5938027597530838,7.637332562461621
4389,FMAT,453839.399678017,5678633.56375256,0.0,0.0,0.0,0.0,8.007181167602539,,1.057014226913452,0.0,0.0,,0.6015783715201355,7.570983820198015
4390,FMAT,453840.120059056,5678633.21507089,0.0,0.0,0.0,0.0,7.520514965057373,,1.021729588508606,0.0,0.0,,0.587822490044333,7.597921003541963
4391,FMAT,453840.918758714,5678632.79360379,0.0,0.0,0.0,0.0,6.960307121276856,,1.014462113380432,0.0,0.0,,0.6029126262833304,8.273706661627957
4392,FMAT,453841.665102687,5678632.44507421,0.0,0.0,0.0,0.0,7.307842254638672,,1.0307401418685913,0.0,0.0,,0.5922599045315147,8.887618955298459
4393,FMAT,453842.428416954,5678632.15435193,0.0,0.0,0.0,0.0,8.332083702087402,,1.0837759971618652,0.0,0.0,,0.5748654782192105,9.491370983739936
4394,FMAT,453843.113705314,5678631.88647719,0.0,0.0,0.0,0.0,4.670750141143799,,1.0064561367034912,0.0,0.0,,0.5232440057997866,9.446623974621742
4395,FMAT,453843.85118003,5678631.57451771,0.0,0.0,0.0,0.0,8.487651824951172,,1.025992751121521,0.0,0.0,,0.4665154653779619,9.417798350201684
4396,FMAT,453844.580488311,5678631.17927777,0.0,0.0,0.0,0.0,13.092866897583008,,1.0409096479415894,0.0,0.0,,0.4560527307900766,9.631922865722268
4397,FMAT,453845.257681702,5678630.81591546,0.0,0.0,0.0,0.0,3.968861103057861,,1.0093013048171997,0.0,0.0,,0.4586226276968386,9.601276547291423
4398,FMAT,453845.978224881,5678630.43949005,0.0,0.0,0.0,0.0,4.142035961151123,,1.040574312210083,0.0,0.0,,0.4368671344015303,10.28185745732226
4399,FMAT,453846.716167789,5678630.04762984,0.0,0.0,0.0,0.0,5.111661434173584,,1.02290678024292,0.0,0.0,,0.4739321508033248,10.947817703493673
4400,FMAT,453847.419454165,5678629.66222499,0.0,0.0,0.0,0.0,6.011615753173828,,1.018558144569397,0.0,0.0,,0.441538369571013,10.36401887362687
4401,FMAT,453848.114066599,5678629.28009852,0.0,0.0,0.0,0.0,10.074172019958496,,1.05088472366333,0.0,0.0,,0.3927182691618313,9.782125254000045
4402,FMAT,453848.808483792,5678628.93126385,0.0,0.0,0.0,0.0,18.939735412597656,,1.0887662172317505,0.0,0.0,,0.3900894880966485,9.385656070099
4403,FMAT,453849.476879311,5678628.59226446,0.0,0.0,0.0,0.0,3.915346384048462,,1.04530930519104,0.0,0.0,,0.4470110950032068,9.041158719739729
4404,FMAT,453850.249400246,5678628.20726525,0.0,0.0,0.0,0.0,0.8103274703025818,,1.0151383876800537,0.0,0.0,,0.4836765652532537,9.23911191570154
4405,FMAT,453850.978506216,5678627.84642631,0.0,0.0,0.0,0.0,1.5533227920532229,,1.0046724081039429,0.0,0.0,,0.5381745470370803,9.2643036008214
4406,FMAT,453851.725005397,5678627.4712623,0.0,0.0,0.0,0.0,4.856616020202637,,1.0351691246032717,0.0,0.0,,0.5511394553096709,8.943634187926762
4407,FMAT,453852.480288963,5678627.07395439,0.0,0.0,0.0,0.0,2.3230960369110107,,1.02166485786438,0.0,0.0,,0.543663868426024,8.576777410284958
4408,FMAT,453853.226846544,5678626.68880268,0.0,0.0,0.0,0.0,2.87404727935791,,1.005567193031311,0.0,0.0,,0.4867785916012087,8.27265150078853
4409,FMAT,453853.912693493,5678626.32549036,0.0,0.0,0.0,0.0,9.052671432495115,,1.0260818004608154,0.0,0.0,,0.4062680024444928,8.10033120917855
4410,FMAT,453854.581147113,5678625.97650299,0.0,0.0,0.0,0.0,3.7619941234588623,,1.0054004192352295,0.0,0.0,,0.3921245626372134,7.926504596272311
4411,FMAT,453855.284179043,5678625.63437684,0.0,0.0,0.0,0.0,3.5106687545776367,,1.002192735671997,0.0,0.0,,0.4282496711489518,7.518034544134539
4412,FMAT,453856.056361143,5678625.30708294,0.0,0.0,0.0,0.0,2.736229419708252,,1.0031020641326904,0.0,0.0,,0.4583249348437226,7.391931629866755
4413,FMAT,453856.854610303,5678624.96218549,0.0,0.0,0.0,0.0,3.2549705505371094,,1.0101687908172607,0.0,0.0,,0.4769916395378127,7.2943413876137795
4414,FMAT,453857.644387173,5678624.58616484,0.0,0.0,0.0,0.0,4.948507308959961,,1.0087954998016355,0.0,0.0,,0.4680311646242176,7.501251748473379
4415,FMAT,453858.390853197,5678624.21654885,0.0,0.0,0.0,0.0,3.8080899715423584,,1.0075631141662598,0.0,0.0,,0.4485136819693592,7.902335065929132
4416,FMAT,453859.076888315,5678623.82105395,0.0,0.0,0.0,0.0,2.8682992458343506,,1.0037217140197754,0.0,0.0,,0.3729300724076688,8.176166096439028
4417,FMAT,453859.754190967,5678623.43882501,0.0,0.0,0.0,0.0,8.24555492401123,,1.1433141231536863,0.0,0.0,,0.3191705682344979,8.796783601678541
4418,FMAT,453860.422696109,5678623.08095932,0.0,0.0,0.0,0.0,7.560576915740967,,1.0278074741363523,0.0,0.0,,0.3009160008085789,8.760053402011087
4419,FMAT,453861.134661548,5678622.69116506,0.0,0.0,0.0,0.0,8.597907066345215,,1.0145477056503296,0.0,0.0,,0.2623590998926317,9.140046698301951
4420,FMAT,453861.82051428,5678622.32674232,0.0,0.0,0.0,0.0,3.3339040279388428,,1.019343018531799,0.0,0.0,,0.2772415404743826,9.387438138081906
4421,FMAT,453862.48885013,5678621.99772939,0.0,0.0,0.0,0.0,4.70472526550293,,1.0382745265960691,0.0,0.0,,0.2758088300263416,9.78269739547954
4422,FMAT,453863.17454665,5678621.65994002,0.0,0.0,0.0,0.0,1.11892569065094,,1.006999969482422,0.0,0.0,,0.2592228724385452,9.826379455210912
4423,FMAT,453863.860100023,5678621.34656461,0.0,0.0,0.0,0.0,9.524751663208008,,1.146405816078186,0.0,0.0,,0.1968561585971683,9.247061719183025
4424,FMAT,453864.545796424,5678621.00877512,0.0,0.0,0.0,0.0,10.679571151733398,,1.0343183279037476,0.0,0.0,,0.1943365588458793,9.455631987535511
4425,FMAT,453865.188448667,5678620.63189148,0.0,0.0,0.0,0.0,7.02159595489502,,1.022436022758484,0.0,0.0,,0.2953559552886113,9.876787525696434
4426,FMAT,453865.8658613,5678620.23079664,0.0,0.0,0.0,0.0,3.3984663486480717,,1.015317678451538,0.0,0.0,,0.2920497278823205,10.403374397872014
4427,FMAT,453866.525828605,5678619.8529046,0.0,0.0,0.0,0.0,7.479709148406982,,1.0139330625534058,0.0,0.0,,0.2935286437301451,10.31724771836404
4428,FMAT,453867.202935452,5678619.50396687,0.0,0.0,0.0,0.0,16.6337890625,,1.0530641078948977,0.0,0.0,,0.3165183205967131,10.072106081208393
4429,FMAT,453867.888690072,5678619.15618954,0.0,0.0,0.0,0.0,12.884373664855955,,1.040191411972046,0.0,0.0,,0.3145634803201262,9.91947797813954
4430,FMAT,453868.609146543,5678618.79418853,0.0,0.0,0.0,0.0,0.966824471950531,,1.0195833444595337,0.0,0.0,,0.2607070410801446,9.616272057801298
4431,FMAT,453869.294907544,5678618.44530135,0.0,0.0,0.0,0.0,6.520175457000732,,1.018185257911682,0.0,0.0,,0.3026744078336662,9.539037748459592
4432,FMAT,453870.032809127,5678618.06009734,0.0,0.0,0.0,0.0,7.349269390106201,,1.010206699371338,0.0,0.0,,0.3647783842698165,9.650875436769816
4433,FMAT,453870.822727725,5678617.65966135,0.0,0.0,0.0,0.0,3.1961004734039307,,1.009759545326233,0.0,0.0,,0.3207412581309295,9.60036023131495
4434,FMAT,453871.569263991,5678617.2778371,0.0,0.0,0.0,0.0,4.821430206298828,,1.0185396671295166,0.0,0.0,,0.2457026762885022,9.517141046816274
4435,FMAT,453872.246376888,5678616.92778922,0.0,0.0,0.0,0.0,6.278619766235352,,1.0344746112823486,0.0,0.0,,0.241796186849113,9.596999256699698
4436,SGZ,453873.036321265,5678616.52291409,0.0,0.0,0.0,0.0,4.880923271179199,,1.02244234085083,0.0,0.0,,0.2079497792252386,9.35528326523196
4437,SGZ,453873.704714668,5678616.18391266,0.0,0.0,0.0,0.0,4.737314701080322,,1.0250955820083618,0.0,0.0,,0.2093434918648827,9.766449947774854
4438,SGZ,453874.433272239,5678615.91628875,0.0,0.0,0.0,0.0,5.151455402374268,,1.009526610374451,0.0,0.0,,0.206580951479162,9.725951863157118
4439,SGZ,453875.204002586,5678615.83646243,0.0,0.0,0.0,0.0,3.83024263381958,,1.046269178390503,0.0,0.0,,0.188198213951197,10.130346773364394
4440,SGZ,453875.97360806,5678615.94861906,0.0,0.0,0.0,0.0,20.090103149414062,,1.0888137817382812,0.0,0.0,,0.1431175905931362,9.900723637886644
4441,SGZ,453876.672645937,5678616.2878643,0.0,0.0,0.0,0.0,10.330345153808594,,1.0267245769500732,0.0,0.0,,0.0862706623235082,9.478189814365814
4442,SGZ,453877.275244273,5678616.83850986,0.0,0.0,0.0,0.0,14.778226852416992,,1.0529569387435913,0.0,0.0,,0.1004717541500394,9.248851075256322
4443,SGZ,453877.746675209,5678617.6192183,0.0,0.0,0.0,0.0,16.390323638916016,,1.133994221687317,0.0,0.0,,0.0808759634383962,9.808817572219928
4444,SGZ,453877.888675592,5678618.49454632,0.0,0.0,0.0,0.0,15.19707202911377,,1.0727052688598633,0.0,0.0,,0.1653215778187433,9.892664168138973
4445,SGZ,453877.692669003,5678619.45112647,0.0,0.0,0.0,0.0,21.459665298461918,,1.2067269086837769,0.0,0.0,,0.2147942622598008,9.65749916892677
4446,SGZ,453877.184611838,5678620.49022059,0.0,0.0,0.0,0.0,5.830666542053223,,1.0352076292037964,0.0,0.0,,0.3780140060988148,9.402610925320534
4447,SGZ,453876.521101427,5678621.47291553,0.0,0.0,0.0,0.0,3.727703094482422,,1.0100021362304688,0.0,0.0,,0.4155479933087992,8.193273597362941
4448,SGZ,453875.822271241,5678622.57525826,0.0,0.0,0.0,0.0,4.433251857757568,,1.009981632232666,0.0,0.0,,0.3796747755124202,7.901416278942161
4449,SGZ,453875.218092504,5678623.7713759,0.0,0.0,0.0,0.0,9.891380310058594,,1.0232013463974,0.0,0.0,,0.3621235472999566,8.262647415337856
4450,SGZ,453874.53465247,5678625.20118983,0.0,0.0,0.0,0.0,6.440008640289307,,1.012389898300171,0.0,0.0,,0.3744891988294248,8.246898143225618
4451,SGZ,453873.990605139,5678626.4742336,0.0,0.0,0.0,0.0,2.7269654273986816,,1.0132980346679688,0.0,0.0,,0.3616211020230828,9.566408260303062
4452,SGZ,453873.411446045,5678627.83141386,0.0,0.0,0.0,0.0,4.525025367736816,,1.018271565437317,0.0,0.0,,0.3946712203066023,10.763983474100844
4453,SGZ,453872.770912972,5678629.32362597,0.0,0.0,0.0,0.0,8.713915824890137,,1.0455914735794067,0.0,0.0,,0.4353415819895737,11.177921671133086
4454,SGZ,453872.148195577,5678630.72938063,0.0,0.0,0.0,0.0,9.781949996948242,,1.032745361328125,0.0,0.0,,0.3965953971799041,11.052727646234397
4455,SGZ,453871.534307891,5678632.10522329,0.0,0.0,0.0,0.0,7.516394138336182,,1.0412474870681765,0.0,0.0,,0.4471173246808349,11.726356744296536
4456,SGZ,453870.929113367,5678633.47445823,0.0,0.0,0.0,0.0,3.6959710121154794,,1.0168287754058838,0.0,0.0,,0.4933304832012472,11.726235098379568
4457,SGZ,453870.375578185,5678634.88949628,0.0,0.0,0.0,0.0,3.617948532104492,,1.0616209506988523,0.0,0.0,,0.4781023533121569,11.745294634999196
4458,NVB,453457.917686758,5679084.79169798,0.0,0.0,0.0,0.0,2.753293991088867,,1.0079280138015747,0.0,0.0,,-0.2166786501629491,12.660736545561774
4459,NVB,453457.320796712,5679084.73823003,0.0,0.0,0.0,0.0,8.405693054199219,,1.0182361602783203,0.0,0.0,,-0.1996935021937241,14.897765135184402
4460,NVB,453456.741498478,5679084.63714606,0.0,0.0,0.0,0.0,0.741523265838623,,1.0298296213150024,0.0,0.0,,-0.203732122172416,16.527790654668394
4461,NVB,453456.240769689,5679084.42222055,0.0,0.0,0.0,0.0,30.775236129760746,,1.21671462059021,0.0,0.0,,-0.1912366816607391,18.094176978174797
4462,NVB,453455.722704972,5679084.21163159,0.0,0.0,0.0,0.0,13.016111373901367,,1.0693542957305908,0.0,0.0,,-0.1942320606531212,19.19400979466494
4463,NVB,453455.213301697,5679083.99998404,0.0,0.0,0.0,0.0,6.792287349700928,,1.0311206579208374,0.0,0.0,,-0.2153353967296147,19.95504070739652
4464,NVB,453454.66044047,5679083.819153,0.0,0.0,0.0,0.0,8.115715026855469,,1.015148043632507,0.0,0.0,,-0.2212488823692166,19.603985644206865
4465,NVB,453454.116207884,5679083.642812,0.0,0.0,0.0,0.0,7.03994607925415,,1.016842484474182,0.0,0.0,,-0.221591840158224,17.858680941818825
4466,NVB,453453.572290231,5679083.41320403,0.0,0.0,0.0,0.0,3.545785665512085,,1.0161317586898804,0.0,0.0,,-0.2653732503235665,15.647242094260118
4467,NVB,453453.028142983,5679083.22243649,0.0,0.0,0.0,0.0,5.713497161865234,,1.018665075302124,0.0,0.0,,-0.2849193524693869,14.283073493747503
4468,NVB,453452.422827854,5679083.13007652,0.0,0.0,0.0,0.0,1.6778292655944824,,1.0021896362304688,0.0,0.0,,-0.3089737401466612,12.60715535488373
4469,NVB,453451.757007473,5679083.02404159,0.0,0.0,0.0,0.0,2.5651721954345703,,1.0048190355300903,0.0,0.0,,-0.3258071058062066,9.572663273500217
4470,NVB,453451.152072909,5679082.8673173,0.0,0.0,0.0,0.0,2.152730941772461,,1.0185816287994385,0.0,0.0,,-0.3200708726792138,7.163849139799145
4471,NVB,453450.495287962,5679082.69696922,0.0,0.0,0.0,0.0,6.36433744430542,,1.037271499633789,0.0,0.0,,-0.3203454367805979,5.702218805910479
4472,NVB,453449.82078654,5679082.59532186,0.0,0.0,0.0,0.0,1.1211107969284058,,1.002341866493225,0.0,0.0,,-0.3169119396414903,4.668276968616255
4473,NVB,453449.015799604,5679082.60498938,0.0,0.0,0.0,0.0,2.8485281467437744,,1.002862811088562,0.0,0.0,,-0.3410818289544163,4.640496189171422
4474,NVB,453448.237000318,5679082.5770796,0.0,0.0,0.0,0.0,2.29540753364563,,1.0012329816818235,0.0,0.0,,-0.3519930635174714,4.133103423457636
4475,NVB,453447.579998926,5679082.44335228,0.0,0.0,0.0,0.0,1.6839162111282349,,1.0033042430877686,0.0,0.0,,-0.3661679574684927,3.7386061869326745
4476,NVB,453446.983994927,5679082.24007028,0.0,0.0,0.0,0.0,3.63650107383728,,1.0055750608444214,0.0,0.0,,-0.3907025520179107,3.6754678157265097
4477,NVB,453446.500963398,5679081.95977255,0.0,0.0,0.0,0.0,0.6777178645133972,,1.0018373727798462,0.0,0.0,,-0.3910693190476203,4.2166341438559884
4478,NVB,453445.956980459,5679081.74126133,0.0,0.0,0.0,0.0,4.10304069519043,,1.00544273853302,0.0,0.0,,-0.4147593367553765,5.116637571158504
4479,NVB,453445.300025105,5679081.59976573,0.0,0.0,0.0,0.0,2.120666980743408,,1.0051844120025637,0.0,0.0,,-0.4237800516826966,7.450767598118749
4480,NVB,453444.643135393,5679081.4471728,0.0,0.0,0.0,0.0,3.2849907875061035,,1.005507230758667,0.0,0.0,,-0.4452594827274702,7.601148683135269
4481,NVB,453443.925569857,5679081.30975776,0.0,0.0,0.0,0.0,1.174079656600952,,1.0017330646514893,0.0,0.0,,-0.4538584949835481,7.858417500203891
4482,NVB,453443.043345547,5679081.20799129,0.0,0.0,0.0,0.0,2.6879024505615234,,1.0029066801071167,0.0,0.0,,-0.4536157812177276,10.56742812636668
4483,NVB,453442.186974271,5679081.12524363,0.0,0.0,0.0,0.0,2.3822813034057617,,1.0050808191299438,0.0,0.0,,-0.4125359129990156,14.522115125115588
4484,NVB,453441.330714567,5679081.0236305,0.0,0.0,0.0,0.0,4.071803569793701,,1.0054116249084473,0.0,0.0,,-0.4016935307702702,17.722862138794135
4485,NVB,453440.500662261,5679080.8811109,0.0,0.0,0.0,0.0,8.934219360351562,,1.0414786338806152,0.0,0.0,,-0.3914300082321819,16.547148045545946
4486,NVB,453439.801043118,5679080.63615424,0.0,0.0,0.0,0.0,22.11198234558105,,1.1072605848312378,0.0,0.0,,-0.3434048787246594,14.42689590523337
4487,NVB,453439.049632711,5679080.36758614,0.0,0.0,0.0,0.0,2.5572075843811035,,1.004383563995361,0.0,0.0,,-0.2884354702668194,13.744358010016777
4488,NVB,453438.323786583,5679080.16686492,0.0,0.0,0.0,0.0,5.460773944854736,,1.0207700729370115,0.0,0.0,,-0.2384150516859859,14.100435224743917
4489,NVB,453437.606135948,5679080.04387576,0.0,0.0,0.0,0.0,2.1610448360443115,,1.0375916957855225,0.0,0.0,,-0.2312553328448129,10.373608512193195
4490,NVB,453436.880053618,5679079.88310461,0.0,0.0,0.0,0.0,5.490848541259766,,1.0256129503250122,0.0,0.0,,-0.2105379579916243,7.933671045633177
4491,NVB,453436.111143343,5679079.64661596,0.0,0.0,0.0,0.0,4.038463592529297,,1.0252413749694824,0.0,0.0,,-0.1682009854555184,5.551885804161389
4492,NVB,453435.385277666,5679079.44922365,0.0,0.0,0.0,0.0,2.797243356704712,,1.0038249492645264,0.0,0.0,,-0.1930803889804427,5.644654414601108
4493,NVB,453434.598585211,5679079.29253289,0.0,0.0,0.0,0.0,2.827173948287964,,1.0121568441390991,0.0,0.0,,-0.2025783005395841,7.248818611174762
4494,NVB,453433.846262789,5679079.17821646,0.0,0.0,0.0,0.0,4.722493171691895,,1.0324596166610718,0.0,0.0,,-0.2356100758138729,8.130644525059063
4495,ALG,453433.050587361,5679079.07696076,0.0,0.0,0.0,0.0,1.1507108211517334,,1.0132813453674316,0.0,0.0,,-0.2859536170646364,10.243325866643287
4496,ALG,453432.220397561,5679078.95774456,0.0,0.0,0.0,0.0,3.9792284965515137,,1.026888728141785,0.0,0.0,,-0.2812009547553465,11.474715632691773
4497,ALG,453431.476716927,5679078.84569855,0.0,0.0,0.0,0.0,0.6858199238777161,,1.0051065683364868,0.0,0.0,,-0.2708132664982873,13.43670337386386
4498,ALG,453430.750477292,5679078.7115603,0.0,0.0,0.0,0.0,2.121964931488037,,1.0068418979644775,0.0,0.0,,-0.2580409931909246,14.000316033286222
4499,ALG,453430.033069764,5679078.54751052,0.0,0.0,0.0,0.0,22.61601829528809,,1.1716434955596924,0.0,0.0,,-0.2748000785768496,13.414957490268126
4500,ALG,453429.341843432,5679078.34699324,0.0,0.0,0.0,0.0,4.620387554168701,,1.0109014511108398,0.0,0.0,,-0.3040123500755871,12.285874278778564
4501,ALG,453428.616155267,5679078.11963764,0.0,0.0,0.0,0.0,2.161966323852539,,1.0661725997924805,0.0,0.0,,-0.2944400776370184,13.025101850866204
4502,ALG,453427.846910622,5679077.93974431,0.0,0.0,0.0,0.0,3.024456024169922,,1.009225368499756,0.0,0.0,,-0.3044971023674868,13.114042692062789
4503,ALG,453427.016648805,5679077.83273457,0.0,0.0,0.0,0.0,3.199699878692627,,1.0034488439559937,0.0,0.0,,-0.286797718713091,12.991834124365116
4504,NVB,453426.151616622,5679077.75104369,0.0,0.0,0.0,0.0,14.830512046813965,,1.0677074193954468,0.0,0.0,,-0.3059843584856085,11.983394431849948
4505,NVB,453425.26920254,5679077.68145733,0.0,0.0,0.0,0.0,47.30751800537109,,1.621377944946289,0.0,0.0,,-0.3372216060648651,11.772526430092652
4506,NVB,453424.464760909,5679077.59901492,0.0,0.0,0.0,0.0,2.7153255939483643,,1.002883791923523,0.0,0.0,,-0.3349647981540793,11.429254791244524
4507,NVB,453423.78193362,5679077.44182773,0.0,0.0,0.0,0.0,4.852045059204102,,1.0045816898345947,0.0,0.0,,-0.3384683270038631,11.374814682069912
4508,NVB,453423.116757431,5679077.22703704,0.0,0.0,0.0,0.0,1.2978438138961792,,1.000626564025879,0.0,0.0,,-0.3438833206658249,8.762795815345347
4509,NVB,453422.486364806,5679076.98470789,0.0,0.0,0.0,0.0,4.406179904937744,,1.0052441358566284,0.0,0.0,,-0.3430812011770769,6.90608870160524
4510,NVB,453421.873052144,5679076.78132158,0.0,0.0,0.0,0.0,4.438473224639893,,1.0075567960739136,0.0,0.0,,-0.3452746987980279,4.978131439475839
4511,NVB,453421.207738194,5679076.589835,0.0,0.0,0.0,0.0,4.084136962890625,,1.0029436349868774,0.0,0.0,,-0.350389698877086,4.608587645594013
4512,NVB,453420.412798485,5679076.36428849,0.0,0.0,0.0,0.0,4.622871398925781,,1.006658673286438,0.0,0.0,,-0.3367023148025791,4.408740412891308
4513,NVB,453419.687012271,5679076.15357799,0.0,0.0,0.0,0.0,5.789780616760254,,1.0075753927230835,0.0,0.0,,-0.3361329494460442,4.5256312044479
4514,NVB,453418.94364064,5679075.98937358,0.0,0.0,0.0,0.0,2.293818235397339,,1.0048409700393677,0.0,0.0,,-0.3304642438422592,4.327133370625463
4515,NVB,453418.208352682,5679075.92176664,0.0,0.0,0.0,0.0,3.482168912887573,,1.0027247667312622,0.0,0.0,,-0.301409959838858,4.595437656207952
4516,NVB,453417.290754811,5679075.94741115,0.0,0.0,0.0,0.0,2.5755815505981445,,1.0151748657226562,0.0,0.0,,-0.3011252572501019,4.915598282933638
4517,NVB,453416.33875421,5679075.93622971,0.0,0.0,0.0,0.0,5.704598903656006,,1.014830470085144,0.0,0.0,,-0.2943866667075709,5.4336418917685165
4518,NVB,453415.551373029,5679075.89605847,0.0,0.0,0.0,0.0,4.22045373916626,,1.0144683122634888,0.0,0.0,,-0.3020160876795915,5.786709214911881
4519,NVB,453414.781354081,5679075.84711174,0.0,0.0,0.0,0.0,4.828309059143066,,1.0155922174453735,0.0,0.0,,-0.3173696118072107,5.846885092356703
4520,NVB,453414.037667399,5679075.73617381,0.0,0.0,0.0,0.0,2.7720634937286377,,1.0049934387207031,0.0,0.0,,-0.3316796510546723,5.969978584669959
4521,NVB,453413.3637711,5679075.53242835,0.0,0.0,0.0,0.0,1.955477833747864,,1.0098285675048828,0.0,0.0,,-0.3633552586871301,5.916835878383536
4522,NVB,453412.724724053,5679075.29004721,0.0,0.0,0.0,0.0,7.205551624298096,,1.013877034187317,0.0,0.0,,-0.3777144477841135,5.897901334478124
4523,NVB,453412.09446322,5679075.02552267,0.0,0.0,0.0,0.0,2.282809019088745,,1.019630789756775,0.0,0.0,,-0.4059597878191023,5.802249090889244
4524,NVB,453411.39462875,5679074.81718449,0.0,0.0,0.0,0.0,4.9714765548706055,,1.021864891052246,0.0,0.0,,-0.4141006420043055,5.807727761068956
4525,NVB,453410.55585708,5679074.68570779,0.0,0.0,0.0,0.0,5.315499782562256,,1.0078033208847046,0.0,0.0,,-0.4354415302805122,5.979862129089925
4526,NVB,453409.742997448,5679074.56326245,0.0,0.0,0.0,0.0,4.808215618133545,,1.0276061296463013,0.0,0.0,,-0.4454180110598458,6.239191406623935
4527,NVB,453408.930177237,5679074.43415867,0.0,0.0,0.0,0.0,6.428269386291504,,1.0114243030548096,0.0,0.0,,-0.4676680630445761,6.408254343314489
4528,NVB,453408.169358378,5679074.2931551,0.0,0.0,0.0,0.0,5.761481761932373,,1.011276364326477,0.0,0.0,,-0.4828671100921167,6.493914578339043
4529,NVB,453407.408624917,5679074.13772498,0.0,0.0,0.0,0.0,1.2263919115066528,,1.0120937824249268,0.0,0.0,,-0.5079236985556433,6.741885199960791
4530,NVB,453406.613311501,5679073.97543156,0.0,0.0,0.0,0.0,5.2001729011535645,,1.00722074508667,0.0,0.0,,-0.5183144086255191,6.805900670338104
4531,NVB,453405.800530802,5679073.83966908,0.0,0.0,0.0,0.0,6.027489185333252,,1.0113027095794678,0.0,0.0,,-0.5109018345286489,6.456572282803573
4532,NVB,453404.987507136,5679073.74496646,0.0,0.0,0.0,0.0,3.74503231048584,,1.008518099784851,0.0,0.0,,-0.5232090328217169,6.150862717258429
4533,NVB,453404.174864408,5679073.58589953,0.0,0.0,0.0,0.0,1.6714963912963867,,1.0098481178283691,0.0,0.0,,-0.4998567033800347,5.8228256181721685
4534,NVB,453403.475286406,5679073.33428126,0.0,0.0,0.0,0.0,0.6370196342468262,,1.005124568939209,0.0,0.0,,-0.4969926110001461,5.833646712165366
4535,NVB,453402.854147193,5679072.99101651,0.0,0.0,0.0,0.0,2.18646240234375,,1.0041581392288208,0.0,0.0,,-0.4862575042025763,5.657800883102404
4536,NVB,453402.320029379,5679072.56836355,0.0,0.0,0.0,0.0,3.816511631011963,,1.0081140995025637,0.0,0.0,,-0.495609923258918,5.553781447451293
4537,NVB,453401.915891931,5679072.11984543,0.0,0.0,0.0,0.0,4.276268482208252,,1.0061216354370115,0.0,0.0,,-0.4868643913247891,5.598363199921881
4538,NVB,453401.607529239,5679071.57534443,0.0,0.0,0.0,0.0,7.237771987915039,,1.022355318069458,0.0,0.0,,-0.4733123276568682,5.866909259388442
4539,NVB,453401.429527826,5679070.94061409,0.0,0.0,0.0,0.0,5.952699661254883,,1.00735604763031,0.0,0.0,,-0.4756630549227041,6.015002025359348
4540,NVB,453401.208331043,5679070.2923109,0.0,0.0,0.0,0.0,4.454543590545654,,1.0115283727645874,0.0,0.0,,-0.4607859390145937,5.83538702731319
4541,NVB,453400.900454507,5679069.66569,0.0,0.0,0.0,0.0,3.978246688842773,,1.0130317211151123,0.0,0.0,,-0.4571691679284503,5.866793243329692
4542,NVB,453400.627151416,5679069.04704209,0.0,0.0,0.0,0.0,7.986574649810791,,1.0204534530639648,0.0,0.0,,-0.4612258034084003,6.068457985076809
4543,NVB,453400.353960025,5679068.40952879,0.0,0.0,0.0,0.0,3.4287149906158447,,1.0153027772903442,0.0,0.0,,-0.4132170543962987,6.104310972954947
4544,NVB,453400.011878072,5679067.7127901,0.0,0.0,0.0,0.0,2.7194137573242188,,1.0301175117492676,0.0,0.0,,-0.3642091134603146,6.144691888504008
4545,NVB,453399.738896963,5679067.03976548,0.0,0.0,0.0,0.0,8.070294380187988,,1.0612517595291138,0.0,0.0,,-0.3346293399684779,6.136833642769321
4546,NVB,453399.569760835,5679066.36957503,0.0,0.0,0.0,0.0,5.154838562011719,,1.0317083597183228,0.0,0.0,,-0.2715552945273312,6.169261083024971
4547,NVB,453399.51414258,5679065.53026215,0.0,0.0,0.0,0.0,3.388391256332397,,1.03627347946167,0.0,0.0,,-0.2450245576356406,6.662984910443826
4548,ALG,453399.701601993,5679064.56698436,0.0,0.0,0.0,0.0,5.08810567855835,,1.0178182125091553,0.0,0.0,,-0.1387056985302429,10.302046820413224
4549,ALG,453399.862742171,5679063.66347818,0.0,0.0,0.0,0.0,2.7968544960021973,,1.0065678358078003,0.0,0.0,,-0.0631407882746869,14.1108649905798
4550,ALG,453399.868318602,5679062.72131918,0.0,0.0,0.0,0.0,2.1654632091522217,,1.0273804664611816,0.0,0.0,,-0.0805890719585206,17.98770085048415
4551,ALG,453399.752031122,5679061.89607418,0.0,0.0,0.0,0.0,52.1095085144043,,1.6745728254318235,0.0,0.0,,-0.0266826218592321,22.18063454223581
4552,ALG,453399.574805149,5679061.13039589,0.0,0.0,0.0,0.0,24.63448715209961,,1.116828680038452,0.0,0.0,,0.0199408649395736,27.71442988200936
4553,ALG,453399.379599581,5679060.4778074,0.0,0.0,0.0,0.0,31.648887634277344,,1.416659235954285,0.0,0.0,,0.0442910394802431,29.95180484366457
4554,ALG,453399.236690865,5679059.7633815,0.0,0.0,0.0,0.0,16.12802505493164,,1.379786729812622,0.0,0.0,,-0.0053561512860593,32.98349312722166
4555,ALG,453399.120134201,5679058.98363532,1.0,1.0,562.0,1363.0,8.506091117858887,,1.1425918340682983,1474.3178083439134,766006.0,,-0.0245419654906445,33.53714732480612
4556,ALG,453399.03748093,5679058.3250544,0.0,0.0,0.0,0.0,14.497844696044922,,1.7955807447433472,0.0,0.0,,0.0100504564819781,34.8348502582028
4557,ALG,453399.006099814,5679057.77775362,0.0,0.0,0.0,0.0,38.8521728515625,,1.4191908836364746,0.0,0.0,,0.0300695335847046,36.41384318404155
4558,ALG,453399.000591234,5679057.24614272,0.0,0.0,0.0,0.0,2.11096453666687,,1.509863018989563,0.0,0.0,,0.0158715456409472,37.8252414745376
4559,ALG,453398.909605016,5679056.5331339,0.0,0.0,0.0,0.0,26.240493774414062,,1.902844786643982,0.0,0.0,,-0.0602582071139983,37.58752952075498
4560,ALG,453398.673286498,5679055.51518876,0.0,0.0,0.0,0.0,43.82011413574219,,1.478508472442627,0.0,0.0,,-0.0448801548637947,38.932357814977145
4561,ALG,453398.479394841,5679054.64065465,0.0,1.0,0.0,1363.0,43.82456207275391,,1.9855115413665767,1363.0,0.0,,-0.0705436208057758,39.06344786233083
4562,ALG,453398.302070645,5679053.89162224,0.0,0.0,0.0,0.0,17.03899574279785,,1.2577296495437622,0.0,0.0,,-0.0781134988913062,41.27703339170752
4563,ALG,453398.064313788,5679053.11670749,0.0,0.0,0.0,0.0,14.072593688964844,,1.0794224739074707,0.0,0.0,,-0.1194523166706797,44.5821663435005
4564,ALG,453397.740186091,5679052.31131779,0.0,0.0,0.0,0.0,32.70072555541992,,1.2512149810791016,0.0,0.0,,-0.0800918236348442,42.5528543523948
4565,ALG,453397.416511698,5679051.42935686,0.0,0.0,0.0,0.0,63.25210189819336,,2.4789419174194336,0.0,0.0,,-0.0690281831765874,40.88099659792663
4566,ALG,453397.196182884,5679050.63456943,0.0,0.0,0.0,0.0,51.16253662109375,,1.7431925535202026,0.0,0.0,,-0.0888912472312826,41.397317736411615
4567,ALG,453397.036411588,5679049.84457952,0.0,0.0,0.0,0.0,14.952436447143556,,1.087110996246338,0.0,0.0,,-0.0789391090328731,41.65332988626363
4568,ALG,453396.928391894,5679049.08485963,0.0,0.0,0.0,0.0,32.12495422363281,,1.5012402534484863,0.0,0.0,,-0.0389789847348474,39.3597473609944
4569,ALG,453396.846349816,5679048.32307397,0.0,0.0,0.0,0.0,33.39639663696289,,1.5256112813949585,0.0,0.0,,-0.0579340629296892,34.8576762233947
4570,ALG,453396.876794118,5679047.5663932,0.0,0.0,0.0,0.0,31.220258712768555,,1.346811056137085,0.0,0.0,,-0.0383738874393279,33.790466228469576
4571,ALG,453397.010984559,5679046.82919257,0.0,0.0,0.0,0.0,9.74539566040039,,1.096697449684143,0.0,0.0,,-0.0667933927244699,34.55014008871686
4572,NVB,453397.075542324,5679046.15816577,0.0,0.0,0.0,0.0,2.6351542472839355,,1.1051706075668335,0.0,0.0,,-0.0525611496411846,33.930081889257835
4573,NVB,453397.001609884,5679045.48853876,0.0,0.0,0.0,0.0,14.014642715454102,,1.173406720161438,0.0,0.0,,-0.1041691171065125,33.618845716855404
4574,NVB,453396.858635994,5679044.78521007,0.0,0.0,0.0,0.0,5.97083854675293,,1.0317288637161257,0.0,0.0,,-0.1200221850348892,31.144729764932865
4575,NVB,453396.732603914,5679044.1441286,0.0,0.0,0.0,0.0,9.544971466064451,,1.025043249130249,0.0,0.0,,-0.1194291355927174,29.38613927601965
4576,NVB,453396.649911613,5679043.492206,0.0,0.0,0.0,0.0,2.924357652664185,,1.014922022819519,0.0,0.0,,-0.1640974170598021,26.131098370064684
4577,NVB,453396.515231329,5679042.84996357,0.0,0.0,0.0,0.0,2.0861189365386963,,1.0038172006607056,0.0,0.0,,-0.1527549970773671,22.05718578934793
4578,NVB,453396.311030109,5679042.25502959,0.0,0.0,0.0,0.0,5.09011697769165,,1.0066901445388794,0.0,0.0,,-0.1228433788019959,19.153927423362543
4579,NVB,453396.089709791,5679041.62781104,0.0,0.0,0.0,0.0,4.701242446899414,,1.0110851526260376,0.0,0.0,,-0.1504203813632754,16.371704213026742
4580,NVB,453395.842208304,5679041.03705982,0.0,0.0,0.0,0.0,7.328640460968018,,1.012484073638916,0.0,0.0,,-0.1331795537389638,15.150504858430928
4581,NVB,453395.629181586,5679040.47092752,0.0,0.0,0.0,0.0,5.805944919586182,,1.007862210273743,0.0,0.0,,-0.1226947588574304,13.477592504965234
4582,NVB,453395.511666543,5679039.85320154,0.0,0.0,0.0,0.0,6.334226131439209,,1.0139790773391724,0.0,0.0,,-0.1963995407427971,11.032073681427908
4583,NVB,453395.550128587,5679039.20421562,0.0,0.0,0.0,0.0,3.0213468074798584,,1.0049341917037964,0.0,0.0,,-0.1785461480676184,9.26408646949958
4584,NVB,453395.536661773,5679038.5549223,0.0,0.0,0.0,0.0,2.7042953968048096,,1.0015925168991089,0.0,0.0,,-0.2092843684954735,7.722278708875318
4585,NVB,453395.497250247,5679037.90214611,0.0,0.0,0.0,0.0,4.622713088989258,,1.0039321184158323,0.0,0.0,,-0.2087722362582051,8.37647182463581
4586,ALG,453395.406021554,5679037.23019715,0.0,0.0,0.0,0.0,10.542654037475586,,1.0458835363388062,0.0,0.0,,-0.1636428927795874,15.054918988917656
4587,ALG,453395.262772078,5679036.573477,0.0,0.0,0.0,0.0,2.6097028255462646,,1.0018998384475708,0.0,0.0,,-0.0503446292234993,21.17258390571855
4588,ALG,453395.180211369,5679035.89935981,0.0,0.0,0.0,0.0,0.5447691082954407,,1.0032869577407837,0.0,0.0,,-0.0665134376552854,24.59714460909444
4589,ALG,453395.193812595,5679035.06378589,0.0,0.0,0.0,0.0,64.78341674804688,,2.730546712875366,0.0,0.0,,-0.1710551445585687,34.01549488705469
4590,NVB,453395.1636537,5679034.31007568,2.0,1.0,562.0,1363.0,39.48927307128906,,1.530349612236023,1474.3178083439134,766006.0,,-0.1387294443612909,34.767592657584565
4591,NVB,453395.020877267,5679033.5734551,2.0,1.0,562.0,1363.0,39.99268341064453,,1.360401630401611,1474.3178083439134,766006.0,,-0.0990088481903202,35.08831003884384
4592,NVB,453394.739459804,5679032.86375801,1.0,0.0,562.0,0.0,70.26826477050781,,3.024457693099976,562.0,0.0,,-0.1550817025803229,34.61230175710228
4593,NVB,453394.570147527,5679032.22353006,0.0,0.0,0.0,0.0,0.7434486746788025,,1.0081071853637695,0.0,0.0,,-0.2065323588800234,29.952962613057643
4594,NVB,453394.479043806,5679031.53049626,0.0,0.0,0.0,0.0,2.515681743621826,,1.0054056644439695,0.0,0.0,,-0.332635988855234,23.6263379785229
4595,NVB,453394.431233809,5679030.83438943,0.0,0.0,0.0,0.0,6.685223579406738,,1.0229203701019287,0.0,0.0,,-0.3769753566788096,18.47909556160149
4596,NVB,453394.40127865,5679030.04627764,0.0,0.0,0.0,0.0,8.714656829833984,,1.0340358018875122,0.0,0.0,,-0.3291650000117139,11.034411304162152
4597,NVB,453394.362130038,5679029.34911231,0.0,0.0,0.0,0.0,4.544368743896484,,1.010689377784729,0.0,0.0,,-0.347287485711704,6.883994108888784
4598,NVB,453394.236499149,5679028.64033738,0.0,0.0,0.0,0.0,4.299411296844482,,1.0240089893341064,0.0,0.0,,-0.3964794495068199,6.737893151415139
4599,NVB,453394.050343826,5679027.92121626,0.0,0.0,0.0,0.0,2.507488489151001,,1.008863925933838,0.0,0.0,,-0.4272811027257878,6.658933660631489
4600,NVB,453393.916209285,5679027.18686635,0.0,0.0,0.0,0.0,6.0880045890808105,,1.037389874458313,0.0,0.0,,-0.4015663572244402,6.906859388586792
4601,NVB,453393.808045725,5679026.4515604,0.0,0.0,0.0,0.0,2.964919090270996,,1.0120495557785034,0.0,0.0,,-0.4128381034891332,7.129795490596916
4602,NVB,453393.673878388,5679025.72275911,0.0,0.0,0.0,0.0,5.0862717628479,,1.0097479820251465,0.0,0.0,,-0.3950509309787461,7.433692128071481
4603,NVB,453393.591725238,5679024.97983877,0.0,0.0,0.0,0.0,5.744058609008789,,1.0219066143035889,0.0,0.0,,-0.3672450309086131,7.566696535446575
4604,NVB,453393.527315258,5679024.16377883,0.0,0.0,0.0,0.0,2.982241153717041,,1.023923635482788,0.0,0.0,,-0.3544416665896078,7.596131640487314
4605,NVB,453393.341133839,5679023.44909661,0.0,0.0,0.0,0.0,2.2861857414245605,,1.010826587677002,0.0,0.0,,-0.3429336992119127,7.649042319316137
4606,NVB,453393.093869651,5679022.81839506,0.0,0.0,0.0,0.0,4.8337721824646,,1.0228487253189087,0.0,0.0,,-0.3569080839608256,7.458838334801273
4607,NVB,453392.898869284,5679022.13140479,0.0,0.0,0.0,0.0,5.259124279022217,,1.135572910308838,0.0,0.0,,-0.347692885785866,7.212693841146492
4608,NVB,453392.756310095,5679021.35816313,0.0,0.0,0.0,0.0,17.455896377563477,,1.0623606443405151,0.0,0.0,,-0.2931269856277512,8.227285858822572
4609,NVB,453392.630580953,5679020.66603408,0.0,0.0,0.0,0.0,8.194645881652832,,1.0196465253829956,0.0,0.0,,-0.2612586974761908,9.195046675151762
4610,ALG,453392.522240242,5679019.96069076,0.0,0.0,0.0,0.0,9.253746032714844,,1.0298532247543335,0.0,0.0,,-0.2773001511845804,10.704589313403549
4611,ALG,453392.466051635,5679019.21792409,0.0,0.0,0.0,0.0,6.550135612487793,,1.0131062269210815,0.0,0.0,,-0.2128114314662932,11.819917421328718
4612,ALG,453392.389311852,5679017.56058785,0.0,0.0,0.0,0.0,16.782360076904297,,1.1255053281784058,0.0,0.0,,-0.0848309219505561,18.755908112872987
4613,ALG,453392.315761154,5679016.82659654,0.0,0.0,0.0,0.0,20.231000900268555,,1.1262058019638062,0.0,0.0,,-0.0802401701825969,22.901299525767957
4614,ALG,453392.241987111,5679016.13033597,0.0,0.0,0.0,0.0,5.345019817352295,,1.019904375076294,0.0,0.0,,-0.0907324438832924,23.46335218349742
4615,ALG,453392.116658842,5679015.3705135,0.0,0.0,0.0,0.0,0.6356496214866638,,1.0020521879196167,0.0,0.0,,-0.0897699394570797,23.47322818118699
4616,ALG,453391.948194647,5679014.58713056,0.0,0.0,0.0,0.0,9.020127296447754,,1.039469838142395,0.0,0.0,,-0.0811613585052761,23.794733285005275
4617,ALG,453391.762775672,5679013.74371983,0.0,0.0,0.0,0.0,7.969479560852051,,1.0153402090072632,0.0,0.0,,-0.0440000179064824,26.98108357317813
4618,ALG,453391.568386625,5679012.95352481,0.0,0.0,0.0,0.0,5.090746879577637,,1.035557508468628,0.0,0.0,,-0.0839545270124204,25.683295022731187
4619,ALG,453391.37325526,5679012.28872904,0.0,0.0,0.0,0.0,9.963868141174316,,1.0203309059143066,0.0,0.0,,-0.0348255548533795,24.954483883723785
4620,ALG,453391.169580834,5679011.60501666,0.0,0.0,0.0,0.0,48.299278259277344,,1.6551223993301392,0.0,0.0,,0.0304609645969577,22.9490449708526
4621,ALG,453390.983334254,5679010.90143163,0.0,0.0,0.0,0.0,27.30210304260254,,1.299559473991394,0.0,0.0,,0.012501541631631,23.871351801229427
4622,ALG,453390.954470112,5679009.92910496,0.0,0.0,0.0,0.0,31.46191024780273,,1.4834814071655271,0.0,0.0,,-0.0206476669408456,26.289844571086707
4623,ALG,453390.995777074,5679008.79960679,0.0,0.0,0.0,0.0,29.643762588500977,,1.3886103630065918,0.0,0.0,,0.0138935703215894,25.52134369475281
4624,ALG,453391.071052733,5679007.78017664,0.0,0.0,0.0,0.0,24.942556381225582,,1.180533528327942,0.0,0.0,,0.1394326457085814,24.180095550877603
4625,ALG,453391.19729786,5679006.9230742,0.0,0.0,0.0,0.0,8.177870750427246,,1.0180566310882568,0.0,0.0,,0.1283423797067175,24.342890760050928
4626,ALG,453391.097572849,5679006.22444045,0.0,0.0,0.0,0.0,23.356884002685547,,1.3407214879989624,0.0,0.0,,0.1355741047327682,24.32928114130038
4627,ALG,453390.798709259,5679005.53794499,0.0,0.0,0.0,0.0,21.79649353027344,,1.270148754119873,0.0,0.0,,0.1840692327758668,24.53323179592206
4628,ALG,453390.516774223,5679004.91591622,0.0,0.0,0.0,0.0,33.3734245300293,,1.3662800788879397,0.0,0.0,,0.2743145875805348,27.447911398595547
4629,ALG,453390.312048922,5679004.40976028,0.0,0.0,0.0,0.0,21.88722801208496,,1.3637911081314087,0.0,0.0,,0.3009688272613323,30.95107769561724
4630,ALG,453390.090572532,5679003.80917498,0.0,0.0,0.0,0.0,17.689533233642578,,1.1062729358673096,0.0,0.0,,0.339497061106341,34.44899022560267
4631,ALG,453389.929810963,5679003.18675378,0.0,0.0,0.0,0.0,27.80099105834961,,1.3394477367401123,0.0,0.0,,0.2410657459239634,35.02242526032304
4632,ALG,453389.813131346,5679002.42809222,0.0,0.0,0.0,0.0,29.218759536743164,,1.3644558191299438,0.0,0.0,,0.053405810040913,37.4611367583416
4633,ALG,453389.748774551,5679001.6031544,2.0,0.0,562.0,0.0,6.82844877243042,,1.387507677078247,562.0,0.0,,-0.0351867271717191,39.855690328583165
4634,ALG,453389.692645499,5679000.85040014,1.0,0.0,562.0,0.0,11.785757064819336,,1.0269778966903689,562.0,0.0,,-0.0241968745280601,41.339795082435344
4635,ALG,453389.619200357,5679000.09865312,1.0,0.0,562.0,0.0,35.04350280761719,,1.2704867124557495,562.0,0.0,,0.0150859854594088,42.92310298553405
4636,ALG,453389.528419423,5678999.35124255,0.0,0.0,0.0,0.0,65.82563018798828,,2.4854841232299805,0.0,0.0,,-0.107013174213433,38.97061983063899
4637,ALG,453389.46355681,5678998.61175378,1.0,0.0,562.0,0.0,64.65655517578125,,2.9437880516052246,562.0,0.0,,-0.1973287413026934,38.68922575488186
4638,ALG,453389.432051856,5678998.08553774,0.0,0.0,0.0,0.0,41.48714828491211,,2.1525466442108154,0.0,0.0,,-0.1118754141281216,41.0415205641868
4639,ALG,453389.417133752,5678997.68149426,1.0,1.0,562.0,1363.0,3.4094486236572266,,2.129301071166992,1474.3178083439134,766006.0,,-0.0312929225619101,40.63382979772848
4640,ALG,453389.361819432,5678996.79113372,0.0,0.0,0.0,0.0,48.75035095214844,,1.695516586303711,0.0,0.0,,0.1094817302928409,41.86304333995699
4641,ALG,453389.300038128,5678995.5311825,0.0,0.0,0.0,0.0,65.39513397216797,,2.8502275943756104,0.0,0.0,,0.0688133937139751,43.10322084142262
4642,ALG,453389.204459045,5678994.13231032,1.0,0.0,562.0,0.0,29.97906875610352,,1.1885151863098145,562.0,0.0,,0.0431757785576249,44.53445600044624
4643,ALG,453388.846431894,5678993.20575484,-1.0,-1.0,562.0,1362.0,27.3995304107666,,1.5127525329589844,1473.3933622763475,765444.0,,0.1364339626562743,45.70370518584524
4644,ALG,453388.382892095,5678992.55823594,0.0,0.0,0.0,0.0,34.208309173583984,,1.6353875398635864,0.0,0.0,,0.0852478929617363,42.78475256664982
4645,ALG,453388.050192091,5678991.73947776,0.0,0.0,0.0,0.0,21.83833694458008,,2.346845865249634,0.0,0.0,,0.0955689798552322,39.56035801351142
4646,ALG,453387.830306212,5678990.8703382,1.0,0.0,562.0,0.0,16.73222541809082,,1.2741278409957886,562.0,0.0,,0.0284807927050938,38.609164710290194
4647,ALG,453387.740898721,5678989.89099443,1.0,0.0,562.0,0.0,22.987045288085938,,1.097124099731445,562.0,0.0,,0.0820151091527798,39.07010474647185
4648,ALG,453387.806751218,5678989.00135122,1.0,0.0,562.0,0.0,6.4046173095703125,,1.256587266921997,562.0,0.0,,0.0443541558118886,42.89134707050226
4649,ALG,453387.794106479,5678988.21334183,0.0,0.0,0.0,0.0,46.34749603271485,,2.020813226699829,0.0,0.0,,0.0069595312582779,43.997216819464576
4650,ALG,453387.720720792,5678987.45160723,0.0,0.0,0.0,0.0,32.046051025390625,,1.1960132122039795,0.0,0.0,,0.0191799659534711,47.534673091313365
4651,ALG,453387.68212495,5678986.66122466,-1.0,-1.0,562.0,1362.0,54.17681503295898,,1.7875438928604126,1473.3933622763475,765444.0,,0.0197167617811875,49.825178865533815
4652,ALG,453387.886184068,5678985.81790014,0.0,0.0,0.0,0.0,63.46417999267578,,2.4451141357421875,0.0,0.0,,0.0882972100486503,48.78101727780325
4653,ALG,453388.202853445,5678984.95859581,0.0,0.0,0.0,0.0,23.976640701293945,,1.1162428855895996,0.0,0.0,,0.0864018885324304,48.04520381129928
4654,ALG,453388.240783745,5678984.39949783,0.0,0.0,0.0,0.0,28.325971603393555,,1.1549829244613647,0.0,0.0,,0.0672231590227706,47.71017835196202
4655,ALG,453388.182887649,5678983.94526038,0.0,0.0,0.0,0.0,35.84516906738281,,1.2908978462219238,0.0,0.0,,0.0882621107076305,47.8038793991343
4656,ALG,453388.195300467,5678983.31054718,0.0,0.0,0.0,0.0,8.77850341796875,,1.222777009010315,0.0,0.0,,0.1240936953619392,46.626999326438
4657,ALG,453388.260463018,5678982.5374254,0.0,0.0,0.0,0.0,48.921875,,1.7892197370529177,0.0,0.0,,0.0682883758972346,43.71651849616306
4658,ALG,453388.135464238,5678981.72211642,-1.0,0.0,562.0,0.0,29.890766143798828,,1.4116425514221191,562.0,0.0,,0.0244162447229455,42.960222042279824
4659,ALG,453387.966915817,5678980.9531598,0.0,0.0,0.0,0.0,47.40616989135742,,1.5575159788131714,0.0,0.0,,0.0514586258501997,43.51778702826985
4660,ALG,453387.867743354,5678980.16130882,-1.0,0.0,562.0,0.0,44.59809494018555,,1.5546046495437622,562.0,0.0,,0.073180612603248,46.06510102167313
4661,ALG,453387.898300088,5678979.38576263,-1.0,-1.0,562.0,1362.0,30.370162963867188,,1.58008074760437,1473.3933622763475,765444.0,,0.2028989980971197,45.824981868572
4662,ALG,453387.963383803,5678978.62595759,0.0,0.0,0.0,0.0,40.14484405517578,,1.4486209154129028,0.0,0.0,,0.2349536292516418,47.29558652991688
4663,ALG,453388.071918612,5678977.83644609,1.0,0.0,562.0,0.0,61.35676956176758,,2.3510982990264893,562.0,0.0,,0.1990520598877103,49.91951458075978
4664,ALG,453388.240773782,5678977.09168238,1.0,0.0,562.0,0.0,34.929161071777344,,2.6497960090637207,562.0,0.0,,0.1687612799578074,52.047328565816045
4665,ALG,453388.44347919,5678976.47696182,1.0,0.0,562.0,0.0,29.79401588439941,,1.9668447971343996,562.0,0.0,,0.1217010467039226,54.39986231710158
4666,ALG,453388.680665556,5678975.8857505,1.0,0.0,562.0,0.0,6.994316577911377,,1.0412918329238892,562.0,0.0,,0.1094294311948452,56.420714323008895
4667,ALG,453388.961007323,5678975.31477047,2.0,0.0,562.0,0.0,16.2032413482666,,1.2805923223495483,562.0,0.0,,0.1167043828242861,56.839502428331016
4668,ALG,453389.145890699,5678974.7865062,2.0,1.0,562.0,1363.0,34.880226135253906,,1.3541209697723389,1474.3178083439134,766006.0,,0.0035126926936944,54.63595988451136
4669,ALG,453389.32175797,5678974.31922572,1.0,0.0,562.0,0.0,70.37017822265625,,3.029874563217163,562.0,0.0,,-0.0601242017956124,53.96666090241892
4670,ALG,453389.331569014,5678974.12396482,0.0,-1.0,0.0,1362.0,62.08512878417969,,2.482385396957397,1362.0,0.0,,-0.0437488229149243,53.74207978916859
4671,ALG,453389.236826791,5678974.04572023,0.0,-1.0,0.0,1362.0,62.08512878417969,,2.482385396957397,1362.0,0.0,,-0.0437488229149243,53.74207978916859
4672,ALG,453389.77569369,5678973.6649311,0.0,-1.0,0.0,1362.0,11.557601928710938,,1.034123420715332,1362.0,0.0,,-0.0277634661074277,47.50725612810685
4673,ALG,453390.678952965,5678973.13537088,0.0,0.0,0.0,0.0,41.40718460083008,,1.6761456727981567,0.0,0.0,,-0.0248221817946829,42.22639633001399
4674,ALG,453391.400883116,5678972.53371199,0.0,0.0,0.0,0.0,65.66616821289062,,2.550475597381592,0.0,0.0,,-0.0153943598624804,40.82383372207956
4675,ALG,453392.080189864,5678971.82193379,0.0,0.0,0.0,0.0,57.09724807739258,,1.889037847518921,0.0,0.0,,-0.0052357925204722,41.42957572995898
4676,ALG,453392.69865714,5678971.15307628,0.0,0.0,0.0,0.0,37.87293243408203,,1.290150165557861,0.0,0.0,,0.0155445763643762,41.50383429859525
4677,ALG,453393.508789764,5678970.27227808,1.0,0.0,562.0,0.0,31.729297637939453,,1.3452472686767578,562.0,0.0,,0.1729847218932329,41.94475454278341
4678,ALG,453394.08298461,5678969.77184295,1.0,0.0,562.0,0.0,56.43332290649414,,2.5107128620147705,562.0,0.0,,0.1134106070005996,43.65203705018981
4679,ALG,453394.814718523,5678968.97603258,0.0,0.0,0.0,0.0,27.717702865600582,,1.768160700798035,0.0,0.0,,-0.0683160437763478,47.27727747759324
4680,ALG,453395.634517052,5678967.92438727,1.0,1.0,562.0,1363.0,40.48444747924805,,1.3920143842697144,1474.3178083439134,766006.0,,-0.0674098202348066,47.05668161430028
4681,ALG,453396.036950486,5678967.19765257,0.0,0.0,0.0,0.0,64.85321044921875,,2.539184331893921,0.0,0.0,,-0.0305497824691073,48.95276085645852
4682,ALG,453396.378498576,5678966.52160673,-1.0,0.0,562.0,0.0,24.77381706237793,,1.2354998588562012,562.0,0.0,,0.0089696236288572,50.46152414331372
4683,ALG,453396.746155306,5678965.82130054,0.0,0.0,0.0,0.0,36.2311897277832,,1.470258355140686,0.0,0.0,,-0.0111353019364372,49.97943393996994
4684,ALG,453397.104191627,5678965.28407314,-1.0,0.0,562.0,0.0,16.873336791992188,,1.054140329360962,562.0,0.0,,-0.0387304442416872,49.605557024331496
4685,ALG,453397.470468795,5678964.81680982,-1.0,-1.0,562.0,1362.0,15.744945526123049,,1.1474995613098145,1473.3933622763475,765444.0,,-0.0667170959533634,48.62659423897558
4686,ALG,453397.828367075,5678964.30288667,0.0,0.0,0.0,0.0,65.13140106201172,,3.064971923828125,0.0,0.0,,-0.0177437682175838,48.69570217048984
4687,ALG,453398.186409824,5678963.76454949,1.0,0.0,562.0,0.0,33.01744842529297,,1.3606125116348269,562.0,0.0,,0.0001991334481684,48.19515764906494
4688,ALG,453399.489840718,5678962.88999989,-1.0,0.0,562.0,0.0,46.23542022705078,,1.814258337020874,562.0,0.0,,-1.9587134392181388e-05,46.18934582232138
4689,ALG,453400.098817757,5678962.36202603,-1.0,0.0,562.0,0.0,18.095373153686523,,1.0586364269256592,562.0,0.0,,-0.019515710893567,43.76551906632394
4690,ALG,453400.621352565,5678961.81578423,-1.0,0.0,562.0,0.0,8.317350387573242,,1.0303404331207275,562.0,0.0,,-0.0383984464448486,44.82165990931243
4691,ALG,453401.143880736,5678961.27065211,-1.0,0.0,562.0,0.0,11.207555770874023,,1.0513520240783691,562.0,0.0,,-0.0215611516048571,43.12325209989787
4692,ALG,453401.562236885,5678960.77817221,-1.0,0.0,562.0,0.0,21.19492530822754,,1.1618030071258545,562.0,0.0,,0.0288835130760444,42.96164435747821
4693,ALG,453401.980330256,5678960.3300814,-1.0,0.0,562.0,0.0,30.33635711669922,,1.4299278259277344,562.0,0.0,,0.0041509837719294,40.10575278056192
4694,ALG,453402.337847095,5678959.88052228,-1.0,0.0,562.0,0.0,26.845537185668945,,1.3426281213760376,562.0,0.0,,-0.0261243206668397,41.68022663493189
4695,ALG,453402.721465986,5678959.40781252,-1.0,0.0,562.0,0.0,5.138694763183594,,1.0288070440292358,562.0,0.0,,-0.0416448147920205,41.26609687318468
4696,ALG,453403.217780105,5678958.90469627,-1.0,0.0,562.0,0.0,9.350996971130373,,1.083095908164978,562.0,0.0,,-0.001172868950443,40.52033160744677
4697,ALG,453403.705275242,5678958.42927195,-1.0,0.0,562.0,0.0,5.478889465332031,,1.0826324224472046,562.0,0.0,,0.0368678216511805,40.48295298223992
4698,ALG,453404.184227258,5678957.93493102,-1.0,0.0,562.0,0.0,5.516502380371094,,1.036900520324707,562.0,0.0,,0.0586888760003475,43.3365533320998
4699,ALG,453404.576717399,5678957.42565136,-1.0,-1.0,562.0,1362.0,15.397805213928224,,1.1416683197021484,1473.3933622763475,765444.0,,0.0995761499295492,46.26755300815997
4700,ALG,453404.960342604,5678956.95183177,0.0,0.0,0.0,0.0,69.50883483886719,,2.9223599433898926,0.0,0.0,,0.042000519502194,46.50671758347727
4701,ALG,453405.516996454,5678956.49013386,0.0,0.0,0.0,0.0,66.3634033203125,,3.248495101928711,0.0,0.0,,-0.0594648960801328,46.66093602358142
4702,ALG,453406.056242285,5678956.04497939,-1.0,0.0,562.0,0.0,22.83970069885254,,1.2368817329406738,562.0,0.0,,-0.0387182896794913,44.24850847144896
4703,ALG,453406.535233411,5678955.54397994,-1.0,0.0,562.0,0.0,53.95926284790039,,2.311347007751465,562.0,0.0,,0.0071341698629998,42.01404988010196
4704,ALG,453407.023095921,5678955.00641065,-1.0,0.0,562.0,0.0,46.65266799926758,,1.7057783603668213,562.0,0.0,,0.0907640145877568,41.48114537718036
4705,ALG,453407.554770468,5678954.37809972,-1.0,0.0,562.0,0.0,25.40896415710449,,1.1236014366149902,562.0,0.0,,0.1642033362677367,39.56584023282401
4706,ALG,453408.09526383,5678953.72209678,-1.0,0.0,562.0,0.0,11.117887496948242,,1.0322718620300293,562.0,0.0,,0.1437502553281972,37.68093966852072
4707,ALG,453408.652908916,5678953.0928297,-1.0,0.0,562.0,0.0,15.714988708496094,,1.0433542728424072,562.0,0.0,,0.0437531396047151,37.22417673818203
4708,ALG,453409.288052309,5678952.53060723,-1.0,0.0,562.0,0.0,24.3088493347168,,1.1062227487564087,562.0,0.0,,0.0368732376420498,35.96482053447191
4709,ALG,453409.862599484,5678951.97024564,-1.0,0.0,562.0,0.0,12.23116683959961,,1.1060357093811035,562.0,0.0,,0.1000772159602542,35.44535122154156
4710,ALG,453409.986819145,5678951.4549391,-1.0,0.0,562.0,0.0,2.2624220848083496,,1.054483413696289,562.0,0.0,,0.1388496714719637,35.908467563497744
4711,ALG,453410.05914992,5678950.9326669,-1.0,0.0,562.0,0.0,8.975893020629883,,1.1636059284210205,562.0,0.0,,0.1437706687998223,36.6172736404032
4712,ALG,453410.581302401,5678950.45078866,0.0,0.0,0.0,0.0,40.97647857666016,,1.6075785160064695,0.0,0.0,,0.1532624909857249,36.96103375623835
4713,ALG,453411.207015843,5678950.01946273,0.0,0.0,0.0,0.0,35.591087341308594,,2.631791591644287,0.0,0.0,,0.1042461738025475,36.81390096267144
4714,ALG,453411.841390493,5678949.58707824,1.0,1.0,562.0,1363.0,44.53948593139648,,1.6286762952804563,1474.3178083439134,766006.0,,0.0812047805180406,37.7838622500639
4715,ALG,453412.458987555,5678949.06470329,1.0,0.0,562.0,0.0,50.162200927734375,,1.59752357006073,562.0,0.0,,0.0608425470977484,37.59669103184414
4716,ALG,453413.085061947,5678948.57234216,0.0,0.0,0.0,0.0,30.47830390930176,,1.225141167640686,0.0,0.0,,0.0676669298406635,35.810107066525795
4717,ALG,453413.789311,5678948.03272359,-1.0,0.0,562.0,0.0,47.00179672241211,,1.832081913948059,562.0,0.0,,0.0440965212177035,35.07007202648716
4718,ALG,453414.493914544,5678947.43317964,-1.0,0.0,562.0,0.0,12.681838989257812,,1.4395427703857422,562.0,0.0,,0.1052262215114206,34.55158050776649
4719,ALG,453414.854135434,5678946.52641197,-1.0,0.0,562.0,0.0,34.868797302246094,,1.368897795677185,562.0,0.0,,0.1505621622541016,35.26855373263964
4720,ALG,453414.937353115,5678945.62688337,-1.0,0.0,562.0,0.0,39.742923736572266,,1.3494728803634644,562.0,0.0,,-0.0140623407345865,37.77112512806912
4721,ALG,453415.31302502,5678945.03427116,0.0,0.0,0.0,0.0,60.23537826538086,,2.311494827270508,0.0,0.0,,-0.020348567820567,38.74904104633024
4722,ALG,453415.818254791,5678944.4868162,-1.0,0.0,562.0,0.0,11.459821701049805,,1.9685829877853396,562.0,0.0,,0.0153719482783997,40.38097488600224
4723,ALG,453416.289167718,5678943.88810887,0.0,0.0,0.0,0.0,32.90299987792969,,1.3123503923416138,0.0,0.0,,0.0469204070402327,41.92672015750555
4724,ALG,453416.734287183,5678943.26039497,-1.0,0.0,562.0,0.0,41.52099609375,,1.435541749000549,562.0,0.0,,-0.0153712548261805,41.65276808654628
4725,ALG,453417.136152762,5678942.6290958,-1.0,0.0,562.0,0.0,41.86307144165039,,2.114330291748047,562.0,0.0,,-0.0315449441911351,42.5233534160737
4726,ALG,453417.477829323,5678941.93085448,-1.0,0.0,562.0,0.0,46.740684509277344,,1.769291877746582,562.0,0.0,,0.0295824416029639,43.60328589448358
4727,ALG,453417.758404204,5678941.31992322,-1.0,0.0,562.0,0.0,18.993135452270508,,1.118421196937561,562.0,0.0,,0.1553941292319617,44.966709790411045
4728,ALG,453418.04760748,5678940.71348206,-1.0,0.0,562.0,0.0,12.8199462890625,,1.102002501487732,562.0,0.0,,0.27099486008297,45.82802652995337
4729,ALG,453418.388719214,5678940.11067731,-2.0,-1.0,562.0,1362.0,50.894630432128906,,1.7797516584396362,1473.3933622763475,765444.0,,0.2861788640379336,46.30742040330246
4730,ALG,453418.738531556,5678939.50015566,0.0,0.0,0.0,0.0,78.46697235107422,,5.969235420227051,0.0,0.0,,0.2036304185185836,44.519757488892594
4731,ALG,453419.157154659,5678938.96217598,2.0,1.0,562.0,1363.0,35.26948165893555,,1.5467103719711304,1474.3178083439134,766006.0,,0.2052686048181455,42.36961399934019
4732,ALG,453419.515214516,5678938.42050864,2.0,0.0,562.0,0.0,48.50693893432617,,1.6653063297271729,562.0,0.0,,0.2594887262904816,39.85600978171814
4733,ALG,453419.525195491,5678938.19639477,2.0,0.0,562.0,0.0,10.847415924072266,,1.125517725944519,562.0,0.0,,0.2682730227329587,39.8230825115767
4734,ALG,453419.508903784,5678938.0242845,2.0,0.0,562.0,0.0,14.212431907653809,,1.0590497255325315,562.0,0.0,,0.2595306298452107,39.79051590410056
4735,ALG,453419.849260239,5678937.54909842,2.0,0.0,562.0,0.0,21.71858024597168,,1.1018552780151367,562.0,0.0,,0.2805776538993088,37.72846972576786
4736,ALG,453420.181027613,5678937.06276385,2.0,0.0,562.0,0.0,32.488033294677734,,1.5269794464111328,562.0,0.0,,0.2748280406203626,34.189020002297376
4737,ALG,453420.538575197,5678936.60765526,2.0,0.0,562.0,0.0,46.1676139831543,,1.5229260921478271,562.0,0.0,,0.1764450721307798,33.695629601397336
4738,ALG,453420.947952433,5678936.1694998,2.0,0.0,562.0,0.0,20.341657638549805,,1.1299474239349363,562.0,0.0,,0.1468480462921887,33.608186939935045
4739,ALG,453421.374711234,5678935.71923973,2.0,0.0,562.0,0.0,19.39486122131348,,1.087135910987854,562.0,0.0,,0.0489653099161388,33.51997502984137
4740,ALG,453421.749719085,5678935.23870974,2.0,0.0,562.0,0.0,32.43810272216797,,1.200110912322998,562.0,0.0,,0.0169972463468673,32.030953472942585
4741,ALG,453422.046867473,5678934.75217027,2.0,0.0,562.0,0.0,37.35193634033203,,1.323878049850464,562.0,0.0,,-0.031065017211576,33.02225272428097
4742,ALG,453422.283124392,5678934.3174296,2.0,0.0,562.0,0.0,26.44195938110352,,1.1763296127319336,562.0,0.0,,-0.0638362802210842,33.4965401671351
4743,ALG,453422.53612606,5678933.97822794,2.0,1.0,562.0,1363.0,56.41588592529297,,1.9459238052368164,1474.3178083439134,766006.0,,-0.071030043400998,36.02604059494093
4744,ALG,453422.840727598,5678933.69481989,1.0,0.0,562.0,0.0,73.80091857910156,,3.765945196151733,562.0,0.0,,-0.0746936802484919,38.917413117266086
4745,ALG,453422.631557471,5678933.93995068,1.0,1.0,562.0,1363.0,65.1823959350586,,2.4733335971832275,1474.3178083439134,766006.0,,-0.0632379233437672,38.35024987948524
4746,ALG,453422.405255208,5678934.1550164,2.0,1.0,562.0,1363.0,38.74942779541016,,1.361098289489746,1474.3178083439134,766006.0,,-0.0529518757219498,34.62739446817793
4747,ALG,453423.099611989,5678938.21310299,0.0,1.0,0.0,1363.0,70.19526672363281,,3.1146721839904785,1363.0,0.0,,0.2395209530540082,45.245383325548616
4748,ALG,453423.495184435,5678941.57137848,0.0,1.0,0.0,1363.0,63.376102447509766,,3.483149290084839,1363.0,0.0,,-0.0412867935875022,45.41507869623096
4749,ALG,453424.023876217,5678941.446883,-2.0,-2.0,562.0,1362.0,70.46134185791016,,7.408131599426269,1473.3933622763475,765444.0,,-0.0614752843262572,42.69265030078964
4750,ALG,453424.630565334,5678941.30509265,1.0,0.0,562.0,0.0,55.80413436889648,,3.266587495803833,562.0,0.0,,-0.112058164007188,39.99990489523658
4751,ALG,453425.280580454,5678941.15468042,3.0,1.0,562.0,1363.0,56.27437210083008,,1.9577269554138184,1474.3178083439134,766006.0,,-0.1427780211570541,38.66411791419015
4752,ALG,453425.904152212,5678941.08512469,3.0,1.0,562.0,1363.0,49.274505615234375,,1.614975094795227,1474.3178083439134,766006.0,,-0.1718358540287199,36.6881004268749
4753,ALG,453426.466885027,5678941.05848992,3.0,0.0,562.0,0.0,48.763145446777344,,1.5670593976974487,562.0,0.0,,-0.164495959941847,37.81420844257038
4754,ALG,453427.064236641,5678941.0320599,3.0,0.0,562.0,0.0,50.16574096679688,,1.613324761390686,562.0,0.0,,-0.1479786483839763,37.13188832084709
4755,ALG,453427.652926986,5678941.00668837,3.0,0.0,562.0,0.0,50.84415817260742,,1.808764934539795,562.0,0.0,,-0.1130239054621191,38.7351478852946
4756,ALG,453428.250173558,5678940.99801391,2.0,0.0,562.0,0.0,60.98014450073242,,3.793414831161499,562.0,0.0,,-0.0786150433676633,41.042085592942485
4757,ALG,453428.77803154,5678941.01445359,1.0,0.0,562.0,0.0,73.17198181152344,,6.825850009918213,562.0,0.0,,-0.0460064266991668,43.32116147693358
4758,ALG,453429.366524946,5678941.02237378,0.0,-1.0,0.0,1362.0,62.41242599487305,,3.9401700496673584,1362.0,0.0,,-0.0352879933439592,43.71417665609312
4759,ALG,453429.902643777,5678941.10544826,1.0,1.0,562.0,1363.0,53.39728546142578,,1.8105475902557373,1474.3178083439134,766006.0,,-0.0281705243304985,43.6983188999233
4760,ALG,453429.782311626,5678940.96379607,1.0,0.0,562.0,0.0,67.2843246459961,,2.768272399902344,562.0,0.0,,-0.0277438463124976,43.57925702888991
4761,ALG,453429.662084508,5678940.80438823,2.0,1.0,562.0,1363.0,46.98745727539063,,1.579142928123474,1474.3178083439134,766006.0,,-0.061952737158098,44.02689136357425
4762,ALG,453429.67142846,5678940.68791797,2.0,1.0,562.0,1363.0,46.98745727539063,,1.579142928123474,1474.3178083439134,766006.0,,-0.061952737158098,44.02689136357425
4763,ALG,453430.206437917,5678940.95853649,1.0,1.0,562.0,1363.0,45.69799041748047,,1.491625189781189,1474.3178083439134,766006.0,,-0.0307693470815704,43.528368530503904
4764,ALG,453430.86296769,5678941.16994636,1.0,1.0,562.0,1363.0,70.92205047607422,,4.815990447998047,1474.3178083439134,766006.0,,-0.047920671896051,43.42469449645138
4765,ALG,453431.67560376,5678941.32790096,-1.0,0.0,562.0,0.0,41.78190994262695,,1.9305649995803835,562.0,0.0,,-0.0717354898804048,43.617641846492106
4766,ALG,453432.418890661,5678941.50431131,-1.0,0.0,562.0,0.0,7.365014553070068,,1.0220484733581543,562.0,0.0,,-0.0988734334737232,43.00554067041979
4767,ALG,453433.127434076,5678941.70160167,-1.0,0.0,562.0,0.0,19.63284683227539,,1.0714259147644043,562.0,0.0,,-0.1337377930754486,41.66812657700345
4768,ALG,453433.905759928,5678941.80719406,0.0,0.0,0.0,0.0,39.04301834106445,,1.3103501796722412,0.0,0.0,,-0.1425621363351414,38.50221698534149
4769,ALG,453434.658069184,5678941.92151062,0.0,0.0,0.0,0.0,3.3135769367218018,,1.0158425569534302,0.0,0.0,,-0.1447989075387039,37.786454216005104
4770,ALG,453435.357984242,5678942.11431067,1.0,0.0,562.0,0.0,8.487353324890137,,1.0153024196624756,562.0,0.0,,-0.1369309358138389,38.48511797946352
4771,ALG,453436.161558858,5678942.34101676,0.0,0.0,0.0,0.0,39.21162796020508,,1.900810718536377,0.0,0.0,,-0.0804008013426691,39.537493374816776
4772,ALG,453436.869721768,5678942.60267101,0.0,0.0,0.0,0.0,58.35652160644531,,2.4792299270629883,0.0,0.0,,-0.0008660571527,41.10275297367092
4773,ALG,453437.516809567,5678942.9471965,2.0,0.0,562.0,0.0,28.75392723083496,,1.2054178714752195,562.0,0.0,,0.1126644227441235,44.42943762728663
4774,ALG,453438.155820271,5678943.19401469,2.0,0.0,562.0,0.0,1.7434649467468262,,1.082866072654724,562.0,0.0,,0.1176656919402529,46.913891635323886
4775,ALG,453438.864088327,5678943.43791311,2.0,0.0,562.0,0.0,4.794060230255127,,1.0468806028366089,562.0,0.0,,0.1150819879878441,45.53308363900524
4776,ALG,453439.53775074,5678943.67938727,2.0,0.0,562.0,0.0,18.148181915283203,,1.181699514389038,562.0,0.0,,0.0423023136248093,39.86072685599491
4777,ALG,453440.116139257,5678943.93250538,2.0,1.0,562.0,1363.0,41.00727844238281,,1.4175214767456057,1474.3178083439134,766006.0,,0.008208176281032,35.68316163272849
4778,ALG,453440.347283034,5678944.36224236,1.0,1.0,562.0,1363.0,74.59605407714844,,4.042762756347656,1474.3178083439134,766006.0,,0.0192345705631694,33.51739387849963
4779,ALG,453439.476522885,5678945.25156488,0.0,-1.0,0.0,1362.0,64.59371948242188,,2.6149067878723145,1362.0,0.0,,0.0738302843512972,34.24631096568344
4780,ALG,453439.142715304,5678946.08302569,0.0,0.0,0.0,0.0,1.3894712924957275,,1.0135303735733032,0.0,0.0,,0.1038101148626286,31.590327323368363
4781,ALG,453439.860786858,5678946.13277279,0.0,0.0,0.0,0.0,5.026756286621094,,1.005202293395996,0.0,0.0,,0.1234320020384158,28.58166297532444
4782,ALG,453440.604822539,5678946.18267336,0.0,0.0,0.0,0.0,3.527179479598999,,1.0026967525482178,0.0,0.0,,0.1416471091437458,24.686798745207504
4783,ALG,453441.314652849,5678946.16245627,0.0,0.0,0.0,0.0,1.4779953956604004,,1.0023891925811768,0.0,0.0,,0.1400050125209959,22.616496968045816
4784,ALG,453442.04141194,5678946.20670571,0.0,0.0,0.0,0.0,3.3739254474639893,,1.0029666423797607,0.0,0.0,,0.1091549306076752,19.00558440551316
4785,ALG,453442.663769877,5678946.34244835,0.0,0.0,0.0,0.0,3.121936082839966,,1.0034221410751345,0.0,0.0,,0.0220188282626177,15.594779123975766
4786,ALG,453443.225092082,5678946.55440392,0.0,0.0,0.0,0.0,2.069993257522583,,1.001301646232605,0.0,0.0,,-0.0256138623852172,13.322722288172926
4787,ALG,453443.708141341,5678946.83026307,0.0,0.0,0.0,0.0,19.75555229187012,,1.0704156160354614,0.0,0.0,,-0.0596956326406207,13.9489489609041
4788,ALG,453444.13908521,5678947.13577778,0.0,0.0,0.0,0.0,22.58750915527344,,1.0851725339889526,0.0,0.0,,-0.0654621436285104,16.730520942812614
4789,ALG,453444.665342453,5678947.42299005,0.0,0.0,0.0,0.0,18.588459014892575,,1.065795660018921,0.0,0.0,,-0.1034283455294357,19.92332786226856
4790,ALG,453445.331144681,5678947.53013543,1.0,0.0,562.0,0.0,6.7221527099609375,,1.0228168964385986,562.0,0.0,,-0.1228907164387935,21.28874507395886
4791,ALG,453446.006277519,5678947.52302995,1.0,0.0,562.0,0.0,4.229260921478272,,1.032836675643921,562.0,0.0,,-0.1790476389832551,18.859229271863335
4792,ALG,453446.699310338,5678947.41615123,0.0,0.0,0.0,0.0,21.834104537963867,,1.3057527542114258,0.0,0.0,,-0.1851215990813086,16.722270397406838
4793,ALG,453447.45334605,5678947.23860807,0.0,0.0,0.0,0.0,28.44265365600586,,1.1554549932479858,0.0,0.0,,-0.1597009630087401,14.016403864085632
4794,ALG,453448.120637797,5678947.09384495,0.0,0.0,0.0,0.0,3.238170862197876,,1.0048950910568235,0.0,0.0,,-0.1243573749535937,12.147392462020496
4795,ALG,453448.744288535,5678947.01097067,0.0,0.0,0.0,0.0,1.0661685466766355,,1.0160311460494995,0.0,0.0,,-0.0987670872966838,10.09971101053234
4796,ALG,453449.341679868,5678946.97788059,0.0,0.0,0.0,0.0,1.7843241691589355,,1.0025557279586792,0.0,0.0,,-0.0999041872819979,8.075633146716358
4797,ALG,453449.947791521,5678946.93374436,0.0,0.0,0.0,0.0,5.511972904205322,,1.0156285762786863,0.0,0.0,,-0.1418146910590291,5.819679165811758
4798,ALG,453450.57137005,5678946.86307695,0.0,0.0,0.0,0.0,1.0310066938400269,,1.0007976293563845,0.0,0.0,,-0.1393621858940645,4.560103441011839
4799,ALG,453451.186805638,5678946.70579953,0.0,0.0,0.0,0.0,5.411221504211426,,1.0142230987548828,0.0,0.0,,-0.1335042602771156,4.622002607581243
4800,ALG,453451.846748228,5678946.34014902,0.0,0.0,0.0,0.0,2.774192571640014,,1.0402926206588743,0.0,0.0,,-0.1074071036610684,4.904969441365435
4801,ALG,453452.437945194,5678945.89085951,0.0,0.0,0.0,0.0,0.4839563071727752,,1.0057772397994995,0.0,0.0,,-0.1050340295750782,5.1839117743152565
4802,ALG,453453.037731183,5678945.4527184,0.0,0.0,0.0,0.0,5.588682174682617,,1.0197356939315796,0.0,0.0,,-0.1084929764866207,5.353956290403029
4803,ALG,453453.603232894,5678944.95777643,0.0,0.0,0.0,0.0,9.657795906066896,,1.0187848806381226,0.0,0.0,,-0.1087245457444776,5.622534637986196
4804,ALG,453454.142822909,5678944.45380311,0.0,0.0,0.0,0.0,1.1411112546920776,,1.017623782157898,0.0,0.0,,-0.1229650492948295,5.696581345541499
4805,ALG,453454.613253949,5678943.93610367,0.0,0.0,0.0,0.0,3.778956651687622,,1.035702347755432,0.0,0.0,,-0.1255430043840081,5.684214206765263
4806,ALG,453455.058075099,5678943.35832539,0.0,0.0,0.0,0.0,4.811301231384277,,1.0083450078964231,0.0,0.0,,-0.1519782763122803,5.580941248844338
4807,ALG,453455.520736999,5678942.69076143,0.0,0.0,0.0,0.0,5.46320104598999,,1.0120081901550293,0.0,0.0,,-0.1603452927184786,5.323424134980381
4808,ALG,453455.964862589,5678942.23061428,0.0,0.0,0.0,0.0,1.555266261100769,,1.001672863960266,0.0,0.0,,-0.1621835806290501,5.20247746728317
4809,ALG,453456.451402209,5678941.9160973,0.0,0.0,0.0,0.0,1.8951005935668943,,1.0063618421554563,0.0,0.0,,-0.1786649002418675,5.070079635669046
4810,ALG,453456.765713743,5678941.45407289,0.0,0.0,0.0,0.0,4.72212553024292,,1.006487250328064,0.0,0.0,,-0.1895248651462011,4.878145724731816
4811,ALG,453456.978399386,5678940.61412695,0.0,0.0,0.0,0.0,3.995183944702149,,1.0035873651504517,0.0,0.0,,-0.211421261815987,4.581663780350772
4812,ALG,453457.302283996,5678939.99679175,0.0,0.0,0.0,0.0,1.6276051998138428,,1.0028629302978516,0.0,0.0,,-0.2124094204788118,4.432044395328065
4813,ALG,453457.738351626,5678939.43560807,0.0,0.0,0.0,0.0,2.354745626449585,,1.0185664892196655,0.0,0.0,,-0.2196296158125725,4.386245752747597
4814,ALG,453458.088088698,5678938.83729171,0.0,0.0,0.0,0.0,5.479923248291016,,1.0057578086853027,0.0,0.0,,-0.1996468286442826,4.315343296250005
4815,ALG,453458.213013513,5678938.2021338,0.0,0.0,0.0,0.0,1.7381497621536257,,1.001940131187439,0.0,0.0,,-0.1688298331760908,4.369247984051545
4816,ALG,453457.991625785,5678937.58601419,0.0,0.0,0.0,0.0,1.3375245332717896,,1.0021677017211914,0.0,0.0,,-0.1769883452852912,4.323459546553722
4817,ALG,453457.691971889,5678937.03268859,0.0,0.0,0.0,0.0,0.9116181135177612,,1.001128315925598,0.0,0.0,,-0.1716771639000438,4.267212660908525
4818,ALG,453457.331203772,5678936.56889282,0.0,0.0,0.0,0.0,9.313272476196287,,1.0498474836349487,0.0,0.0,,-0.1608095324156054,4.620355458504093
4819,ALG,453456.918113901,5678936.17137372,0.0,0.0,0.0,0.0,1.7252442836761477,,1.0304526090621948,0.0,0.0,,-0.1730954500315709,4.604782368156997
4820,ALG,453456.513744373,5678935.76280849,0.0,0.0,0.0,0.0,2.237064838409424,,1.0073436498641968,0.0,0.0,,-0.13918592248191,4.633062892800545
4821,ALG,453456.057053082,5678935.42051993,0.0,0.0,0.0,0.0,1.8245079517364504,,1.003970980644226,0.0,0.0,,-0.1060437271409269,4.906317154928427
4822,ALG,453455.704349375,5678935.05665077,0.0,0.0,0.0,0.0,2.8871240615844727,,1.0048906803131104,0.0,0.0,,-0.1078905492435618,4.991773647206294
4823,ALG,453455.438356653,5678934.66555006,0.0,0.0,0.0,0.0,4.257851123809815,,1.007953405380249,0.0,0.0,,-0.1187080724502471,5.070833500006795
4824,ALG,453455.284645348,5678934.31395498,0.0,0.0,0.0,0.0,8.447630882263184,,1.0129882097244265,0.0,0.0,,-0.1491030443722802,5.150687733550534
4825,ALG,453455.260616673,5678933.98643169,0.0,0.0,0.0,0.0,7.567634582519531,,1.0107334852218628,0.0,0.0,,-0.1745703983802245,5.126499459171496
4826,ALG,453454.751564377,5678933.71707811,0.0,0.0,0.0,0.0,4.361777305603027,,1.0054181814193726,0.0,0.0,,-0.1768309435653962,6.380910204014395
4827,ALG,453453.757101397,5678933.5713681,0.0,0.0,0.0,0.0,9.622983932495115,,1.015990138053894,0.0,0.0,,-0.0737617018354817,11.239140261601284
4828,ALG,453453.005658746,5678933.31056924,0.0,0.0,0.0,0.0,3.330136775970459,,1.0038217306137085,0.0,0.0,,-0.0129698033201563,17.212677439531518
4829,ALG,453452.471757878,5678932.85240823,0.0,0.0,0.0,0.0,3.710508823394776,,1.0103917121887207,0.0,0.0,,0.0219307220726388,20.21986023100036
4830,ALG,453452.067467481,5678932.43052602,0.0,0.0,0.0,0.0,17.76028060913086,,1.1959271430969238,0.0,0.0,,0.0816123431938661,22.598939779768678
4831,ALG,453451.577666897,5678931.83279505,1.0,0.0,562.0,0.0,45.07849884033203,,1.5877102613449097,562.0,0.0,,0.0834478991170088,26.0404051009972
4832,ALG,453451.139794523,5678931.23537108,1.0,0.0,562.0,0.0,33.30854415893555,,1.470295786857605,562.0,0.0,,0.0743245076020867,27.95588308355113
4833,ALG,453450.962599585,5678930.46414517,1.0,0.0,562.0,0.0,25.599285125732425,,1.1665464639663696,562.0,0.0,,0.0797334273126239,31.97314916610008
4834,ALG,453450.898296187,5678929.62922026,1.0,0.0,562.0,0.0,34.61638641357422,,1.4717551469802856,562.0,0.0,,0.0595816541466685,32.10780394294192
4835,ALG,453450.608065469,5678928.94610737,1.0,0.0,562.0,0.0,31.615373611450195,,1.1832040548324585,562.0,0.0,,0.0578773252904901,36.13413480537479
4836,ALG,453450.135843609,5678928.30297979,1.0,0.0,562.0,0.0,43.89950942993164,,1.5665514469146729,562.0,0.0,,0.0642263420983217,41.03329761606907
4837,ALG,453449.663989266,5678927.59770741,0.0,0.0,0.0,0.0,20.590478897094727,,1.2448965311050415,0.0,0.0,,0.032213108126142,42.95736534565937
4838,ALG,453449.269712223,5678926.9461625,0.0,0.0,0.0,0.0,3.526632070541382,,1.0034180879592896,0.0,0.0,,0.0093109429311757,39.90989508064442
4839,ALG,453448.89279711,5678926.2858421,0.0,0.0,0.0,0.0,56.1717529296875,,2.1632637977600098,0.0,0.0,,0.0774673538742893,37.171045483909054
4840,ALG,453448.550710769,5678925.59021508,1.0,0.0,562.0,0.0,53.79888534545898,,1.748382568359375,562.0,0.0,,0.1275661991838146,34.32772431031956
4841,ALG,453448.208499816,5678924.91567287,0.0,0.0,0.0,0.0,59.78120803833008,,2.1037158966064453,0.0,0.0,,0.134701445712957,33.658511277831494
4842,ALG,453447.633235871,5678924.13432475,0.0,0.0,0.0,0.0,34.25648880004883,,1.2940330505371094,0.0,0.0,,0.0495748043329841,37.018695760298286
4843,ALG,453447.006339236,5678923.30273177,0.0,0.0,0.0,0.0,43.58580780029297,,1.5659340620040894,0.0,0.0,,-0.0276016060239731,39.01768524014061
4844,ALG,453446.174617691,5678921.98163013,0.0,-1.0,0.0,1362.0,53.78641891479492,,3.590110540390014,1362.0,0.0,,0.0797141817724168,42.34676865460121
4845,ALG,453445.250372319,5678920.20719636,0.0,0.0,0.0,0.0,27.382116317749023,,1.526160717010498,0.0,0.0,,-0.0801841615376169,43.06974413476985
4846,ALG,453444.371166,5678918.1345015,0.0,0.0,0.0,0.0,64.79678344726562,,2.4371135234832764,0.0,0.0,,-0.0076451993206797,39.95325542969384
4847,ALG,453444.094086144,5678916.69127575,0.0,0.0,0.0,0.0,31.199438095092773,,1.1979070901870728,0.0,0.0,,0.0455505802710888,40.399857780848144
4848,ALG,453444.325794634,5678915.56179342,1.0,0.0,562.0,0.0,53.465797424316406,,1.7291404008865356,562.0,0.0,,0.2406612855256067,41.509073648364605
4849,ALG,453444.42465778,5678914.94312808,1.0,0.0,562.0,0.0,38.66888427734375,,1.3172335624694824,562.0,0.0,,0.2883111173031097,41.61273150879757
4850,ALG,453444.366673736,5678914.50331748,1.0,0.0,562.0,0.0,26.741106033325195,,1.1507192850112915,562.0,0.0,,0.2196422929510171,41.68089234046465
4851,ALG,453444.377343028,5678914.16268212,1.0,0.0,562.0,0.0,25.903152465820312,,1.1199973821640017,562.0,0.0,,0.1944047602838794,43.00264118346756
4852,ALG,453444.447984719,5678913.92560973,1.0,0.0,562.0,0.0,28.35915946960449,,1.1491007804870603,562.0,0.0,,0.1701751467722759,43.2725057159469
4853,ALG,453444.544544489,5678913.69645897,2.0,0.0,562.0,0.0,27.22356605529785,,1.1631264686584473,562.0,0.0,,0.1307973984729217,43.67016092332977
4854,ALG,453444.701188213,5678913.55200579,2.0,0.0,562.0,0.0,23.599483489990234,,1.2066248655319214,562.0,0.0,,0.0996436053567463,44.07536822424702
4855,ALG,453444.892161878,5678913.45658536,2.0,0.0,562.0,0.0,19.77676010131836,,1.1172332763671875,562.0,0.0,,0.0976599857514166,43.99718464817771
4856,ALG,453445.109178295,5678913.34800172,2.0,0.0,562.0,0.0,22.212820053100582,,1.1562612056732178,562.0,0.0,,0.0687040681198845,44.61695274058356
4857,ALG,453445.352486825,5678913.1840852,2.0,0.0,562.0,0.0,25.930849075317383,,1.1876120567321775,562.0,0.0,,0.0658972062855393,45.02106885584606
4858,ALG,453445.457373119,5678913.01047201,1.0,0.0,562.0,0.0,14.459712028503418,,1.1529089212417605,562.0,0.0,,0.0472260975490902,45.71247024154407
4859,ALG,453445.484249265,5678912.85637333,1.0,0.0,562.0,0.0,25.815086364746094,,1.5019056797027588,562.0,0.0,,0.0467491012426041,45.81662231722682
4860,ALG,453445.511112285,5678912.70449411,1.0,0.0,562.0,0.0,25.815086364746094,,1.5019056797027588,562.0,0.0,,0.0467491012426041,45.81662231722682
4861,ALG,453445.746179527,5678912.47061353,1.0,0.0,562.0,0.0,68.81771087646484,,3.337967872619629,562.0,0.0,,0.049071749692729,44.856136890167946
4862,ALG,453446.137293281,5678912.193265,0.0,0.0,0.0,0.0,10.77899169921875,,1.574928641319275,0.0,0.0,,0.0234542057761978,42.89861723424151
4863,ALG,453446.503046705,5678911.81366793,0.0,0.0,0.0,0.0,31.55609130859375,,1.1895653009414673,0.0,0.0,,-0.0315497902215357,42.63883348030944
4864,ALG,453446.808584883,5678911.37156783,0.0,0.0,0.0,0.0,26.260404586791992,,1.1681476831436155,0.0,0.0,,-0.134353761591641,43.72670366726123
4865,ALG,453447.105665217,5678910.8961247,0.0,0.0,0.0,0.0,55.21433639526367,,1.8710510730743408,0.0,0.0,,-0.1816676931135102,44.21235255289263
4866,ALG,453447.333750964,5678910.37921222,-1.0,0.0,562.0,0.0,33.18397903442383,,1.428273320198059,562.0,0.0,,-0.1237922646478634,42.90236070056634
4867,ALG,453447.786923634,5678909.852533,-1.0,0.0,562.0,0.0,18.14318084716797,,1.3084111213684082,562.0,0.0,,-0.0751774843831452,43.579127725092725
4868,ALG,453448.308828315,5678909.41171222,-1.0,0.0,562.0,0.0,41.94434356689453,,1.6467053890228271,562.0,0.0,,-0.1083714468576047,44.21784989970408
4869,ALG,453448.855902976,5678909.10532203,-1.0,0.0,562.0,0.0,14.37889575958252,,1.0743720531463623,562.0,0.0,,-0.150241030598614,45.82601383157559
4870,ALG,453449.66194171,5678908.91476899,-1.0,0.0,562.0,0.0,8.586155891418457,,1.0965975522994995,562.0,0.0,,-0.2119463217300497,44.15020005580112
4871,ALG,453450.554317094,5678908.76023889,-1.0,0.0,562.0,0.0,62.7056884765625,,2.2945024967193604,562.0,0.0,,-0.2459945973267662,44.982382638561184
4872,ALG,453451.309904056,5678908.31968981,0.0,0.0,0.0,0.0,27.35358238220215,,1.1310646533966064,0.0,0.0,,-0.2678803395037796,44.118882795273024
4873,ALG,453451.884084169,5678907.82036023,1.0,0.0,562.0,0.0,19.382049560546875,,1.0811253786087036,562.0,0.0,,-0.2957296863161249,44.9646738103835
4874,ALG,453452.61385788,5678907.35413378,0.0,0.0,0.0,0.0,43.24281692504883,,1.7451828718185425,0.0,0.0,,-0.3384264120902484,46.68409293255064
4875,ALG,453453.430420895,5678906.847359,-1.0,0.0,562.0,0.0,29.474308013916016,,1.2275928258895874,562.0,0.0,,-0.4264274085849717,46.118821203856726
4876,ALG,453454.187562446,5678906.14380408,0.0,0.0,0.0,0.0,59.12515258789063,,2.021127700805664,0.0,0.0,,-0.3066397820072525,43.601296505369135
4877,ALG,453454.815034838,5678905.41395783,1.0,1.0,562.0,1363.0,26.76763916015625,,1.1930311918258667,1474.3178083439134,766006.0,,-0.1425492152355572,43.21240626277139
4878,ALG,453455.382305014,5678904.61938914,0.0,0.0,0.0,0.0,58.69294738769531,,1.998094081878662,0.0,0.0,,-0.1780204308814048,39.31157612344049
4879,ALG,453455.733556297,5678903.76472566,-1.0,0.0,562.0,0.0,49.67147064208984,,2.060795545578003,562.0,0.0,,-0.2194303577592789,37.89634602750353
4880,ALG,453456.03283363,5678902.91752326,0.0,1.0,0.0,1363.0,56.16614532470703,,2.071524381637573,1363.0,0.0,,-0.2411822325928529,40.16156598566593
4881,ALG,453456.609584797,5678901.98317989,-1.0,-1.0,562.0,1362.0,52.99928283691406,,1.982097029685974,1473.3933622763475,765444.0,,-0.1098819384231849,42.47168455178356
4882,ALG,453457.203402402,5678901.08999876,-1.0,0.0,562.0,0.0,57.91579055786133,,1.947002649307251,562.0,0.0,,-0.1291414373629901,43.595737489354754
4883,ALG,453457.753329916,5678900.3008762,-2.0,0.0,562.0,0.0,10.053685188293455,,1.115905523300171,562.0,0.0,,-0.0868234410712724,45.59193241075155
4884,ALG,453458.312023504,5678899.49293939,-1.0,0.0,562.0,0.0,63.89240646362305,,2.529366970062256,562.0,0.0,,-0.0039619478343355,47.93685074940196
4885,ALG,453458.905932578,5678898.58422194,0.0,0.0,0.0,0.0,59.77008819580078,,2.272865533828736,0.0,0.0,,0.0979529634995709,47.98146492608287
4886,ALG,453459.533581064,5678897.82441266,0.0,1.0,0.0,1363.0,42.33930587768555,,1.5410875082015991,1363.0,0.0,,-0.0105784759444422,45.11230224735928
4887,ALG,453460.117884008,5678897.07655453,-1.0,-1.0,562.0,1362.0,61.86319351196289,,2.373199224472046,1473.3933622763475,765444.0,,-0.0221636509284428,46.28458169043255
4888,ALG,453460.52885765,5678896.36762335,1.0,1.0,562.0,1363.0,43.9556884765625,,1.595063090324402,1474.3178083439134,766006.0,,-0.0687008067421422,45.44651892483877
4889,ALG,453460.992716879,5678895.4969788,0.0,0.0,0.0,0.0,73.29481506347656,,4.037197589874268,0.0,0.0,,-0.0315680334916763,45.18485293146939
4890,ALG,453461.490571416,5678894.73196304,0.0,0.0,0.0,0.0,48.25428009033203,,1.8017646074295044,0.0,0.0,,-0.0114233145915151,42.54091886777726
4891,ALG,453461.971241194,5678893.9457601,-2.0,-1.0,562.0,1362.0,27.48394775390625,,3.550833225250244,1473.3933622763475,765444.0,,-0.0278466364232285,42.36405328796776
4892,ALG,453462.418381212,5678892.97513761,-1.0,0.0,562.0,0.0,35.24262237548828,,1.2333269119262695,562.0,0.0,,0.0203809664585476,41.12690789215918
4893,ALG,453462.839091439,5678892.08315232,-1.0,0.0,562.0,0.0,24.40204429626465,,1.1432485580444336,562.0,0.0,,0.0474958504792838,42.18149853789098
4894,ALG,453463.06094807,5678891.1555888,0.0,0.0,0.0,0.0,14.998658180236816,,1.122738242149353,0.0,0.0,,0.1125491223771768,43.85863072459212
4895,ALG,453463.289878419,5678890.49552092,-1.0,-1.0,562.0,1362.0,46.51424407958984,,1.976532340049744,1473.3933622763475,765444.0,,0.1168682166299106,42.78097538477917
4896,ALG,453463.545067845,5678889.78566873,-1.0,0.0,562.0,0.0,35.69692611694336,,1.6111314296722412,562.0,0.0,,0.0712792971879051,42.13301147772352
4897,ALG,453463.843766589,5678889.03612211,0.0,0.0,0.0,0.0,33.97738265991211,,2.6158525943756104,0.0,0.0,,0.0126338126177948,40.85303130817749
4898,ALG,453464.072985432,5678888.32722617,0.0,0.0,0.0,0.0,28.033246994018555,,1.1525719165802002,0.0,0.0,,-0.0856246780883004,41.64653828643063
4899,ALG,453464.414465319,5678887.66116493,1.0,0.0,562.0,0.0,28.66206741333008,,1.1626689434051514,562.0,0.0,,-0.1234225614642199,41.94494842216624
4900,ALG,453464.764645708,5678886.98738673,1.0,0.0,562.0,0.0,29.387496948242188,,1.1752535104751587,562.0,0.0,,-0.0654152175259377,42.00540719690193
4901,ALG,453465.063147452,5678886.27113191,1.0,1.0,562.0,1363.0,43.99113082885742,,1.5865949392318726,1474.3178083439134,766006.0,,-0.0454821454412761,40.50964691237862
4902,ALG,453465.327214246,5678885.52360007,-1.0,0.0,562.0,0.0,46.6534538269043,,1.741093993186951,562.0,0.0,,-0.0747991092974604,40.29243595790147
4903,ALG,453465.521997967,5678884.78342707,0.0,0.0,0.0,0.0,25.501117706298828,,1.296331524848938,0.0,0.0,,-0.0672651975593774,42.33213786074353
4904,ALG,453465.820322461,5678884.09713488,0.0,0.0,0.0,0.0,51.50020599365234,,1.6533643007278442,0.0,0.0,,-0.0254686185206785,44.21080536631308
4905,ALG,453466.179117856,5678883.43006614,1.0,1.0,562.0,1363.0,26.059734344482425,,1.1951512098312378,1474.3178083439134,766006.0,,0.0146321155335395,43.04525606734554
4906,ALG,453466.572990883,5678882.68552103,0.0,0.0,0.0,0.0,57.02217864990234,,2.8623878955841064,0.0,0.0,,0.1269252672301084,40.72588225541367
4907,ALG,453466.931261419,5678882.10723052,-1.0,-1.0,562.0,1362.0,74.17890167236328,,4.897067546844482,1473.3933622763475,765444.0,,0.0079816837497748,39.981480713179664
4908,ALG,453466.810909857,5678881.96890806,0.0,0.0,0.0,0.0,56.24397277832031,,3.001049518585205,0.0,0.0,,0.0233618188909938,39.22917207971508
4909,ALG,453466.664640307,5678881.82266405,0.0,0.0,0.0,0.0,58.1920051574707,,2.563738346099853,0.0,0.0,,-0.0115057153109257,38.39859466683352
4910,ALG,453466.509624297,5678881.69190506,1.0,0.0,562.0,0.0,48.48233795166016,,1.8924113512039185,562.0,0.0,,0.006378482964364,37.96014228027161
4911,ALG,453466.739360878,5678880.89534051,1.0,1.0,562.0,1363.0,15.364168167114258,,1.152308464050293,1474.3178083439134,766006.0,,-0.1020814005600016,38.11641260789802
4912,ALG,453467.266962469,5678879.49016468,1.0,0.0,562.0,0.0,32.41444778442383,,1.2023578882217407,562.0,0.0,,0.079094669948824,41.54193852126266
4913,ALG,453467.470407063,5678878.74893305,1.0,0.0,562.0,0.0,62.06076049804688,,2.222551107406616,562.0,0.0,,0.0712332363966096,41.030410174049166
4914,ALG,453467.622081245,5678877.98076102,0.0,0.0,0.0,0.0,15.586905479431152,,1.338715434074402,0.0,0.0,,0.0354837978420875,39.186558900972514
4915,ALG,453467.816976084,5678877.22172258,1.0,0.0,562.0,0.0,29.349613189697266,,1.1957156658172607,562.0,0.0,,0.0281685587582743,40.17125407449225
4916,ALG,453467.9512688,5678876.46565524,1.0,0.0,562.0,0.0,26.41436767578125,,1.139589548110962,562.0,0.0,,0.080990028969897,41.016980478791005
4917,ALG,453468.094065262,5678875.73516281,1.0,0.0,562.0,0.0,36.40940475463867,,1.2620068788528442,562.0,0.0,,0.0910387757504175,41.4933932073361
4918,ALG,453468.35792155,5678875.02314216,1.0,0.0,562.0,0.0,44.299278259277344,,1.4013354778289795,562.0,0.0,,0.0286149880869893,40.9327259854151
4919,ALG,453468.699905555,5678874.27163165,-1.0,-1.0,562.0,1362.0,46.27246475219727,,1.5616143941879272,1473.3933622763475,765444.0,,-0.0808609234545154,41.655575579273965
4920,ALG,453468.95519238,5678873.54513336,-1.0,0.0,562.0,0.0,28.378337860107425,,1.1952437162399292,562.0,0.0,,-0.1105637642333218,42.87118732935194
4921,ALG,453469.167350326,5678872.79396528,0.0,0.0,0.0,0.0,30.42503547668457,,1.5445553064346311,0.0,0.0,,-0.1585187422689538,44.10660468103077
4922,ALG,453469.293021015,5678872.03229813,-1.0,0.0,562.0,0.0,37.64971923828125,,1.4766899347305298,562.0,0.0,,-0.0747247518431961,43.557452441163946
4923,ALG,453469.496379972,5678871.30549291,0.0,0.0,0.0,0.0,41.2608757019043,,1.4449706077575684,0.0,0.0,,-0.0260512105327903,45.643391671124114
4924,ALG,453469.760098255,5678870.61677651,-1.0,0.0,562.0,0.0,47.72568893432617,,1.5950874090194702,562.0,0.0,,-0.0390634156009924,47.47630125938126
4925,ALG,453470.075672082,5678869.94057401,-1.0,0.0,562.0,0.0,39.56640625,,1.378525972366333,562.0,0.0,,0.0082830840028194,50.17191862464868
4926,ALG,453470.43469605,5678869.23466458,0.0,0.0,0.0,0.0,16.073144912719727,,1.0662294626235962,0.0,0.0,,0.1182765866594557,52.34851289286834
4927,ALG,453470.732671941,5678868.60718779,0.0,0.0,0.0,0.0,35.56932830810547,,1.2471867799758911,0.0,0.0,,0.0456471490445855,49.65078581203598
4928,ALG,453471.082523044,5678867.98889572,-1.0,0.0,562.0,0.0,18.905786514282227,,1.1410033702850342,562.0,0.0,,0.0653309351321866,46.87502935933843
4929,ALG,453471.423896549,5678867.34058982,-1.0,0.0,562.0,0.0,22.429168701171875,,1.376617431640625,562.0,0.0,,0.1002558942155232,44.35851074025156
4930,ALG,453471.791043657,5678866.72461946,0.0,0.0,0.0,0.0,62.12882995605469,,2.1908278465271,0.0,0.0,,0.0840366963704671,43.18643239897943
4931,ALG,453472.097365722,5678866.149351,1.0,1.0,562.0,1363.0,31.301719665527344,,1.2867183685302734,1474.3178083439134,766006.0,,0.0474215737512671,41.81743339476778
4932,ALG,453472.334319632,5678865.5958679,0.0,0.0,0.0,0.0,25.37178421020508,,1.1642098426818848,0.0,0.0,,0.0762505924607136,39.76207306792986
4933,ALG,453472.519647495,5678864.99103041,0.0,0.0,0.0,0.0,24.818330764770508,,1.1655025482177734,0.0,0.0,,0.1909808484611769,39.32092852296834
4934,ALG,453472.739095358,5678864.47073685,0.0,0.0,0.0,0.0,39.21324157714844,,1.3795210123062134,0.0,0.0,,0.2326743548842377,37.80056073334984
4935,ALG,453473.070692488,5678864.01214325,0.0,0.0,0.0,0.0,36.1468505859375,,1.5836750268936155,0.0,0.0,,0.1642356088331562,37.13609751570801
4936,ALG,453473.454381231,5678863.52611332,0.0,0.0,0.0,0.0,17.008150100708008,,1.2142541408538818,0.0,0.0,,0.0961669915206366,35.36980469757253
4937,ALG,453473.838358486,5678862.99125532,0.0,0.0,0.0,0.0,14.78878688812256,,1.5473129749298096,0.0,0.0,,0.0955987597741253,36.51117747215009
4938,ALG,453474.265110343,5678862.54099239,0.0,0.0,0.0,0.0,40.98662567138672,,1.6135716438293457,0.0,0.0,,0.0945199398249335,35.61026822193798
4939,ALG,453474.588216645,5678862.05460438,0.0,0.0,0.0,0.0,46.0176010131836,,1.797634840011597,0.0,0.0,,0.1263292891848882,35.79522184674296
4940,ALG,453474.799462188,5678861.45768837,0.0,0.0,0.0,0.0,25.80154800415039,,1.4190754890441897,0.0,0.0,,0.0760917959620543,36.180729952519584
4941,ALG,453475.019119661,5678860.90188344,0.0,0.0,0.0,0.0,15.665885925292969,,1.207167387008667,0.0,0.0,,-0.0131719174108454,37.865399222418375
4942,ALG,453475.247221864,5678860.38164095,0.0,0.0,0.0,0.0,39.40099334716797,,1.417707920074463,0.0,0.0,,-0.1104087706928662,38.5692008444136
4943,ALG,453476.265856019,5678860.82934785,0.0,0.0,0.0,0.0,16.543222427368164,,1.061152696609497,0.0,0.0,,-0.0399840919370018,38.22163425069407
4944,ALG,453478.518321367,5678863.38846381,-1.0,0.0,562.0,0.0,38.46918869018555,,1.668285250663757,562.0,0.0,,0.1936059134037197,32.08184410840439
4945,ALG,453480.120702764,5678864.64642022,0.0,0.0,0.0,0.0,61.26377487182617,,2.152637004852295,0.0,0.0,,0.1226374468448867,37.25795554113656
4946,ALG,453480.323758905,5678863.97066222,1.0,0.0,562.0,0.0,41.48259353637695,,1.3988765478134155,562.0,0.0,,0.1102484878780779,36.4006452456588
4947,ALG,453480.492826053,5678863.18816575,1.0,0.0,562.0,0.0,13.861589431762695,,3.0176644325256348,562.0,0.0,,0.08047584287099,36.83583603111736
4948,ALG,453480.677818811,5678862.63992421,0.0,-1.0,0.0,1362.0,53.11885833740234,,3.562202453613281,1362.0,0.0,,0.0571323054517936,37.38640209295952
4949,ALG,453480.938840816,5678862.40730573,1.0,1.0,562.0,1363.0,53.37398910522461,,1.9415934085845947,1474.3178083439134,766006.0,,0.0353339138099438,37.64825659617007
4950,ALG,453481.158025762,5678861.93140106,1.0,1.0,562.0,1363.0,14.63933277130127,,1.2039793729782104,1474.3178083439134,766006.0,,-0.010920276898696,39.1453320406467
4951,ALG,453481.335531013,5678861.18557675,1.0,0.0,562.0,0.0,23.669214248657227,,1.1176400184631348,562.0,0.0,,-0.0027198065215477,38.735335205635685
4952,ALG,453481.556191261,5678860.45998322,1.0,0.0,562.0,0.0,43.04562377929688,,1.4059672355651855,562.0,0.0,,-0.0800450871506292,40.69258939403707
4953,ALG,453481.776864582,5678859.73217024,1.0,0.0,562.0,0.0,62.31608963012695,,2.5664565563201904,562.0,0.0,,-0.105959107927987,41.22438428293572
4954,ALG,453482.066453452,5678859.05914302,-1.0,-1.0,562.0,1362.0,31.82235717773437,,1.6578410863876345,1473.3933622763475,765444.0,,-0.1746090845010332,43.34976231904355
4955,ALG,453482.355170186,5678858.53370966,-1.0,-1.0,562.0,1362.0,43.83042144775391,,2.0572454929351807,1473.3933622763475,765444.0,,-0.1825009442068051,43.68106655389234
4956,ALG,453482.590215065,5678858.30315717,-1.0,0.0,562.0,0.0,23.600141525268555,,1.4208394289016724,562.0,0.0,,-0.1795017615084299,43.91771072289688
4957,ALG,453483.122421363,5678857.58273371,-1.0,0.0,562.0,0.0,47.06480407714844,,1.840617656707764,562.0,0.0,,-0.1153225463784628,43.90859905416831
4958,ALG,453483.926441423,5678856.26797137,-1.0,0.0,562.0,0.0,26.37676239013672,,1.194942831993103,562.0,0.0,,0.0257460121190329,40.54585368410038
4959,ALG,453484.58073645,5678855.39179204,-1.0,0.0,562.0,0.0,13.93925666809082,,1.5171740055084229,562.0,0.0,,0.000124186380368,40.94129142236315
4960,ALG,453484.626435474,5678854.98144827,0.0,0.0,0.0,0.0,52.434417724609375,,1.9134026765823364,0.0,0.0,,0.0098574958279983,41.17266748273104
4961,ALG,453484.715558322,5678854.54583643,0.0,0.0,0.0,0.0,35.78227996826172,,1.3694250583648682,0.0,0.0,,0.0195775082374824,42.011464220118285
4962,ALG,453484.839430713,5678854.08823455,0.0,0.0,0.0,0.0,31.937864303588867,,1.312037706375122,0.0,0.0,,-0.0211696082634099,41.76079925300893
4963,ALG,453484.972121611,5678853.60294061,0.0,0.0,0.0,0.0,15.2015962600708,,1.224138855934143,0.0,0.0,,-0.0914543793426314,42.861357493615685
4964,ALG,453485.191666694,5678853.06600078,0.0,0.0,0.0,0.0,32.08966064453125,,1.2089440822601318,0.0,0.0,,-0.1479377753376622,41.90888650131006
4965,ALG,453485.436670697,5678852.61466342,0.0,0.0,0.0,0.0,34.434688568115234,,1.313901424407959,0.0,0.0,,-0.1599626894236419,40.22838398654017
4966,ALG,453485.673964217,5678852.00347405,0.0,0.0,0.0,0.0,14.071149826049805,,1.2152323722839355,0.0,0.0,,-0.1737436775894598,38.17044757676718
4967,ALG,453485.955029011,5678851.308201,0.0,0.0,0.0,0.0,62.77063751220703,,2.651294469833374,0.0,0.0,,-0.1261255953329053,36.40799673897113
4968,ALG,453486.261100308,5678850.77510165,-1.0,-1.0,562.0,1362.0,64.83811950683594,,2.9442474842071533,1473.3933622763475,765444.0,,-0.1008334992743254,34.46563510509255
4969,ALG,453486.496466108,5678850.49017236,-1.0,-1.0,562.0,1362.0,46.76922607421875,,2.3147103786468506,1473.3933622763475,765444.0,,-0.0888722369537905,34.15978282931187
4970,ALG,453486.705802527,5678850.21618695,-1.0,-1.0,562.0,1362.0,37.89690017700195,,1.815391182899475,1473.3933622763475,765444.0,,-0.0668918249785111,34.12069253756111
4971,ALG,453486.854720641,5678849.91410039,0.0,0.0,0.0,0.0,54.739723205566406,,2.001654624938965,0.0,0.0,,-0.0554928606335451,33.797074989979
4972,ALG,453486.977556929,5678849.63183555,0.0,0.0,0.0,0.0,44.6215705871582,,1.945423603057861,0.0,0.0,,-0.0312733679237226,34.49047792173047
4973,ALG,453487.169820137,5678849.31779764,0.0,0.0,0.0,0.0,56.372066497802734,,1.9364652633666992,0.0,0.0,,-0.0189093479828495,34.18120814103748
4974,ALG,453487.345062612,5678848.95482942,0.0,0.0,0.0,0.0,49.34764862060547,,2.3865132331848145,0.0,0.0,,-0.0157936308666495,33.28185534672296
4975,ALG,453487.633896648,5678848.40942075,0.0,0.0,0.0,0.0,44.93108367919922,,1.4954986572265625,0.0,0.0,,0.0794912037960078,33.38367687401869
4976,ALG,453487.992767295,5678847.72903427,0.0,0.0,0.0,0.0,13.484735488891602,,1.294156193733215,0.0,0.0,,0.1822533479036361,32.69608478083036
4977,ALG,453488.30826655,5678847.06503805,0.0,0.0,0.0,0.0,19.29679298400879,,1.6094509363174438,0.0,0.0,,0.0981093186614303,33.8797636862371
4978,ALG,453488.614803017,5678846.45314791,0.0,0.0,0.0,0.0,32.85252380371094,,1.2479486465454102,0.0,0.0,,0.0859918076743111,34.08410589043007
4979,ALG,453488.903997462,5678845.84670414,1.0,0.0,562.0,0.0,59.75273895263672,,2.489859104156494,562.0,0.0,,0.0788456552075576,34.90263983943862
4980,ALG,453489.011124122,5678845.29356331,1.0,0.0,562.0,0.0,46.24926376342773,,1.55259907245636,562.0,0.0,,0.0555265863845465,35.62341314599735
4981,ALG,453489.057478475,5678844.77224669,0.0,0.0,0.0,0.0,65.37869262695312,,2.591411590576172,0.0,0.0,,0.0572036646539836,35.818171477389946
4982,ALG,453489.155865285,5678844.23348119,0.0,0.0,0.0,0.0,53.53343200683594,,1.8572052717208865,0.0,0.0,,0.0479394066876396,35.92301216180069
4983,ALG,453489.23678555,5678843.72124691,0.0,0.0,0.0,0.0,8.50327205657959,,1.4469363689422607,0.0,0.0,,0.0076690403247893,35.74139522084325
4984,ALG,453489.248285489,5678843.23967598,0.0,0.0,0.0,0.0,39.14911651611328,,1.381706476211548,0.0,0.0,,-0.0468813136003955,35.67188481502228
4985,ALG,453489.277225737,5678842.73601275,0.0,0.0,0.0,0.0,47.9720458984375,,1.645026683807373,0.0,0.0,,-0.1265047707416655,35.48810891734079
4986,ALG,453489.37573052,5678842.17727214,0.0,0.0,0.0,0.0,37.95547866821289,,1.3864679336547852,0.0,0.0,,-0.1171756498679429,36.77040571309863
4987,ALG,453489.534705972,5678841.63775482,0.0,0.0,0.0,0.0,33.10315704345703,,1.296381592750549,0.0,0.0,,0.0782992482901266,36.42879149608236
4988,ALG,453489.773093719,5678840.84124071,0.0,0.0,0.0,0.0,27.813121795654297,,1.249290108680725,0.0,0.0,,0.1798018918074725,36.86791858280473
4989,ALG,453489.86287174,5678840.29465597,0.0,0.0,0.0,0.0,22.054140090942383,,1.4147993326187134,0.0,0.0,,0.1549096939818438,37.13566616086647
4990,ALG,453489.995699788,5678839.78605764,-1.0,0.0,562.0,0.0,16.337947845458984,,1.190849781036377,562.0,0.0,,0.1728145520884731,37.48370240089897
4991,ALG,453490.457690643,5678839.23057416,0.0,0.0,0.0,0.0,54.96116638183594,,1.9183827638626096,0.0,0.0,,0.1852737624879525,39.37390643876802
4992,ALG,453491.014757338,5678838.69673791,0.0,0.0,0.0,0.0,19.351993560791016,,1.2543516159057615,0.0,0.0,,0.1988119756579446,41.27915977302441
4993,ALG,453491.571771516,5678838.17177943,1.0,0.0,562.0,0.0,39.83365631103516,,1.3758959770202637,562.0,0.0,,0.1346284307614769,42.71973106470317
4994,ALG,453491.905156179,5678837.41022923,1.0,0.0,562.0,0.0,23.87265396118164,,1.1397254467010498,562.0,0.0,,0.0637821657113518,45.07167200577595
4995,ALG,453492.264766763,5678836.60444327,1.0,0.0,562.0,0.0,55.74093246459961,,2.7372360229492188,562.0,0.0,,-0.0479314819779642,44.35816522870273
4996,ALG,453492.433524071,5678835.87410375,1.0,0.0,562.0,0.0,66.65032196044922,,3.845881938934326,562.0,0.0,,-0.0586376728551399,44.152781309128926
4997,ALG,453492.636309679,5678835.24384428,1.0,0.0,562.0,0.0,17.45243263244629,,1.137201189994812,562.0,0.0,,-0.0629141757262417,44.56315506426616
4998,ALG,453492.908318811,5678834.61621327,0.0,0.0,0.0,0.0,47.991512298583984,,1.587610363960266,0.0,0.0,,-0.1566367165801168,43.74675485017253
4999,ALG,453493.26686717,5678833.99020323,0.0,0.0,0.0,0.0,29.949350357055664,,1.6370439529418943,0.0,0.0,,-0.1999465992068184,42.41105576151443
5000,ALG,453493.617324664,5678833.26870542,0.0,0.0,0.0,0.0,5.704275131225586,,1.0732537508010864,0.0,0.0,,-0.1503404685695817,40.47226615005628
5001,ALG,453493.88027919,5678832.70871668,0.0,0.0,0.0,0.0,11.70725154876709,,1.173315405845642,0.0,0.0,,-0.1307664227664733,38.63871440548807
5002,ALG,453494.047672739,5678832.2092006,0.0,0.0,0.0,0.0,36.96088790893555,,1.6230615377426147,0.0,0.0,,-0.0872245393811805,39.6691966052518
5003,ALG,453494.137325823,5678831.68370065,0.0,0.0,0.0,0.0,59.920684814453125,,2.2037675380706787,0.0,0.0,,-0.0338370086311154,39.48246380095813
5004,ALG,453494.148950015,5678831.18104488,0.0,0.0,0.0,0.0,47.13362503051758,,1.6632062196731567,0.0,0.0,,0.0238991041024234,40.29119119061162
5005,ALG,453494.203289889,5678830.77297162,0.0,0.0,0.0,0.0,43.14011001586914,,1.3984241485595703,0.0,0.0,,0.0059087044032562,40.811586910938544
5006,ALG,453494.222959003,5678830.3735717,0.0,0.0,0.0,0.0,16.972349166870117,,1.1402732133865356,0.0,0.0,,0.0490532413709104,41.814688223131874
5007,ALG,453494.826516388,5678829.29511421,0.0,0.0,0.0,0.0,47.63856887817383,,2.074143648147583,0.0,0.0,,0.0541242521232485,40.845353070414674
5008,ALG,453495.440675103,5678827.88711851,0.0,0.0,0.0,0.0,35.0465087890625,,1.3927416801452637,0.0,0.0,,-0.075019765622689,39.43184400618999
5009,ALG,453496.011986814,5678826.40673481,-1.0,0.0,562.0,0.0,21.578081130981445,,1.375354528427124,562.0,0.0,,-0.1400709668727711,39.21309805504321
5010,ALG,453496.464384518,5678826.00989099,0.0,0.0,0.0,0.0,6.95240592956543,,1.155988335609436,0.0,0.0,,-0.1030023946730896,39.11159947385256
5011,ALG,453496.863196309,5678825.89350168,0.0,0.0,0.0,0.0,36.22417831420898,,1.4809422492980957,0.0,0.0,,-0.1015110656041126,39.8857120864755
5012,ALG,453497.106815712,5678825.67631662,-1.0,0.0,562.0,0.0,41.51357650756836,,1.4682468175888062,562.0,0.0,,-0.0381837137434201,39.406023510774666
5013,ALG,453497.315987241,5678825.43007413,-1.0,0.0,562.0,0.0,31.28667259216309,,1.306944489479065,562.0,0.0,,0.0282955483900637,40.200061150926494
5014,ALG,453497.456610445,5678825.06690119,-1.0,0.0,562.0,0.0,20.59210777282715,,1.5336166620254517,562.0,0.0,,0.0683389198104885,38.51357199767434
5015,ALG,453497.536749956,5678824.68672448,-1.0,0.0,562.0,0.0,17.265657424926758,,1.6087359189987185,562.0,0.0,,0.0448767809703035,38.18176830384414
5016,ALG,453497.572987322,5678824.41282608,-1.0,0.0,562.0,0.0,27.861085891723636,,1.5088815689086914,562.0,0.0,,0.0110779675909868,38.19539967891697
5017,ALG,453497.56586661,5678824.15309855,-1.0,0.0,562.0,0.0,33.122108459472656,,1.2971869707107544,562.0,0.0,,-0.0244287050726468,38.66173522826271
5018,ALG,453497.541403987,5678823.89881741,-1.0,0.0,562.0,0.0,34.89680480957031,,1.4597660303115845,562.0,0.0,,-0.0552089752384621,39.12610570000225
5019,ALG,453497.5507075,5678823.78900543,-1.0,0.0,562.0,0.0,51.77199935913086,,1.8338956832885744,562.0,0.0,,-0.0750528309402186,39.45176818949359
5020,ALG,453497.551245008,5678823.69800771,-1.0,0.0,562.0,0.0,51.77199935913086,,1.8338956832885744,562.0,0.0,,-0.0750528309402186,39.45176818949359
5021,ALG,453497.620442249,5678823.70507505,-1.0,0.0,562.0,0.0,51.77199935913086,,1.8338956832885744,562.0,0.0,,-0.0750528309402186,39.45176818949359
5022,ALG,453497.715550762,5678823.72117358,-1.0,-1.0,562.0,1362.0,15.767762184143066,,1.3469678163528442,1473.3933622763475,765444.0,,-0.0766440478526099,38.967711068868766
5023,FMAT,453854.289144631,5678637.40316759,0.0,0.0,0.0,0.0,7.035720348358154,,1.0084760189056396,0.0,0.0,,0.6978289605657917,6.679281931948962
5024,FMAT,453854.242806323,5678636.44960647,0.0,0.0,0.0,0.0,4.289538383483887,,1.0056227445602417,0.0,0.0,,0.690139147943328,6.761152357713452
5025,FMAT,453854.213815779,5678635.48948845,0.0,0.0,0.0,0.0,3.416185140609741,,1.0116394758224487,0.0,0.0,,0.6295708167290898,7.26019105729095
5026,FMAT,453854.176170887,5678634.52931969,0.0,0.0,0.0,0.0,2.469909191131592,,1.0213817358016968,0.0,0.0,,0.6175647198864324,7.805839637649091
5027,FMAT,453854.138395902,5678633.59134549,0.0,0.0,0.0,0.0,5.10358190536499,,1.0158014297485352,0.0,0.0,,0.5438048171332065,8.680805227723036
5028,FMAT,453854.091680348,5678632.70214862,0.0,0.0,0.0,0.0,10.358457565307615,,1.050858736038208,0.0,0.0,,0.5559974418659241,9.130508236495167
5029,FMAT,453854.09737883,5678631.73002649,0.0,0.0,0.0,0.0,6.712719917297363,,1.039602518081665,0.0,0.0,,0.5485531541248841,9.60986975271961
5030,FMAT,453854.120190871,5678630.79129768,0.0,0.0,0.0,0.0,3.8286168575286874,,1.0155558586120603,0.0,0.0,,0.5518068286364932,10.289010674191662
5031,FMAT,453854.01360392,5678629.78078529,0.0,0.0,0.0,0.0,11.603814125061035,,1.034393548965454,0.0,0.0,,0.479244089791673,10.226497650830716
5032,FMAT,453853.846254377,5678628.80099017,0.0,0.0,0.0,0.0,6.313450336456299,,1.0243107080459597,0.0,0.0,,0.4718758402890325,9.462724981724064
5033,FMAT,453853.661570154,5678627.82553249,0.0,0.0,0.0,0.0,9.063401222229004,,1.0567114353179932,0.0,0.0,,0.4840007215289526,8.674256238002695
5034,FMAT,453853.536503668,5678627.01466974,0.0,0.0,0.0,0.0,10.23640251159668,,1.0201115608215332,0.0,0.0,,0.4742120294959604,8.396054011521308
5035,FMAT,453853.395429552,5678625.98175983,0.0,0.0,0.0,0.0,8.26784896850586,,1.0305466651916504,0.0,0.0,,0.4259590665168454,7.542166474946529
5036,FMAT,453853.296215586,5678625.18991465,0.0,0.0,0.0,0.0,4.62907600402832,,1.0672521591186523,0.0,0.0,,0.5019058030105639,7.13805831406884
5037,FMAT,453853.197307389,5678624.34591224,0.0,0.0,0.0,0.0,5.173734188079834,,1.0058200359344482,0.0,0.0,,0.5625335445947969,7.071558809371324
5038,FMAT,453853.09007013,5678623.44637266,0.0,0.0,0.0,0.0,1.2475121021270752,,1.0028473138809204,0.0,0.0,,0.5671421795461512,7.3472114229246
5039,FMAT,453852.99977079,5678622.61018907,0.0,0.0,0.0,0.0,5.087918281555176,,1.0072731971740725,0.0,0.0,,0.498435044010603,7.636542434363887
5040,FMAT,453852.926780162,5678621.77410694,0.0,0.0,0.0,0.0,6.5727081298828125,,1.0430892705917358,0.0,0.0,,0.4113991399578855,7.314596243764793
5041,FMAT,453852.888328867,5678620.95154449,0.0,0.0,0.0,0.0,4.093616008758545,,1.0345913171768188,0.0,0.0,,0.4503492837504252,7.484238475488572
5042,FMAT,453852.884995869,5678620.04373586,0.0,0.0,0.0,0.0,4.644418716430664,,1.0341308116912842,0.0,0.0,,0.454211040007526,8.010291234001233
5043,FMAT,453852.88917228,5678619.33129018,0.0,0.0,0.0,0.0,9.931415557861328,,1.0764704942703247,0.0,0.0,,0.4175593079932723,7.817291638570669
5044,FMAT,453852.893634926,5678618.57001645,0.0,0.0,0.0,0.0,10.26860237121582,,1.0473275184631348,0.0,0.0,,0.3526137014210592,7.816417119324283
5045,FMAT,453852.872180083,5678617.80082242,0.0,0.0,0.0,0.0,7.129495143890381,,1.0245128870010376,0.0,0.0,,0.3361859589228146,7.814671790567036
5046,FMAT,453852.84166758,5678617.10038082,0.0,0.0,0.0,0.0,0.8079324960708618,,1.0096120834350586,0.0,0.0,,0.3967600301423646,7.955604085810824
5047,FMAT,453852.793839893,5678616.40094748,0.0,0.0,0.0,0.0,2.948903560638428,,1.0084002017974854,0.0,0.0,,0.4387165928970145,7.984906357946714
5048,FMAT,453852.746857914,5678615.55724944,0.0,0.0,0.0,0.0,5.495585441589356,,1.029022455215454,0.0,0.0,,0.4183972019226009,7.411773651833199
5049,FMAT,453852.691559887,5678614.65579479,0.0,0.0,0.0,0.0,8.862324714660645,,1.0176262855529783,0.0,0.0,,0.3828353533523397,7.470546110277297
5050,FMAT,453852.584043109,5678613.80397351,0.0,0.0,0.0,0.0,8.37787914276123,,1.0199612379074097,0.0,0.0,,0.3705839985542578,7.591517585324784
5051,FMAT,453852.467631322,5678612.99316146,0.0,0.0,0.0,0.0,7.238275527954102,,1.0174626111984253,0.0,0.0,,0.4318680990167888,7.3157535422689
5052,FMAT,453852.411383564,5678612.25372716,0.0,0.0,0.0,0.0,11.023641586303713,,1.0688844919204712,0.0,0.0,,0.4091180418886342,6.856523480585919
5053,FMAT,453852.363822677,5678611.50879494,0.0,0.0,0.0,0.0,2.12141489982605,,1.0297775268554688,0.0,0.0,,0.385969156091383,6.709175034164673
5054,FMAT,453852.264856233,5678610.67478005,0.0,0.0,0.0,0.0,4.747896671295166,,1.005616307258606,0.0,0.0,,0.3457453422312013,6.916877600390284
5055,FMAT,453852.174134301,5678609.91072879,0.0,0.0,0.0,0.0,3.970950126647949,,1.0246609449386597,0.0,0.0,,0.343509529913413,7.162834485777079
5056,FMAT,453852.074829618,5678609.13441977,0.0,0.0,0.0,0.0,8.761096954345703,,1.0306127071380615,0.0,0.0,,0.3022779605650806,6.36514199012906
5057,FMAT,453851.923598967,5678608.35780635,0.0,0.0,0.0,0.0,3.587677478790283,,1.0145431756973269,0.0,0.0,,0.3517296011400245,6.207931136871368
5058,FMAT,453851.772238241,5678607.6033875,0.0,0.0,0.0,0.0,0.1366445124149322,,1.0411607027053833,0.0,0.0,,0.3376624944032316,5.972914716383311
5059,FMAT,453851.646905586,5678606.83802356,0.0,0.0,0.0,0.0,2.9360382556915283,,1.0224642753601074,0.0,0.0,,0.3132814244420353,5.926100983007312
5060,FMAT,453851.538992211,5678606.05389569,0.0,0.0,0.0,0.0,5.631228446960449,,1.0109305381774902,0.0,0.0,,0.3402688946408003,5.945244122559069
5061,FMAT,453851.440370729,5678605.16106517,0.0,0.0,0.0,0.0,2.2631685733795166,,1.008252739906311,0.0,0.0,,0.3369199334198656,6.249443122307667
5062,FMAT,453851.358628557,5678604.3415782,0.0,0.0,0.0,0.0,5.723004341125488,,1.0146963596343994,0.0,0.0,,0.3657519614336591,6.988915659064614
5063,FMAT,453851.415004314,5678603.58282831,0.0,0.0,0.0,0.0,2.763242721557617,,1.0091904401779177,0.0,0.0,,0.373345103600934,7.038135504177361
5064,FMAT,453851.470898654,5678602.90619833,0.0,0.0,0.0,0.0,0.7363846898078918,,1.0062518119812012,0.0,0.0,,0.3830009056212486,7.297021706571312
5065,FMAT,453851.535850653,5678602.16081591,0.0,0.0,0.0,0.0,5.798978805541992,,1.03162944316864,0.0,0.0,,0.4174861786388251,7.934834717237823
5066,FMAT,453851.540593192,5678601.35182383,0.0,0.0,0.0,0.0,11.236576080322266,,1.042532205581665,0.0,0.0,,0.4702022162966751,8.442688351215574
5067,FMAT,453851.527545678,5678600.6248502,0.0,0.0,0.0,0.0,4.97698974609375,,1.0342838764190674,0.0,0.0,,0.4559755824126706,8.67714575307408
5068,FMAT,453851.488749883,5678599.86110331,0.0,0.0,0.0,0.0,11.064231872558594,,1.0271766185760498,0.0,0.0,,0.4486582364732361,8.624396806473683
5069,FMAT,453851.432775567,5678599.07506039,0.0,0.0,0.0,0.0,6.0704121589660645,,1.0189790725708008,0.0,0.0,,0.4223341992424588,8.342108101577688
5070,FMAT,453851.325252669,5678598.2243488,0.0,0.0,0.0,0.0,3.389209747314453,,1.011287808418274,0.0,0.0,,0.4099202810678943,8.883823312254224
5071,FMAT,453851.191695278,5678597.38569202,0.0,0.0,0.0,0.0,8.056830406188965,,1.0372593402862549,0.0,0.0,,0.3446477699720289,8.936515909536283
5072,FMAT,453850.932883599,5678595.76835454,0.0,0.0,0.0,0.0,7.1842474937438965,,1.0120785236358645,0.0,0.0,,0.3120634028924949,9.018055072240823
5073,FMAT,453850.816348681,5678594.97862727,0.0,0.0,0.0,0.0,10.226737022399902,,1.0277328491210938,0.0,0.0,,0.3841232064243273,8.922511327908635
5074,FMAT,453850.760029674,5678594.25139995,0.0,0.0,0.0,0.0,7.776642322540283,,1.0286498069763184,0.0,0.0,,0.4005382440941412,8.765788439636161
5075,FMAT,453850.712579686,5678593.48760232,0.0,0.0,0.0,0.0,3.748268842697144,,1.012883186340332,0.0,0.0,,0.4348050975583383,8.61880319803989
5076,FMAT,453850.587364491,5678592.70226323,0.0,0.0,0.0,0.0,14.474020957946776,,1.0443878173828125,0.0,0.0,,0.4073076015030986,8.672494491014504
5077,FMAT,453850.479262777,5678591.95031746,0.0,0.0,0.0,0.0,3.941072225570679,,1.025641918182373,0.0,0.0,,0.41029398580167,8.785680363333906
5078,FMAT,453850.379808892,5678591.19953215,0.0,0.0,0.0,0.0,5.867946624755859,,1.0164421796798706,0.0,0.0,,0.4015549436309355,8.765651219209229
5079,FMAT,453850.419617706,5678590.31417173,0.0,0.0,0.0,0.0,6.706664085388184,,1.0324692726135254,0.0,0.0,,0.3510354765539529,8.41300690118263
5080,FMAT,453850.485415468,5678589.4245246,0.0,0.0,0.0,0.0,2.80038857460022,,1.0362547636032104,0.0,0.0,,0.3255507479719422,8.532000935421637
5081,FMAT,453850.612326849,5678588.44423488,0.0,0.0,0.0,0.0,2.673457384109497,,1.031467318534851,0.0,0.0,,0.3016672882127779,8.539307719731216
5082,FMAT,453850.721623815,5678587.51600092,0.0,0.0,0.0,0.0,9.073102951049805,,1.0444989204406738,0.0,0.0,,0.3755374621854426,8.33622213502723
5083,FMAT,453850.604965448,5678586.74735849,0.0,0.0,0.0,0.0,10.911785125732422,,1.038543939590454,0.0,0.0,,0.4266244712949407,8.015007902978605
5084,FMAT,453850.471206676,5678585.94310327,0.0,0.0,0.0,0.0,4.514500617980957,,1.016280174255371,0.0,0.0,,0.4483555533641772,8.228300890226487
5085,FMAT,453850.320275941,5678585.11544227,0.0,0.0,0.0,0.0,10.700282096862791,,1.0210988521575928,0.0,0.0,,0.5490702009389374,8.518578792289329
5086,FMAT,453850.159298703,5678584.52521244,0.0,0.0,0.0,0.0,8.473316192626953,,1.0143507719039917,0.0,0.0,,0.5267322570128388,8.206347860604167
5087,FMAT,453850.051607023,5678583.70335376,0.0,0.0,0.0,0.0,7.406680107116699,,1.0117948055267334,0.0,0.0,,0.5145569583792324,8.081035567488225
5088,FMAT,453849.90018194,5678582.96003212,0.0,0.0,0.0,0.0,7.387765407562256,,1.0517507791519165,0.0,0.0,,0.525791423528958,8.1404055488783
5089,FMAT,453849.653266796,5678582.26609016,0.0,0.0,0.0,0.0,1.7216604948043823,,1.027652621269226,0.0,0.0,,0.4913727937669122,8.224039237599456
5090,FMAT,453849.293299281,5678581.66470581,0.0,0.0,0.0,0.0,12.022278785705566,,1.0949395895004272,0.0,0.0,,0.4608737761045234,8.186954493542055
5091,FMAT,453848.863453327,5678581.17277868,0.0,0.0,0.0,0.0,7.20045804977417,,1.024502873420715,0.0,0.0,,0.4556028694043069,8.27122063598522
5092,FMAT,453848.433438265,5678580.70970446,0.0,0.0,0.0,0.0,5.5940470695495605,,1.0100102424621582,0.0,0.0,,0.456744545354118,7.978331984303893
5093,FMAT,453847.925144189,5678580.31275729,0.0,0.0,0.0,0.0,0.5209688544273376,,1.0080875158309937,0.0,0.0,,0.3941268418494806,7.974379250890404
5094,FMAT,453847.355495829,5678580.04751261,0.0,0.0,0.0,0.0,5.585325241088867,,1.0097895860671997,0.0,0.0,,0.3874494386758371,7.841182773809053
5095,FMAT,453846.742042497,5678579.87301192,0.0,0.0,0.0,0.0,5.255789279937744,,1.0074048042297363,0.0,0.0,,0.3919647998846312,7.851911296341941
5096,FMAT,453846.128016632,5678579.79616731,0.0,0.0,0.0,0.0,7.654854774475098,,1.0319433212280271,0.0,0.0,,0.4177176058267896,7.973039416064604
5097,FMAT,453845.504464616,5678579.86797553,0.0,0.0,0.0,0.0,9.085110664367676,,1.027875900268555,0.0,0.0,,0.4318334471801355,8.081226451027792
5098,FMAT,453844.871757286,5678580.02518205,0.0,0.0,0.0,0.0,5.678793430328369,,1.0179972648620603,0.0,0.0,,0.3929592895257722,8.595160682241769
5099,FMAT,453844.22144853,5678580.23222483,0.0,0.0,0.0,0.0,7.742231369018555,,1.0220420360565186,0.0,0.0,,0.3830948701931949,8.70199778700234
5100,FMAT,453843.483952574,5678580.54862324,0.0,0.0,0.0,0.0,15.580886840820312,,1.1193822622299194,0.0,0.0,,0.3989561565985861,9.079316134545383
5101,FMAT,453842.780904581,5678580.89407751,0.0,0.0,0.0,0.0,13.024813652038574,,1.0696715116500854,0.0,0.0,,0.4326997225197922,9.213437443302755
5102,FMAT,453842.155881884,5678581.21668411,0.0,0.0,0.0,0.0,7.727485656738281,,1.0186153650283811,0.0,0.0,,0.4274547019788969,9.128151810948175
5103,FMAT,453841.47004477,5678581.57888568,0.0,0.0,0.0,0.0,6.326163768768311,,1.008973479270935,0.0,0.0,,0.4249445041232464,9.023699016562317
5104,FMAT,453840.7145372,5678582.01503303,0.0,0.0,0.0,0.0,5.983767509460449,,1.0224851369857788,0.0,0.0,,0.4276275398341574,8.870138105283045
5105,FMAT,453840.037217603,5678582.40058952,0.0,0.0,0.0,0.0,3.46174955368042,,1.0120621919631958,0.0,0.0,,0.4611043215974339,8.572909916639915
5106,FMAT,453839.333993593,5678582.77600615,0.0,0.0,0.0,0.0,5.542751789093018,,1.0187488794326782,0.0,0.0,,0.4645163379905542,8.641264892531488
5107,FMAT,453838.518055332,5678583.1862743,0.0,0.0,0.0,0.0,6.333484172821045,,1.0111775398254397,0.0,0.0,,0.4666849874168033,8.15153820608813
5108,FMAT,453837.858532195,5678583.48870246,0.0,0.0,0.0,0.0,7.291104793548584,,1.0094748735427856,0.0,0.0,,0.3905505980872142,8.074333386826797
5109,FMAT,453837.120983607,5678583.81397811,0.0,0.0,0.0,0.0,7.133777618408203,,1.0084947347640991,0.0,0.0,,0.340040766267153,8.012741519567438
5110,FMAT,453836.383571623,5678584.11594939,0.0,0.0,0.0,0.0,8.281993865966797,,1.0352410078048706,0.0,0.0,,0.3225639796343776,7.878509318725976
5111,FMAT,453835.620352851,5678584.39113487,0.0,0.0,0.0,0.0,3.103440523147583,,1.007391095161438,0.0,0.0,,0.3164469163700082,7.519688114277461
5112,FMAT,453834.770434785,5678584.69244623,0.0,0.0,0.0,0.0,4.4248151779174805,,1.0147432088851929,0.0,0.0,,0.3123520086166196,7.69463187511858
5113,FMAT,453834.0330031,5678584.99774648,0.0,0.0,0.0,0.0,9.14738655090332,,1.0313093662261963,0.0,0.0,,0.3485755135782777,7.996275796918944
5114,FMAT,453833.269530342,5678585.31621114,0.0,0.0,0.0,0.0,8.690855979919434,,1.038441777229309,0.0,0.0,,0.3821656058905004,8.799147633253368
5115,FMAT,453832.488885581,5678585.61126992,0.0,0.0,0.0,0.0,1.895951509475708,,1.0219573974609375,0.0,0.0,,0.4599474020349443,9.423624638748455
5116,FMAT,453831.708188693,5678585.91520645,0.0,0.0,0.0,0.0,12.814495086669922,,1.07052743434906,0.0,0.0,,0.513502614162579,9.81224200776384
5117,FMAT,453830.944748292,5678586.22812224,0.0,0.0,0.0,0.0,5.218810558319092,,1.016535997390747,0.0,0.0,,0.5131335614816881,9.719571940891742
5118,FMAT,453830.189721319,5678586.58214868,0.0,0.0,0.0,0.0,1.4655003547668457,,1.00224506855011,0.0,0.0,,0.4597045237229703,9.121112314860047
5119,FMAT,453829.426092037,5678586.92724645,0.0,0.0,0.0,0.0,4.738186836242676,,1.0146291255950928,0.0,0.0,,0.4593759936718355,7.982101046696579
5120,FMAT,453828.680090234,5678587.21806897,0.0,0.0,0.0,0.0,3.792623519897461,,1.0098276138305664,0.0,0.0,,0.419033954647813,7.560122017835811
5121,FMAT,453827.90802131,5678587.5264948,0.0,0.0,0.0,0.0,4.0210442543029785,,1.0080578327178955,0.0,0.0,,0.374605962337636,7.043036030146506
5122,FMAT,453827.092492019,5678587.86684888,0.0,0.0,0.0,0.0,6.759208679199219,,1.0540467500686646,0.0,0.0,,0.3572068395389145,6.495197132416308
5123,FMAT,453826.346184112,5678588.20982842,0.0,0.0,0.0,0.0,4.11702299118042,,1.0064889192581177,0.0,0.0,,0.3883260582581024,6.172702141273736
5124,FMAT,453825.599928213,5678588.54393006,0.0,0.0,0.0,0.0,2.8295934200286865,,1.0272690057754517,0.0,0.0,,0.4032817863293979,6.310694150866546
5125,FMAT,453824.844985391,5678588.88352952,0.0,0.0,0.0,0.0,2.6674976348876958,,1.0036803483963013,0.0,0.0,,0.3802338561151256,6.623369934501644
5126,FMAT,453824.090055524,5678589.22090944,0.0,0.0,0.0,0.0,5.126053810119629,,1.020524978637695,0.0,0.0,,0.3009240610340774,6.854557291095053
5127,FMAT,453823.257087076,5678589.58335616,0.0,0.0,0.0,0.0,9.770828247070312,,1.0266379117965698,0.0,0.0,,0.2574261073171215,7.011884508408325
5128,FMAT,453822.484887507,5678589.91397603,0.0,0.0,0.0,0.0,2.070415735244751,,1.0072715282440186,0.0,0.0,,0.2855142506349232,7.46793557610679
5129,FMAT,453821.773508914,5678590.20389124,0.0,0.0,0.0,0.0,4.892653465270996,,1.013170599937439,0.0,0.0,,0.3273717692121062,8.151603357131407
5130,FMAT,453821.01882616,5678590.49910119,0.0,0.0,0.0,0.0,8.800544738769531,,1.0291905403137207,0.0,0.0,,0.3491471931528437,8.54088464504044
5131,FMAT,453820.26416288,5678590.79098187,0.0,0.0,0.0,0.0,5.260233879089356,,1.023067831993103,0.0,0.0,,0.3489683736641244,8.244351846316032
5132,FMAT,453819.500793147,5678591.09168955,0.0,0.0,0.0,0.0,1.665940284729004,,1.016061305999756,0.0,0.0,,0.3366962934399017,7.989905178487566
5133,FMAT,453818.745940957,5678591.41575222,0.0,0.0,0.0,0.0,8.060530662536621,,1.01527202129364,0.0,0.0,,0.3576080451823436,8.105516681878289
5134,FMAT,453817.947706461,5678591.75842636,0.0,0.0,0.0,0.0,4.657720565795898,,1.0069648027420044,0.0,0.0,,0.3873001360516799,7.933476571402624
5135,FMAT,453817.192834609,5678592.08581807,0.0,0.0,0.0,0.0,5.219022274017334,,1.0078569650650024,0.0,0.0,,0.4084907610230984,8.017229120407794
5136,FMAT,453816.489960192,5678592.40130732,0.0,0.0,0.0,0.0,4.37562370300293,,1.008330464363098,0.0,0.0,,0.3632394463866155,8.270999860044151
5137,FMAT,453815.682960501,5678592.76279584,0.0,0.0,0.0,0.0,3.2381820678710938,,1.0046029090881348,0.0,0.0,,0.2992659440771342,8.086305874339391
5138,FMAT,453814.910844935,5678593.0789885,0.0,0.0,0.0,0.0,6.226108551025391,,1.007429599761963,0.0,0.0,,0.2392695511101323,8.008047024985203
5139,FMAT,453814.234167667,5678593.35467966,0.0,0.0,0.0,0.0,5.946300029754639,,1.0153731107711792,0.0,0.0,,0.2465820964302583,7.974093839826899
5140,FMAT,453813.39258958,5678593.70930646,0.0,0.0,0.0,0.0,1.318368911743164,,1.0033423900604248,0.0,0.0,,0.2979491886249094,8.353256775137595
5141,FMAT,453812.707147202,5678594.0038121,0.0,0.0,0.0,0.0,2.8492190837860107,,1.0029335021972656,0.0,0.0,,0.2816605036002829,9.15944700721626
5142,FMAT,453811.865562459,5678594.35954847,0.0,0.0,0.0,0.0,11.417520523071287,,1.0264921188354492,0.0,0.0,,0.2374059253126234,9.335699102951208
5143,FMAT,453811.162863428,5678594.64507459,0.0,0.0,0.0,0.0,7.349821090698242,,1.0390043258666992,0.0,0.0,,0.2543410282785771,9.69656485387315
5144,FMAT,453810.434038605,5678594.95819152,0.0,0.0,0.0,0.0,3.360756158828736,,1.0089833736419678,0.0,0.0,,0.2543011853111719,10.801185471091545
5145,FMAT,453809.618143127,5678595.36068859,0.0,0.0,0.0,0.0,12.501389503479004,,1.0338761806488037,0.0,0.0,,0.2012260683380626,12.394231044528762
5146,FMAT,453808.993215568,5678595.66664665,0.0,0.0,0.0,0.0,4.020224094390869,,1.0286623239517212,0.0,0.0,,0.0922123007278639,12.880275007470122
5147,FMAT,453808.23807598,5678596.03953637,0.0,0.0,0.0,0.0,0.769396960735321,,1.066353678703308,0.0,0.0,,0.1276813143862616,13.602801308631124
5148,FMAT,453807.526357685,5678596.38715619,0.0,0.0,0.0,0.0,20.295433044433597,,1.0874342918395996,0.0,0.0,,0.1674694082528721,14.067013615946296
5149,FMAT,453806.823423881,5678596.71263214,0.0,0.0,0.0,0.0,4.443111419677734,,1.00842547416687,0.0,0.0,,0.250853546061713,14.19759034525126
5150,FMAT,453806.085989955,5678597.01792979,0.0,0.0,0.0,0.0,1.1676934957504272,,1.003958225250244,0.0,0.0,,0.2672930052137693,13.678602767925115
5151,FMAT,453805.331292919,5678597.3153577,0.0,0.0,0.0,0.0,2.5930871963500977,,1.00457501411438,0.0,0.0,,0.2116635976298074,13.117394270831404
5152,FMAT,453804.498609265,5678597.62897439,0.0,0.0,0.0,0.0,15.1920804977417,,1.0728703737258911,0.0,0.0,,0.1834844411413522,12.77914259648538
5153,FMAT,453803.839435243,5678597.87147437,0.0,0.0,0.0,0.0,5.406377792358398,,1.0219852924346924,0.0,0.0,,0.1783568411265348,12.822067694627462
5154,FMAT,453802.972212335,5678598.17157102,0.0,0.0,0.0,0.0,8.303037643432617,,1.0209466218948364,0.0,0.0,,0.1172263051878358,12.37646129174368
5155,FMAT,453802.261112295,5678598.41376614,0.0,0.0,0.0,0.0,10.295537948608398,,1.0674269199371338,0.0,0.0,,0.0842242229433926,11.878033431751746
5156,FMAT,453801.393843678,5678598.72163071,0.0,0.0,0.0,0.0,10.747846603393556,,1.0620813369750977,0.0,0.0,,0.0981951616517618,11.734210556054268
5157,FMAT,453799.919098707,5678599.31114008,0.0,0.0,0.0,0.0,4.185609817504883,,1.0643614530563354,0.0,0.0,,0.1429345248764109,11.368435903356891
5158,FMAT,453799.068506783,5678599.72674965,0.0,0.0,0.0,0.0,6.595613956451416,,1.0345810651779177,0.0,0.0,,0.1891864558771221,11.111586079228372
5159,FMAT,453798.244314113,5678600.06815969,0.0,0.0,0.0,0.0,11.36069679260254,,1.141263723373413,0.0,0.0,,0.2076362503695798,11.685569582032125
5160,FMAT,453797.359808152,5678600.36371521,0.0,0.0,0.0,0.0,12.455029487609863,,1.053391695022583,0.0,0.0,,0.2036375314780746,12.443472531768082
5161,FMAT,453796.509860795,5678600.66946138,0.0,0.0,0.0,0.0,9.600459098815918,,1.0425606966018677,0.0,0.0,,0.230953440712076,12.832456429411248
5162,FMAT,453795.789838948,5678600.957104,0.0,0.0,0.0,0.0,12.587912559509276,,1.0800395011901855,0.0,0.0,,0.2641326342072975,12.880942480942368
5163,FMAT,453795.04374335,5678601.26345955,0.0,0.0,0.0,0.0,4.558998107910156,,1.0518956184387207,0.0,0.0,,0.272696782224144,13.160572365512238
5164,FMAT,453794.357999987,5678601.6090111,0.0,0.0,0.0,0.0,5.026331901550293,,1.0980470180511477,0.0,0.0,,0.2635088270752157,13.247377082233882
5165,FMAT,453793.671956928,5678602.00561012,0.0,0.0,0.0,0.0,13.026734352111816,,1.2003445625305176,0.0,0.0,,0.2570665328908387,12.604126897454345
5166,FMAT,453792.969139284,5678602.31110973,0.0,0.0,0.0,0.0,11.806657791137695,,1.054831862449646,0.0,0.0,,0.2464155959229417,12.504551118838554
5167,FMAT,453792.240899265,5678602.52434942,0.0,0.0,0.0,0.0,13.831424713134766,,1.0990967750549316,0.0,0.0,,0.2439966944922374,12.398099859658462
5168,FMAT,453791.503366506,5678602.84629164,0.0,0.0,0.0,0.0,2.5333168506622314,,1.0224320888519287,0.0,0.0,,0.2363618031288333,11.902784597048278
5169,FMAT,453790.826159916,5678603.2118688,0.0,0.0,0.0,0.0,8.128124237060547,,1.0184710025787354,0.0,0.0,,0.1513781189631615,11.442548272622728
5170,FMAT,453790.14939623,5678603.50198437,0.0,0.0,0.0,0.0,13.345989227294922,,1.0637255907058716,0.0,0.0,,0.1544556856500654,11.463314009006565
5171,FMAT,453789.438171526,5678603.76526318,0.0,0.0,0.0,0.0,3.4555344581604004,,1.009004831314087,0.0,0.0,,0.1575208681738713,10.521935833059722
5172,FMAT,453788.726946776,5678604.02854193,0.0,0.0,0.0,0.0,3.1972436904907227,,1.0036107301712036,0.0,0.0,,0.1240437690390436,9.948899231656036
5173,FMAT,453788.03295246,5678604.30523897,0.0,0.0,0.0,0.0,5.226296424865723,,1.01936674118042,0.0,0.0,,0.0977634593825462,9.109219808023342
5174,FMAT,453787.356149485,5678604.60201267,0.0,0.0,0.0,0.0,5.2570109367370605,,1.031584620475769,0.0,0.0,,0.1002124171879613,9.320528723915055
5175,FMAT,453786.618596784,5678604.92728362,0.0,0.0,0.0,0.0,5.160029411315918,,1.0339140892028809,0.0,0.0,,0.0639641765427508,9.644860098606715
5176,FMAT,453785.881004929,5678605.25921286,0.0,0.0,0.0,0.0,5.165030956268311,,1.077472448348999,0.0,0.0,,0.0588891802109489,9.818703412205911
5177,FMAT,453785.169493266,5678605.57131935,0.0,0.0,0.0,0.0,3.808108568191528,,1.030893325805664,0.0,0.0,,0.0370982643801908,9.486895498157716
5178,FMAT,453784.449359793,5678605.87782633,0.0,0.0,0.0,0.0,8.273951530456543,,1.028227686882019,0.0,0.0,,0.042468501709517,8.826435406275838
5179,FMAT,453783.64246797,5678606.22044619,0.0,0.0,0.0,0.0,4.0566277503967285,,1.0543920993804932,0.0,0.0,,0.0338396127164815,9.090051216450751
5180,FMAT,453782.905051778,5678606.52241249,0.0,0.0,0.0,0.0,4.537070274353027,,1.0830098390579224,0.0,0.0,,0.0400245468409111,9.627169656040348
5181,FMAT,453782.219809092,5678606.7825139,0.0,0.0,0.0,0.0,7.484876155853271,,1.0475915670394895,0.0,0.0,,0.0425737336647105,9.670190267413112
5182,FMAT,453781.474103321,5678607.02228446,0.0,0.0,0.0,0.0,1.020509123802185,,1.0262724161148071,0.0,0.0,,0.0570741114042803,9.589126592354244
5183,FMAT,453780.745882086,5678607.2321939,0.0,0.0,0.0,0.0,8.37158489227295,,1.0208927392959597,0.0,0.0,,0.0642514450878396,9.393271765570567
5184,FMAT,453780.03526919,5678607.39115739,0.0,0.0,0.0,0.0,4.822292804718018,,1.0324382781982422,0.0,0.0,,0.1280351082578565,9.24060990799345
5185,FMAT,453779.255643151,5678607.51198354,0.0,0.0,0.0,0.0,3.176119089126587,,1.0059138536453247,0.0,0.0,,0.1651978001373553,8.850997609256464
5186,FMAT,453778.571234278,5678607.63003938,0.0,0.0,0.0,0.0,5.639774322509766,,1.0157091617584229,0.0,0.0,,0.2076520956067112,8.332443555435121
5187,FMAT,453777.781976472,5678607.91727385,0.0,0.0,0.0,0.0,8.012031555175781,,1.0184260606765747,0.0,0.0,,0.1946552012934486,7.921160894723526
5188,FMAT,453776.940010691,5678608.33737076,0.0,0.0,0.0,0.0,9.848490715026855,,1.043626308441162,0.0,0.0,,0.1733713641791676,7.972688086669628
5189,FMAT,453776.158957474,5678608.70122715,0.0,0.0,0.0,0.0,8.993380546569824,,1.0262800455093384,0.0,0.0,,0.1722468676005826,7.54401918359977
5190,FMAT,453775.438732124,5678609.0232695,0.0,0.0,0.0,0.0,11.16713809967041,,1.0306555032730105,0.0,0.0,,0.1781446515694463,7.50728838161596
5191,FMAT,453774.770556525,5678609.32453186,0.0,0.0,0.0,0.0,2.1556856632232666,,1.0149340629577637,0.0,0.0,,0.2157364288047243,7.494063255159615
5192,FMAT,453774.128382972,5678609.61928824,0.0,0.0,0.0,0.0,5.950809001922607,,1.0177797079086304,0.0,0.0,,0.2240112003135899,7.447577041233059
5193,FMAT,453773.425127262,5678609.99913794,0.0,0.0,0.0,0.0,4.357135772705078,,1.0049948692321775,0.0,0.0,,0.2350974410596221,7.404060319421182
5194,FMAT,453772.791001891,5678610.39714979,0.0,0.0,0.0,0.0,2.0173628330230717,,1.0372997522354126,0.0,0.0,,0.2406879050028046,6.977044889166784
5195,FMAT,453772.191715358,5678610.7576341,0.0,0.0,0.0,0.0,5.6009440422058105,,1.0152702331542969,0.0,0.0,,0.2573027675884611,7.032738057282866
5196,FMAT,453771.523252746,5678611.10772424,0.0,0.0,0.0,0.0,1.5955779552459717,,1.0196356773376465,0.0,0.0,,0.2496420436964105,7.017039829665637
5197,FMAT,453770.75098367,5678611.44943634,0.0,0.0,0.0,0.0,2.8045833110809326,,1.0040864944458008,0.0,0.0,,0.2879528258689614,6.800967884095293
5198,FMAT,453770.065512043,5678611.7483772,0.0,0.0,0.0,0.0,3.648149013519287,,1.082289457321167,0.0,0.0,,0.2455850211543554,6.963992650096117
5199,FMAT,453769.354070839,5678612.04827525,0.0,0.0,0.0,0.0,5.268462181091309,,1.0061603784561155,0.0,0.0,,0.2546388545632069,7.3502535312306305
5200,FMAT,453768.529295523,5678612.48844803,0.0,0.0,0.0,0.0,3.1965272426605225,,1.0130935907363892,0.0,0.0,,0.2191198798980465,8.18080313970449
5201,FMAT,453767.730450537,5678612.93432185,0.0,0.0,0.0,0.0,8.572938919067383,,1.0348474979400637,0.0,0.0,,0.2075790336012198,8.592466528454338
5202,FMAT,453766.992524729,5678613.32284549,0.0,0.0,0.0,0.0,4.974172115325928,,1.0330891609191897,0.0,0.0,,0.2204564758095377,8.909548358934622
5203,FMAT,453766.263318362,5678613.70032261,0.0,0.0,0.0,0.0,7.840310573577881,,1.0396718978881836,0.0,0.0,,0.2516121407394795,9.57431135233248
5204,FMAT,453765.6730506,5678613.99871246,0.0,0.0,0.0,0.0,1.9116814136505127,,1.0240238904953003,0.0,0.0,,0.2276700019392329,9.446121569366976
5205,FMAT,453764.987865335,5678614.24882482,0.0,0.0,0.0,0.0,3.723324775695801,,1.0152361392974854,0.0,0.0,,0.2001724581957219,9.045727327604595
5206,FMAT,453764.268186507,5678614.47764896,0.0,0.0,0.0,0.0,5.950818538665772,,1.027937889099121,0.0,0.0,,0.1894700536633766,8.294194028109372
5207,FMAT,453763.574359852,5678614.72549091,0.0,0.0,0.0,0.0,11.437122344970703,,1.0557478666305542,0.0,0.0,,0.2170895994737696,8.309804939458067
5208,FMAT,453762.845765877,5678614.99865323,0.0,0.0,0.0,0.0,10.72617530822754,,1.0375977754592896,0.0,0.0,,0.2259949364820829,8.399496321564735
5209,FMAT,453762.099869693,5678615.2706041,0.0,0.0,0.0,0.0,7.663136005401611,,1.0403891801834106,0.0,0.0,,0.1919951991221042,8.131290061232715
5210,FMAT,453761.388675552,5678615.52833175,0.0,0.0,0.0,0.0,4.640029430389404,,1.013147234916687,0.0,0.0,,0.2068501025332027,7.622917510221835
5211,FMAT,453760.668813989,5678615.78822796,0.0,0.0,0.0,0.0,4.223274230957031,,1.0252026319503784,0.0,0.0,,0.1965218709622401,7.705402873298043
5212,FMAT,453759.940408847,5678616.02920789,0.0,0.0,0.0,0.0,7.47352933883667,,1.0304651260375977,0.0,0.0,,0.1979951628301968,7.907496139071817
5213,FMAT,453759.203368878,5678616.26680772,0.0,0.0,0.0,0.0,2.773653030395508,,1.0252609252929688,0.0,0.0,,0.2127458336653573,7.875395140033959
5214,FMAT,453758.431502901,5678616.53971546,0.0,0.0,0.0,0.0,4.508429050445557,,1.0187225341796875,0.0,0.0,,0.2403901320691756,7.8457849839709555
5215,FMAT,453757.720184665,5678616.81852762,0.0,0.0,0.0,0.0,7.882069110870361,,1.0374139547348022,0.0,0.0,,0.2414936302585282,7.566208673479714
5216,FMAT,453756.956907734,5678617.10258334,0.0,0.0,0.0,0.0,9.48421859741211,,1.0318639278411863,0.0,0.0,,0.2066946520346864,7.373817314255885
5217,FMAT,453756.236935052,5678617.38134453,0.0,0.0,0.0,0.0,4.758567810058594,,1.054296612739563,0.0,0.0,,0.1426006779497663,7.296836733583508
5218,FMAT,453755.516864534,5678617.67675159,0.0,0.0,0.0,0.0,10.971562385559082,,1.0614492893218994,0.0,0.0,,0.1182507767585011,7.585737238927747
5219,FMAT,453754.840000478,5678617.98351006,0.0,0.0,0.0,0.0,9.67569351196289,,1.053264856338501,0.0,0.0,,0.1255674320026857,7.5784051171945475
5220,FMAT,453754.180418984,5678618.29480908,0.0,0.0,0.0,0.0,9.19887638092041,,1.1282798051834106,0.0,0.0,,0.1036874175748772,7.628133809979353
5221,FMAT,453753.564043957,5678618.61745953,0.0,0.0,0.0,0.0,6.887415409088135,,1.0306121110916138,0.0,0.0,,0.1082137620455559,7.960038329850071
5222,FMAT,453752.904227655,5678618.96870866,0.0,0.0,0.0,0.0,3.848332405090332,,1.049244403839111,0.0,0.0,,0.1516937527988228,7.758711297486771
5223,FMAT,453752.192941596,5678619.24197169,0.0,0.0,0.0,0.0,9.162108421325684,,1.0436865091323853,0.0,0.0,,0.1594170778907928,7.647622449727077
5224,FMAT,453751.533848857,5678619.47004085,0.0,0.0,0.0,0.0,5.987521648406982,,1.0452852249145508,0.0,0.0,,0.1695329129095241,7.810106505713254
5225,FMAT,453750.857466948,5678619.69467907,0.0,0.0,0.0,0.0,9.00589656829834,,1.055164456367493,0.0,0.0,,0.1782948144742422,8.198975566219534
5226,FMAT,453750.137813277,5678619.91906301,0.0,0.0,0.0,0.0,3.636460065841675,,1.0652858018875122,0.0,0.0,,0.1737009583617204,8.35571647136989
5227,FMAT,453749.409576937,5678620.13118903,0.0,0.0,0.0,0.0,1.4776828289031982,,1.008602499961853,0.0,0.0,,0.1554508487987072,8.623605188093164
5228,FMAT,453748.715371139,5678620.44339393,0.0,0.0,0.0,0.0,5.848588943481445,,1.0450176000595093,0.0,0.0,,0.1623485367956271,8.759589447727
5229,FMAT,453747.404431197,5678621.13928381,0.0,0.0,0.0,0.0,5.7696733474731445,,1.0360934734344482,0.0,0.0,,0.151110392884706,9.01232636609928
5230,FMAT,453746.692342751,5678621.54904295,0.0,0.0,0.0,0.0,5.793454170227051,,1.0243395566940308,0.0,0.0,,0.1957455977098891,9.412942230224823
5231,FMAT,453745.876173854,5678621.99703232,0.0,0.0,0.0,0.0,4.776447772979736,,1.0950151681900024,0.0,0.0,,0.2950744846716935,9.83062889694909
5232,FMAT,453745.216213469,5678622.37269484,0.0,0.0,0.0,0.0,9.009455680847168,,1.0423022508621216,0.0,0.0,,0.3061068587913236,9.592601538878514
5233,FMAT,453744.573705168,5678622.72404498,0.0,0.0,0.0,0.0,8.086204528808594,,1.0432759523391724,0.0,0.0,,0.306563272983562,9.746653621255684
5234,FMAT,453743.888062006,5678623.05183651,0.0,0.0,0.0,0.0,6.6578369140625,,1.0227434635162354,0.0,0.0,,0.3050241693686071,9.586215604051498
5235,FMAT,453743.228531808,5678623.35425679,0.0,0.0,0.0,0.0,5.187419891357422,,1.0429649353027344,0.0,0.0,,0.2817403412931369,9.02207019261185
5236,FMAT,453742.55190153,5678623.62106399,0.0,0.0,0.0,0.0,6.926594734191895,,1.040453314781189,0.0,0.0,,0.2761568572912421,8.62837036535503
5237,FMAT,453741.840686411,5678623.88211907,0.0,0.0,0.0,0.0,1.7504210472106934,,1.028770923614502,0.0,0.0,,0.2528378497266703,8.323703524063635
5238,FMAT,453741.085945174,5678624.18619922,0.0,0.0,0.0,0.0,7.831731796264648,,1.074005126953125,0.0,0.0,,0.2762794011471779,8.601954623075478
5239,FMAT,453740.39200605,5678624.45290452,0.0,0.0,0.0,0.0,6.413743019104004,,1.02858567237854,0.0,0.0,,0.2931076379644635,8.964530753857492
5240,FMAT,453739.724114702,5678624.70533587,0.0,0.0,0.0,0.0,3.247537136077881,,1.045741319656372,0.0,0.0,,0.3108909514840218,8.972745427302536
5241,FMAT,453739.11688202,5678624.94480641,0.0,0.0,0.0,0.0,4.938399314880371,,1.0370452404022217,0.0,0.0,,0.2793938176459729,9.13897951012192
5242,FMAT,453738.466234075,5678625.20843665,0.0,0.0,0.0,0.0,9.836495399475098,,1.0662543773651123,0.0,0.0,,0.2621239896788552,9.20146056815037
5243,FMAT,453737.737670844,5678625.47604801,0.0,0.0,0.0,0.0,5.297952175140381,,1.0351208448410034,0.0,0.0,,0.2223883577554374,9.576825368679428
5244,FMAT,453737.052411923,5678625.73836497,0.0,0.0,0.0,0.0,7.721185684204102,,1.0807400941848757,0.0,0.0,,0.2133495857301931,9.756314886202206
5245,FMAT,453736.358472521,5678626.00506992,0.0,0.0,0.0,0.0,9.819331169128418,,1.0248945951461792,0.0,0.0,,0.1950419312807903,10.15626972769197
5246,FMAT,453735.647243931,5678626.2683439,0.0,0.0,0.0,0.0,3.822022199630737,,1.009428858757019,0.0,0.0,,0.1692891123172579,10.3199721036746
5247,FMAT,453734.94461747,5678626.54054651,0.0,0.0,0.0,0.0,6.44386100769043,,1.0143797397613523,0.0,0.0,,0.1513176492813616,10.369842916407856
5248,FMAT,453734.302343157,5678626.85194559,0.0,0.0,0.0,0.0,16.6387882232666,,1.0953506231307983,0.0,0.0,,0.1158499185195448,10.374109298395046
5249,FMAT,453733.694653593,5678627.16909672,0.0,0.0,0.0,0.0,7.601242065429687,,1.06905198097229,0.0,0.0,,0.1475240696701402,10.304598831442268
5250,FMAT,453733.052613977,5678627.44054547,0.0,0.0,0.0,0.0,1.877140045166016,,1.0189265012741089,0.0,0.0,,0.1428291634507093,10.434470109687018
5251,FMAT,453732.393226473,5678627.71855082,0.0,0.0,0.0,0.0,14.459554672241213,,1.0670804977416992,0.0,0.0,,0.1353244422232063,10.337833087776511
5252,FMAT,453731.664264932,5678628.05385506,0.0,0.0,0.0,0.0,14.01192855834961,,1.0403950214385986,0.0,0.0,,0.1105280276298804,9.986561167461677
5253,FMAT,453730.996007729,5678628.36843046,0.0,0.0,0.0,0.0,10.94007968902588,,1.041015625,0.0,0.0,,0.0748147373379577,9.871841002460611
5254,FMAT,453730.371224448,5678628.64885856,0.0,0.0,0.0,0.0,6.839117527008057,,1.054020881652832,0.0,0.0,,0.06964798187956,9.821635837122392
5255,FMAT,453729.807217287,5678628.89635083,0.0,0.0,0.0,0.0,5.174509048461914,,1.0612014532089231,0.0,0.0,,0.0902501113729703,9.6379244037167
5256,FMAT,453729.182486102,5678629.167901,0.0,0.0,0.0,0.0,11.896838188171388,,1.0845941305160522,0.0,0.0,,0.1024959060365225,9.394648941276078
5257,FMAT,453728.462380848,5678629.46885424,0.0,0.0,0.0,0.0,2.0812113285064697,,1.02905011177063,0.0,0.0,,0.0968691407069606,9.473035173760971
5258,FMAT,453727.803071286,5678629.73354246,0.0,0.0,0.0,0.0,0.7245028018951416,,1.0286736488342283,0.0,0.0,,0.0766762110350488,9.55476869293958
5259,FMAT,453727.092102983,5678629.95242653,0.0,0.0,0.0,0.0,0.5804837942123413,,1.0450447797775269,0.0,0.0,,0.0898320716317719,9.556387708670266
5260,FMAT,453726.355112868,5678630.18114548,0.0,0.0,0.0,0.0,12.05626392364502,,1.076501488685608,0.0,0.0,,0.1015840318495266,9.497509425823289
5261,FMAT,453725.609200898,5678630.45531236,0.0,0.0,0.0,0.0,7.157200813293457,,1.0747581720352173,0.0,0.0,,0.1072777949529086,9.747553810086076
5262,FMAT,453724.871936707,5678630.73063977,0.0,0.0,0.0,0.0,4.829133033752441,,1.0468497276306152,0.0,0.0,,0.0663964198171595,9.702345799939083
5263,FMAT,453724.152013796,5678631.00052021,0.0,0.0,0.0,0.0,5.0718770027160645,,1.122128963470459,0.0,0.0,,0.0354634403295042,9.504484644923226
5264,FMAT,453723.49259958,5678631.28296373,0.0,0.0,0.0,0.0,8.586204528808594,,1.0309603214263916,0.0,0.0,,0.0172711597645433,9.717557946219396
5265,FMAT,453722.824439625,5678631.58089251,0.0,0.0,0.0,0.0,15.79098415374756,,1.0735297203063965,0.0,0.0,,0.0705647133017331,9.723922728832743
5266,FMAT,453722.103949001,5678631.94731915,0.0,0.0,0.0,0.0,12.116485595703123,,1.037995457649231,0.0,0.0,,0.1201570179123096,9.917322814497233
5267,FMAT,453721.444143199,5678632.29634621,0.0,0.0,0.0,0.0,12.530913352966309,,1.0531864166259766,0.0,0.0,,0.0909382832967319,9.748540060641105
5268,FMAT,453720.715141613,5678632.63830782,0.0,0.0,0.0,0.0,8.808789253234863,,1.0911238193511963,0.0,0.0,,0.1175115320159481,9.534908999675189
5269,FMAT,453719.812556945,5678633.06359116,0.0,0.0,0.0,0.0,4.26693868637085,,1.0720397233963013,0.0,0.0,,0.1925892027464724,8.754442870185041
5270,FMAT,453719.01407894,5678633.44620554,0.0,0.0,0.0,0.0,11.623735427856444,,1.0617769956588743,0.0,0.0,,0.1938114277057747,8.567537955568625
5271,FMAT,453718.225057701,5678633.69237411,0.0,0.0,0.0,0.0,3.715057134628296,,1.0125652551651,0.0,0.0,,0.1749348567416171,8.300561402137701
5272,FMAT,453717.444723397,5678633.93304484,0.0,0.0,0.0,0.0,1.4969793558120728,,1.0487958192825315,0.0,0.0,,0.1245949671069002,8.177704238712582
5273,FMAT,453716.750697768,5678634.21417454,0.0,0.0,0.0,0.0,6.562988758087158,,1.033916473388672,0.0,0.0,,0.1410806826909667,8.393022330336581
5274,FMAT,453716.022035072,5678634.49842984,0.0,0.0,0.0,0.0,6.369196891784668,,1.0318464040756226,0.0,0.0,,0.1591307098176514,8.57710704401382
5275,FMAT,453715.250093989,5678634.78354037,0.0,0.0,0.0,0.0,3.832357883453369,,1.0221312046051023,0.0,0.0,,0.1494414842806654,9.192582669607011
5276,FMAT,453714.504142035,5678635.06436458,0.0,0.0,0.0,0.0,5.807490348815918,,1.031571865081787,0.0,0.0,,0.1590160706808662,9.156138865337768
5277,FMAT,453713.766798715,5678635.35300769,0.0,0.0,0.0,0.0,4.985856056213379,,1.0776870250701904,0.0,0.0,,0.1729785935294702,9.004090341326432
5278,FMAT,453713.003479201,5678635.64371754,0.0,0.0,0.0,0.0,4.143944263458252,,1.0433191061019895,0.0,0.0,,0.1430320396406882,8.980004428959207
5279,FMAT,453712.257455308,5678635.93674854,0.0,0.0,0.0,0.0,11.031283378601074,,1.0278935432434082,0.0,0.0,,0.1752382381639588,8.739502082311484
5280,FMAT,453711.511222551,5678636.26529079,0.0,0.0,0.0,0.0,4.774119377136231,,1.0231870412826538,0.0,0.0,,0.2095316461013189,8.5623541211877
5281,FMAT,453710.808385528,5678636.57300257,0.0,0.0,0.0,0.0,4.990029335021973,,1.014657497406006,0.0,0.0,,0.24216094005507,8.42432276134114
5282,FMAT,453710.157298448,5678636.91098229,0.0,0.0,0.0,0.0,3.738665819168091,,1.0440008640289309,0.0,0.0,,0.2979542872216474,8.269456484259047
5283,FMAT,453709.367310799,5678637.32138979,0.0,0.0,0.0,0.0,4.409605026245117,,1.0201209783554075,0.0,0.0,,0.2976302835402479,8.290334613506765
5284,FMAT,453708.603723377,5678637.65759808,0.0,0.0,0.0,0.0,4.649811744689941,,1.019565463066101,0.0,0.0,,0.2547316379497846,8.233596060987294
5285,FMAT,453707.840201148,5678637.98270902,0.0,0.0,0.0,0.0,7.78325891494751,,1.025085210800171,0.0,0.0,,0.295949186116587,8.29739147573764
5286,FMAT,453707.085431108,5678638.29122484,0.0,0.0,0.0,0.0,10.495156288146973,,1.0204728841781616,0.0,0.0,,0.281765314719395,8.246877259977325
5287,FMAT,453706.313293542,5678638.60962636,0.0,0.0,0.0,0.0,7.806781768798828,,1.1022051572799685,0.0,0.0,,0.2339026969988212,8.044978685158753
5288,FMAT,453705.593062533,5678638.93166236,0.0,0.0,0.0,0.0,15.661849975585938,,1.0508118867874146,0.0,0.0,,0.1829001036670468,7.6388692457527645
5289,FMAT,453704.993294296,5678639.37315177,0.0,0.0,0.0,0.0,3.970151662826538,,1.0285876989364624,0.0,0.0,,0.1836747043342661,7.8934988837973314
5290,FMAT,453704.35020195,5678639.82326448,0.0,0.0,0.0,0.0,4.15109920501709,,1.0238865613937378,0.0,0.0,,0.1939887761766457,8.090815971557452
5291,FMAT,453703.707944896,5678640.1313319,0.0,0.0,0.0,0.0,8.208389282226562,,1.0737335681915283,0.0,0.0,,0.1653593200570691,7.881227611130312
5292,FMAT,453703.048359477,5678640.44262665,0.0,0.0,0.0,0.0,0.5806476473808289,,1.0913357734680176,0.0,0.0,,0.1161614823288702,7.795292382118196
5293,FMAT,453702.336808634,5678640.76027434,0.0,0.0,0.0,0.0,8.25516414642334,,1.0397000312805176,0.0,0.0,,0.104043086614699,7.875241837092605
5294,FMAT,453701.694982178,5678640.99509951,0.0,0.0,0.0,0.0,2.996192693710327,,1.015364408493042,0.0,0.0,,0.1038271025537746,8.398851068879262
5295,FMAT,453701.018525155,5678641.23194049,0.0,0.0,0.0,0.0,2.6351418495178223,,1.0941827297210691,0.0,0.0,,0.1099323268532888,9.221696678117317
5296,FMAT,453700.333452881,5678641.46207213,0.0,0.0,0.0,0.0,3.5624940395355225,,1.0687947273254397,0.0,0.0,,0.1223919312005529,9.782683674280731
5297,FMAT,453699.683056785,5678641.68241977,0.0,0.0,0.0,0.0,7.23742151260376,,1.0148401260375977,0.0,0.0,,0.1652983486874563,9.886166798368352
5298,FMAT,453698.946006,5678641.92112372,0.0,0.0,0.0,0.0,3.957979917526245,,1.1306885480880735,0.0,0.0,,0.2043515642575055,10.34604703584629
5299,FMAT,453698.217609537,5678642.15987851,0.0,0.0,0.0,0.0,9.992201805114746,,1.0739039182662964,0.0,0.0,,0.1984122089421773,10.025037686890634
5300,FMAT,453697.541139251,5678642.39893865,0.0,0.0,0.0,0.0,4.161344528198242,,1.0147968530654907,0.0,0.0,,0.1935119401521851,9.214772537495408
5301,FMAT,453696.812559936,5678642.66876571,0.0,0.0,0.0,0.0,6.519826412200928,,1.0297996997833252,0.0,0.0,,0.2147364936676512,8.804910802945537
5302,FMAT,453696.127239371,5678642.94106667,0.0,0.0,0.0,0.0,6.23121976852417,,1.0230226516723633,0.0,0.0,,0.2157192360568495,8.340549064425687
5303,FMAT,453695.372442274,5678643.25402029,0.0,0.0,0.0,0.0,5.888559341430664,,1.030689001083374,0.0,0.0,,0.2212828213186537,7.86801826819684
5304,FMAT,453694.686958416,5678643.55406435,0.0,0.0,0.0,0.0,9.891046524047852,,1.0848675966262815,0.0,0.0,,0.2238813720086239,7.878266105158524
5305,FMAT,453694.027274429,5678643.88200428,0.0,0.0,0.0,0.0,5.246943473815918,,1.0298874378204346,0.0,0.0,,0.2195072260040824,7.920154969482185
5306,FMAT,453693.358870738,5678644.22099053,0.0,0.0,0.0,0.0,6.634034156799316,,1.016635537147522,0.0,0.0,,0.2254402968265533,7.402944126641353
5307,FMAT,453692.716449689,5678644.55680027,0.0,0.0,0.0,0.0,6.566908836364746,,1.0228230953216553,0.0,0.0,,0.1911687139042032,7.257151977343623
5308,FMAT,453692.030652274,5678644.91011106,0.0,0.0,0.0,0.0,2.7800779342651367,,1.0154069662094116,0.0,0.0,,0.067007393046436,7.067923459072846
5309,FMAT,453691.379622434,5678645.23810168,0.0,0.0,0.0,0.0,2.871300458908081,,1.0413492918014526,0.0,0.0,,0.0532541511824592,7.030440437242244
5310,FMAT,453690.797827529,5678645.56649953,0.0,0.0,0.0,0.0,1.6592233180999756,,1.0376098155975342,0.0,0.0,,0.1304701504274986,7.301379327825261
5311,FMAT,453690.181571755,5678645.8680602,0.0,0.0,0.0,0.0,11.892898559570312,,1.096234917640686,0.0,0.0,,0.1437375224880193,7.836212807949421
5312,FMAT,453689.42736168,5678646.08113769,0.0,0.0,0.0,0.0,4.581900596618652,,1.0257014036178589,0.0,0.0,,0.169202521236687,8.343357431036091
5313,FMAT,453688.733719128,5678646.29679096,0.0,0.0,0.0,0.0,5.925029277801514,,1.024867057800293,0.0,0.0,,0.2223765781728146,8.368406139107787
5314,FMAT,453688.056947879,5678646.5868978,0.0,0.0,0.0,0.0,6.246507167816162,,1.0289777517318726,0.0,0.0,,0.253354215193709,8.409385872134488
5315,FMAT,453687.336787186,5678646.89672512,0.0,0.0,0.0,0.0,7.932200908660889,,1.0400575399398804,0.0,0.0,,0.2761472133540658,8.257051084678372
5316,FMAT,453686.625398332,5678647.18662817,0.0,0.0,0.0,0.0,6.774656295776367,,1.0296165943145752,0.0,0.0,,0.2658860494468048,8.38776830148942
5317,FMAT,453685.93148792,5678647.44778006,0.0,0.0,0.0,0.0,8.449699401855469,,1.0518039464950562,0.0,0.0,,0.2406970314308598,8.657441231701764
5318,FMAT,453685.211555579,5678647.7187667,0.0,0.0,0.0,0.0,4.044368743896484,,1.065445899963379,0.0,0.0,,0.2452696050718761,8.664935908983406
5319,FMAT,453684.439566348,5678648.01164232,0.0,0.0,0.0,0.0,6.176068305969238,,1.092225193977356,0.0,0.0,,0.2530863865600755,8.362700854061906
5320,FMAT,453683.728275216,5678648.2848992,0.0,0.0,0.0,0.0,8.625049591064453,,1.0352145433425903,0.0,0.0,,0.1874774386039309,8.098893592830352
5321,FMAT,453683.02575594,5678648.53823181,0.0,0.0,0.0,0.0,5.8231072425842285,,1.0432016849517822,0.0,0.0,,0.1622563886771481,8.059812865907583
5322,FMAT,453682.305712393,5678648.82808356,0.0,0.0,0.0,0.0,4.156970977783203,,1.0836583375930786,0.0,0.0,,0.1630062798427001,8.185946655476638
5323,FMAT,453681.663283961,5678649.16500213,0.0,0.0,0.0,0.0,3.772165536880493,,1.0467833280563354,0.0,0.0,,0.1218607238934552,8.284611330926058
5324,FMAT,453681.064186123,5678649.49218769,0.0,0.0,0.0,0.0,9.280451774597168,,1.0452463626861572,0.0,0.0,,0.1089627251345285,8.01612519454163
5325,FMAT,453680.317709153,5678649.86178695,0.0,0.0,0.0,0.0,3.5114357471466064,,1.0754798650741575,0.0,0.0,,0.0972886956349386,7.739274019704298
5326,FMAT,453679.554328195,5678650.16248113,0.0,0.0,0.0,0.0,11.456913948059082,,1.0799530744552612,0.0,0.0,,0.1110049344574425,8.131855024549305
5327,FMAT,453678.877771749,5678650.41596614,0.0,0.0,0.0,0.0,12.223361015319824,,1.07889986038208,0.0,0.0,,0.1213055481313498,8.49143133237948
5328,FMAT,453677.958637972,5678650.71130463,0.0,0.0,0.0,0.0,3.738710880279541,,1.0284268856048584,0.0,0.0,,0.094457924397122,9.093738176523749
5329,FMAT,453677.195576808,5678650.95762188,0.0,0.0,0.0,0.0,1.983885645866394,,1.010733127593994,0.0,0.0,,0.0782244618537469,9.318031938953864
5330,FMAT,453676.553866288,5678651.1724699,0.0,0.0,0.0,0.0,12.603900909423828,,1.0517351627349854,0.0,0.0,,0.0943807579768139,9.1258199826466
5331,FMAT,453675.955499464,5678651.37536548,0.0,0.0,0.0,0.0,8.199407577514648,,1.0668201446533203,0.0,0.0,,0.1060284926653658,9.153308319883868
5332,FMAT,453675.244220787,5678651.64640214,0.0,0.0,0.0,0.0,11.309280395507812,,1.0905156135559082,0.0,0.0,,0.0311899554680726,9.121788186254
5333,FMAT,453674.593470481,5678651.92667305,0.0,0.0,0.0,0.0,7.604558944702148,,1.035422682762146,0.0,0.0,,0.026923189575135,9.38428222926819
5334,FMAT,453673.908017711,5678652.22116666,0.0,0.0,0.0,0.0,9.04696273803711,,1.0260106325149536,0.0,0.0,,-0.0025382937835799,9.270281926715024
5335,FMAT,453673.205243063,5678652.51777781,0.0,0.0,0.0,0.0,5.729523658752441,,1.0185911655426023,0.0,0.0,,-0.0079540293870301,8.899754442133542
5336,FMAT,453672.47623093,5678652.86084471,0.0,0.0,0.0,0.0,6.356320858001709,,1.0235885381698608,0.0,0.0,,0.043032830576971,8.00757021660078
5337,FMAT,453671.79913849,5678653.20532686,0.0,0.0,0.0,0.0,2.442787170410156,,1.0399653911590576,0.0,0.0,,0.0992366683993598,7.635664373775716
5338,FMAT,453671.17443598,5678653.47132381,0.0,0.0,0.0,0.0,13.05267333984375,,1.0421730279922483,0.0,0.0,,0.1509073511996244,7.446383570621441
5339,FMAT,453670.558557613,5678653.70851871,0.0,0.0,0.0,0.0,1.0170836448669434,,1.0209404230117798,0.0,0.0,,0.1926628573407613,6.982695519765938
5340,FMAT,453669.942679211,5678653.94571356,0.0,0.0,0.0,0.0,6.213578701019287,,1.0154064893722534,0.0,0.0,,0.2309484267607807,6.710052195856303
5341,FMAT,453669.257356707,5678654.2180122,0.0,0.0,0.0,0.0,2.3635268211364746,,1.0083359479904177,0.0,0.0,,0.2872337666736188,6.058745389019901
5342,FMAT,453668.45058541,5678654.53842575,0.0,0.0,0.0,0.0,5.855700969696045,,1.0139546394348145,0.0,0.0,,0.3074686644723906,5.411824652633221
5343,FMAT,453667.782610759,5678654.80416776,0.0,0.0,0.0,0.0,5.11868953704834,,1.0095486640930176,0.0,0.0,,0.3208339160474026,5.01611793085148
5344,FMAT,453667.079816049,5678655.10410755,0.0,0.0,0.0,0.0,2.1815948486328125,,1.0074379444122314,0.0,0.0,,0.3552139573423086,4.779726830670162
5345,FMAT,453666.281607512,5678655.44010801,0.0,0.0,0.0,0.0,3.3459255695343018,,1.0057169198989868,0.0,0.0,,0.4112990461657808,4.572167654408348
5346,FMAT,453665.509499229,5678655.75295691,0.0,0.0,0.0,0.0,1.681651949882507,,1.0074865818023682,0.0,0.0,,0.4027094399896719,5.204219896873248
5347,FMAT,453664.728814879,5678656.05243805,0.0,0.0,0.0,0.0,2.3481462001800537,,1.011388659477234,0.0,0.0,,0.347344643413718,7.813075123092365
5348,FMAT,453663.973995645,5678656.36871787,0.0,0.0,0.0,0.0,6.287190914154053,,1.020644187927246,0.0,0.0,,0.2764768141708996,11.44286546685324
5349,FMAT,453663.270998158,5678656.70305891,0.0,0.0,0.0,0.0,8.676234245300293,,1.016651630401611,0.0,0.0,,0.1832214546511854,13.96024243416452
5350,FMAT,453662.550633048,5678657.04728556,0.0,0.0,0.0,0.0,6.661065101623535,,1.0200061798095703,0.0,0.0,,0.1406183511069793,15.83512509793132
5351,FMAT,453661.864957274,5678657.3795089,0.0,0.0,0.0,0.0,6.753520965576172,,1.014302134513855,0.0,0.0,,0.1041475712026918,17.35619927331105
5352,FMAT,453661.196694732,5678657.6940784,0.0,0.0,0.0,0.0,1.883829116821289,,1.0008271932601929,0.0,0.0,,0.0211009556462997,16.75675778155717
5353,FMAT,453660.511110296,5678658.01076543,0.0,0.0,0.0,0.0,1.7178146839141846,,1.0008814334869385,0.0,0.0,,-0.0469821648578559,16.621778695459952
5354,FMAT,453659.756107794,5678658.35811724,0.0,0.0,0.0,0.0,1.7941769361495972,,1.0016515254974363,0.0,0.0,,-0.1542545140979449,13.149940274739276
5355,FMAT,453659.035938352,5678658.66905172,0.0,0.0,0.0,0.0,1.9325532913208008,,1.001061201095581,0.0,0.0,,-0.2705124871011083,6.541675841487959
5356,FMAT,453658.367851968,5678658.95365832,0.0,0.0,0.0,0.0,0.8082459568977356,,1.0010526180267334,0.0,0.0,,-0.2410905471311739,7.615227596326698
5357,FMAT,453657.638975762,5678659.27341955,0.0,0.0,0.0,0.0,0.3064984381198883,,1.0009130239486694,0.0,0.0,,-0.2068511384844397,10.276196987951623
5358,FMAT,453656.927454007,5678659.58551451,0.0,0.0,0.0,0.0,3.2659268379211426,,1.002664566040039,0.0,0.0,,-0.1354116978098926,15.931879511927072
5359,FMAT,453656.172562253,5678659.91400059,0.0,0.0,0.0,0.0,3.856225490570069,,1.0077377557754517,0.0,0.0,,-0.0814666850481713,22.86388991125136
5360,FMAT,453655.504449525,5678660.20304586,0.0,0.0,0.0,0.0,13.597559928894045,,1.0457878112792969,0.0,0.0,,-0.066201725658045,27.766283789810903
5361,FMAT,453654.845063,5678660.47993502,0.0,0.0,0.0,0.0,14.97396755218506,,1.0520451068878174,0.0,0.0,,-0.073693566799447,33.882306917290755
5362,FMAT,453654.064260164,5678660.79939022,0.0,0.0,0.0,0.0,18.655372619628903,,1.1517539024353027,0.0,0.0,,-0.1003482000420914,40.59124162038688
5363,FMAT,453653.422358723,5678661.04641849,0.0,0.0,0.0,0.0,44.40177536010742,,1.5208402872085571,0.0,0.0,,-0.1110983015138938,41.32626856856688
5364,FMAT,453652.693776122,5678661.31624148,0.0,0.0,0.0,0.0,23.20368194580078,,1.406138300895691,0.0,0.0,,-0.1162678505324741,42.25062259220881
5365,FMAT,453651.973867468,5678661.58278618,1.0,0.0,562.0,0.0,27.6578426361084,,1.1723120212554932,562.0,0.0,,-0.1120841816644541,42.106988709730736
5366,FMAT,453651.219295457,5678661.85689509,1.0,0.0,562.0,0.0,21.68480491638184,,1.4873372316360474,562.0,0.0,,-0.1026142328972419,39.51356327423516
5367,FMAT,453650.534102273,5678662.10699754,0.0,0.0,0.0,0.0,31.39321517944336,,1.236255407333374,0.0,0.0,,-0.1184650453788199,37.39931043095838
5368,FMAT,453649.874826486,5678662.3650209,0.0,0.0,0.0,0.0,41.8822021484375,,1.539689302444458,0.0,0.0,,-0.1311860681266034,36.04167061493423
5369,ALG,453649.206830922,5678662.63409053,0.0,0.0,0.0,0.0,46.559852600097656,,1.582546353340149,0.0,0.0,,-0.146304354854256,33.8662961884596
5370,ALG,453648.530128649,5678662.91198697,0.0,0.0,0.0,0.0,17.8240909576416,,1.0651394128799438,0.0,0.0,,-0.0644861723686954,30.56356380926752
5371,ALG,453647.98375842,5678663.10297917,1.0,0.0,562.0,0.0,13.052671432495115,,1.035974621772766,562.0,0.0,,-0.1078436952125906,28.590961113526767
5372,ALG,453647.489582426,5678663.24877821,1.0,0.0,562.0,0.0,16.067602157592773,,1.086907148361206,562.0,0.0,,-0.0926964602753179,27.77870999561073
5373,ALG,453646.864780262,5678663.53141917,1.0,0.0,562.0,0.0,8.582117080688477,,1.0150213241577148,562.0,0.0,,-0.078165132984591,27.792902507489792
5374,ALG,453646.152970171,5678663.89234121,1.0,0.0,562.0,0.0,22.57179069519043,,1.0900551080703735,562.0,0.0,,-0.0629619149046961,27.30169760832633
5375,ALG,453645.423949241,5678664.23651535,1.0,0.0,562.0,0.0,6.541608810424805,,1.0172507762908936,562.0,0.0,,-0.0889477241365935,28.32319307935624
5376,ALG,453644.781713979,5678664.54013907,1.0,0.0,562.0,0.0,20.571176528930664,,1.0847184658050537,562.0,0.0,,-0.061910364263394,28.37114881709706
5377,ALG,453644.18288133,5678664.82182297,1.0,0.0,562.0,0.0,56.24711227416992,,2.20271372795105,562.0,0.0,,-0.0525084878431098,27.28218696085684
5378,ALG,453643.497458943,5678665.11076531,0.0,0.0,0.0,0.0,29.349618911743164,,1.616007924079895,0.0,0.0,,-0.0896093634600668,25.904657340717407
5379,ALG,453642.786086387,5678665.39733524,-1.0,0.0,562.0,0.0,21.449377059936523,,1.163101315498352,562.0,0.0,,-0.1353202685187004,25.7402770771967
5380,ALG,453642.100382894,5678665.73399578,0.0,0.0,0.0,0.0,29.53485870361328,,1.2746942043304443,0.0,0.0,,-0.1223127895901486,25.497191067232706
5381,ALG,453641.362360861,5678666.13693419,0.0,0.0,0.0,0.0,20.787450790405277,,1.0904173851013184,0.0,0.0,,-0.0943491035145841,23.396721674453413
5382,ALG,453640.720759188,5678666.33291391,0.0,0.0,0.0,0.0,10.355966567993164,,1.0755985975265503,0.0,0.0,,-0.0719659654909399,22.00731867173221
5383,ALG,453640.044840515,5678666.47764222,0.0,0.0,0.0,0.0,11.297368049621582,,1.0373224020004272,0.0,0.0,,-0.0877308454652804,21.32076935397644
5384,ALG,453639.358953817,5678666.84537492,0.0,0.0,0.0,0.0,8.743243217468262,,1.0241990089416504,0.0,0.0,,-0.0981625548918403,21.635743537449592
5385,ALG,453638.698703482,5678667.26874689,0.0,0.0,0.0,0.0,7.788403511047363,,1.02633535861969,0.0,0.0,,-0.1112432175807182,24.5384396442116
5386,ALG,453638.047094402,5678667.69438923,0.0,0.0,0.0,0.0,5.021634578704834,,1.0185259580612185,0.0,0.0,,-0.0842474635082266,27.368398029152
5387,ALG,453637.284317863,5678667.89187458,0.0,0.0,0.0,0.0,32.099727630615234,,1.3028278350830078,0.0,0.0,,-0.0454992988274839,28.93157512123268
5388,ALG,453636.487413871,5678668.00592634,0.0,0.0,0.0,0.0,14.666532516479492,,1.05391526222229,0.0,0.0,,-0.0178868983975279,30.83700491750445
5389,ALG,453635.846491644,5678668.08649391,1.0,0.0,562.0,0.0,30.960487365722656,,1.7278246879577637,562.0,0.0,,0.0277641618918489,32.35400699854535
5390,ALG,453635.222917415,5678668.160505,1.0,0.0,562.0,0.0,53.93070983886719,,2.1797194480896,562.0,0.0,,0.050642648056872,33.20550748405881
5391,ALG,453634.589139746,5678668.49747072,0.0,0.0,0.0,0.0,31.807750701904297,,1.2595593929290771,0.0,0.0,,0.0633466301786389,32.59378858941478
5392,ALG,453634.006791679,5678668.91908159,0.0,0.0,0.0,0.0,44.59562683105469,,1.5084885358810425,0.0,0.0,,0.1033946957200291,32.5431246488517
5393,ALG,453633.381635617,5678669.26164682,0.0,0.0,0.0,0.0,17.298492431640625,,1.062654972076416,0.0,0.0,,0.1019609965572085,31.27393027337156
5394,ALG,453632.757897863,5678669.36340093,0.0,0.0,0.0,0.0,12.318448066711426,,1.026906132698059,0.0,0.0,,0.0876086774006014,27.35755943211536
5395,ALG,453632.13498367,5678669.3253292,0.0,0.0,0.0,0.0,18.40900421142578,,1.0679577589035034,0.0,0.0,,0.0836256257517812,26.22436826613512
5396,ALG,453631.469607999,5678669.14939621,0.0,0.0,0.0,0.0,17.371253967285156,,1.10947585105896,0.0,0.0,,0.0949669103366047,26.075723854005123
5397,ALG,453630.839510143,5678668.86158449,0.0,0.0,0.0,0.0,10.518610954284668,,1.0381174087524414,0.0,0.0,,0.0083648575120267,26.64274751526212
5398,ALG,453630.322004497,5678668.56000895,0.0,0.0,0.0,0.0,2.7030105590820312,,1.0057687759399414,0.0,0.0,,-0.0460249011729459,27.58209267102412
5399,ALG,453629.87408053,5678668.20002558,0.0,0.0,0.0,0.0,15.30403995513916,,1.0464379787445068,0.0,0.0,,-0.0600185749949682,26.76686529301933
5400,ALG,453629.495783993,5678667.77386629,0.0,0.0,0.0,0.0,5.959999084472656,,1.1990190744400024,0.0,0.0,,-0.0613132275197869,25.757731477640792
5401,ALG,453629.186683464,5678667.35477319,0.0,0.0,0.0,0.0,23.84891128540039,,1.2569600343704224,0.0,0.0,,-0.0686437218768061,24.97397702241882
5402,ALG,453628.92958779,5678666.92266919,0.0,0.0,0.0,0.0,17.5720272064209,,1.1614762544631958,0.0,0.0,,-0.0727433016779643,24.95395121437217
5403,ALG,453628.812132592,5678666.29273944,0.0,0.0,0.0,0.0,5.447540283203125,,1.0288423299789429,0.0,0.0,,-0.0718462012179861,23.845991185046294
5404,ALG,453628.850914119,5678665.58604631,0.0,0.0,0.0,0.0,4.703555107116699,,1.0061408281326294,0.0,0.0,,-0.0828370040311572,22.52083955359515
5405,ALG,453629.053429719,5678664.99906271,0.0,0.0,0.0,0.0,4.39288330078125,,1.0073460340499878,0.0,0.0,,-0.1271243559221933,22.861452618385183
5406,ALG,453629.367870654,5678664.51150764,0.0,0.0,0.0,0.0,1.4297183752059937,,1.0050430297851562,0.0,0.0,,-0.1160324336352448,21.554070342280163
5407,ALG,453629.665610673,5678663.92064587,0.0,0.0,0.0,0.0,15.119413375854492,,1.066529393196106,0.0,0.0,,-0.0969626494892439,19.188482415091023
5408,ALG,453629.919974093,5678663.34728485,0.0,0.0,0.0,0.0,15.53956413269043,,1.201502561569214,0.0,0.0,,0.0127674625301518,15.781625359552327
5409,ALG,453630.156747618,5678662.82154019,0.0,0.0,0.0,0.0,41.86663436889648,,1.4544392824172974,0.0,0.0,,0.0489365091928741,16.134744694712996
5410,ALG,453630.489771814,5678662.11768998,0.0,0.0,0.0,0.0,2.0404176712036133,,1.001006841659546,0.0,0.0,,0.1508416935354243,17.427973480074122
5411,ALG,453630.814638341,5678661.32944942,0.0,0.0,0.0,0.0,0.4721570014953613,,1.000424027442932,0.0,0.0,,0.1503410143352349,17.48518633976645
5412,ALG,453631.10516831,5678660.49328661,0.0,0.0,0.0,0.0,1.8226306438446045,,1.0040427446365356,0.0,0.0,,0.1057838299131831,16.235365294467794
5413,ALG,453631.361793132,5678659.53595948,0.0,0.0,0.0,0.0,3.920480966567993,,1.0149699449539185,0.0,0.0,,0.2851423958134776,18.17563102899184
5414,ALG,453631.574721085,5678658.65050982,0.0,0.0,0.0,0.0,1.6850850582122805,,1.0014910697937012,0.0,0.0,,0.3438503119916321,20.43200680710943
5415,ALG,453631.744658122,5678657.71708695,0.0,0.0,0.0,0.0,4.428986549377441,,1.0089004039764404,0.0,0.0,,0.3867108655358715,21.26408646506417
5416,ALG,453631.845386171,5678656.77881736,0.0,0.0,0.0,0.0,62.35304641723633,,2.759068489074707,0.0,0.0,,0.3607965706168213,23.545582231520484
5417,ALG,453631.90252853,5678655.89355987,1.0,0.0,562.0,0.0,43.90103149414063,,1.4656511545181274,562.0,0.0,,0.2727247146215193,27.3070148814872
5418,ALG,453631.942362106,5678655.00820042,1.0,0.0,562.0,0.0,49.60340881347656,,1.6359988451004028,562.0,0.0,,0.2962631449304633,33.4212262778622
5419,ALG,453631.999641705,5678654.09963862,1.0,1.0,562.0,1363.0,19.952335357666016,,1.2881876230239868,1474.3178083439134,766006.0,,0.108680830226523,32.944700151435505
5420,ALG,453632.056888613,5678653.19662546,0.0,0.0,0.0,0.0,23.504213333129883,,1.8718323707580569,0.0,0.0,,-0.0425946928445533,35.56635091404534
5421,ALG,453632.071098909,5678652.2534072,0.0,0.0,0.0,0.0,18.181421279907227,,1.3345355987548828,0.0,0.0,,-0.1064861778460296,33.40936420253247
5422,ALG,453632.102251932,5678651.37243569,0.0,0.0,0.0,0.0,51.97835159301758,,1.7636184692382812,0.0,0.0,,-0.0329048638786471,32.23784689633072
5423,ALG,453631.968664528,5678650.54265289,0.0,0.0,0.0,0.0,8.141783714294434,,1.032591462135315,0.0,0.0,,0.0958853938404571,32.185485193284215
5424,ALG,453631.852575467,5678649.68078991,0.0,0.0,0.0,0.0,0.7552990317344666,,1.0005700588226318,0.0,0.0,,0.1119798113991179,31.072373734291865
5425,ALG,453631.73656487,5678648.80561019,0.0,0.0,0.0,0.0,18.75181579589844,,1.1619800329208374,0.0,0.0,,0.1662544042599152,31.185531572277167
5426,ALG,453631.818787911,5678648.07031895,0.0,0.0,0.0,0.0,43.76829528808594,,1.6210267543792725,0.0,0.0,,0.2238179284047893,30.56839753857809
5427,ALG,453631.935223187,5678647.40403479,0.0,0.0,0.0,0.0,14.176526069641112,,1.2957075834274292,0.0,0.0,,0.2580448389248391,34.44137881513779
5428,ALG,453632.112670472,5678646.66486537,0.0,0.0,0.0,0.0,35.09303665161133,,1.3165068626403809,0.0,0.0,,0.2173011459544396,42.44609198770223
5429,ALG,453632.30724346,5678645.95687029,0.0,-1.0,0.0,1362.0,58.44305419921875,,2.5469460487365723,1362.0,0.0,,0.1429709899692539,46.71511896178461
5430,ALG,453632.58855624,5678645.21609309,0.0,0.0,0.0,0.0,46.50099563598633,,1.8011443614959717,0.0,0.0,,-0.03881393149884,49.17232317184025
5431,ALG,453632.905225055,5678644.35012045,0.0,-1.0,0.0,1362.0,47.21530151367188,,1.7352311611175537,1362.0,0.0,,-0.0666621844174626,52.335360906294376
5432,ALG,453633.186864536,5678643.55385681,1.0,0.0,562.0,0.0,66.74678802490234,,2.6132960319519043,562.0,0.0,,-0.143332514498975,52.34206310229807
5433,ALG,453633.381692266,5678642.80258229,1.0,1.0,562.0,1363.0,58.45187377929688,,2.099881649017334,1474.3178083439134,766006.0,,-0.1777378051684751,51.10701745416904
5434,ALG,453633.595194762,5678641.81947644,0.0,0.0,0.0,0.0,20.451147079467773,,1.1720553636550903,0.0,0.0,,-0.1166427213987806,52.34915571938121
5435,ALG,453633.721787492,5678640.89800566,0.0,0.0,0.0,0.0,1.377105474472046,,1.003238081932068,0.0,0.0,,-0.0169214361412018,49.62580492076456
5436,NVB,453633.796244832,5678640.01174035,0.0,0.0,0.0,0.0,27.79780578613281,,1.2174313068389893,0.0,0.0,,0.1155526867232894,45.99555537236475
5437,NVB,453633.870231554,5678639.20537549,1.0,0.0,562.0,0.0,50.04362106323242,,1.699878811836243,562.0,0.0,,0.070293891414925,47.95600054448919
5438,NVB,453633.935694618,5678638.37676509,1.0,0.0,562.0,0.0,14.384180068969728,,1.0471025705337524,562.0,0.0,,0.168356916719481,48.686702401101385
5439,NVB,453633.931948893,5678637.54330798,0.0,0.0,0.0,0.0,57.15077972412109,,2.130781412124634,0.0,0.0,,0.1974077040624786,47.011316260977765
5440,NVB,453633.919633777,5678636.69537343,0.0,0.0,0.0,0.0,28.280956268310547,,1.4344449043273926,0.0,0.0,,0.1765838039454244,40.991292912322265
5441,NVB,453633.924699289,5678635.83533382,-1.0,0.0,562.0,0.0,25.166088104248047,,1.208136796951294,562.0,0.0,,0.12169698167948,35.21523969705765
5442,NVB,453634.042055819,5678635.01257789,-1.0,0.0,562.0,0.0,7.887008190155029,,1.141961932182312,562.0,0.0,,0.114830205864712,33.540053392152195
5443,NVB,453634.193820621,5678634.22553716,-1.0,0.0,562.0,0.0,9.65749168395996,,1.0777467489242554,562.0,0.0,,0.25747573864805,26.101236012777218
5444,NVB,453634.354684209,5678633.36308587,-1.0,0.0,562.0,0.0,1.087051272392273,,1.0171303749084473,562.0,0.0,,0.2460635567966445,19.817515241885747
5445,NVB,453634.523823031,5678632.56504978,-1.0,0.0,562.0,0.0,15.085090637207031,,1.039458394050598,562.0,0.0,,0.2109703512973821,18.59783441671428
5446,NVB,453634.701308983,5678631.81922192,-1.0,0.0,562.0,0.0,5.057380676269531,,1.006298303604126,562.0,0.0,,0.1135441742309131,19.399515303529256
5447,NVB,453634.887488479,5678631.06678665,-1.0,0.0,562.0,0.0,2.6566710472106934,,1.003635048866272,562.0,0.0,,-0.007335720364735,18.396589653623597
5448,NVB,453635.082675242,5678630.25447701,-1.0,0.0,562.0,0.0,4.022112846374512,,1.0050575733184814,562.0,0.0,,-0.1591296096841933,20.44303033241836
5449,NVB,453635.269305647,5678629.42547046,0.0,0.0,0.0,0.0,6.090592384338379,,1.0106085538864136,0.0,0.0,,-0.2635101185278908,17.7381272924452
5450,NVB,453635.403898772,5678628.61502346,-1.0,0.0,562.0,0.0,4.900871753692627,,1.0054172277450562,562.0,0.0,,-0.3038381607298617,15.282595895108464
5451,NVB,453635.408702697,5678627.79937297,-1.0,0.0,562.0,0.0,1.4492311477661133,,1.0012879371643066,562.0,0.0,,-0.2542030006117367,16.12750000316658
5452,NVB,453635.38761546,5678626.97136256,-1.0,0.0,562.0,0.0,4.295929431915283,,1.0109038352966309,562.0,0.0,,-0.141518706413588,16.607557834323394
5453,NVB,453635.444842237,5678626.07167853,-1.0,0.0,562.0,0.0,2.0700316429138184,,1.0017411708831787,562.0,0.0,,-0.0275092553582012,15.247713127713334
5454,FMAT,453635.510252767,5678625.25194593,-1.0,0.0,562.0,0.0,1.715932846069336,,1.000905156135559,562.0,0.0,,0.1187888468696603,13.796433784960012
5455,FMAT,453635.60167209,5678624.42459814,-1.0,0.0,562.0,0.0,0.7742888331413269,,1.004322171211243,562.0,0.0,,0.2182176614938506,14.190282806280756
5456,FMAT,453635.701203267,5678623.68940879,-1.0,0.0,562.0,0.0,1.476934552192688,,1.00048565864563,562.0,0.0,,0.2920465049697672,11.860265704767526
5457,FMAT,453635.82773668,5678622.77792551,-1.0,0.0,562.0,0.0,3.084690570831299,,1.003946304321289,562.0,0.0,,0.340053031953018,12.669673948767407
5458,FMAT,453635.841371388,5678621.93236331,-1.0,0.0,562.0,0.0,6.700887203216553,,1.0080056190490725,562.0,0.0,,0.3157909905297093,13.538086055190648
5459,FMAT,453635.863725798,5678621.0757548,-1.0,0.0,562.0,0.0,8.96209716796875,,1.0131454467773438,562.0,0.0,,0.3039085611396278,17.411418308168987
5460,FMAT,453635.955680988,5678620.15740926,-1.0,0.0,562.0,0.0,7.5840229988098145,,1.0106780529022217,562.0,0.0,,0.2265950670360271,19.880007905366103
5461,FMAT,453636.055819923,5678619.31901515,0.0,0.0,0.0,0.0,2.9025299549102783,,1.0029054880142212,0.0,0.0,,0.1599878543226928,25.51063290054116
5462,FMAT,453636.155481717,5678618.56163121,0.0,0.0,0.0,0.0,5.519857883453369,,1.0053515434265137,0.0,0.0,,0.0658945014915403,27.027308655093552
5463,FMAT,453636.255770934,5678617.69771333,0.0,0.0,0.0,0.0,4.970401763916016,,1.0092029571533203,0.0,0.0,,0.0433140983092157,30.92159545607737
5464,FMAT,453636.373205424,5678616.86164061,0.0,0.0,0.0,0.0,33.9936408996582,,1.3321218490600586,0.0,0.0,,-0.069817762060053,35.548979572985886
5465,FMAT,453636.516923168,5678615.97134409,0.0,0.0,0.0,0.0,39.99005126953125,,1.4852880239486694,0.0,0.0,,-0.1714474276524686,34.48379184717327
5466,FMAT,453636.651568252,5678615.15201923,0.0,0.0,0.0,0.0,32.12150955200195,,1.225388526916504,0.0,0.0,,-0.2100201912142715,29.42688685486101
5467,FMAT,453636.760465967,5678614.29592041,0.0,0.0,0.0,0.0,33.59735870361328,,1.277017593383789,0.0,0.0,,-0.2473908990664735,24.729309533930465
5468,FMAT,453636.860879255,5678613.41091768,0.0,0.0,0.0,0.0,28.686878204345703,,1.1835681200027466,0.0,0.0,,-0.272082345874911,21.4926216418052
5469,FMAT,453636.995831443,5678612.53943557,-1.0,0.0,562.0,0.0,3.632363796234131,,1.0136773586273191,562.0,0.0,,-0.2739956172098675,14.420433583375878
5470,FMAT,453637.130790142,5678611.66684373,-1.0,0.0,562.0,0.0,4.099381923675537,,1.0076947212219238,562.0,0.0,,-0.2204694159839173,9.23820732560513
5471,FMAT,453637.248348636,5678610.80968614,0.0,0.0,0.0,0.0,3.065649509429932,,1.034050703048706,0.0,0.0,,-0.1455176169168185,5.493415320941336
5472,FMAT,453637.322472043,5678609.98001692,-1.0,0.0,562.0,0.0,1.0976113080978394,,1.0032110214233398,562.0,0.0,,-0.0343923839847034,6.148430816098772
5473,FMAT,453637.379286767,5678609.15024575,0.0,0.0,0.0,0.0,1.5471384525299072,,1.0044342279434204,0.0,0.0,,0.0134006187274724,7.850211179738372
5474,FMAT,453637.444455173,5678608.37157307,-1.0,0.0,562.0,0.0,5.588799476623535,,1.0101207494735718,562.0,0.0,,0.1020478401255528,12.686006120089855
5475,FMAT,453637.518513181,5678607.55300113,-1.0,0.0,562.0,0.0,2.805999517440796,,1.0241237878799438,562.0,0.0,,0.1548590044933012,16.76380225270171
5476,FMAT,453637.575386695,5678606.71324241,-1.0,0.0,562.0,0.0,4.254977703094482,,1.0112074613571167,562.0,0.0,,0.1690983408271235,21.01353643772351
5477,FMAT,453637.62339019,5678605.91005376,-1.0,0.0,562.0,0.0,4.386616230010986,,1.0137859582901,562.0,0.0,,0.1262011414633336,24.933529707642805
5478,NVB,453637.723489578,5678605.07831798,-1.0,0.0,562.0,0.0,53.67548751831055,,1.8800020217895508,562.0,0.0,,0.0787081802823257,27.93798960984203
5479,NVB,453637.840878002,5678604.25001332,-1.0,0.0,562.0,0.0,62.96440124511719,,2.2918636798858643,562.0,0.0,,0.0833650138024587,31.78193740154228
5480,NVB,453637.975490092,5678603.43623706,-1.0,0.0,562.0,0.0,24.052358627319336,,1.1588293313980105,562.0,0.0,,0.1373404838185178,34.07688425118894
5481,NVB,453638.067118089,5678602.5733779,-1.0,0.0,562.0,0.0,49.93818664550781,,1.626121997833252,562.0,0.0,,0.1552295605567883,35.93227784667023
5482,NVB,453638.167073614,5678601.76605614,-1.0,0.0,562.0,0.0,30.0344295501709,,1.6038601398468018,562.0,0.0,,0.1527853380111519,35.54288357828737
5483,NVB,453638.283912956,5678601.03096867,-1.0,0.0,562.0,0.0,16.79863166809082,,1.4085400104522705,562.0,0.0,,0.1812172752534251,37.2709227420989
5484,NVB,453638.418256995,5678600.26269128,-1.0,0.0,562.0,0.0,29.693744659423828,,1.4023902416229248,562.0,0.0,,0.2173944079768291,41.13514253920438
5485,NVB,453638.595944515,5678599.48246172,-1.0,0.0,562.0,0.0,28.21012115478516,,1.3751800060272217,562.0,0.0,,0.3007295509494954,43.16025835439968
5486,NVB,453638.756414856,5678598.68659401,-1.0,0.0,562.0,0.0,12.941189765930176,,1.1332275867462158,562.0,0.0,,0.2685167051821516,44.61455922809278
5487,NVB,453638.899445811,5678597.91281893,0.0,0.0,0.0,0.0,63.35110092163086,,2.8163421154022217,0.0,0.0,,0.2201758018359924,43.58125945335468
5488,NVB,453638.93913466,5678597.05187341,1.0,0.0,562.0,0.0,34.44570541381836,,1.340916872024536,562.0,0.0,,0.0797103601485366,44.15981601131793
5489,NVB,453638.961214232,5678596.24187346,1.0,0.0,562.0,0.0,22.48504638671875,,1.1583614349365234,562.0,0.0,,0.0133354650809325,45.37000419151731
5490,NVB,453639.017179096,5678595.55636699,-1.0,-1.0,562.0,1362.0,15.059550285339355,,2.8655261993408203,1473.3933622763475,765444.0,,0.0408288996197604,40.59413348735762
5491,ALG,453639.073902072,5678594.742132,0.0,0.0,0.0,0.0,62.456050872802734,,2.407240390777588,0.0,0.0,,0.0113240336806817,39.38926785371079
5492,ALG,453639.165660577,5678593.85707825,-1.0,0.0,562.0,0.0,3.584878444671631,,1.0147075653076172,562.0,0.0,,0.042402052773558,35.31336081087913
5493,ALG,453639.248032775,5678593.09626313,-1.0,0.0,562.0,0.0,10.266016006469728,,1.0468531847000122,562.0,0.0,,0.1086563774979401,33.83246424797151
5494,ALG,453639.294689736,5678592.52167855,-1.0,0.0,562.0,0.0,3.686255931854248,,1.0371917486190796,562.0,0.0,,0.1279046041042017,33.18101980608775
5495,ALG,453639.349706908,5678591.99708272,-1.0,0.0,562.0,0.0,9.208420753479004,,1.0268604755401611,562.0,0.0,,0.2166998259548485,31.9680832060607
5496,ALG,453639.430804657,5678591.45266468,-1.0,0.0,562.0,0.0,24.429443359375,,1.125376582145691,562.0,0.0,,0.3106251189431367,28.122353924619198
5497,ALG,453639.625715564,5678590.68696349,-1.0,0.0,562.0,0.0,13.307984352111816,,1.2508472204208374,562.0,0.0,,0.3739076201471998,26.92415719901052
5498,ALG,453639.950212388,5678589.96086729,-1.0,0.0,562.0,0.0,6.605125427246094,,1.024052619934082,562.0,0.0,,0.4493602092927016,27.596616862677177
5499,FMAT,453640.464006086,5678589.42232676,-1.0,0.0,562.0,0.0,14.14882755279541,,1.1204962730407717,562.0,0.0,,0.5320797234835556,24.72025016773244
5500,FMAT,453641.029562201,5678588.91183519,-1.0,0.0,562.0,0.0,17.899234771728516,,1.0984822511672974,562.0,0.0,,0.6057796907064883,22.585409921191392
5501,FMAT,453641.517556204,5678588.34539847,-1.0,0.0,562.0,0.0,13.554492950439451,,1.0611045360565186,562.0,0.0,,0.6158453906428134,20.84917357949602
5502,FMAT,453641.996837011,5678587.78889832,-1.0,0.0,562.0,0.0,5.7421159744262695,,1.0102412700653076,562.0,0.0,,0.6423550741689226,19.16114919053798
5503,FMAT,453642.484732847,5678587.23910747,-1.0,0.0,562.0,0.0,12.248273849487305,,1.0304844379425049,562.0,0.0,,0.6877672536806703,18.07916477439058
5504,FMAT,453642.981394021,5678586.67050216,-1.0,0.0,562.0,0.0,8.617629051208496,,1.0170859098434448,562.0,0.0,,0.7120582014363143,18.03771631248141
5505,FMAT,453643.521823319,5678586.01781227,0.0,0.0,0.0,0.0,12.552762031555176,,1.036014199256897,0.0,0.0,,0.7801655165334506,18.283763161427025
5506,FMAT,453643.958080629,5678585.41888749,0.0,0.0,0.0,0.0,9.10661506652832,,1.0277737379074097,0.0,0.0,,0.8272295303769304,15.727209780121935
5507,FMAT,453644.463539655,5678584.82591903,0.0,0.0,0.0,0.0,7.359652042388916,,1.0134109258651731,0.0,0.0,,0.8863509114351816,12.393500433498074
5508,FMAT,453645.09858449,5678584.27255545,0.0,0.0,0.0,0.0,3.1367757320404053,,1.0025779008865356,0.0,0.0,,0.9134473346640452,7.448434024180786
5509,FMAT,453645.776371463,5678583.80933465,0.0,0.0,0.0,0.0,5.878393173217773,,1.013896346092224,0.0,0.0,,0.8916166545703735,6.821596058792807
5510,FMAT,453646.479369808,5678583.47388546,0.0,0.0,0.0,0.0,5.012818813323975,,1.0087796449661257,0.0,0.0,,0.8744682468534022,6.340086158300729
5511,FMAT,453647.190702214,5678583.19286386,0.0,0.0,0.0,0.0,5.557478904724121,,1.0129473209381104,0.0,0.0,,0.8339390385477282,5.753417478756938
5512,FMAT,453647.919094874,5678582.95411381,0.0,0.0,0.0,0.0,3.0816879272460938,,1.0037716627120972,0.0,0.0,,0.7985407903386695,5.734510521797824
5513,FMAT,453648.733801845,5678582.75471377,0.0,0.0,0.0,0.0,6.697629928588867,,1.0112398862838743,0.0,0.0,,0.7461440426816964,5.732980840482215
5514,FMAT,453649.470718037,5678582.5382091,0.0,0.0,0.0,0.0,6.060967922210693,,1.0097651481628418,0.0,0.0,,0.6844111364701906,5.869576131638419
5515,FMAT,453650.103978559,5678582.28780104,0.0,0.0,0.0,0.0,5.1490559577941895,,1.0092029571533203,0.0,0.0,,0.6612982324789123,6.091066052725968
5516,FMAT,453650.797969445,5678582.01222586,0.0,0.0,0.0,0.0,3.435760974884033,,1.004874348640442,0.0,0.0,,0.6193585642706382,6.184059395751001
5517,FMAT,453651.52673431,5678581.71022094,0.0,0.0,0.0,0.0,3.7554683685302734,,1.00238299369812,0.0,0.0,,0.5790599742112307,6.076660508210379
5518,FMAT,453652.307849626,5678581.33638931,0.0,0.0,0.0,0.0,6.334812164306641,,1.015175223350525,0.0,0.0,,0.5941397582024509,5.754531081204632
5519,FMAT,453653.019821912,5678580.94661379,0.0,0.0,0.0,0.0,1.867266297340393,,1.0014265775680542,0.0,0.0,,0.5733247265871598,5.717591886124779
5520,FMAT,453653.705733217,5678580.57333128,0.0,0.0,0.0,0.0,2.4571337699890137,,1.0040072202682495,0.0,0.0,,0.5114623405924525,5.699603428524882
5521,FMAT,453654.417705365,5678580.18355563,0.0,0.0,0.0,0.0,3.270103454589844,,1.0114543437957764,0.0,0.0,,0.5099417789949381,5.844573937550516
5522,FMAT,453655.155744881,5678579.77617711,0.0,0.0,0.0,0.0,1.259171724319458,,1.019330620765686,0.0,0.0,,0.5211574515017594,5.900549406928139
5523,FMAT,453655.884901356,5678579.40758808,0.0,0.0,0.0,0.0,1.4704077243804932,,1.01244854927063,0.0,0.0,,0.5014399154095239,5.58190278240756
5524,FMAT,453656.648407109,5678579.08470164,0.0,0.0,0.0,0.0,6.870667457580566,,1.013505220413208,0.0,0.0,,0.5198682270673611,5.102145316181942
5525,FMAT,453657.420371112,5678578.79515794,0.0,0.0,0.0,0.0,2.0895707607269287,,1.0060943365097046,0.0,0.0,,0.5134808600853715,5.045266077875612
5526,FMAT,453658.192008413,5678578.5611006,0.0,0.0,0.0,0.0,0.4574618935585022,,1.0108169317245483,0.0,0.0,,0.5104229161931013,4.821060189521608
5527,FMAT,453658.928963143,5678578.33793668,0.0,0.0,0.0,0.0,1.496340036392212,,1.0138921737670898,0.0,0.0,,0.4873954381409464,4.818001234225519
5528,FMAT,453659.700606887,5678578.10276946,0.0,0.0,0.0,0.0,3.308760404586792,,1.0045586824417114,0.0,0.0,,0.4870819563795631,4.844124506201897
5529,FMAT,453660.480741566,5678577.89539632,0.0,0.0,0.0,0.0,0.4192109107971191,,1.0053850412368774,0.0,0.0,,0.4937727583949315,4.729833802022099
5530,FMAT,453661.209035334,5678577.67329097,0.0,0.0,0.0,0.0,1.377711296081543,,1.0052142143249512,0.0,0.0,,0.4946561057276246,4.47227520198547
5531,FMAT,453661.929288795,5678577.34682013,0.0,0.0,0.0,0.0,1.297831892967224,,1.0027742385864258,0.0,0.0,,0.4603539454277131,4.099696712330477
5532,FMAT,453662.641057738,5678576.99144533,0.0,0.0,0.0,0.0,1.1852926015853882,,1.0026893615722656,0.0,0.0,,0.4836256496696992,4.110081210606116
5533,FMAT,453663.379331678,5678576.54411581,0.0,0.0,0.0,0.0,4.362837791442871,,1.0049251317977903,0.0,0.0,,0.5024528509407062,4.143348400048571
5534,FMAT,453664.013388168,5678576.15831975,0.0,0.0,0.0,0.0,4.671155452728272,,1.0069142580032349,0.0,0.0,,0.5021547036858246,4.153920613496303
5535,FMAT,453664.699416102,5678575.76506117,0.0,0.0,0.0,0.0,3.6625008583068848,,1.0052907466888428,0.0,0.0,,0.5361318168241866,4.009601978974319
5536,FMAT,453665.480490999,5678575.39788661,0.0,0.0,0.0,0.0,3.501684188842773,,1.0041249990463257,0.0,0.0,,0.5443828940148965,4.178090880715208
5537,FMAT,453666.200796325,5678575.06253755,0.0,0.0,0.0,0.0,2.861891984939575,,1.006259799003601,0.0,0.0,,0.5049424070513122,4.5020348231147
5538,FMAT,453666.929788547,5678574.72169071,0.0,0.0,0.0,0.0,1.649460792541504,,1.0022966861724854,0.0,0.0,,0.4819941584250748,4.614211480381916
5539,FMAT,453667.684554175,5678574.41317875,0.0,0.0,0.0,0.0,4.658617973327637,,1.0042505264282229,0.0,0.0,,0.4970767962926473,4.682735848683764
5540,FMAT,453668.421971963,5678574.11122321,0.0,0.0,0.0,0.0,8.051661491394043,,1.0146152973175049,0.0,0.0,,0.5184574148484484,4.772998409055052
5541,FMAT,453669.211406904,5678573.79403702,0.0,0.0,0.0,0.0,3.5840940475463867,,1.0062192678451538,0.0,0.0,,0.5786849647138498,4.984707375431436
5542,FMAT,453670.000574001,5678573.52234962,0.0,0.0,0.0,0.0,1.866400361061096,,1.003859043121338,0.0,0.0,,0.6023943035572371,5.173904681103266
5543,FMAT,453670.780805913,5678573.29832953,0.0,0.0,0.0,0.0,4.318027973175049,,1.0099478960037231,0.0,0.0,,0.5930878316077128,5.057867852351448
5544,FMAT,453671.595850884,5678573.04122124,0.0,0.0,0.0,0.0,3.4234414100646973,,1.014858365058899,0.0,0.0,,0.5471161163335115,4.966593198667025
5545,FMAT,453672.48931997,5678572.6935735,0.0,0.0,0.0,0.0,5.303541660308838,,1.0090553760528564,0.0,0.0,,0.4641434524498991,5.6227011498438415
5546,FMAT,453673.16609205,5678572.4023583,0.0,0.0,0.0,0.0,6.500970840454102,,1.0292611122131348,0.0,0.0,,0.4414420828352869,5.907209102483953
5547,FMAT,453673.990770737,5678571.9788414,0.0,0.0,0.0,0.0,4.454543113708496,,1.0313620567321775,0.0,0.0,,0.4316834203925814,6.191490522438597
5548,FMAT,453674.650501862,5678571.64202533,0.0,0.0,0.0,0.0,6.014488220214844,,1.0314762592315674,0.0,0.0,,0.3748573700949843,6.18795337209326
5549,FMAT,453675.353621942,5678571.28548873,0.0,0.0,0.0,0.0,1.3210833072662354,,1.0061142444610596,0.0,0.0,,0.36938715485964,6.088701028054899
5550,FMAT,453676.108876679,5678570.89374631,0.0,0.0,0.0,0.0,3.5521812438964844,,1.005621075630188,0.0,0.0,,0.3732381095979813,6.092401336597869
5551,FMAT,453676.811990092,5678570.53831931,0.0,0.0,0.0,0.0,1.1051082611083984,,1.0033024549484253,0.0,0.0,,0.3725937948137525,5.979257256072734
5552,FMAT,453677.549720607,5678570.18309595,0.0,0.0,0.0,0.0,5.948904037475586,,1.0095856189727783,0.0,0.0,,0.3328614054308424,5.814569337433755
5553,FMAT,453678.296007394,5678569.84456938,0.0,0.0,0.0,0.0,4.291355609893799,,1.0178782939910889,0.0,0.0,,0.2972008630101664,5.724243317904142
5554,FMAT,453679.050837396,5678569.52495904,0.0,0.0,0.0,0.0,5.439754962921143,,1.0113441944122314,0.0,0.0,,0.2967956184227975,6.377015474356395
5555,FMAT,453679.831636737,5678569.20439168,0.0,0.0,0.0,0.0,1.4506213665008545,,1.01412034034729,0.0,0.0,,0.3075675767136824,6.730142424051751
5556,FMAT,453680.586251133,5678568.92140224,0.0,0.0,0.0,0.0,3.2608237266540527,,1.005111813545227,0.0,0.0,,0.3092102635635162,7.165669875579152
5557,FMAT,453681.297548323,5678568.64592622,0.0,0.0,0.0,0.0,7.095728874206543,,1.0288846492767334,0.0,0.0,,0.2970758774283407,7.616179342795617
5558,FMAT,453681.957122144,5678568.33574303,0.0,0.0,0.0,0.0,6.297482967376709,,1.0384917259216309,0.0,0.0,,0.2456880414166438,8.039725285917514
5559,FMAT,453682.686165281,5678567.98601692,0.0,0.0,0.0,0.0,0.525702178478241,,1.008752703666687,0.0,0.0,,0.2271570945088872,8.351389284279385
5560,FMAT,453683.406443064,5678567.6551052,0.0,0.0,0.0,0.0,2.551570415496826,,1.0049238204956057,0.0,0.0,,0.2021887364505121,8.633173119801958
5561,FMAT,453684.196072611,5678567.30462565,0.0,0.0,0.0,0.0,4.491313457489014,,1.0096606016159058,0.0,0.0,,0.1622015977927195,8.857111279969072
5562,FMAT,453684.985669443,5678566.95969467,0.0,0.0,0.0,0.0,1.9752013683319087,,1.056885004043579,0.0,0.0,,0.1705226920313127,9.175708075462198
5563,FMAT,453685.740511948,5678566.63786423,0.0,0.0,0.0,0.0,5.896202087402344,,1.0589520931243896,0.0,0.0,,0.2441515168308337,8.83857157564428
5564,FMAT,453686.477823836,5678566.35366267,0.0,0.0,0.0,0.0,15.105989456176758,,1.1330554485321045,0.0,0.0,,0.2388277466061287,8.714167548329492
5565,FMAT,453687.249589597,5678566.09740792,0.0,0.0,0.0,0.0,11.315532684326172,,1.0703485012054443,0.0,0.0,,0.2493465470520069,8.669842983052037
5566,FMAT,453688.116728725,5678565.81175048,0.0,0.0,0.0,0.0,7.039861679077148,,1.0315570831298828,0.0,0.0,,0.2360953532048684,8.685403824498056
5567,FMAT,453688.879898846,5678565.5454571,0.0,0.0,0.0,0.0,2.16927433013916,,1.1148512363433838,0.0,0.0,,0.2184330055211843,8.292338113121641
5568,FMAT,453689.634486443,5678565.26690571,0.0,0.0,0.0,0.0,6.004228115081787,,1.0325332880020142,0.0,0.0,,0.220461933323034,8.382403392098208
5569,FMAT,453690.302537666,5678564.98673541,0.0,0.0,0.0,0.0,1.208616018295288,,1.0710386037826538,0.0,0.0,,0.2295787595639696,8.283320168877541
5570,FMAT,453691.118423256,5678564.58647012,0.0,0.0,0.0,0.0,1.9682095050811768,,1.025787115097046,0.0,0.0,,0.2667477517278264,8.53643911645705
5571,FMAT,453691.83892885,5678564.21671713,0.0,0.0,0.0,0.0,2.2130837440490723,,1.005008578300476,0.0,0.0,,0.2849707675447436,9.056852570706548
5572,FMAT,453692.594162486,5678563.82830233,0.0,0.0,0.0,0.0,1.5679646730422974,,1.0083072185516355,0.0,0.0,,0.2588889924872826,9.303570549744032
5573,FMAT,453693.32345931,5678563.43529582,0.0,0.0,0.0,0.0,2.1357221603393555,,1.0317820310592651,0.0,0.0,,0.2438113193317858,9.167840182756915
5574,FMAT,453694.139853754,5678562.94847138,0.0,0.0,0.0,0.0,2.0093801021575928,,1.0027480125427246,0.0,0.0,,0.2560356976684007,9.41837446278025
5575,FMAT,453694.782607593,5678562.55495565,0.0,0.0,0.0,0.0,2.646114587783813,,1.0031049251556396,0.0,0.0,,0.2857341768094671,8.651302825599009
5576,FMAT,453695.537573291,5678562.21203945,0.0,0.0,0.0,0.0,8.272851943969727,,1.028662085533142,0.0,0.0,,0.2839885812555645,8.685957363323459
5577,FMAT,453696.430648414,5678561.93097272,0.0,0.0,0.0,0.0,11.413437843322754,,1.0379012823104858,0.0,0.0,,0.2870881725475956,8.807229298717349
5578,FMAT,453697.15905714,5678561.68888895,0.0,0.0,0.0,0.0,6.663838863372803,,1.0262597799301147,0.0,0.0,,0.3194008997890539,8.756113915259096
5579,FMAT,453697.913506993,5678561.43364108,0.0,0.0,0.0,0.0,5.619645595550537,,1.064766526222229,0.0,0.0,,0.3143129356208202,8.567959109632374
5580,FMAT,453698.745962815,5678561.15887614,0.0,0.0,0.0,0.0,6.509371280670166,,1.0631657838821411,0.0,0.0,,0.2771085974502347,8.715752400048151
5581,FMAT,453699.500941255,5678560.8137401,0.0,0.0,0.0,0.0,3.210923671722412,,1.0402827262878418,0.0,0.0,,0.2985476802891204,8.537837545165628
5582,FMAT,453700.169409464,5678560.46254633,0.0,0.0,0.0,0.0,12.710036277770996,,1.1015417575836182,0.0,0.0,,0.2957733080410888,8.556948510099227
5583,FMAT,453700.821273956,5678559.99140001,0.0,0.0,0.0,0.0,3.208567380905152,,1.041104793548584,0.0,0.0,,0.2620131511300032,8.381821547278811
5584,FMAT,453701.412715062,5678559.49326386,0.0,0.0,0.0,0.0,6.365977764129639,,1.0387651920318604,0.0,0.0,,0.2971686210052737,7.929013124023188
5585,FMAT,453702.116315796,5678559.05460496,0.0,0.0,0.0,0.0,9.682741165161133,,1.0724201202392578,0.0,0.0,,0.2874952483474302,8.219390251997321
5586,FMAT,453702.801903021,5678558.7356949,0.0,0.0,0.0,0.0,9.058292388916016,,1.051014423370361,0.0,0.0,,0.277850811911758,8.411787757262251
5587,FMAT,453703.400849518,5678558.43292174,0.0,0.0,0.0,0.0,4.205103874206543,,1.01298725605011,0.0,0.0,,0.2929669589624279,8.688671881653155
5588,FMAT,453703.982591836,5678558.11229108,0.0,0.0,0.0,0.0,5.160952091217041,,1.0268765687942505,0.0,0.0,,0.2751969657891281,8.923995102158155
5589,FMAT,453704.581616557,5678557.79620108,0.0,0.0,0.0,0.0,9.146605491638184,,1.029350757598877,0.0,0.0,,0.2575640325121396,8.716489355852598
5590,FMAT,453705.136253852,5678557.66962016,0.0,0.0,0.0,0.0,3.6921041011810303,,1.0157390832901,0.0,0.0,,0.2820837381500252,8.822955177805246
5591,FMAT,453705.655771507,5678557.62828473,0.0,0.0,0.0,0.0,11.170071601867676,,1.0464560985565186,0.0,0.0,,0.3101294450120603,8.280259731229481
5592,FMAT,453706.427907749,5678557.30877357,0.0,0.0,0.0,0.0,8.318574905395508,,1.0311678647994995,0.0,0.0,,0.2956953574703326,8.381745659555346
5593,FMAT,453707.295913143,5678556.87552011,0.0,0.0,0.0,0.0,5.671891212463379,,1.0496187210083008,0.0,0.0,,0.2875715634075324,7.792041347398056
5594,FMAT,453708.137055047,5678556.59525644,0.0,0.0,0.0,0.0,2.0222623348236084,,1.0125349760055542,0.0,0.0,,0.2981036567349698,7.51521349128031
5595,FMAT,453708.891066818,5678556.41435934,0.0,0.0,0.0,0.0,3.0520050525665283,,1.0178072452545166,0.0,0.0,,0.2930368329282461,7.774057438700905
5596,FMAT,453709.575824774,5678556.23638423,0.0,0.0,0.0,0.0,3.667469739913941,,1.024191975593567,0.0,0.0,,0.275164432986256,7.716548924201108
5597,FMAT,453710.372918612,5678556.08792357,0.0,0.0,0.0,0.0,7.266114711761475,,1.0625154972076416,0.0,0.0,,0.2675301524867233,7.763691488530608
5598,FMAT,453711.29988527,5678555.93023861,0.0,0.0,0.0,0.0,11.800995826721191,,1.0679752826690674,0.0,0.0,,0.2934245142686669,7.60212860934463
5599,FMAT,453712.140746333,5678555.69769284,0.0,0.0,0.0,0.0,14.390060424804688,,1.077523112297058,0.0,0.0,,0.2987863321390936,7.64749656842357
5600,FMAT,453712.990568306,5678555.41304062,0.0,0.0,0.0,0.0,4.253256797790527,,1.003751277923584,0.0,0.0,,0.312958404617632,7.681358688646908
5601,FMAT,453713.719184706,5678555.13544401,0.0,0.0,0.0,0.0,2.700937509536743,,1.0033100843429563,0.0,0.0,,0.35938524821914,7.820861408761012
5602,FMAT,453714.34388452,5678554.86833399,0.0,0.0,0.0,0.0,8.72409725189209,,1.036920428276062,0.0,0.0,,0.3656162773608501,7.856672731880152
5603,FMAT,453715.037609683,5678554.63714232,0.0,0.0,0.0,0.0,7.586311817169189,,1.0338828563690186,0.0,0.0,,0.4201875991529187,8.02655513337215
5604,FMAT,453715.818021079,5678554.38204539,0.0,0.0,0.0,0.0,14.222057342529297,,1.0564985275268557,0.0,0.0,,0.4298246705998349,7.94495087104686
5605,FMAT,453716.598484618,5678554.11807056,0.0,0.0,0.0,0.0,5.747950553894043,,1.01764976978302,0.0,0.0,,0.3775765284580902,8.13875798120403
5606,FMAT,453717.327381324,5678553.79275528,0.0,0.0,0.0,0.0,7.458856582641602,,1.023106336593628,0.0,0.0,,0.3446897837334566,8.397617026601452
5607,FMAT,453718.117164522,5678553.41563886,0.0,0.0,0.0,0.0,2.135353803634644,,1.0777342319488523,0.0,0.0,,0.34233400550386,8.521784648431291
5608,FMAT,453718.768205274,5678553.08431688,0.0,0.0,0.0,0.0,3.014011859893799,,1.034218192100525,0.0,0.0,,0.4218722212385941,8.603733801486618
5609,FMAT,453719.419350359,5678552.73523918,0.0,0.0,0.0,0.0,14.479697227478027,,1.0421916246414185,0.0,0.0,,0.435973440793765,8.702848863195172
5610,FMAT,453720.165946808,5678552.34344168,0.0,0.0,0.0,0.0,3.214479684829712,,1.017204523086548,0.0,0.0,,0.3456685278191679,8.928470647572441
5611,FMAT,453720.912380082,5678551.97938733,0.0,0.0,0.0,0.0,3.450087785720825,,1.0124118328094482,0.0,0.0,,0.3181940223830476,8.765979262640368
5612,FMAT,453721.650132918,5678551.61972095,0.0,0.0,0.0,0.0,5.328788757324219,,1.0181334018707275,0.0,0.0,,0.2711489110939621,8.65035278649171
5613,FMAT,453722.352994607,5678551.30645959,0.0,0.0,0.0,0.0,8.21212100982666,,1.0475057363510132,0.0,0.0,,0.2623260007592973,8.637320441678158
5614,FMAT,453723.038417224,5678551.01529099,0.0,0.0,0.0,0.0,8.326990127563477,,1.049666166305542,0.0,0.0,,0.2506001306466534,8.563778763822258
5615,FMAT,453723.697987888,5678550.70510432,0.0,0.0,0.0,0.0,11.90730094909668,,1.0673061609268188,0.0,0.0,,0.2330323488515889,9.191227803826608
5616,FMAT,453724.392306044,5678550.37292652,0.0,0.0,0.0,0.0,6.508763790130615,,1.0276460647583008,0.0,0.0,,0.2053692620565445,9.565530025514658
5617,FMAT,453725.121352112,5678550.02208677,0.0,0.0,0.0,0.0,9.371297836303713,,1.07390558719635,0.0,0.0,,0.1749666387200149,9.234621711943234
5618,FMAT,453725.789655157,5678549.69863406,0.0,0.0,0.0,0.0,5.858420372009277,,1.0680960416793823,0.0,0.0,,0.1334232426002356,8.937196833085107
5619,FMAT,453726.466638504,5678549.37079324,0.0,0.0,0.0,0.0,10.363408088684082,,1.0699231624603271,0.0,0.0,,0.0819847484264927,9.034603502064622
5620,FMAT,453727.169760724,5678549.01314232,0.0,0.0,0.0,0.0,3.9191296100616455,,1.0475049018859863,0.0,0.0,,0.1245785742418827,8.970500996718444
5621,FMAT,453727.85548302,5678548.67092578,0.0,0.0,0.0,0.0,5.655303478240967,,1.0443849563598633,0.0,0.0,,0.1402458114500559,9.206009273271803
5622,FMAT,453728.61057637,5678548.30581185,0.0,0.0,0.0,0.0,7.006270885467529,,1.05661940574646,0.0,0.0,,0.1850420551676058,9.345232528544962
5623,FMAT,453729.34822414,5678547.9639004,0.0,0.0,0.0,0.0,3.7735419273376474,,1.020339012145996,0.0,0.0,,0.159259582772951,9.554066938689711
5624,FMAT,453730.076728369,5678547.70516767,0.0,0.0,0.0,0.0,8.780440330505371,,1.0241299867630005,0.0,0.0,,0.1596673034598705,9.671473851742943
5625,FMAT,453730.831143163,5678547.4554653,0.0,0.0,0.0,0.0,6.970939159393311,,1.0497504472732544,0.0,0.0,,0.1626254447944363,9.811601189523122
5626,FMAT,453731.663805036,5678547.14518559,0.0,0.0,0.0,0.0,4.913318634033203,,1.0203580856323242,0.0,0.0,,0.1482103720586917,9.666184345756289
5627,FMAT,453732.418487145,5678546.84998419,0.0,0.0,0.0,0.0,1.5090430974960327,,1.009969711303711,0.0,0.0,,0.1452338573652109,9.286753869398174
5628,FMAT,453733.155788922,5678546.56688801,0.0,0.0,0.0,0.0,5.730396270751953,,1.036174774169922,0.0,0.0,,0.1623707204047455,9.136867860490922
5629,FMAT,453733.945107542,5678546.26856075,0.0,0.0,0.0,0.0,3.662590265274048,,1.0721919536590576,0.0,0.0,,0.1682133246403994,8.861120699988547
5630,FMAT,453734.699782956,5678545.97446886,0.0,0.0,0.0,0.0,7.43171501159668,,1.0307554006576538,0.0,0.0,,0.1971880926516634,8.7977209029748
5631,FMAT,453735.341542005,5678545.74962861,0.0,0.0,0.0,0.0,9.153034210205078,,1.1073570251464844,0.0,0.0,,0.175694737840005,9.042598944540934
5632,FMAT,453736.026689723,5678545.50506748,0.0,0.0,0.0,0.0,19.08123016357422,,1.1071088314056396,0.0,0.0,,0.1214760558626084,9.128104003234183
5633,FMAT,453736.755728291,5678545.15533639,0.0,0.0,0.0,0.0,11.158833503723145,,1.044525146484375,0.0,0.0,,0.1314745736002885,9.761954972195571
5634,FMAT,453737.415408779,5678544.82628319,0.0,0.0,0.0,0.0,10.069537162780762,,1.048438549041748,0.0,0.0,,0.1250910095618561,10.436354208886447
5635,FMAT,453738.057748079,5678544.50267686,0.0,0.0,0.0,0.0,8.14660358428955,,1.0589473247528076,0.0,0.0,,0.1427620151006861,10.527763168996556
5636,FMAT,453738.821638281,5678544.11319878,0.0,0.0,0.0,0.0,8.955535888671875,,1.0751802921295166,0.0,0.0,,0.2083306547648717,10.17488872406955
5637,FMAT,453739.533452847,5678543.74893924,0.0,0.0,0.0,0.0,8.334112167358398,,1.047518014907837,0.0,0.0,,0.2454564797057085,9.615079821514724
5638,FMAT,453740.356696716,5678543.568446,0.0,0.0,0.0,0.0,8.767165184020996,,1.0739147663116455,0.0,0.0,,0.2445450658963719,9.587326328527688
5639,FMAT,453741.309943571,5678543.35653338,0.0,0.0,0.0,0.0,11.432371139526367,,1.0309922695159912,0.0,0.0,,0.2570983011416022,9.72259361100643
5640,FMAT,453742.012725467,5678543.05658703,0.0,0.0,0.0,0.0,7.677097797393799,,1.023526310920715,0.0,0.0,,0.2375783695737957,9.997328426299289
5641,FMAT,453742.620127861,5678542.78715361,0.0,0.0,0.0,0.0,9.308091163635254,,1.0549650192260742,0.0,0.0,,0.2440557886688891,10.032319741778704
5642,FMAT,453743.40979134,5678542.43000978,0.0,0.0,0.0,0.0,13.30766487121582,,1.0655360221862793,0.0,0.0,,0.2716752790681093,10.538357988896491
5643,FMAT,453744.138757556,5678542.09248502,0.0,0.0,0.0,0.0,4.247684001922607,,1.0101349353790283,0.0,0.0,,0.27198429386133,10.57021503337022
5644,FMAT,453744.824354606,5678541.77135186,0.0,0.0,0.0,0.0,3.4389922618865967,,1.1971269845962524,0.0,0.0,,0.2643705169712528,10.469185795836225
5645,FMAT,453745.466354273,5678541.50545082,0.0,0.0,0.0,0.0,2.489689826965332,,1.0105674266815186,0.0,0.0,,0.2466446202405282,10.018289223706882
5646,FMAT,453746.108432143,5678541.22623298,0.0,0.0,0.0,0.0,3.148277521133423,,1.0119699239730835,0.0,0.0,,0.2130135770435499,9.777236005168296
5647,FMAT,453746.776361896,5678540.96603303,0.0,0.0,0.0,0.0,11.532925605773926,,1.0459266901016235,0.0,0.0,,0.2106744481262461,9.604790329856051
5648,FMAT,453747.296804078,5678540.76711339,0.0,0.0,0.0,0.0,9.108319282531738,,1.0248804092407229,0.0,0.0,,0.1908870741018396,9.784569297763468
5649,FMAT,453748.052117442,5678540.36426683,0.0,0.0,0.0,0.0,11.500941276550291,,1.0276808738708496,0.0,0.0,,0.2044538682954836,9.462167390306863
5650,FMAT,453748.746694437,5678539.98769775,0.0,0.0,0.0,0.0,4.635185718536377,,1.0362272262573242,0.0,0.0,,0.1920338865636966,9.270508964241328
5651,FMAT,453749.397863168,5678539.63417867,0.0,0.0,0.0,0.0,9.979147911071776,,1.0207433700561523,0.0,0.0,,0.234659266906846,8.879834062843678
5652,FMAT,453749.97948483,5678539.33351974,0.0,0.0,0.0,0.0,0.130985140800476,,1.011060118675232,0.0,0.0,,0.2502897535626157,9.15153200150282
5653,FMAT,453750.587121374,5678539.02413548,0.0,0.0,0.0,0.0,12.986249923706056,,1.0478641986846924,0.0,0.0,,0.2565762602990083,9.188266977055337
5654,FMAT,453751.272926519,5678538.66749045,0.0,0.0,0.0,0.0,7.06844425201416,,1.020735740661621,0.0,0.0,,0.2519019078360783,8.70448784521091
5655,FMAT,453751.889197656,5678538.36148612,0.0,0.0,0.0,0.0,7.290882110595703,,1.0294986963272097,0.0,0.0,,0.1540088229798773,7.759907227937989
5656,FMAT,453752.479356028,5678538.08085298,0.0,0.0,0.0,0.0,11.887999534606934,,1.0531331300735474,0.0,0.0,,0.1698652122669237,7.438513721464209
5657,FMAT,453753.112837786,5678537.79159617,0.0,0.0,0.0,0.0,9.175259590148926,,1.0872937440872192,0.0,0.0,,0.2054454691634194,7.1887425043853295
5658,FMAT,453753.720167671,5678537.53436891,0.0,0.0,0.0,0.0,11.460464477539062,,1.0888686180114746,0.0,0.0,,0.2519244182575953,7.088678410717008
5659,FMAT,453754.301202265,5678537.33358525,0.0,0.0,0.0,0.0,12.393651008605955,,1.0707502365112305,0.0,0.0,,0.2395266341022679,7.094048260889657
5660,FMAT,453754.899525777,5678537.13623241,0.0,0.0,0.0,0.0,3.0492172241210938,,1.002293348312378,0.0,0.0,,0.2170602154738173,6.447477061026113
5661,FMAT,453755.532466275,5678536.93908289,0.0,0.0,0.0,0.0,4.078408241271973,,1.018489122390747,0.0,0.0,,0.2127035140490386,6.329737241212632
5662,FMAT,453756.165491488,5678536.72750685,0.0,0.0,0.0,0.0,3.0397748947143555,,1.01279616355896,0.0,0.0,,0.2144589917042774,6.122768923127874
5663,FMAT,453756.764056111,5678536.48909391,0.0,0.0,0.0,0.0,1.3477294445037842,,1.003065824508667,0.0,0.0,,0.2134915214718706,6.202603879338403
5664,FMAT,453757.380059582,5678536.22858803,0.0,0.0,0.0,0.0,3.66735315322876,,1.0167971849441528,0.0,0.0,,0.2279568134067563,6.461391991628465
5665,FMAT,453757.98751958,5678535.94916587,0.0,0.0,0.0,0.0,7.466405391693115,,1.046817183494568,0.0,0.0,,0.2334791017896637,6.952442557034344
5666,FMAT,453758.621216079,5678535.62328758,0.0,0.0,0.0,0.0,16.703968048095703,,1.0595552921295166,0.0,0.0,,0.2133048358482682,7.18253523945011
5667,FMAT,453759.272247104,5678535.29307199,0.0,0.0,0.0,0.0,2.4928715229034424,,1.049246907234192,0.0,0.0,,0.2009073017663243,8.057269666345626
5668,FMAT,453759.992486007,5678534.96770195,0.0,0.0,0.0,0.0,8.450204849243164,,1.1077708005905151,0.0,0.0,,0.175389470534939,8.390184329804956
5669,FMAT,453760.66927108,5678534.67315007,0.0,0.0,0.0,0.0,5.986216068267822,,1.0174392461776731,0.0,0.0,,0.1553764154213255,8.261215340279229
5670,FMAT,453761.372136182,5678534.35877553,0.0,0.0,0.0,0.0,9.086350440979004,,1.0246635675430298,0.0,0.0,,0.150665072258376,7.906892571834293
5671,FMAT,453762.005578196,5678534.07617638,0.0,0.0,0.0,0.0,12.01413917541504,,1.0343302488327026,0.0,0.0,,0.1936742916004728,7.732042456595577
5672,FMAT,453762.647974254,5678533.7425805,0.0,0.0,0.0,0.0,6.743244171142578,,1.0153117179870603,0.0,0.0,,0.2203265344052266,7.624930206420552
5673,FMAT,453763.368336718,5678533.3961253,0.0,0.0,0.0,0.0,2.436237573623657,,1.017353057861328,0.0,0.0,,0.2451784798857455,7.458971546383279
5674,FMAT,453764.010432832,5678533.11357683,0.0,0.0,0.0,0.0,6.756432056427002,,1.0128546953201294,0.0,0.0,,0.2902135852986268,7.724484039739472
5675,FMAT,453764.626227219,5678532.8885817,0.0,0.0,0.0,0.0,5.20201301574707,,1.0097448825836182,0.0,0.0,,0.3051835305348258,7.685377931835314
5676,FMAT,453765.285084239,5678532.69935199,0.0,0.0,0.0,0.0,9.040410995483398,,1.068855047225952,0.0,0.0,,0.3049146238897822,7.863187089708421
5677,FMAT,453765.961412674,5678532.48248067,0.0,0.0,0.0,0.0,4.3171563148498535,,1.0383447408676147,0.0,0.0,,0.2865108074001582,8.60763997239459
5678,FMAT,453766.655016974,5678532.27125958,0.0,0.0,0.0,0.0,10.37729263305664,,1.030830144882202,0.0,0.0,,0.2478944659736282,9.05261917079252
5679,FMAT,453767.400618419,5678532.04813639,0.0,0.0,0.0,0.0,6.6420416831970215,,1.0365302562713623,0.0,0.0,,0.258317211916285,8.85591350241901
5680,FMAT,453768.111648454,5678531.81704172,0.0,0.0,0.0,0.0,5.3376874923706055,,1.0117151737213137,0.0,0.0,,0.25506756888039,8.691794650176908
5681,FMAT,453768.883544938,5678531.5374747,0.0,0.0,0.0,0.0,14.088340759277344,,1.0909589529037476,0.0,0.0,,0.2373591143990016,8.950103650921665
5682,FMAT,453769.499482437,5678531.28806516,0.0,0.0,0.0,0.0,8.01386547088623,,1.0468285083770752,0.0,0.0,,0.2582306050818244,8.876088263148675
5683,FMAT,453770.107032854,5678530.99310588,0.0,0.0,0.0,0.0,5.533552169799805,,1.0225805044174194,0.0,0.0,,0.2578936284158259,8.920281512624399
5684,FMAT,453770.663146527,5678530.61461195,0.0,0.0,0.0,0.0,3.2564940452575684,,1.0122488737106323,0.0,0.0,,0.2911313913446732,9.491024499350493
5685,FMAT,453771.279755147,5678530.25090022,0.0,0.0,0.0,0.0,12.800396919250488,,1.03143310546875,0.0,0.0,,0.2920193499108657,9.62223316051608
5686,FMAT,453771.991351871,5678529.92325881,0.0,0.0,0.0,0.0,7.6598801612854,,1.018781065940857,0.0,0.0,,0.2963063700011316,9.617703723429187
5687,FMAT,453772.685574876,5678529.60661298,0.0,0.0,0.0,0.0,11.379923820495604,,1.0348100662231443,0.0,0.0,,0.3360172498580918,9.916849640344743
5688,FMAT,453773.345174328,5678529.29087353,0.0,0.0,0.0,0.0,8.446691513061523,,1.0224575996398926,0.0,0.0,,0.298283629736166,10.10255196200454
5689,FMAT,453773.987360973,5678528.99278804,0.0,0.0,0.0,0.0,4.295870304107666,,1.0322537422180176,0.0,0.0,,0.2707029520317113,10.340497469031025
5690,FMAT,453774.672870919,5678528.68607877,0.0,0.0,0.0,0.0,7.769275665283203,,1.035647988319397,0.0,0.0,,0.2627378447846088,11.10764311698324
5691,FMAT,453775.410247628,5678528.38966191,0.0,0.0,0.0,0.0,5.123618125915527,,1.054582595825195,0.0,0.0,,0.2975968802780203,11.975574859087075
5692,FMAT,453776.121433479,5678528.13193303,0.0,0.0,0.0,0.0,9.763046264648438,,1.0240918397903442,0.0,0.0,,0.3134722368929376,12.215668172524282
5693,FMAT,453776.849764865,5678527.90204894,0.0,0.0,0.0,0.0,11.680761337280272,,1.0344769954681396,0.0,0.0,,0.3252010154503715,12.158448773473486
5694,FMAT,453777.586796062,5678527.66444749,0.0,0.0,0.0,0.0,22.665903091430664,,1.1270437240600586,0.0,0.0,,0.3254754489777854,11.618697101185807
5695,FMAT,453778.315355416,5678527.39572276,0.0,0.0,0.0,0.0,4.713903427124023,,1.021531343460083,0.0,0.0,,0.355290299563284,11.364377856514588
5696,FMAT,453779.104631255,5678527.10404937,0.0,0.0,0.0,0.0,9.459868431091309,,1.0309263467788696,0.0,0.0,,0.3118402454553994,11.538351779685929
5697,FMAT,453779.83315793,5678526.84087314,0.0,0.0,0.0,0.0,3.845111608505249,,1.0130506753921509,0.0,0.0,,0.3297793705295315,11.025701564337783
5698,FMAT,453780.492242115,5678526.61280165,0.0,0.0,0.0,0.0,8.296638488769531,,1.0303118228912354,0.0,0.0,,0.3466362619157704,10.28860995259824
5699,FMAT,453781.281498245,5678526.32445723,0.0,0.0,0.0,0.0,2.9011940956115723,,1.0022732019424438,0.0,0.0,,0.3174446148169089,9.52349798047726
5700,FMAT,453781.975459928,5678526.05219972,0.0,0.0,0.0,0.0,8.212381362915039,,1.0155078172683716,0.0,0.0,,0.2976998031563523,9.401768060229816
5701,FMAT,453782.678114897,5678525.7733346,0.0,0.0,0.0,0.0,8.79297161102295,,1.0197880268096924,0.0,0.0,,0.2937291293825615,9.085860195791426
5702,FMAT,453783.372115576,5678525.4944186,0.0,0.0,0.0,0.0,2.132185935974121,,1.0203604698181152,0.0,0.0,,0.3004617577095099,8.814877851888266
5703,FMAT,453784.12683922,5678525.19144418,0.0,0.0,0.0,0.0,4.007811546325684,,1.009115219116211,0.0,0.0,,0.3502050022097332,8.118643060408166
5704,FMAT,453784.812387523,5678524.87807566,0.0,0.0,0.0,0.0,5.7730793952941895,,1.018486499786377,0.0,0.0,,0.3584089404648105,7.701662323370495
5705,FMAT,453785.498320154,5678524.49923308,0.0,0.0,0.0,0.0,12.79660701751709,,1.0300065279006958,0.0,0.0,,0.3871198567049462,7.333035432173238
5706,FMAT,453786.132079719,5678524.1622553,0.0,0.0,0.0,0.0,8.840063095092773,,1.0157291889190674,0.0,0.0,,0.4206986604445938,7.2614451288364705
5707,FMAT,453786.748322279,5678523.86068718,0.0,0.0,0.0,0.0,2.7326104640960693,,1.0151115655899048,0.0,0.0,,0.4529635883522737,7.229528306715829
5708,FMAT,453787.37327766,5678523.54918225,0.0,0.0,0.0,0.0,5.8851752281188965,,1.008547306060791,0.0,0.0,,0.4680012686866791,7.115999680713894
5709,FMAT,453788.024215249,5678523.2345005,0.0,0.0,0.0,0.0,2.790769100189209,,1.0032100677490234,0.0,0.0,,0.4368489347079326,6.577488963344048
5710,FMAT,453788.727143359,5678522.90902624,0.0,0.0,0.0,0.0,7.397367477416992,,1.0226118564605713,0.0,0.0,,0.4493415668328764,5.963678016556609
5711,FMAT,453789.412521898,5678522.62451026,0.0,0.0,0.0,0.0,2.567267894744873,,1.0166832208633425,0.0,0.0,,0.4106834685328059,5.929841702733439
5712,FMAT,453790.071664074,5678522.38645042,0.0,0.0,0.0,0.0,2.6069531440734863,,1.0059239864349363,0.0,0.0,,0.384087724637173,5.807057288005008
5713,FMAT,453790.756866634,5678522.13189701,0.0,0.0,0.0,0.0,2.384464979171753,,1.0072965621948242,0.0,0.0,,0.3229641290953904,5.918082276317992
5714,FMAT,453791.502870286,5678521.83996836,0.0,0.0,0.0,0.0,5.222504138946533,,1.0097885131835938,0.0,0.0,,0.330082916767605,6.730754531951236
5715,FMAT,453792.162403176,5678521.53532463,0.0,0.0,0.0,0.0,2.2746002674102783,,1.0020829439163208,0.0,0.0,,0.3393458574591793,7.306912468770706
5716,FMAT,453792.735934316,5678521.13806537,0.0,0.0,0.0,0.0,5.1938323974609375,,1.0209976434707642,0.0,0.0,,0.3246257498728179,7.461983096122269
5717,FMAT,453793.162532306,5678520.70776036,0.0,0.0,0.0,0.0,1.816417932510376,,1.0018925666809082,0.0,0.0,,0.3131684812487063,7.7413921616749235
5718,FMAT,453793.520300226,5678520.20824575,0.0,0.0,0.0,0.0,7.715128421783447,,1.0135555267333984,0.0,0.0,,0.2700446135858029,8.091283421918092
5719,FMAT,453793.826637753,5678519.62408696,0.0,0.0,0.0,0.0,11.164183616638184,,1.0267446041107178,0.0,0.0,,0.2643155475566343,8.621991094006399
5720,FMAT,453794.055041539,5678519.04723908,0.0,0.0,0.0,0.0,5.319453716278076,,1.0110692977905271,0.0,0.0,,0.254628914998065,8.920022841055946
5721,FMAT,453794.214328678,5678518.45000969,0.0,0.0,0.0,0.0,7.260738849639893,,1.0447078943252563,0.0,0.0,,0.3261098092293181,9.645880239907004
5722,FMAT,453794.304518723,5678517.82906961,0.0,0.0,0.0,0.0,3.9031941890716553,,1.0085091590881348,0.0,0.0,,0.3681290139460368,10.343096909555795
5723,FMAT,453794.334226843,5678517.19112802,0.0,0.0,0.0,0.0,11.095186233520508,,1.0295757055282593,0.0,0.0,,0.3860032887398148,9.878406553221224
5724,FMAT,453794.312231046,5678516.51515086,0.0,0.0,0.0,0.0,8.353686332702637,,1.0149657726287842,0.0,0.0,,0.3376082467122585,8.97502855756574
5725,FMAT,453794.2296817,5678515.8343792,0.0,0.0,0.0,0.0,9.296332359313965,,1.0176812410354614,0.0,0.0,,0.2793389884074131,8.895998396829977
5726,FMAT,453794.06960908,5678515.09100556,0.0,0.0,0.0,0.0,4.002840995788574,,1.0118486881256104,0.0,0.0,,0.2606531530293571,8.641926653336803
5727,FMAT,453793.86601131,5678514.39065734,0.0,0.0,0.0,0.0,7.899710178375244,,1.0209412574768066,0.0,0.0,,0.2621700583874743,8.706909158953705
5728,FMAT,453793.636405296,5678513.69792481,0.0,0.0,0.0,0.0,2.41404390335083,,1.018218755722046,0.0,0.0,,0.372695227162501,8.631964261980116
5729,FMAT,453793.389614637,5678512.98400583,0.0,0.0,0.0,0.0,7.813395023345947,,1.1438498497009275,0.0,0.0,,0.2956457325147868,7.930160451629909
5730,FMAT,453793.14298036,5678512.24345336,0.0,0.0,0.0,0.0,6.0780415534973145,,1.0108884572982788,0.0,0.0,,0.2934301288161562,8.29172651678362
5731,FMAT,453792.879226582,5678511.47061715,0.0,0.0,0.0,0.0,11.23359489440918,,1.0215891599655151,0.0,0.0,,0.302102304626245,8.877295311916876
5732,FMAT,453792.624074973,5678510.70670955,0.0,0.0,0.0,0.0,7.555582046508789,,1.0136066675186155,0.0,0.0,,0.3287304649568323,9.37776419483598
5733,FMAT,453792.351484685,5678509.96489492,0.0,0.0,0.0,0.0,6.114771842956543,,1.0209598541259766,0.0,0.0,,0.4164982502278357,9.513501119073014
5734,FMAT,453792.070298856,5678509.21304192,0.0,0.0,0.0,0.0,7.667478561401367,,1.027225136756897,0.0,0.0,,0.384484167707148,9.332777110538148
5735,FMAT,453791.780387201,5678508.47334513,0.0,0.0,0.0,0.0,10.238624572753906,,1.020238161087036,0.0,0.0,,0.3675869242565204,9.752942002875969
5736,FMAT,453791.499168914,5678507.72704075,0.0,0.0,0.0,0.0,8.524295806884766,,1.0210044384002686,0.0,0.0,,0.4490018441880132,9.704049815965323
5737,FMAT,453791.209250856,5678506.98845365,0.0,0.0,0.0,0.0,1.7176467180252075,,1.00212824344635,0.0,0.0,,0.429968648937336,9.124059208600723
5738,FMAT,453790.937201524,5678506.15453149,0.0,0.0,0.0,0.0,5.79900598526001,,1.0129369497299194,0.0,0.0,,0.5197626430774276,9.713467309657805
5739,FMAT,453790.674151727,5678505.26184449,0.0,0.0,0.0,0.0,7.648945331573486,,1.009997010231018,0.0,0.0,,0.5107288669669536,9.453898824429508
5740,FMAT,453790.427902306,5678504.45581793,0.0,0.0,0.0,0.0,13.108845710754396,,1.037522554397583,0.0,0.0,,0.4770390548646845,8.895038539977188
5741,ALG,453790.156048581,5678503.58860387,0.0,0.0,0.0,0.0,5.160052299499512,,1.0074180364608765,0.0,0.0,,0.4629251417275363,8.942084227959114
5742,ALG,453789.92689924,5678502.8181902,0.0,0.0,0.0,0.0,4.921325206756592,,1.0056202411651611,0.0,0.0,,0.4391922779834659,9.03275948986414
5743,ALG,453789.654374638,5678502.06527818,0.0,0.0,0.0,0.0,14.094649314880373,,1.0330121517181396,0.0,0.0,,0.3721899640599019,9.406234172675711
5744,ALG,453789.373111187,5678501.32674181,0.0,0.0,0.0,0.0,9.602667808532717,,1.0223259925842283,0.0,0.0,,0.3932180062931114,9.020133028525684
5745,ALG,453789.083284781,5678500.57261843,0.0,0.0,0.0,0.0,8.010136604309082,,1.011271357536316,0.0,0.0,,0.4348091775426,8.37307762397485
5746,ALG,453788.793419344,5678499.82515341,0.0,0.0,0.0,0.0,5.730387210845947,,1.014110445976257,0.0,0.0,,0.5483450091416926,8.131115886857215
5747,ALG,453788.468735164,5678499.11188675,0.0,0.0,0.0,0.0,2.5766823291778564,,1.0210200548171997,0.0,0.0,,0.5382017748188753,8.353683024593996
5748,ALG,453788.117971148,5678498.41844277,0.0,0.0,0.0,0.0,3.705764770507813,,1.0037202835083008,0.0,0.0,,0.4780838462773731,8.667327286291272
5749,ALG,453787.767565504,5678497.6639637,0.0,0.0,0.0,0.0,5.731602191925049,,1.0158363580703735,0.0,0.0,,0.4994166827281167,8.425531562723393
5750,ALG,453787.400411783,5678496.81394634,0.0,0.0,0.0,0.0,6.207282543182373,,1.0242016315460205,0.0,0.0,,0.5246398208146646,8.158097130455355
5751,ALG,453787.024851502,5678495.92170845,0.0,0.0,0.0,0.0,4.284850597381592,,1.051687717437744,0.0,0.0,,0.4433018025105636,8.32668216371901
5752,ALG,453786.648489971,5678495.16596718,0.0,0.0,0.0,0.0,3.1458373069763184,,1.0050764083862305,0.0,0.0,,0.4227264088456565,8.769771037236135
5753,ALG,453786.271861403,5678494.45572476,0.0,0.0,0.0,0.0,5.278940677642822,,1.045587182044983,0.0,0.0,,0.3888975688330226,9.16263423303548
5754,ALG,453785.912795398,5678493.70230453,0.0,0.0,0.0,0.0,3.084033250808716,,1.0106735229492188,0.0,0.0,,0.3988959842275879,8.931515160760911
5755,ALG,453785.562468363,5678492.9345086,0.0,0.0,0.0,0.0,3.0013012886047363,,1.0633575916290283,0.0,0.0,,0.4213348809401887,9.562854531803362
5756,ALG,453785.263766931,5678492.21806503,0.0,0.0,0.0,0.0,8.825837135314941,,1.0190938711166382,0.0,0.0,,0.3555931281552124,9.56503774994384
5757,ALG,453784.982575927,5678491.46732148,0.0,0.0,0.0,0.0,10.877010345458984,,1.0891221761703491,0.0,0.0,,0.3612317154129099,9.38214165182566
5758,ALG,453784.719234146,5678490.62457204,0.0,0.0,0.0,0.0,4.991902828216553,,1.0196248292922974,0.0,0.0,,0.4819712018116048,9.196076758803107
5759,ALG,453784.507693838,5678489.8032123,0.0,0.0,0.0,0.0,10.034307479858398,,1.033789038658142,0.0,0.0,,0.4297948776890796,8.625780735906224
5760,FMAT,453784.296231762,5678488.9685358,0.0,0.0,0.0,0.0,4.174262523651123,,1.0203429460525513,0.0,0.0,,0.4394167661960906,8.34344659623874
5761,FMAT,453784.041368429,5678488.15579982,0.0,0.0,0.0,0.0,12.62519359588623,,1.1281466484069824,0.0,0.0,,0.4101632827889436,7.942954856252639
5762,FMAT,453783.760275425,5678487.38841028,0.0,0.0,0.0,0.0,2.069998979568481,,1.01298725605011,0.0,0.0,,0.4690940199144482,8.444122692368122
5763,FMAT,453783.444780691,5678486.58419645,0.0,0.0,0.0,0.0,1.0182595252990725,,1.003133773803711,0.0,0.0,,0.4683938979352409,8.06274632960511
5764,FMAT,453783.12905147,5678485.81993283,0.0,0.0,0.0,0.0,3.305739641189575,,1.0094350576400757,0.0,0.0,,0.4705668384407526,7.709442136102943
5765,FMAT,453782.804316282,5678485.11554374,0.0,0.0,0.0,0.0,8.99626350402832,,1.0147801637649536,0.0,0.0,,0.4705028438377548,7.141650037134245
5766,FMAT,453782.43632972,5678484.40757139,0.0,0.0,0.0,0.0,3.966460466384888,,1.009301781654358,0.0,0.0,,0.5307525322038278,7.118880885320726
5767,FMAT,453782.06834974,5678483.6984893,0.0,0.0,0.0,0.0,7.4394097328186035,,1.0156843662261963,0.0,0.0,,0.4592776632436016,7.310462563143917
5768,FMAT,453781.735071305,5678482.97518396,0.0,0.0,0.0,0.0,8.239664077758789,,1.0574445724487305,0.0,0.0,,0.457644769983659,7.911915045402636
5769,FMAT,453781.453848409,5678482.2299889,0.0,0.0,0.0,0.0,5.810400009155273,,1.0315314531326294,0.0,0.0,,0.4019456501936613,8.023908619917231
5770,FMAT,453781.207098987,5678481.50941112,0.0,0.0,0.0,0.0,8.794553756713867,,1.0152153968811035,0.0,0.0,,0.3729798059691845,8.594614288622145
5771,FMAT,453780.986116715,5678480.82227763,0.0,0.0,0.0,0.0,1.867637038230896,,1.0047167539596558,0.0,0.0,,0.3037646557330634,9.573995161110398
5772,FMAT,453780.635230399,5678480.14991813,0.0,0.0,0.0,0.0,1.2160072326660156,,1.0042166709899902,0.0,0.0,,0.289456295278062,10.695915704957846
5773,FMAT,453780.214315692,5678479.61253902,0.0,0.0,0.0,0.0,3.36731505393982,,1.0156636238098145,0.0,0.0,,0.2594252704544467,12.286123073410495
5774,FMAT,453779.732365601,5678479.15248519,0.0,0.0,0.0,0.0,10.236685752868652,,1.0275616645812988,0.0,0.0,,0.2578806017540395,13.310034979969414
5775,FMAT,453779.197975667,5678478.77979502,0.0,0.0,0.0,0.0,10.30436897277832,,1.1120257377624512,0.0,0.0,,0.3018423704060565,13.841430454136834
5776,FMAT,453778.619721874,5678478.50783605,0.0,0.0,0.0,0.0,9.706830024719238,,1.055936574935913,0.0,0.0,,0.3497701291574851,14.561568867799606
5777,FMAT,453778.058118366,5678478.34806127,0.0,0.0,0.0,0.0,19.387134552001957,,1.137110948562622,0.0,0.0,,0.3536859757851223,14.670172199901748
5778,FMAT,453777.513256347,5678478.28493449,0.0,0.0,0.0,0.0,9.260048866271973,,1.0768424272537231,0.0,0.0,,0.3282062665402819,14.43075873722382
5779,FMAT,453776.976533736,5678478.30952705,0.0,0.0,0.0,0.0,14.946001052856444,,1.0807900428771973,0.0,0.0,,0.3116557070303428,13.631880860114451
5780,FMAT,453776.370030233,5678478.42693025,0.0,0.0,0.0,0.0,14.53232479095459,,1.1889022588729858,0.0,0.0,,0.2460729880973115,12.864401590384412
5781,FMAT,453775.832349684,5678478.61465287,0.0,0.0,0.0,0.0,8.157614707946777,,1.1372941732406616,0.0,0.0,,0.2165695140141074,12.576125906058016
5782,FMAT,453775.311488751,5678478.88570674,0.0,0.0,0.0,0.0,10.026002883911133,,1.0892152786254885,0.0,0.0,,0.2105511367711027,11.915331500859285
5783,FMAT,453774.798825804,5678479.23449241,0.0,0.0,0.0,0.0,2.238872528076172,,1.02696430683136,0.0,0.0,,0.2233136475016209,11.50930287309635
5784,FMAT,453774.337657855,5678479.65682507,0.0,0.0,0.0,0.0,12.192663192749023,,1.0556607246398926,0.0,0.0,,0.1785247291714177,11.359263743965398
5785,FMAT,453773.919467556,5678480.12934959,0.0,0.0,0.0,0.0,3.718825101852417,,1.070931315422058,0.0,0.0,,0.1621961247392735,11.067767630321509
5786,FMAT,453773.509501292,5678480.67516701,0.0,0.0,0.0,0.0,6.7873711585998535,,1.0649876594543457,0.0,0.0,,0.1289366672959891,10.73293320723221
5787,FMAT,453773.099300361,5678481.26093464,0.0,0.0,0.0,0.0,8.478331565856934,,1.0327134132385254,0.0,0.0,,0.1209461581392088,10.548283966383067
5788,FMAT,453772.680666754,5678481.80892066,0.0,0.0,0.0,0.0,4.717118263244629,,1.012707233428955,0.0,0.0,,0.1327461867552568,10.80601855398395
5789,FMAT,453772.218644818,5678482.37662766,0.0,0.0,0.0,0.0,3.454832077026367,,1.019722580909729,0.0,0.0,,0.172609790480216,10.113395456236558
5790,FMAT,453771.747883898,5678482.95871027,0.0,0.0,0.0,0.0,3.2436115741729736,,1.0147329568862915,0.0,0.0,,0.1567188140946206,9.43907481772096
5791,FMAT,453771.224963127,5678483.58043816,0.0,0.0,0.0,0.0,3.089367151260376,,1.044047713279724,0.0,0.0,,0.1700137950810599,8.80450886524459
5792,FMAT,453770.667321216,5678484.21971838,0.0,0.0,0.0,0.0,9.698149681091309,,1.094559907913208,0.0,0.0,,0.2200455514706904,9.011278453100145
5793,FMAT,453770.101403022,5678484.79458346,0.0,0.0,0.0,0.0,8.926900863647461,,1.0574321746826172,0.0,0.0,,0.2227855008886667,9.15204751882574
5794,FMAT,453769.526954377,5678485.34831283,0.0,0.0,0.0,0.0,5.1490678787231445,,1.009737253189087,0.0,0.0,,0.223386088205812,9.295638866227575
5795,FMAT,453768.883030932,5678485.94269551,0.0,0.0,0.0,0.0,9.983080863952637,,1.0589293241500854,0.0,0.0,,0.2617939015460769,10.102098868321306
5796,FMAT,453768.256656932,5678486.49611984,0.0,0.0,0.0,0.0,10.826313018798828,,1.1130214929580688,0.0,0.0,,0.2648967646426378,10.315506024401133
5797,FMAT,453767.613104797,5678487.02724788,0.0,0.0,0.0,0.0,9.480265617370604,,1.0831797122955322,0.0,0.0,,0.2481117800214468,10.200615904658486
5798,FMAT,453766.821812009,5678487.66293602,0.0,0.0,0.0,0.0,3.996812343597412,,1.066855549812317,0.0,0.0,,0.2371924608376319,9.695409371539617
5799,FMAT,453766.108765372,5678488.23804647,0.0,0.0,0.0,0.0,5.263467788696289,,1.0657252073287964,0.0,0.0,,0.2303033841189656,9.091699168610972
5800,FMAT,453765.413131318,5678488.79550284,0.0,0.0,0.0,0.0,5.276796817779541,,1.050861120223999,0.0,0.0,,0.2622543479172892,9.406845040159604
5801,FMAT,453764.743518433,5678489.3431241,0.0,0.0,0.0,0.0,7.782197952270508,,1.0344395637512207,0.0,0.0,,0.2788646316435791,9.832382630715902
5802,FMAT,453764.10814421,5678489.95531288,0.0,0.0,0.0,0.0,9.08568000793457,,1.0841699838638306,0.0,0.0,,0.3268816706829013,10.482250979891116
5803,FMAT,453763.542120834,5678490.54793316,0.0,0.0,0.0,0.0,11.398512840270996,,1.0596866607666016,0.0,0.0,,0.3658346745177536,11.232164773312498
5804,FMAT,453763.019400981,5678491.13525891,0.0,0.0,0.0,0.0,10.91537094116211,,1.091531753540039,0.0,0.0,,0.3065363576576224,11.589208844249605
5805,FMAT,453762.479040208,5678491.77907913,0.0,0.0,0.0,0.0,4.33362340927124,,1.0895320177078247,0.0,0.0,,0.3091303234985635,11.85047378303851
5806,FMAT,453761.930044699,5678492.41951929,0.0,0.0,0.0,0.0,9.837343215942385,,1.1719986200332642,0.0,0.0,,0.2717093078064629,11.646929485758706
5807,FMAT,453761.312219605,5678492.99074955,0.0,0.0,0.0,0.0,11.076861381530762,,1.0707950592041016,0.0,0.0,,0.2474194820873344,11.304115185631694
5808,FMAT,453760.607761104,5678493.57700763,0.0,0.0,0.0,0.0,18.948671340942383,,1.1526432037353516,0.0,0.0,,0.2375126224280151,10.976180706605245
5809,FMAT,453760.085151647,5678494.1454678,0.0,0.0,0.0,0.0,15.396506309509276,,1.120779037475586,0.0,0.0,,0.2478486488647024,10.206940854802772
5810,FMAT,453759.536325267,5678494.75705484,0.0,0.0,0.0,0.0,8.191278457641602,,1.382373332977295,0.0,0.0,,0.2109339393579733,9.988718590158824
5811,FMAT,453758.918154319,5678495.38710055,0.0,0.0,0.0,0.0,5.363533020019531,,1.0479739904403689,0.0,0.0,,0.2115266972457434,10.00461063843432
5812,FMAT,453758.343456401,5678495.9829988,0.0,0.0,0.0,0.0,4.33113431930542,,1.0269564390182495,0.0,0.0,,0.265605142139782,10.779732352533278
5813,FMAT,453757.760038999,5678496.58994346,0.0,0.0,0.0,0.0,7.422462463378906,,1.0802443027496338,0.0,0.0,,0.2458768298369646,10.75243250995068
5814,FMAT,453757.194223282,5678497.14705196,0.0,0.0,0.0,0.0,10.60361671447754,,1.089290976524353,0.0,0.0,,0.2809523164623549,10.75514809162083
5815,FMAT,453756.645918,5678497.66986051,0.0,0.0,0.0,0.0,2.7878596782684326,,1.050795078277588,0.0,0.0,,0.2885144952848137,10.967515132501015
5816,FMAT,453756.002135999,5678498.23982812,0.0,0.0,0.0,0.0,10.605146408081056,,1.0971490144729614,0.0,0.0,,0.3341698526799603,10.522347142333368
5817,FMAT,453755.367118943,5678498.79098112,0.0,0.0,0.0,0.0,6.251555919647217,,1.0616096258163452,0.0,0.0,,0.3471120398074513,10.959008066955375
5818,FMAT,453754.792909462,5678499.30364946,0.0,0.0,0.0,0.0,2.508303642272949,,1.0292067527770996,0.0,0.0,,0.368940282055236,10.79025102170172
5819,FMAT,453754.183933111,5678499.84163815,0.0,0.0,0.0,0.0,3.0799832344055176,,1.031281590461731,0.0,0.0,,0.3610554898131825,9.49573522586027
5820,FMAT,453753.50527312,5678500.45579133,0.0,0.0,0.0,0.0,7.475852012634277,,1.02406108379364,0.0,0.0,,0.3882098354603557,7.763521059275999
5821,FMAT,453752.852777771,5678501.0356954,0.0,0.0,0.0,0.0,7.460536956787109,,1.0619056224822998,0.0,0.0,,0.3936264308847573,7.5597408147035985
5822,FMAT,453752.209053897,5678501.59567514,0.0,0.0,0.0,0.0,5.912718772888184,,1.0089921951293943,0.0,0.0,,0.4304531560938746,7.43709674490299
5823,FMAT,453751.574062386,5678502.14238892,0.0,0.0,0.0,0.0,6.645187854766846,,1.0299137830734253,0.0,0.0,,0.5074534488732875,7.162766998659357
5824,FMAT,453750.973824571,5678502.66600174,0.0,0.0,0.0,0.0,3.020967721939087,,1.0081158876419067,0.0,0.0,,0.4899230583468281,6.887647096856616
5825,FMAT,453750.434329187,5678503.16222722,0.0,0.0,0.0,0.0,8.033387184143066,,1.014792799949646,0.0,0.0,,0.484494036024497,6.538538385023996
5826,FMAT,453749.868779804,5678503.67383632,0.0,0.0,0.0,0.0,5.016796588897705,,1.0097377300262451,0.0,0.0,,0.4965103040778335,5.451246263408727
5827,FMAT,453749.233364154,5678504.29268228,0.0,0.0,0.0,0.0,5.717288017272949,,1.0505911111831665,0.0,0.0,,0.4620308814114772,5.127106347486996
5828,FMAT,453748.745793858,5678504.78921273,0.0,0.0,0.0,0.0,3.3081939220428467,,1.008285641670227,0.0,0.0,,0.401323239319221,5.116988240305607
5829,FMAT,453748.153394832,5678505.45159227,0.0,0.0,0.0,0.0,3.165428638458252,,1.0347740650177002,0.0,0.0,,0.355219490973542,5.609341816299765
5830,FMAT,453747.587440874,5678506.03200439,0.0,0.0,0.0,0.0,1.94610333442688,,1.0224329233169556,0.0,0.0,,0.3182432242241127,5.927791168286709
5831,FMAT,453746.995882795,5678506.55122883,0.0,0.0,0.0,0.0,4.012529373168945,,1.0129474401474,0.0,0.0,,0.3242081925786689,6.186736356586558
5832,FMAT,453746.387629135,5678506.96603704,0.0,0.0,0.0,0.0,4.172549247741699,,1.0169224739074707,0.0,0.0,,0.2583266694126485,6.198364278065495
5833,FMAT,453745.7449411,5678507.34956939,0.0,0.0,0.0,0.0,5.234668731689453,,1.040140986442566,0.0,0.0,,0.209082801435593,6.507253900849931
5834,FMAT,453745.111324556,5678507.6621299,0.0,0.0,0.0,0.0,6.076103210449219,,1.017017126083374,0.0,0.0,,0.2103679120126669,7.444596942627563
5835,FMAT,453744.37358342,5678508.02068873,0.0,0.0,0.0,0.0,8.073338508605957,,1.022553324699402,0.0,0.0,,0.2386082196066926,7.640098861123109
5836,FMAT,453743.817443945,5678508.40361972,0.0,0.0,0.0,0.0,9.66799259185791,,1.022605061531067,0.0,0.0,,0.2327746479385428,7.611789203936576
5837,FMAT,453743.200392286,5678508.84279086,0.0,0.0,0.0,0.0,2.870114326477051,,1.0316482782363892,0.0,0.0,,0.2588290207892333,7.398597488397364
5838,FMAT,453742.59199478,5678509.2820128,0.0,0.0,0.0,0.0,5.167318820953369,,1.0798125267028809,0.0,0.0,,0.3223347619834518,7.420641004424531
5839,FMAT,453741.923265445,5678509.67870902,0.0,0.0,0.0,0.0,3.70827579498291,,1.0030713081359863,0.0,0.0,,0.3844000075379903,7.081453032763823
5840,FMAT,453741.176478473,5678510.10380042,0.0,0.0,0.0,0.0,4.896938800811768,,1.0107052326202393,0.0,0.0,,0.3433842356209811,7.12545190274124
5841,FMAT,453740.490981824,5678510.40828733,0.0,0.0,0.0,0.0,1.0078376531600952,,1.0047985315322876,0.0,0.0,,0.3621994114408734,7.187491277452228
5842,FMAT,453739.779548532,5678510.70818268,0.0,0.0,0.0,0.0,3.942511320114136,,1.0230141878128052,0.0,0.0,,0.3256156351872308,7.307037054445035
5843,FMAT,453738.998881382,5678511.0076711,0.0,0.0,0.0,0.0,5.008728981018066,,1.0344783067703247,0.0,0.0,,0.2797549485218825,7.397261602883398
5844,FMAT,453738.218351129,5678511.28385514,0.0,0.0,0.0,0.0,4.327038288116455,,1.015779972076416,0.0,0.0,,0.2450288677323452,7.508010837029706
5845,FMAT,453737.446533743,5678511.55010241,0.0,0.0,0.0,0.0,4.962932586669922,,1.0312336683273315,0.0,0.0,,0.2692401034135467,7.121049722240622
5846,FMAT,453736.717641773,5678511.87541953,0.0,0.0,0.0,0.0,12.16689682006836,,1.045751690864563,0.0,0.0,,0.2456019091093171,6.705413280485142
5847,FMAT,453735.971552163,5678512.18176947,0.0,0.0,0.0,0.0,6.086946964263916,,1.0109423398971558,0.0,0.0,,0.2465501026258611,6.331085750552516
5848,FMAT,453735.208049687,5678512.50577327,0.0,0.0,0.0,0.0,3.2992985248565674,,1.0159316062927246,0.0,0.0,,0.2324746676621871,6.032316533916356
5849,FMAT,453734.49668122,5678512.79457086,0.0,0.0,0.0,0.0,5.92083215713501,,1.0179409980773926,0.0,0.0,,0.2086813332114563,5.928943012762535
5850,FMAT,453733.777043289,5678513.01784354,0.0,0.0,0.0,0.0,2.2865993976593018,,1.0049840211868286,0.0,0.0,,0.2201061409392803,5.718349882746896
5851,FMAT,453733.005356027,5678513.26189579,0.0,0.0,0.0,0.0,5.2693963050842285,,1.0058135986328125,0.0,0.0,,0.2241374054276899,5.818398470172784
5852,FMAT,453732.225060144,5678513.49812901,0.0,0.0,0.0,0.0,2.2692315578460693,,1.0146173238754272,0.0,0.0,,0.2748138304647413,6.190249586584455
5853,FMAT,453731.453424964,5678513.73330329,0.0,0.0,0.0,0.0,1.67277991771698,,1.0091649293899536,0.0,0.0,,0.3566384302093542,6.823446408489515
5854,FMAT,453730.603647296,5678514.0112991,0.0,0.0,0.0,0.0,6.008001804351807,,1.0186973810195925,0.0,0.0,,0.4126938590495413,6.73554564128393
5855,FMAT,453729.892180676,5678514.31674221,0.0,0.0,0.0,0.0,12.119298934936523,,1.0376628637313845,0.0,0.0,,0.4104240480090196,6.620469151009814
5856,FMAT,453729.145979669,5678514.64195689,0.0,0.0,0.0,0.0,3.328331470489502,,1.0759838819503784,0.0,0.0,,0.3682645392199542,6.891378459818564
5857,FMAT,453728.374037698,5678514.92928812,0.0,0.0,0.0,0.0,4.028163909912109,,1.0101662874221802,0.0,0.0,,0.3353756579443996,7.056799263598764
5858,FMAT,453727.619423697,5678515.21339183,0.0,0.0,0.0,0.0,5.369116306304932,,1.0143427848815918,0.0,0.0,,0.2968596710000935,7.114560171698376
5859,FMAT,453726.864731363,5678515.51081221,0.0,0.0,0.0,0.0,5.087929725646973,,1.0196598768234253,0.0,0.0,,0.2917702143295204,7.294097611164086
5860,FMAT,453726.109993307,5678515.81600061,0.0,0.0,0.0,0.0,7.153923511505127,,1.0318769216537476,0.0,0.0,,0.2804367373565726,7.193301338836981
5861,FMAT,453725.363981182,5678516.10903281,0.0,0.0,0.0,0.0,6.586848258972168,,1.0239118337631226,0.0,0.0,,0.2530505439171201,7.243230484784531
5862,FMAT,453724.635721065,5678516.32670513,0.0,0.0,0.0,0.0,6.713707447052002,,1.0313289165496826,0.0,0.0,,0.2377216221331464,7.508676212502467
5863,FMAT,453723.864157132,5678516.54967165,0.0,0.0,0.0,0.0,6.854438781738281,,1.0603429079055786,0.0,0.0,,0.2346218506848499,7.721612280089772
5864,FMAT,453722.82460555,5678516.72112314,0.0,0.0,0.0,0.0,5.886408805847168,,1.019797921180725,0.0,0.0,,0.241334874839295,7.974023876695681
5865,FMAT,453721.888943848,5678516.88652665,0.0,0.0,0.0,0.0,5.858734130859375,,1.0440977811813354,0.0,0.0,,0.2433418707287576,7.933737847947126
5866,FMAT,453721.177652772,5678517.1620063,0.0,0.0,0.0,0.0,9.55648708343506,,1.062475562095642,0.0,0.0,,0.2571921630083154,8.148323077216089
5867,FMAT,453720.448883549,5678517.46623708,0.0,0.0,0.0,0.0,4.617982387542725,,1.0316529273986816,0.0,0.0,,0.2557976698104173,8.385164055861477
5868,FMAT,453719.719664097,5678517.84703907,0.0,0.0,0.0,0.0,7.452432632446289,,1.0519708395004272,0.0,0.0,,0.2419945502205317,8.367638764421994
5869,FMAT,453718.955605808,5678518.26536824,0.0,0.0,0.0,0.0,6.248169422149658,,1.0309255123138428,0.0,0.0,,0.2327256925885389,7.958417429466488
5870,FMAT,453718.191684453,5678518.66039304,0.0,0.0,0.0,0.0,3.198169469833374,,1.0313005447387695,0.0,0.0,,0.2492926146972428,7.554004517835297
5871,FMAT,453717.264089428,5678518.92572247,0.0,0.0,0.0,0.0,3.451420307159424,,1.0403075218200684,0.0,0.0,,0.255139979772218,6.894972438150898
5872,FMAT,453716.319172824,5678519.19316948,0.0,0.0,0.0,0.0,8.611071586608887,,1.0604469776153564,0.0,0.0,,0.2653815819634039,6.557302647157201
5873,FMAT,453715.590383646,5678519.50072899,0.0,0.0,0.0,0.0,6.430224895477295,,1.0241979360580444,0.0,0.0,,0.3043404817857476,6.925423904314879
5874,FMAT,453714.852972801,5678519.80268891,0.0,0.0,0.0,0.0,3.308985471725464,,1.0095962285995483,0.0,0.0,,0.3470404021130948,6.961683663608674
5875,FMAT,453714.020880793,5678520.01642045,0.0,0.0,0.0,0.0,3.189374685287476,,1.0122016668319702,0.0,0.0,,0.369825740775227,7.075843456995293
5876,FMAT,453713.154132647,5678520.23660672,0.0,0.0,0.0,0.0,7.46802282333374,,1.0197218656539917,0.0,0.0,,0.37586129139045,7.089818711617315
5877,FMAT,453712.339238088,5678520.46930524,0.0,0.0,0.0,0.0,3.9763824939727774,,1.016271948814392,0.0,0.0,,0.3307107284908702,6.820247595496211
5878,FMAT,453711.662400152,5678520.7727308,0.0,0.0,0.0,0.0,5.086435794830322,,1.0256707668304443,0.0,0.0,,0.3017994058122487,6.536397257611123
5879,FMAT,453710.985483856,5678521.08947305,0.0,0.0,0.0,0.0,7.0218186378479,,1.0141395330429075,0.0,0.0,,0.3005329611735904,6.335196181191772
5880,FMAT,453710.204462164,5678521.44888398,0.0,0.0,0.0,0.0,4.7418084144592285,,1.0465706586837769,0.0,0.0,,0.3213258829788871,6.113194680568897
5881,FMAT,453709.501485155,5678521.78211936,0.0,0.0,0.0,0.0,0.5590734481811523,,1.0236215591430664,0.0,0.0,,0.3745100106136951,5.954807502605435
5882,FMAT,453708.885115719,5678522.10476632,0.0,0.0,0.0,0.0,4.938798427581787,,1.0204776525497437,0.0,0.0,,0.4271590482371948,5.869844951911297
5883,FMAT,453708.181975445,5678522.4657448,0.0,0.0,0.0,0.0,2.868628740310669,,1.0105189085006714,0.0,0.0,,0.4800227616673034,5.865511769197846
5884,FMAT,453707.504987075,5678522.79469377,0.0,0.0,0.0,0.0,3.4357833862304688,,1.008974552154541,0.0,0.0,,0.4986793396254289,5.586462335656624
5885,FMAT,453706.889478923,5678522.97085638,0.0,0.0,0.0,0.0,4.623186111450195,,1.0052169561386108,0.0,0.0,,0.4874955890350054,5.565693492598468
5886,FMAT,453706.196063013,5678523.14989007,0.0,0.0,0.0,0.0,3.3730289936065674,,1.0057971477508545,0.0,0.0,,0.4708295505559449,5.398910792041046
5887,FMAT,453705.606785094,5678523.28070639,0.0,0.0,0.0,0.0,6.5127668380737305,,1.0147087574005127,0.0,0.0,,0.4877253454913487,5.186751483892316
5888,FMAT,453704.991413912,5678523.43356454,0.0,0.0,0.0,0.0,4.857413291931152,,1.0323972702026367,0.0,0.0,,0.4947436780156155,5.259476011599828
5889,FMAT,453704.392163369,5678523.78849507,0.0,0.0,0.0,0.0,3.43692684173584,,1.0089033842086792,0.0,0.0,,0.4888940667965845,5.434866570938615
5890,FMAT,453703.810195146,5678524.14796626,0.0,0.0,0.0,0.0,2.3689520359039307,,1.004365086555481,0.0,0.0,,0.4557932201793841,5.473954372702278
5891,FMAT,453703.202375103,5678524.48841932,0.0,0.0,0.0,0.0,2.4997498989105225,,1.0026589632034302,0.0,0.0,,0.4411627145108288,5.551678151699202
5892,FMAT,453702.422096757,5678524.72132041,0.0,0.0,0.0,0.0,7.063484191894531,,1.0124136209487915,0.0,0.0,,0.3855262144508234,5.7690860918262485
5893,FMAT,453701.633262025,5678524.9375246,0.0,0.0,0.0,0.0,7.502213001251221,,1.0136085748672483,0.0,0.0,,0.3724020567688418,6.339701091685508
5894,FMAT,453700.905268016,5678525.10969586,0.0,0.0,0.0,0.0,5.20269775390625,,1.0085898637771606,0.0,0.0,,0.3589067111547648,6.818467718062434
5895,FMAT,453700.142578682,5678525.29498019,0.0,0.0,0.0,0.0,4.128395080566406,,1.0250898599624634,0.0,0.0,,0.400999707404202,7.201069220835119
5896,FMAT,453699.336272166,5678525.53882556,0.0,0.0,0.0,0.0,5.309752464294434,,1.0116584300994873,0.0,0.0,,0.4234739993191105,7.257203504338209
5897,FMAT,453698.581871468,5678525.78630545,0.0,0.0,0.0,0.0,8.049935340881348,,1.0272160768508911,0.0,0.0,,0.4433631029279267,7.612462579726685
5898,FMAT,453697.879246044,5678526.05961445,0.0,0.0,0.0,0.0,2.87602972984314,,1.040084958076477,0.0,0.0,,0.4592694652979961,7.986544500835016
5899,FMAT,453697.176581405,5678526.33958176,0.0,0.0,0.0,0.0,2.012424945831299,,1.012999415397644,0.0,0.0,,0.4354894049445926,8.094421917432914
5900,FMAT,453696.482544849,5678526.62403883,0.0,0.0,0.0,0.0,6.916195869445801,,1.0528517961502075,0.0,0.0,,0.3885501960315068,8.113155890799106
5901,FMAT,453695.675781143,5678526.94556484,0.0,0.0,0.0,0.0,6.4216132164001465,,1.0438828468322754,0.0,0.0,,0.3917116484234252,7.898336563898455
5902,FMAT,453694.929681932,5678527.25302063,0.0,0.0,0.0,0.0,7.553329467773437,,1.0428119897842407,0.0,0.0,,0.3091657128337333,7.804775249434182
5903,FMAT,453694.166169729,5678527.5781302,0.0,0.0,0.0,0.0,7.901937007904053,,1.0726075172424316,0.0,0.0,,0.2488213666520687,7.805228313789469
5904,FMAT,453693.445987439,5678527.89350669,0.0,0.0,0.0,0.0,8.57460880279541,,1.0333099365234375,0.0,0.0,,0.2394400671080243,7.741641622318993
5905,FMAT,453692.725818143,5678528.20666365,0.0,0.0,0.0,0.0,3.053961515426636,,1.0820932388305664,0.0,0.0,,0.1893934128486176,7.790689592670955
5906,FMAT,453692.005740182,5678528.50428434,0.0,0.0,0.0,0.0,11.94294548034668,,1.0902440547943115,0.0,0.0,,0.2010926961641638,8.184440303554904
5907,FMAT,453691.277314755,5678528.74969681,0.0,0.0,0.0,0.0,5.179334163665772,,1.0253392457962036,0.0,0.0,,0.2207010327057509,8.634937955006055
5908,FMAT,453690.574976054,5678528.9741771,0.0,0.0,0.0,0.0,8.625655174255371,,1.0409477949142456,0.0,0.0,,0.2057039929611398,9.020950785332806
5909,FMAT,453689.05757789,5678529.45909667,0.0,0.0,0.0,0.0,3.480886220932007,,1.006472945213318,0.0,0.0,,0.2567304746489105,7.789477019995799
5910,FMAT,453688.3119613,5678529.68443191,0.0,0.0,0.0,0.0,6.932612895965576,,1.0174587965011597,0.0,0.0,,0.2966813195953749,7.628816974893183
5911,FMAT,453687.549055762,5678529.90633608,0.0,0.0,0.0,0.0,2.75701642036438,,1.0096255540847778,0.0,0.0,,0.3072746128120474,7.5207869468245425
5912,FMAT,453686.777384939,5678530.14705464,0.0,0.0,0.0,0.0,4.615099906921387,,1.0159262418746948,0.0,0.0,,0.2972053021636436,7.059186289100743
5913,FMAT,453686.074732587,5678530.42480151,0.0,0.0,0.0,0.0,14.889384269714355,,1.094926834106445,0.0,0.0,,0.2808156867618178,6.691018073667648
5914,FMAT,453685.328606547,5678530.73669532,0.0,0.0,0.0,0.0,3.7884137630462646,,1.0133004188537598,0.0,0.0,,0.2910962542017025,6.324747056191861
5915,FMAT,453684.608312605,5678531.07093638,0.0,0.0,0.0,0.0,2.9316670894622803,,1.0040302276611328,0.0,0.0,,0.3138008579372203,5.924541253205178
5916,FMAT,453683.835858055,5678531.4448221,0.0,0.0,0.0,0.0,2.1378676891326904,,1.004265069961548,0.0,0.0,,0.3258059048017552,6.23946352712994
5917,FMAT,453683.046134114,5678531.81194753,0.0,0.0,0.0,0.0,8.010933876037598,,1.0139336585998535,0.0,0.0,,0.3576689369106144,6.006060817080778
5918,FMAT,453682.274136487,5678532.10815209,0.0,0.0,0.0,0.0,7.649217128753662,,1.0613391399383545,0.0,0.0,,0.3657544512240081,5.830070898983016
5919,FMAT,453681.502158387,5678532.40102739,0.0,0.0,0.0,0.0,9.48737621307373,,1.0691487789154053,0.0,0.0,,0.3919584076128274,5.666727668810087
5920,FMAT,453680.747599736,5678532.67513907,0.0,0.0,0.0,0.0,7.155820369720459,,1.0415418148040771,0.0,0.0,,0.4430835200874265,5.540690804344873
5921,FMAT,453679.967130519,5678532.94022008,0.0,0.0,0.0,0.0,4.48571252822876,,1.0148444175720217,0.0,0.0,,0.494731554131154,5.725034698486025
5922,FMAT,453679.212695831,5678533.19324676,0.0,0.0,0.0,0.0,7.89430046081543,,1.0241694450378418,0.0,0.0,,0.4992683444395004,6.197009225788985
5923,FMAT,453678.501662946,5678533.42433343,0.0,0.0,0.0,0.0,2.431679010391236,,1.0021535158157349,0.0,0.0,,0.4699874358944373,6.221805781753385
5924,FMAT,453677.686589635,5678533.68699105,0.0,0.0,0.0,0.0,5.402414321899414,,1.0085331201553345,0.0,0.0,,0.4326302215136273,7.061595438879157
5925,FMAT,453676.966850165,5678533.92690448,0.0,0.0,0.0,0.0,8.866337776184082,,1.0134377479553225,0.0,0.0,,0.3276874386149955,8.48541184729352
5926,FMAT,453676.238410685,5678534.17453502,0.0,0.0,0.0,0.0,0.1976519525051117,,1.0026631355285645,0.0,0.0,,0.249150726793485,9.315300617941698
5927,FMAT,453675.492414499,5678534.46423333,0.0,0.0,0.0,0.0,6.329214572906494,,1.0220366716384888,0.0,0.0,,0.2314819989215016,9.8531375377066
5928,FMAT,453674.824443667,5678534.73108562,0.0,0.0,0.0,0.0,17.529287338256836,,1.0823400020599363,0.0,0.0,,0.2434938385625006,9.945557733357454
5929,FMAT,453674.095736286,5678535.02421484,0.0,0.0,0.0,0.0,8.194387435913086,,1.0626935958862305,0.0,0.0,,0.2493834400525722,9.725905111262934
5930,FMAT,453673.280584287,5678535.30018876,0.0,0.0,0.0,0.0,8.515771865844727,,1.0361436605453491,0.0,0.0,,0.2482546360468085,9.600907835923898
5931,FMAT,453672.552092315,5678535.55669679,0.0,0.0,0.0,0.0,1.4861706495285034,,1.0362838506698608,0.0,0.0,,0.2058746148353206,9.29938413523141
5932,FMAT,453671.849497743,5678535.82445483,0.0,0.0,0.0,0.0,3.4971587657928467,,1.0220342874526978,0.0,0.0,,0.1756422596562786,8.45400204418593
5933,FMAT,453671.1209273,5678536.09427948,0.0,0.0,0.0,0.0,6.449872016906738,,1.0213890075683594,0.0,0.0,,0.1913250848966961,8.873033568038604
5934,FMAT,453670.43553664,5678536.37989492,0.0,0.0,0.0,0.0,6.38316011428833,,1.0479133129119873,0.0,0.0,,0.218022876549637,9.282416496826237
5935,FMAT,453669.732830888,5678536.66651817,0.0,0.0,0.0,0.0,8.8854341506958,,1.029281497001648,0.0,0.0,,0.1961113623380224,9.012095905098956
5936,FMAT,453669.03897528,5678536.91990043,0.0,0.0,0.0,0.0,16.068893432617188,,1.139149188995361,0.0,0.0,,0.1861250452372473,8.846643583731716
5937,FMAT,453668.362480388,5678537.16450667,0.0,0.0,0.0,0.0,4.12006425857544,,1.045149564743042,0.0,0.0,,0.1649723583628589,9.203781242924856
5938,FMAT,453667.677239756,5678537.42459811,0.0,0.0,0.0,0.0,14.645875930786133,,1.0954463481903076,0.0,0.0,,0.1901578028849757,9.393540893874334
5939,FMAT,453667.009242273,5678537.69588866,0.0,0.0,0.0,0.0,10.25271987915039,,1.05544912815094,0.0,0.0,,0.2255545502138339,9.022757122232512
5940,FMAT,453666.315197062,5678537.98145282,0.0,0.0,0.0,0.0,8.154078483581543,,1.1909711360931396,0.0,0.0,,0.2542444975410487,9.103542401045228
5941,FMAT,453665.577534332,5678538.32557783,0.0,0.0,0.0,0.0,6.499814033508301,,1.1192708015441897,0.0,0.0,,0.2538811358016568,8.662160762414972
5942,FMAT,453664.848695625,5678538.64090077,0.0,0.0,0.0,0.0,3.785799503326416,,1.0503010749816897,0.0,0.0,,0.2414969020915729,8.174871969410967
5943,FMAT,453664.025130347,5678538.87576283,0.0,0.0,0.0,0.0,7.443171977996826,,1.022136688232422,0.0,0.0,,0.2367207259036072,8.173496172100439
5944,FMAT,453663.236175513,5678539.1119383,0.0,0.0,0.0,0.0,3.0547573566436768,,1.0378637313842771,0.0,0.0,,0.1994653938451635,8.377210693660299
5945,FMAT,453662.524795394,5678539.40183915,0.0,0.0,0.0,0.0,2.0778844356536865,,1.042604684829712,0.0,0.0,,0.2282915613584303,8.716019615171563
5946,FMAT,453661.761378627,5678539.71029967,0.0,0.0,0.0,0.0,9.477734565734863,,1.11146879196167,0.0,0.0,,0.2113262266998627,8.699762633015869
5947,FMAT,453661.093459131,5678539.96827298,0.0,0.0,0.0,0.0,10.925793647766112,,1.1227697134017944,0.0,0.0,,0.1639620578145897,8.644643747636842
5948,FMAT,453660.616593054,5678540.11528441,0.0,0.0,0.0,0.0,8.459836959838867,,1.0253053903579712,0.0,0.0,,0.1328556058242662,8.860763683369296
5949,FMAT,453660.009664851,5678540.30370133,0.0,0.0,0.0,0.0,14.8337984085083,,1.1780375242233276,0.0,0.0,,0.1046394173699189,8.99781269448348
5950,FMAT,453659.315926189,5678540.53710762,0.0,0.0,0.0,0.0,11.63396167755127,,1.1183868646621704,0.0,0.0,,0.0500444524774358,8.804987328018306
5951,FMAT,453658.6049051,5678540.76597304,0.0,0.0,0.0,0.0,15.828202247619627,,1.0731638669967651,0.0,0.0,,0.022980196241626,8.959603259487968
5952,FMAT,453657.84197148,5678540.99231325,0.0,0.0,0.0,0.0,5.132928848266602,,1.0185284614562988,0.0,0.0,,0.0568556615631543,8.701604682189206
5953,FMAT,453657.009627351,5678541.24820848,0.0,0.0,0.0,0.0,5.77425479888916,,1.022396206855774,0.0,0.0,,0.0525494959195238,8.954475039991475
5954,FMAT,453656.246582574,5678541.49341392,0.0,0.0,0.0,0.0,5.63193941116333,,1.0622645616531372,0.0,0.0,,0.0767972965046218,9.367332456224444
5955,FMAT,453655.561478352,5678541.73020002,0.0,0.0,0.0,0.0,6.502545833587647,,1.0407904386520386,0.0,0.0,,0.1168344827989973,9.46806810930008
5956,FMAT,453654.850215306,5678542.00012506,0.0,0.0,0.0,0.0,6.015888214111328,,1.0381146669387815,0.0,0.0,,0.0844216919511436,9.048173740019548
5957,FMAT,453654.164601386,5678542.32346987,0.0,0.0,0.0,0.0,19.803686141967773,,1.087306022644043,0.0,0.0,,0.0895308285177751,9.019482968763246
5958,FMAT,453653.392327194,5678542.66628022,0.0,0.0,0.0,0.0,4.944725036621094,,1.0932279825210571,0.0,0.0,,0.1400028395059906,9.031201712283451
5959,FMAT,453652.681050919,5678542.93842453,0.0,0.0,0.0,0.0,10.549555778503418,,1.1462525129318235,0.0,0.0,,0.1855130942955731,9.089348328146524
5960,FMAT,453651.995828854,5678543.19518543,0.0,0.0,0.0,0.0,7.107639789581299,,1.0983856916427612,0.0,0.0,,0.1759442885146412,9.664122267029072
5961,FMAT,453651.267276628,5678543.46167906,0.0,0.0,0.0,0.0,14.428630828857422,,1.0968152284622192,0.0,0.0,,0.1529704177225958,9.416554554934557
5962,FMAT,453650.512741963,5678543.73134894,0.0,0.0,0.0,0.0,0.7878620624542236,,1.176542043685913,0.0,0.0,,0.1334882777536008,9.065501183673382
5963,FMAT,453649.792915776,5678543.98568637,0.0,0.0,0.0,0.0,6.817769527435303,,1.1944564580917358,0.0,0.0,,0.1049136751179427,9.08193833373711
5964,FMAT,453649.029844362,5678544.23533003,0.0,0.0,0.0,0.0,5.197329521179199,,1.0293375253677368,0.0,0.0,,0.0963264025608504,8.8238712594039
5965,FMAT,453648.370813547,5678544.45340299,0.0,0.0,0.0,0.0,5.437417984008789,,1.0362976789474487,0.0,0.0,,0.0888850619580331,8.617026199856578
5966,FMAT,453647.442892842,5678544.77310094,0.0,0.0,0.0,0.0,7.907074928283691,,1.0418283939361572,0.0,0.0,,0.1265760773165984,8.27846938274143
5967,FMAT,453646.662891751,5678544.95827819,0.0,0.0,0.0,0.0,3.1441750526428223,,1.010772705078125,0.0,0.0,,0.1210913440837784,7.938640613058507
5968,FMAT,453645.927011443,5678544.99944544,0.0,0.0,0.0,0.0,0.9964052438735962,,1.0489568710327148,0.0,0.0,,0.1339983121970217,7.986162980737886
5969,FMAT,453645.235062456,5678544.92878484,0.0,0.0,0.0,0.0,10.66555118560791,,1.0518927574157717,0.0,0.0,,0.1480718026964288,8.202809166114184
5970,FMAT,453644.509058423,5678544.76248365,0.0,0.0,0.0,0.0,6.859927654266357,,1.0587506294250488,0.0,0.0,,0.1575947909611935,7.855493132768877
5971,FMAT,453643.964983455,5678544.56507049,0.0,0.0,0.0,0.0,2.534497022628784,,1.0290215015411377,0.0,0.0,,0.1436397191014056,8.04046348653226
5972,FMAT,453643.507849774,5678544.30047347,0.0,0.0,0.0,0.0,6.170140743255615,,1.0514425039291382,0.0,0.0,,0.1200168746829931,8.049401773998781
5973,FMAT,453642.973964865,5678543.84232496,0.0,0.0,0.0,0.0,13.789588928222656,,1.0406692028045654,0.0,0.0,,0.1091573563383987,8.17411757965048
5974,FMAT,453642.604517524,5678543.38403501,0.0,0.0,0.0,0.0,8.189115524291992,,1.110784649848938,0.0,0.0,,0.1432857202301366,8.78496855812078
5975,FMAT,453642.270347324,5678542.81386631,0.0,0.0,0.0,0.0,7.089542388916016,,1.0656286478042605,0.0,0.0,,0.1793252737178807,9.07899955954413
5976,FMAT,453642.031909924,5678542.15326045,0.0,0.0,0.0,0.0,9.17077350616455,,1.028025507926941,0.0,0.0,,0.1866921101767353,8.966524667828722
5977,FMAT,453641.905834163,5678541.51773115,0.0,0.0,0.0,0.0,2.346229314804077,,1.044651985168457,0.0,0.0,,0.2086160526555242,8.80642068092597
5978,FMAT,453641.883668349,5678540.87282588,0.0,0.0,0.0,0.0,10.275790214538574,,1.06456196308136,0.0,0.0,,0.094505505965385,8.180859609948262
5979,FMAT,453641.974099387,5678540.21304696,0.0,0.0,0.0,0.0,3.5084550380706787,,1.008319616317749,0.0,0.0,,0.0931715918827254,8.31602955104345
5980,FMAT,453642.142477548,5678539.54373916,0.0,0.0,0.0,0.0,6.655043601989746,,1.050845503807068,0.0,0.0,,0.0945596484418552,8.551120332379833
5981,FMAT,453642.380122412,5678538.86929043,0.0,0.0,0.0,0.0,8.44823169708252,,1.069820761680603,0.0,0.0,,0.0865612502631004,9.202805781626934
5982,FMAT,453642.634984254,5678538.21047982,0.0,0.0,0.0,0.0,9.859560012817385,,1.062574028968811,0.0,0.0,,0.087038435267105,9.369801025480102
5983,FMAT,453642.881263687,5678537.53941123,0.0,0.0,0.0,0.0,6.110569477081299,,1.0940029621124268,0.0,0.0,,0.1342049671104911,9.710635536596252
5984,FMAT,453643.119209038,5678536.81391496,0.0,0.0,0.0,0.0,19.56460189819336,,1.1995294094085691,0.0,0.0,,0.1183870434711203,10.039507539059446
5985,FMAT,453643.313870014,5678536.09038331,0.0,0.0,0.0,0.0,8.174182891845703,,1.0588347911834717,0.0,0.0,,0.1119339631019219,10.030838944504255
5986,FMAT,453643.474920332,5678535.19574959,0.0,0.0,0.0,0.0,9.439793586730955,,1.2028270959854126,0.0,0.0,,0.1794362763029252,10.163696682252906
5987,FMAT,453643.540035392,5678534.42595461,0.0,0.0,0.0,0.0,4.881282329559326,,1.19337260723114,0.0,0.0,,0.1995604816271361,10.14413521285564
5988,FMAT,453643.597097413,5678533.55401363,0.0,0.0,0.0,0.0,3.1443893909454346,,1.035201072692871,0.0,0.0,,0.2342718845018481,9.631735589998325
5989,FMAT,453643.654165955,5678532.68096291,0.0,0.0,0.0,0.0,6.728106021881104,,1.0717064142227173,0.0,0.0,,0.264689922306733,9.517150554231492
5990,FMAT,453643.659583463,5678531.76099781,0.0,0.0,0.0,0.0,11.58798122406006,,1.0683763027191162,0.0,0.0,,0.2247156164328609,8.913989241615567
5991,FMAT,453643.622723054,5678530.67209913,0.0,0.0,0.0,0.0,10.934993743896484,,1.1118041276931765,0.0,0.0,,0.2803273390072759,8.733120225147855
5992,FMAT,453643.56782224,5678529.70738813,0.0,0.0,0.0,0.0,6.104061126708984,,1.052883505821228,0.0,0.0,,0.1867786078161358,9.29443042618736
5993,FMAT,453643.313971824,5678528.72485904,0.0,0.0,0.0,0.0,7.419500827789307,,1.0306142568588257,0.0,0.0,,0.1476635770471975,9.813499550361575
5994,FMAT,453642.861165342,5678527.72562155,0.0,0.0,0.0,0.0,21.294353485107425,,1.0920883417129517,0.0,0.0,,0.1842146056218819,10.183053158330146
5995,SGAM,453642.788354934,5678526.86290366,0.0,0.0,0.0,0.0,10.6118803024292,,1.0447529554367063,0.0,0.0,,0.1290263389230339,10.068556950349656
5996,SGAM,453643.009076465,5678526.12287898,0.0,0.0,0.0,0.0,9.056207656860352,,1.0538530349731443,0.0,0.0,,0.1098596812381355,9.92094285843833
5997,SGAM,453643.29993373,5678525.23011944,0.0,0.0,0.0,0.0,5.238096237182617,,1.011721968650818,0.0,0.0,,0.127628685841434,9.336863893167877
5998,SGAM,453643.669724698,5678524.16026196,0.0,0.0,0.0,0.0,4.73514461517334,,1.0725338459014893,0.0,0.0,,0.1744258449042917,8.604036996627256
5999,SGAM,453644.066086035,5678522.98735258,0.0,0.0,0.0,0.0,6.381869792938232,,1.0200549364089966,0.0,0.0,,0.2435661127865505,8.039613434455536
6000,SGAM,453644.512379546,5678522.15321622,0.0,0.0,0.0,0.0,4.396020412445068,,1.050081491470337,0.0,0.0,,0.1775573639080561,8.117865383553644
6001,SGAM,453644.957542436,5678521.5110629,0.0,0.0,0.0,0.0,5.172883033752441,,1.1945360898971558,0.0,0.0,,0.214742901479562,8.528367631286514
6002,SGAM,453645.203572855,5678520.88216391,0.0,0.0,0.0,0.0,9.28273105621338,,1.101897120475769,0.0,0.0,,0.2239809637234777,8.852530504867266
6003,SGAM,453645.258798345,5678520.32205667,0.0,0.0,0.0,0.0,5.626632690429688,,1.130788803100586,0.0,0.0,,0.2553991137667078,9.273166297287675
6004,SGAM,453645.209676357,5678519.84567728,0.0,0.0,0.0,0.0,8.946330070495605,,1.0260772705078125,0.0,0.0,,0.2614818278819529,9.453166688550748
6005,SGAM,453645.073665675,5678519.42760389,0.0,0.0,0.0,0.0,9.176820755004885,,1.0886722803115845,0.0,0.0,,0.2635328057099392,9.238349749405364
6006,SGAM,453644.825711953,5678518.91343131,0.0,0.0,0.0,0.0,6.622403621673584,,1.0882408618927002,0.0,0.0,,0.2317077633654111,9.00986119313574
6007,SGAM,453644.466220388,5678518.23435637,0.0,0.0,0.0,0.0,8.036508560180664,,1.053325057029724,0.0,0.0,,0.1965948531122747,9.22139075385226
6008,SGAM,453644.106957609,5678517.51644089,0.0,0.0,0.0,0.0,2.362758159637451,,1.0260201692581177,0.0,0.0,,0.2008596578020013,9.306282446966646
6009,SGAM,453643.790939917,5678516.80321914,0.0,0.0,0.0,0.0,9.427569389343262,,1.142317295074463,0.0,0.0,,0.236317577075912,9.463220023397716
6010,SGAM,453643.526880349,5678516.0847545,0.0,0.0,0.0,0.0,13.03973388671875,,1.086501121520996,0.0,0.0,,0.2315440912192823,9.626786025222732
6011,SGAM,453643.399890022,5678515.60458723,0.0,0.0,0.0,0.0,12.055233001708984,,1.0768941640853882,0.0,0.0,,0.2351145444083039,9.658585367998276
6012,SGAM,453643.358553247,5678515.27585271,0.0,0.0,0.0,0.0,8.002462387084961,,1.144788146018982,0.0,0.0,,0.224246769637406,9.887988270569926
6013,SGAM,453643.30105819,5678514.751704,0.0,0.0,0.0,0.0,12.342448234558104,,1.3044962882995603,0.0,0.0,,0.2428835817689709,10.015181864740024
6014,SGAM,453643.236300884,5678513.9911321,0.0,0.0,0.0,0.0,14.335205078125,,1.0608575344085691,0.0,0.0,,0.1931391953295254,10.2232835250006
6015,SGAM,453643.188133188,5678513.35273228,0.0,0.0,0.0,0.0,10.210332870483398,,1.0681713819503784,0.0,0.0,,0.2072675887213561,10.050658539911838
6016,SGAM,453643.147456482,5678512.91191515,0.0,0.0,0.0,0.0,5.162304878234863,,1.0817986726760864,0.0,0.0,,0.2027259393632723,9.927616187127857
6017,SGAM,453643.115473217,5678512.46449061,0.0,0.0,0.0,0.0,10.81051254272461,,1.1071122884750366,0.0,0.0,,0.1343439420568653,9.8175236873018
6018,SGAM,453643.110099618,5678511.90735582,0.0,0.0,0.0,0.0,18.69386863708496,,1.0949639081954956,0.0,0.0,,0.1205280088910907,9.961644163251714
6019,SGAM,453643.122269732,5678511.31037271,0.0,0.0,0.0,0.0,4.044845104217529,,1.1326894760131836,0.0,0.0,,0.1019053098365895,10.314448433953052
6020,SGAM,453643.33626445,5678510.24292706,0.0,0.0,0.0,0.0,3.406190156936645,,1.0867680311203003,0.0,0.0,,0.0798130107295995,10.305627439041173
6021,SGAM,453643.672882101,5678508.92761566,0.0,0.0,0.0,0.0,18.79742431640625,,1.1357202529907229,0.0,0.0,,-0.0636283010929027,10.84259759245187
6022,SGAM,453643.687038826,5678507.99327501,0.0,0.0,0.0,0.0,8.255782127380371,,1.1077628135681152,0.0,0.0,,-0.0671942593063027,12.287765026371831
6023,SGAM,453643.466348717,5678507.25841925,0.0,0.0,0.0,0.0,1.512650728225708,,1.1368767023086548,0.0,0.0,,0.0322246882227491,13.330701803048974
6024,SGAM,453643.202309122,5678506.53662541,0.0,0.0,0.0,0.0,5.796850204467773,,1.1481812000274658,0.0,0.0,,0.0494851962300799,12.998759242917748
6025,SGAM,453643.032851698,5678505.91970667,0.0,0.0,0.0,0.0,12.444331169128418,,1.0654102563858032,0.0,0.0,,0.0164281818018777,12.718638709798304
6026,SGAM,453642.975252182,5678505.4133136,0.0,0.0,0.0,0.0,3.607693910598755,,1.1091923713684082,0.0,0.0,,-0.0051805478655042,12.824336843912215
6027,SGAM,453643.300536089,5678504.55294003,0.0,0.0,0.0,0.0,2.3689494132995605,,1.171690821647644,0.0,0.0,,0.0010302733558312,14.003293565541028
6028,SGAM,453643.912631174,5678503.48672896,0.0,0.0,0.0,0.0,7.3470988273620605,,1.129441738128662,0.0,0.0,,0.1395810885379639,13.51367001141767
6029,SGAM,453643.911622928,5678502.18829534,0.0,0.0,0.0,0.0,7.227528572082519,,1.0998932123184204,0.0,0.0,,0.1488247167723478,12.101176281627668
6030,SGAM,453643.444143176,5678500.74173523,0.0,0.0,0.0,0.0,5.039656639099121,,1.0297125577926636,0.0,0.0,,0.214704675227558,11.772592308147743
6031,SGAM,453642.830280452,5678499.16890933,0.0,0.0,0.0,0.0,5.019948959350586,,1.0240600109100342,0.0,0.0,,0.2380162779530459,12.047875935353964
6032,SGAM,453642.761587547,5678497.60706227,0.0,0.0,0.0,0.0,12.472846031188965,,1.045043706893921,0.0,0.0,,0.1930361480254205,11.84149622385362
6033,SGAM,453643.134808319,5678495.95459717,0.0,0.0,0.0,0.0,8.959610939025879,,1.074002027511597,0.0,0.0,,0.1777343682912307,12.0452789208068
6034,SGAM,453643.210348399,5678494.88411662,0.0,0.0,0.0,0.0,15.72485065460205,,1.1089556217193604,0.0,0.0,,0.072941703294287,12.383198950444394
6035,SGAM,453643.093751016,5678494.10881243,0.0,0.0,0.0,0.0,23.99007797241211,,1.125562071800232,0.0,0.0,,0.0670180064093171,12.497589103687222
6036,SGAM,453643.037569726,5678493.36160821,0.0,0.0,0.0,0.0,15.85832405090332,,1.0639069080352783,0.0,0.0,,0.0340364867625925,12.018163338170634
6037,SGAM,453642.981440731,5678492.60552616,0.0,0.0,0.0,0.0,12.106426239013672,,1.0392608642578125,0.0,0.0,,0.0389357693236127,11.362592287051571
6038,SGAM,453642.925814955,5678491.763995,0.0,0.0,0.0,0.0,2.863405466079712,,1.0043785572052002,0.0,0.0,,0.1139676602493306,10.65932428882278
6039,SGAM,453642.878418612,5678490.99464716,0.0,0.0,0.0,0.0,3.530104875564575,,1.0027992725372314,0.0,0.0,,0.190259439543129,9.604360566625072
6040,SGAM,453642.847984319,5678490.28421688,0.0,0.0,0.0,0.0,1.4818047285079956,,1.0062942504882812,0.0,0.0,,0.2929260805135064,8.403164239808849
6041,SGAM,453643.102949198,5678489.60765057,0.0,0.0,0.0,0.0,6.625339984893799,,1.0105679035186768,0.0,0.0,,0.4256390129639092,7.404153406786291
6042,SGAM,453643.487465656,5678488.97623785,0.0,0.0,0.0,0.0,5.431334495544434,,1.0080019235610962,0.0,0.0,,0.4465794902191004,6.731426635666732
6043,SGAM,453643.776328384,5678488.42194553,0.0,0.0,0.0,0.0,4.54328727722168,,1.0126805305480957,0.0,0.0,,0.4441768937640495,6.335899922668496
6044,SGAM,453644.065106118,5678487.88207968,0.0,0.0,0.0,0.0,5.53666353225708,,1.006121277809143,0.0,0.0,,0.4803621046692441,6.372507019839785
6045,SGAM,453644.128619747,5678487.3841682,0.0,0.0,0.0,0.0,4.108572006225586,,1.003800392150879,0.0,0.0,,0.5170032678042797,6.785264466700986
6046,SGAM,453644.166379891,5678486.8505925,0.0,0.0,0.0,0.0,1.483682632446289,,1.00196635723114,0.0,0.0,,0.545550376679322,7.040059250532414
6047,SGAM,453644.47095636,5678486.56717591,0.0,0.0,0.0,0.0,1.6233422756195068,,1.0008355379104614,0.0,0.0,,0.5445397537845077,7.550253429135549
6048,SGAM,453644.852708293,5678486.40517841,0.0,0.0,0.0,0.0,2.2700936794281006,,1.0023893117904663,0.0,0.0,,0.5388837924247138,7.872595013736586
6049,SGAM,453645.243003316,5678486.26209724,0.0,0.0,0.0,0.0,4.04022741317749,,1.007909893989563,0.0,0.0,,0.547575015720509,8.801968825555663
6050,SGAM,453645.591118644,5678485.93343653,0.0,0.0,0.0,0.0,4.6992387771606445,,1.018979787826538,0.0,0.0,,0.5732112151493364,9.680462463654344
6051,SGAM,453645.939501869,5678485.55927693,0.0,0.0,0.0,0.0,6.281398773193359,,1.0229191780090332,0.0,0.0,,0.6024837305053163,10.759626561004511
6052,SGAM,453646.427567679,5678484.97952313,0.0,0.0,0.0,0.0,1.128406047821045,,1.0029138326644895,0.0,0.0,,0.5629297126889209,11.57215227331328
6053,SGAM,453646.93294181,5678484.39987122,0.0,0.0,0.0,0.0,19.10131454467773,,1.065792202949524,0.0,0.0,,0.513481974103919,12.751185435370695
6054,SGAM,453647.307575016,5678483.97703637,0.0,0.0,0.0,0.0,11.03265380859375,,1.032703161239624,0.0,0.0,,0.5042702743702323,14.09409117813782
6055,SGAM,453647.673371017,5678483.58522295,0.0,0.0,0.0,0.0,9.794306755065918,,1.0482994318008425,0.0,0.0,,0.4737872731018093,15.42441671376592
6056,SGAM,453648.073705352,5678483.20693009,0.0,0.0,0.0,0.0,1.890891909599304,,1.001899480819702,0.0,0.0,,0.4388264771167642,15.968207578661488
6057,SGAM,453648.527029926,5678482.64805718,0.0,0.0,0.0,0.0,7.896819114685059,,1.01502525806427,0.0,0.0,,0.3449560410528055,15.199282130783294
6058,SGAM,453649.006454242,5678482.0660328,0.0,0.0,0.0,0.0,6.468781471252441,,1.0186229944229126,0.0,0.0,,0.2609739003651586,12.929789369713552
6059,SGAM,453648.803745842,5678481.21697701,0.0,0.0,0.0,0.0,11.712074279785156,,1.0904439687728882,0.0,0.0,,0.1700011481327331,12.535726965504878
6060,SGAM,453648.506168093,5678480.31187423,0.0,0.0,0.0,0.0,10.058353424072266,,1.0319639444351196,0.0,0.0,,0.172169086289331,13.485566932630698
6061,SGAM,453648.958603802,5678479.9039244,0.0,0.0,0.0,0.0,7.04684591293335,,1.0311352014541626,0.0,0.0,,0.1353940539024467,13.9836889852735
6062,SGAM,453649.686601397,5678479.73064823,0.0,0.0,0.0,0.0,3.3924307823181152,,1.0151629447937012,0.0,0.0,,0.0914403004243872,13.937267765063014
6063,SGAM,453650.517965727,5678479.6401034,0.0,0.0,0.0,0.0,9.553363800048828,,1.027155518531799,0.0,0.0,,0.0771592084375021,13.361125361040456
6064,SGAM,453651.228909704,5678479.42344575,0.0,0.0,0.0,0.0,5.475944995880127,,1.0232998132705688,0.0,0.0,,0.1048352215722939,13.288943981376343
6065,SGAM,453651.905171536,5678479.21768151,0.0,0.0,0.0,0.0,14.763277053833008,,1.050447702407837,0.0,0.0,,0.1010442230971584,13.2978062622317
6066,SGAM,453652.615520856,5678479.10200906,0.0,0.0,0.0,0.0,12.145970344543455,,1.0361344814300537,0.0,0.0,,0.1270775619707733,12.195008376969191
6067,SGAM,453653.28242279,5678479.01604446,0.0,0.0,0.0,0.0,6.579179763793945,,1.019292950630188,0.0,0.0,,0.1698891888693936,11.505757663254688
6068,SGAM,453654.546614136,5678478.90807174,0.0,0.0,0.0,0.0,6.99336576461792,,1.021676778793335,0.0,0.0,,0.2758812486132549,10.37330203422514
6069,SGAM,453655.23076561,5678478.83219643,0.0,0.0,0.0,0.0,10.60878562927246,,1.021386742591858,0.0,0.0,,0.299891715480042,10.174594752637509
6070,SGAM,453655.932375715,5678478.7308992,0.0,0.0,0.0,0.0,5.995733737945557,,1.067499756813049,0.0,0.0,,0.280902652572267,9.7851785539211
6071,SGAM,453656.642862127,5678478.59192208,0.0,0.0,0.0,0.0,5.343978404998779,,1.00780987739563,0.0,0.0,,0.2409129410896112,9.124165046046764
6072,SGAM,453657.353446509,5678478.43629897,0.0,0.0,0.0,0.0,3.059565782546997,,1.0163027048110962,0.0,0.0,,0.2299378416717491,8.327593499349907
6073,FMAT,453658.046866207,5678478.25615986,0.0,0.0,0.0,0.0,6.800307273864746,,1.0362318754196167,0.0,0.0,,0.1761269042670446,7.834620562346071
6074,FMAT,453658.723186552,5678478.04040748,0.0,0.0,0.0,0.0,4.833802700042725,,1.0173131227493286,0.0,0.0,,0.1598005827273599,7.479188119554356
6075,FMAT,453659.399709376,5678477.79025344,0.0,0.0,0.0,0.0,2.3162569999694824,,1.002547025680542,0.0,0.0,,0.1544977854998152,6.806554335094384
6076,FMAT,453660.145733517,5678477.49500803,0.0,0.0,0.0,0.0,3.197805166244507,,1.0047558546066284,0.0,0.0,,0.1186055842537113,6.349386911699469
6077,FMAT,453661.499151294,5678476.93144512,0.0,0.0,0.0,0.0,0.9692776799201964,,1.0021361112594604,0.0,0.0,,0.1285549386499159,5.9046204502763775
6078,FMAT,453662.149495796,5678476.71775907,0.0,0.0,0.0,0.0,0.882002592086792,,1.0044437646865845,0.0,0.0,,0.1807260084473965,5.618098703051589
6079,FMAT,453662.860543693,5678476.48334471,0.0,0.0,0.0,0.0,12.544879913330078,,1.0313665866851809,0.0,0.0,,0.2672606632265548,5.764485368434649
6080,FMAT,453663.641177791,5678476.18941247,0.0,0.0,0.0,0.0,1.9471379518508911,,1.0027066469192505,0.0,0.0,,0.3814981948470214,6.04873529725777
6081,FMAT,453664.335178511,5678475.91050695,0.0,0.0,0.0,0.0,3.462278127670288,,1.0057876110076904,0.0,0.0,,0.4025142174263185,6.342348749174136
6082,FMAT,453665.054756342,5678475.69722819,0.0,0.0,0.0,0.0,3.732167005538941,,1.0217310190200806,0.0,0.0,,0.3695561169143267,6.397058828930695
6083,FMAT,453665.800283633,5678475.48632163,0.0,0.0,0.0,0.0,9.10459804534912,,1.0151655673980713,0.0,0.0,,0.349721354869985,6.352469458581027
6084,FMAT,453666.554445475,5678475.27879514,0.0,0.0,0.0,0.0,2.122467517852783,,1.0009247064590454,0.0,0.0,,0.316922266821609,6.567255929567872
6085,FMAT,453667.282664311,5678475.06778657,0.0,0.0,0.0,0.0,3.1591358184814453,,1.0042099952697754,0.0,0.0,,0.3096389686541125,6.735920184002026
6086,FMAT,453668.010902702,5678474.85344874,0.0,0.0,0.0,0.0,1.426616668701172,,1.0170973539352417,0.0,0.0,,0.278514616279734,6.651469429780304
6087,FMAT,453668.670005539,5678474.62205743,0.0,0.0,0.0,0.0,6.030977725982666,,1.009718656539917,0.0,0.0,,0.2863578742700715,6.321889405012281
6088,FMAT,453669.329147528,5678474.38400769,0.0,0.0,0.0,0.0,4.43667459487915,,1.013414978981018,0.0,0.0,,0.2920466332164726,6.315737566150874
6089,FMAT,453670.031573465,5678474.14399311,0.0,0.0,0.0,0.0,6.346808910369873,,1.0142511129379272,0.0,0.0,,0.2477339707597116,6.362571154290158
6090,FMAT,453670.77745969,5678473.87205101,0.0,0.0,0.0,0.0,1.985071063041687,,1.0054206848144531,0.0,0.0,,0.207068096226766,6.451841232856535
6091,FMAT,453671.531882485,5678473.62013488,0.0,0.0,0.0,0.0,5.683869361877441,,1.0192705392837524,0.0,0.0,,0.1518110461647943,6.399641074843441
6092,FMAT,453672.260231652,5678473.38693128,0.0,0.0,0.0,0.0,6.7723917961120605,,1.0119491815567017,0.0,0.0,,0.1690143952035321,6.342152512790402
6093,FMAT,453672.971311591,5678473.14696737,0.0,0.0,0.0,0.0,0.7809359431266785,,1.0037871599197388,0.0,0.0,,0.1514270939723631,6.470640134231778
6094,FMAT,453673.682502509,5678472.88813801,0.0,0.0,0.0,0.0,7.66372013092041,,1.026731014251709,0.0,0.0,,0.1757500513592395,6.818280372752308
6095,FMAT,453674.385143691,5678472.61150199,0.0,0.0,0.0,0.0,6.878679275512695,,1.0207113027572632,0.0,0.0,,0.1972773173738696,6.936424706598497
6096,FMAT,453675.070659313,5678472.30369165,0.0,0.0,0.0,0.0,8.573478698730469,,1.0287202596664429,0.0,0.0,,0.1813149656372908,6.846055815099292
6097,FMAT,453675.712845195,5678472.00561416,0.0,0.0,0.0,0.0,6.716386795043945,,1.015471339225769,0.0,0.0,,0.1739779129692397,6.656134023594226
6098,FMAT,453676.37205858,5678471.75535682,0.0,0.0,0.0,0.0,5.724772930145264,,1.0110552310943604,0.0,0.0,,0.180977778008309,6.442938943689053
6099,FMAT,453677.187295356,5678471.46384641,0.0,0.0,0.0,0.0,1.7476576566696167,,1.004550814628601,0.0,0.0,,0.1490960738204689,6.592493173838534
6100,FMAT,453677.924376693,5678471.21737647,0.0,0.0,0.0,0.0,2.215611219406128,,1.0031232833862305,0.0,0.0,,0.1456832010668225,6.533398482181219
6101,FMAT,453678.661686542,5678470.93206595,0.0,0.0,0.0,0.0,2.3872146606445312,,1.0085513591766355,0.0,0.0,,0.079500993928717,6.663982586410766
6102,FMAT,453679.390289914,5678470.65558226,0.0,0.0,0.0,0.0,5.742709159851074,,1.0108704566955566,0.0,0.0,,0.065840052774223,7.087921175623117
6103,FMAT,453680.187610812,5678470.46717448,0.0,0.0,0.0,0.0,3.329803705215454,,1.0082602500915527,0.0,0.0,,0.0706278603792988,7.761460725166281
6104,FMAT,453680.941575878,5678470.29293847,0.0,0.0,0.0,0.0,5.41386604309082,,1.0102430582046509,0.0,0.0,,0.0225098505179348,7.824478564785874
6105,FMAT,453681.626803725,5678470.03395563,0.0,0.0,0.0,0.0,14.659038543701172,,1.0396560430526731,0.0,0.0,,0.012769707587259,7.886278402490172
6106,FMAT,453682.346778846,5678469.75298183,0.0,0.0,0.0,0.0,14.26052188873291,,1.0510462522506714,0.0,0.0,,0.0211690331048147,7.781711363414205
6107,FMAT,453683.118816112,5678469.44900919,0.0,0.0,0.0,0.0,11.798492431640623,,1.023666262626648,0.0,0.0,,0.0633143395452618,7.863875111695309
6108,FMAT,453683.786839924,5678469.17216866,0.0,0.0,0.0,0.0,7.627250671386719,,1.0182560682296753,0.0,0.0,,0.1003588714532978,7.443278048723441
6109,FMAT,453684.437574922,5678468.89189705,0.0,0.0,0.0,0.0,1.9753574132919312,,1.00959312915802,0.0,0.0,,0.146735319621496,7.026971334244228
6110,FMAT,453685.079799337,5678468.58716043,0.0,0.0,0.0,0.0,4.617467880249023,,1.0091135501861572,0.0,0.0,,0.2183205801220131,6.9189060517195
6111,FMAT,453685.765314181,5678468.27934915,0.0,0.0,0.0,0.0,2.221146583557129,,1.0070412158966064,0.0,0.0,,0.3008988349824765,6.572070425852469
6112,FMAT,453686.55441142,5678468.01764771,0.0,0.0,0.0,0.0,8.467402458190918,,1.0141671895980835,0.0,0.0,,0.3915366745890837,6.66552242568416
6113,FMAT,453687.29149213,5678467.77117689,0.0,0.0,0.0,0.0,10.73852252960205,,1.029038429260254,0.0,0.0,,0.4626522994276706,6.301465265820776
6114,FMAT,453688.002571087,5678467.53121163,0.0,0.0,0.0,0.0,2.6501941680908203,,1.0126705169677734,0.0,0.0,,0.4971142110173665,6.164839825825642
6115,FMAT,453688.722278062,5678467.29573614,0.0,0.0,0.0,0.0,3.202062129974365,,1.0071202516555786,0.0,0.0,,0.4325242636785101,6.393936413378471
6116,FMAT,453689.424611352,5678467.07125604,0.0,0.0,0.0,0.0,3.941656827926636,,1.0187116861343384,0.0,0.0,,0.3647975957631783,6.792559427127716
6117,FMAT,453690.196067031,5678466.86604858,0.0,0.0,0.0,0.0,8.186319351196289,,1.0357544422149658,0.0,0.0,,0.3128633065769003,7.02562182685095
6118,FMAT,453690.924258314,5678466.65947674,0.0,0.0,0.0,0.0,1.9035289287567136,,1.0086241960525513,0.0,0.0,,0.2428411472306782,7.366579014411917
6119,FMAT,453691.653017527,5678466.35635844,0.0,0.0,0.0,0.0,2.933706521987915,,1.0119116306304932,0.0,0.0,,0.2000846155562562,6.97382335822777
6120,FMAT,453692.329779813,5678466.06514162,0.0,0.0,0.0,0.0,4.588457107543945,,1.0214273929595947,0.0,0.0,,0.1603709690993336,6.971337642955185
6121,FMAT,453693.006829287,5678465.72509668,0.0,0.0,0.0,0.0,6.047831535339356,,1.012936234474182,0.0,0.0,,0.1132984791451146,6.935008647710829
6122,FMAT,453693.701226223,5678465.37849512,0.0,0.0,0.0,0.0,1.7670974731445312,,1.0290623903274536,0.0,0.0,,0.1581401874276193,7.526289429952435
6123,FMAT,453694.386609884,5678465.09287768,0.0,0.0,0.0,0.0,3.149017095565796,,1.0109091997146606,0.0,0.0,,0.2232807806261579,7.764551286390452
6124,FMAT,453695.106708111,5678464.79081788,0.0,0.0,0.0,0.0,4.667962551116943,,1.0295220613479614,0.0,0.0,,0.2681587085496387,7.913403984424688
6125,FMAT,453695.809354322,5678464.51307023,0.0,0.0,0.0,0.0,5.491332054138184,,1.0120335817337036,0.0,0.0,,0.3304519997887999,8.099537136766825
6126,FMAT,453696.477194483,5678464.26730103,0.0,0.0,0.0,0.0,0.1662498414516449,,1.0117374658584597,0.0,0.0,,0.3593181083106148,8.028204755847437
6127,FMAT,453697.179677408,5678464.01729649,0.0,0.0,0.0,0.0,11.63183879852295,,1.0659019947052002,0.0,0.0,,0.3838655041873828,7.673804985837922
6128,FMAT,453697.977473692,5678463.7478767,0.0,0.0,0.0,0.0,3.606950044631958,,1.01057231426239,0.0,0.0,,0.405939244629418,7.385256440408769
6129,FMAT,453698.705892931,5678463.50246365,0.0,0.0,0.0,0.0,2.972834825515747,,1.018006682395935,0.0,0.0,,0.4524673022758555,7.418710200037881
6130,FMAT,453699.425886406,5678463.21815911,0.0,0.0,0.0,0.0,3.4182703495025635,,1.0079230070114136,0.0,0.0,,0.4341705434424008,7.776881076787724
6131,FMAT,453700.197915826,5678462.91529453,0.0,0.0,0.0,0.0,1.3400847911834717,,1.0028702020645142,0.0,0.0,,0.3787927290026754,7.872454867685555
6132,FMAT,453700.917883084,5678462.63542878,0.0,0.0,0.0,0.0,2.1740081310272217,,1.004019021987915,0.0,0.0,,0.2797150726492261,7.5822204317296285
6133,FMAT,453701.559779983,5678462.38617726,0.0,0.0,0.0,0.0,4.299428939819336,,1.0089194774627686,0.0,0.0,,0.2957290309574588,7.363144049724037
6134,FMAT,453702.236358803,5678462.12603201,0.0,0.0,0.0,0.0,4.616662979125977,,1.039198875427246,0.0,0.0,,0.3287707606254456,7.339525355492224
6135,FMAT,453702.904126759,5678461.89246928,0.0,0.0,0.0,0.0,0.364487737417221,,1.0261677503585815,0.0,0.0,,0.3411808827411574,7.241975757342704
6136,FMAT,453703.589209543,5678461.65789857,0.0,0.0,0.0,0.0,8.527127265930176,,1.0411148071289062,0.0,0.0,,0.3474086868419461,7.341577698430591
6137,FMAT,453704.421413193,5678461.42419305,0.0,0.0,0.0,0.0,3.563476085662842,,1.0125792026519775,0.0,0.0,,0.3180190308502364,6.79274677432956
6138,FMAT,453705.184318164,5678461.20117756,0.0,0.0,0.0,0.0,8.964268684387207,,1.0275654792785645,0.0,0.0,,0.2494617063145996,6.748665307412596
6139,FMAT,453705.912612933,5678460.97684869,0.0,0.0,0.0,0.0,9.15004825592041,,1.019225835800171,0.0,0.0,,0.1631604951059695,6.853646912283329
6140,FMAT,453706.571863563,5678460.71993046,0.0,0.0,0.0,0.0,7.831248760223389,,1.0125244855880735,0.0,0.0,,0.1270063028896812,7.108418959648331
6141,FMAT,453707.265848298,5678460.44324062,0.0,0.0,0.0,0.0,4.03180742263794,,1.0149071216583252,0.0,0.0,,0.1179429807061798,7.028474522495106
6142,FMAT,453708.055231155,5678460.13270897,0.0,0.0,0.0,0.0,5.581767559051514,,1.007755160331726,0.0,0.0,,0.1608373806237638,6.775700767658087
6143,FMAT,453708.766654642,5678459.83392621,0.0,0.0,0.0,0.0,9.392622947692873,,1.0186223983764648,0.0,0.0,,0.2293568195018938,6.399458354590045
6144,FMAT,453709.486732243,5678459.53519429,0.0,0.0,0.0,0.0,1.173359513282776,,1.0019216537475586,0.0,0.0,,0.3198081017706655,6.182460076795256
6145,SGAM,453710.241517825,5678459.22112966,0.0,0.0,0.0,0.0,0.4299777746200561,,1.0045840740203855,0.0,0.0,,0.3966908262726833,5.984156964629617
6146,SGAM,453710.935678487,5678458.91447683,0.0,0.0,0.0,0.0,3.1756505966186523,,1.0034621953964231,0.0,0.0,,0.4792067673590208,6.1412205901066965
6147,SGAM,453711.534545366,5678458.62391009,0.0,0.0,0.0,0.0,3.490313768386841,,1.0030841827392578,0.0,0.0,,0.5513382084026335,6.338128686342823
6148,SGAM,453712.193945693,5678458.34146762,0.0,0.0,0.0,0.0,2.753319501876831,,1.005312204360962,0.0,0.0,,0.5731129774738155,6.531303842611227
6149,SGAM,453712.965817521,5678458.06523529,0.0,0.0,0.0,0.0,1.7380291223526,,1.003975510597229,0.0,0.0,,0.605737231432722,6.832248081453346
6150,SGAM,453713.59022914,5678457.8458437,0.0,0.0,0.0,0.0,2.8975155353546143,,1.0019724369049072,0.0,0.0,,0.6140168291014491,7.355199212175719
6151,SGAM,453714.388337423,5678457.52315528,0.0,0.0,0.0,0.0,5.168856143951416,,1.006356954574585,0.0,0.0,,0.5527340754633365,9.086916838808923
6152,SGAM,453715.116690308,5678457.288838,0.0,0.0,0.0,0.0,14.01190185546875,,1.033639669418335,0.0,0.0,,0.5388390382798681,9.311322251557865
6153,SGAM,453715.809963209,5678457.13310786,0.0,0.0,0.0,0.0,8.16938591003418,,1.0159286260604858,0.0,0.0,,0.4875750691757303,9.196124202506674
6154,SGAM,453716.459958726,5678456.97823297,0.0,0.0,0.0,0.0,2.4424502849578857,,1.004830837249756,0.0,0.0,,0.4528478899133613,8.986270526488491
6155,SGAM,453717.144890597,5678456.76918484,0.0,0.0,0.0,0.0,2.835475444793701,,1.010805606842041,0.0,0.0,,0.3631757164034075,9.139558053512358
6156,SGAM,453717.925866459,5678456.41643162,0.0,0.0,0.0,0.0,6.70944881439209,,1.0879943370819092,0.0,0.0,,0.2784476833877641,9.296209358566196
6157,SGAM,453718.585494724,5678456.09514811,0.0,0.0,0.0,0.0,1.8633568286895752,,1.0139355659484863,0.0,0.0,,0.2148060750947835,8.17869164897957
6158,SGAM,453719.210480181,5678455.77809995,0.0,0.0,0.0,0.0,8.380660057067871,,1.0407403707504272,0.0,0.0,,0.1790849131449235,7.293573179909081
6159,SGAM,453719.92219644,5678455.42937839,0.0,0.0,0.0,0.0,9.226357460021973,,1.0549143552780151,0.0,0.0,,0.1588568600632834,7.147084534380379
6160,SGAM,453720.633853915,5678455.09064434,0.0,0.0,0.0,0.0,6.068302631378174,,1.0139542818069458,0.0,0.0,,0.1851019188158836,6.826189344548115
6161,SGAM,453721.310757664,5678454.77501101,0.0,0.0,0.0,0.0,10.644122123718262,,1.0773661136627195,0.0,0.0,,0.2223794189982389,6.783749546802196
6162,SGAM,453722.022167102,5678454.47844652,0.0,0.0,0.0,0.0,1.2101045846939087,,1.0191044807434082,0.0,0.0,,0.2819742053657871,6.578366258573797
6163,SGAM,453722.724707031,5678454.21845215,0.0,0.0,0.0,0.0,4.713912963867188,,1.0159987211227417,0.0,0.0,,0.3465768496583494,6.172429892840489
6164,SGAM,453723.453157209,5678453.96748817,0.0,0.0,0.0,0.0,1.895612120628357,,1.0049668550491333,0.0,0.0,,0.3481239581143383,6.087177113894597
6165,SGAM,453724.268168534,5678453.71370369,0.0,0.0,0.0,0.0,2.225036144256592,,1.006977081298828,0.0,0.0,,0.339183342428898,5.557656866918666
6166,SGAM,453724.94438703,5678453.51459157,0.0,0.0,0.0,0.0,2.4629569053649902,,1.011985421180725,0.0,0.0,,0.3116530062656592,5.228778865971568
6167,SGAM,453725.681347709,5678453.2880923,0.0,0.0,0.0,0.0,0.1387404203414917,,1.0023255348205566,0.0,0.0,,0.2579503494886229,4.896267493080507
6168,SGAM,453726.461768338,5678453.02966518,0.0,0.0,0.0,0.0,1.766661524772644,,1.0051941871643066,0.0,0.0,,0.2596076600999319,4.843158949412291
6169,SGAM,453727.181492364,5678452.790857,0.0,0.0,0.0,0.0,6.229866981506348,,1.0093847513198853,0.0,0.0,,0.2524878085609158,4.624749739932076
6170,SGAM,453727.901157638,5678452.56203632,0.0,0.0,0.0,0.0,4.8835062980651855,,1.006225824356079,0.0,0.0,,0.2223565536078018,4.413742295290219
6171,SGAM,453728.594253727,5678452.43626773,0.0,0.0,0.0,0.0,2.4372475147247314,,1.0045676231384275,0.0,0.0,,0.1879620281662272,4.465721278685729
6172,SGAM,453729.28670401,5678452.42036224,0.0,0.0,0.0,0.0,0.4032209813594818,,1.0034235715866089,0.0,0.0,,0.1663959379432094,4.550777465756456
6173,SGAM,453730.006036512,5678452.24813754,0.0,0.0,0.0,0.0,1.3944083452224731,,1.0025399923324585,0.0,0.0,,0.171670754032622,4.629819829965165
6174,SGAM,453730.717393201,5678451.9604501,0.0,0.0,0.0,0.0,4.210021018981934,,1.0126413106918335,0.0,0.0,,0.1476090647172706,4.630805653057966
6175,SGAM,453731.394178856,5678451.66479103,0.0,0.0,0.0,0.0,5.292040824890137,,1.0090256929397583,0.0,0.0,,0.1410092365430061,4.530147839804143
6176,SGAM,453732.149288919,5678451.29523786,0.0,0.0,0.0,0.0,1.9579894542694087,,1.0100830793380735,0.0,0.0,,0.0774757908327192,4.476324432478283
6177,SGAM,453732.826341889,5678450.95407979,0.0,0.0,0.0,0.0,1.3185818195343018,,1.017025113105774,0.0,0.0,,0.0542637182897648,4.60735576069758
6178,SGAM,453733.512042437,5678450.61408225,0.0,0.0,0.0,0.0,3.568263053894043,,1.0071841478347778,0.0,0.0,,0.089619367809196,4.447758740182455
6179,SGAM,453734.215005585,5678450.28195448,0.0,0.0,0.0,0.0,1.6996524333953855,,1.010364651679993,0.0,0.0,,0.1859280518887571,4.085329082939816
6180,SGAM,453734.89124961,5678450.07840259,0.0,0.0,0.0,0.0,3.216269254684448,,1.0025330781936646,0.0,0.0,,0.2918863726745671,4.176606314642677
6181,SGAM,453735.532472593,5678449.94345039,0.0,0.0,0.0,0.0,1.7894169092178345,,1.0043319463729858,0.0,0.0,,0.36489437333696,4.331975520130847
6182,SGAM,453736.148170059,5678449.73399372,0.0,0.0,0.0,0.0,2.509592056274414,,1.0106385946273804,0.0,0.0,,0.4982757822265104,4.653760636908082
6183,SGAM,453736.78146278,5678449.47581065,0.0,0.0,0.0,0.0,5.357048988342285,,1.0067147016525269,0.0,0.0,,0.5184239367529712,4.889084997259968
6184,SGAM,453737.475504127,5678449.18913061,0.0,0.0,0.0,0.0,1.4918018579483032,,1.0081031322479248,0.0,0.0,,0.5180100738586175,5.187205365905797
6185,SGAM,453738.281658155,5678448.96969542,0.0,0.0,0.0,0.0,2.3149101734161377,,1.0076957941055298,0.0,0.0,,0.475506498771808,5.639935720200319
6186,SGAM,453739.148260797,5678448.77281074,0.0,0.0,0.0,0.0,7.2779541015625,,1.0214283466339111,0.0,0.0,,0.4213509813732953,6.022171763785647
6187,SGAM,453739.911509158,5678448.49097627,0.0,0.0,0.0,0.0,1.7502003908157349,,1.0098729133605957,0.0,0.0,,0.3916882008567356,6.147302561816112
6188,SGAM,453740.605674211,5678448.18321111,0.0,0.0,0.0,0.0,9.005101203918457,,1.0339605808258057,0.0,0.0,,0.3489907621186335,6.001572344601944
6189,SGAM,453741.28253742,5678447.87423445,0.0,0.0,0.0,0.0,8.279683113098145,,1.0373574495315552,0.0,0.0,,0.3397894256349162,5.657159126682401
6190,SGAM,453741.959517956,5678447.5452826,0.0,0.0,0.0,0.0,2.990612030029297,,1.0163869857788086,0.0,0.0,,0.3093028619075853,5.564600431929295
6191,SGAM,453742.800249178,5678447.33270875,0.0,0.0,0.0,0.0,6.234393119812012,,1.0120432376861572,0.0,0.0,,0.2896196271576274,5.806508373407633
6192,SGAM,453743.770407931,5678447.18637162,0.0,0.0,0.0,0.0,1.2726435661315918,,1.009781837463379,0.0,0.0,,0.2804219946147179,6.152706875800625
6193,SGAM,453744.766476944,5678447.04906476,0.0,0.0,0.0,0.0,7.96439266204834,,1.0435199737548828,0.0,0.0,,0.3272784723545361,7.296701940073317
6194,SGAM,453745.564230693,5678446.78629855,0.0,0.0,0.0,0.0,3.119470357894897,,1.007596135139465,0.0,0.0,,0.3643295115692022,8.097987774712724
6195,SGAM,453746.249845546,5678446.46072638,0.0,0.0,0.0,0.0,1.089409589767456,,1.000634789466858,0.0,0.0,,0.361539862233426,8.429135773195197
6196,SGAM,453747.152505367,5678446.01879416,0.0,0.0,0.0,0.0,6.943310737609863,,1.013117432594299,0.0,0.0,,0.3543874303660734,8.461042592627372
6197,SGAM,453748.506504685,5678445.35423104,0.0,0.0,0.0,0.0,6.535328388214111,,1.0176048278808594,0.0,0.0,,0.3092145621352833,7.3304943172322465
6198,SGAM,453750.007128823,5678444.77487148,0.0,0.0,0.0,0.0,3.9996097087860103,,1.007227063179016,0.0,0.0,,0.2165122823973559,8.074483906744106
6199,SGAM,453751.506520465,5678444.40525039,0.0,0.0,0.0,0.0,14.788589477539062,,1.039406180381775,0.0,0.0,,0.2971626362000886,7.885724721824228
6200,SGAM,453752.632394734,5678444.26981495,0.0,0.0,0.0,0.0,3.1439499855041504,,1.002472162246704,0.0,0.0,,0.4156910788722602,7.742575573196514
6201,SGAM,453753.566886634,5678444.30193958,0.0,0.0,0.0,0.0,1.8945527076721191,,1.0028107166290283,0.0,0.0,,0.4309452135489184,8.464853580659545
6202,SGAM,453754.500570119,5678444.47167047,0.0,0.0,0.0,0.0,3.969777584075928,,1.005468249320984,0.0,0.0,,0.4316331053195545,8.75727845743505
6203,SGAM,453755.079016164,5678444.71033939,0.0,0.0,0.0,0.0,0.723296582698822,,1.0064712762832642,0.0,0.0,,0.3789143049423682,8.780610092371036
6204,SGAM,453755.475372994,5678445.00786596,0.0,0.0,0.0,0.0,2.3084847927093506,,1.0121155977249146,0.0,0.0,,0.3229873358726486,9.2878733752225
6205,SGAM,453755.904338509,5678445.64739235,0.0,0.0,0.0,0.0,12.58024787902832,,1.0546194314956665,0.0,0.0,,0.1844353951875753,9.906592547593013
6206,SGAM,453756.194250891,5678446.38598086,0.0,0.0,0.0,0.0,8.185845375061035,,1.0424370765686035,0.0,0.0,,0.1600273098332048,10.041593674052857
6207,SGAM,453756.216845916,5678448.43252414,0.0,0.0,0.0,0.0,11.071876525878906,,1.12131667137146,0.0,0.0,,0.152387949094004,10.97795921392948
6208,SGAM,453755.855942959,5678449.46581666,0.0,0.0,0.0,0.0,8.099921226501465,,1.0519201755523682,0.0,0.0,,0.1502101793783179,11.054233841615185
6209,SGAM,453755.218387177,5678450.44976389,0.0,0.0,0.0,0.0,12.530146598815918,,1.0435444116592407,0.0,0.0,,0.1832613780219124,10.710510390121769
6210,SGAM,453754.339440551,5678451.274706,0.0,0.0,0.0,0.0,6.215823173522949,,1.0293831825256348,0.0,0.0,,0.2523503381090705,9.804637797079518
6211,SGAM,453753.219944096,5678451.79748789,0.0,0.0,0.0,0.0,7.386648654937744,,1.0919197797775269,0.0,0.0,,0.3165546763686682,9.601810376937674
6212,SGAM,453761.709248931,5678485.8073402,0.0,0.0,0.0,0.0,2.8328075408935547,,1.0057200193405151,0.0,0.0,,0.2020639153812658,9.605032149572375
6213,SGAM,453760.480515895,5678485.77237846,0.0,0.0,0.0,0.0,5.97992753982544,,1.0433270931243896,0.0,0.0,,0.2559865401050185,9.77579886590579
6214,SGAM,453759.442996568,5678485.59870911,0.0,0.0,0.0,0.0,6.275843143463135,,1.0462548732757568,0.0,0.0,,0.2499308281251571,9.937488642763636
6215,SGAM,453758.268861513,5678485.10906326,0.0,0.0,0.0,0.0,1.2341278791427612,,1.0519976615905762,0.0,0.0,,0.2815617727948182,9.729834709898812
6216,SGAM,453757.060129378,5678484.61588469,0.0,0.0,0.0,0.0,16.50333595275879,,1.131763577461243,0.0,0.0,,0.2776721502780739,10.019073505527704
6217,SGAM,453755.722960031,5678483.88779055,0.0,0.0,0.0,0.0,9.266778945922852,,1.0570377111434937,0.0,0.0,,0.2753057792454313,10.19031877220921
6218,SGAM,453754.403360097,5678483.11540873,0.0,0.0,0.0,0.0,8.773378372192383,,1.151235818862915,0.0,0.0,,0.2997195061452352,9.758027426077682
6219,SGAM,453753.093040502,5678482.23654356,0.0,0.0,0.0,0.0,6.526797294616699,,1.041176199913025,0.0,0.0,,0.2849390501910496,8.883606434366285
6220,SGAM,453751.713148628,5678481.4149773,0.0,0.0,0.0,0.0,2.52671480178833,,1.044628381729126,0.0,0.0,,0.282718572587823,8.532591584534789
6221,SGAM,453750.332800633,5678480.67109181,0.0,0.0,0.0,0.0,9.031453132629396,,1.1880546808242798,0.0,0.0,,0.2682312589727909,7.868657634299501
6222,SGAM,453749.047088255,5678480.02320209,0.0,0.0,0.0,0.0,7.33242130279541,,1.0374915599822998,0.0,0.0,,0.3008970074769853,7.5748325206626035
6223,SGAM,453747.864528686,5678479.49466331,0.0,0.0,0.0,0.0,8.315056800842285,,1.030674934387207,0.0,0.0,,0.3320113873666747,8.454671559772644
6224,SGAM,453746.517337533,5678478.99955978,0.0,0.0,0.0,0.0,10.07082176208496,,1.1717946529388428,0.0,0.0,,0.3017233953581503,8.46757420458555
6225,SGAM,453745.230465036,5678478.54920114,0.0,0.0,0.0,0.0,1.9597485065460205,,1.0196093320846558,0.0,0.0,,0.2774425874525589,8.154129045622303
6226,SGAM,453743.85767029,5678477.99290952,0.0,0.0,0.0,0.0,6.797539234161377,,1.0751361846923828,0.0,0.0,,0.3108815603339259,8.340182488194285
6227,SGAM,453742.277905591,5678477.3111075,0.0,0.0,0.0,0.0,5.331409931182861,,1.124783992767334,0.0,0.0,,0.3461348206908686,8.70215019805298
6228,SGAM,453740.853257873,5678476.7423032,0.0,0.0,0.0,0.0,11.231276512145996,,1.052992343902588,0.0,0.0,,0.392652843744372,9.098897356476138
6229,SGAM,453739.480691999,5678476.1471703,0.0,0.0,0.0,0.0,6.55903959274292,,1.0533782243728638,0.0,0.0,,0.4404225686891976,8.967127483852543
6230,SGAM,453738.100169974,5678475.43324532,0.0,0.0,0.0,0.0,6.122190475463867,,1.0254907608032229,0.0,0.0,,0.5673994974472192,9.064034181785647
6231,SGAM,453736.657927551,5678474.9131666,0.0,0.0,0.0,0.0,8.329570770263672,,1.048810601234436,0.0,0.0,,0.6203321296626095,8.946743085302455
6232,SGAM,453735.188620507,5678474.58047918,0.0,0.0,0.0,0.0,11.316012382507324,,1.071589708328247,0.0,0.0,,0.5920832201327239,8.643990667980631
6233,SGAM,453733.639854014,5678474.51477834,0.0,0.0,0.0,0.0,2.706850290298462,,1.0132811069488523,0.0,0.0,,0.5544939074219306,9.393625450081846
6234,SGAM,453732.169855765,5678474.29972161,0.0,0.0,0.0,0.0,9.600951194763184,,1.0732418298721311,0.0,0.0,,0.6028624136147146,9.787940412647323
6235,SGAM,453729.245602331,5678474.13604396,0.0,0.0,0.0,0.0,5.228386878967285,,1.0115467309951782,0.0,0.0,,0.6090305879217086,9.284439275431051
6236,FMAT,453727.694291887,5678474.50313617,0.0,0.0,0.0,0.0,3.401412010192871,,1.010590672492981,0.0,0.0,,0.6117965473595396,6.976009918759714
6237,FMAT,453726.39385482,5678474.88834933,0.0,0.0,0.0,0.0,6.211723327636719,,1.0076632499694824,0.0,0.0,,0.6237810485490506,5.8413028794410415
6238,FMAT,453724.876521509,5678475.3643979,0.0,0.0,0.0,0.0,4.458608627319336,,1.0056543350219729,0.0,0.0,,0.7588290261212878,4.194845800281241
6239,FMAT,453723.497165709,5678475.92448985,0.0,0.0,0.0,0.0,3.3194916248321533,,1.002779245376587,0.0,0.0,,0.8051417698279865,4.168105400164732
6240,FMAT,453722.369629264,5678476.34179228,0.0,0.0,0.0,0.0,2.108059883117676,,1.0020898580551147,0.0,0.0,,0.8116836451324522,4.0976136218375485
6241,FMAT,453721.232140198,5678476.97987968,0.0,0.0,0.0,0.0,4.019931793212891,,1.0051878690719604,0.0,0.0,,0.7616660701185941,3.76759362753795
6242,FMAT,453720.181094969,5678477.63512165,0.0,0.0,0.0,0.0,4.0253190994262695,,1.0065076351165771,0.0,0.0,,0.683519797983466,3.806472367012794
6243,FMAT,453719.060300618,5678478.37762501,0.0,0.0,0.0,0.0,2.4806244373321533,,1.008028864860535,0.0,0.0,,0.6679979365521371,3.6977413852909775
6244,FMAT,453718.164312736,5678479.15585274,0.0,0.0,0.0,0.0,0.6915136575698853,,1.000478982925415,0.0,0.0,,0.6024885913254874,3.6734139303067583
6245,FMAT,453717.197636131,5678480.18114281,0.0,0.0,0.0,0.0,0.0617427490651607,,1.0029646158218384,0.0,0.0,,0.5259654203071715,3.4886684014389626
6246,FMAT,453716.152934521,5678481.22927912,0.0,0.0,0.0,0.0,2.186054229736328,,1.0028456449508667,0.0,0.0,,0.484858704444279,3.2171533876411886
6247,FMAT,453715.108310934,5678482.26409854,0.0,0.0,0.0,0.0,0.3234778344631195,,1.0023880004882812,0.0,0.0,,0.4459377486610593,3.3698493183061293
6248,FMAT,453712.983323799,5678484.52440677,0.0,0.0,0.0,0.0,12.924493789672852,,1.060895919799805,0.0,0.0,,0.5800327329406108,3.818803861490652
6249,FMAT,453712.09476856,5678485.51020397,0.0,0.0,0.0,0.0,3.564743995666504,,1.006162166595459,0.0,0.0,,0.5882251513043684,3.9978243659687935
6250,FMAT,453711.277175959,5678486.20233007,0.0,0.0,0.0,0.0,3.486661911010742,,1.0109654664993286,0.0,0.0,,0.5850997054184175,4.530677541887563
6251,FMAT,453710.921107446,5678486.41220179,0.0,0.0,0.0,0.0,6.07337760925293,,1.0321485996246338,0.0,0.0,,0.5765598785716849,4.799187888054305
6252,FMAT,453710.47672847,5678486.92230108,0.0,0.0,0.0,0.0,3.2075448036193848,,1.0135953426361084,0.0,0.0,,0.5582368080027164,4.979789760582102
6253,FMAT,453710.07700389,5678487.19739231,0.0,0.0,0.0,0.0,3.238619327545166,,1.0154608488082886,0.0,0.0,,0.5264824284924959,5.029561517687903
6254,FMAT,453710.041917239,5678487.27708922,0.0,0.0,0.0,0.0,3.238619327545166,,1.0154608488082886,0.0,0.0,,0.5264824284924959,5.029561517687903
6255,FMAT,453709.685568036,5678487.53467922,0.0,0.0,0.0,0.0,1.9836050271987915,,1.010751485824585,0.0,0.0,,0.4979436838564003,5.262162909897294
6256,FMAT,453709.114084146,5678487.58347763,0.0,0.0,0.0,0.0,4.478385925292969,,1.007937788963318,0.0,0.0,,0.438599568870443,5.735046782786097
