ID,class,btm_broad_bpi,btm_fine_bpi,btm_broad_std,btm_fine_std,btm_slope,btm_vrm,btm_surface_ratio,btm_bpi_magnitude,btm_broad_x_fine_std,btm_rough_total
1,NVB,0.0,0.0,0.0,0.0,13.770500183105469,,1.0839859247207642,0.0,0.0,
2,FMAT,0.0,0.0,0.0,0.0,1.6186344623565674,,1.0198713541030884,0.0,0.0,
3,ALG,0.0,0.0,0.0,0.0,28.715511322021484,,1.2049907445907593,0.0,0.0,
4,ALG,0.0,0.0,0.0,0.0,24.518558502197266,,1.2411054372787476,0.0,0.0,
5,ALG,0.0,0.0,0.0,0.0,46.288204193115234,,1.5983582735061646,0.0,0.0,
6,ALG,-1.0,0.0,562.0,0.0,69.49740600585938,,3.1560206413269043,562.0,0.0,
7,ALG,0.0,0.0,0.0,0.0,15.096406936645508,,1.0647481679916382,0.0,0.0,
8,ALG,0.0,0.0,0.0,0.0,10.367119789123535,,1.073147177696228,0.0,0.0,
9,ALG,-1.0,0.0,562.0,0.0,14.58603286743164,,1.0391530990600586,562.0,0.0,
10,ALG,0.0,0.0,0.0,0.0,48.870750427246094,,1.560952067375183,0.0,0.0,
11,ALG,0.0,0.0,0.0,0.0,16.05502700805664,,1.0602422952651978,0.0,0.0,
12,ALG,0.0,0.0,0.0,0.0,20.81159019470215,,1.1498607397079468,0.0,0.0,
13,ALG,0.0,0.0,0.0,0.0,38.82799911499024,,1.6506402492523191,0.0,0.0,
14,ALG,0.0,0.0,0.0,0.0,52.107940673828125,,1.7276148796081543,0.0,0.0,
15,ALG,0.0,0.0,0.0,0.0,14.71829605102539,,1.1876344680786133,0.0,0.0,
16,ALG,0.0,0.0,0.0,0.0,6.411596298217773,,1.0230228900909424,0.0,0.0,
17,ALG,0.0,0.0,0.0,0.0,12.00086784362793,,1.1896837949752808,0.0,0.0,
18,NVB,0.0,0.0,0.0,0.0,2.748119831085205,,1.1004482507705688,0.0,0.0,
19,SGAM,0.0,0.0,0.0,0.0,3.2675445079803467,,1.008366942405701,0.0,0.0,
20,NVB,0.0,0.0,0.0,0.0,7.968812942504883,,1.0673686265945437,0.0,0.0,
21,SGZ,0.0,0.0,0.0,0.0,8.18147087097168,,1.0263415575027466,0.0,0.0,
22,ALG,1.0,0.0,562.0,0.0,22.90219116210937,,1.198765754699707,562.0,0.0,
23,NVB,0.0,0.0,0.0,0.0,2.825781345367432,,1.0024019479751587,0.0,0.0,
24,NVB,0.0,0.0,0.0,0.0,2.525601863861084,,1.0021870136260986,0.0,0.0,
25,NVB,0.0,0.0,0.0,0.0,1.865939140319824,,1.001684069633484,0.0,0.0,
26,ALG,-1.0,0.0,562.0,0.0,40.31731033325195,,1.3944780826568604,562.0,0.0,
27,NVB,0.0,0.0,0.0,0.0,0.8239578008651733,,1.009567379951477,0.0,0.0,
28,NVB,0.0,0.0,0.0,0.0,2.789370536804199,,1.0074249505996704,0.0,0.0,
29,NVB,0.0,0.0,0.0,0.0,2.0379858016967773,,1.0118428468704224,0.0,0.0,
30,NVB,0.0,0.0,0.0,0.0,5.933718204498291,,1.0249135494232178,0.0,0.0,
31,NVB,0.0,0.0,0.0,0.0,0.5068499445915222,,1.004499435424805,0.0,0.0,
32,NVB,0.0,0.0,0.0,0.0,1.3984949588775637,,1.0010253190994265,0.0,0.0,
33,NVB,0.0,0.0,0.0,0.0,2.58571720123291,,1.0092594623565674,0.0,0.0,
34,NVB,0.0,0.0,0.0,0.0,3.148115873336792,,1.0042638778686523,0.0,0.0,
35,NVB,0.0,0.0,0.0,0.0,2.644316434860229,,1.0036735534667969,0.0,0.0,
36,NVB,0.0,0.0,0.0,0.0,5.562711715698242,,1.0113685131072998,0.0,0.0,
37,NVB,0.0,0.0,0.0,0.0,1.3337687253952026,,1.002487063407898,0.0,0.0,
38,NVB,0.0,0.0,0.0,0.0,2.2166757583618164,,1.004837989807129,0.0,0.0,
39,NVB,0.0,0.0,0.0,0.0,2.917602777481079,,1.0051727294921875,0.0,0.0,
40,NVB,0.0,0.0,0.0,0.0,2.649492025375366,,1.0076018571853638,0.0,0.0,
41,NVB,0.0,0.0,0.0,0.0,2.503718376159668,,1.0030924081802368,0.0,0.0,
42,NVB,0.0,0.0,0.0,0.0,3.1978743076324463,,1.002108097076416,0.0,0.0,
43,NVB,0.0,0.0,0.0,0.0,2.2405812740325928,,1.0010989904403689,0.0,0.0,
44,NVB,0.0,0.0,0.0,0.0,3.2911264896392822,,1.0069454908370972,0.0,0.0,
45,NVB,0.0,0.0,0.0,0.0,3.0743181705474854,,1.0020092725753784,0.0,0.0,
46,NVB,0.0,0.0,0.0,0.0,0.9228307008743286,,1.0041766166687012,0.0,0.0,
47,NVB,0.0,0.0,0.0,0.0,0.2519420087337494,,1.0011836290359497,0.0,0.0,
48,NVB,0.0,0.0,0.0,0.0,1.1623300313949585,,1.003414511680603,0.0,0.0,
49,NVB,0.0,0.0,0.0,0.0,0.8643073439598083,,1.0029315948486328,0.0,0.0,
50,NVB,0.0,0.0,0.0,0.0,1.4271336793899536,,1.0025187730789185,0.0,0.0,
51,NVB,0.0,0.0,0.0,0.0,0.539117157459259,,1.0005873441696167,0.0,0.0,
52,NVB,0.0,0.0,0.0,0.0,1.426038384437561,,1.0078359842300415,0.0,0.0,
53,NVB,0.0,0.0,0.0,0.0,2.2380189895629883,,1.0051389932632446,0.0,0.0,
54,NVB,0.0,0.0,0.0,0.0,4.086558818817139,,1.006075143814087,0.0,0.0,
55,NVB,0.0,0.0,0.0,0.0,1.0259592533111572,,1.0018439292907717,0.0,0.0,
56,NVB,0.0,0.0,0.0,0.0,3.7484307289123535,,1.008195161819458,0.0,0.0,
57,NVB,0.0,0.0,0.0,0.0,0.8839201331138611,,1.0037437677383425,0.0,0.0,
58,NVB,0.0,0.0,0.0,0.0,3.816845655441284,,1.0042710304260254,0.0,0.0,
59,NVB,0.0,0.0,0.0,0.0,1.03471577167511,,1.0037710666656494,0.0,0.0,
60,NVB,0.0,0.0,0.0,0.0,3.7780544757843018,,1.0046736001968384,0.0,0.0,
61,NVB,0.0,0.0,0.0,0.0,2.233104467391968,,1.0087437629699707,0.0,0.0,
62,NVB,0.0,0.0,0.0,0.0,4.130987167358398,,1.0104658603668213,0.0,0.0,
63,NVB,0.0,0.0,0.0,0.0,5.15458869934082,,1.0071686506271362,0.0,0.0,
64,NVB,0.0,0.0,0.0,0.0,3.637645959854126,,1.0044851303100586,0.0,0.0,
65,NVB,0.0,0.0,0.0,0.0,0.8639752864837646,,1.0021740198135376,0.0,0.0,
66,NVB,0.0,0.0,0.0,0.0,4.305079936981201,,1.0072219371795654,0.0,0.0,
67,NVB,0.0,0.0,0.0,0.0,5.111987590789795,,1.0150249004364014,0.0,0.0,
68,NVB,0.0,0.0,0.0,0.0,4.424637794494629,,1.0333125591278076,0.0,0.0,
69,NVB,0.0,0.0,0.0,0.0,2.9474551677703857,,1.0440129041671753,0.0,0.0,
70,NVB,0.0,0.0,0.0,0.0,0.8732483386993408,,1.0031747817993164,0.0,0.0,
71,NVB,0.0,0.0,0.0,0.0,3.375673770904541,,1.0081809759140017,0.0,0.0,
72,NVB,0.0,0.0,0.0,0.0,0.7736813426017761,,1.005653738975525,0.0,0.0,
73,NVB,0.0,0.0,0.0,0.0,4.895939826965332,,1.0083329677581787,0.0,0.0,
74,NVB,0.0,0.0,0.0,0.0,4.285882949829102,,1.0105804204940796,0.0,0.0,
75,NVB,0.0,0.0,0.0,0.0,3.966836929321289,,1.0068296194076538,0.0,0.0,
76,NVB,0.0,0.0,0.0,0.0,1.088534235954285,,1.0037657022476196,0.0,0.0,
77,NVB,0.0,0.0,0.0,0.0,1.7186566591262815,,1.0039138793945312,0.0,0.0,
78,NVB,0.0,0.0,0.0,0.0,6.839162349700928,,1.0242903232574463,0.0,0.0,
79,NVB,0.0,0.0,0.0,0.0,2.621626615524292,,1.0112764835357666,0.0,0.0,
80,NVB,0.0,0.0,0.0,0.0,6.408560276031494,,1.0589048862457275,0.0,0.0,
81,NVB,0.0,0.0,0.0,0.0,5.451786041259766,,1.0157729387283323,0.0,0.0,
82,NVB,0.0,0.0,0.0,0.0,5.513897895812988,,1.0085134506225586,0.0,0.0,
83,NVB,0.0,0.0,0.0,0.0,4.254004955291748,,1.0064281225204468,0.0,0.0,
84,NVB,0.0,0.0,0.0,0.0,3.5816383361816406,,1.005607843399048,0.0,0.0,
85,NVB,0.0,0.0,0.0,0.0,2.628746747970581,,1.008376121520996,0.0,0.0,
86,NVB,0.0,0.0,0.0,0.0,2.055495500564575,,1.0035638809204102,0.0,0.0,
87,NVB,0.0,0.0,0.0,0.0,0.3790843784809112,,1.000296950340271,0.0,0.0,
88,NVB,0.0,0.0,0.0,0.0,2.4189460277557373,,1.002938985824585,0.0,0.0,
89,NVB,0.0,0.0,0.0,0.0,1.0171654224395752,,1.0011900663375854,0.0,0.0,
90,NVB,0.0,0.0,0.0,0.0,2.148124933242798,,1.0013514757156372,0.0,0.0,
91,NVB,0.0,0.0,0.0,0.0,3.326664447784424,,1.0044002532958984,0.0,0.0,
92,NVB,0.0,0.0,0.0,0.0,6.198870658874512,,1.0083245038986206,0.0,0.0,
93,NVB,0.0,0.0,0.0,0.0,3.005727052688598,,1.00346577167511,0.0,0.0,
94,NVB,0.0,0.0,0.0,0.0,2.336325168609619,,1.0029078722000122,0.0,0.0,
95,NVB,0.0,0.0,0.0,0.0,0.5930126309394836,,1.0019196271896362,0.0,0.0,
96,NVB,0.0,0.0,0.0,0.0,1.107520580291748,,1.001718521118164,0.0,0.0,
97,NVB,0.0,0.0,0.0,0.0,1.168451189994812,,1.0017452239990234,0.0,0.0,
98,NVB,0.0,0.0,0.0,0.0,1.1154786348342896,,1.0032590627670288,0.0,0.0,
99,NVB,0.0,0.0,0.0,0.0,0.92339026927948,,1.0012786388397217,0.0,0.0,
100,NVB,0.0,0.0,0.0,0.0,2.5232975482940674,,1.003462314605713,0.0,0.0,
101,NVB,0.0,0.0,0.0,0.0,1.9128249883651731,,1.002974271774292,0.0,0.0,
102,NVB,0.0,0.0,0.0,0.0,3.31018590927124,,1.0094716548919678,0.0,0.0,
103,NVB,0.0,0.0,0.0,0.0,2.158050060272217,,1.0016939640045166,0.0,0.0,
104,NVB,0.0,0.0,0.0,0.0,4.99449634552002,,1.0199055671691897,0.0,0.0,
105,NVB,0.0,0.0,0.0,0.0,0.4079256653785705,,1.0160250663757324,0.0,0.0,
106,NVB,0.0,0.0,0.0,0.0,2.143394470214844,,1.0081489086151123,0.0,0.0,
107,NVB,0.0,0.0,0.0,0.0,3.3023691177368164,,1.0083760023117063,0.0,0.0,
108,NVB,0.0,0.0,0.0,0.0,2.50275993347168,,1.003942608833313,0.0,0.0,
109,NVB,0.0,0.0,0.0,0.0,1.2475284337997437,,1.00252366065979,0.0,0.0,
110,NVB,0.0,0.0,0.0,0.0,1.1695623397827148,,1.0008485317230225,0.0,0.0,
111,NVB,0.0,0.0,0.0,0.0,4.436136245727539,,1.0060997009277344,0.0,0.0,
112,NVB,0.0,0.0,0.0,0.0,2.016364097595215,,1.0031697750091553,0.0,0.0,
113,NVB,0.0,0.0,0.0,0.0,1.7823387384414673,,1.0090761184692385,0.0,0.0,
114,NVB,0.0,0.0,0.0,0.0,5.9899983406066895,,1.0148653984069824,0.0,0.0,
115,NVB,0.0,0.0,0.0,0.0,2.367210865020752,,1.002586007118225,0.0,0.0,
116,NVB,0.0,0.0,0.0,0.0,1.2809985876083374,,1.0143771171569824,0.0,0.0,
117,NVB,0.0,0.0,0.0,0.0,1.545991063117981,,1.00227689743042,0.0,0.0,
118,NVB,0.0,0.0,0.0,0.0,2.2895023822784424,,1.0026003122329712,0.0,0.0,
119,NVB,0.0,0.0,0.0,0.0,1.0160140991210938,,1.0066227912902832,0.0,0.0,
120,NVB,0.0,0.0,0.0,0.0,2.0426199436187744,,1.0012658834457395,0.0,0.0,
121,NVB,0.0,0.0,0.0,0.0,0.8852151036262512,,1.002236008644104,0.0,0.0,
122,NVB,0.0,0.0,0.0,0.0,2.475446939468384,,1.002909779548645,0.0,0.0,
123,NVB,0.0,0.0,0.0,0.0,3.653644323348999,,1.0043911933898926,0.0,0.0,
124,NVB,0.0,0.0,0.0,0.0,5.413591384887695,,1.0085792541503906,0.0,0.0,
125,NVB,0.0,0.0,0.0,0.0,1.2485742568969729,,1.000918984413147,0.0,0.0,
126,NVB,0.0,0.0,0.0,0.0,8.238934516906738,,1.0163894891738892,0.0,0.0,
127,NVB,0.0,0.0,0.0,0.0,4.901307582855225,,1.018530011177063,0.0,0.0,
128,NVB,0.0,0.0,0.0,0.0,1.965808391571045,,1.004051685333252,0.0,0.0,
129,NVB,0.0,0.0,0.0,0.0,2.834580183029175,,1.009278416633606,0.0,0.0,
130,NVB,0.0,0.0,0.0,0.0,1.4887560606002808,,1.0158483982086182,0.0,0.0,
131,NVB,0.0,0.0,0.0,0.0,1.5752205848693848,,1.0057218074798584,0.0,0.0,
132,NVB,0.0,0.0,0.0,0.0,4.798611164093018,,1.0133302211761477,0.0,0.0,
133,NVB,0.0,0.0,0.0,0.0,3.3554880619049072,,1.01291823387146,0.0,0.0,
134,NVB,0.0,0.0,0.0,0.0,2.4797005653381348,,1.0046344995498655,0.0,0.0,
135,NVB,0.0,0.0,0.0,0.0,1.5547327995300293,,1.008350491523743,0.0,0.0,
136,NVB,0.0,0.0,0.0,0.0,2.42167329788208,,1.0011537075042725,0.0,0.0,
137,NVB,0.0,0.0,0.0,0.0,4.6417388916015625,,1.010183811187744,0.0,0.0,
138,NVB,0.0,0.0,0.0,0.0,2.1273159980773926,,1.0230371952056885,0.0,0.0,
139,NVB,0.0,0.0,0.0,0.0,7.631503105163574,,1.0122230052947998,0.0,0.0,
140,NVB,0.0,0.0,0.0,0.0,0.1272538155317306,,1.008263111114502,0.0,0.0,
141,NVB,0.0,0.0,0.0,0.0,2.1201765537261963,,1.0120090246200562,0.0,0.0,
142,NVB,0.0,0.0,0.0,0.0,2.9270663261413574,,1.0035825967788696,0.0,0.0,
143,NVB,0.0,0.0,0.0,0.0,3.048013687133789,,1.0076372623443604,0.0,0.0,
144,NVB,0.0,0.0,0.0,0.0,3.809297800064087,,1.0083409547805786,0.0,0.0,
145,NVB,0.0,0.0,0.0,0.0,2.9278180599212646,,1.002369999885559,0.0,0.0,
146,NVB,0.0,0.0,0.0,0.0,0.7013929486274719,,1.0007110834121704,0.0,0.0,
147,NVB,0.0,0.0,0.0,0.0,2.595666646957397,,1.0029321908950806,0.0,0.0,
148,NVB,0.0,0.0,0.0,0.0,1.875746726989746,,1.001252293586731,0.0,0.0,
149,NVB,0.0,0.0,0.0,0.0,2.3404130935668945,,1.0029255151748655,0.0,0.0,
150,NVB,0.0,0.0,0.0,0.0,2.0552210807800293,,1.0020238161087036,0.0,0.0,
151,NVB,0.0,0.0,0.0,0.0,2.209228754043579,,1.0023510456085205,0.0,0.0,
152,NVB,0.0,0.0,0.0,0.0,6.172381401062012,,1.0165172815322876,0.0,0.0,
153,NVB,0.0,0.0,0.0,0.0,4.143858432769775,,1.0166367292404177,0.0,0.0,
154,NVB,0.0,0.0,0.0,0.0,10.476818084716797,,1.0942294597625732,0.0,0.0,
155,NVB,0.0,0.0,0.0,0.0,5.289988517761231,,1.0663620233535769,0.0,0.0,
156,NVB,0.0,0.0,0.0,0.0,1.2286555767059326,,1.0014426708221436,0.0,0.0,
157,NVB,0.0,0.0,0.0,0.0,2.696208477020264,,1.0061469078063965,0.0,0.0,
158,NVB,0.0,0.0,0.0,0.0,1.2574602365493774,,1.0205694437026978,0.0,0.0,
159,NVB,0.0,0.0,0.0,0.0,2.788764715194702,,1.0014278888702393,0.0,0.0,
160,NVB,0.0,0.0,0.0,0.0,1.794040322303772,,1.0027363300323486,0.0,0.0,
161,NVB,0.0,0.0,0.0,0.0,3.7055373191833496,,1.051141619682312,0.0,0.0,
162,NVB,0.0,0.0,0.0,0.0,3.584889888763428,,1.0119541883468628,0.0,0.0,
163,NVB,0.0,0.0,0.0,0.0,8.619604110717773,,1.0166964530944824,0.0,0.0,
164,NVB,0.0,0.0,0.0,0.0,6.352418422698975,,1.032548904418945,0.0,0.0,
165,NVB,0.0,0.0,0.0,0.0,4.136631965637207,,1.0101077556610107,0.0,0.0,
166,NVB,0.0,0.0,0.0,0.0,4.423015594482422,,1.0337551832199097,0.0,0.0,
167,NVB,0.0,0.0,0.0,0.0,9.129857063293455,,1.0309392213821411,0.0,0.0,
168,NVB,0.0,0.0,0.0,0.0,4.927889347076416,,1.0094858407974243,0.0,0.0,
169,NVB,0.0,0.0,0.0,0.0,5.755242347717285,,1.0082051753997805,0.0,0.0,
170,NVB,0.0,0.0,0.0,0.0,5.14578104019165,,1.0443596839904783,0.0,0.0,
171,NVB,0.0,0.0,0.0,0.0,2.973048686981201,,1.0231071710586548,0.0,0.0,
172,NVB,0.0,0.0,0.0,0.0,6.242158889770508,,1.011225938796997,0.0,0.0,
173,NVB,0.0,0.0,0.0,0.0,2.581425905227661,,1.0239657163619995,0.0,0.0,
174,NVB,0.0,0.0,0.0,0.0,0.6792712807655334,,1.0054608583450315,0.0,0.0,
175,NVB,0.0,0.0,0.0,0.0,8.642685890197754,,1.0150388479232788,0.0,0.0,
176,NVB,0.0,0.0,0.0,0.0,6.351383209228516,,1.0152500867843628,0.0,0.0,
177,NVB,0.0,0.0,0.0,0.0,6.059659957885742,,1.0136905908584597,0.0,0.0,
178,NVB,0.0,0.0,0.0,0.0,1.3970839977264404,,1.0040888786315918,0.0,0.0,
179,NVB,0.0,0.0,0.0,0.0,4.534351348876953,,1.0077298879623413,0.0,0.0,
180,NVB,0.0,0.0,0.0,0.0,4.726356506347656,,1.0103703737258911,0.0,0.0,
181,NVB,0.0,0.0,0.0,0.0,5.037623882293701,,1.0124484300613403,0.0,0.0,
182,NVB,0.0,0.0,0.0,0.0,0.9877691864967346,,1.0059123039245603,0.0,0.0,
183,NVB,0.0,0.0,0.0,0.0,2.912660598754883,,1.006810426712036,0.0,0.0,
184,NVB,0.0,0.0,0.0,0.0,2.979503870010376,,1.0035227537155151,0.0,0.0,
185,NVB,0.0,0.0,0.0,0.0,1.7381421327590942,,1.0031808614730835,0.0,0.0,
186,NVB,0.0,0.0,0.0,0.0,2.586488723754883,,1.013910174369812,0.0,0.0,
187,NVB,0.0,0.0,0.0,0.0,0.9166518449783324,,1.0101505517959597,0.0,0.0,
188,NVB,0.0,0.0,0.0,0.0,10.411898612976074,,1.0371156930923462,0.0,0.0,
189,NVB,0.0,0.0,0.0,0.0,2.884396314620972,,1.0198895931243896,0.0,0.0,
190,NVB,0.0,0.0,0.0,0.0,1.4933195114135742,,1.005603313446045,0.0,0.0,
191,NVB,0.0,0.0,0.0,0.0,2.1541988849639893,,1.001460075378418,0.0,0.0,
192,NVB,0.0,0.0,0.0,0.0,1.1966068744659424,,1.0013891458511353,0.0,0.0,
193,NVB,0.0,0.0,0.0,0.0,1.2699928283691406,,1.0011601448059082,0.0,0.0,
194,NVB,0.0,0.0,0.0,0.0,4.553349494934082,,1.005954384803772,0.0,0.0,
195,NVB,0.0,0.0,0.0,0.0,4.714275360107422,,1.0073022842407229,0.0,0.0,
196,NVB,0.0,0.0,0.0,0.0,2.6878628730773926,,1.0049383640289309,0.0,0.0,
197,NVB,0.0,0.0,0.0,0.0,3.5137107372283936,,1.0037548542022705,0.0,0.0,
198,NVB,0.0,0.0,0.0,0.0,1.1126947402954102,,1.0032711029052734,0.0,0.0,
199,NVB,0.0,0.0,0.0,0.0,2.850266695022583,,1.0051860809326172,0.0,0.0,
200,NVB,0.0,0.0,0.0,0.0,4.192309856414795,,1.012556791305542,0.0,0.0,
201,NVB,0.0,0.0,0.0,0.0,7.1319580078125,,1.0175918340682983,0.0,0.0,
202,NVB,0.0,0.0,0.0,0.0,6.559138774871826,,1.0340964794158936,0.0,0.0,
203,NVB,0.0,0.0,0.0,0.0,1.6138867139816284,,1.0032305717468262,0.0,0.0,
204,NVB,0.0,0.0,0.0,0.0,1.9676761627197263,,1.0042943954467771,0.0,0.0,
205,NVB,0.0,0.0,0.0,0.0,3.172211170196533,,1.0200164318084717,0.0,0.0,
206,NVB,0.0,0.0,0.0,0.0,3.117318630218506,,1.0090618133544922,0.0,0.0,
207,NVB,0.0,0.0,0.0,0.0,1.3001704216003418,,1.0083036422729492,0.0,0.0,
208,NVB,0.0,0.0,0.0,0.0,2.430091142654419,,1.0035021305084229,0.0,0.0,
209,NVB,0.0,0.0,0.0,0.0,0.7028458714485168,,1.0031156539916992,0.0,0.0,
210,NVB,0.0,0.0,0.0,0.0,1.143018126487732,,1.0053460597991943,0.0,0.0,
211,NVB,0.0,0.0,0.0,0.0,2.172191619873047,,1.0086215734481812,0.0,0.0,
212,NVB,0.0,0.0,0.0,0.0,1.96766459941864,,1.0057770013809204,0.0,0.0,
213,NVB,0.0,0.0,0.0,0.0,1.668432354927063,,1.0066498517990112,0.0,0.0,
214,NVB,0.0,0.0,0.0,0.0,3.0080554485321045,,1.0080490112304688,0.0,0.0,
215,NVB,0.0,0.0,0.0,0.0,1.0693554878234863,,1.0012569427490234,0.0,0.0,
216,NVB,0.0,0.0,0.0,0.0,2.0986878871917725,,1.0015233755111694,0.0,0.0,
217,NVB,0.0,0.0,0.0,0.0,4.189825057983398,,1.005766749382019,0.0,0.0,
218,NVB,0.0,0.0,0.0,0.0,2.467561960220337,,1.0027281045913696,0.0,0.0,
219,NVB,0.0,0.0,0.0,0.0,3.097036123275757,,1.002090573310852,0.0,0.0,
220,NVB,0.0,0.0,0.0,0.0,2.205789089202881,,1.005486249923706,0.0,0.0,
221,NVB,0.0,0.0,0.0,0.0,1.655159592628479,,1.0029051303863523,0.0,0.0,
222,NVB,0.0,0.0,0.0,0.0,2.508192777633667,,1.0029486417770386,0.0,0.0,
223,NVB,0.0,0.0,0.0,0.0,4.638142108917236,,1.0057748556137085,0.0,0.0,
224,NVB,0.0,0.0,0.0,0.0,1.430246114730835,,1.0016454458236694,0.0,0.0,
225,NVB,0.0,0.0,0.0,0.0,2.8692543506622314,,1.009182691574097,0.0,0.0,
226,NVB,0.0,0.0,0.0,0.0,3.576864719390869,,1.0129563808441162,0.0,0.0,
227,NVB,0.0,0.0,0.0,0.0,1.013743281364441,,1.0052942037582395,0.0,0.0,
228,NVB,0.0,0.0,0.0,0.0,1.9810190200805664,,1.0077204704284668,0.0,0.0,
229,NVB,0.0,0.0,0.0,0.0,1.4508424997329712,,1.0019543170928955,0.0,0.0,
230,NVB,0.0,0.0,0.0,0.0,1.2789586782455444,,1.0006849765777588,0.0,0.0,
231,NVB,0.0,0.0,0.0,0.0,0.69808429479599,,1.001452922821045,0.0,0.0,
232,NVB,0.0,0.0,0.0,0.0,1.286098837852478,,1.006100058555603,0.0,0.0,
233,NVB,0.0,0.0,0.0,0.0,0.8302446007728577,,1.017314076423645,0.0,0.0,
234,NVB,0.0,0.0,0.0,0.0,3.681011915206909,,1.0336260795593262,0.0,0.0,
235,NVB,0.0,0.0,0.0,0.0,3.4006946086883545,,1.0098836421966553,0.0,0.0,
236,NVB,0.0,0.0,0.0,0.0,3.534019708633423,,1.009790062904358,0.0,0.0,
237,NVB,0.0,0.0,0.0,0.0,0.3818444609642029,,1.0042054653167725,0.0,0.0,
238,NVB,0.0,0.0,0.0,0.0,1.0811030864715576,,1.0035266876220703,0.0,0.0,
239,NVB,0.0,0.0,0.0,0.0,1.7399156093597412,,1.0024170875549316,0.0,0.0,
240,NVB,0.0,0.0,0.0,0.0,1.3762444257736206,,1.002179741859436,0.0,0.0,
241,NVB,0.0,0.0,0.0,0.0,1.6342875957489014,,1.0014387369155884,0.0,0.0,
242,NVB,0.0,0.0,0.0,0.0,3.221059560775757,,1.002652883529663,0.0,0.0,
243,NVB,0.0,0.0,0.0,0.0,3.071636915206909,,1.0047366619110107,0.0,0.0,
244,NVB,0.0,0.0,0.0,0.0,2.36494779586792,,1.0044654607772827,0.0,0.0,
245,NVB,0.0,0.0,0.0,0.0,1.720590591430664,,1.00421404838562,0.0,0.0,
246,NVB,0.0,0.0,0.0,0.0,4.401693344116211,,1.0096803903579712,0.0,0.0,
247,NVB,0.0,0.0,0.0,0.0,1.739687442779541,,1.0017149448394775,0.0,0.0,
248,NVB,0.0,0.0,0.0,0.0,1.215437412261963,,1.0010452270507812,0.0,0.0,
249,NVB,0.0,0.0,0.0,0.0,2.0746281147003174,,1.0077416896820068,0.0,0.0,
250,NVB,0.0,0.0,0.0,0.0,1.6387131214141846,,1.0032286643981934,0.0,0.0,
251,NVB,0.0,0.0,0.0,0.0,3.337292432785034,,1.0049476623535156,0.0,0.0,
252,NVB,0.0,0.0,0.0,0.0,2.9752211570739746,,1.0019444227218628,0.0,0.0,
253,NVB,0.0,0.0,0.0,0.0,1.7471545934677124,,1.0027787685394287,0.0,0.0,
254,NVB,0.0,0.0,0.0,0.0,2.6478734016418457,,1.0052435398101809,0.0,0.0,
255,NVB,0.0,0.0,0.0,0.0,2.20632553100586,,1.0030829906463623,0.0,0.0,
256,NVB,0.0,0.0,0.0,0.0,1.919966220855713,,1.0023572444915771,0.0,0.0,
257,NVB,0.0,0.0,0.0,0.0,1.913266897201538,,1.007710337638855,0.0,0.0,
258,NVB,0.0,0.0,0.0,0.0,2.7941789627075195,,1.007328748703003,0.0,0.0,
259,NVB,0.0,0.0,0.0,0.0,4.164841175079346,,1.016964316368103,0.0,0.0,
260,NVB,0.0,0.0,0.0,0.0,2.721769094467163,,1.0237857103347778,0.0,0.0,
261,NVB,0.0,0.0,0.0,0.0,3.6228411197662354,,1.009190797805786,0.0,0.0,
262,NVB,0.0,0.0,0.0,0.0,2.173374652862549,,1.0015684366226196,0.0,0.0,
263,NVB,0.0,0.0,0.0,0.0,2.1467361450195312,,1.005832552909851,0.0,0.0,
264,NVB,0.0,0.0,0.0,0.0,2.974865436553955,,1.0025107860565186,0.0,0.0,
265,NVB,0.0,0.0,0.0,0.0,1.2495508193969729,,1.0048400163650513,0.0,0.0,
266,NVB,0.0,0.0,0.0,0.0,3.0708272457122803,,1.017998218536377,0.0,0.0,
267,NVB,0.0,0.0,0.0,0.0,2.444386482238769,,1.0057235956192017,0.0,0.0,
268,NVB,0.0,0.0,0.0,0.0,2.297228574752808,,1.0031442642211914,0.0,0.0,
269,NVB,0.0,0.0,0.0,0.0,0.7849038243293762,,1.0038704872131348,0.0,0.0,
270,NVB,0.0,0.0,0.0,0.0,1.497193694114685,,1.0040796995162964,0.0,0.0,
271,NVB,0.0,0.0,0.0,0.0,2.9542882442474365,,1.0031485557556152,0.0,0.0,
272,NVB,0.0,0.0,0.0,0.0,1.650347352027893,,1.0046411752700806,0.0,0.0,
273,NVB,0.0,0.0,0.0,0.0,1.519286036491394,,1.001962661743164,0.0,0.0,
274,NVB,0.0,0.0,0.0,0.0,2.156287908554077,,1.0014479160308838,0.0,0.0,
275,NVB,0.0,0.0,0.0,0.0,1.9179537296295168,,1.0008363723754885,0.0,0.0,
276,NVB,0.0,0.0,0.0,0.0,0.5154519081115723,,1.0014588832855225,0.0,0.0,
277,NVB,0.0,0.0,0.0,0.0,0.3948622047901153,,1.0025604963302612,0.0,0.0,
278,NVB,0.0,0.0,0.0,0.0,2.1760706901550293,,1.00093674659729,0.0,0.0,
279,NVB,0.0,0.0,0.0,0.0,2.636820077896118,,1.010265231132507,0.0,0.0,
280,NVB,0.0,0.0,0.0,0.0,1.2694690227508545,,1.0019172430038452,0.0,0.0,
281,NVB,0.0,0.0,0.0,0.0,1.0050173997879028,,1.002593159675598,0.0,0.0,
282,NVB,0.0,0.0,0.0,0.0,1.660468578338623,,1.0028789043426514,0.0,0.0,
283,NVB,0.0,0.0,0.0,0.0,1.838648796081543,,1.006524920463562,0.0,0.0,
284,NVB,0.0,0.0,0.0,0.0,2.6198832988739014,,1.0019354820251465,0.0,0.0,
285,NVB,0.0,0.0,0.0,0.0,1.9503103494644165,,1.0012022256851196,0.0,0.0,
286,NVB,0.0,0.0,0.0,0.0,1.6644890308380127,,1.001235008239746,0.0,0.0,
287,NVB,0.0,0.0,0.0,0.0,2.07323694229126,,1.0069609880447388,0.0,0.0,
288,NVB,0.0,0.0,0.0,0.0,0.2075954377651214,,1.0017870664596558,0.0,0.0,
289,NVB,0.0,0.0,0.0,0.0,2.680283069610596,,1.0051106214523315,0.0,0.0,
290,NVB,0.0,0.0,0.0,0.0,2.192905902862549,,1.0053774118423462,0.0,0.0,
291,NVB,0.0,0.0,0.0,0.0,1.8732035160064695,,1.0014268159866333,0.0,0.0,
292,NVB,0.0,0.0,0.0,0.0,1.471513748168945,,1.0025593042373655,0.0,0.0,
293,NVB,0.0,0.0,0.0,0.0,0.4760478436946869,,1.0001755952835083,0.0,0.0,
294,NVB,0.0,0.0,0.0,0.0,2.585841417312622,,1.001453876495361,0.0,0.0,
295,NVB,0.0,0.0,0.0,0.0,2.105976819992065,,1.003725528717041,0.0,0.0,
296,NVB,0.0,0.0,0.0,0.0,4.180169582366943,,1.0354268550872805,0.0,0.0,
297,NVB,0.0,0.0,0.0,0.0,1.1714586019515991,,1.0128611326217651,0.0,0.0,
298,NVB,0.0,0.0,0.0,0.0,3.757085084915161,,1.0057634115219116,0.0,0.0,
299,NVB,0.0,0.0,0.0,0.0,0.7148943543434143,,1.0068224668502808,0.0,0.0,
300,NVB,0.0,0.0,0.0,0.0,2.636962890625,,1.002199411392212,0.0,0.0,
301,NVB,0.0,0.0,0.0,0.0,1.9719234704971316,,1.0072592496871948,0.0,0.0,
302,NVB,0.0,0.0,0.0,0.0,0.4333290755748749,,1.005018949508667,0.0,0.0,
303,NVB,0.0,0.0,0.0,0.0,1.2104781866073608,,1.0016295909881592,0.0,0.0,
304,NVB,0.0,0.0,0.0,0.0,5.4793782234191895,,1.0072154998779297,0.0,0.0,
305,NVB,0.0,0.0,0.0,0.0,1.1984971761703491,,1.0045084953308103,0.0,0.0,
306,NVB,0.0,0.0,0.0,0.0,4.842563152313232,,1.0165956020355225,0.0,0.0,
307,NVB,0.0,0.0,0.0,0.0,0.0585756823420524,,1.00275719165802,0.0,0.0,
308,NVB,0.0,0.0,0.0,0.0,0.8393699526786804,,1.0045533180236816,0.0,0.0,
309,NVB,0.0,0.0,0.0,0.0,1.2442994117736816,,1.0056453943252563,0.0,0.0,
310,NVB,0.0,0.0,0.0,0.0,1.8682401180267332,,1.0010335445404053,0.0,0.0,
311,NVB,0.0,0.0,0.0,0.0,1.5283547639846802,,1.0015102624893188,0.0,0.0,
312,NVB,0.0,0.0,0.0,0.0,2.624274015426636,,1.0022599697113037,0.0,0.0,
313,NVB,0.0,0.0,0.0,0.0,1.6729154586791992,,1.0033791065216064,0.0,0.0,
314,NVB,0.0,0.0,0.0,0.0,1.9089703559875488,,1.0025867223739624,0.0,0.0,
315,NVB,0.0,0.0,0.0,0.0,1.2634092569351196,,1.0029566287994385,0.0,0.0,
316,NVB,0.0,0.0,0.0,0.0,0.4522235989570617,,1.0020538568496704,0.0,0.0,
317,NVB,0.0,0.0,0.0,0.0,2.74072265625,,1.0032962560653689,0.0,0.0,
318,NVB,0.0,0.0,0.0,0.0,2.235011339187622,,1.0068340301513672,0.0,0.0,
319,NVB,0.0,0.0,0.0,0.0,3.14008903503418,,1.008176326751709,0.0,0.0,
320,NVB,0.0,0.0,0.0,0.0,2.0491530895233154,,1.0032801628112793,0.0,0.0,
321,NVB,0.0,0.0,0.0,0.0,0.2229767590761184,,1.0010772943496704,0.0,0.0,
322,NVB,0.0,0.0,0.0,0.0,3.847664833068848,,1.0051803588867188,0.0,0.0,
323,NVB,0.0,0.0,0.0,0.0,2.900916814804077,,1.0075650215148926,0.0,0.0,
324,NVB,0.0,0.0,0.0,0.0,1.6863603591918943,,1.0066007375717163,0.0,0.0,
325,NVB,0.0,0.0,0.0,0.0,5.781757831573486,,1.0281996726989746,0.0,0.0,
326,NVB,0.0,0.0,0.0,0.0,2.06083345413208,,1.0132153034210205,0.0,0.0,
327,NVB,0.0,0.0,0.0,0.0,1.8865152597427368,,1.0041531324386597,0.0,0.0,
328,NVB,0.0,0.0,0.0,0.0,2.9340734481811523,,1.0185669660568235,0.0,0.0,
329,NVB,0.0,0.0,0.0,0.0,1.5740416049957275,,1.002458930015564,0.0,0.0,
330,NVB,0.0,0.0,0.0,0.0,2.6339402198791504,,1.0019227266311646,0.0,0.0,
331,NVB,0.0,0.0,0.0,0.0,4.940675735473633,,1.0160889625549316,0.0,0.0,
332,NVB,0.0,0.0,0.0,0.0,3.2599472999572754,,1.0085079669952393,0.0,0.0,
333,NVB,0.0,0.0,0.0,0.0,2.1206789016723637,,1.0082604885101318,0.0,0.0,
334,NVB,0.0,0.0,0.0,0.0,1.7471545934677124,,1.0016851425170898,0.0,0.0,
335,NVB,0.0,0.0,0.0,0.0,2.204587936401367,,1.003730297088623,0.0,0.0,
336,NVB,0.0,0.0,0.0,0.0,0.7624043226242065,,1.0047197341918943,0.0,0.0,
337,NVB,0.0,0.0,0.0,0.0,0.8599071502685547,,1.0017696619033811,0.0,0.0,
338,NVB,0.0,0.0,0.0,0.0,1.508546233177185,,1.0031484365463257,0.0,0.0,
339,NVB,0.0,0.0,0.0,0.0,2.073938369750977,,1.005753517150879,0.0,0.0,
340,NVB,0.0,0.0,0.0,0.0,1.1557915210723877,,1.00070059299469,0.0,0.0,
341,NVB,0.0,0.0,0.0,0.0,1.236241340637207,,1.0004061460494995,0.0,0.0,
342,NVB,0.0,0.0,0.0,0.0,1.114780068397522,,1.0021157264709473,0.0,0.0,
343,NVB,0.0,0.0,0.0,0.0,0.5124199986457825,,1.00052809715271,0.0,0.0,
344,NVB,0.0,0.0,0.0,0.0,0.3202037811279297,,1.004193902015686,0.0,0.0,
345,NVB,0.0,0.0,0.0,0.0,0.9044286012649536,,1.0052690505981443,0.0,0.0,
346,NVB,0.0,0.0,0.0,0.0,3.908603429794312,,1.014523148536682,0.0,0.0,
347,NVB,0.0,0.0,0.0,0.0,0.8173064589500427,,1.0021957159042358,0.0,0.0,
348,NVB,0.0,0.0,0.0,0.0,3.3063406944274902,,1.0028544664382937,0.0,0.0,
349,NVB,0.0,0.0,0.0,0.0,2.585268497467041,,1.00246000289917,0.0,0.0,
350,NVB,0.0,0.0,0.0,0.0,3.3313918113708496,,1.0120177268981934,0.0,0.0,
351,NVB,0.0,0.0,0.0,0.0,2.09419846534729,,1.002047061920166,0.0,0.0,
352,NVB,0.0,0.0,0.0,0.0,0.4490074515342712,,1.0025616884231567,0.0,0.0,
353,NVB,0.0,0.0,0.0,0.0,3.126896619796753,,1.0025285482406616,0.0,0.0,
354,NVB,0.0,0.0,0.0,0.0,1.6157742738723757,,1.0042104721069336,0.0,0.0,
355,NVB,0.0,0.0,0.0,0.0,0.6363672018051147,,1.00166654586792,0.0,0.0,
356,NVB,0.0,0.0,0.0,0.0,1.272599220275879,,1.0007853507995603,0.0,0.0,
357,NVB,0.0,0.0,0.0,0.0,2.03162145614624,,1.0013326406478882,0.0,0.0,
358,NVB,0.0,0.0,0.0,0.0,0.8103333711624146,,1.002249002456665,0.0,0.0,
359,NVB,0.0,0.0,0.0,0.0,0.8220382332801819,,1.0005661249160769,0.0,0.0,
360,NVB,0.0,0.0,0.0,0.0,1.9584392309188845,,1.000877857208252,0.0,0.0,
361,NVB,0.0,0.0,0.0,0.0,1.5405710935592651,,1.0014002323150637,0.0,0.0,
362,NVB,0.0,0.0,0.0,0.0,1.0829243659973145,,1.0011928081512451,0.0,0.0,
363,NVB,0.0,0.0,0.0,0.0,0.9662834405899048,,1.0005037784576416,0.0,0.0,
364,NVB,0.0,0.0,0.0,0.0,1.703685641288757,,1.0015195608139038,0.0,0.0,
365,NVB,0.0,0.0,0.0,0.0,0.1757538765668869,,1.0047104358673096,0.0,0.0,
366,NVB,0.0,0.0,0.0,0.0,1.7038809061050415,,1.0098755359649658,0.0,0.0,
367,NVB,0.0,0.0,0.0,0.0,1.198724389076233,,1.0023406744003296,0.0,0.0,
368,NVB,0.0,0.0,0.0,0.0,2.2242064476013184,,1.0119377374649048,0.0,0.0,
369,NVB,0.0,0.0,0.0,0.0,1.9895968437194824,,1.0073039531707764,0.0,0.0,
370,NVB,0.0,0.0,0.0,0.0,3.775390625,,1.0102322101593018,0.0,0.0,
371,NVB,0.0,0.0,0.0,0.0,2.045551300048828,,1.0044618844985962,0.0,0.0,
372,NVB,0.0,0.0,0.0,0.0,0.5768842697143555,,1.003644347190857,0.0,0.0,
373,NVB,0.0,0.0,0.0,0.0,0.7691736221313477,,1.000581979751587,0.0,0.0,
374,NVB,0.0,0.0,0.0,0.0,1.0316290855407717,,1.0018641948699951,0.0,0.0,
375,NVB,0.0,0.0,0.0,0.0,2.1864771842956543,,1.0012445449829102,0.0,0.0,
376,NVB,0.0,0.0,0.0,0.0,5.3457441329956055,,1.026465892791748,0.0,0.0,
377,NVB,0.0,0.0,0.0,0.0,3.362353563308716,,1.004728078842163,0.0,0.0,
378,NVB,0.0,0.0,0.0,0.0,2.2218048572540283,,1.00483500957489,0.0,0.0,
379,NVB,0.0,0.0,0.0,0.0,1.34624981880188,,1.002918004989624,0.0,0.0,
380,NVB,0.0,0.0,0.0,0.0,0.6469622850418091,,1.004270315170288,0.0,0.0,
381,NVB,0.0,0.0,0.0,0.0,0.4191924631595611,,1.0017470121383667,0.0,0.0,
382,NVB,0.0,0.0,0.0,0.0,2.1138877868652344,,1.0080513954162598,0.0,0.0,
383,NVB,0.0,0.0,0.0,0.0,0.7316750288009644,,1.0012876987457275,0.0,0.0,
384,NVB,0.0,0.0,0.0,0.0,2.483280658721924,,1.002321720123291,0.0,0.0,
385,NVB,0.0,0.0,0.0,0.0,3.1061408519744877,,1.004037857055664,0.0,0.0,
386,NVB,0.0,0.0,0.0,0.0,3.3388705253601074,,1.0025968551635742,0.0,0.0,
387,NVB,0.0,0.0,0.0,0.0,1.819637894630432,,1.0007447004318235,0.0,0.0,
388,NVB,0.0,0.0,0.0,0.0,3.037014961242676,,1.005249261856079,0.0,0.0,
389,NVB,0.0,0.0,0.0,0.0,2.0103507041931152,,1.0078359842300415,0.0,0.0,
390,NVB,0.0,0.0,0.0,0.0,1.5256800651550293,,1.0035778284072876,0.0,0.0,
391,NVB,0.0,0.0,0.0,0.0,1.9077951908111568,,1.0032927989959717,0.0,0.0,
392,NVB,0.0,0.0,0.0,0.0,0.6200112700462341,,1.001167058944702,0.0,0.0,
393,NVB,0.0,0.0,0.0,0.0,2.156117677688598,,1.0008653402328491,0.0,0.0,
394,NVB,0.0,0.0,0.0,0.0,2.145293951034546,,1.0017552375793457,0.0,0.0,
395,NVB,0.0,0.0,0.0,0.0,2.272557258605957,,1.001254677772522,0.0,0.0,
396,NVB,0.0,0.0,0.0,0.0,1.908589482307434,,1.0018757581710815,0.0,0.0,
397,NVB,0.0,0.0,0.0,0.0,4.602378845214844,,1.0086418390274048,0.0,0.0,
398,NVB,0.0,0.0,0.0,0.0,1.008601188659668,,1.003303050994873,0.0,0.0,
399,NVB,0.0,0.0,0.0,0.0,0.7238247394561768,,1.0010634660720823,0.0,0.0,
400,NVB,0.0,0.0,0.0,0.0,4.138204097747803,,1.0077959299087524,0.0,0.0,
401,NVB,0.0,0.0,0.0,0.0,1.6383212804794312,,1.0013302564620972,0.0,0.0,
402,NVB,0.0,0.0,0.0,0.0,1.7762088775634766,,1.0020060539245603,0.0,0.0,
403,NVB,0.0,0.0,0.0,0.0,1.6169679164886477,,1.0035303831100464,0.0,0.0,
404,NVB,0.0,0.0,0.0,0.0,2.357010126113892,,1.003341794013977,0.0,0.0,
405,NVB,0.0,0.0,0.0,0.0,1.0069509744644165,,1.009906530380249,0.0,0.0,
406,NVB,0.0,0.0,0.0,0.0,1.1457548141479492,,1.0036603212356567,0.0,0.0,
407,NVB,0.0,0.0,0.0,0.0,2.5876452922821045,,1.003907561302185,0.0,0.0,
408,NVB,0.0,0.0,0.0,0.0,2.575225591659546,,1.0040000677108765,0.0,0.0,
409,NVB,0.0,0.0,0.0,0.0,1.651187300682068,,1.0026066303253174,0.0,0.0,
410,NVB,0.0,0.0,0.0,0.0,7.247539520263672,,1.013293981552124,0.0,0.0,
411,NVB,0.0,0.0,0.0,0.0,1.5468761920928955,,1.0033408403396606,0.0,0.0,
412,NVB,0.0,0.0,0.0,0.0,5.026784896850586,,1.0100866556167605,0.0,0.0,
413,NVB,0.0,0.0,0.0,0.0,1.8557065725326536,,1.022567868232727,0.0,0.0,
414,NVB,0.0,0.0,0.0,0.0,1.695924997329712,,1.0223008394241333,0.0,0.0,
415,NVB,0.0,0.0,0.0,0.0,4.84840202331543,,1.0639914274215698,0.0,0.0,
416,NVB,0.0,0.0,0.0,0.0,5.479607582092285,,1.0318310260772705,0.0,0.0,
417,NVB,0.0,0.0,0.0,0.0,7.230462074279785,,1.0726280212402344,0.0,0.0,
418,NVB,0.0,0.0,0.0,0.0,5.4534173011779785,,1.0243152379989624,0.0,0.0,
419,NVB,0.0,0.0,0.0,0.0,4.694969177246094,,1.0144976377487185,0.0,0.0,
420,NVB,0.0,0.0,0.0,0.0,2.6176645755767822,,1.0193837881088257,0.0,0.0,
421,NVB,0.0,0.0,0.0,0.0,3.9342119693756095,,1.0746079683303833,0.0,0.0,
422,NVB,0.0,0.0,0.0,0.0,3.775672912597656,,1.0315295457839966,0.0,0.0,
423,NVB,0.0,0.0,0.0,0.0,5.674294948577881,,1.0328298807144165,0.0,0.0,
424,NVB,0.0,0.0,0.0,0.0,1.159870743751526,,1.0357909202575684,0.0,0.0,
425,NVB,0.0,0.0,0.0,0.0,1.301162838935852,,1.0341854095458984,0.0,0.0,
426,NVB,0.0,0.0,0.0,0.0,6.367037773132324,,1.0135815143585205,0.0,0.0,
427,NVB,0.0,0.0,0.0,0.0,3.045112609863281,,1.0393515825271606,0.0,0.0,
428,NVB,0.0,0.0,0.0,0.0,1.2442655563354492,,1.0078071355819702,0.0,0.0,
429,NVB,0.0,0.0,0.0,0.0,6.251506805419922,,1.0301387310028076,0.0,0.0,
430,NVB,0.0,0.0,0.0,0.0,4.001410484313965,,1.0178606510162354,0.0,0.0,
431,NVB,0.0,0.0,0.0,0.0,0.8590368032455444,,1.0129992961883545,0.0,0.0,
432,NVB,0.0,0.0,0.0,0.0,1.4704455137252808,,1.002968668937683,0.0,0.0,
433,NVB,0.0,0.0,0.0,0.0,3.462451696395874,,1.008793830871582,0.0,0.0,
434,NVB,0.0,0.0,0.0,0.0,4.329322338104248,,1.0036489963531494,0.0,0.0,
435,NVB,0.0,0.0,0.0,0.0,2.743633985519409,,1.0047568082809448,0.0,0.0,
436,NVB,0.0,0.0,0.0,0.0,3.923206567764282,,1.0085550546646118,0.0,0.0,
437,NVB,0.0,0.0,0.0,0.0,1.046648621559143,,1.0071289539337158,0.0,0.0,
438,NVB,0.0,0.0,0.0,0.0,2.4203240871429443,,1.0307646989822388,0.0,0.0,
439,NVB,0.0,0.0,0.0,0.0,4.317063808441162,,1.0060421228408811,0.0,0.0,
440,NVB,0.0,0.0,0.0,0.0,1.3435121774673462,,1.0030206441879272,0.0,0.0,
441,NVB,0.0,0.0,0.0,0.0,4.790555953979492,,1.0301966667175293,0.0,0.0,
442,NVB,0.0,0.0,0.0,0.0,1.9836896657943728,,1.0145343542099,0.0,0.0,
443,NVB,0.0,0.0,0.0,0.0,1.660169005393982,,1.0589591264724731,0.0,0.0,
444,NVB,0.0,0.0,0.0,0.0,3.168205738067627,,1.0238722562789917,0.0,0.0,
445,NVB,0.0,0.0,0.0,0.0,0.5219054818153381,,1.007988691329956,0.0,0.0,
446,NVB,0.0,0.0,0.0,0.0,2.0551021099090576,,1.00396728515625,0.0,0.0,
447,NVB,0.0,0.0,0.0,0.0,1.1589031219482422,,1.0029144287109375,0.0,0.0,
448,NVB,0.0,0.0,0.0,0.0,1.2175873517990112,,1.002180814743042,0.0,0.0,
449,NVB,0.0,0.0,0.0,0.0,0.7500494718551636,,1.002922534942627,0.0,0.0,
450,NVB,0.0,0.0,0.0,0.0,1.5256764888763428,,1.0048245191574097,0.0,0.0,
451,NVB,0.0,0.0,0.0,0.0,0.925614058971405,,1.0013102293014526,0.0,0.0,
452,NVB,0.0,0.0,0.0,0.0,0.7351872324943542,,1.0035206079483032,0.0,0.0,
453,NVB,0.0,0.0,0.0,0.0,0.9687516689300536,,1.000654220581055,0.0,0.0,
454,NVB,0.0,0.0,0.0,0.0,1.3967537879943848,,1.004369616508484,0.0,0.0,
455,NVB,0.0,0.0,0.0,0.0,1.4683737754821775,,1.0017449855804443,0.0,0.0,
456,NVB,0.0,0.0,0.0,0.0,1.1794036626815796,,1.0005685091018677,0.0,0.0,
457,NVB,0.0,0.0,0.0,0.0,3.837326765060425,,1.003557205200195,0.0,0.0,
458,NVB,0.0,0.0,0.0,0.0,1.366834044456482,,1.0013093948364258,0.0,0.0,
459,NVB,0.0,0.0,0.0,0.0,1.4387938976287842,,1.001631736755371,0.0,0.0,
460,NVB,0.0,0.0,0.0,0.0,3.0221405029296875,,1.003334879875183,0.0,0.0,
461,NVB,0.0,0.0,0.0,0.0,1.2100907564163208,,1.00070321559906,0.0,0.0,
462,NVB,0.0,0.0,0.0,0.0,0.7853134274482727,,1.003471851348877,0.0,0.0,
463,NVB,0.0,0.0,0.0,0.0,0.6937260627746582,,1.0014344453811646,0.0,0.0,
464,NVB,0.0,0.0,0.0,0.0,1.4230706691741943,,1.001509666442871,0.0,0.0,
465,NVB,0.0,0.0,0.0,0.0,0.500232994556427,,1.0006983280181885,0.0,0.0,
466,NVB,0.0,0.0,0.0,0.0,0.659904956817627,,1.003170609474182,0.0,0.0,
467,NVB,0.0,0.0,0.0,0.0,1.1695300340652466,,1.0013405084609983,0.0,0.0,
468,NVB,0.0,0.0,0.0,0.0,2.018471956253052,,1.0037875175476074,0.0,0.0,
469,NVB,0.0,0.0,0.0,0.0,1.7469357252120972,,1.0081424713134766,0.0,0.0,
470,NVB,0.0,0.0,0.0,0.0,2.8196864128112797,,1.0100860595703125,0.0,0.0,
471,NVB,0.0,0.0,0.0,0.0,6.803484916687012,,1.0103511810302734,0.0,0.0,
472,NVB,0.0,0.0,0.0,0.0,4.008654594421387,,1.0287054777145386,0.0,0.0,
473,NVB,0.0,0.0,0.0,0.0,0.6200112700462341,,1.004488825798035,0.0,0.0,
474,NVB,0.0,0.0,0.0,0.0,1.489510178565979,,1.00311017036438,0.0,0.0,
475,NVB,0.0,0.0,0.0,0.0,1.7575477361679075,,1.005748271942139,0.0,0.0,
476,NVB,0.0,0.0,0.0,0.0,2.441606044769287,,1.0029346942901611,0.0,0.0,
477,NVB,0.0,0.0,0.0,0.0,2.30256462097168,,1.0052720308303833,0.0,0.0,
478,NVB,0.0,0.0,0.0,0.0,5.521815776824951,,1.007373929023743,0.0,0.0,
479,NVB,0.0,0.0,0.0,0.0,3.515810251235962,,1.004610896110535,0.0,0.0,
480,NVB,0.0,0.0,0.0,0.0,5.521798133850098,,1.0211808681488037,0.0,0.0,
481,NVB,0.0,0.0,0.0,0.0,7.083629608154297,,1.0095722675323486,0.0,0.0,
482,NVB,0.0,0.0,0.0,0.0,4.415894031524658,,1.0044231414794922,0.0,0.0,
483,NVB,0.0,0.0,0.0,0.0,1.1936848163604736,,1.0052320957183838,0.0,0.0,
484,NVB,0.0,0.0,0.0,0.0,1.4637043476104736,,1.0041697025299072,0.0,0.0,
485,NVB,0.0,0.0,0.0,0.0,2.8298609256744385,,1.0023162364959717,0.0,0.0,
486,NVB,0.0,0.0,0.0,0.0,2.136280059814453,,1.0017796754837036,0.0,0.0,
487,NVB,0.0,0.0,0.0,0.0,4.66288948059082,,1.0053701400756836,0.0,0.0,
488,NVB,0.0,0.0,0.0,0.0,2.9963505268096924,,1.001608967781067,0.0,0.0,
489,NVB,0.0,0.0,0.0,0.0,0.2383091151714325,,1.0006860494613647,0.0,0.0,
490,NVB,0.0,0.0,0.0,0.0,1.595941185951233,,1.0012108087539673,0.0,0.0,
491,NVB,0.0,0.0,0.0,0.0,8.20177173614502,,1.0152333974838257,0.0,0.0,
492,NVB,0.0,0.0,0.0,0.0,2.787184238433838,,1.004275918006897,0.0,0.0,
493,NVB,0.0,0.0,0.0,0.0,3.1374082565307617,,1.003464698791504,0.0,0.0,
494,NVB,0.0,0.0,0.0,0.0,1.256209135055542,,1.0044821500778198,0.0,0.0,
495,NVB,0.0,0.0,0.0,0.0,3.0460801124572754,,1.005213975906372,0.0,0.0,
496,NVB,0.0,0.0,0.0,0.0,3.272728681564331,,1.0089949369430542,0.0,0.0,
497,NVB,0.0,0.0,0.0,0.0,1.8516054153442385,,1.001642107963562,0.0,0.0,
498,NVB,0.0,0.0,0.0,0.0,4.00917911529541,,1.0046322345733645,0.0,0.0,
499,NVB,0.0,0.0,0.0,0.0,4.062372207641602,,1.002921462059021,0.0,0.0,
500,NVB,0.0,0.0,0.0,0.0,3.212543487548828,,1.0043845176696775,0.0,0.0,
501,NVB,0.0,0.0,0.0,0.0,4.725625991821289,,1.0047169923782349,0.0,0.0,
502,NVB,0.0,0.0,0.0,0.0,4.918102741241455,,1.0062710046768188,0.0,0.0,
503,NVB,0.0,0.0,0.0,0.0,4.315847396850586,,1.0172157287597656,0.0,0.0,
504,NVB,0.0,0.0,0.0,0.0,2.7713522911071777,,1.00227153301239,0.0,0.0,
505,NVB,0.0,0.0,0.0,0.0,1.2484732866287231,,1.0047879219055176,0.0,0.0,
506,NVB,0.0,0.0,0.0,0.0,2.4379403591156006,,1.001365065574646,0.0,0.0,
507,NVB,0.0,0.0,0.0,0.0,0.8793800473213196,,1.0021759271621704,0.0,0.0,
508,NVB,0.0,0.0,0.0,0.0,0.4079256653785705,,1.000342607498169,0.0,0.0,
509,NVB,0.0,0.0,0.0,0.0,1.279017448425293,,1.0039910078048706,0.0,0.0,
510,NVB,0.0,0.0,0.0,0.0,0.2733147740364074,,1.001278281211853,0.0,0.0,
511,NVB,0.0,0.0,0.0,0.0,2.0418667793273926,,1.001678705215454,0.0,0.0,
512,NVB,0.0,0.0,0.0,0.0,2.5122148990631104,,1.0026233196258545,0.0,0.0,
513,NVB,0.0,0.0,0.0,0.0,1.43129301071167,,1.0007317066192627,0.0,0.0,
514,NVB,0.0,0.0,0.0,0.0,1.5925506353378296,,1.0015954971313477,0.0,0.0,
515,NVB,0.0,0.0,0.0,0.0,1.1746667623519895,,1.001305103302002,0.0,0.0,
516,NVB,0.0,0.0,0.0,0.0,2.178436279296875,,1.0058023929595947,0.0,0.0,
517,NVB,0.0,0.0,0.0,0.0,1.967642307281494,,1.0028985738754272,0.0,0.0,
518,NVB,0.0,0.0,0.0,0.0,2.4872097969055176,,1.004153609275818,0.0,0.0,
519,NVB,0.0,0.0,0.0,0.0,0.2816047668457031,,1.0055018663406372,0.0,0.0,
520,NVB,0.0,0.0,0.0,0.0,1.8251729011535645,,1.0059731006622314,0.0,0.0,
521,NVB,0.0,0.0,0.0,0.0,4.105081081390381,,1.0078496932983398,0.0,0.0,
522,NVB,0.0,0.0,0.0,0.0,0.729071319103241,,1.0109617710113523,0.0,0.0,
523,NVB,0.0,0.0,0.0,0.0,1.161176085472107,,1.0007729530334473,0.0,0.0,
524,NVB,0.0,0.0,0.0,0.0,3.062448501586914,,1.0075011253356934,0.0,0.0,
525,NVB,0.0,0.0,0.0,0.0,3.1461117267608643,,1.0021076202392578,0.0,0.0,
526,NVB,0.0,0.0,0.0,0.0,2.2380266189575195,,1.0025391578674316,0.0,0.0,
527,NVB,0.0,0.0,0.0,0.0,4.711326599121094,,1.007568359375,0.0,0.0,
528,NVB,0.0,0.0,0.0,0.0,2.29346227645874,,1.0088783502578735,0.0,0.0,
529,NVB,0.0,0.0,0.0,0.0,1.2267051935195925,,1.0025423765182495,0.0,0.0,
530,NVB,0.0,0.0,0.0,0.0,1.5660908222198486,,1.004082441329956,0.0,0.0,
531,NVB,0.0,0.0,0.0,0.0,1.8948431015014648,,1.0013402700424194,0.0,0.0,
532,NVB,0.0,0.0,0.0,0.0,1.1933543682098389,,1.0011168718338013,0.0,0.0,
533,NVB,0.0,0.0,0.0,0.0,2.8692786693573,,1.007111668586731,0.0,0.0,
534,NVB,0.0,0.0,0.0,0.0,1.5743831396102903,,1.0031795501708984,0.0,0.0,
535,NVB,0.0,0.0,0.0,0.0,1.40118670463562,,1.0016274452209473,0.0,0.0,
536,NVB,0.0,0.0,0.0,0.0,1.0153424739837646,,1.0015029907226562,0.0,0.0,
537,NVB,0.0,0.0,0.0,0.0,0.3178199231624603,,1.0012338161468506,0.0,0.0,
538,NVB,0.0,0.0,0.0,0.0,2.0805492401123047,,1.0039666891098022,0.0,0.0,
539,NVB,0.0,0.0,0.0,0.0,3.1584062576293945,,1.0049175024032593,0.0,0.0,
540,NVB,0.0,0.0,0.0,0.0,1.0873892307281494,,1.0087357759475708,0.0,0.0,
541,NVB,0.0,0.0,0.0,0.0,5.669305324554443,,1.009010910987854,0.0,0.0,
542,NVB,0.0,0.0,0.0,0.0,2.365441083908081,,1.0034356117248535,0.0,0.0,
543,NVB,0.0,0.0,0.0,0.0,3.371129035949707,,1.007365345954895,0.0,0.0,
544,NVB,0.0,0.0,0.0,0.0,3.145115375518799,,1.0072821378707886,0.0,0.0,
545,NVB,0.0,0.0,0.0,0.0,1.0856709480285645,,1.0023536682128906,0.0,0.0,
546,NVB,0.0,0.0,0.0,0.0,3.953930139541626,,1.0115182399749756,0.0,0.0,
547,NVB,0.0,0.0,0.0,0.0,3.177436351776123,,1.0082499980926514,0.0,0.0,
548,NVB,0.0,0.0,0.0,0.0,5.167745113372803,,1.0055265426635742,0.0,0.0,
549,NVB,0.0,0.0,0.0,0.0,1.5340074300765991,,1.012995958328247,0.0,0.0,
550,NVB,0.0,0.0,0.0,0.0,4.110044956207275,,1.0154913663864136,0.0,0.0,
551,NVB,0.0,0.0,0.0,0.0,7.216124057769775,,1.0345404148101809,0.0,0.0,
552,NVB,0.0,0.0,0.0,0.0,5.155304908752441,,1.022074818611145,0.0,0.0,
553,NVB,0.0,0.0,0.0,0.0,2.186795949935913,,1.0045723915100098,0.0,0.0,
554,NVB,0.0,0.0,0.0,0.0,1.2341065406799316,,1.0025349855422974,0.0,0.0,
555,NVB,0.0,0.0,0.0,0.0,5.489157199859619,,1.0067763328552246,0.0,0.0,
556,NVB,0.0,0.0,0.0,0.0,2.156982183456421,,1.003851294517517,0.0,0.0,
557,SGZ,0.0,0.0,0.0,0.0,2.811495065689087,,1.003917217254639,0.0,0.0,
558,SGZ,0.0,0.0,0.0,0.0,3.1997883319854736,,1.0037604570388794,0.0,0.0,
559,SGZ,0.0,0.0,0.0,0.0,0.8120394349098206,,1.0045459270477295,0.0,0.0,
560,SGZ,0.0,0.0,0.0,0.0,4.845072746276856,,1.0051662921905518,0.0,0.0,
561,SGZ,0.0,0.0,0.0,0.0,2.068702459335327,,1.0027824640274048,0.0,0.0,
562,SGZ,0.0,0.0,0.0,0.0,4.866513252258301,,1.007408618927002,0.0,0.0,
563,SGZ,0.0,0.0,0.0,0.0,3.3454880714416504,,1.0060670375823977,0.0,0.0,
564,SGZ,0.0,0.0,0.0,0.0,2.7514002323150635,,1.0019623041152954,0.0,0.0,
565,SGZ,0.0,0.0,0.0,0.0,3.2708449363708496,,1.0071576833724976,0.0,0.0,
566,SGZ,0.0,0.0,0.0,0.0,0.5377445220947266,,1.006438970565796,0.0,0.0,
567,SGZ,0.0,0.0,0.0,0.0,8.689963340759277,,1.0317260026931765,0.0,0.0,
568,SGZ,0.0,0.0,0.0,0.0,9.678786277770996,,1.0492193698883057,0.0,0.0,
569,SGZ,0.0,0.0,0.0,0.0,6.358942985534668,,1.0338014364242554,0.0,0.0,
570,SGZ,0.0,0.0,0.0,0.0,1.9980720281600952,,1.001589059829712,0.0,0.0,
571,SGZ,0.0,0.0,0.0,0.0,2.0515501499176025,,1.00214421749115,0.0,0.0,
572,SGZ,0.0,0.0,0.0,0.0,0.8431589007377625,,1.0014533996582031,0.0,0.0,
573,SGZ,0.0,0.0,0.0,0.0,1.3508498668670654,,1.0028284788131714,0.0,0.0,
574,SGZ,0.0,0.0,0.0,0.0,5.717791557312012,,1.0141206979751587,0.0,0.0,
575,SGZ,0.0,0.0,0.0,0.0,15.433605194091797,,1.0508097410202026,0.0,0.0,
576,SGZ,0.0,0.0,0.0,0.0,7.116976261138916,,1.0121359825134275,0.0,0.0,
577,SGZ,0.0,0.0,0.0,0.0,20.292354583740234,,1.0974035263061523,0.0,0.0,
578,SGZ,0.0,0.0,0.0,0.0,3.545294523239136,,1.0273429155349731,0.0,0.0,
579,SGZ,0.0,0.0,0.0,0.0,3.010347604751587,,1.004424214363098,0.0,0.0,
580,SGZ,0.0,0.0,0.0,0.0,2.9433867931365967,,1.0069162845611572,0.0,0.0,
581,SGZ,0.0,0.0,0.0,0.0,2.100327491760254,,1.0277448892593384,0.0,0.0,
582,SGZ,0.0,0.0,0.0,0.0,2.544945240020752,,1.012632131576538,0.0,0.0,
583,SGZ,0.0,0.0,0.0,0.0,14.034205436706545,,1.033078670501709,0.0,0.0,
584,SGZ,0.0,0.0,0.0,0.0,1.192320704460144,,1.005483627319336,0.0,0.0,
585,SGZ,0.0,0.0,0.0,0.0,6.893377304077148,,1.0188411474227903,0.0,0.0,
586,SGZ,0.0,0.0,0.0,0.0,5.345600605010986,,1.0107301473617554,0.0,0.0,
587,SGZ,0.0,0.0,0.0,0.0,0.5746987462043762,,1.0099353790283203,0.0,0.0,
588,SGZ,0.0,0.0,0.0,0.0,10.86240291595459,,1.033795714378357,0.0,0.0,
589,SGZ,0.0,0.0,0.0,0.0,0.7593833804130554,,1.0007052421569824,0.0,0.0,
590,SGZ,0.0,0.0,0.0,0.0,2.3320870399475098,,1.0011461973190308,0.0,0.0,
591,SGZ,0.0,0.0,0.0,0.0,1.975957989692688,,1.004203200340271,0.0,0.0,
592,SGZ,0.0,0.0,0.0,0.0,6.18162727355957,,1.0110712051391602,0.0,0.0,
593,SGZ,0.0,0.0,0.0,0.0,0.0585483685135841,,1.0017130374908447,0.0,0.0,
594,SGZ,0.0,0.0,0.0,0.0,11.183639526367188,,1.027287244796753,0.0,0.0,
595,SGZ,0.0,0.0,0.0,0.0,8.511183738708496,,1.0289227962493896,0.0,0.0,
596,SGZ,0.0,0.0,0.0,0.0,8.63829231262207,,1.045310139656067,0.0,0.0,
597,SGZ,0.0,0.0,0.0,0.0,6.268807888031006,,1.0115348100662231,0.0,0.0,
598,SGZ,0.0,0.0,0.0,0.0,11.70769214630127,,1.0358887910842896,0.0,0.0,
599,SGZ,0.0,0.0,0.0,0.0,8.30980396270752,,1.124173879623413,0.0,0.0,
600,SGZ,0.0,0.0,0.0,0.0,7.637726306915283,,1.0481122732162476,0.0,0.0,
601,SGZ,0.0,0.0,0.0,0.0,12.672489166259766,,1.032029390335083,0.0,0.0,
602,SGZ,0.0,0.0,0.0,0.0,8.334092140197754,,1.064247965812683,0.0,0.0,
603,SGZ,0.0,0.0,0.0,0.0,4.867424488067627,,1.031069040298462,0.0,0.0,
604,SGZ,0.0,0.0,0.0,0.0,4.541955471038818,,1.087077021598816,0.0,0.0,
605,SGZ,0.0,0.0,0.0,0.0,14.11327838897705,,1.0822056531906128,0.0,0.0,
606,SGZ,0.0,0.0,0.0,0.0,5.851057529449463,,1.0314414501190186,0.0,0.0,
607,SGZ,0.0,0.0,0.0,0.0,13.176214218139648,,1.0558154582977295,0.0,0.0,
608,SGZ,0.0,0.0,0.0,0.0,13.880351066589355,,1.0440810918807983,0.0,0.0,
609,SGZ,0.0,0.0,0.0,0.0,19.18304443359375,,1.1296111345291138,0.0,0.0,
610,SGZ,0.0,0.0,0.0,0.0,6.50701379776001,,1.0260558128356934,0.0,0.0,
611,SGZ,0.0,0.0,0.0,0.0,4.13435173034668,,1.0048092603683472,0.0,0.0,
612,SGZ,0.0,0.0,0.0,0.0,5.320027828216553,,1.0125805139541626,0.0,0.0,
613,SGZ,0.0,0.0,0.0,0.0,3.4451122283935547,,1.007670760154724,0.0,0.0,
614,SGZ,0.0,0.0,0.0,0.0,11.082531929016112,,1.037466287612915,0.0,0.0,
615,SGZ,0.0,0.0,0.0,0.0,6.807343006134033,,1.0192499160766602,0.0,0.0,
616,SGZ,0.0,0.0,0.0,0.0,7.407663822174072,,1.034268856048584,0.0,0.0,
617,SGZ,0.0,0.0,0.0,0.0,0.9663452506065368,,1.0026659965515137,0.0,0.0,
618,SGZ,0.0,0.0,0.0,0.0,11.15754508972168,,1.029471755027771,0.0,0.0,
619,SGZ,0.0,0.0,0.0,0.0,18.444168090820312,,1.075791597366333,0.0,0.0,
620,SGZ,0.0,0.0,0.0,0.0,3.6674766540527344,,1.0212868452072144,0.0,0.0,
621,SGZ,0.0,0.0,0.0,0.0,3.155996799468994,,1.0120731592178345,0.0,0.0,
622,SGZ,0.0,0.0,0.0,0.0,6.747979164123535,,1.0778579711914062,0.0,0.0,
623,SGZ,0.0,0.0,0.0,0.0,11.253802299499512,,1.081635594367981,0.0,0.0,
624,SGZ,0.0,0.0,0.0,0.0,10.41838836669922,,1.0627294778823853,0.0,0.0,
625,SGZ,0.0,0.0,0.0,0.0,13.148574829101562,,1.053445816040039,0.0,0.0,
626,SGZ,0.0,0.0,0.0,0.0,9.669169425964355,,1.0677396059036257,0.0,0.0,
627,SGZ,0.0,0.0,0.0,0.0,23.562397003173828,,1.145296931266785,0.0,0.0,
628,SGZ,0.0,0.0,0.0,0.0,14.111077308654783,,1.069172739982605,0.0,0.0,
629,SGZ,0.0,0.0,0.0,0.0,20.358057022094727,,1.1793054342269895,0.0,0.0,
630,SGZ,0.0,0.0,0.0,0.0,10.903838157653809,,1.028355360031128,0.0,0.0,
631,SGZ,0.0,0.0,0.0,0.0,8.499567031860352,,1.0251489877700806,0.0,0.0,
632,SGZ,0.0,0.0,0.0,0.0,4.3628692626953125,,1.108219027519226,0.0,0.0,
633,NVB,0.0,0.0,0.0,0.0,1.3944122791290283,,1.0014493465423584,0.0,0.0,
634,NVB,0.0,0.0,0.0,0.0,5.342154502868652,,1.0096993446350098,0.0,0.0,
635,NVB,0.0,0.0,0.0,0.0,0.8610163927078247,,1.0062681436538696,0.0,0.0,
636,SGZ,0.0,0.0,0.0,0.0,7.570388317108154,,1.049599289894104,0.0,0.0,
637,SGZ,0.0,0.0,0.0,0.0,9.168061256408691,,1.0506547689437866,0.0,0.0,
638,SGZ,0.0,0.0,0.0,0.0,3.355820178985596,,1.085281491279602,0.0,0.0,
639,SGZ,0.0,0.0,0.0,0.0,7.020026683807373,,1.0361285209655762,0.0,0.0,
640,SGZ,0.0,0.0,0.0,0.0,7.291078567504883,,1.0212085247039795,0.0,0.0,
641,SGZ,0.0,0.0,0.0,0.0,4.499938488006592,,1.0155471563339231,0.0,0.0,
642,SGZ,0.0,0.0,0.0,0.0,7.48009729385376,,1.0456165075302124,0.0,0.0,
643,SGZ,0.0,0.0,0.0,0.0,7.426087856292725,,1.0612841844558716,0.0,0.0,
644,SGZ,0.0,0.0,0.0,0.0,5.103709220886231,,1.0171974897384644,0.0,0.0,
645,SGZ,0.0,0.0,0.0,0.0,6.526084899902344,,1.0354052782058716,0.0,0.0,
646,SGZ,0.0,0.0,0.0,0.0,3.807976961135864,,1.0078800916671753,0.0,0.0,
647,SGZ,0.0,0.0,0.0,0.0,1.5173720121383667,,1.0090423822402954,0.0,0.0,
648,SGZ,0.0,0.0,0.0,0.0,1.791042685508728,,1.0015119314193726,0.0,0.0,
649,SGZ,0.0,0.0,0.0,0.0,31.95309066772461,,1.2125821113586426,0.0,0.0,
650,SGZ,0.0,0.0,0.0,0.0,10.72577667236328,,1.0489203929901123,0.0,0.0,
651,SGZ,0.0,0.0,0.0,0.0,2.095243453979492,,1.0190365314483645,0.0,0.0,
652,SGZ,0.0,0.0,0.0,0.0,13.91367530822754,,1.0798072814941406,0.0,0.0,
653,SGZ,0.0,0.0,0.0,0.0,2.7480621337890625,,1.022233247756958,0.0,0.0,
654,SGZ,0.0,0.0,0.0,0.0,4.862964153289795,,1.008734941482544,0.0,0.0,
655,SGZ,0.0,0.0,0.0,0.0,10.359312057495115,,1.0259798765182495,0.0,0.0,
656,SGZ,0.0,0.0,0.0,0.0,11.427960395812988,,1.0262919664382937,0.0,0.0,
657,SGZ,0.0,0.0,0.0,0.0,8.997583389282227,,1.043745517730713,0.0,0.0,
658,SGZ,0.0,0.0,0.0,0.0,8.214021682739258,,1.015652418136597,0.0,0.0,
659,SGZ,0.0,0.0,0.0,0.0,6.366099834442139,,1.021332859992981,0.0,0.0,
660,SGZ,0.0,0.0,0.0,0.0,11.600768089294434,,1.0326130390167236,0.0,0.0,
661,SGZ,0.0,0.0,0.0,0.0,25.623714447021484,,1.1708298921585083,0.0,0.0,
662,SGZ,0.0,0.0,0.0,0.0,1.9872699975967407,,1.0673226118087769,0.0,0.0,
663,SGZ,0.0,0.0,0.0,0.0,11.972814559936523,,1.1016664505004885,0.0,0.0,
664,SGZ,0.0,0.0,0.0,0.0,3.5150351524353027,,1.025769829750061,0.0,0.0,
665,SGZ,0.0,0.0,0.0,0.0,6.028732776641846,,1.0950230360031128,0.0,0.0,
666,SGZ,0.0,0.0,0.0,0.0,6.152677059173584,,1.0498560667037964,0.0,0.0,
667,SGZ,0.0,0.0,0.0,0.0,5.075361251831055,,1.0445611476898191,0.0,0.0,
668,SGZ,0.0,0.0,0.0,0.0,19.64981842041016,,1.27638840675354,0.0,0.0,
669,SGZ,0.0,0.0,0.0,0.0,10.183770179748535,,1.0438885688781738,0.0,0.0,
670,SGZ,0.0,0.0,0.0,0.0,11.988234519958496,,1.0576411485671997,0.0,0.0,
671,SGZ,0.0,0.0,0.0,0.0,4.512375354766846,,1.0626826286315918,0.0,0.0,
672,SGZ,0.0,0.0,0.0,0.0,4.019155502319336,,1.0230441093444824,0.0,0.0,
673,SGZ,0.0,0.0,0.0,0.0,2.4250285625457764,,1.0290223360061646,0.0,0.0,
674,SGZ,0.0,0.0,0.0,0.0,9.980875015258787,,1.0552899837493896,0.0,0.0,
675,SGZ,0.0,0.0,0.0,0.0,23.32413482666016,,1.110525608062744,0.0,0.0,
676,SGZ,0.0,0.0,0.0,0.0,11.14303493499756,,1.0363842248916626,0.0,0.0,
677,SGZ,0.0,0.0,0.0,0.0,8.296716690063477,,1.0279903411865234,0.0,0.0,
678,SGZ,0.0,0.0,0.0,0.0,2.5058600902557373,,1.0214617252349854,0.0,0.0,
679,SGZ,0.0,0.0,0.0,0.0,8.64289665222168,,1.0465465784072876,0.0,0.0,
680,SGZ,0.0,0.0,0.0,0.0,11.962587356567385,,1.055240035057068,0.0,0.0,
681,SGZ,0.0,0.0,0.0,0.0,10.267809867858888,,1.0365005731582642,0.0,0.0,
682,SGZ,0.0,0.0,0.0,0.0,4.663241386413574,,1.0148690938949585,0.0,0.0,
683,SGZ,0.0,0.0,0.0,0.0,11.10119915008545,,1.035534143447876,0.0,0.0,
684,SGZ,0.0,0.0,0.0,0.0,6.960415363311768,,1.0118358135223389,0.0,0.0,
685,SGZ,0.0,0.0,0.0,0.0,7.03857421875,,1.0264345407485962,0.0,0.0,
686,SGZ,0.0,0.0,0.0,0.0,14.354485511779783,,1.061779260635376,0.0,0.0,
687,SGZ,0.0,0.0,0.0,0.0,4.625969886779785,,1.017285704612732,0.0,0.0,
688,SGZ,0.0,0.0,0.0,0.0,3.1181981563568115,,1.0180617570877075,0.0,0.0,
689,SGZ,0.0,0.0,0.0,0.0,2.068729877471924,,1.027656078338623,0.0,0.0,
690,SGZ,0.0,0.0,0.0,0.0,6.40669059753418,,1.0238676071166992,0.0,0.0,
691,SGZ,0.0,0.0,0.0,0.0,7.583574771881103,,1.0820003747940063,0.0,0.0,
692,SGZ,0.0,0.0,0.0,0.0,11.168020248413086,,1.0303832292556765,0.0,0.0,
693,SGZ,0.0,0.0,0.0,0.0,4.128317356109619,,1.0205492973327637,0.0,0.0,
694,SGZ,0.0,0.0,0.0,0.0,2.6534602642059326,,1.0449873208999634,0.0,0.0,
695,SGZ,0.0,0.0,0.0,0.0,23.8541316986084,,1.172563076019287,0.0,0.0,
696,SGZ,0.0,0.0,0.0,0.0,17.686120986938477,,1.0817419290542605,0.0,0.0,
697,SGZ,0.0,0.0,0.0,0.0,11.77282428741455,,1.0622016191482544,0.0,0.0,
698,SGZ,0.0,0.0,0.0,0.0,28.701919555664062,,1.3115733861923218,0.0,0.0,
699,SGZ,0.0,0.0,0.0,0.0,10.189669609069824,,1.0756365060806274,0.0,0.0,
700,SGZ,0.0,0.0,0.0,0.0,5.843154430389404,,1.056586742401123,0.0,0.0,
701,SGZ,0.0,0.0,0.0,0.0,10.472771644592283,,1.032719612121582,0.0,0.0,
702,SGZ,0.0,0.0,0.0,0.0,9.136919975280762,,1.1210519075393677,0.0,0.0,
703,SGZ,0.0,0.0,0.0,0.0,8.925520896911621,,1.0490858554840088,0.0,0.0,
704,SGZ,0.0,0.0,0.0,0.0,3.5437123775482178,,1.0352011919021606,0.0,0.0,
705,SGZ,0.0,0.0,0.0,0.0,8.99020767211914,,1.107650876045227,0.0,0.0,
706,SGZ,0.0,0.0,0.0,0.0,15.583206176757812,,1.0673763751983645,0.0,0.0,
707,SGZ,0.0,0.0,0.0,0.0,12.75324821472168,,1.1376924514770508,0.0,0.0,
708,SGZ,0.0,0.0,0.0,0.0,14.236949920654297,,1.0679761171340942,0.0,0.0,
709,SGZ,0.0,0.0,0.0,0.0,6.648831367492676,,1.0688220262527466,0.0,0.0,
710,SGZ,0.0,0.0,0.0,0.0,4.282298564910889,,1.0766500234603882,0.0,0.0,
711,SGZ,0.0,0.0,0.0,0.0,9.671378135681152,,1.0900100469589231,0.0,0.0,
712,SGZ,0.0,0.0,0.0,0.0,9.169059753417969,,1.0309102535247805,0.0,0.0,
713,SGZ,0.0,0.0,0.0,0.0,5.928415775299072,,1.0186846256256104,0.0,0.0,
714,SGZ,0.0,0.0,0.0,0.0,4.498885154724121,,1.1488778591156006,0.0,0.0,
715,SGZ,0.0,0.0,0.0,0.0,13.185786247253418,,1.1909048557281494,0.0,0.0,
716,SGZ,0.0,0.0,0.0,0.0,13.185786247253418,,1.1909048557281494,0.0,0.0,
717,SGZ,0.0,0.0,0.0,0.0,12.532022476196287,,1.1373884677886963,0.0,0.0,
718,SGZ,0.0,0.0,0.0,0.0,3.4260947704315186,,1.057990550994873,0.0,0.0,
719,SGZ,0.0,0.0,0.0,0.0,11.57088565826416,,1.069290041923523,0.0,0.0,
720,SGZ,0.0,0.0,0.0,0.0,20.01418685913086,,1.1052618026733398,0.0,0.0,
721,SGZ,0.0,0.0,0.0,0.0,3.375382900238037,,1.0334763526916504,0.0,0.0,
722,SGZ,0.0,0.0,0.0,0.0,12.151948928833008,,1.049533128738403,0.0,0.0,
723,SGZ,0.0,0.0,0.0,0.0,5.0819478034973145,,1.0074952840805054,0.0,0.0,
724,SGZ,0.0,0.0,0.0,0.0,17.553964614868164,,1.1694095134735107,0.0,0.0,
725,SGZ,0.0,0.0,0.0,0.0,20.35371971130371,,1.2288264036178589,0.0,0.0,
726,SGZ,0.0,0.0,0.0,0.0,19.86664581298828,,1.1778876781463623,0.0,0.0,
727,SGZ,0.0,0.0,0.0,0.0,3.030749797821045,,1.0392849445343018,0.0,0.0,
728,SGZ,0.0,0.0,0.0,0.0,16.074609756469727,,1.1004568338394165,0.0,0.0,
729,SGZ,0.0,0.0,0.0,0.0,4.214311599731445,,1.032286524772644,0.0,0.0,
730,SGZ,0.0,0.0,0.0,0.0,8.524304389953613,,1.0313347578048706,0.0,0.0,
731,SGZ,0.0,0.0,0.0,0.0,10.523137092590332,,1.090768575668335,0.0,0.0,
732,SGZ,0.0,0.0,0.0,0.0,5.3811750411987305,,1.0246503353118896,0.0,0.0,
733,SGZ,0.0,0.0,0.0,0.0,14.04119873046875,,1.0702210664749146,0.0,0.0,
734,SGZ,0.0,0.0,0.0,0.0,6.623694896697998,,1.0237981081008911,0.0,0.0,
735,SGZ,0.0,0.0,0.0,0.0,5.949151039123535,,1.036681056022644,0.0,0.0,
736,SGZ,0.0,0.0,0.0,0.0,9.122416496276855,,1.0253593921661377,0.0,0.0,
737,SGZ,0.0,0.0,0.0,0.0,6.865185737609863,,1.0281168222427368,0.0,0.0,
738,SGZ,0.0,0.0,0.0,0.0,15.780923843383787,,1.090010643005371,0.0,0.0,
739,SGZ,0.0,0.0,0.0,0.0,13.177132606506348,,1.1341062784194946,0.0,0.0,
740,SGZ,0.0,0.0,0.0,0.0,6.519821166992188,,1.0984750986099243,0.0,0.0,
741,SGZ,0.0,0.0,0.0,0.0,3.546191692352295,,1.0698550939559937,0.0,0.0,
742,SGZ,0.0,0.0,0.0,0.0,4.591864585876465,,1.0143500566482544,0.0,0.0,
743,SGZ,0.0,0.0,0.0,0.0,13.845938682556152,,1.073439598083496,0.0,0.0,
744,SGZ,0.0,0.0,0.0,0.0,4.824627876281738,,1.0311846733093262,0.0,0.0,
745,SGZ,0.0,0.0,0.0,0.0,13.559404373168944,,1.0778728723526,0.0,0.0,
746,SGZ,0.0,0.0,0.0,0.0,9.833547592163086,,1.1285322904586792,0.0,0.0,
747,SGZ,0.0,0.0,0.0,0.0,7.158946514129639,,1.036263346672058,0.0,0.0,
748,SGZ,0.0,0.0,0.0,0.0,8.885876655578613,,1.0756886005401611,0.0,0.0,
749,SGZ,0.0,0.0,0.0,0.0,4.454639911651611,,1.032793402671814,0.0,0.0,
750,SGZ,0.0,0.0,0.0,0.0,9.489256858825684,,1.0374126434326172,0.0,0.0,
751,SGZ,0.0,0.0,0.0,0.0,4.584500312805176,,1.030417799949646,0.0,0.0,
752,SGZ,0.0,0.0,0.0,0.0,4.60129976272583,,1.0271198749542236,0.0,0.0,
753,SGZ,0.0,0.0,0.0,0.0,4.855134010314941,,1.039578557014465,0.0,0.0,
754,SGZ,0.0,0.0,0.0,0.0,16.934633255004883,,1.050859451293945,0.0,0.0,
755,SGZ,0.0,0.0,0.0,0.0,12.382999420166016,,1.0502699613571167,0.0,0.0,
756,SGZ,0.0,0.0,0.0,0.0,8.325559616088867,,1.047709822654724,0.0,0.0,
757,SGZ,0.0,0.0,0.0,0.0,14.683600425720217,,1.0511523485183716,0.0,0.0,
758,SGZ,0.0,0.0,0.0,0.0,8.464644432067871,,1.0358718633651731,0.0,0.0,
759,SGZ,0.0,0.0,0.0,0.0,8.636820793151855,,1.042455792427063,0.0,0.0,
760,SGZ,0.0,0.0,0.0,0.0,7.462325096130371,,1.023718237876892,0.0,0.0,
761,SGZ,0.0,0.0,0.0,0.0,7.643187522888184,,1.0201436281204224,0.0,0.0,
762,SGZ,0.0,0.0,0.0,0.0,3.1028313636779785,,1.019742488861084,0.0,0.0,
763,SGZ,0.0,0.0,0.0,0.0,7.875425815582275,,1.015573501586914,0.0,0.0,
764,SGZ,0.0,0.0,0.0,0.0,6.472558498382568,,1.0275083780288696,0.0,0.0,
765,SGZ,0.0,0.0,0.0,0.0,10.623680114746094,,1.0515002012252808,0.0,0.0,
766,SGZ,0.0,0.0,0.0,0.0,9.185799598693848,,1.045669674873352,0.0,0.0,
767,SGZ,0.0,0.0,0.0,0.0,4.535847187042236,,1.0366313457489014,0.0,0.0,
768,SGZ,0.0,0.0,0.0,0.0,7.784257888793945,,1.0591031312942505,0.0,0.0,
769,SGZ,0.0,0.0,0.0,0.0,6.932751178741455,,1.067088007926941,0.0,0.0,
770,SGZ,0.0,0.0,0.0,0.0,5.722018241882324,,1.03010892868042,0.0,0.0,
771,SGZ,0.0,0.0,0.0,0.0,7.271141052246094,,1.0485384464263916,0.0,0.0,
772,SGZ,0.0,0.0,0.0,0.0,12.006482124328612,,1.0369141101837158,0.0,0.0,
773,SGZ,0.0,0.0,0.0,0.0,13.150477409362791,,1.0694490671157837,0.0,0.0,
774,SGZ,0.0,0.0,0.0,0.0,7.727693557739258,,1.040818452835083,0.0,0.0,
775,SGZ,0.0,0.0,0.0,0.0,12.381056785583496,,1.0782639980316162,0.0,0.0,
776,SGZ,0.0,0.0,0.0,0.0,4.173983573913574,,1.0933185815811155,0.0,0.0,
777,SGZ,0.0,0.0,0.0,0.0,16.770099639892578,,1.103574514389038,0.0,0.0,
778,SGZ,0.0,0.0,0.0,0.0,10.011801719665527,,1.0426080226898191,0.0,0.0,
779,SGZ,0.0,0.0,0.0,0.0,10.567578315734863,,1.0782136917114258,0.0,0.0,
780,SGZ,0.0,0.0,0.0,0.0,17.167936325073242,,1.061115026473999,0.0,0.0,
781,SGZ,0.0,0.0,0.0,0.0,8.294151306152344,,1.0193147659301758,0.0,0.0,
782,SGZ,0.0,0.0,0.0,0.0,11.771940231323242,,1.157379388809204,0.0,0.0,
783,SGZ,0.0,0.0,0.0,0.0,8.711847305297852,,1.0758957862854004,0.0,0.0,
784,SGZ,0.0,0.0,0.0,0.0,9.633978843688965,,1.059173583984375,0.0,0.0,
785,SGZ,0.0,0.0,0.0,0.0,7.425918579101562,,1.0812681913375854,0.0,0.0,
786,SGZ,0.0,0.0,0.0,0.0,5.212710380554199,,1.052687168121338,0.0,0.0,
787,SGZ,0.0,0.0,0.0,0.0,3.2863399982452397,,1.0368257761001587,0.0,0.0,
788,SGZ,0.0,0.0,0.0,0.0,9.339856147766112,,1.0529040098190308,0.0,0.0,
789,SGZ,0.0,0.0,0.0,0.0,13.32360553741455,,1.2832742929458618,0.0,0.0,
790,SGZ,0.0,0.0,0.0,0.0,9.166157722473145,,1.0397034883499146,0.0,0.0,
791,SGZ,0.0,0.0,0.0,0.0,7.930538177490234,,1.014616847038269,0.0,0.0,
792,SGZ,0.0,0.0,0.0,0.0,5.235771179199219,,1.0129592418670654,0.0,0.0,
793,SGZ,0.0,0.0,0.0,0.0,7.980461597442627,,1.023057222366333,0.0,0.0,
794,SGZ,0.0,0.0,0.0,0.0,4.098613739013672,,1.018677830696106,0.0,0.0,
795,SGZ,0.0,0.0,0.0,0.0,4.0863776206970215,,1.0085619688034058,0.0,0.0,
796,SGZ,0.0,0.0,0.0,0.0,8.823180198669434,,1.0681618452072144,0.0,0.0,
797,SGZ,0.0,0.0,0.0,0.0,11.365140914916992,,1.058234930038452,0.0,0.0,
798,SGZ,0.0,0.0,0.0,0.0,5.799911975860596,,1.185663819313049,0.0,0.0,
799,SGZ,0.0,0.0,0.0,0.0,6.858267784118652,,1.0944592952728271,0.0,0.0,
800,SGZ,0.0,0.0,0.0,0.0,6.228440761566162,,1.0404870510101318,0.0,0.0,
801,SGZ,0.0,0.0,0.0,0.0,8.125907897949219,,1.2153513431549072,0.0,0.0,
802,SGZ,0.0,0.0,0.0,0.0,15.377382278442385,,1.150314211845398,0.0,0.0,
803,SGZ,0.0,0.0,0.0,0.0,10.149972915649414,,1.181296944618225,0.0,0.0,
804,SGZ,0.0,0.0,0.0,0.0,10.910231590270996,,1.160563349723816,0.0,0.0,
805,SGZ,0.0,0.0,0.0,0.0,25.461170196533203,,1.1447876691818235,0.0,0.0,
806,SGZ,0.0,0.0,0.0,0.0,16.437328338623047,,1.1128257513046265,0.0,0.0,
807,SGZ,0.0,0.0,0.0,0.0,3.3448610305786133,,1.0288532972335815,0.0,0.0,
808,SGZ,0.0,0.0,0.0,0.0,17.106225967407227,,1.1010606288909912,0.0,0.0,
809,SGZ,0.0,0.0,0.0,0.0,5.627609252929688,,1.021752119064331,0.0,0.0,
810,SGZ,0.0,0.0,0.0,0.0,7.215706825256348,,1.0295029878616333,0.0,0.0,
811,SGZ,0.0,0.0,0.0,0.0,6.423122406005859,,1.0336872339248655,0.0,0.0,
812,SGZ,0.0,0.0,0.0,0.0,6.317652702331543,,1.0302282571792605,0.0,0.0,
813,SGZ,0.0,0.0,0.0,0.0,4.866189479827881,,1.0346142053604126,0.0,0.0,
814,SGZ,0.0,0.0,0.0,0.0,2.476228713989258,,1.0239129066467283,0.0,0.0,
815,SGZ,0.0,0.0,0.0,0.0,12.82177448272705,,1.041507363319397,0.0,0.0,
816,SGZ,0.0,0.0,0.0,0.0,13.738171577453612,,1.0364640951156616,0.0,0.0,
817,SGZ,0.0,0.0,0.0,0.0,20.199949264526367,,1.1066458225250244,0.0,0.0,
818,SGZ,0.0,0.0,0.0,0.0,9.447171211242676,,1.0443849563598633,0.0,0.0,
819,SGZ,0.0,0.0,0.0,0.0,4.852044105529785,,1.0154870748519895,0.0,0.0,
820,SGZ,0.0,0.0,0.0,0.0,1.3686763048171997,,1.0029844045639038,0.0,0.0,
821,SGZ,0.0,0.0,0.0,0.0,6.152423858642578,,1.0085842609405518,0.0,0.0,
822,SGZ,0.0,0.0,0.0,0.0,1.5076013803482056,,1.0064764022827148,0.0,0.0,
823,SGZ,0.0,0.0,0.0,0.0,25.632543563842773,,1.1231523752212524,0.0,0.0,
824,SGZ,0.0,0.0,0.0,0.0,3.0391128063201904,,1.0065762996673584,0.0,0.0,
825,SGZ,0.0,0.0,0.0,0.0,12.39551830291748,,1.0508031845092771,0.0,0.0,
826,SGZ,0.0,0.0,0.0,0.0,3.167375326156616,,1.0072429180145264,0.0,0.0,
827,SGZ,0.0,0.0,0.0,0.0,4.7249016761779785,,1.021166443824768,0.0,0.0,
828,SGZ,0.0,0.0,0.0,0.0,4.526686668395996,,1.0857168436050415,0.0,0.0,
829,SGZ,0.0,0.0,0.0,0.0,6.163392543792725,,1.034517765045166,0.0,0.0,
830,SGZ,0.0,0.0,0.0,0.0,0.8239387273788452,,1.0321264266967771,0.0,0.0,
831,SGZ,0.0,0.0,0.0,0.0,12.041988372802734,,1.1586101055145264,0.0,0.0,
832,SGZ,0.0,0.0,0.0,0.0,10.313678741455078,,1.0302966833114624,0.0,0.0,
833,SGZ,0.0,0.0,0.0,0.0,15.456501007080078,,1.0683046579360962,0.0,0.0,
834,SGZ,0.0,0.0,0.0,0.0,7.535799980163574,,1.020421862602234,0.0,0.0,
835,SGZ,0.0,0.0,0.0,0.0,4.468843936920166,,1.0091208219528198,0.0,0.0,
836,SGZ,0.0,0.0,0.0,0.0,12.938544273376465,,1.0279405117034912,0.0,0.0,
837,SGZ,0.0,0.0,0.0,0.0,9.474933624267578,,1.0193294286727903,0.0,0.0,
838,SGZ,0.0,0.0,0.0,0.0,12.026859283447266,,1.044306397438049,0.0,0.0,
839,SGZ,0.0,0.0,0.0,0.0,5.103268623352051,,1.011226773262024,0.0,0.0,
840,SGZ,0.0,0.0,0.0,0.0,10.34780502319336,,1.0303316116333008,0.0,0.0,
841,SGZ,0.0,0.0,0.0,0.0,2.3926351070404053,,1.014573574066162,0.0,0.0,
842,SGZ,0.0,0.0,0.0,0.0,6.859405517578125,,1.015761375427246,0.0,0.0,
843,SGZ,0.0,0.0,0.0,0.0,1.093683838844299,,1.0541998147964478,0.0,0.0,
844,SGZ,0.0,0.0,0.0,0.0,8.246777534484863,,1.0301826000213623,0.0,0.0,
845,SGZ,0.0,0.0,0.0,0.0,3.103595972061157,,1.03287672996521,0.0,0.0,
846,SGZ,0.0,0.0,0.0,0.0,10.817909240722656,,1.031684160232544,0.0,0.0,
847,SGZ,0.0,0.0,0.0,0.0,10.287683486938477,,1.02901029586792,0.0,0.0,
848,SGZ,0.0,0.0,0.0,0.0,7.949143409729004,,1.0264711380004885,0.0,0.0,
849,SGZ,0.0,0.0,0.0,0.0,6.222353458404541,,1.0125536918640137,0.0,0.0,
850,SGZ,0.0,0.0,0.0,0.0,5.830196380615234,,1.02476167678833,0.0,0.0,
851,SGZ,0.0,0.0,0.0,0.0,15.010818481445312,,1.09024178981781,0.0,0.0,
852,SGZ,0.0,0.0,0.0,0.0,10.943659782409668,,1.0597734451293943,0.0,0.0,
853,SGZ,0.0,0.0,0.0,0.0,2.6696367263793945,,1.0110881328582764,0.0,0.0,
854,SGZ,0.0,0.0,0.0,0.0,1.6102356910705566,,1.0089070796966553,0.0,0.0,
855,SGZ,0.0,0.0,0.0,0.0,15.758983612060549,,1.0694620609283447,0.0,0.0,
856,SGZ,0.0,0.0,0.0,0.0,8.240866661071777,,1.0728424787521362,0.0,0.0,
857,SGZ,0.0,0.0,0.0,0.0,16.01327133178711,,1.105164647102356,0.0,0.0,
858,SGZ,0.0,0.0,0.0,0.0,2.877716064453125,,1.0328549146652222,0.0,0.0,
859,SGZ,0.0,0.0,0.0,0.0,6.785056114196777,,1.040054202079773,0.0,0.0,
860,SGZ,0.0,0.0,0.0,0.0,1.11890709400177,,1.0026382207870483,0.0,0.0,
861,SGZ,0.0,0.0,0.0,0.0,5.336299419403076,,1.008582592010498,0.0,0.0,
862,SGZ,0.0,0.0,0.0,0.0,2.7042765617370605,,1.0098726749420166,0.0,0.0,
863,SGZ,0.0,0.0,0.0,0.0,1.5312849283218384,,1.0014221668243408,0.0,0.0,
864,SGZ,0.0,0.0,0.0,0.0,5.5353593826293945,,1.0063122510910034,0.0,0.0,
865,SGZ,0.0,0.0,0.0,0.0,2.985643148422241,,1.005558729171753,0.0,0.0,
866,SGZ,0.0,0.0,0.0,0.0,5.997574329376221,,1.0083656311035156,0.0,0.0,
867,SGZ,0.0,0.0,0.0,0.0,16.962682723999023,,1.0619819164276123,0.0,0.0,
868,SGZ,0.0,0.0,0.0,0.0,4.337415218353272,,1.010433793067932,0.0,0.0,
869,SGZ,0.0,0.0,0.0,0.0,3.921496629714966,,1.0125524997711182,0.0,0.0,
870,SGZ,0.0,0.0,0.0,0.0,16.071868896484375,,1.085067868232727,0.0,0.0,
871,SGZ,0.0,0.0,0.0,0.0,8.456378936767578,,1.029815912246704,0.0,0.0,
872,SGZ,0.0,0.0,0.0,0.0,2.484650135040283,,1.056692600250244,0.0,0.0,
873,SGZ,0.0,0.0,0.0,0.0,11.44785213470459,,1.0881327390670776,0.0,0.0,
874,SGZ,0.0,0.0,0.0,0.0,9.45067024230957,,1.0153099298477173,0.0,0.0,
875,SGZ,0.0,0.0,0.0,0.0,1.578144907951355,,1.0068178176879885,0.0,0.0,
876,SGZ,0.0,0.0,0.0,0.0,3.9324004650115967,,1.008690357208252,0.0,0.0,
877,SGZ,0.0,0.0,0.0,0.0,1.1460775136947632,,1.0090428590774536,0.0,0.0,
878,SGZ,0.0,0.0,0.0,0.0,2.35784125328064,,1.007030010223389,0.0,0.0,
879,SGZ,0.0,0.0,0.0,0.0,8.52248477935791,,1.025852918624878,0.0,0.0,
880,SGZ,0.0,0.0,0.0,0.0,1.3732744455337524,,1.002003192901611,0.0,0.0,
881,SGZ,0.0,0.0,0.0,0.0,2.275761127471924,,1.0043236017227173,0.0,0.0,
882,SGZ,0.0,0.0,0.0,0.0,0.917883038520813,,1.0012263059616089,0.0,0.0,
883,SGZ,0.0,0.0,0.0,0.0,4.374978542327881,,1.0060123205184937,0.0,0.0,
884,SGZ,0.0,0.0,0.0,0.0,5.724086284637451,,1.0093953609466553,0.0,0.0,
885,SGZ,0.0,0.0,0.0,0.0,1.465462327003479,,1.0043573379516602,0.0,0.0,
886,SGZ,0.0,0.0,0.0,0.0,2.898040294647217,,1.0075700283050537,0.0,0.0,
887,SGZ,0.0,0.0,0.0,0.0,5.474015235900879,,1.00879168510437,0.0,0.0,
888,SGZ,0.0,0.0,0.0,0.0,3.472506284713745,,1.0050508975982666,0.0,0.0,
889,SGZ,0.0,0.0,0.0,0.0,25.082517623901367,,1.2029321193695068,0.0,0.0,
890,SGZ,0.0,0.0,0.0,0.0,5.707747459411621,,1.0129395723342896,0.0,0.0,
891,SGZ,0.0,0.0,0.0,0.0,2.3631553649902344,,1.004997968673706,0.0,0.0,
892,SGZ,0.0,0.0,0.0,0.0,16.052242279052734,,1.058904051780701,0.0,0.0,
893,SGZ,0.0,0.0,0.0,0.0,3.3297982215881348,,1.0124081373214722,0.0,0.0,
894,SGZ,0.0,0.0,0.0,0.0,5.285910606384277,,1.0072311162948608,0.0,0.0,
895,SGZ,0.0,0.0,0.0,0.0,26.10569953918457,,1.213763952255249,0.0,0.0,
896,SGZ,0.0,0.0,0.0,0.0,8.100275993347168,,1.0570688247680664,0.0,0.0,
897,SGZ,0.0,0.0,0.0,0.0,11.060025215148926,,1.0320427417755127,0.0,0.0,
898,SGZ,0.0,0.0,0.0,0.0,7.083429336547852,,1.0242058038711548,0.0,0.0,
899,SGZ,0.0,0.0,0.0,0.0,11.58811855316162,,1.0373966693878174,0.0,0.0,
900,SGZ,0.0,0.0,0.0,0.0,24.034156799316406,,1.1135932207107544,0.0,0.0,
901,SGZ,0.0,0.0,0.0,0.0,7.967550754547119,,1.0286802053451538,0.0,0.0,
902,SGZ,0.0,0.0,0.0,0.0,7.893805027008057,,1.053527593612671,0.0,0.0,
903,NVB,0.0,0.0,0.0,0.0,34.366180419921875,,1.261399507522583,0.0,0.0,
904,NVB,0.0,0.0,0.0,0.0,4.832913398742676,,1.007878661155701,0.0,0.0,
905,NVB,0.0,0.0,0.0,0.0,21.39857292175293,,1.0926486253738403,0.0,0.0,
906,SGZ,0.0,0.0,0.0,0.0,7.490135192871094,,1.0164014101028442,0.0,0.0,
907,SGZ,0.0,0.0,0.0,0.0,2.665231227874756,,1.004643440246582,0.0,0.0,
908,SGZ,0.0,0.0,0.0,0.0,2.5277292728424072,,1.004142165184021,0.0,0.0,
909,SGZ,0.0,0.0,0.0,0.0,2.469719886779785,,1.003618240356445,0.0,0.0,
910,SGZ,0.0,0.0,0.0,0.0,9.007049560546875,,1.0150848627090454,0.0,0.0,
911,SGZ,0.0,0.0,0.0,0.0,3.9226155281066895,,1.0241423845291138,0.0,0.0,
912,SGZ,0.0,0.0,0.0,0.0,3.518305540084839,,1.0070534944534302,0.0,0.0,
913,SGZ,0.0,0.0,0.0,0.0,8.051153182983398,,1.010655641555786,0.0,0.0,
914,SGZ,0.0,0.0,0.0,0.0,4.423868179321289,,1.004849553108215,0.0,0.0,
915,SGZ,0.0,0.0,0.0,0.0,4.881118297576904,,1.0067150592803955,0.0,0.0,
916,SGZ,0.0,0.0,0.0,0.0,0.7434396743774414,,1.0013035535812378,0.0,0.0,
917,SGZ,0.0,0.0,0.0,0.0,0.8714638948440552,,1.001875400543213,0.0,0.0,
918,SGZ,0.0,0.0,0.0,0.0,3.668247699737549,,1.0058671236038208,0.0,0.0,
919,SGZ,0.0,0.0,0.0,0.0,4.6841020584106445,,1.0089682340621948,0.0,0.0,
920,SGZ,0.0,0.0,0.0,0.0,1.6738710403442385,,1.0009971857070925,0.0,0.0,
921,SGZ,0.0,0.0,0.0,0.0,0.5154746770858765,,1.0007107257843018,0.0,0.0,
922,SGZ,0.0,0.0,0.0,0.0,1.988651156425476,,1.0040652751922607,0.0,0.0,
923,SGZ,0.0,0.0,0.0,0.0,2.9069395065307617,,1.0021387338638306,0.0,0.0,
924,SGZ,0.0,0.0,0.0,0.0,5.478830814361572,,1.011616587638855,0.0,0.0,
925,SGZ,0.0,0.0,0.0,0.0,4.78706169128418,,1.0206801891326904,0.0,0.0,
926,SGZ,0.0,0.0,0.0,0.0,5.94356632232666,,1.0068769454956057,0.0,0.0,
927,SGZ,0.0,0.0,0.0,0.0,4.235036849975586,,1.0052651166915894,0.0,0.0,
928,SGZ,0.0,0.0,0.0,0.0,5.727127552032471,,1.0218489170074463,0.0,0.0,
929,SGZ,0.0,0.0,0.0,0.0,4.365420818328857,,1.0038423538208008,0.0,0.0,
930,SGZ,0.0,0.0,0.0,0.0,5.451963424682617,,1.006293773651123,0.0,0.0,
931,SGZ,0.0,0.0,0.0,0.0,2.0435352325439453,,1.002241134643555,0.0,0.0,
932,SGZ,0.0,0.0,0.0,0.0,1.8592928647994995,,1.0029135942459106,0.0,0.0,
933,SGZ,0.0,0.0,0.0,0.0,1.432162880897522,,1.0042630434036257,0.0,0.0,
934,SGZ,0.0,0.0,0.0,0.0,1.6601680517196655,,1.0027767419815063,0.0,0.0,
935,SGZ,0.0,0.0,0.0,0.0,1.9490457773208616,,1.0038594007492063,0.0,0.0,
936,SGZ,0.0,0.0,0.0,0.0,3.218628406524658,,1.0019227266311646,0.0,0.0,
937,SGZ,0.0,0.0,0.0,0.0,6.874919414520264,,1.0091973543167114,0.0,0.0,
938,NVB,0.0,0.0,0.0,0.0,3.4215874671936035,,1.005713939666748,0.0,0.0,
939,NVB,0.0,0.0,0.0,0.0,4.682371616363525,,1.0187162160873413,0.0,0.0,
940,NVB,0.0,0.0,0.0,0.0,6.140858173370361,,1.0496879816055298,0.0,0.0,
941,NVB,0.0,0.0,0.0,0.0,6.554978370666504,,1.0841182470321655,0.0,0.0,
942,NVB,0.0,0.0,0.0,0.0,44.46811294555664,,1.887764811515808,0.0,0.0,
943,NVB,0.0,0.0,0.0,0.0,21.60541343688965,,1.527800440788269,0.0,0.0,
944,NVB,0.0,0.0,0.0,0.0,12.239837646484377,,1.1607555150985718,0.0,0.0,
945,NVB,0.0,0.0,0.0,0.0,21.44256591796875,,1.213519811630249,0.0,0.0,
946,NVB,0.0,0.0,0.0,0.0,19.61431121826172,,1.1252351999282837,0.0,0.0,
947,NVB,0.0,0.0,0.0,0.0,7.237907886505127,,1.018499493598938,0.0,0.0,
948,NVB,0.0,0.0,0.0,0.0,1.9480561017990112,,1.0091423988342283,0.0,0.0,
949,NVB,0.0,0.0,0.0,0.0,1.0750781297683716,,1.0080697536468506,0.0,0.0,
950,NVB,0.0,0.0,0.0,0.0,1.308072209358215,,1.014905333518982,0.0,0.0,
951,NVB,0.0,0.0,0.0,0.0,7.1548848152160645,,1.0244640111923218,0.0,0.0,
952,NVB,0.0,0.0,0.0,0.0,17.355199813842773,,1.1460516452789309,0.0,0.0,
953,NVB,0.0,0.0,0.0,0.0,3.838411569595337,,1.0210556983947754,0.0,0.0,
954,NVB,0.0,0.0,0.0,0.0,2.716635227203369,,1.040428638458252,0.0,0.0,
955,NVB,0.0,0.0,0.0,0.0,17.505931854248047,,1.1173158884048462,0.0,0.0,
956,NVB,0.0,0.0,0.0,0.0,5.818929672241211,,1.0138062238693235,0.0,0.0,
957,NVB,0.0,0.0,0.0,0.0,1.719939351081848,,1.0065659284591677,0.0,0.0,
958,NVB,0.0,0.0,0.0,0.0,3.651943206787109,,1.0048041343688965,0.0,0.0,
959,NVB,0.0,0.0,0.0,0.0,0.7928066849708557,,1.0038886070251465,0.0,0.0,
960,NVB,0.0,0.0,0.0,0.0,5.448156833648682,,1.0120905637741089,0.0,0.0,
961,NVB,0.0,0.0,0.0,0.0,9.855527877807615,,1.0203850269317627,0.0,0.0,
962,NVB,0.0,0.0,0.0,0.0,6.958386421203613,,1.0110784769058228,0.0,0.0,
963,SGZ,0.0,0.0,0.0,0.0,2.5146446228027344,,1.0085376501083374,0.0,0.0,
964,SGZ,0.0,0.0,0.0,0.0,3.71802020072937,,1.0068373680114746,0.0,0.0,
965,SGZ,0.0,0.0,0.0,0.0,0.890383243560791,,1.005861520767212,0.0,0.0,
966,SGZ,0.0,0.0,0.0,0.0,4.749667644500732,,1.0039997100830078,0.0,0.0,
967,SGZ,0.0,0.0,0.0,0.0,0.5720533132553101,,1.002016544342041,0.0,0.0,
968,SGZ,0.0,0.0,0.0,0.0,2.390277147293091,,1.003190994262695,0.0,0.0,
969,SGZ,0.0,0.0,0.0,0.0,0.807914674282074,,1.0030303001403809,0.0,0.0,
970,SGZ,0.0,0.0,0.0,0.0,1.9907314777374268,,1.0015910863876345,0.0,0.0,
971,SGZ,0.0,0.0,0.0,0.0,9.958484649658203,,1.029861330986023,0.0,0.0,
972,SGZ,0.0,0.0,0.0,0.0,0.654116690158844,,1.0016732215881348,0.0,0.0,
973,SGZ,0.0,0.0,0.0,0.0,1.8692278861999512,,1.0083248615264893,0.0,0.0,
974,SGZ,0.0,0.0,0.0,0.0,1.5756943225860596,,1.0008851289749146,0.0,0.0,
975,SGZ,0.0,0.0,0.0,0.0,1.2700287103652954,,1.0015212297439575,0.0,0.0,
976,SGZ,0.0,0.0,0.0,0.0,1.467660903930664,,1.0044846534729004,0.0,0.0,
977,SGZ,0.0,0.0,0.0,0.0,5.637351036071777,,1.0055246353149414,0.0,0.0,
978,SGZ,0.0,0.0,0.0,0.0,6.396366119384766,,1.0101041793823242,0.0,0.0,
979,SGZ,0.0,0.0,0.0,0.0,6.610179901123047,,1.0118813514709473,0.0,0.0,
980,NVB,0.0,0.0,0.0,0.0,1.1900962591171265,,1.0178272724151611,0.0,0.0,
981,NVB,0.0,0.0,0.0,0.0,7.987001419067383,,1.0152959823608398,0.0,0.0,
982,NVB,0.0,0.0,0.0,0.0,3.3395931720733643,,1.0044091939926147,0.0,0.0,
983,NVB,0.0,0.0,0.0,0.0,3.947504758834839,,1.0124765634536743,0.0,0.0,
984,NVB,0.0,0.0,0.0,0.0,22.079288482666016,,1.1399201154708862,0.0,0.0,
985,NVB,0.0,0.0,0.0,0.0,9.662693977355955,,1.0565959215164185,0.0,0.0,
986,NVB,0.0,0.0,0.0,0.0,7.6457319259643555,,1.0126136541366575,0.0,0.0,
987,NVB,0.0,0.0,0.0,0.0,18.84199523925781,,1.094127178192139,0.0,0.0,
988,NVB,0.0,0.0,0.0,0.0,21.968042373657227,,1.2261571884155271,0.0,0.0,
989,NVB,0.0,0.0,0.0,0.0,2.7062087059021,,1.0033936500549316,0.0,0.0,
990,NVB,0.0,0.0,0.0,0.0,0.6702315807342529,,1.001115798950195,0.0,0.0,
991,NVB,0.0,0.0,0.0,0.0,2.4781622886657715,,1.0018783807754517,0.0,0.0,
992,NVB,0.0,0.0,0.0,0.0,3.3600547313690186,,1.0029598474502563,0.0,0.0,
993,NVB,0.0,0.0,0.0,0.0,2.1135566234588623,,1.0017098188400269,0.0,0.0,
994,NVB,0.0,0.0,0.0,0.0,2.733110189437866,,1.00158429145813,0.0,0.0,
995,NVB,0.0,0.0,0.0,0.0,2.1527116298675537,,1.0032081604003906,0.0,0.0,
996,NVB,0.0,0.0,0.0,0.0,2.906677007675171,,1.002861261367798,0.0,0.0,
997,NVB,0.0,0.0,0.0,0.0,1.9742258787155151,,1.0033020973205566,0.0,0.0,
998,NVB,0.0,0.0,0.0,0.0,2.6669576168060303,,1.004193663597107,0.0,0.0,
999,NVB,0.0,0.0,0.0,0.0,1.689763069152832,,1.0014756917953491,0.0,0.0,
1000,NVB,0.0,0.0,0.0,0.0,3.213083505630493,,1.0026222467422483,0.0,0.0,
1001,NVB,0.0,0.0,0.0,0.0,4.751969337463379,,1.0044509172439575,0.0,0.0,
1002,NVB,0.0,0.0,0.0,0.0,1.9282159805297847,,1.0016400814056396,0.0,0.0,
1003,NVB,0.0,0.0,0.0,0.0,2.418546199798584,,1.010767102241516,0.0,0.0,
1004,ALG,0.0,0.0,0.0,0.0,25.01398086547852,,1.2635473012924194,0.0,0.0,
1005,ALG,0.0,0.0,0.0,0.0,25.58556365966797,,1.233967900276184,0.0,0.0,
1006,ALG,0.0,0.0,0.0,0.0,12.016590118408203,,1.064687728881836,0.0,0.0,
1007,ALG,0.0,0.0,0.0,0.0,0.7142807245254517,,1.00149667263031,0.0,0.0,
1008,ALG,0.0,0.0,0.0,0.0,3.829576969146729,,1.0086532831192017,0.0,0.0,
1009,ALG,0.0,0.0,0.0,0.0,1.623744249343872,,1.0035642385482788,0.0,0.0,
1010,ALG,0.0,0.0,0.0,0.0,3.576391696929932,,1.0084960460662842,0.0,0.0,
1011,ALG,0.0,0.0,0.0,0.0,3.639989137649536,,1.0054991245269775,0.0,0.0,
1012,ALG,0.0,0.0,0.0,0.0,6.380690574645996,,1.0100809335708618,0.0,0.0,
1013,ALG,0.0,0.0,0.0,0.0,3.728005409240722,,1.0044071674346924,0.0,0.0,
1014,ALG,0.0,0.0,0.0,0.0,1.9177322387695312,,1.0078094005584717,0.0,0.0,
1015,ALG,0.0,-1.0,0.0,1362.0,67.67057800292969,,3.025533437728882,1362.0,0.0,
1016,ALG,2.0,0.0,562.0,0.0,55.5401496887207,,1.8575409650802608,562.0,0.0,
1017,ALG,2.0,0.0,562.0,0.0,16.457563400268555,,1.053197145462036,562.0,0.0,
1018,ALG,2.0,0.0,562.0,0.0,9.51337432861328,,1.0258105993270874,562.0,0.0,
1019,ALG,2.0,0.0,562.0,0.0,27.619503021240234,,1.1390429735183716,562.0,0.0,
1020,ALG,2.0,1.0,562.0,1363.0,25.42815971374512,,1.1804426908493042,1474.3178083439134,766006.0,
1021,ALG,1.0,0.0,562.0,0.0,56.920631408691406,,2.1234097480773926,562.0,0.0,
1022,ALG,0.0,0.0,0.0,0.0,3.5415074825286865,,1.0597364902496338,0.0,0.0,
1023,NVB,1.0,0.0,562.0,0.0,27.003538131713867,,1.1599537134170532,562.0,0.0,
1024,NVB,1.0,0.0,562.0,0.0,3.0507614612579346,,1.0331579446792605,562.0,0.0,
1025,NVB,0.0,0.0,0.0,0.0,55.62400436401367,,2.1069915294647217,0.0,0.0,
1026,NVB,0.0,0.0,0.0,0.0,2.6981406211853027,,1.0094356536865234,0.0,0.0,
1027,NVB,0.0,0.0,0.0,0.0,0.8806067109107971,,1.0085439682006836,0.0,0.0,
1028,NVB,0.0,0.0,0.0,0.0,4.6663818359375,,1.0177336931228638,0.0,0.0,
1029,NVB,0.0,0.0,0.0,0.0,1.5888031721115112,,1.0161315202713013,0.0,0.0,
1030,ALG,0.0,0.0,0.0,0.0,1.8968303203582764,,1.0118612051010132,0.0,0.0,
1031,ALG,0.0,0.0,0.0,0.0,4.779430866241455,,1.0103422403335571,0.0,0.0,
1032,ALG,0.0,0.0,0.0,0.0,3.873962163925171,,1.0304230451583862,0.0,0.0,
1033,ALG,0.0,0.0,0.0,0.0,3.4666907787323,,1.0113385915756226,0.0,0.0,
1034,ALG,0.0,0.0,0.0,0.0,2.7840490341186523,,1.0181944370269775,0.0,0.0,
1035,ALG,0.0,0.0,0.0,0.0,1.154038667678833,,1.0042917728424072,0.0,0.0,
1036,ALG,0.0,0.0,0.0,0.0,2.536727905273437,,1.0023586750030518,0.0,0.0,
1037,ALG,0.0,0.0,0.0,0.0,2.655236959457397,,1.0179991722106934,0.0,0.0,
1038,ALG,0.0,0.0,0.0,0.0,2.1165778636932373,,1.0131065845489502,0.0,0.0,
1039,ALG,0.0,0.0,0.0,0.0,2.404857397079468,,1.0127705335617063,0.0,0.0,
1040,ALG,0.0,0.0,0.0,0.0,4.492325782775879,,1.0060924291610718,0.0,0.0,
1041,ALG,0.0,0.0,0.0,0.0,1.6546508073806765,,1.003895282745361,0.0,0.0,
1042,ALG,0.0,0.0,0.0,0.0,2.5551083087921143,,1.0050917863845823,0.0,0.0,
1043,ALG,0.0,0.0,0.0,0.0,4.83988618850708,,1.055281639099121,0.0,0.0,
1044,ALG,0.0,0.0,0.0,0.0,1.5592528581619265,,1.002877712249756,0.0,0.0,
1045,ALG,0.0,0.0,0.0,0.0,0.4574618935585022,,1.002832293510437,0.0,0.0,
1046,ALG,0.0,0.0,0.0,0.0,3.2020528316497803,,1.0078045129776,0.0,0.0,
1047,ALG,0.0,0.0,0.0,0.0,0.945283591747284,,1.0032345056533811,0.0,0.0,
1048,ALG,0.0,0.0,0.0,0.0,2.553360939025879,,1.0103929042816162,0.0,0.0,
1049,ALG,0.0,0.0,0.0,0.0,3.1922872066497803,,1.0038065910339355,0.0,0.0,
1050,ALG,0.0,0.0,0.0,0.0,3.3236515522003174,,1.003431797027588,0.0,0.0,
1051,NVB,0.0,0.0,0.0,0.0,1.022361159324646,,1.0100719928741455,0.0,0.0,
1052,NVB,0.0,0.0,0.0,0.0,1.151810884475708,,1.0063886642456057,0.0,0.0,
1053,NVB,0.0,0.0,0.0,0.0,5.025881290435791,,1.0056205987930298,0.0,0.0,
1054,NVB,0.0,0.0,0.0,0.0,5.847606658935547,,1.018823504447937,0.0,0.0,
1055,NVB,0.0,0.0,0.0,0.0,1.4223405122756958,,1.0072579383850098,0.0,0.0,
1056,NVB,0.0,0.0,0.0,0.0,6.723606586456299,,1.0290549993515017,0.0,0.0,
1057,NVB,0.0,0.0,0.0,0.0,0.8195196390151978,,1.00854754447937,0.0,0.0,
1058,NVB,0.0,0.0,0.0,0.0,7.09711503982544,,1.013517141342163,0.0,0.0,
1059,NVB,0.0,0.0,0.0,0.0,3.041067361831665,,1.0026493072509766,0.0,0.0,
1060,NVB,0.0,0.0,0.0,0.0,8.171070098876953,,1.0173861980438232,0.0,0.0,
1061,NVB,0.0,0.0,0.0,0.0,2.122467517852783,,1.014182209968567,0.0,0.0,
1062,NVB,0.0,0.0,0.0,0.0,6.888357162475586,,1.0171998739242554,0.0,0.0,
1063,NVB,0.0,0.0,0.0,0.0,8.005295753479004,,1.0280572175979614,0.0,0.0,
1064,NVB,0.0,0.0,0.0,0.0,3.3324036598205566,,1.0110969543457031,0.0,0.0,
1065,NVB,0.0,0.0,0.0,0.0,3.852389335632324,,1.0084062814712524,0.0,0.0,
1066,NVB,0.0,0.0,0.0,0.0,2.347176074981689,,1.0042898654937744,0.0,0.0,
1067,NVB,0.0,0.0,0.0,0.0,1.4818193912506104,,1.003004550933838,0.0,0.0,
1068,NVB,0.0,0.0,0.0,0.0,1.0223811864852903,,1.000730037689209,0.0,0.0,
1069,NVB,0.0,0.0,0.0,0.0,3.0114588737487797,,1.0033475160598757,0.0,0.0,
1070,NVB,0.0,0.0,0.0,0.0,5.012660026550293,,1.004670023918152,0.0,0.0,
1071,NVB,0.0,0.0,0.0,0.0,2.0018270015716557,,1.0042189359664917,0.0,0.0,
1072,NVB,0.0,0.0,0.0,0.0,2.376042604446411,,1.0028605461120603,0.0,0.0,
1073,NVB,0.0,0.0,0.0,0.0,1.623403787612915,,1.0011790990829468,0.0,0.0,
1074,NVB,0.0,0.0,0.0,0.0,1.5371131896972656,,1.001926064491272,0.0,0.0,
1075,NVB,0.0,0.0,0.0,0.0,0.6638325452804565,,1.003050446510315,0.0,0.0,
1076,NVB,0.0,0.0,0.0,0.0,2.791299343109131,,1.0152539014816284,0.0,0.0,
1077,NVB,0.0,0.0,0.0,0.0,3.1331326961517334,,1.002305030822754,0.0,0.0,
1078,NVB,0.0,0.0,0.0,0.0,3.50746488571167,,1.006497144699097,0.0,0.0,
1079,NVB,0.0,0.0,0.0,0.0,2.561054944992065,,1.0059258937835691,0.0,0.0,
1080,NVB,0.0,0.0,0.0,0.0,4.074930191040039,,1.0101498365402222,0.0,0.0,
1081,NVB,0.0,0.0,0.0,0.0,3.040494203567505,,1.0126605033874512,0.0,0.0,
1082,NVB,0.0,0.0,0.0,0.0,3.489439010620117,,1.030107021331787,0.0,0.0,
1083,NVB,0.0,0.0,0.0,0.0,2.39576268196106,,1.0122449398040771,0.0,0.0,
1084,NVB,0.0,0.0,0.0,0.0,6.57274055480957,,1.0273833274841309,0.0,0.0,
1085,NVB,0.0,0.0,0.0,0.0,1.466310977935791,,1.0080889463424685,0.0,0.0,
1086,NVB,0.0,0.0,0.0,0.0,2.5297868251800537,,1.0079429149627686,0.0,0.0,
1087,NVB,0.0,0.0,0.0,0.0,2.104548692703247,,1.0119380950927734,0.0,0.0,
1088,NVB,0.0,0.0,0.0,0.0,0.9449135661125184,,1.002119064331055,0.0,0.0,
1089,NVB,0.0,0.0,0.0,0.0,5.1595635414123535,,1.005488038063049,0.0,0.0,
1090,NVB,0.0,0.0,0.0,0.0,2.150832414627075,,1.0030688047409058,0.0,0.0,
1091,NVB,0.0,0.0,0.0,0.0,3.2361278533935547,,1.0020626783370972,0.0,0.0,
1092,NVB,0.0,0.0,0.0,0.0,2.21964168548584,,1.0048975944519043,0.0,0.0,
1093,NVB,0.0,0.0,0.0,0.0,2.1023366451263428,,1.006480097770691,0.0,0.0,
1094,NVB,0.0,0.0,0.0,0.0,2.560025691986084,,1.0030803680419922,0.0,0.0,
1095,NVB,0.0,0.0,0.0,0.0,4.822284698486328,,1.0068949460983276,0.0,0.0,
1096,NVB,0.0,0.0,0.0,0.0,3.052455186843872,,1.0055675506591797,0.0,0.0,
1097,NVB,0.0,0.0,0.0,0.0,4.374502658843994,,1.0086389780044556,0.0,0.0,
1098,NVB,0.0,0.0,0.0,0.0,1.780397653579712,,1.0045839548110962,0.0,0.0,
1099,NVB,0.0,0.0,0.0,0.0,0.95982426404953,,1.009152054786682,0.0,0.0,
1100,NVB,0.0,0.0,0.0,0.0,3.306706190109253,,1.015133023262024,0.0,0.0,
1101,NVB,0.0,0.0,0.0,0.0,3.985026597976685,,1.0274207592010498,0.0,0.0,
1102,NVB,0.0,0.0,0.0,0.0,4.494503498077393,,1.0275706052780151,0.0,0.0,
1103,NVB,0.0,0.0,0.0,0.0,5.523584842681885,,1.0708378553390503,0.0,0.0,
1104,NVB,0.0,0.0,0.0,0.0,1.534345030784607,,1.0216015577316284,0.0,0.0,
1105,NVB,0.0,0.0,0.0,0.0,1.111659288406372,,1.0215946435928345,0.0,0.0,
1106,NVB,0.0,0.0,0.0,0.0,0.8592454791069031,,1.0167512893676758,0.0,0.0,
1107,NVB,0.0,0.0,0.0,0.0,2.5625550746917725,,1.027538537979126,0.0,0.0,
1108,NVB,0.0,0.0,0.0,0.0,3.495152950286865,,1.0090665817260742,0.0,0.0,
1109,NVB,0.0,0.0,0.0,0.0,3.189507246017456,,1.008311152458191,0.0,0.0,
1110,NVB,0.0,0.0,0.0,0.0,1.49181067943573,,1.0041179656982422,0.0,0.0,
1111,NVB,0.0,0.0,0.0,0.0,1.7601872682571411,,1.0015840530395508,0.0,0.0,
1112,NVB,0.0,0.0,0.0,0.0,2.1962058544158936,,1.0057170391082764,0.0,0.0,
1113,NVB,0.0,0.0,0.0,0.0,2.095085382461548,,1.0046604871749878,0.0,0.0,
1114,NVB,0.0,0.0,0.0,0.0,0.72853684425354,,1.0023688077926636,0.0,0.0,
1115,NVB,0.0,0.0,0.0,0.0,1.2796610593795776,,1.003783106803894,0.0,0.0,
1116,NVB,0.0,0.0,0.0,0.0,2.5392329692840576,,1.0028958320617676,0.0,0.0,
1117,NVB,0.0,0.0,0.0,0.0,2.93058705329895,,1.0065726041793823,0.0,0.0,
1118,NVB,0.0,0.0,0.0,0.0,1.698551893234253,,1.0009313821792605,0.0,0.0,
1119,NVB,0.0,0.0,0.0,0.0,0.0497976280748844,,1.0051581859588623,0.0,0.0,
1120,NVB,0.0,0.0,0.0,0.0,1.0933419466018677,,1.0036598443984983,0.0,0.0,
1121,NVB,0.0,0.0,0.0,0.0,1.308074712753296,,1.001048564910889,0.0,0.0,
1122,NVB,0.0,0.0,0.0,0.0,3.019726276397705,,1.0120943784713743,0.0,0.0,
1123,NVB,0.0,0.0,0.0,0.0,0.4987206757068634,,1.0036977529525757,0.0,0.0,
1124,NVB,0.0,0.0,0.0,0.0,0.9809959530830384,,1.0098683834075928,0.0,0.0,
1125,NVB,0.0,0.0,0.0,0.0,2.6629531383514404,,1.003748655319214,0.0,0.0,
1126,NVB,0.0,0.0,0.0,0.0,2.963562250137329,,1.010140299797058,0.0,0.0,
1127,NVB,0.0,0.0,0.0,0.0,0.950917661190033,,1.0032010078430176,0.0,0.0,
1128,NVB,0.0,0.0,0.0,0.0,0.327287882566452,,1.0072969198226929,0.0,0.0,
1129,NVB,0.0,0.0,0.0,0.0,2.5314857959747314,,1.0046430826187134,0.0,0.0,
1130,NVB,0.0,0.0,0.0,0.0,0.754375696182251,,1.0044150352478027,0.0,0.0,
1131,NVB,0.0,0.0,0.0,0.0,2.291245222091675,,1.008997082710266,0.0,0.0,
1132,NVB,0.0,0.0,0.0,0.0,0.9643607139587402,,1.010260820388794,0.0,0.0,
1133,NVB,0.0,0.0,0.0,0.0,2.225484609603882,,1.0046106576919556,0.0,0.0,
1134,NVB,0.0,0.0,0.0,0.0,4.879526615142822,,1.010172724723816,0.0,0.0,
1135,NVB,0.0,0.0,0.0,0.0,1.33918035030365,,1.003876805305481,0.0,0.0,
1136,NVB,0.0,0.0,0.0,0.0,2.568569660186768,,1.0087238550186155,0.0,0.0,
1137,NVB,0.0,0.0,0.0,0.0,4.985172748565674,,1.0097343921661377,0.0,0.0,
1138,NVB,0.0,0.0,0.0,0.0,3.2013919353485107,,1.009357452392578,0.0,0.0,
1139,NVB,0.0,0.0,0.0,0.0,9.950751304626465,,1.0342564582824707,0.0,0.0,
1140,NVB,0.0,0.0,0.0,0.0,1.9984610080718996,,1.0023918151855469,0.0,0.0,
1141,NVB,0.0,0.0,0.0,0.0,5.2684855461120605,,1.0057908296585083,0.0,0.0,
1142,NVB,0.0,0.0,0.0,0.0,9.556736946105955,,1.0179075002670288,0.0,0.0,
1143,NVB,0.0,0.0,0.0,0.0,4.2814788818359375,,1.0106521844863892,0.0,0.0,
1144,NVB,0.0,0.0,0.0,0.0,2.8460893630981445,,1.0022014379501345,0.0,0.0,
1145,NVB,0.0,0.0,0.0,0.0,4.089360237121582,,1.009981393814087,0.0,0.0,
1146,SGZ,0.0,0.0,0.0,0.0,1.2350410223007202,,1.0014771223068235,0.0,0.0,
1147,SGZ,0.0,0.0,0.0,0.0,0.3818193078041076,,1.0095452070236206,0.0,0.0,
1148,SGZ,0.0,0.0,0.0,0.0,1.5626810789108276,,1.0018293857574463,0.0,0.0,
1149,SGZ,0.0,0.0,0.0,0.0,3.472291946411133,,1.0040212869644165,0.0,0.0,
1150,SGZ,0.0,0.0,0.0,0.0,2.076108455657959,,1.0050374269485474,0.0,0.0,
1151,SGZ,0.0,0.0,0.0,0.0,1.5050033330917358,,1.0021857023239136,0.0,0.0,
1152,SGZ,0.0,0.0,0.0,0.0,1.9595800638198853,,1.0519200563430786,0.0,0.0,
1153,SGZ,0.0,0.0,0.0,0.0,6.973753452301025,,1.0484559535980225,0.0,0.0,
1154,SGZ,0.0,0.0,0.0,0.0,4.435049533843994,,1.0178998708724976,0.0,0.0,
1155,SGZ,0.0,0.0,0.0,0.0,5.598487377166748,,1.0181905031204224,0.0,0.0,
1156,SGZ,0.0,0.0,0.0,0.0,5.170543193817139,,1.0048907995224,0.0,0.0,
1157,SGZ,0.0,0.0,0.0,0.0,4.777392864227295,,1.0042929649353027,0.0,0.0,
1158,SGZ,0.0,0.0,0.0,0.0,4.241365909576416,,1.0039182901382446,0.0,0.0,
1159,SGZ,0.0,0.0,0.0,0.0,1.003862738609314,,1.0006495714187622,0.0,0.0,
1160,SGZ,0.0,0.0,0.0,0.0,1.3063820600509644,,1.0018011331558228,0.0,0.0,
1161,SGZ,0.0,0.0,0.0,0.0,0.907567858695984,,1.0006667375564575,0.0,0.0,
1162,SGZ,0.0,0.0,0.0,0.0,2.5608015060424805,,1.001641035079956,0.0,0.0,
1163,SGZ,0.0,0.0,0.0,0.0,1.409030556678772,,1.0019643306732178,0.0,0.0,
1164,SGZ,0.0,0.0,0.0,0.0,0.972339391708374,,1.0008578300476074,0.0,0.0,
1165,SGZ,0.0,0.0,0.0,0.0,11.533020973205566,,1.02858304977417,0.0,0.0,
1166,SGZ,0.0,0.0,0.0,0.0,8.254191398620605,,1.0164016485214231,0.0,0.0,
1167,SGZ,0.0,0.0,0.0,0.0,2.049217939376831,,1.0012730360031128,0.0,0.0,
1168,SGZ,0.0,0.0,0.0,0.0,2.0316741466522217,,1.002363204956055,0.0,0.0,
1169,SGZ,0.0,0.0,0.0,0.0,3.035284757614136,,1.0025689601898191,0.0,0.0,
1170,SGZ,0.0,0.0,0.0,0.0,2.227170705795288,,1.0014411211013794,0.0,0.0,
1171,SGZ,0.0,0.0,0.0,0.0,4.475810527801514,,1.0059304237365725,0.0,0.0,
1172,SGZ,0.0,0.0,0.0,0.0,6.758464336395264,,1.0392385721206665,0.0,0.0,
1173,SGZ,0.0,0.0,0.0,0.0,7.7247724533081055,,1.0233210325241089,0.0,0.0,
1174,SGZ,0.0,0.0,0.0,0.0,7.49945068359375,,1.0431137084960938,0.0,0.0,
1175,SGZ,0.0,0.0,0.0,0.0,6.16612720489502,,1.011027693748474,0.0,0.0,
1176,SGZ,0.0,0.0,0.0,0.0,5.394037246704102,,1.0146046876907349,0.0,0.0,
1177,SGZ,0.0,0.0,0.0,0.0,15.188526153564451,,1.1143386363983154,0.0,0.0,
1178,SGZ,0.0,0.0,0.0,0.0,10.359856605529783,,1.0310978889465332,0.0,0.0,
1179,SGZ,0.0,0.0,0.0,0.0,9.194306373596191,,1.0154377222061155,0.0,0.0,
1180,SGZ,0.0,0.0,0.0,0.0,7.700747013092041,,1.016116738319397,0.0,0.0,
1181,SGZ,0.0,0.0,0.0,0.0,5.023151874542236,,1.022849440574646,0.0,0.0,
1182,SGZ,0.0,0.0,0.0,0.0,2.468355894088745,,1.0092567205429075,0.0,0.0,
1183,SGZ,0.0,0.0,0.0,0.0,6.908583164215088,,1.0274758338928225,0.0,0.0,
1184,SGZ,0.0,0.0,0.0,0.0,10.502920150756836,,1.026826024055481,0.0,0.0,
1185,SGZ,0.0,0.0,0.0,0.0,13.493309020996094,,1.049583911895752,0.0,0.0,
1186,SGZ,0.0,0.0,0.0,0.0,3.183520555496216,,1.0138177871704102,0.0,0.0,
1187,SGZ,0.0,0.0,0.0,0.0,10.614700317382812,,1.0213704109191897,0.0,0.0,
1188,SGZ,0.0,0.0,0.0,0.0,2.0896880626678467,,1.0042132139205933,0.0,0.0,
1189,SGZ,0.0,0.0,0.0,0.0,0.6933042407035828,,1.0014629364013672,0.0,0.0,
1190,SGZ,0.0,0.0,0.0,0.0,2.4547348022460938,,1.0061529874801636,0.0,0.0,
1191,SGZ,0.0,0.0,0.0,0.0,2.6557939052581787,,1.001692533493042,0.0,0.0,
1192,SGZ,0.0,0.0,0.0,0.0,11.683313369750977,,1.0422875881195068,0.0,0.0,
1193,SGZ,0.0,0.0,0.0,0.0,17.7011661529541,,1.1367032527923584,0.0,0.0,
1194,SGZ,0.0,0.0,0.0,0.0,6.56110429763794,,1.0403344631195068,0.0,0.0,
1195,SGZ,0.0,0.0,0.0,0.0,4.694720268249512,,1.1517219543457031,0.0,0.0,
1196,SGZ,0.0,0.0,0.0,0.0,7.803149700164795,,1.0879725217819214,0.0,0.0,
1197,SGZ,0.0,0.0,0.0,0.0,11.200974464416504,,1.0834654569625854,0.0,0.0,
1198,SGZ,0.0,0.0,0.0,0.0,6.780805587768555,,1.078536033630371,0.0,0.0,
1199,SGZ,0.0,0.0,0.0,0.0,14.74705696105957,,1.075281858444214,0.0,0.0,
1200,SGZ,0.0,0.0,0.0,0.0,14.82184886932373,,1.0351176261901855,0.0,0.0,
1201,SGZ,0.0,0.0,0.0,0.0,4.836624622344971,,1.0164638757705688,0.0,0.0,
1202,SGZ,0.0,0.0,0.0,0.0,4.684725284576416,,1.0719573497772217,0.0,0.0,
1203,SGZ,0.0,0.0,0.0,0.0,4.532104969024658,,1.059754490852356,0.0,0.0,
1204,SGZ,0.0,0.0,0.0,0.0,8.633434295654297,,1.021959900856018,0.0,0.0,
1205,SGZ,0.0,0.0,0.0,0.0,4.862518310546875,,1.0282703638076782,0.0,0.0,
1206,SGZ,0.0,0.0,0.0,0.0,6.063347816467285,,1.0253701210021973,0.0,0.0,
1207,SGZ,0.0,0.0,0.0,0.0,21.5528621673584,,1.1021205186843872,0.0,0.0,
1208,SGZ,0.0,0.0,0.0,0.0,9.106769561767578,,1.080737829208374,0.0,0.0,
1209,SGZ,0.0,0.0,0.0,0.0,21.89727210998535,,1.166720628738403,0.0,0.0,
1210,SGZ,0.0,0.0,0.0,0.0,3.259066104888916,,1.0315828323364258,0.0,0.0,
1211,SGZ,0.0,0.0,0.0,0.0,3.404169797897339,,1.1400642395019531,0.0,0.0,
1212,SGZ,0.0,0.0,0.0,0.0,5.911333084106445,,1.1174825429916382,0.0,0.0,
1213,SGZ,0.0,0.0,0.0,0.0,0.6649713516235352,,1.0836505889892578,0.0,0.0,
1214,SGZ,0.0,0.0,0.0,0.0,17.142303466796875,,1.0906654596328735,0.0,0.0,
1215,SGZ,0.0,0.0,0.0,0.0,7.306244850158691,,1.0110243558883667,0.0,0.0,
1216,SGZ,0.0,0.0,0.0,0.0,15.3489351272583,,1.0651410818099976,0.0,0.0,
1217,SGZ,0.0,0.0,0.0,0.0,13.990443229675291,,1.1054832935333252,0.0,0.0,
1218,SGZ,0.0,0.0,0.0,0.0,3.929149866104126,,1.016860842704773,0.0,0.0,
1219,SGZ,0.0,0.0,0.0,0.0,4.464529991149902,,1.0184146165847778,0.0,0.0,
1220,SGZ,0.0,0.0,0.0,0.0,6.493544101715088,,1.050052523612976,0.0,0.0,
1221,SGZ,0.0,0.0,0.0,0.0,27.390193939208984,,1.146418809890747,0.0,0.0,
1222,SGZ,0.0,0.0,0.0,0.0,21.43756103515625,,1.0874828100204468,0.0,0.0,
1223,SGZ,0.0,0.0,0.0,0.0,22.43224334716797,,1.2123234272003174,0.0,0.0,
1224,SGZ,0.0,0.0,0.0,0.0,9.41049575805664,,1.1149733066558838,0.0,0.0,
1225,SGZ,0.0,0.0,0.0,0.0,3.280778169631958,,1.0209351778030396,0.0,0.0,
1226,SGZ,0.0,0.0,0.0,0.0,2.1784474849700928,,1.0044625997543335,0.0,0.0,
1227,SGZ,0.0,0.0,0.0,0.0,9.040311813354492,,1.0517511367797852,0.0,0.0,
1228,SGZ,0.0,0.0,0.0,0.0,8.489916801452637,,1.0449116230010986,0.0,0.0,
1229,SGZ,0.0,0.0,0.0,0.0,5.841419696807861,,1.0133992433547974,0.0,0.0,
1230,SGZ,0.0,0.0,0.0,0.0,2.560789108276367,,1.0070091485977173,0.0,0.0,
1231,SGZ,0.0,0.0,0.0,0.0,3.218156576156616,,1.0081366300582886,0.0,0.0,
1232,SGZ,0.0,0.0,0.0,0.0,8.862324714660645,,1.0197031497955322,0.0,0.0,
1233,SGZ,0.0,0.0,0.0,0.0,2.419496774673462,,1.00973379611969,0.0,0.0,
1234,SGZ,0.0,0.0,0.0,0.0,4.703577041625977,,1.007433295249939,0.0,0.0,
1235,SGZ,0.0,0.0,0.0,0.0,9.60129737854004,,1.0244369506835938,0.0,0.0,
1236,SGZ,0.0,0.0,0.0,0.0,2.5544772148132324,,1.015395164489746,0.0,0.0,
1237,SGZ,0.0,0.0,0.0,0.0,2.7396247386932373,,1.0158631801605225,0.0,0.0,
1238,SGZ,0.0,0.0,0.0,0.0,5.014251708984375,,1.0089133977890017,0.0,0.0,
1239,SGZ,0.0,0.0,0.0,0.0,4.313803672790527,,1.0116100311279297,0.0,0.0,
1240,SGZ,0.0,0.0,0.0,0.0,4.91635274887085,,1.006309986114502,0.0,0.0,
1241,SGZ,0.0,0.0,0.0,0.0,4.976955413818359,,1.0140409469604492,0.0,0.0,
1242,SGZ,0.0,0.0,0.0,0.0,7.070485591888428,,1.064397931098938,0.0,0.0,
1243,SGZ,0.0,0.0,0.0,0.0,5.388702392578125,,1.0294376611709597,0.0,0.0,
1244,SGZ,0.0,0.0,0.0,0.0,10.926140785217283,,1.0483893156051636,0.0,0.0,
1245,SGZ,0.0,0.0,0.0,0.0,15.983149528503418,,1.079666018486023,0.0,0.0,
1246,SGZ,0.0,0.0,0.0,0.0,8.855348587036133,,1.0852985382080078,0.0,0.0,
1247,SGZ,0.0,0.0,0.0,0.0,3.929415225982666,,1.0504964590072632,0.0,0.0,
1248,SGZ,0.0,0.0,0.0,0.0,9.12352466583252,,1.0307862758636477,0.0,0.0,
1249,SGZ,0.0,0.0,0.0,0.0,1.2867214679718018,,1.0007047653198242,0.0,0.0,
1250,SGZ,0.0,0.0,0.0,0.0,29.01484489440918,,1.2211518287658691,0.0,0.0,
1251,SGZ,0.0,0.0,0.0,0.0,8.848966598510742,,1.0478390455245972,0.0,0.0,
1252,SGZ,0.0,0.0,0.0,0.0,4.679539203643799,,1.076809644699097,0.0,0.0,
1253,SGZ,0.0,0.0,0.0,0.0,11.715169906616213,,1.075013518333435,0.0,0.0,
1254,SGZ,0.0,0.0,0.0,0.0,3.86147141456604,,1.0342098474502563,0.0,0.0,
1255,SGZ,0.0,0.0,0.0,0.0,24.433874130249023,,1.294508695602417,0.0,0.0,
1256,SGZ,0.0,0.0,0.0,0.0,7.913995742797852,,1.0204235315322876,0.0,0.0,
1257,SGZ,0.0,0.0,0.0,0.0,17.577964782714844,,1.0542393922805786,0.0,0.0,
1258,SGZ,0.0,0.0,0.0,0.0,11.696675300598145,,1.0464518070220947,0.0,0.0,
1259,SGZ,0.0,0.0,0.0,0.0,11.53243350982666,,1.039989709854126,0.0,0.0,
1260,SGZ,0.0,0.0,0.0,0.0,9.803754806518556,,1.0400865077972412,0.0,0.0,
1261,SGZ,0.0,0.0,0.0,0.0,6.021716117858887,,1.025186538696289,0.0,0.0,
1262,SGZ,0.0,0.0,0.0,0.0,15.67285442352295,,1.121475338935852,0.0,0.0,
1263,SGZ,0.0,0.0,0.0,0.0,16.2529296875,,1.147209882736206,0.0,0.0,
1264,SGZ,0.0,0.0,0.0,0.0,1.7753231525421145,,1.063031554222107,0.0,0.0,
1265,SGZ,0.0,0.0,0.0,0.0,4.605936527252197,,1.05163311958313,0.0,0.0,
1266,SGZ,0.0,0.0,0.0,0.0,6.811185359954834,,1.09570050239563,0.0,0.0,
1267,SGZ,0.0,0.0,0.0,0.0,14.153181076049805,,1.0378473997116089,0.0,0.0,
1268,SGZ,0.0,0.0,0.0,0.0,6.70552396774292,,1.08605694770813,0.0,0.0,
1269,SGZ,0.0,0.0,0.0,0.0,4.556301116943359,,1.0407456159591677,0.0,0.0,
1270,SGZ,0.0,0.0,0.0,0.0,19.00983428955078,,1.1289745569229126,0.0,0.0,
1271,SGZ,0.0,0.0,0.0,0.0,18.6582088470459,,1.114751935005188,0.0,0.0,
1272,SGZ,0.0,0.0,0.0,0.0,4.60836124420166,,1.0650395154953003,0.0,0.0,
1273,SGZ,0.0,0.0,0.0,0.0,7.080634117126465,,1.0263004302978516,0.0,0.0,
1274,SGZ,0.0,0.0,0.0,0.0,9.213497161865234,,1.026096224784851,0.0,0.0,
1275,SGZ,0.0,0.0,0.0,0.0,2.006037950515747,,1.0026495456695557,0.0,0.0,
1276,SGZ,0.0,0.0,0.0,0.0,2.1738905906677246,,1.016369104385376,0.0,0.0,
1277,SGZ,0.0,0.0,0.0,0.0,13.187512397766112,,1.0385963916778564,0.0,0.0,
1278,SGZ,0.0,0.0,0.0,0.0,7.8404717445373535,,1.0164777040481567,0.0,0.0,
1279,SGZ,0.0,0.0,0.0,0.0,0.5666919946670532,,1.0206915140151978,0.0,0.0,
1280,SGZ,0.0,0.0,0.0,0.0,4.5948638916015625,,1.013649582862854,0.0,0.0,
1281,SGZ,0.0,0.0,0.0,0.0,5.795268058776856,,1.0124937295913696,0.0,0.0,
1282,SGZ,0.0,0.0,0.0,0.0,5.172884941101074,,1.0355076789855957,0.0,0.0,
1283,SGZ,0.0,0.0,0.0,0.0,3.846639633178711,,1.010855197906494,0.0,0.0,
1284,SGZ,0.0,0.0,0.0,0.0,17.481653213500977,,1.073842167854309,0.0,0.0,
1285,SGZ,0.0,0.0,0.0,0.0,10.875572204589844,,1.0540653467178345,0.0,0.0,
1286,SGZ,0.0,0.0,0.0,0.0,5.42745304107666,,1.0197246074676514,0.0,0.0,
1287,SGZ,0.0,0.0,0.0,0.0,8.639551162719727,,1.04485023021698,0.0,0.0,
1288,SGZ,0.0,0.0,0.0,0.0,5.087897777557373,,1.020374059677124,0.0,0.0,
1289,SGZ,0.0,0.0,0.0,0.0,2.2764596939086914,,1.084856033325195,0.0,0.0,
1290,SGZ,0.0,0.0,0.0,0.0,7.189108848571777,,1.0259910821914673,0.0,0.0,
1291,SGZ,0.0,0.0,0.0,0.0,4.025542259216309,,1.0232739448547363,0.0,0.0,
1292,SGZ,0.0,0.0,0.0,0.0,15.408917427062988,,1.0634207725524902,0.0,0.0,
1293,SGZ,0.0,0.0,0.0,0.0,6.831546783447266,,1.0166971683502195,0.0,0.0,
1294,SGZ,0.0,0.0,0.0,0.0,4.686898231506348,,1.0129714012145996,0.0,0.0,
1295,SGZ,0.0,0.0,0.0,0.0,15.809931755065918,,1.0465742349624634,0.0,0.0,
1296,SGZ,0.0,0.0,0.0,0.0,9.323681831359863,,1.025761365890503,0.0,0.0,
1297,SGZ,0.0,0.0,0.0,0.0,7.954687595367432,,1.0112719535827637,0.0,0.0,
1298,SGZ,0.0,0.0,0.0,0.0,11.160648345947266,,1.0581178665161133,0.0,0.0,
1299,SGZ,0.0,0.0,0.0,0.0,16.1888370513916,,1.0635305643081665,0.0,0.0,
1300,SGZ,0.0,0.0,0.0,0.0,14.636395454406738,,1.0963964462280271,0.0,0.0,
1301,SGZ,0.0,0.0,0.0,0.0,6.201091289520264,,1.0347896814346311,0.0,0.0,
1302,SGZ,0.0,0.0,0.0,0.0,3.4220874309539795,,1.0126770734786987,0.0,0.0,
1303,SGZ,0.0,0.0,0.0,0.0,6.189513206481934,,1.0942589044570925,0.0,0.0,
1304,SGZ,0.0,0.0,0.0,0.0,1.0049818754196167,,1.0152699947357178,0.0,0.0,
1305,SGZ,0.0,0.0,0.0,0.0,6.993168830871582,,1.0198520421981812,0.0,0.0,
1306,SGZ,0.0,0.0,0.0,0.0,6.311479091644287,,1.0200364589691162,0.0,0.0,
1307,SGZ,0.0,0.0,0.0,0.0,9.83044147491455,,1.0346474647521973,0.0,0.0,
1308,SGZ,0.0,0.0,0.0,0.0,6.363149642944336,,1.0443190336227417,0.0,0.0,
1309,SGZ,0.0,0.0,0.0,0.0,8.463029861450195,,1.0225050449371338,0.0,0.0,
1310,SGZ,0.0,0.0,0.0,0.0,1.3344255685806274,,1.037145972251892,0.0,0.0,
1311,SGZ,0.0,0.0,0.0,0.0,5.012441635131836,,1.0262082815170288,0.0,0.0,
1312,SGZ,0.0,0.0,0.0,0.0,8.76692008972168,,1.0197365283966064,0.0,0.0,
1313,SGZ,0.0,0.0,0.0,0.0,12.499451637268066,,1.0834378004074097,0.0,0.0,
1314,SGZ,0.0,0.0,0.0,0.0,17.59786605834961,,1.093927264213562,0.0,0.0,
1315,SGZ,0.0,0.0,0.0,0.0,2.727592945098877,,1.0096518993377686,0.0,0.0,
1316,SGZ,0.0,0.0,0.0,0.0,3.217874526977539,,1.0058931112289429,0.0,0.0,
1317,SGZ,0.0,0.0,0.0,0.0,4.905698299407959,,1.0079859495162964,0.0,0.0,
1318,SGZ,0.0,0.0,0.0,0.0,2.1297366619110107,,1.00538969039917,0.0,0.0,
1319,SGZ,0.0,0.0,0.0,0.0,10.205641746520996,,1.0393388271331787,0.0,0.0,
1320,SGZ,0.0,0.0,0.0,0.0,2.9839892387390137,,1.0064305067062378,0.0,0.0,
1321,SGZ,0.0,0.0,0.0,0.0,13.571139335632324,,1.0454269647598269,0.0,0.0,
1322,SGZ,0.0,0.0,0.0,0.0,1.4495898485183716,,1.009548306465149,0.0,0.0,
1323,SGZ,0.0,0.0,0.0,0.0,2.47163987159729,,1.0436837673187256,0.0,0.0,
1324,SGZ,0.0,0.0,0.0,0.0,13.94552516937256,,1.0535790920257568,0.0,0.0,
1325,SGZ,0.0,0.0,0.0,0.0,12.789957046508787,,1.0527523756027222,0.0,0.0,
1326,SGZ,0.0,0.0,0.0,0.0,11.169270515441896,,1.0970553159713743,0.0,0.0,
1327,SGZ,0.0,0.0,0.0,0.0,11.721620559692385,,1.029586672782898,0.0,0.0,
1328,SGZ,0.0,0.0,0.0,0.0,8.210007667541504,,1.0301513671875,0.0,0.0,
1329,SGZ,0.0,0.0,0.0,0.0,10.876880645751951,,1.0896492004394531,0.0,0.0,
1330,SGZ,0.0,0.0,0.0,0.0,3.829600095748901,,1.0534590482711792,0.0,0.0,
1331,SGZ,0.0,0.0,0.0,0.0,3.3219051361083984,,1.0718075037002563,0.0,0.0,
1332,SGZ,0.0,0.0,0.0,0.0,5.394169807434082,,1.051228404045105,0.0,0.0,
1333,SGZ,0.0,0.0,0.0,0.0,17.002859115600586,,1.0773847103118896,0.0,0.0,
1334,SGZ,0.0,0.0,0.0,0.0,6.144405841827393,,1.0664650201797483,0.0,0.0,
1335,SGZ,0.0,0.0,0.0,0.0,8.223525047302246,,1.0706342458724976,0.0,0.0,
1336,SGZ,0.0,0.0,0.0,0.0,9.762965202331545,,1.0649124383926392,0.0,0.0,
1337,SGZ,0.0,0.0,0.0,0.0,16.3327693939209,,1.0859968662261963,0.0,0.0,
1338,SGZ,0.0,0.0,0.0,0.0,1.5015199184417725,,1.0079702138900757,0.0,0.0,
1339,SGZ,0.0,0.0,0.0,0.0,10.781556129455566,,1.0339584350585938,0.0,0.0,
1340,SGZ,0.0,0.0,0.0,0.0,6.914835453033447,,1.028290033340454,0.0,0.0,
1341,SGZ,0.0,0.0,0.0,0.0,2.3948559761047363,,1.02720308303833,0.0,0.0,
1342,SGZ,0.0,0.0,0.0,0.0,10.283246040344238,,1.0452347993850708,0.0,0.0,
1343,SGZ,0.0,0.0,0.0,0.0,15.629441261291504,,1.0631532669067385,0.0,0.0,
1344,SGZ,0.0,0.0,0.0,0.0,3.9416656494140634,,1.030463695526123,0.0,0.0,
1345,SGZ,0.0,0.0,0.0,0.0,5.808785915374756,,1.0541884899139404,0.0,0.0,
1346,SGZ,0.0,0.0,0.0,0.0,5.7803168296813965,,1.0207459926605225,0.0,0.0,
1347,SGZ,0.0,0.0,0.0,0.0,1.808187484741211,,1.0044132471084597,0.0,0.0,
1348,SGZ,0.0,0.0,0.0,0.0,1.096458077430725,,1.000727653503418,0.0,0.0,
1349,SGZ,0.0,0.0,0.0,0.0,2.43514347076416,,1.0015292167663574,0.0,0.0,
1350,SGZ,0.0,0.0,0.0,0.0,0.8421301245689392,,1.0026671886444092,0.0,0.0,
1351,SGZ,0.0,0.0,0.0,0.0,1.0069509744644165,,1.001408934593201,0.0,0.0,
1352,SGZ,0.0,0.0,0.0,0.0,2.95217514038086,,1.0081729888916016,0.0,0.0,
1353,SGZ,0.0,0.0,0.0,0.0,0.8887730836868286,,1.0030784606933594,0.0,0.0,
1354,SGZ,0.0,0.0,0.0,0.0,1.034595251083374,,1.0034048557281494,0.0,0.0,
1355,SGZ,0.0,0.0,0.0,0.0,4.310577869415283,,1.011266827583313,0.0,0.0,
1356,SGZ,0.0,0.0,0.0,0.0,2.6358063220977783,,1.0243462324142456,0.0,0.0,
1357,SGZ,0.0,0.0,0.0,0.0,6.889251232147217,,1.0139522552490234,0.0,0.0,
1358,SGZ,0.0,0.0,0.0,0.0,6.989771842956543,,1.0296310186386108,0.0,0.0,
1359,SGZ,0.0,0.0,0.0,0.0,8.364124298095703,,1.0540359020233154,0.0,0.0,
1360,SGZ,0.0,0.0,0.0,0.0,2.9543771743774414,,1.0114842653274536,0.0,0.0,
1361,SGZ,0.0,0.0,0.0,0.0,1.7074785232543943,,1.0335708856582642,0.0,0.0,
1362,SGZ,0.0,0.0,0.0,0.0,5.951988697052002,,1.0221123695373535,0.0,0.0,
1363,SGZ,0.0,0.0,0.0,0.0,1.021271586418152,,1.020498752593994,0.0,0.0,
1364,SGZ,0.0,0.0,0.0,0.0,3.8276093006134033,,1.0084348917007446,0.0,0.0,
1365,SGZ,0.0,0.0,0.0,0.0,5.792590141296387,,1.048344969749451,0.0,0.0,
1366,SGZ,0.0,0.0,0.0,0.0,1.125038743019104,,1.0072181224822998,0.0,0.0,
1367,SGZ,0.0,0.0,0.0,0.0,6.40413236618042,,1.013419508934021,0.0,0.0,
1368,SGZ,0.0,0.0,0.0,0.0,6.628015041351318,,1.0097124576568604,0.0,0.0,
1369,SGZ,0.0,0.0,0.0,0.0,1.0513107776641846,,1.0161060094833374,0.0,0.0,
1370,SGZ,0.0,0.0,0.0,0.0,1.5908664464950562,,1.016022562980652,0.0,0.0,
1371,SGZ,0.0,0.0,0.0,0.0,3.612125396728516,,1.015774846076965,0.0,0.0,
1372,SGZ,0.0,0.0,0.0,0.0,3.194475650787353,,1.015392780303955,0.0,0.0,
1373,SGZ,0.0,0.0,0.0,0.0,5.389423370361328,,1.0390857458114624,0.0,0.0,
1374,SGZ,0.0,0.0,0.0,0.0,0.2951046824455261,,1.0208067893981934,0.0,0.0,
1375,SGZ,0.0,0.0,0.0,0.0,3.256675243377685,,1.007023811340332,0.0,0.0,
1376,SGZ,0.0,0.0,0.0,0.0,5.1871771812438965,,1.0068724155426023,0.0,0.0,
1377,SGZ,0.0,0.0,0.0,0.0,2.6084418296813965,,1.0373454093933103,0.0,0.0,
1378,SGZ,0.0,0.0,0.0,0.0,6.711203575134277,,1.025673747062683,0.0,0.0,
1379,SGZ,0.0,0.0,0.0,0.0,6.030200481414795,,1.022655010223389,0.0,0.0,
1380,SGZ,0.0,0.0,0.0,0.0,7.297243595123291,,1.024829626083374,0.0,0.0,
1381,SGZ,0.0,0.0,0.0,0.0,3.368473052978516,,1.021662712097168,0.0,0.0,
1382,SGZ,0.0,0.0,0.0,0.0,1.8168752193450928,,1.0086206197738647,0.0,0.0,
1383,SGZ,0.0,0.0,0.0,0.0,0.8862196803092957,,1.0011507272720337,0.0,0.0,
1384,SGZ,0.0,0.0,0.0,0.0,0.6489954590797424,,1.002808690071106,0.0,0.0,
1385,SGZ,0.0,0.0,0.0,0.0,0.7099990248680115,,1.0175886154174805,0.0,0.0,
1386,SGZ,0.0,0.0,0.0,0.0,2.422905445098877,,1.0036406517028809,0.0,0.0,
1387,SGZ,0.0,0.0,0.0,0.0,3.76362681388855,,1.0025938749313354,0.0,0.0,
1388,SGZ,0.0,0.0,0.0,0.0,3.254547595977783,,1.0019725561141968,0.0,0.0,
1389,SGZ,0.0,0.0,0.0,0.0,1.7157049179077148,,1.002420425415039,0.0,0.0,
1390,SGZ,0.0,0.0,0.0,0.0,3.653441190719605,,1.004054069519043,0.0,0.0,
1391,SGZ,0.0,0.0,0.0,0.0,1.4367294311523438,,1.0383851528167725,0.0,0.0,
1392,SGZ,0.0,0.0,0.0,0.0,0.5660386085510254,,1.0322717428207395,0.0,0.0,
1393,SGZ,0.0,0.0,0.0,0.0,0.685422420501709,,1.0036426782608032,0.0,0.0,
1394,SGZ,0.0,0.0,0.0,0.0,2.492143392562866,,1.0176012516021729,0.0,0.0,
1395,SGZ,0.0,0.0,0.0,0.0,0.8648733496665955,,1.025202751159668,0.0,0.0,
1396,SGZ,0.0,0.0,0.0,0.0,1.2991052865982056,,1.1111574172973633,0.0,0.0,
1397,SGZ,0.0,0.0,0.0,0.0,5.307399272918701,,1.0332236289978027,0.0,0.0,
1398,SGZ,0.0,0.0,0.0,0.0,6.09417200088501,,1.0166436433792114,0.0,0.0,
1399,SGZ,0.0,0.0,0.0,0.0,2.74072265625,,1.009548544883728,0.0,0.0,
1400,SGZ,0.0,0.0,0.0,0.0,2.121946334838867,,1.0074620246887207,0.0,0.0,
1401,SGZ,0.0,0.0,0.0,0.0,8.752019882202148,,1.030789852142334,0.0,0.0,
1402,SGZ,0.0,0.0,0.0,0.0,4.154407501220703,,1.0134212970733645,0.0,0.0,
1403,SGZ,0.0,0.0,0.0,0.0,3.1230475902557373,,1.0031903982162476,0.0,0.0,
1404,SGZ,0.0,0.0,0.0,0.0,3.496445894241333,,1.0161551237106323,0.0,0.0,
1405,SGZ,0.0,0.0,0.0,0.0,1.9141494035720823,,1.0076252222061155,0.0,0.0,
1406,SGZ,0.0,0.0,0.0,0.0,5.706485748291016,,1.0592087507247925,0.0,0.0,
1407,SGZ,0.0,0.0,0.0,0.0,2.98264217376709,,1.0053476095199585,0.0,0.0,
1408,SGZ,0.0,0.0,0.0,0.0,1.835626006126404,,1.0035483837127686,0.0,0.0,
1409,SGZ,0.0,0.0,0.0,0.0,2.184675931930542,,1.001649022102356,0.0,0.0,
1410,SGZ,0.0,0.0,0.0,0.0,0.8469499349594116,,1.0012450218200684,0.0,0.0,
1411,SGZ,0.0,0.0,0.0,0.0,1.5332826375961304,,1.0056182146072388,0.0,0.0,
1412,SGZ,0.0,0.0,0.0,0.0,1.7056931257247925,,1.002597451210022,0.0,0.0,
1413,SGZ,0.0,0.0,0.0,0.0,2.9028444290161133,,1.0042465925216677,0.0,0.0,
1414,SGZ,0.0,0.0,0.0,0.0,2.223350048065185,,1.0029313564300537,0.0,0.0,
1415,SGZ,0.0,0.0,0.0,0.0,2.333225011825561,,1.0026859045028689,0.0,0.0,
1416,SGZ,0.0,0.0,0.0,0.0,7.880367755889893,,1.050722360610962,0.0,0.0,
1417,SGZ,0.0,0.0,0.0,0.0,1.1946152448654177,,1.0028997659683228,0.0,0.0,
1418,SGZ,0.0,0.0,0.0,0.0,2.5861730575561523,,1.008805751800537,0.0,0.0,
1419,NVB,0.0,0.0,0.0,0.0,4.542381763458252,,1.0059144496917725,0.0,0.0,
1420,NVB,0.0,0.0,0.0,0.0,1.797392725944519,,1.0016509294509888,0.0,0.0,
1421,NVB,0.0,0.0,0.0,0.0,1.8026483058929443,,1.0025657415390017,0.0,0.0,
1422,NVB,0.0,0.0,0.0,0.0,3.012942314147949,,1.003187656402588,0.0,0.0,
1423,NVB,0.0,0.0,0.0,0.0,2.770912170410156,,1.023049235343933,0.0,0.0,
1424,NVB,0.0,0.0,0.0,0.0,0.9403511881828308,,1.0136114358901978,0.0,0.0,
1425,NVB,0.0,0.0,0.0,0.0,1.7546294927597046,,1.012844800949097,0.0,0.0,
1426,NVB,0.0,0.0,0.0,0.0,3.224093198776245,,1.0569305419921875,0.0,0.0,
1427,NVB,0.0,0.0,0.0,0.0,4.407945156097412,,1.024060606956482,0.0,0.0,
1428,NVB,0.0,0.0,0.0,0.0,4.374964237213135,,1.0448790788650513,0.0,0.0,
1429,NVB,0.0,0.0,0.0,0.0,6.951605319976807,,1.0095375776290894,0.0,0.0,
1430,NVB,0.0,0.0,0.0,0.0,4.581480503082275,,1.036979079246521,0.0,0.0,
1431,NVB,0.0,0.0,0.0,0.0,2.64290452003479,,1.0098727941513062,0.0,0.0,
1432,NVB,0.0,0.0,0.0,0.0,4.874615669250488,,1.0093684196472168,0.0,0.0,
1433,NVB,0.0,0.0,0.0,0.0,3.862523078918457,,1.0088268518447876,0.0,0.0,
1434,NVB,0.0,0.0,0.0,0.0,1.7634072303771973,,1.00289785861969,0.0,0.0,
1435,NVB,0.0,0.0,0.0,0.0,1.5670852661132812,,1.0127863883972168,0.0,0.0,
1436,NVB,0.0,0.0,0.0,0.0,3.9424023628234863,,1.00853168964386,0.0,0.0,
1437,NVB,0.0,0.0,0.0,0.0,3.751091241836548,,1.006444215774536,0.0,0.0,
1438,NVB,0.0,0.0,0.0,0.0,2.720890522003174,,1.002205729484558,0.0,0.0,
1439,NVB,0.0,0.0,0.0,0.0,1.410440444946289,,1.0081498622894287,0.0,0.0,
1440,NVB,0.0,0.0,0.0,0.0,2.4287257194519043,,1.0054314136505127,0.0,0.0,
1441,NVB,0.0,0.0,0.0,0.0,4.848868370056152,,1.007175326347351,0.0,0.0,
1442,NVB,0.0,0.0,0.0,0.0,0.4494629800319671,,1.00290048122406,0.0,0.0,
1443,NVB,0.0,0.0,0.0,0.0,0.4878654778003692,,1.001099705696106,0.0,0.0,
1444,NVB,0.0,0.0,0.0,0.0,1.147045016288757,,1.0036159753799438,0.0,0.0,
1445,NVB,0.0,0.0,0.0,0.0,1.9519555568695068,,1.0048186779022217,0.0,0.0,
1446,NVB,0.0,0.0,0.0,0.0,1.1965574026107788,,1.0018612146377563,0.0,0.0,
1447,NVB,0.0,0.0,0.0,0.0,1.0779911279678345,,1.0035744905471802,0.0,0.0,
1448,NVB,0.0,0.0,0.0,0.0,4.222681045532227,,1.012967586517334,0.0,0.0,
1449,NVB,0.0,0.0,0.0,0.0,1.4636672735214231,,1.0012224912643433,0.0,0.0,
1450,NVB,0.0,0.0,0.0,0.0,0.9676077365875244,,1.0012450218200684,0.0,0.0,
1451,NVB,0.0,0.0,0.0,0.0,1.1358108520507812,,1.0008665323257446,0.0,0.0,
1452,NVB,0.0,0.0,0.0,0.0,1.6632007360458374,,1.000918745994568,0.0,0.0,
1453,NVB,0.0,0.0,0.0,0.0,1.27865469455719,,1.00187349319458,0.0,0.0,
1454,NVB,0.0,0.0,0.0,0.0,1.281670093536377,,1.0011169910430908,0.0,0.0,
1455,NVB,0.0,0.0,0.0,0.0,2.719019651412964,,1.0025392770767212,0.0,0.0,
1456,NVB,0.0,0.0,0.0,0.0,1.327559471130371,,1.001082420349121,0.0,0.0,
1457,NVB,0.0,0.0,0.0,0.0,0.6502050161361694,,1.0011872053146362,0.0,0.0,
1458,NVB,0.0,0.0,0.0,0.0,1.1814091205596924,,1.0015904903411863,0.0,0.0,
1459,NVB,0.0,0.0,0.0,0.0,0.7353347539901733,,1.0004643201828003,0.0,0.0,
1460,NVB,0.0,0.0,0.0,0.0,1.5626715421676636,,1.000993728637695,0.0,0.0,
1461,NVB,0.0,0.0,0.0,0.0,0.7318057417869568,,1.000396728515625,0.0,0.0,
1462,NVB,0.0,0.0,0.0,0.0,2.2428295612335205,,1.007853865623474,0.0,0.0,
1463,NVB,0.0,0.0,0.0,0.0,1.2003216743469238,,1.0018415451049805,0.0,0.0,
1464,NVB,0.0,0.0,0.0,0.0,2.474698066711426,,1.002675175666809,0.0,0.0,
1465,NVB,0.0,0.0,0.0,0.0,1.1677318811416626,,1.0041197538375854,0.0,0.0,
1466,NVB,0.0,0.0,0.0,0.0,0.7247373461723328,,1.0039961338043213,0.0,0.0,
1467,NVB,0.0,0.0,0.0,0.0,1.093706130981445,,1.0013024806976318,0.0,0.0,
1468,NVB,0.0,0.0,0.0,0.0,1.2427304983139038,,1.000979781150818,0.0,0.0,
1469,NVB,0.0,0.0,0.0,0.0,3.3661465644836426,,1.0043165683746338,0.0,0.0,
1470,NVB,0.0,0.0,0.0,0.0,1.0063406229019165,,1.0077857971191406,0.0,0.0,
1471,NVB,0.0,0.0,0.0,0.0,1.550862193107605,,1.0069565773010254,0.0,0.0,
1472,NVB,0.0,0.0,0.0,0.0,2.37469744682312,,1.0074161291122437,0.0,0.0,
1473,NVB,0.0,0.0,0.0,0.0,1.443062424659729,,1.001539945602417,0.0,0.0,
1474,NVB,0.0,0.0,0.0,0.0,1.964833378791809,,1.0015628337860107,0.0,0.0,
1475,NVB,0.0,0.0,0.0,0.0,2.052506446838379,,1.0071903467178345,0.0,0.0,
1476,NVB,0.0,0.0,0.0,0.0,1.5468473434448242,,1.001537561416626,0.0,0.0,
1477,NVB,0.0,0.0,0.0,0.0,1.3762444257736206,,1.0010191202163696,0.0,0.0,
1478,NVB,0.0,0.0,0.0,0.0,0.9014855027198792,,1.0059435367584229,0.0,0.0,
1479,NVB,0.0,0.0,0.0,0.0,1.7458575963974,,1.0007452964782717,0.0,0.0,
1480,NVB,0.0,0.0,0.0,0.0,2.345755100250244,,1.0046062469482422,0.0,0.0,
1481,NVB,0.0,0.0,0.0,0.0,2.152794599533081,,1.0037392377853394,0.0,0.0,
1482,NVB,0.0,0.0,0.0,0.0,3.0115761756896973,,1.0047763586044312,0.0,0.0,
1483,NVB,0.0,0.0,0.0,0.0,1.6771315336227417,,1.0018137693405151,0.0,0.0,
1484,NVB,0.0,0.0,0.0,0.0,1.2304925918579102,,1.0037024021148682,0.0,0.0,
1485,NVB,0.0,0.0,0.0,0.0,1.0618454217910769,,1.0022963285446167,0.0,0.0,
1486,NVB,0.0,0.0,0.0,0.0,1.638031244277954,,1.0010581016540527,0.0,0.0,
1487,NVB,0.0,0.0,0.0,0.0,0.6833143830299377,,1.0011906623840332,0.0,0.0,
1488,NVB,0.0,0.0,0.0,0.0,0.914155662059784,,1.001572608947754,0.0,0.0,
1489,NVB,0.0,0.0,0.0,0.0,2.221698760986328,,1.0009597539901731,0.0,0.0,
1490,NVB,0.0,0.0,0.0,0.0,0.5209156274795532,,1.0010608434677124,0.0,0.0,
1491,NVB,0.0,0.0,0.0,0.0,2.0911648273468018,,1.0015937089920044,0.0,0.0,
1492,NVB,0.0,0.0,0.0,0.0,3.4063680171966557,,1.0043845176696775,0.0,0.0,
1493,NVB,0.0,0.0,0.0,0.0,1.5542540550231934,,1.0027745962142944,0.0,0.0,
1494,NVB,0.0,0.0,0.0,0.0,2.683107614517212,,1.005416989326477,0.0,0.0,
1495,NVB,0.0,0.0,0.0,0.0,1.7632492780685425,,1.0009989738464355,0.0,0.0,
1496,NVB,0.0,0.0,0.0,0.0,0.919524312019348,,1.0012470483779907,0.0,0.0,
1497,NVB,0.0,0.0,0.0,0.0,1.2688950300216677,,1.0028626918792725,0.0,0.0,
1498,NVB,0.0,0.0,0.0,0.0,2.183516025543213,,1.0029616355895996,0.0,0.0,
1499,NVB,0.0,0.0,0.0,0.0,3.2117679119110107,,1.0041086673736572,0.0,0.0,
1500,NVB,0.0,0.0,0.0,0.0,0.8952017426490784,,1.0081353187561035,0.0,0.0,
1501,NVB,0.0,0.0,0.0,0.0,3.118614435195923,,1.0085902214050293,0.0,0.0,
1502,NVB,0.0,0.0,0.0,0.0,2.374296188354492,,1.0052977800369265,0.0,0.0,
1503,NVB,0.0,0.0,0.0,0.0,1.5737309455871582,,1.0028566122055054,0.0,0.0,
1504,NVB,0.0,0.0,0.0,0.0,3.96828818321228,,1.0041488409042358,0.0,0.0,
1505,NVB,0.0,0.0,0.0,0.0,2.2467470169067383,,1.0021711587905884,0.0,0.0,
1506,NVB,0.0,0.0,0.0,0.0,0.1976519525051117,,1.0027557611465454,0.0,0.0,
1507,NVB,0.0,0.0,0.0,0.0,2.0676825046539307,,1.0027532577514648,0.0,0.0,
1508,NVB,0.0,0.0,0.0,0.0,1.1549968719482422,,1.0024614334106443,0.0,0.0,
1509,NVB,0.0,0.0,0.0,0.0,1.646174073219299,,1.00164532661438,0.0,0.0,
1510,NVB,0.0,0.0,0.0,0.0,1.5160562992095947,,1.001482009887695,0.0,0.0,
1511,NVB,0.0,0.0,0.0,0.0,2.4353222846984863,,1.0014865398406982,0.0,0.0,
1512,NVB,0.0,0.0,0.0,0.0,1.5132454633712769,,1.0010656118392944,0.0,0.0,
1513,NVB,0.0,0.0,0.0,0.0,2.138188123703003,,1.0027633905410769,0.0,0.0,
1514,NVB,0.0,0.0,0.0,0.0,5.553172111511231,,1.0350830554962158,0.0,0.0,
1515,NVB,0.0,0.0,0.0,0.0,2.160207271575928,,1.0048266649246216,0.0,0.0,
1516,NVB,0.0,0.0,0.0,0.0,2.274625539779663,,1.0036213397979736,0.0,0.0,
1517,NVB,0.0,0.0,0.0,0.0,0.37146857380867,,1.002018928527832,0.0,0.0,
1518,NVB,0.0,0.0,0.0,0.0,1.3892464637756348,,1.0014429092407229,0.0,0.0,
1519,NVB,0.0,0.0,0.0,0.0,3.02966046333313,,1.0025473833084106,0.0,0.0,
1520,NVB,0.0,0.0,0.0,0.0,2.6257009506225586,,1.0029056072235107,0.0,0.0,
1521,NVB,0.0,0.0,0.0,0.0,5.586131572723389,,1.0074236392974854,0.0,0.0,
1522,NVB,0.0,0.0,0.0,0.0,4.395521640777588,,1.0068527460098269,0.0,0.0,
1523,NVB,0.0,0.0,0.0,0.0,5.823235034942627,,1.0105615854263306,0.0,0.0,
1524,NVB,0.0,0.0,0.0,0.0,2.9754791259765625,,1.002524971961975,0.0,0.0,
1525,NVB,0.0,0.0,0.0,0.0,2.565535068511963,,1.0042181015014648,0.0,0.0,
1526,NVB,0.0,0.0,0.0,0.0,1.5256764888763428,,1.0021295547485352,0.0,0.0,
1527,NVB,0.0,0.0,0.0,0.0,2.48276686668396,,1.00148606300354,0.0,0.0,
1528,NVB,0.0,0.0,0.0,0.0,0.3086547255516052,,1.0009597539901731,0.0,0.0,
1529,NVB,0.0,0.0,0.0,0.0,3.019737958908081,,1.0043343305587769,0.0,0.0,
1530,NVB,0.0,0.0,0.0,0.0,1.2361878156661987,,1.0013468265533447,0.0,0.0,
1531,NVB,0.0,0.0,0.0,0.0,1.0017664432525637,,1.001240849494934,0.0,0.0,
1532,NVB,0.0,0.0,0.0,0.0,0.3313505053520202,,1.0021618604660034,0.0,0.0,
1533,NVB,0.0,0.0,0.0,0.0,2.094034194946289,,1.012448787689209,0.0,0.0,
1534,NVB,0.0,0.0,0.0,0.0,1.1753523349761963,,1.0012081861495972,0.0,0.0,
1535,NVB,0.0,0.0,0.0,0.0,3.1512625217437744,,1.0064165592193604,0.0,0.0,
1536,NVB,0.0,0.0,0.0,0.0,1.4717272520065308,,1.0038034915924072,0.0,0.0,
1537,NVB,0.0,0.0,0.0,0.0,1.159724235534668,,1.002418041229248,0.0,0.0,
1538,NVB,0.0,0.0,0.0,0.0,0.5329251289367676,,1.0015227794647217,0.0,0.0,
1539,NVB,0.0,0.0,0.0,0.0,1.8068867921829224,,1.0062050819396973,0.0,0.0,
1540,NVB,0.0,0.0,0.0,0.0,2.473564386367798,,1.0069973468780518,0.0,0.0,
1541,NVB,0.0,0.0,0.0,0.0,3.2150914669036865,,1.0104384422302246,0.0,0.0,
1542,NVB,0.0,0.0,0.0,0.0,1.519286036491394,,1.000840425491333,0.0,0.0,
1543,NVB,0.0,0.0,0.0,0.0,2.889920949935913,,1.0018128156661987,0.0,0.0,
1544,NVB,0.0,0.0,0.0,0.0,2.06954288482666,,1.00170636177063,0.0,0.0,
1545,NVB,0.0,0.0,0.0,0.0,0.6696629524230957,,1.0074636936187744,0.0,0.0,
1546,NVB,0.0,0.0,0.0,0.0,2.6049046516418457,,1.0028446912765503,0.0,0.0,
1547,NVB,0.0,0.0,0.0,0.0,1.380447268486023,,1.0304224491119385,0.0,0.0,
1548,NVB,0.0,0.0,0.0,0.0,3.0194363594055176,,1.0026806592941284,0.0,0.0,
1549,NVB,0.0,0.0,0.0,0.0,1.8299540281295776,,1.0204123258590698,0.0,0.0,
1550,NVB,0.0,0.0,0.0,0.0,3.4971132278442383,,1.0030730962753296,0.0,0.0,
1551,NVB,0.0,0.0,0.0,0.0,4.429524421691895,,1.0070552825927734,0.0,0.0,
1552,NVB,0.0,0.0,0.0,0.0,3.5987343788146973,,1.0030542612075806,0.0,0.0,
1553,NVB,0.0,0.0,0.0,0.0,2.4001336097717285,,1.002947211265564,0.0,0.0,
1554,NVB,0.0,0.0,0.0,0.0,3.7927112579345694,,1.0129963159561155,0.0,0.0,
1555,NVB,0.0,0.0,0.0,0.0,3.660641670227051,,1.0032806396484375,0.0,0.0,
1556,NVB,0.0,0.0,0.0,0.0,2.7244620323181152,,1.001671552658081,0.0,0.0,
1557,NVB,0.0,0.0,0.0,0.0,3.0858874320983887,,1.0066293478012085,0.0,0.0,
1558,NVB,0.0,0.0,0.0,0.0,2.9009103775024414,,1.0028178691864014,0.0,0.0,
1559,NVB,0.0,0.0,0.0,0.0,4.309035778045654,,1.0033117532730105,0.0,0.0,
1560,NVB,0.0,0.0,0.0,0.0,2.3456778526306152,,1.0066319704055786,0.0,0.0,
1561,NVB,0.0,0.0,0.0,0.0,0.6130558848381042,,1.0026510953903198,0.0,0.0,
1562,NVB,0.0,0.0,0.0,0.0,3.4844353199005127,,1.02040433883667,0.0,0.0,
1563,NVB,0.0,0.0,0.0,0.0,5.392605781555176,,1.039805889129639,0.0,0.0,
1564,NVB,0.0,0.0,0.0,0.0,1.336154222488403,,1.0123858451843262,0.0,0.0,
1565,NVB,0.0,0.0,0.0,0.0,7.136188507080078,,1.009479284286499,0.0,0.0,
1566,NVB,0.0,0.0,0.0,0.0,4.365058422088623,,1.0060149431228638,0.0,0.0,
1567,NVB,0.0,0.0,0.0,0.0,1.2300007343292236,,1.0009292364120483,0.0,0.0,
1568,NVB,0.0,0.0,0.0,0.0,1.611064910888672,,1.0037299394607544,0.0,0.0,
1569,NVB,0.0,0.0,0.0,0.0,2.4391350746154785,,1.0018397569656372,0.0,0.0,
1570,NVB,0.0,0.0,0.0,0.0,1.1421438455581665,,1.0013864040374756,0.0,0.0,
1571,NVB,0.0,0.0,0.0,0.0,2.049713611602783,,1.004053235054016,0.0,0.0,
1572,NVB,0.0,0.0,0.0,0.0,1.937844038009644,,1.0133099555969238,0.0,0.0,
1573,NVB,0.0,0.0,0.0,0.0,1.978657960891724,,1.000935673713684,0.0,0.0,
1574,NVB,0.0,0.0,0.0,0.0,0.5860503911972046,,1.0030478239059448,0.0,0.0,
1575,NVB,0.0,0.0,0.0,0.0,2.581307888031006,,1.003131628036499,0.0,0.0,
1576,NVB,0.0,0.0,0.0,0.0,2.384249448776245,,1.0029476881027222,0.0,0.0,
1577,NVB,0.0,0.0,0.0,0.0,1.9880841970443728,,1.001504898071289,0.0,0.0,
1578,NVB,0.0,0.0,0.0,0.0,0.4494036436080932,,1.0004781484603882,0.0,0.0,
1579,NVB,0.0,0.0,0.0,0.0,1.8401421308517456,,1.0021647214889526,0.0,0.0,
1580,NVB,0.0,0.0,0.0,0.0,0.66844642162323,,1.0012603998184204,0.0,0.0,
1581,NVB,0.0,0.0,0.0,0.0,1.8016709089279173,,1.0026888847351074,0.0,0.0,
1582,NVB,0.0,0.0,0.0,0.0,1.3525046110153198,,1.00129234790802,0.0,0.0,
1583,NVB,0.0,0.0,0.0,0.0,4.027482032775879,,1.005259990692139,0.0,0.0,
1584,NVB,0.0,0.0,0.0,0.0,1.3254529237747192,,1.002694010734558,0.0,0.0,
1585,NVB,0.0,0.0,0.0,0.0,0.810283362865448,,1.00299870967865,0.0,0.0,
1586,NVB,0.0,0.0,0.0,0.0,0.9757651090621948,,1.001615285873413,0.0,0.0,
1587,NVB,0.0,0.0,0.0,0.0,1.5901591777801514,,1.0018335580825806,0.0,0.0,
1588,NVB,0.0,0.0,0.0,0.0,0.7657831907272339,,1.002779245376587,0.0,0.0,
1589,NVB,0.0,0.0,0.0,0.0,0.2383091151714325,,1.0021615028381348,0.0,0.0,
1590,NVB,0.0,0.0,0.0,0.0,0.2414924949407577,,1.0003197193145752,0.0,0.0,
1591,NVB,0.0,0.0,0.0,0.0,0.3316390812397003,,1.0035659074783323,0.0,0.0,
1592,NVB,0.0,0.0,0.0,0.0,3.851608276367188,,1.0040857791900637,0.0,0.0,
1593,NVB,0.0,0.0,0.0,0.0,1.3888965845108032,,1.000977873802185,0.0,0.0,
1594,NVB,0.0,0.0,0.0,0.0,1.3246415853500366,,1.0042157173156738,0.0,0.0,
1595,NVB,0.0,0.0,0.0,0.0,2.938725709915161,,1.0144999027252195,0.0,0.0,
1596,NVB,0.0,0.0,0.0,0.0,1.6746994256973269,,1.0030534267425537,0.0,0.0,
1597,NVB,0.0,0.0,0.0,0.0,1.789397358894348,,1.0010261535644531,0.0,0.0,
1598,NVB,0.0,0.0,0.0,0.0,1.5276477336883545,,1.0012779235839844,0.0,0.0,
1599,NVB,0.0,0.0,0.0,0.0,7.52764081954956,,1.0425221920013428,0.0,0.0,
1600,NVB,0.0,0.0,0.0,0.0,2.1703989505767822,,1.0050337314605713,0.0,0.0,
1601,NVB,0.0,0.0,0.0,0.0,4.988471031188965,,1.03587543964386,0.0,0.0,
1602,NVB,0.0,0.0,0.0,0.0,1.2150756120681765,,1.0046063661575315,0.0,0.0,
1603,NVB,0.0,0.0,0.0,0.0,2.105957508087158,,1.0011459589004517,0.0,0.0,
1604,NVB,0.0,0.0,0.0,0.0,2.910891056060791,,1.0018879175186155,0.0,0.0,
1605,NVB,0.0,0.0,0.0,0.0,1.5974615812301636,,1.0015931129455566,0.0,0.0,
1606,NVB,0.0,0.0,0.0,0.0,1.8080155849456787,,1.0012412071228027,0.0,0.0,
1607,NVB,0.0,0.0,0.0,0.0,1.2840015888214111,,1.0003886222839355,0.0,0.0,
1608,NVB,0.0,0.0,0.0,0.0,1.8446531295776367,,1.002019286155701,0.0,0.0,
1609,NVB,0.0,0.0,0.0,0.0,3.7970919609069824,,1.0116702318191528,0.0,0.0,
1610,NVB,0.0,0.0,0.0,0.0,5.539566040039063,,1.0251696109771729,0.0,0.0,
1611,NVB,0.0,0.0,0.0,0.0,4.282991409301758,,1.0114195346832275,0.0,0.0,
1612,NVB,0.0,0.0,0.0,0.0,3.182912349700928,,1.006576657295227,0.0,0.0,
1613,NVB,0.0,0.0,0.0,0.0,3.1150341033935547,,1.0073567628860474,0.0,0.0,
1614,NVB,0.0,0.0,0.0,0.0,4.14241361618042,,1.0092424154281616,0.0,0.0,
1615,NVB,0.0,0.0,0.0,0.0,2.7453205585479736,,1.0037593841552734,0.0,0.0,
1616,NVB,0.0,0.0,0.0,0.0,2.1142706871032715,,1.0261720418930054,0.0,0.0,
1617,NVB,0.0,0.0,0.0,0.0,2.0002827644348145,,1.005446434020996,0.0,0.0,
1618,NVB,0.0,0.0,0.0,0.0,4.461633205413818,,1.0499597787857056,0.0,0.0,
1619,NVB,0.0,0.0,0.0,0.0,2.254287004470825,,1.0095454454421997,0.0,0.0,
1620,NVB,0.0,0.0,0.0,0.0,3.121427059173584,,1.0210206508636477,0.0,0.0,
1621,NVB,0.0,0.0,0.0,0.0,4.426825046539307,,1.008432388305664,0.0,0.0,
1622,NVB,0.0,0.0,0.0,0.0,5.109127521514893,,1.0148407220840454,0.0,0.0,
1623,NVB,0.0,0.0,0.0,0.0,1.649496078491211,,1.0014268159866333,0.0,0.0,
1624,NVB,0.0,0.0,0.0,0.0,1.08660888671875,,1.0023066997528076,0.0,0.0,
1625,NVB,0.0,0.0,0.0,0.0,2.72334098815918,,1.0023411512374878,0.0,0.0,
1626,NVB,0.0,0.0,0.0,0.0,0.6541142463684082,,1.0016083717346191,0.0,0.0,
1627,NVB,0.0,0.0,0.0,0.0,0.9265618920326232,,1.0073864459991455,0.0,0.0,
1628,NVB,0.0,0.0,0.0,0.0,1.5388097763061523,,1.0012717247009275,0.0,0.0,
1629,NVB,0.0,0.0,0.0,0.0,2.055484771728516,,1.000969171524048,0.0,0.0,
1630,NVB,0.0,0.0,0.0,0.0,1.768758773803711,,1.0006670951843262,0.0,0.0,
1631,NVB,0.0,0.0,0.0,0.0,1.0078285932540894,,1.0015088319778442,0.0,0.0,
1632,NVB,0.0,0.0,0.0,0.0,2.536507129669189,,1.0070734024047852,0.0,0.0,
1633,NVB,0.0,0.0,0.0,0.0,0.8425700664520264,,1.005574107170105,0.0,0.0,
1634,NVB,0.0,0.0,0.0,0.0,0.1180011928081512,,1.0064513683319092,0.0,0.0,
1635,NVB,0.0,0.0,0.0,0.0,1.573764085769653,,1.0018625259399414,0.0,0.0,
1636,NVB,0.0,0.0,0.0,0.0,4.011012554168701,,1.003884196281433,0.0,0.0,
1637,NVB,0.0,0.0,0.0,0.0,2.8634228706359863,,1.0015664100646973,0.0,0.0,
1638,NVB,0.0,0.0,0.0,0.0,2.481771230697632,,1.0032979249954224,0.0,0.0,
1639,NVB,0.0,0.0,0.0,0.0,0.5496343374252319,,1.0045686960220337,0.0,0.0,
1640,NVB,0.0,0.0,0.0,0.0,4.464622497558594,,1.009379744529724,0.0,0.0,
1641,NVB,0.0,0.0,0.0,0.0,2.099045515060425,,1.0032798051834106,0.0,0.0,
1642,NVB,0.0,0.0,0.0,0.0,2.158423662185669,,1.0023983716964722,0.0,0.0,
1643,NVB,0.0,0.0,0.0,0.0,0.5262361168861389,,1.0046827793121338,0.0,0.0,
1644,NVB,0.0,0.0,0.0,0.0,2.5799882411956787,,1.0049294233322144,0.0,0.0,
1645,NVB,0.0,0.0,0.0,0.0,1.7876207828521729,,1.001695990562439,0.0,0.0,
1646,NVB,0.0,0.0,0.0,0.0,3.645054340362549,,1.004160761833191,0.0,0.0,
1647,NVB,0.0,0.0,0.0,0.0,1.503237247467041,,1.0048117637634275,0.0,0.0,
1648,NVB,0.0,0.0,0.0,0.0,1.684347152709961,,1.002085566520691,0.0,0.0,
1649,NVB,0.0,0.0,0.0,0.0,0.3835912644863128,,1.0006598234176636,0.0,0.0,
1650,NVB,0.0,0.0,0.0,0.0,1.7351038455963137,,1.001086711883545,0.0,0.0,
1651,NVB,0.0,0.0,0.0,0.0,1.2337684631347656,,1.0017099380493164,0.0,0.0,
1652,NVB,0.0,0.0,0.0,0.0,2.2934069633483887,,1.0037920475006104,0.0,0.0,
1653,NVB,0.0,0.0,0.0,0.0,3.1754963397979736,,1.0044105052947998,0.0,0.0,
1654,NVB,0.0,0.0,0.0,0.0,3.196887969970703,,1.0037742853164673,0.0,0.0,
1655,NVB,0.0,0.0,0.0,0.0,0.8731884956359863,,1.0027759075164795,0.0,0.0,
1656,NVB,0.0,0.0,0.0,0.0,0.4989450573921203,,1.0013152360916138,0.0,0.0,
1657,NVB,0.0,0.0,0.0,0.0,1.6169679164886477,,1.0022639036178589,0.0,0.0,
1658,NVB,0.0,0.0,0.0,0.0,9.43296241760254,,1.0690006017684937,0.0,0.0,
1659,NVB,0.0,0.0,0.0,0.0,2.5103864669799805,,1.0028287172317505,0.0,0.0,
1660,NVB,0.0,0.0,0.0,0.0,1.6110854148864746,,1.0034797191619873,0.0,0.0,
1661,NVB,0.0,0.0,0.0,0.0,1.1947643756866455,,1.0074338912963867,0.0,0.0,
1662,NVB,0.0,0.0,0.0,0.0,2.9688425064086914,,1.0043190717697144,0.0,0.0,
1663,NVB,0.0,0.0,0.0,0.0,1.6866464614868164,,1.0024831295013428,0.0,0.0,
1664,NVB,0.0,0.0,0.0,0.0,1.3851006031036377,,1.0037223100662231,0.0,0.0,
1665,NVB,0.0,0.0,0.0,0.0,1.6723507642745972,,1.003454566001892,0.0,0.0,
1666,NVB,0.0,0.0,0.0,0.0,1.0532444715499878,,1.0004416704177856,0.0,0.0,
1667,NVB,0.0,0.0,0.0,0.0,1.6850850582122805,,1.0008087158203125,0.0,0.0,
1668,NVB,0.0,0.0,0.0,0.0,1.216697096824646,,1.0012569427490234,0.0,0.0,
1669,NVB,0.0,0.0,0.0,0.0,0.6382209658622742,,1.0020207166671753,0.0,0.0,
1670,NVB,0.0,0.0,0.0,0.0,0.4198625385761261,,1.001376748085022,0.0,0.0,
1671,NVB,0.0,0.0,0.0,0.0,1.243437647819519,,1.0088707208633425,0.0,0.0,
1672,NVB,0.0,0.0,0.0,0.0,0.2935248613357544,,1.000436544418335,0.0,0.0,
1673,NVB,0.0,0.0,0.0,0.0,1.6045136451721191,,1.001266360282898,0.0,0.0,
1674,NVB,0.0,0.0,0.0,0.0,1.0137859582901,,1.0018291473388672,0.0,0.0,
1675,NVB,0.0,0.0,0.0,0.0,1.0274899005889893,,1.001855731010437,0.0,0.0,
1676,NVB,0.0,0.0,0.0,0.0,2.997923851013184,,1.003390908241272,0.0,0.0,
1677,NVB,0.0,0.0,0.0,0.0,1.1986695528030396,,1.0019571781158447,0.0,0.0,
1678,NVB,0.0,0.0,0.0,0.0,0.8343659043312073,,1.0013020038604736,0.0,0.0,
1679,NVB,0.0,0.0,0.0,0.0,1.8859474658966064,,1.003435730934143,0.0,0.0,
1680,NVB,0.0,0.0,0.0,0.0,1.9479777812957764,,1.0024733543395996,0.0,0.0,
1681,NVB,0.0,0.0,0.0,0.0,1.4693738222122192,,1.0040743350982666,0.0,0.0,
1682,NVB,0.0,0.0,0.0,0.0,1.0191287994384766,,1.0165016651153564,0.0,0.0,
1683,NVB,0.0,0.0,0.0,0.0,1.2288247346878052,,1.0014442205429075,0.0,0.0,
1684,NVB,0.0,0.0,0.0,0.0,2.629661798477173,,1.0175843238830566,0.0,0.0,
1685,NVB,0.0,0.0,0.0,0.0,3.395383596420288,,1.0083236694335938,0.0,0.0,
1686,NVB,0.0,0.0,0.0,0.0,1.0964996814727783,,1.0006576776504517,0.0,0.0,
1687,NVB,0.0,0.0,0.0,0.0,2.521958112716675,,1.0035006999969482,0.0,0.0,
1688,NVB,0.0,0.0,0.0,0.0,2.3747146129608154,,1.0021555423736572,0.0,0.0,
1689,NVB,0.0,0.0,0.0,0.0,1.867266297340393,,1.0028204917907717,0.0,0.0,
1690,NVB,0.0,0.0,0.0,0.0,1.1022309064865112,,1.0013738870620728,0.0,0.0,
1691,NVB,0.0,0.0,0.0,0.0,1.3710246086120603,,1.001095414161682,0.0,0.0,
1692,NVB,0.0,0.0,0.0,0.0,1.0327376127243042,,1.0015133619308472,0.0,0.0,
1693,NVB,0.0,0.0,0.0,0.0,1.053562045097351,,1.0007567405700684,0.0,0.0,
1694,NVB,0.0,0.0,0.0,0.0,0.3178199231624603,,1.0006422996520996,0.0,0.0,
1695,NVB,0.0,0.0,0.0,0.0,1.4864635467529297,,1.0017194747924805,0.0,0.0,
1696,NVB,0.0,0.0,0.0,0.0,0.7233181595802307,,1.0004096031188965,0.0,0.0,
1697,NVB,0.0,0.0,0.0,0.0,1.1611907482147217,,1.0016945600509644,0.0,0.0,
1698,NVB,0.0,0.0,0.0,0.0,0.6229766011238098,,1.0013121366500854,0.0,0.0,
1699,NVB,0.0,0.0,0.0,0.0,2.5861172676086426,,1.0150591135025024,0.0,0.0,
1700,NVB,0.0,0.0,0.0,0.0,2.7246036529541016,,1.0051627159118652,0.0,0.0,
1701,NVB,0.0,0.0,0.0,0.0,1.0701390504837036,,1.002329707145691,0.0,0.0,
1702,NVB,0.0,0.0,0.0,0.0,0.5376899242401123,,1.0007811784744265,0.0,0.0,
1703,NVB,0.0,0.0,0.0,0.0,2.2658417224884038,,1.0038609504699707,0.0,0.0,
1704,NVB,0.0,0.0,0.0,0.0,1.9085509777069087,,1.0024241209030151,0.0,0.0,
1705,NVB,0.0,0.0,0.0,0.0,2.3182389736175537,,1.004806637763977,0.0,0.0,
1706,NVB,0.0,0.0,0.0,0.0,2.033175230026245,,1.006152629852295,0.0,0.0,
1707,NVB,0.0,0.0,0.0,0.0,3.9423367977142334,,1.0170331001281738,0.0,0.0,
1708,NVB,0.0,0.0,0.0,0.0,1.5245568752288818,,1.0011385679244995,0.0,0.0,
1709,NVB,0.0,0.0,0.0,0.0,1.8641960620880127,,1.0023709535598757,0.0,0.0,
1710,NVB,0.0,0.0,0.0,0.0,0.8089622259140015,,1.001400589942932,0.0,0.0,
1711,NVB,0.0,0.0,0.0,0.0,2.61745285987854,,1.0028278827667236,0.0,0.0,
1712,NVB,0.0,0.0,0.0,0.0,0.50628662109375,,1.0074408054351809,0.0,0.0,
1713,NVB,0.0,0.0,0.0,0.0,1.3245880603790283,,1.0007911920547483,0.0,0.0,
1714,NVB,0.0,0.0,0.0,0.0,3.0686912536621094,,1.0019980669021606,0.0,0.0,
1715,NVB,0.0,0.0,0.0,0.0,1.4953477382659912,,1.0027073621749878,0.0,0.0,
1716,NVB,0.0,0.0,0.0,0.0,2.478424549102783,,1.0047738552093506,0.0,0.0,
1717,NVB,0.0,0.0,0.0,0.0,0.9177656173706056,,1.0009478330612185,0.0,0.0,
1718,NVB,0.0,0.0,0.0,0.0,0.6374335289001465,,1.0007768869400024,0.0,0.0,
1719,NVB,0.0,0.0,0.0,0.0,2.8386383056640625,,1.0043883323669434,0.0,0.0,
1720,NVB,0.0,0.0,0.0,0.0,2.1818459033966064,,1.0027552843093872,0.0,0.0,
1721,NVB,0.0,0.0,0.0,0.0,1.0049866437911987,,1.0019513368606567,0.0,0.0,
1722,NVB,0.0,0.0,0.0,0.0,4.717377185821533,,1.010687232017517,0.0,0.0,
1723,NVB,0.0,0.0,0.0,0.0,2.4818127155303955,,1.010488986968994,0.0,0.0,
1724,NVB,0.0,0.0,0.0,0.0,0.7421488761901855,,1.000692367553711,0.0,0.0,
1725,NVB,0.0,0.0,0.0,0.0,1.0238685607910156,,1.0017074346542358,0.0,0.0,
1726,NVB,0.0,0.0,0.0,0.0,1.6233144998550415,,1.0027183294296265,0.0,0.0,
1727,NVB,0.0,0.0,0.0,0.0,0.7098628282546997,,1.0041123628616333,0.0,0.0,
1728,NVB,0.0,0.0,0.0,0.0,0.4901984930038452,,1.0036247968673706,0.0,0.0,
1729,NVB,0.0,0.0,0.0,0.0,1.5460448265075684,,1.0077849626541138,0.0,0.0,
1730,NVB,0.0,0.0,0.0,0.0,2.2038042545318604,,1.0139669179916382,0.0,0.0,
1731,NVB,0.0,0.0,0.0,0.0,0.2230341583490371,,1.000904560089111,0.0,0.0,
1732,NVB,0.0,0.0,0.0,0.0,2.311686992645264,,1.0025677680969238,0.0,0.0,
1733,NVB,0.0,0.0,0.0,0.0,0.8701568841934204,,1.0047277212142944,0.0,0.0,
1734,NVB,0.0,0.0,0.0,0.0,0.8239196538925171,,1.0004655122756958,0.0,0.0,
1735,NVB,0.0,0.0,0.0,0.0,2.483675479888916,,1.0015534162521362,0.0,0.0,
1736,NVB,0.0,0.0,0.0,0.0,1.723416090011597,,1.001750111579895,0.0,0.0,
1737,NVB,0.0,0.0,0.0,0.0,2.83550238609314,,1.0097163915634155,0.0,0.0,
1738,NVB,0.0,0.0,0.0,0.0,2.6838414669036865,,1.003461480140686,0.0,0.0,
1739,NVB,0.0,0.0,0.0,0.0,0.7459793090820312,,1.0026448965072632,0.0,0.0,
1740,NVB,0.0,0.0,0.0,0.0,2.048560857772827,,1.0013046264648438,0.0,0.0,
1741,NVB,0.0,0.0,0.0,0.0,0.7718003988265991,,1.001889705657959,0.0,0.0,
1742,NVB,0.0,0.0,0.0,0.0,0.6260945796966553,,1.0014835596084597,0.0,0.0,
1743,NVB,0.0,0.0,0.0,0.0,1.394390106201172,,1.0022186040878296,0.0,0.0,
1744,NVB,0.0,0.0,0.0,0.0,1.5540279150009155,,1.000644326210022,0.0,0.0,
1745,NVB,0.0,0.0,0.0,0.0,2.232074022293091,,1.001173973083496,0.0,0.0,
1746,NVB,0.0,0.0,0.0,0.0,2.5191166400909424,,1.0038796663284302,0.0,0.0,
1747,NVB,0.0,0.0,0.0,0.0,0.7568071484565735,,1.0006437301635742,0.0,0.0,
1748,NVB,0.0,0.0,0.0,0.0,1.5959298610687256,,1.0030187368392944,0.0,0.0,
1749,NVB,0.0,0.0,0.0,0.0,4.398430824279785,,1.0214579105377195,0.0,0.0,
1750,NVB,0.0,0.0,0.0,0.0,1.6684080362319946,,1.0023305416107178,0.0,0.0,
1751,NVB,0.0,0.0,0.0,0.0,4.120420932769775,,1.0179930925369265,0.0,0.0,
1752,NVB,0.0,0.0,0.0,0.0,1.659147024154663,,1.0041626691818235,0.0,0.0,
1753,NVB,0.0,0.0,0.0,0.0,1.423431158065796,,1.003435730934143,0.0,0.0,
1754,NVB,0.0,0.0,0.0,0.0,2.8298327922821045,,1.0073314905166626,0.0,0.0,
1755,NVB,0.0,0.0,0.0,0.0,1.7513093948364258,,1.0186721086502075,0.0,0.0,
1756,NVB,0.0,0.0,0.0,0.0,0.9747999310493468,,1.0011016130447388,0.0,0.0,
1757,NVB,0.0,0.0,0.0,0.0,2.3306150436401367,,1.0026158094406128,0.0,0.0,
1758,NVB,0.0,0.0,0.0,0.0,0.852759599685669,,1.0019123554229736,0.0,0.0,
1759,NVB,0.0,0.0,0.0,0.0,1.543521523475647,,1.0010077953338623,0.0,0.0,
1760,NVB,0.0,0.0,0.0,0.0,0.9565238356590272,,1.0004863739013672,0.0,0.0,
1761,NVB,0.0,0.0,0.0,0.0,2.751091241836548,,1.0143049955368042,0.0,0.0,
1762,NVB,0.0,0.0,0.0,0.0,2.179853916168213,,1.0152685642242432,0.0,0.0,
1763,NVB,0.0,0.0,0.0,0.0,1.973770022392273,,1.0044145584106443,0.0,0.0,
1764,NVB,0.0,0.0,0.0,0.0,1.2179909944534302,,1.0032490491867063,0.0,0.0,
1765,NVB,0.0,0.0,0.0,0.0,1.4204436540603638,,1.0013481378555298,0.0,0.0,
1766,NVB,0.0,0.0,0.0,0.0,1.5169402360916138,,1.0008636713027954,0.0,0.0,
1767,NVB,0.0,0.0,0.0,0.0,1.3031229972839355,,1.0014976263046265,0.0,0.0,
1768,NVB,0.0,0.0,0.0,0.0,1.4056423902511597,,1.0013285875320437,0.0,0.0,
1769,NVB,0.0,0.0,0.0,0.0,2.780097246170044,,1.0058751106262207,0.0,0.0,
1770,NVB,0.0,0.0,0.0,0.0,4.532045364379883,,1.0208567380905151,0.0,0.0,
1771,NVB,0.0,0.0,0.0,0.0,1.366834044456482,,1.0014303922653198,0.0,0.0,
1772,NVB,0.0,0.0,0.0,0.0,0.6490238308906555,,1.00203275680542,0.0,0.0,
1773,NVB,0.0,0.0,0.0,0.0,1.930762529373169,,1.0016677379608154,0.0,0.0,
1774,NVB,0.0,0.0,0.0,0.0,1.8477147817611692,,1.0011969804763794,0.0,0.0,
1775,NVB,0.0,0.0,0.0,0.0,1.962800145149231,,1.0043339729309082,0.0,0.0,
1776,NVB,0.0,0.0,0.0,0.0,1.2570266723632812,,1.00516939163208,0.0,0.0,
1777,NVB,0.0,0.0,0.0,0.0,1.8049468994140625,,1.0011048316955566,0.0,0.0,
1778,NVB,0.0,0.0,0.0,0.0,2.4308419227600098,,1.001933217048645,0.0,0.0,
1779,NVB,0.0,0.0,0.0,0.0,1.614885330200195,,1.0058470964431765,0.0,0.0,
1780,NVB,0.0,0.0,0.0,0.0,1.0302387475967407,,1.0043752193450928,0.0,0.0,
1781,NVB,0.0,0.0,0.0,0.0,1.4633647203445437,,1.002607822418213,0.0,0.0,
1782,NVB,0.0,0.0,0.0,0.0,0.9581042528152466,,1.002121090888977,0.0,0.0,
1783,NVB,0.0,0.0,0.0,0.0,2.3624589443206787,,1.002297282218933,0.0,0.0,
1784,NVB,0.0,0.0,0.0,0.0,1.6462161540985107,,1.0027457475662231,0.0,0.0,
1785,NVB,0.0,0.0,0.0,0.0,0.6356337070465088,,1.000540852546692,0.0,0.0,
1786,NVB,0.0,0.0,0.0,0.0,2.5567398071289062,,1.007340908050537,0.0,0.0,
1787,NVB,0.0,0.0,0.0,0.0,2.295830249786377,,1.0019184350967407,0.0,0.0,
1788,NVB,0.0,0.0,0.0,0.0,1.1318622827529907,,1.0018279552459717,0.0,0.0,
1789,NVB,0.0,0.0,0.0,0.0,1.8029484748840328,,1.0078355073928833,0.0,0.0,
1790,NVB,0.0,0.0,0.0,0.0,0.4786272644996643,,1.007883071899414,0.0,0.0,
1791,NVB,0.0,0.0,0.0,0.0,0.6296671032905579,,1.002083659172058,0.0,0.0,
1792,NVB,0.0,0.0,0.0,0.0,0.7642725706100464,,1.0019285678863523,0.0,0.0,
1793,NVB,0.0,0.0,0.0,0.0,1.56572163105011,,1.0016273260116575,0.0,0.0,
1794,NVB,0.0,0.0,0.0,0.0,1.1664985418319702,,1.0023249387741089,0.0,0.0,
1795,NVB,0.0,0.0,0.0,0.0,1.915538430213928,,1.0120151042938232,0.0,0.0,
1796,NVB,0.0,0.0,0.0,0.0,0.406301885843277,,1.0030232667922974,0.0,0.0,
1797,NVB,0.0,0.0,0.0,0.0,2.760694026947021,,1.0040873289108276,0.0,0.0,
1798,NVB,0.0,0.0,0.0,0.0,0.9747539758682252,,1.0048741102218628,0.0,0.0,
1799,NVB,0.0,0.0,0.0,0.0,2.293428659439087,,1.0013411045074463,0.0,0.0,
1800,NVB,0.0,0.0,0.0,0.0,1.797616958618164,,1.00125253200531,0.0,0.0,
1801,NVB,0.0,0.0,0.0,0.0,2.269292116165161,,1.0051153898239136,0.0,0.0,
1802,NVB,0.0,0.0,0.0,0.0,1.3407514095306396,,1.000606894493103,0.0,0.0,
1803,NVB,0.0,0.0,0.0,0.0,2.2422800064086914,,1.0130969285964966,0.0,0.0,
1804,NVB,0.0,0.0,0.0,0.0,1.228635549545288,,1.003949522972107,0.0,0.0,
1805,NVB,0.0,0.0,0.0,0.0,2.2049672603607178,,1.002747893333435,0.0,0.0,
1806,NVB,0.0,0.0,0.0,0.0,2.202544927597046,,1.0074917078018188,0.0,0.0,
1807,NVB,0.0,0.0,0.0,0.0,1.1181784868240356,,1.0057035684585571,0.0,0.0,
1808,NVB,0.0,0.0,0.0,0.0,2.898356914520264,,1.0213030576705933,0.0,0.0,
1809,NVB,0.0,0.0,0.0,0.0,4.973358631134033,,1.0075747966766355,0.0,0.0,
1810,NVB,0.0,0.0,0.0,0.0,1.4695992469787598,,1.00377094745636,0.0,0.0,
1811,NVB,0.0,0.0,0.0,0.0,2.052928924560547,,1.0045424699783323,0.0,0.0,
1812,NVB,0.0,0.0,0.0,0.0,0.650626540184021,,1.00412118434906,0.0,0.0,
1813,NVB,0.0,0.0,0.0,0.0,3.13791823387146,,1.003112554550171,0.0,0.0,
1814,NVB,0.0,0.0,0.0,0.0,0.827039361000061,,1.0031967163085938,0.0,0.0,
1815,NVB,0.0,0.0,0.0,0.0,2.614278554916382,,1.0031030178070068,0.0,0.0,
1816,NVB,0.0,0.0,0.0,0.0,0.3211369812488556,,1.001406192779541,0.0,0.0,
1817,NVB,0.0,0.0,0.0,0.0,2.5872137546539307,,1.006419062614441,0.0,0.0,
1818,NVB,0.0,0.0,0.0,0.0,1.397878885269165,,1.005494475364685,0.0,0.0,
1819,NVB,0.0,0.0,0.0,0.0,0.9166210293769836,,1.0016132593154907,0.0,0.0,
1820,NVB,0.0,0.0,0.0,0.0,2.384217500686645,,1.0030063390731812,0.0,0.0,
1821,NVB,0.0,0.0,0.0,0.0,2.018705368041992,,1.0021750926971436,0.0,0.0,
1822,NVB,0.0,0.0,0.0,0.0,0.4641169905662536,,1.001623034477234,0.0,0.0,
1823,NVB,0.0,0.0,0.0,0.0,1.7743784189224243,,1.001918911933899,0.0,0.0,
1824,NVB,0.0,0.0,0.0,0.0,2.630561590194702,,1.004180669784546,0.0,0.0,
1825,NVB,0.0,0.0,0.0,0.0,0.6310074329376221,,1.001500964164734,0.0,0.0,
1826,NVB,0.0,0.0,0.0,0.0,1.807587027549744,,1.0066338777542114,0.0,0.0,
1827,NVB,0.0,0.0,0.0,0.0,2.0303070545196533,,1.0033607482910156,0.0,0.0,
1828,NVB,0.0,0.0,0.0,0.0,0.9828476905822754,,1.001765489578247,0.0,0.0,
1829,NVB,0.0,0.0,0.0,0.0,2.142738342285156,,1.002544403076172,0.0,0.0,
1830,NVB,0.0,0.0,0.0,0.0,0.7835192680358887,,1.000810146331787,0.0,0.0,
1831,NVB,0.0,0.0,0.0,0.0,1.1357873678207395,,1.0008805990219116,0.0,0.0,
1832,NVB,0.0,0.0,0.0,0.0,0.5440555214881897,,1.0025081634521484,0.0,0.0,
1833,NVB,0.0,0.0,0.0,0.0,2.1894240379333496,,1.0022189617156982,0.0,0.0,
1834,NVB,0.0,0.0,0.0,0.0,6.53227424621582,,1.0330429077148438,0.0,0.0,
1835,NVB,0.0,0.0,0.0,0.0,1.708607196807861,,1.0026731491088867,0.0,0.0,
1836,NVB,0.0,0.0,0.0,0.0,1.255015254020691,,1.0016331672668457,0.0,0.0,
1837,NVB,0.0,0.0,0.0,0.0,1.420084834098816,,1.005544662475586,0.0,0.0,
1838,NVB,0.0,0.0,0.0,0.0,1.453572392463684,,1.004584789276123,0.0,0.0,
1839,NVB,0.0,0.0,0.0,0.0,2.9623234272003174,,1.0043120384216309,0.0,0.0,
1840,NVB,0.0,0.0,0.0,0.0,8.352912902832031,,1.0336880683898926,0.0,0.0,
1841,NVB,0.0,0.0,0.0,0.0,1.0500121116638184,,1.0034942626953125,0.0,0.0,
1842,NVB,0.0,0.0,0.0,0.0,1.4631764888763428,,1.0071606636047363,0.0,0.0,
1843,NVB,0.0,0.0,0.0,0.0,1.2931634187698364,,1.0023460388183594,0.0,0.0,
1844,NVB,0.0,0.0,0.0,0.0,0.7907546162605286,,1.004577875137329,0.0,0.0,
1845,NVB,0.0,0.0,0.0,0.0,4.163746356964111,,1.0060211420059204,0.0,0.0,
1846,NVB,0.0,0.0,0.0,0.0,0.8116958737373352,,1.0023081302642822,0.0,0.0,
1847,NVB,0.0,0.0,0.0,0.0,1.4930059909820557,,1.007280707359314,0.0,0.0,
1848,NVB,0.0,0.0,0.0,0.0,3.010490894317627,,1.0079833269119265,0.0,0.0,
1849,NVB,0.0,0.0,0.0,0.0,3.57711124420166,,1.005661964416504,0.0,0.0,
1850,NVB,0.0,0.0,0.0,0.0,1.74105966091156,,1.009833574295044,0.0,0.0,
1851,NVB,0.0,0.0,0.0,0.0,2.9287445545196533,,1.0295262336730957,0.0,0.0,
1852,NVB,0.0,0.0,0.0,0.0,1.582066774368286,,1.0049817562103271,0.0,0.0,
1853,NVB,0.0,0.0,0.0,0.0,4.64762020111084,,1.0092467069625854,0.0,0.0,
1854,NVB,0.0,0.0,0.0,0.0,2.961137533187866,,1.0174174308776855,0.0,0.0,
1855,NVB,0.0,0.0,0.0,0.0,2.7297866344451904,,1.0131527185440063,0.0,0.0,
1856,NVB,0.0,0.0,0.0,0.0,2.902872323989868,,1.004720687866211,0.0,0.0,
1857,NVB,0.0,0.0,0.0,0.0,5.841809749603272,,1.0257679224014282,0.0,0.0,
1858,NVB,0.0,0.0,0.0,0.0,0.6286956667900085,,1.004817247390747,0.0,0.0,
1859,NVB,0.0,0.0,0.0,0.0,1.7302451133728027,,1.0050989389419556,0.0,0.0,
1860,NVB,0.0,0.0,0.0,0.0,4.288242340087891,,1.0117416381835938,0.0,0.0,
1861,NVB,0.0,0.0,0.0,0.0,3.648459196090698,,1.009972095489502,0.0,0.0,
1862,NVB,0.0,0.0,0.0,0.0,5.270569801330566,,1.0091068744659424,0.0,0.0,
1863,NVB,0.0,0.0,0.0,0.0,0.5937987565994263,,1.0015910863876345,0.0,0.0,
1864,NVB,0.0,0.0,0.0,0.0,2.439596652984619,,1.0017439126968384,0.0,0.0,
1865,NVB,0.0,0.0,0.0,0.0,0.5091367959976196,,1.0004476308822632,0.0,0.0,
1866,NVB,0.0,0.0,0.0,0.0,2.0082883834838867,,1.0015552043914795,0.0,0.0,
1867,NVB,0.0,0.0,0.0,0.0,2.075145483016968,,1.0043373107910156,0.0,0.0,
1868,NVB,0.0,0.0,0.0,0.0,2.246532917022705,,1.0040104389190674,0.0,0.0,
1869,NVB,0.0,0.0,0.0,0.0,3.086877822875977,,1.009520173072815,0.0,0.0,
1870,NVB,0.0,0.0,0.0,0.0,1.3881808519363403,,1.002424240112305,0.0,0.0,
1871,NVB,0.0,0.0,0.0,0.0,2.432082414627075,,1.002230167388916,0.0,0.0,
1872,NVB,0.0,0.0,0.0,0.0,2.9466705322265625,,1.003819704055786,0.0,0.0,
1873,NVB,0.0,0.0,0.0,0.0,2.395881414413452,,1.0028061866760254,0.0,0.0,
1874,NVB,0.0,0.0,0.0,0.0,1.922338604927063,,1.001198172569275,0.0,0.0,
1875,NVB,0.0,0.0,0.0,0.0,0.8599517941474915,,1.0009608268737793,0.0,0.0,
1876,NVB,0.0,0.0,0.0,0.0,2.60640287399292,,1.0104082822799685,0.0,0.0,
1877,NVB,0.0,0.0,0.0,0.0,9.144756317138672,,1.1009329557418823,0.0,0.0,
1878,NVB,0.0,0.0,0.0,0.0,3.5335984230041504,,1.01470947265625,0.0,0.0,
1879,NVB,0.0,0.0,0.0,0.0,4.853842258453369,,1.0310564041137695,0.0,0.0,
1880,NVB,0.0,0.0,0.0,0.0,2.5390045642852783,,1.0045989751815796,0.0,0.0,
1881,NVB,0.0,0.0,0.0,0.0,1.155825138092041,,1.004090428352356,0.0,0.0,
1882,NVB,0.0,0.0,0.0,0.0,2.5225932598114014,,1.0042924880981443,0.0,0.0,
1883,NVB,0.0,0.0,0.0,0.0,5.642890453338623,,1.017290472984314,0.0,0.0,
1884,NVB,0.0,0.0,0.0,0.0,1.616990566253662,,1.0042248964309692,0.0,0.0,
1885,NVB,0.0,0.0,0.0,0.0,2.470777034759521,,1.0058400630950928,0.0,0.0,
1886,NVB,0.0,0.0,0.0,0.0,1.5841516256332395,,1.0081230401992798,0.0,0.0,
1887,NVB,0.0,0.0,0.0,0.0,2.0120503902435303,,1.0076950788497925,0.0,0.0,
1888,NVB,0.0,0.0,0.0,0.0,1.845678806304932,,1.0152071714401243,0.0,0.0,
1889,NVB,0.0,0.0,0.0,0.0,3.6995792388916016,,1.0129327774047852,0.0,0.0,
1890,NVB,0.0,0.0,0.0,0.0,1.6181830167770386,,1.0202057361602783,0.0,0.0,
1891,NVB,0.0,0.0,0.0,0.0,1.1792433261871338,,1.0059692859649658,0.0,0.0,
1892,NVB,0.0,0.0,0.0,0.0,0.7879651784896851,,1.018524408340454,0.0,0.0,
1893,NVB,0.0,0.0,0.0,0.0,1.489472270011902,,1.0020368099212646,0.0,0.0,
1894,NVB,0.0,0.0,0.0,0.0,0.9699415564537048,,1.0060142278671265,0.0,0.0,
1895,NVB,0.0,0.0,0.0,0.0,2.5665345191955566,,1.005174994468689,0.0,0.0,
1896,NVB,0.0,0.0,0.0,0.0,2.375949621200561,,1.0116068124771118,0.0,0.0,
1897,NVB,0.0,0.0,0.0,0.0,1.4176737070083618,,1.0011142492294312,0.0,0.0,
1898,NVB,0.0,0.0,0.0,0.0,1.730732798576355,,1.001878261566162,0.0,0.0,
1899,NVB,0.0,0.0,0.0,0.0,2.151414394378662,,1.002261519432068,0.0,0.0,
1900,NVB,0.0,0.0,0.0,0.0,1.449303150177002,,1.001954436302185,0.0,0.0,
1901,NVB,0.0,0.0,0.0,0.0,2.452124834060669,,1.0053308010101318,0.0,0.0,
1902,NVB,0.0,0.0,0.0,0.0,1.4467302560806274,,1.004690647125244,0.0,0.0,
1903,NVB,0.0,0.0,0.0,0.0,3.054487466812134,,1.0077844858169556,0.0,0.0,
1904,NVB,0.0,0.0,0.0,0.0,2.1212520599365234,,1.0194871425628662,0.0,0.0,
1905,NVB,0.0,0.0,0.0,0.0,0.7051047682762146,,1.00456964969635,0.0,0.0,
1906,NVB,0.0,0.0,0.0,0.0,1.2482153177261353,,1.0010823011398315,0.0,0.0,
1907,NVB,0.0,0.0,0.0,0.0,0.7811596989631653,,1.0019612312316897,0.0,0.0,
1908,NVB,0.0,0.0,0.0,0.0,2.060076713562012,,1.0012750625610352,0.0,0.0,
1909,NVB,0.0,0.0,0.0,0.0,1.7727482318878174,,1.0015058517456057,0.0,0.0,
1910,NVB,0.0,0.0,0.0,0.0,0.4760568141937256,,1.0091131925582886,0.0,0.0,
1911,NVB,0.0,0.0,0.0,0.0,1.2985262870788574,,1.0056346654891968,0.0,0.0,
1912,NVB,0.0,0.0,0.0,0.0,0.2518975436687469,,1.0060861110687256,0.0,0.0,
1913,NVB,0.0,0.0,0.0,0.0,2.770084381103516,,1.009971022605896,0.0,0.0,
1914,NVB,0.0,0.0,0.0,0.0,1.049158215522766,,1.001457691192627,0.0,0.0,
1915,NVB,0.0,0.0,0.0,0.0,4.821662902832031,,1.0069745779037476,0.0,0.0,
1916,NVB,0.0,0.0,0.0,0.0,3.381377935409546,,1.0132535696029663,0.0,0.0,
1917,NVB,0.0,0.0,0.0,0.0,0.9253495931625366,,1.0104126930236816,0.0,0.0,
1918,NVB,0.0,0.0,0.0,0.0,2.2224295139312744,,1.0019733905792236,0.0,0.0,
1919,NVB,0.0,0.0,0.0,0.0,4.291133880615234,,1.0066473484039309,0.0,0.0,
1920,NVB,0.0,0.0,0.0,0.0,0.8298126459121704,,1.0013641119003296,0.0,0.0,
1921,NVB,0.0,0.0,0.0,0.0,0.7736813426017761,,1.002513766288757,0.0,0.0,
1922,NVB,0.0,0.0,0.0,0.0,1.9011555910110476,,1.002294659614563,0.0,0.0,
1923,NVB,0.0,0.0,0.0,0.0,1.4663766622543335,,1.001378297805786,0.0,0.0,
1924,NVB,0.0,0.0,0.0,0.0,1.9717940092086792,,1.0039499998092651,0.0,0.0,
1925,NVB,0.0,0.0,0.0,0.0,1.8281103372573853,,1.0016610622406006,0.0,0.0,
1926,NVB,0.0,0.0,0.0,0.0,2.4097676277160645,,1.0036264657974243,0.0,0.0,
1927,NVB,0.0,0.0,0.0,0.0,2.4202702045440674,,1.0040873289108276,0.0,0.0,
1928,NVB,0.0,0.0,0.0,0.0,0.8649084568023682,,1.0016487836837769,0.0,0.0,
1929,NVB,0.0,0.0,0.0,0.0,0.5327146053314209,,1.001271367073059,0.0,0.0,
1930,NVB,0.0,0.0,0.0,0.0,3.023788928985596,,1.0017536878585815,0.0,0.0,
1931,NVB,0.0,0.0,0.0,0.0,1.2870488166809082,,1.0049904584884644,0.0,0.0,
1932,NVB,0.0,0.0,0.0,0.0,2.038726568222046,,1.0056904554367063,0.0,0.0,
1933,NVB,0.0,0.0,0.0,0.0,1.797618746757507,,1.0020395517349243,0.0,0.0,
1934,NVB,0.0,0.0,0.0,0.0,2.1527559757232666,,1.0035712718963623,0.0,0.0,
1935,NVB,0.0,0.0,0.0,0.0,3.150062322616577,,1.0034537315368652,0.0,0.0,
1936,NVB,0.0,0.0,0.0,0.0,0.9571877121925354,,1.0059075355529783,0.0,0.0,
1937,NVB,0.0,0.0,0.0,0.0,1.471776843070984,,1.0029970407485962,0.0,0.0,
1938,NVB,0.0,0.0,0.0,0.0,3.076240539550781,,1.006603121757507,0.0,0.0,
1939,NVB,0.0,0.0,0.0,0.0,2.192676305770874,,1.0053002834320068,0.0,0.0,
1940,NVB,0.0,0.0,0.0,0.0,1.504755616188049,,1.0064243078231812,0.0,0.0,
1941,NVB,0.0,0.0,0.0,0.0,1.4529777765274048,,1.0125123262405396,0.0,0.0,
1942,NVB,0.0,0.0,0.0,0.0,2.5911202430725098,,1.0061631202697754,0.0,0.0,
1943,NVB,0.0,0.0,0.0,0.0,2.190130710601806,,1.0009688138961792,0.0,0.0,
1944,NVB,0.0,0.0,0.0,0.0,1.483513355255127,,1.0014798641204834,0.0,0.0,
1945,NVB,0.0,0.0,0.0,0.0,1.948033571243286,,1.0018230676651,0.0,0.0,
1946,NVB,0.0,0.0,0.0,0.0,1.5459929704666138,,1.0069124698638916,0.0,0.0,
1947,NVB,0.0,0.0,0.0,0.0,4.608489990234375,,1.015269160270691,0.0,0.0,
1948,NVB,0.0,0.0,0.0,0.0,4.034707069396973,,1.003345251083374,0.0,0.0,
1949,NVB,0.0,0.0,0.0,0.0,7.205667495727539,,1.0445541143417358,0.0,0.0,
1950,NVB,0.0,0.0,0.0,0.0,2.6845126152038574,,1.0045584440231323,0.0,0.0,
1951,NVB,0.0,0.0,0.0,0.0,2.550163507461548,,1.003210425376892,0.0,0.0,
1952,NVB,0.0,0.0,0.0,0.0,2.3634238243103027,,1.0074418783187866,0.0,0.0,
1953,NVB,0.0,0.0,0.0,0.0,0.8600357174873352,,1.002736210823059,0.0,0.0,
1954,NVB,0.0,0.0,0.0,0.0,3.6462676525115967,,1.0232539176940918,0.0,0.0,
1955,NVB,0.0,0.0,0.0,0.0,2.244133472442627,,1.002074956893921,0.0,0.0,
1956,NVB,0.0,0.0,0.0,0.0,2.20660662651062,,1.0011956691741943,0.0,0.0,
1957,NVB,0.0,0.0,0.0,0.0,2.547319173812866,,1.0025049448013306,0.0,0.0,
1958,NVB,0.0,0.0,0.0,0.0,0.2070954740047454,,1.000753402709961,0.0,0.0,
1959,NVB,0.0,0.0,0.0,0.0,3.572837829589844,,1.0022600889205933,0.0,0.0,
1960,NVB,0.0,0.0,0.0,0.0,2.071186065673828,,1.0079561471939087,0.0,0.0,
1961,NVB,0.0,0.0,0.0,0.0,0.6576223373413086,,1.0021774768829346,0.0,0.0,
1962,NVB,0.0,0.0,0.0,0.0,2.59376859664917,,1.0031623840332031,0.0,0.0,
1963,NVB,0.0,0.0,0.0,0.0,0.6435181498527527,,1.0019363164901731,0.0,0.0,
1964,NVB,0.0,0.0,0.0,0.0,0.6490550637245178,,1.0025520324707031,0.0,0.0,
1965,NVB,0.0,0.0,0.0,0.0,1.2808291912078855,,1.0029199123382568,0.0,0.0,
1966,NVB,0.0,0.0,0.0,0.0,2.2212722301483154,,1.0090909004211426,0.0,0.0,
1967,NVB,0.0,0.0,0.0,0.0,0.9056753516197203,,1.002261519432068,0.0,0.0,
1968,NVB,0.0,0.0,0.0,0.0,3.5134172439575195,,1.0080012083053589,0.0,0.0,
1969,NVB,0.0,0.0,0.0,0.0,4.001764297485352,,1.003293752670288,0.0,0.0,
1970,NVB,0.0,0.0,0.0,0.0,4.561130046844482,,1.004656195640564,0.0,0.0,
1971,NVB,0.0,0.0,0.0,0.0,9.507294654846191,,1.0275883674621582,0.0,0.0,
1972,NVB,0.0,0.0,0.0,0.0,3.308655023574829,,1.0092461109161377,0.0,0.0,
1973,NVB,0.0,0.0,0.0,0.0,1.4810744524002075,,1.0042855739593506,0.0,0.0,
1974,NVB,0.0,0.0,0.0,0.0,2.307079792022705,,1.0031334161758425,0.0,0.0,
1975,NVB,0.0,0.0,0.0,0.0,4.782587051391602,,1.0055948495864868,0.0,0.0,
1976,NVB,0.0,0.0,0.0,0.0,5.470827102661133,,1.0196391344070437,0.0,0.0,
1977,NVB,0.0,0.0,0.0,0.0,5.323220729827881,,1.0091432332992554,0.0,0.0,
1978,NVB,0.0,0.0,0.0,0.0,4.830281734466553,,1.0057965517044067,0.0,0.0,
1979,NVB,0.0,0.0,0.0,0.0,2.3634066581726074,,1.021433711051941,0.0,0.0,
1980,NVB,0.0,0.0,0.0,0.0,2.9756317138671875,,1.0055721998214722,0.0,0.0,
1981,NVB,0.0,0.0,0.0,0.0,5.286112308502197,,1.0074812173843384,0.0,0.0,
1982,NVB,0.0,0.0,0.0,0.0,1.3777447938919067,,1.001706600189209,0.0,0.0,
1983,NVB,0.0,0.0,0.0,0.0,3.1200881004333496,,1.014768362045288,0.0,0.0,
1984,NVB,0.0,0.0,0.0,0.0,4.571005821228027,,1.0144299268722534,0.0,0.0,
1985,NVB,0.0,0.0,0.0,0.0,3.758489608764648,,1.0079811811447144,0.0,0.0,
1986,NVB,0.0,0.0,0.0,0.0,4.215192794799805,,1.0036863088607788,0.0,0.0,
1987,NVB,0.0,0.0,0.0,0.0,5.396442890167236,,1.006697177886963,0.0,0.0,
1988,NVB,0.0,0.0,0.0,0.0,2.7052712440490723,,1.0089685916900637,0.0,0.0,
1989,NVB,0.0,0.0,0.0,0.0,1.4930845499038696,,1.0029830932617188,0.0,0.0,
1990,NVB,0.0,0.0,0.0,0.0,0.944905698299408,,1.0043270587921145,0.0,0.0,
1991,NVB,0.0,0.0,0.0,0.0,1.5959298610687256,,1.004582405090332,0.0,0.0,
1992,NVB,0.0,0.0,0.0,0.0,2.354820251464844,,1.001915454864502,0.0,0.0,
1993,NVB,0.0,0.0,0.0,0.0,1.1453365087509155,,1.00115168094635,0.0,0.0,
1994,NVB,0.0,0.0,0.0,0.0,1.888676762580872,,1.0017595291137695,0.0,0.0,
1995,NVB,0.0,0.0,0.0,0.0,5.0514235496521,,1.0107163190841677,0.0,0.0,
1996,NVB,0.0,0.0,0.0,0.0,3.0847442150115967,,1.0031970739364624,0.0,0.0,
1997,NVB,0.0,0.0,0.0,0.0,3.832580804824829,,1.003192901611328,0.0,0.0,
1998,NVB,0.0,0.0,0.0,0.0,1.3820958137512207,,1.0079694986343384,0.0,0.0,
1999,NVB,0.0,0.0,0.0,0.0,1.2643101215362549,,1.001941204071045,0.0,0.0,
2000,NVB,0.0,0.0,0.0,0.0,4.5656328201293945,,1.0064016580581665,0.0,0.0,
2001,NVB,0.0,0.0,0.0,0.0,3.8555753231048575,,1.0063753128051758,0.0,0.0,
2002,NVB,0.0,0.0,0.0,0.0,1.5301628112792969,,1.0011175870895386,0.0,0.0,
2003,NVB,0.0,0.0,0.0,0.0,4.091947555541992,,1.0104546546936035,0.0,0.0,
2004,NVB,0.0,0.0,0.0,0.0,7.22901725769043,,1.019243836402893,0.0,0.0,
2005,NVB,0.0,0.0,0.0,0.0,3.5031533241271973,,1.0097805261611938,0.0,0.0,
2006,NVB,0.0,0.0,0.0,0.0,7.292058944702148,,1.0114315748214722,0.0,0.0,
2007,NVB,0.0,0.0,0.0,0.0,3.879645109176636,,1.0030361413955688,0.0,0.0,
2008,NVB,0.0,0.0,0.0,0.0,3.208430528640747,,1.0060917139053345,0.0,0.0,
2009,NVB,0.0,0.0,0.0,0.0,0.907467484474182,,1.0351964235305786,0.0,0.0,
2010,NVB,0.0,0.0,0.0,0.0,2.0063469409942627,,1.0091755390167236,0.0,0.0,
2011,NVB,0.0,0.0,0.0,0.0,3.799762725830078,,1.0057820081710815,0.0,0.0,
2012,NVB,0.0,0.0,0.0,0.0,2.881681442260742,,1.010216236114502,0.0,0.0,
2013,NVB,0.0,0.0,0.0,0.0,5.035542964935303,,1.0404669046401978,0.0,0.0,
2014,NVB,0.0,0.0,0.0,0.0,5.238377571105957,,1.01729416847229,0.0,0.0,
2015,NVB,0.0,0.0,0.0,0.0,2.753747940063477,,1.0047519207000732,0.0,0.0,
2016,NVB,0.0,0.0,0.0,0.0,0.2928377091884613,,1.0144526958465576,0.0,0.0,
2017,NVB,0.0,0.0,0.0,0.0,1.1176108121871948,,1.024674892425537,0.0,0.0,
2018,NVB,0.0,0.0,0.0,0.0,2.759395837783813,,1.0210415124893188,0.0,0.0,
2019,NVB,0.0,0.0,0.0,0.0,1.1236507892608645,,1.035817265510559,0.0,0.0,
2020,NVB,0.0,0.0,0.0,0.0,3.671868085861206,,1.0320172309875488,0.0,0.0,
2021,NVB,0.0,0.0,0.0,0.0,5.467301368713379,,1.0542279481887815,0.0,0.0,
2022,NVB,0.0,0.0,0.0,0.0,5.434792518615723,,1.0338683128356934,0.0,0.0,
2023,NVB,0.0,0.0,0.0,0.0,3.119508981704712,,1.0382819175720217,0.0,0.0,
2024,NVB,0.0,0.0,0.0,0.0,10.870649337768556,,1.0526591539382937,0.0,0.0,
2025,NVB,0.0,0.0,0.0,0.0,5.961239814758301,,1.0082650184631348,0.0,0.0,
2026,NVB,0.0,0.0,0.0,0.0,2.8393068313598637,,1.0026679039001465,0.0,0.0,
2027,NVB,0.0,0.0,0.0,0.0,2.7519662380218506,,1.005473494529724,0.0,0.0,
2028,NVB,0.0,0.0,0.0,0.0,3.873281717300415,,1.0091922283172607,0.0,0.0,
2029,NVB,0.0,0.0,0.0,0.0,2.4913816452026367,,1.0105687379837036,0.0,0.0,
2030,NVB,0.0,0.0,0.0,0.0,5.706060886383057,,1.0252019166946411,0.0,0.0,
2031,NVB,0.0,0.0,0.0,0.0,5.96442461013794,,1.0122922658920288,0.0,0.0,
2032,NVB,0.0,0.0,0.0,0.0,4.320167064666748,,1.006054162979126,0.0,0.0,
2033,NVB,0.0,0.0,0.0,0.0,5.452579975128174,,1.025657057762146,0.0,0.0,
2034,NVB,0.0,0.0,0.0,0.0,7.037156581878662,,1.013247013092041,0.0,0.0,
2035,NVB,0.0,0.0,0.0,0.0,0.5632909536361694,,1.0184277296066284,0.0,0.0,
2036,NVB,0.0,0.0,0.0,0.0,1.7588876485824585,,1.0063741207122805,0.0,0.0,
2037,NVB,0.0,0.0,0.0,0.0,0.7132277488708496,,1.0302135944366455,0.0,0.0,
2038,NVB,0.0,0.0,0.0,0.0,2.572439193725586,,1.0283135175704956,0.0,0.0,
2039,NVB,0.0,0.0,0.0,0.0,3.301571846008301,,1.0057607889175415,0.0,0.0,
2040,NVB,0.0,0.0,0.0,0.0,3.0285940170288086,,1.005970120429993,0.0,0.0,
2041,NVB,0.0,0.0,0.0,0.0,4.12202262878418,,1.0045888423919678,0.0,0.0,
2042,NVB,0.0,0.0,0.0,0.0,4.774460792541504,,1.0050759315490725,0.0,0.0,
2043,NVB,0.0,0.0,0.0,0.0,0.8469253778457642,,1.0030885934829712,0.0,0.0,
2044,NVB,0.0,0.0,0.0,0.0,2.2870914936065674,,1.0036356449127195,0.0,0.0,
2045,NVB,0.0,0.0,0.0,0.0,3.712913751602173,,1.0088618993759155,0.0,0.0,
2046,NVB,0.0,0.0,0.0,0.0,1.6558544635772705,,1.0134702920913696,0.0,0.0,
2047,NVB,0.0,0.0,0.0,0.0,5.5586442947387695,,1.0079838037490845,0.0,0.0,
2048,NVB,0.0,0.0,0.0,0.0,3.132774829864502,,1.0077284574508667,0.0,0.0,
2049,NVB,0.0,0.0,0.0,0.0,5.513859748840332,,1.0122538805007937,0.0,0.0,
2050,NVB,0.0,0.0,0.0,0.0,3.6182608604431152,,1.0049593448638916,0.0,0.0,
2051,NVB,0.0,0.0,0.0,0.0,2.1564688682556152,,1.0036598443984983,0.0,0.0,
2052,NVB,0.0,0.0,0.0,0.0,3.455159902572632,,1.0102834701538086,0.0,0.0,
2053,NVB,0.0,0.0,0.0,0.0,3.527953624725342,,1.0187547206878662,0.0,0.0,
2054,NVB,0.0,0.0,0.0,0.0,3.008070468902588,,1.0041375160217283,0.0,0.0,
2055,NVB,0.0,0.0,0.0,0.0,2.125932455062866,,1.00295090675354,0.0,0.0,
2056,NVB,0.0,0.0,0.0,0.0,4.542783737182617,,1.0225729942321775,0.0,0.0,
2057,NVB,0.0,0.0,0.0,0.0,3.0683305263519287,,1.012748956680298,0.0,0.0,
2058,NVB,0.0,0.0,0.0,0.0,8.356178283691406,,1.0742226839065552,0.0,0.0,
2059,NVB,0.0,0.0,0.0,0.0,1.0607587099075315,,1.0083836317062378,0.0,0.0,
2060,NVB,0.0,0.0,0.0,0.0,6.3472981452941895,,1.0484191179275513,0.0,0.0,
2061,NVB,0.0,0.0,0.0,0.0,4.818923473358154,,1.008740782737732,0.0,0.0,
2062,NVB,0.0,0.0,0.0,0.0,3.780712604522705,,1.029719352722168,0.0,0.0,
2063,NVB,0.0,0.0,0.0,0.0,3.595867872238159,,1.0107394456863403,0.0,0.0,
2064,NVB,0.0,0.0,0.0,0.0,2.9735653400421143,,1.0052289962768557,0.0,0.0,
2065,NVB,0.0,0.0,0.0,0.0,2.048614740371704,,1.001359224319458,0.0,0.0,
2066,NVB,0.0,0.0,0.0,0.0,4.437964916229248,,1.022125005722046,0.0,0.0,
2067,NVB,0.0,0.0,0.0,0.0,3.61279559135437,,1.0351066589355469,0.0,0.0,
2068,NVB,0.0,0.0,0.0,0.0,4.776436805725098,,1.009812593460083,0.0,0.0,
2069,NVB,0.0,0.0,0.0,0.0,5.927640438079834,,1.0288623571395874,0.0,0.0,
2070,NVB,0.0,0.0,0.0,0.0,7.162154197692871,,1.0140628814697266,0.0,0.0,
2071,NVB,0.0,0.0,0.0,0.0,0.6741973757743835,,1.0063016414642334,0.0,0.0,
2072,NVB,0.0,0.0,0.0,0.0,2.085943460464477,,1.0029964447021484,0.0,0.0,
2073,NVB,0.0,0.0,0.0,0.0,1.917241334915161,,1.0020312070846558,0.0,0.0,
2074,NVB,0.0,0.0,0.0,0.0,5.493847846984863,,1.0170221328735352,0.0,0.0,
2075,NVB,0.0,0.0,0.0,0.0,1.3295071125030518,,1.0020959377288818,0.0,0.0,
2076,NVB,0.0,0.0,0.0,0.0,3.9787020683288574,,1.0122872591018677,0.0,0.0,
2077,NVB,0.0,0.0,0.0,0.0,4.957540512084961,,1.0051445960998535,0.0,0.0,
2078,NVB,0.0,0.0,0.0,0.0,0.3581421375274658,,1.0101609230041504,0.0,0.0,
2079,NVB,0.0,0.0,0.0,0.0,2.3076672554016118,,1.0030978918075562,0.0,0.0,
2080,NVB,0.0,0.0,0.0,0.0,3.715779066085816,,1.0087590217590332,0.0,0.0,
2081,NVB,0.0,0.0,0.0,0.0,2.8137762546539307,,1.0039464235305786,0.0,0.0,
2082,NVB,0.0,0.0,0.0,0.0,4.801945686340332,,1.0188970565795898,0.0,0.0,
2083,NVB,0.0,0.0,0.0,0.0,2.850038290023804,,1.0039613246917725,0.0,0.0,
2084,NVB,0.0,0.0,0.0,0.0,2.643486499786377,,1.0042169094085691,0.0,0.0,
2085,NVB,0.0,0.0,0.0,0.0,0.8411242365837097,,1.001964092254639,0.0,0.0,
2086,NVB,0.0,0.0,0.0,0.0,5.063873291015625,,1.008979320526123,0.0,0.0,
2087,NVB,0.0,0.0,0.0,0.0,1.891516923904419,,1.0196380615234375,0.0,0.0,
2088,NVB,0.0,0.0,0.0,0.0,2.1272194385528564,,1.0036919116973877,0.0,0.0,
2089,NVB,0.0,0.0,0.0,0.0,1.1439824104309082,,1.0015921592712402,0.0,0.0,
2090,NVB,0.0,0.0,0.0,0.0,3.065866231918335,,1.00342857837677,0.0,0.0,
2091,NVB,0.0,0.0,0.0,0.0,1.9333254098892207,,1.0197263956069946,0.0,0.0,
2092,NVB,0.0,0.0,0.0,0.0,0.6345727443695068,,1.001732349395752,0.0,0.0,
2093,NVB,0.0,0.0,0.0,0.0,1.806056261062622,,1.0022668838500977,0.0,0.0,
2094,NVB,0.0,0.0,0.0,0.0,3.981630086898804,,1.013325572013855,0.0,0.0,
2095,NVB,0.0,0.0,0.0,0.0,1.4142544269561768,,1.0034840106964111,0.0,0.0,
2096,NVB,0.0,0.0,0.0,0.0,2.0102009773254395,,1.0037627220153809,0.0,0.0,
2097,NVB,0.0,0.0,0.0,0.0,2.0324532985687256,,1.002813458442688,0.0,0.0,
2098,NVB,0.0,0.0,0.0,0.0,5.058418273925781,,1.0196130275726318,0.0,0.0,
2099,NVB,0.0,0.0,0.0,0.0,5.145967483520508,,1.014135479927063,0.0,0.0,
2100,NVB,0.0,0.0,0.0,0.0,2.9057228565216064,,1.010611057281494,0.0,0.0,
2101,NVB,0.0,0.0,0.0,0.0,1.74713933467865,,1.003583312034607,0.0,0.0,
2102,NVB,0.0,0.0,0.0,0.0,2.238876819610596,,1.0054444074630735,0.0,0.0,
2103,NVB,0.0,0.0,0.0,0.0,2.2493703365325928,,1.0070236921310425,0.0,0.0,
2104,NVB,0.0,0.0,0.0,0.0,1.518676519393921,,1.005102038383484,0.0,0.0,
2105,NVB,0.0,0.0,0.0,0.0,1.4260156154632568,,1.0035868883132937,0.0,0.0,
2106,NVB,0.0,0.0,0.0,0.0,2.540985345840454,,1.0026016235351562,0.0,0.0,
2107,NVB,0.0,0.0,0.0,0.0,0.4223801791667938,,1.0032367706298828,0.0,0.0,
2108,NVB,0.0,0.0,0.0,0.0,1.7776216268539429,,1.0011377334594729,0.0,0.0,
2109,NVB,0.0,0.0,0.0,0.0,2.35744309425354,,1.0039875507354736,0.0,0.0,
2110,NVB,0.0,0.0,0.0,0.0,2.121009111404419,,1.001685619354248,0.0,0.0,
2111,NVB,0.0,0.0,0.0,0.0,2.0306525230407715,,1.0043413639068604,0.0,0.0,
2112,NVB,0.0,0.0,0.0,0.0,3.3859307765960693,,1.0052825212478638,0.0,0.0,
2113,NVB,0.0,0.0,0.0,0.0,1.9487605094909668,,1.0026062726974487,0.0,0.0,
2114,NVB,0.0,0.0,0.0,0.0,0.6558519601821899,,1.0017521381378174,0.0,0.0,
2115,NVB,0.0,0.0,0.0,0.0,1.6622166633605957,,1.0028870105743408,0.0,0.0,
2116,NVB,0.0,0.0,0.0,0.0,2.381915330886841,,1.0037589073181152,0.0,0.0,
2117,NVB,0.0,0.0,0.0,0.0,2.0684595108032227,,1.0008573532104492,0.0,0.0,
2118,NVB,0.0,0.0,0.0,0.0,3.260180950164795,,1.0043025016784668,0.0,0.0,
2119,NVB,0.0,0.0,0.0,0.0,4.758528709411621,,1.0091166496276855,0.0,0.0,
2120,NVB,0.0,0.0,0.0,0.0,3.023160934448242,,1.0048295259475708,0.0,0.0,
2121,NVB,0.0,0.0,0.0,0.0,0.5799984335899353,,1.0017573833465576,0.0,0.0,
2122,NVB,0.0,0.0,0.0,0.0,4.646823883056641,,1.0185327529907229,0.0,0.0,
2123,NVB,0.0,0.0,0.0,0.0,5.41660213470459,,1.008403778076172,0.0,0.0,
2124,NVB,0.0,0.0,0.0,0.0,1.5079737901687622,,1.0045782327651978,0.0,0.0,
2125,NVB,0.0,0.0,0.0,0.0,0.5290890336036682,,1.0034825801849363,0.0,0.0,
2126,NVB,0.0,0.0,0.0,0.0,4.045248985290527,,1.010910987854004,0.0,0.0,
2127,NVB,0.0,0.0,0.0,0.0,2.271531820297241,,1.004902958869934,0.0,0.0,
2128,NVB,0.0,0.0,0.0,0.0,4.375560283660889,,1.0155086517333984,0.0,0.0,
2129,NVB,0.0,0.0,0.0,0.0,1.6039682626724243,,1.006120681762695,0.0,0.0,
2130,NVB,0.0,0.0,0.0,0.0,1.1175758838653564,,1.001205563545227,0.0,0.0,
2131,NVB,0.0,0.0,0.0,0.0,0.2346957921981811,,1.000928282737732,0.0,0.0,
2132,NVB,0.0,0.0,0.0,0.0,1.3552846908569336,,1.0009430646896362,0.0,0.0,
2133,NVB,0.0,0.0,0.0,0.0,2.1754329204559326,,1.0015567541122437,0.0,0.0,
2134,NVB,0.0,0.0,0.0,0.0,0.789624810218811,,1.0028772354125977,0.0,0.0,
2135,NVB,0.0,0.0,0.0,0.0,3.6920862197875977,,1.0039963722229004,0.0,0.0,
2136,NVB,0.0,0.0,0.0,0.0,1.3470525741577148,,1.0139563083648682,0.0,0.0,
2137,NVB,0.0,0.0,0.0,0.0,2.704092502593994,,1.0058830976486206,0.0,0.0,
2138,NVB,0.0,0.0,0.0,0.0,2.28259539604187,,1.0053956508636477,0.0,0.0,
2139,NVB,0.0,0.0,0.0,0.0,2.5013368129730225,,1.0124456882476809,0.0,0.0,
2140,NVB,0.0,0.0,0.0,0.0,3.255757570266724,,1.009679079055786,0.0,0.0,
2141,NVB,0.0,0.0,0.0,0.0,1.2101008892059326,,1.0052595138549805,0.0,0.0,
2142,NVB,0.0,0.0,0.0,0.0,2.2232367992401123,,1.008228421211243,0.0,0.0,
2143,NVB,0.0,0.0,0.0,0.0,2.0045032501220703,,1.002860426902771,0.0,0.0,
2144,NVB,0.0,0.0,0.0,0.0,3.436368703842163,,1.004252314567566,0.0,0.0,
2145,NVB,0.0,0.0,0.0,0.0,1.24523663520813,,1.0051559209823608,0.0,0.0,
2146,NVB,0.0,0.0,0.0,0.0,3.308134078979492,,1.0034167766571045,0.0,0.0,
2147,NVB,0.0,0.0,0.0,0.0,1.8824888467788696,,1.0018457174301147,0.0,0.0,
2148,NVB,0.0,0.0,0.0,0.0,1.5047942399978638,,1.004045009613037,0.0,0.0,
2149,NVB,0.0,0.0,0.0,0.0,1.5712958574295044,,1.0006622076034546,0.0,0.0,
2150,NVB,0.0,0.0,0.0,0.0,1.6509151458740234,,1.0017428398132324,0.0,0.0,
2151,NVB,0.0,0.0,0.0,0.0,3.5693929195404053,,1.0029417276382446,0.0,0.0,
2152,NVB,0.0,0.0,0.0,0.0,1.6813900470733645,,1.002330660820007,0.0,0.0,
2153,NVB,0.0,0.0,0.0,0.0,1.6295855045318604,,1.0029678344726562,0.0,0.0,
2154,NVB,0.0,0.0,0.0,0.0,2.8357224464416504,,1.0041791200637815,0.0,0.0,
2155,NVB,0.0,0.0,0.0,0.0,0.828565776348114,,1.0039595365524292,0.0,0.0,
2156,NVB,0.0,0.0,0.0,0.0,1.9379979372024536,,1.0027107000350952,0.0,0.0,
2157,NVB,0.0,0.0,0.0,0.0,0.5869834423065186,,1.0007314682006836,0.0,0.0,
2158,NVB,0.0,0.0,0.0,0.0,3.908620357513428,,1.0106676816940308,0.0,0.0,
2159,NVB,0.0,0.0,0.0,0.0,3.915006399154663,,1.0138707160949707,0.0,0.0,
2160,NVB,0.0,0.0,0.0,0.0,4.413534164428711,,1.0061527490615845,0.0,0.0,
2161,NVB,0.0,0.0,0.0,0.0,2.835832357406616,,1.0068589448928833,0.0,0.0,
2162,NVB,0.0,0.0,0.0,0.0,4.374986171722412,,1.0359138250350952,0.0,0.0,
2163,NVB,0.0,0.0,0.0,0.0,3.297938585281372,,1.0021638870239258,0.0,0.0,
2164,NVB,0.0,0.0,0.0,0.0,1.332597732543945,,1.001376986503601,0.0,0.0,
2165,NVB,0.0,0.0,0.0,0.0,0.8861760497093201,,1.0018378496170044,0.0,0.0,
2166,NVB,0.0,0.0,0.0,0.0,0.6445461511611938,,1.0019596815109253,0.0,0.0,
2167,NVB,0.0,0.0,0.0,0.0,3.3686702251434326,,1.0035141706466677,0.0,0.0,
2168,NVB,0.0,0.0,0.0,0.0,4.806169509887695,,1.007757544517517,0.0,0.0,
2169,NVB,0.0,0.0,0.0,0.0,6.643884181976318,,1.034894585609436,0.0,0.0,
2170,NVB,0.0,0.0,0.0,0.0,3.630990743637085,,1.0094044208526611,0.0,0.0,
2171,NVB,0.0,0.0,0.0,0.0,4.489430904388428,,1.0062392950057983,0.0,0.0,
2172,NVB,0.0,0.0,0.0,0.0,2.310283899307251,,1.0015918016433716,0.0,0.0,
2173,NVB,0.0,0.0,0.0,0.0,2.600902318954468,,1.003461480140686,0.0,0.0,
2174,NVB,0.0,0.0,0.0,0.0,1.71589457988739,,1.0045697689056396,0.0,0.0,
2175,NVB,0.0,0.0,0.0,0.0,2.660694122314453,,1.0055320262908936,0.0,0.0,
2176,NVB,0.0,0.0,0.0,0.0,3.2177555561065674,,1.0057545900344849,0.0,0.0,
2177,NVB,0.0,0.0,0.0,0.0,4.488826274871826,,1.0047663450241089,0.0,0.0,
2178,NVB,0.0,0.0,0.0,0.0,1.2586570978164673,,1.003703474998474,0.0,0.0,
2179,NVB,0.0,0.0,0.0,0.0,0.4020708799362182,,1.0045180320739746,0.0,0.0,
2180,NVB,0.0,0.0,0.0,0.0,3.738590955734253,,1.004494071006775,0.0,0.0,
2181,NVB,0.0,0.0,0.0,0.0,4.077611446380615,,1.0046443939208984,0.0,0.0,
2182,NVB,0.0,0.0,0.0,0.0,8.106868743896484,,1.0109038352966309,0.0,0.0,
2183,NVB,0.0,0.0,0.0,0.0,3.3188369274139404,,1.006401777267456,0.0,0.0,
2184,NVB,0.0,0.0,0.0,0.0,3.4582552909851074,,1.0053941011428833,0.0,0.0,
2185,NVB,0.0,0.0,0.0,0.0,3.6071090698242183,,1.0066676139831543,0.0,0.0,
2186,NVB,0.0,0.0,0.0,0.0,1.281670093536377,,1.0065792798995972,0.0,0.0,
2187,NVB,0.0,0.0,0.0,0.0,2.9326372146606445,,1.0043152570724487,0.0,0.0,
2188,NVB,0.0,0.0,0.0,0.0,1.4492546319961548,,1.0057116746902466,0.0,0.0,
2189,NVB,0.0,0.0,0.0,0.0,2.562451124191284,,1.002954602241516,0.0,0.0,
2190,NVB,0.0,0.0,0.0,0.0,2.078065633773804,,1.0096086263656616,0.0,0.0,
2191,NVB,0.0,0.0,0.0,0.0,1.5695879459381104,,1.001613736152649,0.0,0.0,
2192,NVB,0.0,0.0,0.0,0.0,4.788812637329102,,1.0281859636306765,0.0,0.0,
2193,NVB,0.0,0.0,0.0,0.0,2.0925021171569824,,1.045514702796936,0.0,0.0,
2194,NVB,0.0,0.0,0.0,0.0,2.274606466293335,,1.0052708387374878,0.0,0.0,
2195,NVB,0.0,0.0,0.0,0.0,1.8155806064605715,,1.0007271766662598,0.0,0.0,
2196,NVB,0.0,0.0,0.0,0.0,1.2427055835723877,,1.0013585090637207,0.0,0.0,
2197,NVB,0.0,0.0,0.0,0.0,2.3998982906341557,,1.0011357069015503,0.0,0.0,
2198,NVB,0.0,0.0,0.0,0.0,1.5558087825775146,,1.0010961294174194,0.0,0.0,
2199,NVB,0.0,0.0,0.0,0.0,0.3866384327411651,,1.002130150794983,0.0,0.0,
2200,NVB,0.0,0.0,0.0,0.0,3.6133177280426025,,1.009312629699707,0.0,0.0,
2201,NVB,0.0,0.0,0.0,0.0,3.5807600021362305,,1.0069594383239746,0.0,0.0,
2202,NVB,0.0,0.0,0.0,0.0,3.451415777206421,,1.003378987312317,0.0,0.0,
2203,NVB,0.0,0.0,0.0,0.0,5.07826042175293,,1.008870005607605,0.0,0.0,
2204,NVB,0.0,0.0,0.0,0.0,5.727130889892578,,1.0103492736816406,0.0,0.0,
2205,NVB,0.0,0.0,0.0,0.0,2.464693307876587,,1.003409743309021,0.0,0.0,
2206,NVB,0.0,0.0,0.0,0.0,1.3803316354751587,,1.001344919204712,0.0,0.0,
2207,NVB,0.0,0.0,0.0,0.0,2.215466022491455,,1.0026551485061646,0.0,0.0,
2208,NVB,0.0,0.0,0.0,0.0,2.4567697048187256,,1.002177119255066,0.0,0.0,
2209,NVB,0.0,0.0,0.0,0.0,2.364009141921997,,1.0022677183151243,0.0,0.0,
2210,NVB,0.0,0.0,0.0,0.0,1.2475284337997437,,1.0012511014938354,0.0,0.0,
2211,NVB,0.0,0.0,0.0,0.0,7.519863605499268,,1.0143818855285645,0.0,0.0,
2212,NVB,0.0,0.0,0.0,0.0,3.724908828735352,,1.0049281120300293,0.0,0.0,
2213,NVB,0.0,0.0,0.0,0.0,3.635584831237793,,1.0070909261703491,0.0,0.0,
2214,NVB,0.0,0.0,0.0,0.0,4.509883880615234,,1.0133070945739746,0.0,0.0,
2215,NVB,0.0,0.0,0.0,0.0,2.5755622386932373,,1.035485029220581,0.0,0.0,
2216,NVB,0.0,0.0,0.0,0.0,0.2986437976360321,,1.057894587516785,0.0,0.0,
2217,NVB,0.0,0.0,0.0,0.0,4.258556842803955,,1.0521599054336548,0.0,0.0,
2218,NVB,0.0,0.0,0.0,0.0,2.8249542713165283,,1.0058355331420898,0.0,0.0,
2219,NVB,0.0,0.0,0.0,0.0,14.70051097869873,,1.0564709901809692,0.0,0.0,
2220,NVB,0.0,0.0,0.0,0.0,3.2980923652648926,,1.0261459350585938,0.0,0.0,
2221,NVB,0.0,0.0,0.0,0.0,2.8973677158355717,,1.0235048532485962,0.0,0.0,
2222,NVB,0.0,0.0,0.0,0.0,4.003469944000244,,1.0234438180923462,0.0,0.0,
2223,NVB,0.0,0.0,0.0,0.0,6.323848247528076,,1.0255193710327148,0.0,0.0,
2224,NVB,0.0,0.0,0.0,0.0,10.141586303710938,,1.0244898796081543,0.0,0.0,
2225,NVB,0.0,0.0,0.0,0.0,2.5985677242279053,,1.0079500675201416,0.0,0.0,
2226,NVB,0.0,0.0,0.0,0.0,2.77915620803833,,1.002345085144043,0.0,0.0,
2227,NVB,0.0,0.0,0.0,0.0,1.7843669652938845,,1.002904772758484,0.0,0.0,
2228,NVB,0.0,0.0,0.0,0.0,1.72164785861969,,1.001164793968201,0.0,0.0,
2229,NVB,0.0,0.0,0.0,0.0,0.4118747115135193,,1.000921607017517,0.0,0.0,
2230,NVB,0.0,0.0,0.0,0.0,3.041322708129883,,1.0029269456863403,0.0,0.0,
2231,NVB,0.0,0.0,0.0,0.0,1.7404052019119265,,1.0024728775024414,0.0,0.0,
2232,NVB,0.0,0.0,0.0,0.0,0.4589191973209381,,1.0034751892089844,0.0,0.0,
2233,NVB,0.0,0.0,0.0,0.0,1.4769786596298218,,1.0040175914764404,0.0,0.0,
2234,NVB,0.0,0.0,0.0,0.0,1.8163747787475584,,1.0052571296691897,0.0,0.0,
2235,NVB,0.0,0.0,0.0,0.0,2.557753086090088,,1.0077812671661377,0.0,0.0,
2236,NVB,0.0,0.0,0.0,0.0,1.1784884929656982,,1.0112282037734983,0.0,0.0,
2237,NVB,0.0,0.0,0.0,0.0,5.308562278747559,,1.011967420578003,0.0,0.0,
2238,NVB,0.0,0.0,0.0,0.0,3.450124263763428,,1.0044548511505127,0.0,0.0,
2239,NVB,0.0,0.0,0.0,0.0,0.5565357208251953,,1.0097005367279053,0.0,0.0,
2240,NVB,0.0,0.0,0.0,0.0,1.4554005861282349,,1.0026901960372925,0.0,0.0,
2241,NVB,0.0,0.0,0.0,0.0,0.6201483011245728,,1.0053858757019043,0.0,0.0,
2242,NVB,0.0,0.0,0.0,0.0,1.340059518814087,,1.0063197612762451,0.0,0.0,
2243,NVB,0.0,0.0,0.0,0.0,4.914933681488037,,1.0380685329437256,0.0,0.0,
2244,NVB,0.0,0.0,0.0,0.0,3.744183301925659,,1.0367975234985352,0.0,0.0,
2245,NVB,0.0,0.0,0.0,0.0,2.456594705581665,,1.0282456874847412,0.0,0.0,
2246,NVB,0.0,0.0,0.0,0.0,1.3902236223220823,,1.0041686296463013,0.0,0.0,
2247,NVB,0.0,0.0,0.0,0.0,1.6987577676773071,,1.0061402320861816,0.0,0.0,
2248,NVB,0.0,0.0,0.0,0.0,9.115434646606444,,1.1064553260803225,0.0,0.0,
2249,NVB,0.0,0.0,0.0,0.0,1.0513159036636353,,1.042920470237732,0.0,0.0,
2250,NVB,0.0,0.0,0.0,0.0,1.794214367866516,,1.008288860321045,0.0,0.0,
2251,NVB,0.0,0.0,0.0,0.0,2.151707887649536,,1.0021350383758545,0.0,0.0,
2252,NVB,0.0,0.0,0.0,0.0,0.5590667724609375,,1.0035606622695925,0.0,0.0,
2253,NVB,0.0,0.0,0.0,0.0,6.287189483642578,,1.0185807943344116,0.0,0.0,
2254,NVB,0.0,0.0,0.0,0.0,7.0771355628967285,,1.0362141132354736,0.0,0.0,
2255,NVB,0.0,0.0,0.0,0.0,7.26503324508667,,1.0206305980682373,0.0,0.0,
2256,NVB,0.0,0.0,0.0,0.0,4.268697738647461,,1.008985161781311,0.0,0.0,
2257,NVB,0.0,0.0,0.0,0.0,2.063248634338379,,1.0027189254760742,0.0,0.0,
2258,NVB,0.0,0.0,0.0,0.0,2.062565565109253,,1.004774570465088,0.0,0.0,
2259,NVB,0.0,0.0,0.0,0.0,5.457950115203857,,1.0121270418167114,0.0,0.0,
2260,NVB,0.0,0.0,0.0,0.0,3.175120115280152,,1.0072983503341677,0.0,0.0,
2261,NVB,0.0,0.0,0.0,0.0,1.9331135749816892,,1.0121053457260132,0.0,0.0,
2262,NVB,0.0,0.0,0.0,0.0,4.081175327301025,,1.0033797025680542,0.0,0.0,
2263,NVB,0.0,0.0,0.0,0.0,2.630606412887573,,1.0017701387405396,0.0,0.0,
2264,NVB,0.0,0.0,0.0,0.0,2.671980619430542,,1.0052335262298584,0.0,0.0,
2265,NVB,0.0,0.0,0.0,0.0,1.4060226678848269,,1.0050135850906372,0.0,0.0,
2266,NVB,0.0,0.0,0.0,0.0,6.251201152801514,,1.0128697156906128,0.0,0.0,
2267,NVB,0.0,0.0,0.0,0.0,4.547675132751465,,1.005083084106445,0.0,0.0,
2268,NVB,0.0,0.0,0.0,0.0,1.389820575714111,,1.025852918624878,0.0,0.0,
2269,NVB,0.0,0.0,0.0,0.0,1.8386064767837524,,1.008926510810852,0.0,0.0,
2270,NVB,0.0,0.0,0.0,0.0,2.857995986938477,,1.0032448768615725,0.0,0.0,
2271,NVB,0.0,0.0,0.0,0.0,2.312586545944214,,1.0036362409591677,0.0,0.0,
2272,NVB,0.0,0.0,0.0,0.0,2.1548752784729004,,1.0029319524765017,0.0,0.0,
2273,NVB,0.0,0.0,0.0,0.0,3.687638759613037,,1.0036348104476929,0.0,0.0,
2274,NVB,0.0,0.0,0.0,0.0,2.32624888420105,,1.0036475658416748,0.0,0.0,
2275,NVB,0.0,0.0,0.0,0.0,1.8892649412155151,,1.0009863376617432,0.0,0.0,
2276,NVB,0.0,0.0,0.0,0.0,2.1885790824890137,,1.0031511783599854,0.0,0.0,
2277,NVB,0.0,0.0,0.0,0.0,4.525772571563721,,1.05861234664917,0.0,0.0,
2278,NVB,0.0,0.0,0.0,0.0,3.428762912750244,,1.005562424659729,0.0,0.0,
2279,NVB,0.0,0.0,0.0,0.0,1.2869360446929932,,1.0313661098480225,0.0,0.0,
2280,NVB,0.0,0.0,0.0,0.0,0.6599283814430237,,1.0025500059127808,0.0,0.0,
2281,NVB,0.0,0.0,0.0,0.0,1.1085690259933472,,1.0006967782974243,0.0,0.0,
2282,NVB,0.0,0.0,0.0,0.0,1.3460514545440674,,1.0031111240386963,0.0,0.0,
2283,NVB,0.0,0.0,0.0,0.0,2.223550796508789,,1.0012127161026,0.0,0.0,
2284,NVB,0.0,0.0,0.0,0.0,1.3266072273254397,,1.0146771669387815,0.0,0.0,
2285,NVB,0.0,0.0,0.0,0.0,1.711898922920227,,1.0020984411239624,0.0,0.0,
2286,NVB,0.0,0.0,0.0,0.0,0.3316390812397003,,1.0034552812576294,0.0,0.0,
2287,NVB,0.0,0.0,0.0,0.0,0.6132544875144958,,1.0012813806533811,0.0,0.0,
2288,NVB,0.0,0.0,0.0,0.0,0.7106715440750122,,1.001172423362732,0.0,0.0,
2289,NVB,0.0,0.0,0.0,0.0,1.5409942865371704,,1.000691533088684,0.0,0.0,
2290,NVB,0.0,0.0,0.0,0.0,1.5540279150009155,,1.007570505142212,0.0,0.0,
2291,NVB,0.0,0.0,0.0,0.0,0.7771109342575073,,1.001742959022522,0.0,0.0,
2292,NVB,0.0,0.0,0.0,0.0,1.77165424823761,,1.0015442371368408,0.0,0.0,
2293,NVB,0.0,0.0,0.0,0.0,0.6115433573722839,,1.0037055015563965,0.0,0.0,
2294,NVB,0.0,0.0,0.0,0.0,2.753796100616455,,1.0034748315811155,0.0,0.0,
2295,NVB,0.0,0.0,0.0,0.0,2.636873245239258,,1.0058826208114624,0.0,0.0,
2296,NVB,0.0,0.0,0.0,0.0,1.6342569589614868,,1.0021930932998655,0.0,0.0,
2297,NVB,0.0,0.0,0.0,0.0,1.8054875135421755,,1.010277509689331,0.0,0.0,
2298,NVB,0.0,0.0,0.0,0.0,0.9396401643753052,,1.0080435276031494,0.0,0.0,
2299,NVB,0.0,0.0,0.0,0.0,2.550235748291016,,1.015101671218872,0.0,0.0,
2300,NVB,0.0,0.0,0.0,0.0,3.6910321712493896,,1.0063300132751465,0.0,0.0,
2301,NVB,0.0,0.0,0.0,0.0,3.743843078613281,,1.0091124773025513,0.0,0.0,
2302,NVB,0.0,0.0,0.0,0.0,1.4241255521774292,,1.085498929023743,0.0,0.0,
2303,NVB,0.0,0.0,0.0,0.0,3.561577558517456,,1.0192811489105225,0.0,0.0,
2304,NVB,0.0,0.0,0.0,0.0,1.024954319000244,,1.001496434211731,0.0,0.0,
2305,NVB,0.0,0.0,0.0,0.0,1.952886819839477,,1.0008996725082395,0.0,0.0,
2306,NVB,0.0,0.0,0.0,0.0,1.6737308502197266,,1.0028125047683716,0.0,0.0,
2307,NVB,0.0,0.0,0.0,0.0,1.9147573709487915,,1.0008792877197266,0.0,0.0,
2308,NVB,0.0,0.0,0.0,0.0,1.138314723968506,,1.000830888748169,0.0,0.0,
2309,NVB,0.0,0.0,0.0,0.0,1.32873272895813,,1.0016762018203735,0.0,0.0,
2310,NVB,0.0,0.0,0.0,0.0,2.277949094772339,,1.001047968864441,0.0,0.0,
2311,NVB,0.0,0.0,0.0,0.0,4.379088878631592,,1.0058379173278809,0.0,0.0,
2312,NVB,0.0,0.0,0.0,0.0,0.9014559388160706,,1.0033406019210815,0.0,0.0,
2313,NVB,0.0,0.0,0.0,0.0,1.4794553518295288,,1.0051300525665283,0.0,0.0,
2314,NVB,0.0,0.0,0.0,0.0,0.4849595129489898,,1.0038843154907229,0.0,0.0,
2315,NVB,0.0,0.0,0.0,0.0,1.4325884580612185,,1.0029195547103882,0.0,0.0,
2316,NVB,0.0,0.0,0.0,0.0,1.8810722827911377,,1.0033273696899414,0.0,0.0,
2317,NVB,0.0,0.0,0.0,0.0,1.0239123106002808,,1.0011636018753052,0.0,0.0,
2318,NVB,0.0,0.0,0.0,0.0,1.253676176071167,,1.0006160736083984,0.0,0.0,
2319,NVB,0.0,0.0,0.0,0.0,2.3303279876708984,,1.004307746887207,0.0,0.0,
2320,NVB,0.0,0.0,0.0,0.0,3.506943702697754,,1.0049035549163818,0.0,0.0,
2321,NVB,0.0,0.0,0.0,0.0,3.1579794883728027,,1.0057053565979004,0.0,0.0,
2322,NVB,0.0,0.0,0.0,0.0,3.4328088760375977,,1.007427453994751,0.0,0.0,
2323,NVB,0.0,0.0,0.0,0.0,1.627127170562744,,1.0151103734970093,0.0,0.0,
2324,NVB,0.0,0.0,0.0,0.0,0.3581421375274658,,1.0100979804992676,0.0,0.0,
2325,NVB,0.0,0.0,0.0,0.0,4.452907085418701,,1.0128117799758911,0.0,0.0,
2326,NVB,0.0,0.0,0.0,0.0,1.4313313961029053,,1.009482502937317,0.0,0.0,
2327,NVB,0.0,0.0,0.0,0.0,2.247299909591675,,1.0035849809646606,0.0,0.0,
2328,NVB,0.0,0.0,0.0,0.0,1.7319588661193848,,1.0029677152633667,0.0,0.0,
2329,NVB,0.0,0.0,0.0,0.0,1.474904179573059,,1.002046823501587,0.0,0.0,
2330,NVB,0.0,0.0,0.0,0.0,0.8083277940750122,,1.000946879386902,0.0,0.0,
2331,NVB,0.0,0.0,0.0,0.0,1.4753693342208862,,1.0028337240219116,0.0,0.0,
2332,NVB,0.0,0.0,0.0,0.0,3.807695865631104,,1.0050150156021118,0.0,0.0,
2333,NVB,0.0,0.0,0.0,0.0,3.640439987182617,,1.0050160884857178,0.0,0.0,
2334,NVB,0.0,0.0,0.0,0.0,2.7544970512390137,,1.0018019676208496,0.0,0.0,
2335,NVB,0.0,0.0,0.0,0.0,5.243017673492432,,1.0053170919418335,0.0,0.0,
2336,NVB,0.0,0.0,0.0,0.0,3.092001676559448,,1.0021097660064695,0.0,0.0,
2337,NVB,0.0,0.0,0.0,0.0,3.812284231185913,,1.0029618740081787,0.0,0.0,
2338,NVB,0.0,0.0,0.0,0.0,1.790862202644348,,1.0022975206375122,0.0,0.0,
2339,NVB,0.0,0.0,0.0,0.0,1.344677209854126,,1.0012578964233398,0.0,0.0,
2340,NVB,0.0,0.0,0.0,0.0,3.214489698410034,,1.0030593872070312,0.0,0.0,
2341,NVB,0.0,0.0,0.0,0.0,2.2163121700286865,,1.0045071840286257,0.0,0.0,
2342,NVB,0.0,0.0,0.0,0.0,5.237638473510742,,1.013064980506897,0.0,0.0,
2343,NVB,0.0,0.0,0.0,0.0,2.9149956703186035,,1.0072975158691406,0.0,0.0,
2344,NVB,0.0,0.0,0.0,0.0,4.260748863220215,,1.0087971687316897,0.0,0.0,
2345,NVB,0.0,0.0,0.0,0.0,3.73633337020874,,1.0271477699279783,0.0,0.0,
2346,NVB,0.0,0.0,0.0,0.0,4.013167858123779,,1.009723424911499,0.0,0.0,
2347,NVB,0.0,0.0,0.0,0.0,0.179508700966835,,1.002666711807251,0.0,0.0,
2348,NVB,0.0,0.0,0.0,0.0,0.2928322553634643,,1.000951647758484,0.0,0.0,
2349,NVB,0.0,0.0,0.0,0.0,1.950760841369629,,1.013005018234253,0.0,0.0,
2350,NVB,0.0,0.0,0.0,0.0,1.5127370357513428,,1.000688076019287,0.0,0.0,
2351,NVB,0.0,0.0,0.0,0.0,0.6356555223464966,,1.211841344833374,0.0,0.0,
2352,NVB,0.0,0.0,0.0,0.0,6.313363075256348,,1.01253342628479,0.0,0.0,
2353,NVB,0.0,0.0,0.0,0.0,2.2640485763549805,,1.0013794898986816,0.0,0.0,
2354,NVB,0.0,0.0,0.0,0.0,1.543500304222107,,1.0021083354949951,0.0,0.0,
2355,NVB,0.0,0.0,0.0,0.0,3.025045871734619,,1.0057761669158936,0.0,0.0,
2356,NVB,0.0,0.0,0.0,0.0,2.4804606437683105,,1.009629726409912,0.0,0.0,
2357,NVB,0.0,0.0,0.0,0.0,4.39987850189209,,1.0036675930023191,0.0,0.0,
2358,NVB,0.0,0.0,0.0,0.0,5.212887287139893,,1.0074326992034912,0.0,0.0,
2359,NVB,0.0,0.0,0.0,0.0,2.042846918106079,,1.0033438205718994,0.0,0.0,
2360,NVB,0.0,0.0,0.0,0.0,2.3943159580230717,,1.0028129816055298,0.0,0.0,
2361,NVB,0.0,0.0,0.0,0.0,2.2237350940704346,,1.0018471479415894,0.0,0.0,
2362,NVB,0.0,0.0,0.0,0.0,2.2924485206604004,,1.0011786222457886,0.0,0.0,
2363,NVB,0.0,0.0,0.0,0.0,1.9979649782180784,,1.0021086931228638,0.0,0.0,
2364,NVB,0.0,0.0,0.0,0.0,1.8535155057907104,,1.001831293106079,0.0,0.0,
2365,NVB,0.0,0.0,0.0,0.0,0.2519420087337494,,1.0011036396026611,0.0,0.0,
2366,NVB,0.0,0.0,0.0,0.0,0.5702527165412903,,1.000583291053772,0.0,0.0,
2367,NVB,0.0,0.0,0.0,0.0,1.3826618194580078,,1.0018107891082764,0.0,0.0,
2368,NVB,0.0,0.0,0.0,0.0,1.174630045890808,,1.0020339488983154,0.0,0.0,
2369,NVB,0.0,0.0,0.0,0.0,1.024893283843994,,1.0026373863220217,0.0,0.0,
2370,NVB,0.0,0.0,0.0,0.0,2.8741164207458496,,1.0042575597763062,0.0,0.0,
2371,NVB,0.0,0.0,0.0,0.0,2.1635661125183105,,1.0048102140426636,0.0,0.0,
2372,NVB,0.0,0.0,0.0,0.0,4.7177934646606445,,1.0053564310073853,0.0,0.0,
2373,NVB,0.0,0.0,0.0,0.0,4.71685791015625,,1.004684329032898,0.0,0.0,
2374,NVB,0.0,0.0,0.0,0.0,2.1866097450256348,,1.0041874647140503,0.0,0.0,
2375,NVB,0.0,0.0,0.0,0.0,3.815066814422608,,1.0084917545318604,0.0,0.0,
2376,NVB,0.0,0.0,0.0,0.0,4.361647129058838,,1.0067843198776243,0.0,0.0,
2377,NVB,0.0,0.0,0.0,0.0,3.243083000183105,,1.01239812374115,0.0,0.0,
2378,NVB,0.0,0.0,0.0,0.0,1.681651949882507,,1.002660036087036,0.0,0.0,
2379,NVB,0.0,0.0,0.0,0.0,4.566157817840576,,1.006319522857666,0.0,0.0,
2380,NVB,0.0,0.0,0.0,0.0,2.26570725440979,,1.0016639232635498,0.0,0.0,
2381,NVB,0.0,0.0,0.0,0.0,1.7767720222473145,,1.0019984245300293,0.0,0.0,
2382,NVB,0.0,0.0,0.0,0.0,2.845054149627685,,1.0167303085327148,0.0,0.0,
2383,NVB,0.0,0.0,0.0,0.0,3.511561155319214,,1.0099691152572632,0.0,0.0,
2384,NVB,0.0,0.0,0.0,0.0,1.302579045295715,,1.0047985315322876,0.0,0.0,
2385,NVB,0.0,0.0,0.0,0.0,0.8640129566192627,,1.0006613731384275,0.0,0.0,
2386,NVB,0.0,0.0,0.0,0.0,3.294388771057129,,1.0774801969528198,0.0,0.0,
2387,NVB,0.0,0.0,0.0,0.0,4.244722843170166,,1.0110540390014648,0.0,0.0,
2388,NVB,0.0,0.0,0.0,0.0,1.339133381843567,,1.0033776760101318,0.0,0.0,
2389,NVB,0.0,0.0,0.0,0.0,2.227200746536255,,1.0036673545837402,0.0,0.0,
2390,NVB,0.0,0.0,0.0,0.0,4.020153045654297,,1.0103739500045776,0.0,0.0,
2391,NVB,0.0,0.0,0.0,0.0,3.2616496086120605,,1.0039432048797607,0.0,0.0,
2392,NVB,0.0,0.0,0.0,0.0,2.39591383934021,,1.008630394935608,0.0,0.0,
2393,NVB,0.0,0.0,0.0,0.0,1.5848459005355835,,1.002279281616211,0.0,0.0,
2394,NVB,0.0,0.0,0.0,0.0,2.9388463497161865,,1.0025229454040527,0.0,0.0,
2395,NVB,0.0,0.0,0.0,0.0,1.3491319417953491,,1.0013612508773804,0.0,0.0,
2396,NVB,0.0,0.0,0.0,0.0,0.5175159573554993,,1.0019580125808716,0.0,0.0,
2397,NVB,0.0,0.0,0.0,0.0,1.8438985347747805,,1.006919264793396,0.0,0.0,
2398,NVB,0.0,0.0,0.0,0.0,0.9141182899475098,,1.0012127161026,0.0,0.0,
2399,NVB,0.0,0.0,0.0,0.0,1.52570903301239,,1.0084314346313477,0.0,0.0,
2400,NVB,0.0,0.0,0.0,0.0,2.676568031311035,,1.0020033121109009,0.0,0.0,
2401,NVB,0.0,0.0,0.0,0.0,1.629193902015686,,1.0096675157546997,0.0,0.0,
2402,NVB,0.0,0.0,0.0,0.0,2.5435495376586914,,1.007392406463623,0.0,0.0,
2403,NVB,0.0,0.0,0.0,0.0,4.777440547943115,,1.0047833919525146,0.0,0.0,
2404,NVB,0.0,0.0,0.0,0.0,6.873483657836914,,1.0138813257217407,0.0,0.0,
2405,NVB,0.0,0.0,0.0,0.0,1.2186529636383057,,1.028822898864746,0.0,0.0,
2406,NVB,0.0,0.0,0.0,0.0,6.786512851715088,,1.07544207572937,0.0,0.0,
2407,NVB,0.0,0.0,0.0,0.0,2.4560487270355225,,1.0026805400848389,0.0,0.0,
2408,NVB,0.0,0.0,0.0,0.0,0.7466543316841125,,1.0175126791000366,0.0,0.0,
2409,NVB,0.0,0.0,0.0,0.0,2.191660165786743,,1.0018301010131836,0.0,0.0,
2410,NVB,0.0,0.0,0.0,0.0,2.625130653381348,,1.037580132484436,0.0,0.0,
2411,NVB,0.0,0.0,0.0,0.0,1.9380050897598269,,1.0120251178741455,0.0,0.0,
2412,NVB,0.0,0.0,0.0,0.0,1.3645880222320557,,1.0048736333847046,0.0,0.0,
2413,NVB,0.0,0.0,0.0,0.0,1.370625376701355,,1.0012942552566528,0.0,0.0,
2414,NVB,0.0,0.0,0.0,0.0,0.7473074197769165,,1.00092351436615,0.0,0.0,
2415,NVB,0.0,0.0,0.0,0.0,2.8893861770629883,,1.006734848022461,0.0,0.0,
2416,NVB,0.0,0.0,0.0,0.0,1.1033817529678345,,1.0016251802444458,0.0,0.0,
2417,NVB,0.0,0.0,0.0,0.0,3.0206964015960693,,1.0054941177368164,0.0,0.0,
2418,NVB,0.0,0.0,0.0,0.0,2.451195240020752,,1.0160372257232666,0.0,0.0,
2419,NVB,0.0,0.0,0.0,0.0,1.2286897897720337,,1.0016993284225464,0.0,0.0,
2420,NVB,0.0,0.0,0.0,0.0,2.286561727523804,,1.0125218629837036,0.0,0.0,
2421,NVB,0.0,0.0,0.0,0.0,2.108586311340332,,1.0076212882995603,0.0,0.0,
2422,NVB,0.0,0.0,0.0,0.0,0.5440329909324646,,1.0036425590515137,0.0,0.0,
2423,NVB,0.0,0.0,0.0,0.0,3.358128070831299,,1.0019410848617554,0.0,0.0,
2424,NVB,0.0,0.0,0.0,0.0,2.637501716613769,,1.0026061534881592,0.0,0.0,
2425,NVB,0.0,0.0,0.0,0.0,3.0917563438415527,,1.002415895462036,0.0,0.0,
2426,NVB,0.0,0.0,0.0,0.0,3.6708924770355225,,1.0029927492141724,0.0,0.0,
2427,NVB,0.0,0.0,0.0,0.0,2.373422622680664,,1.004137635231018,0.0,0.0,
2428,NVB,0.0,0.0,0.0,0.0,3.7666616439819336,,1.0054901838302612,0.0,0.0,
2429,NVB,0.0,0.0,0.0,0.0,2.568530321121216,,1.0086792707443235,0.0,0.0,
2430,NVB,0.0,0.0,0.0,0.0,2.103969097137451,,1.0038219690322876,0.0,0.0,
2431,NVB,0.0,0.0,0.0,0.0,1.0459307432174685,,1.0010210275650024,0.0,0.0,
2432,NVB,0.0,0.0,0.0,0.0,2.140714406967163,,1.0064162015914917,0.0,0.0,
2433,NVB,0.0,0.0,0.0,0.0,2.674703598022461,,1.010272741317749,0.0,0.0,
2434,NVB,0.0,0.0,0.0,0.0,2.591871738433838,,1.004640817642212,0.0,0.0,
2435,NVB,0.0,0.0,0.0,0.0,1.9063459634780884,,1.0042035579681396,0.0,0.0,
2436,NVB,0.0,0.0,0.0,0.0,2.602136850357056,,1.002125859260559,0.0,0.0,
2437,NVB,0.0,0.0,0.0,0.0,1.382053017616272,,1.0040106773376465,0.0,0.0,
2438,NVB,0.0,0.0,0.0,0.0,1.300938367843628,,1.0012317895889282,0.0,0.0,
2439,NVB,0.0,0.0,0.0,0.0,1.9071744680404663,,1.0030324459075928,0.0,0.0,
2440,NVB,0.0,0.0,0.0,0.0,0.9963979721069336,,1.00311279296875,0.0,0.0,
2441,NVB,0.0,0.0,0.0,0.0,1.852705478668213,,1.0022685527801514,0.0,0.0,
2442,NVB,0.0,0.0,0.0,0.0,1.6690664291381836,,1.007367730140686,0.0,0.0,
2443,NVB,0.0,0.0,0.0,0.0,4.15607213973999,,1.0048307180404663,0.0,0.0,
2444,NVB,0.0,0.0,0.0,0.0,4.258363723754883,,1.0053218603134155,0.0,0.0,
2445,NVB,0.0,0.0,0.0,0.0,1.5457342863082886,,1.0040239095687866,0.0,0.0,
2446,NVB,0.0,0.0,0.0,0.0,0.9920967221260072,,1.002354860305786,0.0,0.0,
2447,NVB,0.0,0.0,0.0,0.0,2.166306257247925,,1.0033739805221558,0.0,0.0,
2448,NVB,0.0,0.0,0.0,0.0,4.507014274597168,,1.0138782262802124,0.0,0.0,
2449,NVB,0.0,0.0,0.0,0.0,2.48734712600708,,1.0028986930847168,0.0,0.0,
2450,NVB,0.0,0.0,0.0,0.0,1.2427304983139038,,1.002466320991516,0.0,0.0,
2451,NVB,0.0,0.0,0.0,0.0,4.052273273468018,,1.006205677986145,0.0,0.0,
2452,NVB,0.0,0.0,0.0,0.0,4.169442176818848,,1.0035133361816406,0.0,0.0,
2453,NVB,0.0,0.0,0.0,0.0,5.2779951095581055,,1.0067602396011353,0.0,0.0,
2454,NVB,0.0,0.0,0.0,0.0,2.892628669738769,,1.0033708810806274,0.0,0.0,
2455,NVB,0.0,0.0,0.0,0.0,2.640389204025269,,1.002291560173035,0.0,0.0,
2456,NVB,0.0,0.0,0.0,0.0,3.019575595855713,,1.0050171613693235,0.0,0.0,
2457,NVB,0.0,0.0,0.0,0.0,3.60861086845398,,1.0057542324066162,0.0,0.0,
2458,NVB,0.0,0.0,0.0,0.0,1.920133709907532,,1.001956343650818,0.0,0.0,
2459,NVB,0.0,0.0,0.0,0.0,2.220367908477783,,1.0023889541625977,0.0,0.0,
2460,NVB,0.0,0.0,0.0,0.0,1.3845202922821045,,1.001860737800598,0.0,0.0,
2461,NVB,0.0,0.0,0.0,0.0,0.6986397504806519,,1.0001989603042605,0.0,0.0,
2462,NVB,0.0,0.0,0.0,0.0,1.2232820987701416,,1.001949667930603,0.0,0.0,
2463,NVB,0.0,0.0,0.0,0.0,2.633018732070923,,1.003899335861206,0.0,0.0,
2464,NVB,0.0,0.0,0.0,0.0,4.536095142364502,,1.0056456327438354,0.0,0.0,
2465,NVB,0.0,0.0,0.0,0.0,2.651633977890014,,1.0069458484649658,0.0,0.0,
2466,NVB,0.0,0.0,0.0,0.0,2.8748316764831543,,1.0041275024414062,0.0,0.0,
2467,NVB,0.0,0.0,0.0,0.0,1.4846991300582886,,1.007954478263855,0.0,0.0,
2468,NVB,0.0,0.0,0.0,0.0,0.5993834733963013,,1.0016686916351318,0.0,0.0,
2469,NVB,0.0,0.0,0.0,0.0,2.7511043548583984,,1.0038028955459597,0.0,0.0,
2470,NVB,0.0,0.0,0.0,0.0,1.5901591777801514,,1.0029075145721436,0.0,0.0,
2471,NVB,0.0,0.0,0.0,0.0,1.192043423652649,,1.0018590688705444,0.0,0.0,
2472,NVB,0.0,0.0,0.0,0.0,2.215594291687012,,1.0065898895263672,0.0,0.0,
2473,NVB,0.0,0.0,0.0,0.0,2.2899057865142822,,1.0022376775741575,0.0,0.0,
2474,NVB,0.0,0.0,0.0,0.0,2.2293174266815186,,1.001479983329773,0.0,0.0,
2475,NVB,0.0,0.0,0.0,0.0,1.827064514160156,,1.002186894416809,0.0,0.0,
2476,NVB,0.0,0.0,0.0,0.0,1.554273247718811,,1.034366250038147,0.0,0.0,
2477,NVB,0.0,0.0,0.0,0.0,0.818699061870575,,1.0030180215835571,0.0,0.0,
2478,NVB,0.0,0.0,0.0,0.0,3.698488712310791,,1.0097638368606567,0.0,0.0,
2479,NVB,0.0,0.0,0.0,0.0,1.4509944915771484,,1.0169346332550049,0.0,0.0,
2480,NVB,0.0,0.0,0.0,0.0,2.591768741607666,,1.004827618598938,0.0,0.0,
2481,NVB,0.0,0.0,0.0,0.0,3.392547607421875,,1.0177420377731323,0.0,0.0,
2482,NVB,0.0,0.0,0.0,0.0,5.066713333129883,,1.016391038894653,0.0,0.0,
2483,NVB,0.0,0.0,0.0,0.0,6.002790927886963,,1.0231504440307615,0.0,0.0,
2484,NVB,0.0,0.0,0.0,0.0,4.379501819610596,,1.0052589178085327,0.0,0.0,
2485,NVB,0.0,0.0,0.0,0.0,3.44932222366333,,1.007010817527771,0.0,0.0,
2486,NVB,0.0,0.0,0.0,0.0,2.706186056137085,,1.001917600631714,0.0,0.0,
2487,NVB,0.0,0.0,0.0,0.0,5.4539713859558105,,1.0337415933609009,0.0,0.0,
2488,NVB,0.0,0.0,0.0,0.0,1.8644620180130005,,1.0212582349777222,0.0,0.0,
2489,NVB,0.0,0.0,0.0,0.0,3.0848610401153564,,1.0066908597946167,0.0,0.0,
2490,NVB,0.0,0.0,0.0,0.0,2.8776628971099854,,1.0089023113250732,0.0,0.0,
2491,NVB,0.0,0.0,0.0,0.0,4.765438079833984,,1.0100769996643066,0.0,0.0,
2492,NVB,0.0,0.0,0.0,0.0,3.112356662750244,,1.012972116470337,0.0,0.0,
2493,NVB,0.0,0.0,0.0,0.0,2.6212925910949707,,1.0107475519180298,0.0,0.0,
2494,NVB,0.0,0.0,0.0,0.0,3.3450751304626465,,1.0147806406021118,0.0,0.0,
2495,NVB,0.0,0.0,0.0,0.0,2.639542579650879,,1.0070290565490725,0.0,0.0,
2496,NVB,0.0,0.0,0.0,0.0,3.676288366317749,,1.0056828260421753,0.0,0.0,
2497,NVB,0.0,0.0,0.0,0.0,2.503771543502808,,1.0072497129440308,0.0,0.0,
2498,NVB,0.0,0.0,0.0,0.0,1.7769372463226318,,1.015588641166687,0.0,0.0,
2499,NVB,0.0,0.0,0.0,0.0,2.270730495452881,,1.0125861167907717,0.0,0.0,
2500,NVB,0.0,0.0,0.0,0.0,3.0928895473480225,,1.0093361139297483,0.0,0.0,
2501,NVB,0.0,0.0,0.0,0.0,2.1002402305603027,,1.0301865339279177,0.0,0.0,
2502,NVB,0.0,0.0,0.0,0.0,4.111217975616455,,1.0275312662124634,0.0,0.0,
2503,NVB,0.0,0.0,0.0,0.0,3.1036019325256348,,1.0281566381454468,0.0,0.0,
2504,NVB,0.0,0.0,0.0,0.0,4.044900894165039,,1.010991454124451,0.0,0.0,
2505,NVB,0.0,0.0,0.0,0.0,5.67108678817749,,1.0184640884399414,0.0,0.0,
2506,NVB,0.0,0.0,0.0,0.0,5.909090042114258,,1.0832513570785522,0.0,0.0,
2507,NVB,0.0,0.0,0.0,0.0,5.359591007232666,,1.0562375783920288,0.0,0.0,
2508,NVB,0.0,0.0,0.0,0.0,8.31857681274414,,1.0265517234802246,0.0,0.0,
2509,NVB,0.0,0.0,0.0,0.0,3.0588812828063965,,1.009463906288147,0.0,0.0,
2510,NVB,0.0,0.0,0.0,0.0,2.260334253311157,,1.0078037977218628,0.0,0.0,
2511,NVB,0.0,0.0,0.0,0.0,2.865577459335327,,1.0025488138198853,0.0,0.0,
2512,NVB,0.0,0.0,0.0,0.0,2.651747941970825,,1.0096451044082642,0.0,0.0,
2513,NVB,0.0,0.0,0.0,0.0,5.4866790771484375,,1.013062834739685,0.0,0.0,
2514,NVB,0.0,0.0,0.0,0.0,0.8088439702987671,,1.0033589601516724,0.0,0.0,
2515,NVB,0.0,0.0,0.0,0.0,2.5231618881225586,,1.0030280351638794,0.0,0.0,
2516,NVB,0.0,0.0,0.0,0.0,4.364517688751221,,1.0201590061187744,0.0,0.0,
2517,NVB,0.0,0.0,0.0,0.0,3.461378812789917,,1.0053284168243408,0.0,0.0,
2518,NVB,0.0,0.0,0.0,0.0,1.0621591806411743,,1.0081597566604614,0.0,0.0,
2519,NVB,0.0,0.0,0.0,0.0,5.659303188323975,,1.0129034519195557,0.0,0.0,
2520,NVB,0.0,0.0,0.0,0.0,1.0874024629592896,,1.0063177347183228,0.0,0.0,
2521,NVB,0.0,0.0,0.0,0.0,1.0499680042266846,,1.0093578100204468,0.0,0.0,
2522,NVB,0.0,0.0,0.0,0.0,2.345980405807495,,1.0077526569366455,0.0,0.0,
2523,NVB,0.0,0.0,0.0,0.0,2.000097274780273,,1.0050456523895264,0.0,0.0,
2524,NVB,0.0,0.0,0.0,0.0,2.2361395359039307,,1.0020822286605835,0.0,0.0,
2525,NVB,0.0,0.0,0.0,0.0,2.293821096420288,,1.001431941986084,0.0,0.0,
2526,NVB,0.0,0.0,0.0,0.0,1.524728775024414,,1.00117290019989,0.0,0.0,
2527,NVB,0.0,0.0,0.0,0.0,1.317150592803955,,1.0013351440429688,0.0,0.0,
2528,NVB,0.0,0.0,0.0,0.0,0.885435938835144,,1.0023926496505735,0.0,0.0,
2529,NVB,0.0,0.0,0.0,0.0,0.9574264883995056,,1.0019813776016235,0.0,0.0,
2530,NVB,0.0,0.0,0.0,0.0,0.7510717511177063,,1.002971649169922,0.0,0.0,
2531,NVB,0.0,0.0,0.0,0.0,0.6769893765449524,,1.0012682676315308,0.0,0.0,
2532,NVB,0.0,0.0,0.0,0.0,1.0111113786697388,,1.0023850202560425,0.0,0.0,
2533,NVB,0.0,0.0,0.0,0.0,0.9824421405792236,,1.0035300254821775,0.0,0.0,
2534,NVB,0.0,0.0,0.0,0.0,3.197088718414306,,1.0036582946777344,0.0,0.0,
2535,NVB,0.0,0.0,0.0,0.0,0.848539412021637,,1.010502815246582,0.0,0.0,
2536,NVB,0.0,0.0,0.0,0.0,3.838279962539673,,1.0043617486953735,0.0,0.0,
2537,NVB,0.0,0.0,0.0,0.0,2.1255362033843994,,1.0009475946426392,0.0,0.0,
2538,NVB,0.0,0.0,0.0,0.0,1.8644546270370483,,1.004170536994934,0.0,0.0,
2539,NVB,0.0,0.0,0.0,0.0,4.251502513885498,,1.0105326175689695,0.0,0.0,
2540,NVB,0.0,0.0,0.0,0.0,1.272375464439392,,1.00074303150177,0.0,0.0,
2541,NVB,0.0,0.0,0.0,0.0,2.0630288124084477,,1.002515435218811,0.0,0.0,
2542,NVB,0.0,0.0,0.0,0.0,2.489689588546753,,1.0037217140197754,0.0,0.0,
2543,NVB,0.0,0.0,0.0,0.0,0.715978741645813,,1.002030372619629,0.0,0.0,
2544,NVB,0.0,0.0,0.0,0.0,3.249147891998291,,1.008272409439087,0.0,0.0,
2545,NVB,0.0,0.0,0.0,0.0,1.616998553276062,,1.004839539527893,0.0,0.0,
2546,NVB,0.0,0.0,0.0,0.0,1.7796883583068848,,1.0023082494735718,0.0,0.0,
2547,NVB,0.0,0.0,0.0,0.0,0.5391042828559875,,1.003528356552124,0.0,0.0,
2548,NVB,0.0,0.0,0.0,0.0,2.4759721755981445,,1.0021557807922363,0.0,0.0,
2549,NVB,0.0,0.0,0.0,0.0,2.156655788421631,,1.0016632080078125,0.0,0.0,
2550,NVB,0.0,0.0,0.0,0.0,1.6601407527923584,,1.0021549463272097,0.0,0.0,
2551,NVB,0.0,0.0,0.0,0.0,0.9332338571548462,,1.0015960931777954,0.0,0.0,
2552,NVB,0.0,0.0,0.0,0.0,2.5228071212768555,,1.0150387287139893,0.0,0.0,
2553,NVB,0.0,0.0,0.0,0.0,0.9373584985733032,,1.0196031332015991,0.0,0.0,
2554,NVB,0.0,0.0,0.0,0.0,2.0067355632781982,,1.0078375339508057,0.0,0.0,
2555,NVB,0.0,0.0,0.0,0.0,1.6551405191421509,,1.0077917575836182,0.0,0.0,
2556,NVB,0.0,0.0,0.0,0.0,3.1954519748687744,,1.0050987005233765,0.0,0.0,
2557,NVB,0.0,0.0,0.0,0.0,2.66846251487732,,1.0057297945022583,0.0,0.0,
2558,NVB,0.0,0.0,0.0,0.0,2.055140495300293,,1.001514196395874,0.0,0.0,
2559,NVB,0.0,0.0,0.0,0.0,3.095721960067749,,1.002289056777954,0.0,0.0,
2560,NVB,0.0,0.0,0.0,0.0,1.7111088037490845,,1.005711317062378,0.0,0.0,
2561,NVB,0.0,0.0,0.0,0.0,2.801194429397583,,1.0077283382415771,0.0,0.0,
2562,NVB,0.0,0.0,0.0,0.0,1.5168538093566897,,1.0023216009140017,0.0,0.0,
2563,NVB,0.0,0.0,0.0,0.0,1.2201697826385498,,1.0011574029922483,0.0,0.0,
2564,NVB,0.0,0.0,0.0,0.0,1.008130669593811,,1.0056228637695312,0.0,0.0,
2565,NVB,0.0,0.0,0.0,0.0,2.500350952148437,,1.004284143447876,0.0,0.0,
2566,NVB,0.0,0.0,0.0,0.0,2.641453742980957,,1.003405213356018,0.0,0.0,
2567,NVB,0.0,0.0,0.0,0.0,1.1623446941375732,,1.0022186040878296,0.0,0.0,
2568,NVB,0.0,0.0,0.0,0.0,2.8007917404174805,,1.0022963285446167,0.0,0.0,
2569,NVB,0.0,0.0,0.0,0.0,2.831640243530273,,1.0045011043548584,0.0,0.0,
2570,NVB,0.0,0.0,0.0,0.0,3.2711071968078613,,1.0168391466140747,0.0,0.0,
2571,NVB,0.0,0.0,0.0,0.0,0.5521883964538574,,1.0075578689575195,0.0,0.0,
2572,NVB,0.0,0.0,0.0,0.0,2.702328681945801,,1.0018354654312134,0.0,0.0,
2573,NVB,0.0,0.0,0.0,0.0,0.2761469781398773,,1.0032724142074585,0.0,0.0,
2574,NVB,0.0,0.0,0.0,0.0,0.719038724899292,,1.0013396739959717,0.0,0.0,
2575,NVB,0.0,0.0,0.0,0.0,1.6438268423080444,,1.003342866897583,0.0,0.0,
2576,NVB,0.0,0.0,0.0,0.0,1.284536838531494,,1.0043200254440308,0.0,0.0,
2577,NVB,0.0,0.0,0.0,0.0,2.112473726272583,,1.0016618967056274,0.0,0.0,
2578,NVB,0.0,0.0,0.0,0.0,2.3090908527374268,,1.0070692300796509,0.0,0.0,
2579,NVB,0.0,0.0,0.0,0.0,1.9934622049331665,,1.0017842054367063,0.0,0.0,
2580,NVB,0.0,0.0,0.0,0.0,0.290262222290039,,1.0011475086212158,0.0,0.0,
2581,NVB,0.0,0.0,0.0,0.0,1.8810232877731323,,1.002434492111206,0.0,0.0,
2582,NVB,0.0,0.0,0.0,0.0,1.6595954895019531,,1.0009829998016355,0.0,0.0,
2583,NVB,0.0,0.0,0.0,0.0,0.6064719557762146,,1.0027952194213867,0.0,0.0,
2584,NVB,0.0,0.0,0.0,0.0,0.7029401659965515,,1.0015652179718018,0.0,0.0,
2585,NVB,0.0,0.0,0.0,0.0,2.1601462364196777,,1.002399444580078,0.0,0.0,
2586,NVB,0.0,0.0,0.0,0.0,1.415536880493164,,1.0007922649383545,0.0,0.0,
2587,NVB,0.0,0.0,0.0,0.0,1.319675326347351,,1.0208531618118286,0.0,0.0,
2588,NVB,0.0,0.0,0.0,0.0,3.3241894245147705,,1.002827286720276,0.0,0.0,
2589,NVB,0.0,0.0,0.0,0.0,1.8465546369552608,,1.0070786476135254,0.0,0.0,
2590,NVB,0.0,0.0,0.0,0.0,2.1321494579315186,,1.0026085376739502,0.0,0.0,
2591,NVB,0.0,0.0,0.0,0.0,5.617128372192383,,1.0190225839614868,0.0,0.0,
2592,NVB,0.0,0.0,0.0,0.0,2.9246485233306885,,1.0086904764175415,0.0,0.0,
2593,NVB,0.0,0.0,0.0,0.0,1.738174557685852,,1.0066673755645752,0.0,0.0,
2594,NVB,0.0,0.0,0.0,0.0,0.563511848449707,,1.0014381408691406,0.0,0.0,
2595,NVB,0.0,0.0,0.0,0.0,1.571308135986328,,1.00128436088562,0.0,0.0,
2596,NVB,0.0,0.0,0.0,0.0,1.4821624755859375,,1.001283049583435,0.0,0.0,
2597,NVB,0.0,0.0,0.0,0.0,3.0192317962646484,,1.004848837852478,0.0,0.0,
2598,NVB,0.0,0.0,0.0,0.0,3.385319232940674,,1.0152292251586914,0.0,0.0,
2599,NVB,0.0,0.0,0.0,0.0,1.340098857879639,,1.0011001825332642,0.0,0.0,
2600,NVB,0.0,0.0,0.0,0.0,2.4714174270629883,,1.00584876537323,0.0,0.0,
2601,NVB,0.0,0.0,0.0,0.0,1.822232127189636,,1.0066863298416138,0.0,0.0,
2602,NVB,0.0,0.0,0.0,0.0,0.7472239136695862,,1.004394292831421,0.0,0.0,
2603,NVB,0.0,0.0,0.0,0.0,0.8556636571884155,,1.00290846824646,0.0,0.0,
2604,NVB,0.0,0.0,0.0,0.0,1.0245752334594729,,1.0044256448745728,0.0,0.0,
2605,NVB,0.0,0.0,0.0,0.0,1.9010692834854128,,1.0024644136428833,0.0,0.0,
2606,NVB,0.0,0.0,0.0,0.0,1.049958348274231,,1.0008999109268188,0.0,0.0,
2607,NVB,0.0,0.0,0.0,0.0,1.4262300729751587,,1.0057103633880615,0.0,0.0,
2608,NVB,0.0,0.0,0.0,0.0,1.2564507722854614,,1.002769112586975,0.0,0.0,
2609,NVB,0.0,0.0,0.0,0.0,0.8398592472076416,,1.0350199937820437,0.0,0.0,
2610,NVB,0.0,0.0,0.0,0.0,0.8836051821708679,,1.00188148021698,0.0,0.0,
2611,NVB,0.0,0.0,0.0,0.0,3.341865062713623,,1.0044692754745483,0.0,0.0,
2612,NVB,0.0,0.0,0.0,0.0,2.1524195671081543,,1.004394292831421,0.0,0.0,
2613,NVB,0.0,0.0,0.0,0.0,1.7496955394744873,,1.002877116203308,0.0,0.0,
2614,NVB,0.0,0.0,0.0,0.0,2.9573395252227783,,1.0070946216583252,0.0,0.0,
2615,NVB,0.0,0.0,0.0,0.0,1.7089678049087524,,1.0034013986587524,0.0,0.0,
2616,NVB,0.0,0.0,0.0,0.0,1.4012815952301023,,1.0042047500610352,0.0,0.0,
2617,NVB,0.0,0.0,0.0,0.0,2.878230333328247,,1.0034308433532717,0.0,0.0,
2618,NVB,0.0,0.0,0.0,0.0,1.8083524703979488,,1.0020252466201782,0.0,0.0,
2619,NVB,0.0,0.0,0.0,0.0,2.3533055782318115,,1.0017595291137695,0.0,0.0,
2620,NVB,0.0,0.0,0.0,0.0,3.8412933349609375,,1.006150245666504,0.0,0.0,
2621,NVB,0.0,0.0,0.0,0.0,3.890589475631714,,1.0148065090179443,0.0,0.0,
2622,NVB,0.0,0.0,0.0,0.0,1.4629888534545898,,1.0042448043823242,0.0,0.0,
2623,NVB,0.0,0.0,0.0,0.0,2.4340813159942627,,1.0294963121414185,0.0,0.0,
2624,NVB,0.0,0.0,0.0,0.0,1.1327252388000488,,1.0037752389907837,0.0,0.0,
2625,NVB,0.0,0.0,0.0,0.0,2.932699680328369,,1.014577865600586,0.0,0.0,
2626,NVB,0.0,0.0,0.0,0.0,4.738219738006592,,1.0408402681350708,0.0,0.0,
2627,NVB,0.0,0.0,0.0,0.0,4.004794120788574,,1.010728120803833,0.0,0.0,
2628,NVB,0.0,0.0,0.0,0.0,1.3612416982650757,,1.0046627521514893,0.0,0.0,
2629,NVB,0.0,0.0,0.0,0.0,3.989422082901001,,1.0088586807250977,0.0,0.0,
2630,NVB,0.0,0.0,0.0,0.0,5.277137756347656,,1.0152302980422974,0.0,0.0,
2631,NVB,0.0,0.0,0.0,0.0,1.9010051488876345,,1.0774673223495483,0.0,0.0,
2632,NVB,0.0,0.0,0.0,0.0,3.48223090171814,,1.0183348655700684,0.0,0.0,
2633,NVB,0.0,0.0,0.0,0.0,1.4939535856246948,,1.012733817100525,0.0,0.0,
2634,NVB,0.0,0.0,0.0,0.0,2.010362148284912,,1.0087112188339231,0.0,0.0,
2635,NVB,0.0,0.0,0.0,0.0,2.817850351333618,,1.0127756595611572,0.0,0.0,
2636,NVB,0.0,0.0,0.0,0.0,2.461519241333008,,1.0076706409454346,0.0,0.0,
2637,NVB,0.0,0.0,0.0,0.0,0.3730247616767883,,1.005407691001892,0.0,0.0,
2638,NVB,0.0,0.0,0.0,0.0,3.374094009399414,,1.0065809488296509,0.0,0.0,
2639,NVB,0.0,0.0,0.0,0.0,2.880955934524536,,1.0047649145126345,0.0,0.0,
2640,NVB,0.0,0.0,0.0,0.0,0.7741956114768982,,1.0058151483535769,0.0,0.0,
2641,NVB,0.0,0.0,0.0,0.0,4.374863624572754,,1.0051599740982056,0.0,0.0,
2642,NVB,0.0,0.0,0.0,0.0,2.443619728088379,,1.0029915571212769,0.0,0.0,
2643,NVB,0.0,0.0,0.0,0.0,2.0100252628326416,,1.0046794414520264,0.0,0.0,
2644,NVB,0.0,0.0,0.0,0.0,2.724858045578003,,1.0059232711791992,0.0,0.0,
2645,NVB,0.0,0.0,0.0,0.0,6.830654144287109,,1.0094926357269287,0.0,0.0,
2646,NVB,0.0,0.0,0.0,0.0,0.3750621378421783,,1.0049983263015747,0.0,0.0,
2647,NVB,0.0,0.0,0.0,0.0,1.003846287727356,,1.0029038190841677,0.0,0.0,
2648,NVB,0.0,0.0,0.0,0.0,4.886463642120361,,1.0083763599395752,0.0,0.0,
2649,NVB,0.0,0.0,0.0,0.0,4.734464168548584,,1.0115623474121094,0.0,0.0,
2650,NVB,0.0,0.0,0.0,0.0,1.3329575061798096,,1.0136913061141968,0.0,0.0,
2651,NVB,0.0,0.0,0.0,0.0,2.027167320251465,,1.0093367099761963,0.0,0.0,
2652,NVB,0.0,0.0,0.0,0.0,1.2747092247009275,,1.0046517848968506,0.0,0.0,
2653,NVB,0.0,0.0,0.0,0.0,3.88887882232666,,1.007486343383789,0.0,0.0,
2654,NVB,0.0,0.0,0.0,0.0,1.481817364692688,,1.0086019039154053,0.0,0.0,
2655,NVB,0.0,0.0,0.0,0.0,2.9748380184173584,,1.0031205415725708,0.0,0.0,
2656,NVB,0.0,0.0,0.0,0.0,1.790862202644348,,1.0073378086090088,0.0,0.0,
2657,NVB,0.0,0.0,0.0,0.0,2.141638994216919,,1.0180683135986328,0.0,0.0,
2658,NVB,0.0,0.0,0.0,0.0,3.434436559677124,,1.0076700448989868,0.0,0.0,
2659,NVB,0.0,0.0,0.0,0.0,2.8581812381744385,,1.0129036903381348,0.0,0.0,
2660,NVB,0.0,0.0,0.0,0.0,4.377012252807617,,1.0058494806289673,0.0,0.0,
2661,NVB,0.0,0.0,0.0,0.0,2.6967694759368896,,1.0025594234466553,0.0,0.0,
2662,NVB,0.0,0.0,0.0,0.0,2.5755326747894287,,1.0074782371520996,0.0,0.0,
2663,NVB,0.0,0.0,0.0,0.0,2.18223237991333,,1.006306529045105,0.0,0.0,
2664,NVB,0.0,0.0,0.0,0.0,5.369061470031738,,1.0072875022888184,0.0,0.0,
2665,NVB,0.0,0.0,0.0,0.0,1.5878210067749023,,1.0057487487792969,0.0,0.0,
2666,NVB,0.0,0.0,0.0,0.0,0.3953261971473694,,1.0029717683792114,0.0,0.0,
2667,NVB,0.0,0.0,0.0,0.0,3.3081979751586914,,1.006030797958374,0.0,0.0,
2668,NVB,0.0,0.0,0.0,0.0,1.818513035774231,,1.0054335594177246,0.0,0.0,
2669,NVB,0.0,0.0,0.0,0.0,3.845107555389404,,1.0195791721343994,0.0,0.0,
2670,NVB,0.0,0.0,0.0,0.0,5.4084792137146,,1.0094215869903564,0.0,0.0,
2671,NVB,0.0,0.0,0.0,0.0,4.90083646774292,,1.0263780355453491,0.0,0.0,
2672,NVB,0.0,0.0,0.0,0.0,10.233123779296877,,1.0291675329208374,0.0,0.0,
2673,NVB,0.0,0.0,0.0,0.0,0.4324217438697815,,1.0103048086166382,0.0,0.0,
2674,NVB,0.0,0.0,0.0,0.0,3.0334103107452397,,1.014087200164795,0.0,0.0,
2675,NVB,0.0,0.0,0.0,0.0,1.289011836051941,,1.0118271112442017,0.0,0.0,
2676,NVB,0.0,0.0,0.0,0.0,0.6742187142372131,,1.021313190460205,0.0,0.0,
2677,NVB,0.0,0.0,0.0,0.0,8.732219696044922,,1.0478150844573977,0.0,0.0,
2678,NVB,0.0,0.0,0.0,0.0,1.5619045495986938,,1.022649884223938,0.0,0.0,
2679,NVB,0.0,0.0,0.0,0.0,6.73510217666626,,1.0258287191390991,0.0,0.0,
2680,NVB,0.0,0.0,0.0,0.0,5.973442554473877,,1.028644561767578,0.0,0.0,
2681,NVB,0.0,0.0,0.0,0.0,2.357982873916626,,1.007344365119934,0.0,0.0,
2682,NVB,0.0,0.0,0.0,0.0,4.998881816864014,,1.0129474401474,0.0,0.0,
2683,NVB,0.0,0.0,0.0,0.0,3.253852367401123,,1.00415301322937,0.0,0.0,
2684,NVB,0.0,0.0,0.0,0.0,0.5727306008338928,,1.0160964727401731,0.0,0.0,
2685,NVB,0.0,0.0,0.0,0.0,1.774150848388672,,1.003933310508728,0.0,0.0,
2686,NVB,0.0,0.0,0.0,0.0,3.8763527870178223,,1.0068508386611938,0.0,0.0,
2687,NVB,0.0,0.0,0.0,0.0,1.6484860181808472,,1.0016928911209106,0.0,0.0,
2688,NVB,0.0,0.0,0.0,0.0,1.8111250400543213,,1.005466103553772,0.0,0.0,
2689,NVB,0.0,0.0,0.0,0.0,3.1109023094177246,,1.00335693359375,0.0,0.0,
2690,NVB,0.0,0.0,0.0,0.0,2.697482824325561,,1.0046690702438354,0.0,0.0,
2691,NVB,0.0,0.0,0.0,0.0,3.08223295211792,,1.0070453882217407,0.0,0.0,
2692,NVB,0.0,0.0,0.0,0.0,4.559022426605225,,1.0090805292129517,0.0,0.0,
2693,NVB,0.0,0.0,0.0,0.0,3.132776021957397,,1.006458044052124,0.0,0.0,
2694,NVB,0.0,0.0,0.0,0.0,2.9271280765533447,,1.016756534576416,0.0,0.0,
2695,NVB,0.0,0.0,0.0,0.0,6.146955490112305,,1.0154560804367063,0.0,0.0,
2696,NVB,0.0,0.0,0.0,0.0,4.159864902496338,,1.013391613960266,0.0,0.0,
2697,NVB,0.0,0.0,0.0,0.0,9.018880844116213,,1.01885724067688,0.0,0.0,
2698,NVB,0.0,0.0,0.0,0.0,3.970978260040283,,1.0250953435897827,0.0,0.0,
2699,NVB,0.0,0.0,0.0,0.0,10.978338241577148,,1.0234156847000122,0.0,0.0,
2700,NVB,0.0,0.0,0.0,0.0,4.42844820022583,,1.029468655586243,0.0,0.0,
2701,NVB,0.0,0.0,0.0,0.0,6.960686683654785,,1.039228081703186,0.0,0.0,
2702,NVB,0.0,0.0,0.0,0.0,3.7684717178344727,,1.0145206451416016,0.0,0.0,
2703,NVB,0.0,0.0,0.0,0.0,6.578057289123535,,1.0127898454666138,0.0,0.0,
2704,NVB,0.0,0.0,0.0,0.0,4.082425117492676,,1.1758967638015747,0.0,0.0,
2705,NVB,0.0,0.0,0.0,0.0,3.8895223140716553,,1.0437554121017456,0.0,0.0,
2706,NVB,0.0,0.0,0.0,0.0,0.356234610080719,,1.0112184286117554,0.0,0.0,
2707,NVB,0.0,0.0,0.0,0.0,6.337447643280029,,1.0140188932418823,0.0,0.0,
2708,NVB,0.0,0.0,0.0,0.0,0.8302446007728577,,1.0055556297302246,0.0,0.0,
2709,NVB,0.0,0.0,0.0,0.0,4.537382125854492,,1.0190175771713257,0.0,0.0,
2710,NVB,0.0,0.0,0.0,0.0,5.52359676361084,,1.0138747692108154,0.0,0.0,
2711,NVB,0.0,0.0,0.0,0.0,3.603002548217773,,1.0036683082580566,0.0,0.0,
2712,NVB,0.0,0.0,0.0,0.0,1.9147287607192995,,1.0075637102127075,0.0,0.0,
2713,NVB,0.0,0.0,0.0,0.0,0.1381051987409591,,1.0043529272079468,0.0,0.0,
2714,NVB,0.0,0.0,0.0,0.0,3.7732045650482178,,1.0071393251419067,0.0,0.0,
2715,NVB,0.0,0.0,0.0,0.0,2.280956506729126,,1.006201148033142,0.0,0.0,
2716,NVB,0.0,0.0,0.0,0.0,5.7507524490356445,,1.0111063718795776,0.0,0.0,
2717,NVB,0.0,0.0,0.0,0.0,0.4712753891944885,,1.0030840635299685,0.0,0.0,
2718,NVB,0.0,0.0,0.0,0.0,1.3196619749069214,,1.0164507627487185,0.0,0.0,
2719,NVB,0.0,0.0,0.0,0.0,1.9486550092697144,,1.00779926776886,0.0,0.0,
2720,NVB,0.0,0.0,0.0,0.0,1.2557631731033323,,1.0030993223190308,0.0,0.0,
2721,NVB,0.0,0.0,0.0,0.0,3.282988786697388,,1.0186936855316162,0.0,0.0,
2722,NVB,0.0,0.0,0.0,0.0,1.735138773918152,,1.0061798095703125,0.0,0.0,
2723,NVB,0.0,0.0,0.0,0.0,5.987046241760254,,1.019442796707153,0.0,0.0,
2724,NVB,0.0,0.0,0.0,0.0,7.220996856689453,,1.015878200531006,0.0,0.0,
2725,NVB,0.0,0.0,0.0,0.0,6.322642803192139,,1.012545466423035,0.0,0.0,
2726,NVB,0.0,0.0,0.0,0.0,3.488633394241333,,1.0079326629638672,0.0,0.0,
2727,NVB,0.0,0.0,0.0,0.0,8.64753532409668,,1.0186705589294434,0.0,0.0,
2728,NVB,0.0,0.0,0.0,0.0,5.454619407653809,,1.02161705493927,0.0,0.0,
2729,NVB,0.0,0.0,0.0,0.0,0.8982736468315125,,1.027889370918274,0.0,0.0,
2730,NVB,0.0,0.0,0.0,0.0,5.4576029777526855,,1.014237642288208,0.0,0.0,
2731,NVB,0.0,0.0,0.0,0.0,1.7958002090454102,,1.0018340349197388,0.0,0.0,
2732,NVB,0.0,0.0,0.0,0.0,7.828109264373779,,1.0114350318908691,0.0,0.0,
2733,NVB,0.0,0.0,0.0,0.0,4.209929466247559,,1.0087465047836304,0.0,0.0,
2734,NVB,0.0,0.0,0.0,0.0,4.215591907501221,,1.0265766382217407,0.0,0.0,
2735,NVB,0.0,0.0,0.0,0.0,0.6516187787055969,,1.0007543563842771,0.0,0.0,
2736,NVB,0.0,0.0,0.0,0.0,0.7931607961654663,,1.0057799816131592,0.0,0.0,
2737,NVB,0.0,0.0,0.0,0.0,3.124629259109497,,1.0036183595657349,0.0,0.0,
2738,NVB,0.0,0.0,0.0,0.0,4.282790660858154,,1.0089130401611328,0.0,0.0,
2739,NVB,0.0,0.0,0.0,0.0,1.1714859008789062,,1.0087742805480957,0.0,0.0,
2740,NVB,0.0,0.0,0.0,0.0,2.8767051696777344,,1.0104763507843018,0.0,0.0,
2741,NVB,0.0,0.0,0.0,0.0,2.629490613937378,,1.005632996559143,0.0,0.0,
2742,NVB,0.0,0.0,0.0,0.0,1.5648183822631836,,1.0073304176330566,0.0,0.0,
2743,NVB,0.0,0.0,0.0,0.0,2.026894807815552,,1.0128144025802612,0.0,0.0,
2744,NVB,0.0,0.0,0.0,0.0,2.1806890964508057,,1.0047972202301023,0.0,0.0,
2745,NVB,0.0,0.0,0.0,0.0,1.6223773956298828,,1.0062551498413086,0.0,0.0,
2746,NVB,0.0,0.0,0.0,0.0,4.57554292678833,,1.0119839906692505,0.0,0.0,
2747,NVB,0.0,0.0,0.0,0.0,1.6645255088806152,,1.0032404661178589,0.0,0.0,
2748,NVB,0.0,0.0,0.0,0.0,1.786865472793579,,1.0020779371261597,0.0,0.0,
2749,NVB,0.0,0.0,0.0,0.0,0.539117157459259,,1.00182044506073,0.0,0.0,
2750,NVB,0.0,0.0,0.0,0.0,3.122866630554199,,1.0043723583221436,0.0,0.0,
2751,NVB,0.0,0.0,0.0,0.0,3.213477611541748,,1.0052450895309448,0.0,0.0,
2752,NVB,0.0,0.0,0.0,0.0,1.2995903491973877,,1.0135033130645752,0.0,0.0,
2753,NVB,0.0,0.0,0.0,0.0,10.476271629333496,,1.0310051441192627,0.0,0.0,
2754,NVB,0.0,0.0,0.0,0.0,3.183090686798096,,1.0166492462158203,0.0,0.0,
2755,NVB,0.0,0.0,0.0,0.0,2.827913999557495,,1.0189173221588137,0.0,0.0,
2756,NVB,0.0,0.0,0.0,0.0,7.691256046295166,,1.0205680131912231,0.0,0.0,
2757,NVB,0.0,0.0,0.0,0.0,1.2225732803344729,,1.025068759918213,0.0,0.0,
2758,NVB,0.0,0.0,0.0,0.0,9.186148643493652,,1.0268601179122925,0.0,0.0,
2759,NVB,0.0,0.0,0.0,0.0,5.76975679397583,,1.0091097354888916,0.0,0.0,
2760,NVB,0.0,0.0,0.0,0.0,2.5711398124694824,,1.002757906913757,0.0,0.0,
2761,NVB,0.0,0.0,0.0,0.0,7.804580211639404,,1.012518286705017,0.0,0.0,
2762,NVB,0.0,0.0,0.0,0.0,5.008035182952881,,1.006556510925293,0.0,0.0,
2763,NVB,0.0,0.0,0.0,0.0,1.890748620033264,,1.0023268461227417,0.0,0.0,
2764,NVB,0.0,0.0,0.0,0.0,2.5174665451049805,,1.0026100873947144,0.0,0.0,
2765,NVB,0.0,0.0,0.0,0.0,4.393999576568604,,1.0049206018447876,0.0,0.0,
2766,NVB,0.0,0.0,0.0,0.0,3.8426008224487305,,1.0057071447372437,0.0,0.0,
2767,NVB,0.0,0.0,0.0,0.0,1.6233528852462769,,1.0049796104431152,0.0,0.0,
2768,NVB,0.0,0.0,0.0,0.0,1.3867312669754028,,1.014771819114685,0.0,0.0,
2769,NVB,0.0,0.0,0.0,0.0,5.083730220794678,,1.006295680999756,0.0,0.0,
2770,NVB,0.0,0.0,0.0,0.0,1.5929605960845947,,1.0028929710388184,0.0,0.0,
2771,NVB,0.0,0.0,0.0,0.0,1.8876898288726809,,1.0021936893463137,0.0,0.0,
2772,NVB,0.0,0.0,0.0,0.0,1.4780369997024536,,1.0109219551086426,0.0,0.0,
2773,NVB,0.0,0.0,0.0,0.0,5.895575523376465,,1.006114482879639,0.0,0.0,
2774,NVB,0.0,0.0,0.0,0.0,1.1729531288146973,,1.0216758251190186,0.0,0.0,
2775,NVB,0.0,0.0,0.0,0.0,1.7894107103347778,,1.0018092393875122,0.0,0.0,
2776,NVB,0.0,0.0,0.0,0.0,2.841331243515014,,1.0142332315444946,0.0,0.0,
2777,NVB,0.0,0.0,0.0,0.0,4.835341453552246,,1.0067179203033447,0.0,0.0,
2778,NVB,0.0,0.0,0.0,0.0,2.6364076137542725,,1.0109421014785769,0.0,0.0,
2779,NVB,0.0,0.0,0.0,0.0,3.39202880859375,,1.0050829648971558,0.0,0.0,
2780,NVB,0.0,0.0,0.0,0.0,2.0617692470550537,,1.0036364793777466,0.0,0.0,
2781,NVB,0.0,0.0,0.0,0.0,6.2962965965271,,1.017649531364441,0.0,0.0,
2782,NVB,0.0,0.0,0.0,0.0,1.663230061531067,,1.002740740776062,0.0,0.0,
2783,NVB,0.0,0.0,0.0,0.0,2.8279592990875244,,1.002840280532837,0.0,0.0,
2784,NVB,0.0,0.0,0.0,0.0,1.7320547103881836,,1.001393437385559,0.0,0.0,
2785,NVB,0.0,0.0,0.0,0.0,4.083617210388184,,1.027405858039856,0.0,0.0,
2786,NVB,0.0,0.0,0.0,0.0,2.008275032043457,,1.0160199403762815,0.0,0.0,
2787,NVB,0.0,0.0,0.0,0.0,3.77088475227356,,1.005428671836853,0.0,0.0,
2788,NVB,0.0,0.0,0.0,0.0,4.128398418426514,,1.0228018760681152,0.0,0.0,
2789,NVB,0.0,0.0,0.0,0.0,6.182129859924316,,1.0221441984176636,0.0,0.0,
2790,NVB,0.0,0.0,0.0,0.0,4.002315044403076,,1.0065451860427856,0.0,0.0,
2791,NVB,0.0,0.0,0.0,0.0,3.1219701766967773,,1.0083835124969482,0.0,0.0,
2792,NVB,0.0,0.0,0.0,0.0,1.936068654060364,,1.0042529106140137,0.0,0.0,
2793,NVB,0.0,0.0,0.0,0.0,2.083918571472168,,1.0077662467956543,0.0,0.0,
2794,NVB,0.0,0.0,0.0,0.0,2.822434902191162,,1.0185924768447876,0.0,0.0,
2795,NVB,0.0,0.0,0.0,0.0,3.58247709274292,,1.005783200263977,0.0,0.0,
2796,NVB,0.0,0.0,0.0,0.0,1.907591700553894,,1.0071393251419067,0.0,0.0,
2797,NVB,0.0,0.0,0.0,0.0,4.813594818115234,,1.0088560581207275,0.0,0.0,
2798,NVB,0.0,0.0,0.0,0.0,6.259130954742432,,1.0247135162353516,0.0,0.0,
2799,NVB,0.0,0.0,0.0,0.0,5.547422885894775,,1.0183600187301636,0.0,0.0,
2800,NVB,0.0,0.0,0.0,0.0,4.521705627441406,,1.01810884475708,0.0,0.0,
2801,NVB,0.0,0.0,0.0,0.0,3.915205478668213,,1.0128459930419922,0.0,0.0,
2802,NVB,0.0,0.0,0.0,0.0,9.441610336303713,,1.0348889827728271,0.0,0.0,
2803,NVB,0.0,0.0,0.0,0.0,0.8173100352287292,,1.0143275260925293,0.0,0.0,
2804,NVB,0.0,0.0,0.0,0.0,5.030670642852783,,1.0083062648773191,0.0,0.0,
2805,NVB,0.0,0.0,0.0,0.0,7.057368755340576,,1.0531764030456543,0.0,0.0,
2806,NVB,0.0,0.0,0.0,0.0,2.6131014823913574,,1.018543720245361,0.0,0.0,
2807,NVB,0.0,0.0,0.0,0.0,2.4629523754119877,,1.0060904026031494,0.0,0.0,
2808,NVB,0.0,0.0,0.0,0.0,5.036048889160156,,1.005660057067871,0.0,0.0,
2809,NVB,0.0,0.0,0.0,0.0,1.434712290763855,,1.0038210153579712,0.0,0.0,
2810,NVB,0.0,0.0,0.0,0.0,3.8536107540130615,,1.014490008354187,0.0,0.0,
2811,NVB,0.0,0.0,0.0,0.0,2.6002798080444336,,1.0109901428222656,0.0,0.0,
2812,NVB,0.0,0.0,0.0,0.0,4.28936767578125,,1.0117433071136477,0.0,0.0,
2813,NVB,0.0,0.0,0.0,0.0,0.8873809576034546,,1.0019097328186035,0.0,0.0,
2814,NVB,0.0,0.0,0.0,0.0,0.7829878926277161,,1.001123070716858,0.0,0.0,
2815,NVB,0.0,0.0,0.0,0.0,0.7870017290115356,,1.001986026763916,0.0,0.0,
2816,NVB,0.0,0.0,0.0,0.0,3.356365203857422,,1.007779240608215,0.0,0.0,
2817,NVB,0.0,0.0,0.0,0.0,0.2719503939151764,,1.0047897100448608,0.0,0.0,
2818,NVB,0.0,0.0,0.0,0.0,3.89616322517395,,1.0239354372024536,0.0,0.0,
2819,NVB,0.0,0.0,0.0,0.0,4.704718112945557,,1.019550085067749,0.0,0.0,
2820,NVB,0.0,0.0,0.0,0.0,1.567969560623169,,1.0055639743804932,0.0,0.0,
2821,NVB,0.0,0.0,0.0,0.0,8.9353609085083,,1.0176434516906738,0.0,0.0,
2822,NVB,0.0,0.0,0.0,0.0,2.001500129699707,,1.0144106149673462,0.0,0.0,
2823,NVB,0.0,0.0,0.0,0.0,6.391139030456543,,1.0369043350219729,0.0,0.0,
2824,NVB,0.0,0.0,0.0,0.0,4.853913307189941,,1.0058001279830933,0.0,0.0,
2825,NVB,0.0,0.0,0.0,0.0,3.4882819652557373,,1.0056486129760742,0.0,0.0,
2826,NVB,0.0,0.0,0.0,0.0,2.886571168899536,,1.0462937355041504,0.0,0.0,
2827,NVB,0.0,0.0,0.0,0.0,8.148758888244629,,1.05500590801239,0.0,0.0,
2828,NVB,0.0,0.0,0.0,0.0,6.74815845489502,,1.0188933610916138,0.0,0.0,
2829,NVB,0.0,0.0,0.0,0.0,4.36897611618042,,1.013824462890625,0.0,0.0,
2830,NVB,0.0,0.0,0.0,0.0,1.3395873308181765,,1.0039914846420288,0.0,0.0,
2831,NVB,0.0,0.0,0.0,0.0,5.266790866851807,,1.0099499225616455,0.0,0.0,
2832,NVB,0.0,0.0,0.0,0.0,1.4969574213027954,,1.031011700630188,0.0,0.0,
2833,NVB,0.0,0.0,0.0,0.0,3.5791757106781006,,1.0085315704345703,0.0,0.0,
2834,NVB,0.0,0.0,0.0,0.0,3.0376241207122803,,1.002844214439392,0.0,0.0,
2835,NVB,0.0,0.0,0.0,0.0,2.086031675338745,,1.0123920440673828,0.0,0.0,
2836,NVB,0.0,0.0,0.0,0.0,0.4264127910137176,,1.0010977983474731,0.0,0.0,
2837,NVB,0.0,0.0,0.0,0.0,5.87662410736084,,1.008499026298523,0.0,0.0,
2838,NVB,0.0,0.0,0.0,0.0,5.403651237487793,,1.0223321914672852,0.0,0.0,
2839,NVB,0.0,0.0,0.0,0.0,2.057874917984009,,1.0057344436645508,0.0,0.0,
2840,NVB,0.0,0.0,0.0,0.0,1.9421844482421875,,1.0114880800247192,0.0,0.0,
2841,NVB,0.0,0.0,0.0,0.0,1.5100994110107422,,1.006120204925537,0.0,0.0,
2842,NVB,0.0,0.0,0.0,0.0,4.849314212799072,,1.0202302932739258,0.0,0.0,
2843,NVB,0.0,0.0,0.0,0.0,2.528183937072754,,1.0046539306640625,0.0,0.0,
2844,NVB,0.0,0.0,0.0,0.0,1.4569071531295776,,1.0134713649749756,0.0,0.0,
2845,NVB,0.0,0.0,0.0,0.0,3.686723470687866,,1.044533133506775,0.0,0.0,
2846,NVB,0.0,0.0,0.0,0.0,5.181690692901611,,1.0432192087173462,0.0,0.0,
2847,NVB,0.0,0.0,0.0,0.0,3.5457777976989746,,1.0074797868728638,0.0,0.0,
2848,NVB,0.0,0.0,0.0,0.0,3.783803701400757,,1.0178825855255127,0.0,0.0,
2849,NVB,0.0,0.0,0.0,0.0,7.980463981628418,,1.0722253322601318,0.0,0.0,
2850,NVB,0.0,0.0,0.0,0.0,2.5395846366882324,,1.0057038068771362,0.0,0.0,
2851,NVB,0.0,0.0,0.0,0.0,3.832851648330689,,1.0068564414978027,0.0,0.0,
2852,NVB,0.0,0.0,0.0,0.0,4.930279731750488,,1.015621304512024,0.0,0.0,
2853,NVB,0.0,0.0,0.0,0.0,11.319433212280272,,1.0622787475585938,0.0,0.0,
2854,NVB,0.0,0.0,0.0,0.0,3.6760153770446777,,1.0249890089035034,0.0,0.0,
2855,NVB,0.0,0.0,0.0,0.0,7.84857702255249,,1.0269533395767212,0.0,0.0,
2856,NVB,0.0,0.0,0.0,0.0,3.882148265838623,,1.0087988376617432,0.0,0.0,
2857,NVB,0.0,0.0,0.0,0.0,2.67773962020874,,1.0381933450698853,0.0,0.0,
2858,NVB,0.0,0.0,0.0,0.0,1.5679641962051392,,1.010281324386597,0.0,0.0,
2859,NVB,0.0,0.0,0.0,0.0,2.209247589111328,,1.003838062286377,0.0,0.0,
2860,NVB,0.0,0.0,0.0,0.0,1.946087121963501,,1.0007359981536863,0.0,0.0,
2861,NVB,0.0,0.0,0.0,0.0,0.8741916418075562,,1.014557957649231,0.0,0.0,
2862,NVB,0.0,0.0,0.0,0.0,2.464518547058105,,1.0172171592712402,0.0,0.0,
2863,NVB,0.0,0.0,0.0,0.0,3.1481082439422607,,1.0111523866653442,0.0,0.0,
2864,NVB,0.0,0.0,0.0,0.0,0.7552803158760071,,1.0014398097991943,0.0,0.0,
2865,NVB,0.0,0.0,0.0,0.0,5.798352718353272,,1.0130677223205566,0.0,0.0,
2866,NVB,0.0,0.0,0.0,0.0,3.567970037460327,,1.0119953155517578,0.0,0.0,
2867,NVB,0.0,0.0,0.0,0.0,1.4522123336791992,,1.0065056085586548,0.0,0.0,
2868,NVB,0.0,0.0,0.0,0.0,3.5165257453918457,,1.018107533454895,0.0,0.0,
2869,NVB,0.0,0.0,0.0,0.0,4.737130165100098,,1.01856529712677,0.0,0.0,
2870,NVB,0.0,0.0,0.0,0.0,2.864234447479248,,1.002474069595337,0.0,0.0,
2871,NVB,0.0,0.0,0.0,0.0,2.418540954589844,,1.005474090576172,0.0,0.0,
2872,NVB,0.0,0.0,0.0,0.0,2.6443536281585693,,1.0029867887496948,0.0,0.0,
2873,NVB,0.0,0.0,0.0,0.0,8.843279838562012,,1.0143107175827026,0.0,0.0,
2874,NVB,0.0,0.0,0.0,0.0,0.8404214382171631,,1.002204418182373,0.0,0.0,
2875,NVB,0.0,0.0,0.0,0.0,0.3234790861606598,,1.0075069665908811,0.0,0.0,
2876,NVB,0.0,0.0,0.0,0.0,3.87616777420044,,1.006675362586975,0.0,0.0,
2877,NVB,0.0,0.0,0.0,0.0,2.7869153022766118,,1.028412938117981,0.0,0.0,
2878,NVB,0.0,0.0,0.0,0.0,7.368436813354492,,1.020391583442688,0.0,0.0,
2879,NVB,0.0,0.0,0.0,0.0,3.57973313331604,,1.0249274969100952,0.0,0.0,
2880,NVB,0.0,0.0,0.0,0.0,2.822019577026367,,1.043306827545166,0.0,0.0,
2881,NVB,0.0,0.0,0.0,0.0,0.943581759929657,,1.0188297033309937,0.0,0.0,
2882,NVB,0.0,0.0,0.0,0.0,2.897613525390625,,1.0183459520339966,0.0,0.0,
2883,NVB,0.0,0.0,0.0,0.0,10.291921615600586,,1.0240991115570068,0.0,0.0,
2884,NVB,0.0,0.0,0.0,0.0,1.0800434350967407,,1.0113532543182373,0.0,0.0,
2885,NVB,0.0,0.0,0.0,0.0,1.1235733032226562,,1.0071803331375122,0.0,0.0,
2886,NVB,0.0,0.0,0.0,0.0,3.927765130996704,,1.031627535820007,0.0,0.0,
2887,NVB,0.0,0.0,0.0,0.0,5.846155643463135,,1.037085771560669,0.0,0.0,
2888,NVB,0.0,0.0,0.0,0.0,4.899265766143799,,1.0218162536621094,0.0,0.0,
2889,NVB,0.0,0.0,0.0,0.0,3.161293029785156,,1.0196903944015503,0.0,0.0,
2890,NVB,0.0,0.0,0.0,0.0,6.663077831268311,,1.01516592502594,0.0,0.0,
2891,NVB,0.0,0.0,0.0,0.0,1.2525291442871094,,1.0047941207885742,0.0,0.0,
2892,NVB,0.0,0.0,0.0,0.0,2.097756147384644,,1.0039106607437134,0.0,0.0,
2893,NVB,0.0,0.0,0.0,0.0,3.047495126724243,,1.002773404121399,0.0,0.0,
2894,NVB,0.0,0.0,0.0,0.0,2.5679914951324463,,1.0027031898498535,0.0,0.0,
2895,NVB,0.0,0.0,0.0,0.0,2.323113918304444,,1.0079861879348757,0.0,0.0,
2896,NVB,0.0,0.0,0.0,0.0,3.0213396549224854,,1.0022236108779907,0.0,0.0,
2897,NVB,0.0,0.0,0.0,0.0,4.5717878341674805,,1.0141749382019043,0.0,0.0,
2898,NVB,0.0,0.0,0.0,0.0,8.366458892822266,,1.029840111732483,0.0,0.0,
2899,NVB,0.0,0.0,0.0,0.0,2.8256640434265137,,1.009937047958374,0.0,0.0,
2900,NVB,0.0,0.0,0.0,0.0,2.396400213241577,,1.008275866508484,0.0,0.0,
2901,NVB,0.0,0.0,0.0,0.0,3.342646598815918,,1.0118162631988523,0.0,0.0,
2902,NVB,0.0,0.0,0.0,0.0,5.877507209777832,,1.006728172302246,0.0,0.0,
2903,NVB,0.0,0.0,0.0,0.0,3.765883207321167,,1.0031852722167969,0.0,0.0,
2904,NVB,0.0,0.0,0.0,0.0,8.163732528686523,,1.0115844011306765,0.0,0.0,
2905,NVB,0.0,0.0,0.0,0.0,5.065018653869629,,1.0066680908203125,0.0,0.0,
2906,NVB,0.0,0.0,0.0,0.0,6.213889122009277,,1.0383561849594116,0.0,0.0,
2907,NVB,0.0,0.0,0.0,0.0,1.543522834777832,,1.0175429582595823,0.0,0.0,
2908,NVB,0.0,0.0,0.0,0.0,2.9103541374206543,,1.0177888870239258,0.0,0.0,
2909,NVB,0.0,0.0,0.0,0.0,3.732956886291504,,1.0330768823623655,0.0,0.0,
2910,NVB,0.0,0.0,0.0,0.0,1.111282467842102,,1.0062744617462158,0.0,0.0,
2911,NVB,0.0,0.0,0.0,0.0,5.355549812316895,,1.0607929229736328,0.0,0.0,
2912,NVB,0.0,0.0,0.0,0.0,4.026981353759766,,1.0187681913375854,0.0,0.0,
2913,NVB,0.0,0.0,0.0,0.0,3.2683162689208984,,1.0118268728256226,0.0,0.0,
2914,NVB,0.0,0.0,0.0,0.0,0.7741935849189758,,1.0122182369232178,0.0,0.0,
2915,NVB,0.0,0.0,0.0,0.0,6.836535453796387,,1.027039647102356,0.0,0.0,
2916,NVB,0.0,0.0,0.0,0.0,4.61367654800415,,1.0225046873092651,0.0,0.0,
2917,NVB,0.0,0.0,0.0,0.0,3.24162220954895,,1.0104700326919556,0.0,0.0,
2918,NVB,0.0,0.0,0.0,0.0,1.6810855865478516,,1.0037745237350464,0.0,0.0,
2919,NVB,0.0,0.0,0.0,0.0,3.323744058609009,,1.0051935911178589,0.0,0.0,
2920,NVB,0.0,0.0,0.0,0.0,3.441998243331909,,1.0093402862548828,0.0,0.0,
2921,NVB,0.0,0.0,0.0,0.0,4.239232063293457,,1.0056298971176147,0.0,0.0,
2922,NVB,0.0,0.0,0.0,0.0,4.436715126037598,,1.0116307735443115,0.0,0.0,
2923,NVB,0.0,0.0,0.0,0.0,3.913892984390259,,1.0047531127929688,0.0,0.0,
2924,NVB,0.0,0.0,0.0,0.0,4.170961856842041,,1.004041314125061,0.0,0.0,
2925,NVB,0.0,0.0,0.0,0.0,5.098913192749023,,1.0098696947097778,0.0,0.0,
2926,NVB,0.0,0.0,0.0,0.0,4.075627326965332,,1.0034843683242798,0.0,0.0,
2927,NVB,0.0,0.0,0.0,0.0,0.6547379493713379,,1.0016028881072998,0.0,0.0,
2928,NVB,0.0,0.0,0.0,0.0,7.932630062103271,,1.0135033130645752,0.0,0.0,
2929,NVB,0.0,0.0,0.0,0.0,7.5910210609436035,,1.0250394344329834,0.0,0.0,
2930,NVB,0.0,0.0,0.0,0.0,2.282633066177368,,1.0033539533615112,0.0,0.0,
2931,NVB,0.0,0.0,0.0,0.0,5.081113338470459,,1.0154974460601809,0.0,0.0,
2932,NVB,0.0,0.0,0.0,0.0,7.894659519195557,,1.0131944417953491,0.0,0.0,
2933,NVB,0.0,0.0,0.0,0.0,3.1333394050598145,,1.0076932907104492,0.0,0.0,
2934,NVB,0.0,0.0,0.0,0.0,2.5874476432800293,,1.0094128847122192,0.0,0.0,
2935,NVB,0.0,0.0,0.0,0.0,1.327441930770874,,1.0051549673080444,0.0,0.0,
2936,NVB,0.0,0.0,0.0,0.0,5.070018768310547,,1.0187934637069702,0.0,0.0,
2937,NVB,0.0,0.0,0.0,0.0,2.8703527450561523,,1.0042306184768677,0.0,0.0,
2938,NVB,0.0,0.0,0.0,0.0,2.9211294651031494,,1.0188506841659546,0.0,0.0,
2939,NVB,0.0,0.0,0.0,0.0,6.617398262023926,,1.0134599208831787,0.0,0.0,
2940,NVB,0.0,0.0,0.0,0.0,2.630250930786133,,1.0204302072525024,0.0,0.0,
2941,NVB,0.0,0.0,0.0,0.0,7.477311134338379,,1.0103093385696411,0.0,0.0,
2942,NVB,0.0,0.0,0.0,0.0,8.030522346496582,,1.0231571197509766,0.0,0.0,
2943,NVB,0.0,0.0,0.0,0.0,3.97289776802063,,1.0093460083007812,0.0,0.0,
2944,NVB,0.0,0.0,0.0,0.0,4.378575325012207,,1.0069282054901123,0.0,0.0,
2945,NVB,0.0,0.0,0.0,0.0,4.947545528411865,,1.0116150379180908,0.0,0.0,
2946,NVB,0.0,0.0,0.0,0.0,1.9333162307739256,,1.0112122297286987,0.0,0.0,
2947,NVB,0.0,0.0,0.0,0.0,0.8325676918029785,,1.0111653804779053,0.0,0.0,
2948,NVB,0.0,0.0,0.0,0.0,0.4712097346782684,,1.0110021829605105,0.0,0.0,
2949,NVB,0.0,0.0,0.0,0.0,6.304239749908447,,1.0063073635101318,0.0,0.0,
2950,NVB,0.0,0.0,0.0,0.0,3.235836267471313,,1.0044111013412476,0.0,0.0,
2951,NVB,0.0,0.0,0.0,0.0,2.840867042541504,,1.0082077980041504,0.0,0.0,
2952,NVB,0.0,0.0,0.0,0.0,2.5580313205718994,,1.0072537660598757,0.0,0.0,
2953,NVB,0.0,0.0,0.0,0.0,1.5568125247955322,,1.0088766813278198,0.0,0.0,
2954,NVB,0.0,0.0,0.0,0.0,3.909101247787476,,1.0112345218658447,0.0,0.0,
2955,NVB,0.0,0.0,0.0,0.0,2.857576608657837,,1.0044175386428833,0.0,0.0,
2956,NVB,0.0,0.0,0.0,0.0,4.038528919219971,,1.0206005573272705,0.0,0.0,
2957,NVB,0.0,0.0,0.0,0.0,1.1843347549438477,,1.017003059387207,0.0,0.0,
2958,NVB,0.0,0.0,0.0,0.0,7.6637282371521,,1.010721206665039,0.0,0.0,
2959,NVB,0.0,0.0,0.0,0.0,9.424115180969238,,1.0185827016830444,0.0,0.0,
2960,NVB,0.0,0.0,0.0,0.0,9.591866493225098,,1.0161372423171997,0.0,0.0,
2961,NVB,0.0,0.0,0.0,0.0,7.122925758361816,,1.019995093345642,0.0,0.0,
2962,NVB,0.0,0.0,0.0,0.0,6.560764312744141,,1.0334392786026,0.0,0.0,
2963,NVB,0.0,0.0,0.0,0.0,4.270832538604736,,1.0090395212173462,0.0,0.0,
2964,NVB,0.0,0.0,0.0,0.0,6.614060401916504,,1.0099650621414185,0.0,0.0,
2965,NVB,0.0,0.0,0.0,0.0,8.344348907470703,,1.0432497262954712,0.0,0.0,
2966,NVB,0.0,0.0,0.0,0.0,4.988873481750488,,1.0050257444381714,0.0,0.0,
2967,NVB,0.0,0.0,0.0,0.0,5.711773872375488,,1.0105581283569336,0.0,0.0,
2968,NVB,0.0,0.0,0.0,0.0,3.4172770977020264,,1.0093821287155151,0.0,0.0,
2969,NVB,0.0,0.0,0.0,0.0,2.5697174072265625,,1.0048996210098269,0.0,0.0,
2970,NVB,0.0,0.0,0.0,0.0,3.3212029933929443,,1.0034425258636477,0.0,0.0,
2971,NVB,0.0,0.0,0.0,0.0,1.2346988916397097,,1.0051774978637695,0.0,0.0,
2972,NVB,0.0,0.0,0.0,0.0,5.305690288543701,,1.0096609592437744,0.0,0.0,
2973,NVB,0.0,0.0,0.0,0.0,5.597357749938965,,1.0087387561798096,0.0,0.0,
2974,NVB,0.0,0.0,0.0,0.0,2.236093759536743,,1.006723403930664,0.0,0.0,
2975,NVB,0.0,0.0,0.0,0.0,3.3139162063598637,,1.0096884965896606,0.0,0.0,
2976,NVB,0.0,0.0,0.0,0.0,4.162903785705566,,1.003745675086975,0.0,0.0,
2977,NVB,0.0,0.0,0.0,0.0,4.616277694702148,,1.0065609216690063,0.0,0.0,
2978,NVB,0.0,0.0,0.0,0.0,5.744418621063232,,1.0088505744934082,0.0,0.0,
2979,NVB,0.0,0.0,0.0,0.0,2.141741991043091,,1.009832501411438,0.0,0.0,
2980,NVB,0.0,0.0,0.0,0.0,2.313033103942871,,1.0035183429718018,0.0,0.0,
2981,NVB,0.0,0.0,0.0,0.0,1.7666521072387695,,1.0022977590560913,0.0,0.0,
2982,NVB,0.0,0.0,0.0,0.0,1.7112287282943726,,1.0015608072280884,0.0,0.0,
2983,NVB,0.0,0.0,0.0,0.0,1.0316373109817505,,1.0033749341964722,0.0,0.0,
2984,NVB,0.0,0.0,0.0,0.0,3.891907215118408,,1.0080219507217407,0.0,0.0,
2985,NVB,0.0,0.0,0.0,0.0,4.301677227020264,,1.0045082569122314,0.0,0.0,
2986,NVB,0.0,0.0,0.0,0.0,2.0165600776672363,,1.009047508239746,0.0,0.0,
2987,NVB,0.0,0.0,0.0,0.0,1.5846426486968994,,1.0045229196548462,0.0,0.0,
2988,NVB,0.0,0.0,0.0,0.0,2.756476640701294,,1.0069741010665894,0.0,0.0,
2989,NVB,0.0,0.0,0.0,0.0,4.0437116622924805,,1.003679871559143,0.0,0.0,
2990,NVB,0.0,0.0,0.0,0.0,7.428313732147217,,1.0101468563079834,0.0,0.0,
2991,NVB,0.0,0.0,0.0,0.0,5.779468059539795,,1.007091045379639,0.0,0.0,
2992,NVB,0.0,0.0,0.0,0.0,4.554020881652832,,1.011526107788086,0.0,0.0,
2993,NVB,0.0,0.0,0.0,0.0,7.00548267364502,,1.0156195163726809,0.0,0.0,
2994,NVB,0.0,0.0,0.0,0.0,4.799525737762451,,1.0151071548461914,0.0,0.0,
2995,NVB,0.0,0.0,0.0,0.0,4.776470184326172,,1.0102200508117676,0.0,0.0,
2996,NVB,0.0,0.0,0.0,0.0,1.8182412385940552,,1.0084916353225708,0.0,0.0,
2997,NVB,0.0,0.0,0.0,0.0,4.200135231018066,,1.0060327053070068,0.0,0.0,
2998,NVB,0.0,0.0,0.0,0.0,4.306872367858887,,1.006191372871399,0.0,0.0,
2999,NVB,0.0,0.0,0.0,0.0,0.3514771163463592,,1.0189813375473022,0.0,0.0,
3000,NVB,0.0,0.0,0.0,0.0,2.03922176361084,,1.0008600950241089,0.0,0.0,
3001,NVB,0.0,0.0,0.0,0.0,2.3985471725463867,,1.0031044483184814,0.0,0.0,
3002,NVB,0.0,0.0,0.0,0.0,2.1689577102661133,,1.001746654510498,0.0,0.0,
3003,NVB,0.0,0.0,0.0,0.0,3.667504787445069,,1.0041303634643557,0.0,0.0,
3004,NVB,0.0,0.0,0.0,0.0,0.6870677471160889,,1.0012657642364502,0.0,0.0,
3005,NVB,0.0,0.0,0.0,0.0,1.871316075325012,,1.0034537315368652,0.0,0.0,
3006,NVB,0.0,0.0,0.0,0.0,1.9206995964050293,,1.0016487836837769,0.0,0.0,
3007,NVB,0.0,0.0,0.0,0.0,2.895112991333008,,1.0028603076934814,0.0,0.0,
3008,NVB,0.0,0.0,0.0,0.0,4.631552219390869,,1.0058996677398682,0.0,0.0,
3009,NVB,0.0,0.0,0.0,0.0,2.1689577102661133,,1.0077894926071167,0.0,0.0,
3010,NVB,0.0,0.0,0.0,0.0,5.396181106567383,,1.0211855173110962,0.0,0.0,
3011,NVB,0.0,0.0,0.0,0.0,3.348297595977783,,1.0121909379959106,0.0,0.0,
3012,NVB,0.0,0.0,0.0,0.0,3.7613635063171382,,1.005286693572998,0.0,0.0,
3013,NVB,0.0,0.0,0.0,0.0,3.637686967849731,,1.0027170181274414,0.0,0.0,
3014,NVB,0.0,0.0,0.0,0.0,2.335496187210083,,1.0026625394821167,0.0,0.0,
3015,NVB,0.0,0.0,0.0,0.0,2.231005907058716,,1.001224398612976,0.0,0.0,
3016,NVB,0.0,0.0,0.0,0.0,2.3123996257781982,,1.0049078464508057,0.0,0.0,
3017,NVB,0.0,0.0,0.0,0.0,4.986602783203125,,1.0119073390960691,0.0,0.0,
3018,NVB,0.0,0.0,0.0,0.0,2.6977999210357666,,1.0021575689315796,0.0,0.0,
3019,NVB,0.0,0.0,0.0,0.0,3.2626516819000244,,1.008482575416565,0.0,0.0,
3020,NVB,0.0,0.0,0.0,0.0,1.0308668613433838,,1.004970908164978,0.0,0.0,
3021,NVB,0.0,0.0,0.0,0.0,1.9949560165405276,,1.0052313804626465,0.0,0.0,
3022,NVB,0.0,0.0,0.0,0.0,0.9824421405792236,,1.0022201538085938,0.0,0.0,
3023,NVB,0.0,0.0,0.0,0.0,3.630746841430664,,1.00310218334198,0.0,0.0,
3024,NVB,0.0,0.0,0.0,0.0,3.268944501876831,,1.009838342666626,0.0,0.0,
3025,NVB,0.0,0.0,0.0,0.0,3.630708694458008,,1.0043981075286863,0.0,0.0,
3026,NVB,0.0,0.0,0.0,0.0,5.807210922241211,,1.005810022354126,0.0,0.0,
3027,NVB,0.0,0.0,0.0,0.0,5.414743900299072,,1.0113637447357178,0.0,0.0,
3028,NVB,0.0,0.0,0.0,0.0,4.167885780334473,,1.0053482055664062,0.0,0.0,
3029,NVB,0.0,0.0,0.0,0.0,2.172549247741699,,1.03169846534729,0.0,0.0,
3030,NVB,0.0,0.0,0.0,0.0,5.106685638427734,,1.00441312789917,0.0,0.0,
3031,NVB,0.0,0.0,0.0,0.0,4.392611026763916,,1.0047454833984375,0.0,0.0,
3032,NVB,0.0,0.0,0.0,0.0,2.954892158508301,,1.0031980276107788,0.0,0.0,
3033,NVB,0.0,0.0,0.0,0.0,1.456914305686951,,1.0019235610961914,0.0,0.0,
3034,NVB,0.0,0.0,0.0,0.0,1.3612127304077148,,1.0010080337524414,0.0,0.0,
3035,NVB,0.0,0.0,0.0,0.0,1.919966220855713,,1.0073022842407229,0.0,0.0,
3036,NVB,0.0,0.0,0.0,0.0,0.7654370069503784,,1.0038732290267944,0.0,0.0,
3037,NVB,0.0,0.0,0.0,0.0,1.382844090461731,,1.0008130073547363,0.0,0.0,
3038,NVB,0.0,0.0,0.0,0.0,1.9818809032440183,,1.003706693649292,0.0,0.0,
3039,NVB,0.0,0.0,0.0,0.0,2.844818115234375,,1.0035916566848757,0.0,0.0,
3040,NVB,0.0,0.0,0.0,0.0,0.889238178730011,,1.0016515254974363,0.0,0.0,
3041,NVB,0.0,0.0,0.0,0.0,3.887672185897827,,1.0067096948623655,0.0,0.0,
3042,NVB,0.0,0.0,0.0,0.0,1.910005807876587,,1.0054283142089844,0.0,0.0,
3043,NVB,0.0,0.0,0.0,0.0,0.8836015462875366,,1.002368688583374,0.0,0.0,
3044,NVB,0.0,0.0,0.0,0.0,1.6189260482788086,,1.0113015174865725,0.0,0.0,
3045,NVB,0.0,0.0,0.0,0.0,3.5436079502105717,,1.0039864778518677,0.0,0.0,
3046,NVB,0.0,0.0,0.0,0.0,0.8485249280929565,,1.007394552230835,0.0,0.0,
3047,NVB,0.0,0.0,0.0,0.0,0.715978741645813,,1.003294587135315,0.0,0.0,
3048,NVB,0.0,0.0,0.0,0.0,2.39577865600586,,1.0034960508346558,0.0,0.0,
3049,NVB,0.0,0.0,0.0,0.0,0.5662315487861633,,1.0009957551956177,0.0,0.0,
3050,NVB,0.0,0.0,0.0,0.0,1.7966196537017822,,1.003745198249817,0.0,0.0,
3051,NVB,0.0,0.0,0.0,0.0,1.3032877445220947,,1.0047696828842163,0.0,0.0,
3052,NVB,0.0,0.0,0.0,0.0,0.4507594108581543,,1.0016809701919556,0.0,0.0,
3053,NVB,0.0,0.0,0.0,0.0,1.7536720037460327,,1.0013834238052368,0.0,0.0,
3054,NVB,0.0,0.0,0.0,0.0,0.9940129518508912,,1.000981092453003,0.0,0.0,
3055,NVB,0.0,0.0,0.0,0.0,1.1198235750198364,,1.0009589195251465,0.0,0.0,
3056,NVB,0.0,0.0,0.0,0.0,3.2039387226104736,,1.0040634870529177,0.0,0.0,
3057,NVB,0.0,0.0,0.0,0.0,2.2730414867401123,,1.0279927253723145,0.0,0.0,
3058,NVB,0.0,0.0,0.0,0.0,2.705718278884888,,1.0046831369400024,0.0,0.0,
3059,NVB,0.0,0.0,0.0,0.0,2.299898386001587,,1.0041780471801758,0.0,0.0,
3060,NVB,0.0,0.0,0.0,0.0,1.223227620124817,,1.0110529661178589,0.0,0.0,
3061,NVB,0.0,0.0,0.0,0.0,1.4031468629837036,,1.0043655633926392,0.0,0.0,
3062,NVB,0.0,0.0,0.0,0.0,1.309564471244812,,1.0041362047195437,0.0,0.0,
3063,NVB,0.0,0.0,0.0,0.0,2.99697494506836,,1.0028802156448364,0.0,0.0,
3064,NVB,0.0,0.0,0.0,0.0,3.072995662689209,,1.003551721572876,0.0,0.0,
3065,NVB,0.0,0.0,0.0,0.0,1.308952569961548,,1.0055207014083862,0.0,0.0,
3066,NVB,0.0,0.0,0.0,0.0,2.271662950515747,,1.0070586204528809,0.0,0.0,
3067,NVB,0.0,0.0,0.0,0.0,6.652743339538574,,1.0320552587509155,0.0,0.0,
3068,NVB,0.0,0.0,0.0,0.0,4.136416912078857,,1.01216459274292,0.0,0.0,
3069,NVB,0.0,0.0,0.0,0.0,2.1203691959381104,,1.0048538446426392,0.0,0.0,
3070,NVB,0.0,0.0,0.0,0.0,6.046655178070068,,1.0144362449645996,0.0,0.0,
3071,NVB,0.0,0.0,0.0,0.0,2.5381972789764404,,1.0032209157943726,0.0,0.0,
3072,NVB,0.0,0.0,0.0,0.0,2.76373553276062,,1.0097055435180664,0.0,0.0,
3073,NVB,0.0,0.0,0.0,0.0,2.912704467773437,,1.0076179504394531,0.0,0.0,
3074,NVB,0.0,0.0,0.0,0.0,0.988270938396454,,1.0022695064544678,0.0,0.0,
3075,NVB,0.0,0.0,0.0,0.0,1.84260892868042,,1.0016283988952637,0.0,0.0,
3076,NVB,0.0,0.0,0.0,0.0,2.0454888343811035,,1.001528263092041,0.0,0.0,
3077,NVB,0.0,0.0,0.0,0.0,1.871310234069824,,1.0019235610961914,0.0,0.0,
3078,NVB,0.0,0.0,0.0,0.0,0.2815744578838348,,1.001958250999451,0.0,0.0,
3079,NVB,0.0,0.0,0.0,0.0,0.5886333584785461,,1.0056663751602173,0.0,0.0,
3080,NVB,0.0,0.0,0.0,0.0,3.1269466876983643,,1.0040018558502195,0.0,0.0,
3081,NVB,0.0,0.0,0.0,0.0,2.482019186019897,,1.0021814107894895,0.0,0.0,
3082,NVB,0.0,0.0,0.0,0.0,0.6113520860671997,,1.0033445358276367,0.0,0.0,
3083,NVB,0.0,0.0,0.0,0.0,1.2565126419067385,,1.0010645389556885,0.0,0.0,
3084,NVB,0.0,0.0,0.0,0.0,1.976212859153748,,1.0013477802276611,0.0,0.0,
3085,NVB,0.0,0.0,0.0,0.0,0.2792282104492187,,1.0026814937591553,0.0,0.0,
3086,NVB,0.0,0.0,0.0,0.0,1.9643914699554443,,1.0014581680297852,0.0,0.0,
3087,NVB,0.0,0.0,0.0,0.0,0.4003540575504303,,1.0023887157440186,0.0,0.0,
3088,NVB,0.0,0.0,0.0,0.0,3.858457326889038,,1.004510760307312,0.0,0.0,
3089,NVB,0.0,0.0,0.0,0.0,2.694955587387085,,1.0097205638885498,0.0,0.0,
3090,NVB,0.0,0.0,0.0,0.0,2.446082830429077,,1.002920389175415,0.0,0.0,
3091,NVB,0.0,0.0,0.0,0.0,2.293476819992065,,1.0026609897613523,0.0,0.0,
3092,NVB,0.0,0.0,0.0,0.0,3.5954549312591557,,1.0063380002975464,0.0,0.0,
3093,NVB,0.0,0.0,0.0,0.0,1.4631760120391846,,1.014144778251648,0.0,0.0,
3094,NVB,0.0,0.0,0.0,0.0,2.773132801055908,,1.011833906173706,0.0,0.0,
3095,NVB,0.0,0.0,0.0,0.0,0.4693950712680816,,1.006366491317749,0.0,0.0,
3096,NVB,0.0,0.0,0.0,0.0,1.0949859619140625,,1.0068891048431396,0.0,0.0,
3097,NVB,0.0,0.0,0.0,0.0,3.1392078399658203,,1.0163599252700806,0.0,0.0,
3098,NVB,0.0,0.0,0.0,0.0,1.201616644859314,,1.0087511539459229,0.0,0.0,
3099,NVB,0.0,0.0,0.0,0.0,3.2111549377441406,,1.0064449310302734,0.0,0.0,
3100,NVB,0.0,0.0,0.0,0.0,0.3281594812870025,,1.0028244256973269,0.0,0.0,
3101,NVB,0.0,0.0,0.0,0.0,4.308932781219482,,1.021845817565918,0.0,0.0,
3102,NVB,0.0,0.0,0.0,0.0,4.299344539642334,,1.0070751905441284,0.0,0.0,
3103,NVB,0.0,0.0,0.0,0.0,1.859214305877685,,1.0081167221069336,0.0,0.0,
3104,NVB,0.0,0.0,0.0,0.0,12.273036003112791,,1.08514142036438,0.0,0.0,
3105,NVB,0.0,0.0,0.0,0.0,4.569346904754639,,1.015053153038025,0.0,0.0,
3106,NVB,0.0,0.0,0.0,0.0,2.5601747035980225,,1.0055601596832275,0.0,0.0,
3107,NVB,0.0,0.0,0.0,0.0,2.7814648151397705,,1.0142382383346558,0.0,0.0,
3108,NVB,0.0,0.0,0.0,0.0,2.5279335975646973,,1.022851586341858,0.0,0.0,
3109,NVB,0.0,0.0,0.0,0.0,3.5453882217407227,,1.0043272972106934,0.0,0.0,
3110,NVB,0.0,0.0,0.0,0.0,13.143729209899902,,1.0718791484832764,0.0,0.0,
3111,NVB,0.0,0.0,0.0,0.0,4.555258750915527,,1.0399653911590576,0.0,0.0,
3112,NVB,0.0,0.0,0.0,0.0,5.12955379486084,,1.0103347301483154,0.0,0.0,
3113,NVB,0.0,0.0,0.0,0.0,5.072179317474365,,1.021060824394226,0.0,0.0,
3114,NVB,0.0,0.0,0.0,0.0,3.844347476959229,,1.007128119468689,0.0,0.0,
3115,NVB,0.0,0.0,0.0,0.0,0.6903998851776123,,1.0084342956542969,0.0,0.0,
3116,NVB,0.0,0.0,0.0,0.0,0.7636885046958923,,1.0747580528259275,0.0,0.0,
3117,NVB,0.0,0.0,0.0,0.0,4.687146186828613,,1.0211697816848757,0.0,0.0,
3118,NVB,0.0,0.0,0.0,0.0,3.9509313106536874,,1.0147117376327517,0.0,0.0,
3119,NVB,0.0,0.0,0.0,0.0,0.2929087579250335,,1.0118961334228516,0.0,0.0,
3120,NVB,0.0,0.0,0.0,0.0,4.96081018447876,,1.0106629133224487,0.0,0.0,
3121,NVB,0.0,0.0,0.0,0.0,4.025006294250488,,1.022809624671936,0.0,0.0,
3122,NVB,0.0,0.0,0.0,0.0,4.690243244171143,,1.0094518661499023,0.0,0.0,
3123,NVB,0.0,0.0,0.0,0.0,5.256458282470703,,1.016190767288208,0.0,0.0,
3124,NVB,0.0,0.0,0.0,0.0,3.6150870323181152,,1.0038080215454102,0.0,0.0,
3125,NVB,0.0,0.0,0.0,0.0,1.437962770462036,,1.0170176029205322,0.0,0.0,
3126,NVB,0.0,0.0,0.0,0.0,2.246586322784424,,1.0030263662338257,0.0,0.0,
3127,NVB,0.0,0.0,0.0,0.0,0.9613629579544068,,1.0086445808410645,0.0,0.0,
3128,NVB,0.0,0.0,0.0,0.0,2.995514392852783,,1.0054069757461548,0.0,0.0,
3129,NVB,0.0,0.0,0.0,0.0,4.510350227355957,,1.0178366899490356,0.0,0.0,
3130,NVB,0.0,0.0,0.0,0.0,3.5502376556396484,,1.0098724365234375,0.0,0.0,
3131,NVB,0.0,0.0,0.0,0.0,0.3948311507701874,,1.0163660049438477,0.0,0.0,
3132,NVB,0.0,0.0,0.0,0.0,1.643895983695984,,1.0140650272369385,0.0,0.0,
3133,NVB,0.0,0.0,0.0,0.0,0.8909159302711487,,1.013256549835205,0.0,0.0,
3134,NVB,0.0,0.0,0.0,0.0,3.597215175628662,,1.0070286989212036,0.0,0.0,
3135,NVB,0.0,0.0,0.0,0.0,1.20379376411438,,1.005683422088623,0.0,0.0,
3136,NVB,0.0,0.0,0.0,0.0,0.3868237137794494,,1.0053445100784302,0.0,0.0,
3137,NVB,0.0,0.0,0.0,0.0,2.7210772037506104,,1.0082271099090576,0.0,0.0,
3138,NVB,0.0,0.0,0.0,0.0,1.407676100730896,,1.0105595588684082,0.0,0.0,
3139,NVB,0.0,0.0,0.0,0.0,0.8537308573722839,,1.003196120262146,0.0,0.0,
3140,NVB,0.0,0.0,0.0,0.0,0.8229619860649109,,1.0037857294082642,0.0,0.0,
3141,NVB,0.0,0.0,0.0,0.0,1.0549548864364624,,1.0007059574127195,0.0,0.0,
3142,NVB,0.0,0.0,0.0,0.0,1.45094895362854,,1.001481294631958,0.0,0.0,
3143,NVB,0.0,0.0,0.0,0.0,3.2503366470336914,,1.0049792528152466,0.0,0.0,
3144,NVB,0.0,0.0,0.0,0.0,2.0082175731658936,,1.0045431852340698,0.0,0.0,
3145,NVB,0.0,0.0,0.0,0.0,0.950830578804016,,1.003026843070984,0.0,0.0,
3146,NVB,0.0,0.0,0.0,0.0,0.828481912612915,,1.0034323930740356,0.0,0.0,
3147,NVB,0.0,0.0,0.0,0.0,2.8579816818237305,,1.0065162181854248,0.0,0.0,
3148,NVB,0.0,0.0,0.0,0.0,1.747696042060852,,1.005535364151001,0.0,0.0,
3149,NVB,0.0,0.0,0.0,0.0,4.326815605163574,,1.0095040798187256,0.0,0.0,
3150,NVB,0.0,0.0,0.0,0.0,0.6792641878128052,,1.0064245462417605,0.0,0.0,
3151,NVB,0.0,0.0,0.0,0.0,2.232778549194336,,1.003425121307373,0.0,0.0,
3152,NVB,0.0,0.0,0.0,0.0,1.7649744749069214,,1.0094635486602783,0.0,0.0,
3153,NVB,0.0,0.0,0.0,0.0,6.763088703155518,,1.0214942693710327,0.0,0.0,
3154,NVB,0.0,0.0,0.0,0.0,2.764460563659668,,1.0169429779052734,0.0,0.0,
3155,NVB,0.0,0.0,0.0,0.0,2.595088005065918,,1.0091898441314695,0.0,0.0,
3156,NVB,0.0,0.0,0.0,0.0,3.810101985931397,,1.0105353593826294,0.0,0.0,
3157,NVB,0.0,0.0,0.0,0.0,0.9557231068611144,,1.0044490098953247,0.0,0.0,
3158,NVB,0.0,0.0,0.0,0.0,1.1874467134475708,,1.004906177520752,0.0,0.0,
3159,NVB,0.0,0.0,0.0,0.0,3.254969835281372,,1.0084872245788574,0.0,0.0,
3160,NVB,0.0,0.0,0.0,0.0,2.8082311153411865,,1.0127626657485962,0.0,0.0,
3161,NVB,0.0,0.0,0.0,0.0,2.652700424194336,,1.0051428079605105,0.0,0.0,
3162,NVB,0.0,0.0,0.0,0.0,2.536651372909546,,1.0072407722473145,0.0,0.0,
3163,NVB,0.0,0.0,0.0,0.0,1.1967846155166626,,1.00549054145813,0.0,0.0,
3164,NVB,0.0,0.0,0.0,0.0,0.6369597315788269,,1.010840654373169,0.0,0.0,
3165,NVB,0.0,0.0,0.0,0.0,3.929241418838501,,1.003092885017395,0.0,0.0,
3166,NVB,0.0,0.0,0.0,0.0,2.226072311401367,,1.0027035474777222,0.0,0.0,
3167,NVB,0.0,0.0,0.0,0.0,1.4779956340789795,,1.002946376800537,0.0,0.0,
3168,NVB,0.0,0.0,0.0,0.0,1.148073673248291,,1.008112549781799,0.0,0.0,
3169,NVB,0.0,0.0,0.0,0.0,1.4329707622528076,,1.0080279111862185,0.0,0.0,
3170,NVB,0.0,0.0,0.0,0.0,1.6480742692947388,,1.0032305717468262,0.0,0.0,
3171,NVB,0.0,0.0,0.0,0.0,2.682802200317383,,1.0093947649002075,0.0,0.0,
3172,NVB,0.0,0.0,0.0,0.0,3.293222427368164,,1.0151495933532717,0.0,0.0,
3173,NVB,0.0,0.0,0.0,0.0,2.1777150630950928,,1.0034258365631104,0.0,0.0,
3174,NVB,0.0,0.0,0.0,0.0,4.45703125,,1.0055170059204102,0.0,0.0,
3175,NVB,0.0,0.0,0.0,0.0,0.6753581762313843,,1.0277880430221558,0.0,0.0,
3176,NVB,0.0,0.0,0.0,0.0,0.5425092577934265,,1.0180529356002808,0.0,0.0,
3177,NVB,0.0,0.0,0.0,0.0,1.6846998929977417,,1.0028574466705322,0.0,0.0,
3178,NVB,0.0,0.0,0.0,0.0,2.2468395233154297,,1.0022052526474,0.0,0.0,
3179,NVB,0.0,0.0,0.0,0.0,3.722146511077881,,1.0069208145141602,0.0,0.0,
3180,NVB,0.0,0.0,0.0,0.0,5.023561954498291,,1.0276458263397217,0.0,0.0,
3181,NVB,0.0,0.0,0.0,0.0,3.744401216506958,,1.008649826049805,0.0,0.0,
3182,NVB,0.0,0.0,0.0,0.0,2.435018301010132,,1.0029562711715698,0.0,0.0,
3183,NVB,0.0,0.0,0.0,0.0,1.7434676885604858,,1.0032482147216797,0.0,0.0,
3184,NVB,0.0,0.0,0.0,0.0,2.9865851402282715,,1.0035183429718018,0.0,0.0,
3185,NVB,0.0,0.0,0.0,0.0,1.0549589395523071,,1.015609622001648,0.0,0.0,
3186,NVB,0.0,0.0,0.0,0.0,1.433186650276184,,1.0022248029708862,0.0,0.0,
3187,NVB,0.0,0.0,0.0,0.0,2.2231953144073486,,1.010782241821289,0.0,0.0,
3188,NVB,0.0,0.0,0.0,0.0,2.489351987838745,,1.003578782081604,0.0,0.0,
3189,NVB,0.0,0.0,0.0,0.0,1.0168755054473877,,1.01569402217865,0.0,0.0,
3190,NVB,0.0,0.0,0.0,0.0,2.9024550914764404,,1.004231095314026,0.0,0.0,
3191,NVB,0.0,0.0,0.0,0.0,4.852856159210205,,1.006532073020935,0.0,0.0,
3192,NVB,0.0,0.0,0.0,0.0,1.4623898267745972,,1.0055028200149536,0.0,0.0,
3193,NVB,0.0,0.0,0.0,0.0,1.7776117324829102,,1.0046409368515017,0.0,0.0,
3194,NVB,0.0,0.0,0.0,0.0,2.762655735015869,,1.0042022466659546,0.0,0.0,
3195,NVB,0.0,0.0,0.0,0.0,0.3737490475177765,,1.0039829015731812,0.0,0.0,
3196,NVB,0.0,0.0,0.0,0.0,4.762447834014893,,1.0185991525650024,0.0,0.0,
3197,NVB,0.0,0.0,0.0,0.0,2.4468820095062256,,1.0022988319396973,0.0,0.0,
3198,NVB,0.0,0.0,0.0,0.0,1.0715322494506836,,1.0270074605941772,0.0,0.0,
3199,NVB,0.0,0.0,0.0,0.0,3.6399800777435294,,1.0168819427490234,0.0,0.0,
3200,NVB,0.0,0.0,0.0,0.0,3.1886541843414307,,1.010141134262085,0.0,0.0,
3201,NVB,0.0,0.0,0.0,0.0,3.3564372062683105,,1.0155867338180542,0.0,0.0,
3202,NVB,0.0,0.0,0.0,0.0,4.414762020111084,,1.0099785327911377,0.0,0.0,
3203,NVB,0.0,0.0,0.0,0.0,3.96836256980896,,1.0101064443588257,0.0,0.0,
3204,NVB,0.0,0.0,0.0,0.0,2.808027744293213,,1.005646586418152,0.0,0.0,
3205,NVB,0.0,0.0,0.0,0.0,1.4155311584472656,,1.0037109851837158,0.0,0.0,
3206,NVB,0.0,0.0,0.0,0.0,0.9966896176338196,,1.001594305038452,0.0,0.0,
3207,NVB,0.0,0.0,0.0,0.0,0.8669735789299011,,1.0051058530807495,0.0,0.0,
3208,NVB,0.0,0.0,0.0,0.0,2.230116128921509,,1.0025969743728638,0.0,0.0,
3209,NVB,0.0,0.0,0.0,0.0,4.9271016120910645,,1.0125527381896973,0.0,0.0,
3210,NVB,0.0,0.0,0.0,0.0,4.464637756347656,,1.029911756515503,0.0,0.0,
3211,NVB,0.0,0.0,0.0,0.0,3.4167349338531494,,1.0099066495895386,0.0,0.0,
3212,NVB,0.0,0.0,0.0,0.0,1.3612852096557615,,1.0061718225479126,0.0,0.0,
3213,NVB,0.0,0.0,0.0,0.0,3.523737668991089,,1.0039730072021484,0.0,0.0,
3214,NVB,0.0,0.0,0.0,0.0,1.386383891105652,,1.0054941177368164,0.0,0.0,
3215,NVB,0.0,0.0,0.0,0.0,2.1582460403442383,,1.0100131034851074,0.0,0.0,
3216,NVB,0.0,0.0,0.0,0.0,2.0318193435668945,,1.0055861473083496,0.0,0.0,
3217,NVB,0.0,0.0,0.0,0.0,0.9286031126976012,,1.0015668869018557,0.0,0.0,
3218,NVB,0.0,0.0,0.0,0.0,1.899238348007202,,1.0059596300125122,0.0,0.0,
3219,NVB,0.0,0.0,0.0,0.0,1.0843849182128906,,1.0072349309921265,0.0,0.0,
3220,NVB,0.0,0.0,0.0,0.0,4.329998016357422,,1.0065675973892212,0.0,0.0,
3221,NVB,0.0,0.0,0.0,0.0,1.0535681247711182,,1.0008840560913086,0.0,0.0,
3222,NVB,0.0,0.0,0.0,0.0,0.9183998703956604,,1.0018230676651,0.0,0.0,
3223,NVB,0.0,0.0,0.0,0.0,1.1547017097473145,,1.0039647817611694,0.0,0.0,
3224,NVB,0.0,0.0,0.0,0.0,1.4522279500961304,,1.001550555229187,0.0,0.0,
3225,NVB,0.0,0.0,0.0,0.0,0.3484291136264801,,1.0029096603393557,0.0,0.0,
3226,NVB,0.0,0.0,0.0,0.0,0.7013412714004517,,1.0023776292800903,0.0,0.0,
3227,NVB,0.0,0.0,0.0,0.0,1.7025701999664309,,1.0042073726654053,0.0,0.0,
3228,NVB,0.0,0.0,0.0,0.0,3.0114283561706543,,1.0053757429122925,0.0,0.0,
3229,NVB,0.0,0.0,0.0,0.0,4.571802616119385,,1.0046395063400269,0.0,0.0,
3230,NVB,0.0,0.0,0.0,0.0,3.4358432292938232,,1.010034203529358,0.0,0.0,
3231,NVB,0.0,0.0,0.0,0.0,3.748956203460693,,1.0131597518920898,0.0,0.0,
3232,NVB,0.0,0.0,0.0,0.0,3.195923328399658,,1.0054336786270142,0.0,0.0,
3233,NVB,0.0,0.0,0.0,0.0,7.414473533630371,,1.0210859775543213,0.0,0.0,
3234,NVB,0.0,0.0,0.0,0.0,1.6850980520248413,,1.007814884185791,0.0,0.0,
3235,NVB,0.0,0.0,0.0,0.0,3.127702474594116,,1.02496600151062,0.0,0.0,
3236,NVB,0.0,0.0,0.0,0.0,4.543873310089111,,1.0110975503921509,0.0,0.0,
3237,NVB,0.0,0.0,0.0,0.0,5.726988792419434,,1.0222489833831787,0.0,0.0,
3238,NVB,0.0,0.0,0.0,0.0,0.5687016844749451,,1.0246421098709106,0.0,0.0,
3239,NVB,0.0,0.0,0.0,0.0,3.0737247467041016,,1.0097957849502563,0.0,0.0,
3240,NVB,0.0,0.0,0.0,0.0,2.498951196670532,,1.0035285949707031,0.0,0.0,
3241,NVB,0.0,0.0,0.0,0.0,2.725537061691284,,1.0031719207763672,0.0,0.0,
3242,NVB,0.0,0.0,0.0,0.0,2.316401243209839,,1.0113904476165771,0.0,0.0,
3243,NVB,0.0,0.0,0.0,0.0,3.780774354934693,,1.0147258043289185,0.0,0.0,
3244,NVB,0.0,0.0,0.0,0.0,4.526830673217773,,1.0054535865783691,0.0,0.0,
3245,NVB,0.0,0.0,0.0,0.0,0.0414192862808704,,1.0006283521652222,0.0,0.0,
3246,NVB,0.0,0.0,0.0,0.0,1.124910831451416,,1.0008914470672607,0.0,0.0,
3247,NVB,0.0,0.0,0.0,0.0,2.583573341369629,,1.0037888288497925,0.0,0.0,
3248,NVB,0.0,0.0,0.0,0.0,1.6728665828704834,,1.0023186206817627,0.0,0.0,
3249,NVB,0.0,0.0,0.0,0.0,2.435021162033081,,1.0013333559036257,0.0,0.0,
3250,NVB,0.0,0.0,0.0,0.0,2.0010807514190674,,1.0034044981002808,0.0,0.0,
3251,NVB,0.0,0.0,0.0,0.0,2.6849136352539062,,1.002189040184021,0.0,0.0,
3252,NVB,0.0,0.0,0.0,0.0,3.5694987773895264,,1.004873275756836,0.0,0.0,
3253,NVB,0.0,0.0,0.0,0.0,3.930789470672608,,1.00970458984375,0.0,0.0,
3254,NVB,0.0,0.0,0.0,0.0,1.1648653745651243,,1.0030488967895508,0.0,0.0,
3255,NVB,0.0,0.0,0.0,0.0,2.587678909301758,,1.0025380849838257,0.0,0.0,
3256,NVB,0.0,0.0,0.0,0.0,4.938816547393799,,1.0072585344314575,0.0,0.0,
3257,NVB,0.0,0.0,0.0,0.0,3.25858211517334,,1.0065478086471558,0.0,0.0,
3258,NVB,0.0,0.0,0.0,0.0,5.950477123260498,,1.0061615705490112,0.0,0.0,
3259,NVB,0.0,0.0,0.0,0.0,2.800407886505127,,1.0062891244888306,0.0,0.0,
3260,NVB,0.0,0.0,0.0,0.0,1.4332391023635864,,1.00217604637146,0.0,0.0,
3261,NVB,0.0,0.0,0.0,0.0,8.9072847366333,,1.0206620693206787,0.0,0.0,
3262,NVB,0.0,0.0,0.0,0.0,6.39903736114502,,1.0310713052749634,0.0,0.0,
3263,NVB,0.0,0.0,0.0,0.0,2.684943437576294,,1.0042752027511597,0.0,0.0,
3264,NVB,0.0,0.0,0.0,0.0,2.1008596420288086,,1.0044769048690796,0.0,0.0,
3265,NVB,0.0,0.0,0.0,0.0,5.834358215332031,,1.01151442527771,0.0,0.0,
3266,NVB,0.0,0.0,0.0,0.0,3.485154867172241,,1.0035346746444702,0.0,0.0,
3267,NVB,0.0,0.0,0.0,0.0,2.9384469985961914,,1.0398221015930176,0.0,0.0,
3268,NVB,0.0,0.0,0.0,0.0,2.314908981323242,,1.008944034576416,0.0,0.0,
3269,NVB,0.0,0.0,0.0,0.0,3.835206031799317,,1.023595929145813,0.0,0.0,
3270,NVB,0.0,0.0,0.0,0.0,3.448195695877075,,1.0160754919052124,0.0,0.0,
3271,NVB,0.0,0.0,0.0,0.0,8.895630836486816,,1.0209904909133911,0.0,0.0,
3272,NVB,0.0,0.0,0.0,0.0,3.201631784439087,,1.0086268186569214,0.0,0.0,
3273,NVB,0.0,0.0,0.0,0.0,3.0352654457092285,,1.004960536956787,0.0,0.0,
3274,NVB,0.0,0.0,0.0,0.0,6.267994403839111,,1.0212725400924685,0.0,0.0,
3275,NVB,0.0,0.0,0.0,0.0,2.122967004776001,,1.013270616531372,0.0,0.0,
3276,NVB,0.0,0.0,0.0,0.0,1.586985468864441,,1.006365418434143,0.0,0.0,
3277,NVB,0.0,0.0,0.0,0.0,3.656564712524414,,1.00340735912323,0.0,0.0,
3278,NVB,0.0,0.0,0.0,0.0,5.181087017059326,,1.0060895681381226,0.0,0.0,
3279,NVB,0.0,0.0,0.0,0.0,1.7063393592834473,,1.006489634513855,0.0,0.0,
3280,NVB,0.0,0.0,0.0,0.0,0.1138661727309227,,1.0022574663162231,0.0,0.0,
3281,NVB,0.0,0.0,0.0,0.0,1.582183599472046,,1.0027741193771362,0.0,0.0,
3282,NVB,0.0,0.0,0.0,0.0,2.453040599822998,,1.008538842201233,0.0,0.0,
3283,NVB,0.0,0.0,0.0,0.0,0.7034940719604492,,1.001806139945984,0.0,0.0,
3284,NVB,0.0,0.0,0.0,0.0,2.719036817550659,,1.0101468563079834,0.0,0.0,
3285,NVB,0.0,0.0,0.0,0.0,2.269292116165161,,1.0039693117141724,0.0,0.0,
3286,NVB,0.0,0.0,0.0,0.0,1.5378538370132446,,1.001466989517212,0.0,0.0,
3287,NVB,0.0,0.0,0.0,0.0,1.9773755073547363,,1.0091845989227295,0.0,0.0,
3288,NVB,0.0,0.0,0.0,0.0,3.0272762775421143,,1.017188310623169,0.0,0.0,
3289,NVB,0.0,0.0,0.0,0.0,1.373165726661682,,1.0025439262390137,0.0,0.0,
3290,NVB,0.0,0.0,0.0,0.0,4.867202281951904,,1.009305477142334,0.0,0.0,
3291,NVB,0.0,0.0,0.0,0.0,2.9255247116088867,,1.0078545808792114,0.0,0.0,
3292,NVB,0.0,0.0,0.0,0.0,2.235598564147949,,1.0269235372543335,0.0,0.0,
3293,NVB,0.0,0.0,0.0,0.0,5.453492641448975,,1.0176050662994385,0.0,0.0,
3294,NVB,0.0,0.0,0.0,0.0,4.839864730834961,,1.0158274173736572,0.0,0.0,
3295,NVB,0.0,0.0,0.0,0.0,3.757063150405884,,1.012813687324524,0.0,0.0,
3296,NVB,0.0,0.0,0.0,0.0,3.903759002685547,,1.0066486597061155,0.0,0.0,
3297,NVB,0.0,0.0,0.0,0.0,2.4454245567321777,,1.02225923538208,0.0,0.0,
3298,NVB,0.0,0.0,0.0,0.0,5.7187275886535645,,1.0096328258514404,0.0,0.0,
3299,NVB,0.0,0.0,0.0,0.0,2.0766258239746094,,1.0091015100479126,0.0,0.0,
3300,NVB,0.0,0.0,0.0,0.0,7.129917621612549,,1.01874577999115,0.0,0.0,
3301,NVB,0.0,0.0,0.0,0.0,2.622605323791504,,1.0240120887756348,0.0,0.0,
3302,NVB,0.0,0.0,0.0,0.0,3.2491602897644043,,1.0057392120361328,0.0,0.0,
3303,NVB,0.0,0.0,0.0,0.0,1.4815471172332764,,1.0050331354141235,0.0,0.0,
3304,NVB,0.0,0.0,0.0,0.0,0.2666537761688232,,1.0058201551437378,0.0,0.0,
3305,NVB,0.0,0.0,0.0,0.0,0.9723273515701294,,1.0017863512039185,0.0,0.0,
3306,NVB,0.0,0.0,0.0,0.0,1.5257097482681274,,1.002556324005127,0.0,0.0,
3307,NVB,0.0,0.0,0.0,0.0,3.088142156600952,,1.0034291744232178,0.0,0.0,
3308,NVB,0.0,0.0,0.0,0.0,0.5303561091423035,,1.002283811569214,0.0,0.0,
3309,NVB,0.0,0.0,0.0,0.0,0.1852665543556213,,1.0039609670639038,0.0,0.0,
3310,NVB,0.0,0.0,0.0,0.0,3.459561824798584,,1.0099279880523682,0.0,0.0,
3311,NVB,0.0,0.0,0.0,0.0,2.7303271293640137,,1.0026172399520874,0.0,0.0,
3312,NVB,0.0,0.0,0.0,0.0,1.9638705253601076,,1.0027786493301392,0.0,0.0,
3313,NVB,0.0,0.0,0.0,0.0,2.647366762161255,,1.0084692239761353,0.0,0.0,
3314,NVB,0.0,0.0,0.0,0.0,3.502678155899048,,1.008780837059021,0.0,0.0,
3315,NVB,0.0,0.0,0.0,0.0,4.994824409484863,,1.018218755722046,0.0,0.0,
3316,NVB,0.0,0.0,0.0,0.0,3.3819034099578857,,1.011380672454834,0.0,0.0,
3317,NVB,0.0,0.0,0.0,0.0,1.9738476276397705,,1.008772373199463,0.0,0.0,
3318,NVB,0.0,0.0,0.0,0.0,3.5527188777923584,,1.0034271478652954,0.0,0.0,
3319,NVB,0.0,0.0,0.0,0.0,0.563491940498352,,1.00099778175354,0.0,0.0,
3320,NVB,0.0,0.0,0.0,0.0,0.8883437514305115,,1.016542673110962,0.0,0.0,
3321,NVB,0.0,0.0,0.0,0.0,3.704395532608032,,1.019879698753357,0.0,0.0,
3322,NVB,0.0,0.0,0.0,0.0,3.988813161849976,,1.0065299272537231,0.0,0.0,
3323,NVB,0.0,0.0,0.0,0.0,1.1129692792892456,,1.0067871809005735,0.0,0.0,
3324,NVB,0.0,0.0,0.0,0.0,2.566495895385742,,1.0037193298339844,0.0,0.0,
3325,NVB,0.0,0.0,0.0,0.0,0.9761034846305848,,1.0007678270339966,0.0,0.0,
3326,NVB,0.0,0.0,0.0,0.0,1.8649712800979612,,1.001271367073059,0.0,0.0,
3327,NVB,0.0,0.0,0.0,0.0,1.314278483390808,,1.0031152963638306,0.0,0.0,
3328,NVB,0.0,0.0,0.0,0.0,1.1945974826812744,,1.0007805824279783,0.0,0.0,
3329,NVB,0.0,0.0,0.0,0.0,2.1626315116882324,,1.002569556236267,0.0,0.0,
3330,NVB,0.0,0.0,0.0,0.0,3.249845504760742,,1.0132290124893188,0.0,0.0,
3331,NVB,0.0,0.0,0.0,0.0,2.789383888244629,,1.0060720443725586,0.0,0.0,
3332,NVB,0.0,0.0,0.0,0.0,2.462350845336914,,1.0017167329788208,0.0,0.0,
3333,NVB,0.0,0.0,0.0,0.0,3.304677963256836,,1.0023469924926758,0.0,0.0,
3334,NVB,0.0,0.0,0.0,0.0,1.3561997413635254,,1.0012004375457764,0.0,0.0,
3335,NVB,0.0,0.0,0.0,0.0,3.8704192638397217,,1.0043433904647827,0.0,0.0,
3336,NVB,0.0,0.0,0.0,0.0,2.686671495437622,,1.0024480819702148,0.0,0.0,
3337,NVB,0.0,0.0,0.0,0.0,1.829329490661621,,1.0026214122772217,0.0,0.0,
3338,NVB,0.0,0.0,0.0,0.0,2.4910500049591064,,1.0096030235290527,0.0,0.0,
3339,NVB,0.0,0.0,0.0,0.0,2.3758809566497803,,1.0105311870574951,0.0,0.0,
3340,NVB,0.0,0.0,0.0,0.0,1.6461951732635498,,1.0024396181106567,0.0,0.0,
3341,NVB,0.0,0.0,0.0,0.0,1.9812098741531368,,1.0060852766036987,0.0,0.0,
3342,NVB,0.0,0.0,0.0,0.0,3.608563184738159,,1.0086021423339844,0.0,0.0,
3343,NVB,0.0,0.0,0.0,0.0,4.644141674041748,,1.0115994215011597,0.0,0.0,
3344,NVB,0.0,0.0,0.0,0.0,2.815382242202759,,1.0108284950256348,0.0,0.0,
3345,NVB,0.0,0.0,0.0,0.0,4.009664058685303,,1.01469087600708,0.0,0.0,
3346,NVB,0.0,0.0,0.0,0.0,1.6158279180526731,,1.0031236410140991,0.0,0.0,
3347,NVB,0.0,0.0,0.0,0.0,3.9951796531677246,,1.0085803270339966,0.0,0.0,
3348,NVB,0.0,0.0,0.0,0.0,4.397216796875,,1.0264286994934082,0.0,0.0,
3349,NVB,0.0,0.0,0.0,0.0,3.812287569046021,,1.0234798192977903,0.0,0.0,
3350,NVB,0.0,0.0,0.0,0.0,3.485696792602539,,1.0043280124664309,0.0,0.0,
3351,NVB,0.0,0.0,0.0,0.0,6.548069953918457,,1.0195471048355105,0.0,0.0,
3352,NVB,0.0,0.0,0.0,0.0,3.6691970825195312,,1.0190445184707642,0.0,0.0,
3353,NVB,0.0,0.0,0.0,0.0,2.731712102890014,,1.0236138105392456,0.0,0.0,
3354,NVB,0.0,0.0,0.0,0.0,1.5221699476242063,,1.004037380218506,0.0,0.0,
3355,NVB,0.0,0.0,0.0,0.0,3.528465509414673,,1.0239468812942505,0.0,0.0,
3356,NVB,0.0,0.0,0.0,0.0,1.5593132972717283,,1.0226653814315796,0.0,0.0,
3357,NVB,0.0,0.0,0.0,0.0,2.804581880569458,,1.0172048807144165,0.0,0.0,
3358,NVB,0.0,0.0,0.0,0.0,2.866429567337036,,1.0221744775772097,0.0,0.0,
3359,NVB,0.0,0.0,0.0,0.0,5.813266277313232,,1.0124070644378662,0.0,0.0,
3360,NVB,0.0,0.0,0.0,0.0,3.7522411346435542,,1.0129122734069824,0.0,0.0,
3361,NVB,0.0,0.0,0.0,0.0,2.182286739349365,,1.0137510299682615,0.0,0.0,
3362,NVB,0.0,0.0,0.0,0.0,1.6996787786483765,,1.0012062788009644,0.0,0.0,
3363,NVB,0.0,0.0,0.0,0.0,1.593324065208435,,1.0014090538024902,0.0,0.0,
3364,NVB,0.0,0.0,0.0,0.0,0.5633448958396912,,1.0021544694900513,0.0,0.0,
3365,NVB,0.0,0.0,0.0,0.0,0.7936654686927795,,1.0006994009017944,0.0,0.0,
3366,NVB,0.0,0.0,0.0,0.0,2.1287858486175537,,1.0035011768341064,0.0,0.0,
3367,NVB,0.0,0.0,0.0,0.0,2.3836781978607178,,1.0038244724273682,0.0,0.0,
3368,NVB,0.0,0.0,0.0,0.0,4.889885425567627,,1.0068496465682983,0.0,0.0,
3369,NVB,0.0,0.0,0.0,0.0,1.7335208654403689,,1.003473162651062,0.0,0.0,
3370,NVB,0.0,0.0,0.0,0.0,1.1397184133529663,,1.0016348361968994,0.0,0.0,
3371,NVB,0.0,0.0,0.0,0.0,4.327066898345947,,1.015456199645996,0.0,0.0,
3372,NVB,0.0,0.0,0.0,0.0,0.9920967221260072,,1.0048750638961792,0.0,0.0,
3373,NVB,0.0,0.0,0.0,0.0,2.5853843688964844,,1.0020428895950315,0.0,0.0,
3374,NVB,0.0,0.0,0.0,0.0,4.394914150238037,,1.0039981603622437,0.0,0.0,
3375,NVB,0.0,0.0,0.0,0.0,3.3958740234375,,1.002342939376831,0.0,0.0,
3376,NVB,0.0,0.0,0.0,0.0,2.3056859970092773,,1.001901149749756,0.0,0.0,
3377,NVB,0.0,0.0,0.0,0.0,1.5444250106811523,,1.004531979560852,0.0,0.0,
3378,NVB,0.0,0.0,0.0,0.0,1.7547863721847534,,1.007793664932251,0.0,0.0,
3379,NVB,0.0,0.0,0.0,0.0,4.941383361816406,,1.03271746635437,0.0,0.0,
3380,NVB,0.0,0.0,0.0,0.0,0.2778467833995819,,1.003386378288269,0.0,0.0,
3381,NVB,0.0,0.0,0.0,0.0,6.1232099533081055,,1.0069239139556885,0.0,0.0,
3382,NVB,0.0,0.0,0.0,0.0,3.447460174560547,,1.0083742141723633,0.0,0.0,
3383,NVB,0.0,0.0,0.0,0.0,2.733693122863769,,1.0031189918518066,0.0,0.0,
3384,NVB,0.0,0.0,0.0,0.0,2.072995185852051,,1.0048351287841797,0.0,0.0,
3385,NVB,0.0,0.0,0.0,0.0,2.7705302238464355,,1.0044599771499634,0.0,0.0,
3386,NVB,0.0,0.0,0.0,0.0,2.140714406967163,,1.0020736455917358,0.0,0.0,
3387,NVB,0.0,0.0,0.0,0.0,2.1508030891418457,,1.0073721408843994,0.0,0.0,
3388,NVB,0.0,0.0,0.0,0.0,7.062819004058838,,1.0317193269729614,0.0,0.0,
3389,NVB,0.0,0.0,0.0,0.0,4.210859298706055,,1.007236361503601,0.0,0.0,
3390,NVB,0.0,0.0,0.0,0.0,5.264264106750488,,1.0155385732650757,0.0,0.0,
3391,NVB,0.0,0.0,0.0,0.0,1.0464015007019043,,1.0119000673294067,0.0,0.0,
3392,NVB,0.0,0.0,0.0,0.0,6.646039962768555,,1.0298174619674685,0.0,0.0,
3393,NVB,0.0,0.0,0.0,0.0,5.960312843322754,,1.0126397609710691,0.0,0.0,
3394,NVB,0.0,0.0,0.0,0.0,1.2816563844680786,,1.008418321609497,0.0,0.0,
3395,NVB,0.0,0.0,0.0,0.0,1.6976721286773682,,1.0606718063354492,0.0,0.0,
3396,NVB,0.0,0.0,0.0,0.0,2.986656427383423,,1.0099486112594604,0.0,0.0,
3397,NVB,0.0,0.0,0.0,0.0,7.635310173034668,,1.0317811965942385,0.0,0.0,
3398,NVB,0.0,0.0,0.0,0.0,4.627146720886231,,1.0147172212600708,0.0,0.0,
3399,NVB,0.0,0.0,0.0,0.0,3.440236568450928,,1.027284860610962,0.0,0.0,
3400,NVB,0.0,0.0,0.0,0.0,5.368151664733887,,1.039961814880371,0.0,0.0,
3401,NVB,0.0,0.0,0.0,0.0,2.352193832397461,,1.0090042352676392,0.0,0.0,
3402,NVB,0.0,0.0,0.0,0.0,3.652046442031861,,1.0437413454055786,0.0,0.0,
3403,NVB,0.0,0.0,0.0,0.0,1.4144774675369265,,1.0091934204101562,0.0,0.0,
3404,NVB,0.0,0.0,0.0,0.0,5.168871402740479,,1.0153206586837769,0.0,0.0,
3405,NVB,0.0,0.0,0.0,0.0,1.5781712532043457,,1.001319169998169,0.0,0.0,
3406,NVB,0.0,0.0,0.0,0.0,0.7106092572212219,,1.0008351802825928,0.0,0.0,
3407,NVB,0.0,0.0,0.0,0.0,1.0016103982925415,,1.0007874965667725,0.0,0.0,
3408,NVB,0.0,0.0,0.0,0.0,0.5390676856040955,,1.0005308389663696,0.0,0.0,
3409,NVB,0.0,0.0,0.0,0.0,1.9227182865142824,,1.002254843711853,0.0,0.0,
3410,NVB,0.0,0.0,0.0,0.0,1.7953580617904663,,1.0039516687393188,0.0,0.0,
3411,NVB,0.0,0.0,0.0,0.0,3.2968103885650635,,1.008591890335083,0.0,0.0,
3412,NVB,0.0,0.0,0.0,0.0,4.362837791442871,,1.020977020263672,0.0,0.0,
3413,NVB,0.0,0.0,0.0,0.0,1.8891648054122925,,1.0012266635894775,0.0,0.0,
3414,NVB,0.0,0.0,0.0,0.0,2.546456813812256,,1.0025420188903809,0.0,0.0,
3415,NVB,0.0,0.0,0.0,0.0,2.6628129482269287,,1.00339937210083,0.0,0.0,
3416,NVB,0.0,0.0,0.0,0.0,1.1309523582458496,,1.0012006759643557,0.0,0.0,
3417,NVB,0.0,0.0,0.0,0.0,2.009025812149048,,1.0037989616394043,0.0,0.0,
3418,NVB,0.0,0.0,0.0,0.0,2.50002670288086,,1.002396821975708,0.0,0.0,
3419,NVB,0.0,0.0,0.0,0.0,1.4379281997680664,,1.057133436203003,0.0,0.0,
3420,NVB,0.0,0.0,0.0,0.0,2.081987142562866,,1.0103493928909302,0.0,0.0,
3421,NVB,0.0,0.0,0.0,0.0,2.352067708969116,,1.0034527778625488,0.0,0.0,
3422,NVB,0.0,0.0,0.0,0.0,4.628078460693359,,1.0097777843475342,0.0,0.0,
3423,NVB,0.0,0.0,0.0,0.0,2.425999641418457,,1.0021395683288574,0.0,0.0,
3424,NVB,0.0,0.0,0.0,0.0,2.3914895057678223,,1.0046688318252563,0.0,0.0,
3425,NVB,0.0,0.0,0.0,0.0,4.531338214874268,,1.0063080787658691,0.0,0.0,
3426,NVB,0.0,0.0,0.0,0.0,1.0697051286697388,,1.0011488199234009,0.0,0.0,
3427,NVB,0.0,0.0,0.0,0.0,3.1443657875061035,,1.0074564218521118,0.0,0.0,
3428,NVB,0.0,0.0,0.0,0.0,0.987976849079132,,1.0017437934875488,0.0,0.0,
3429,NVB,0.0,0.0,0.0,0.0,0.5898140072822571,,1.0021443367004397,0.0,0.0,
3430,NVB,0.0,0.0,0.0,0.0,1.32320237159729,,1.0015919208526611,0.0,0.0,
3431,NVB,0.0,0.0,0.0,0.0,0.1309790313243866,,1.0002381801605225,0.0,0.0,
3432,NVB,0.0,0.0,0.0,0.0,2.599041700363159,,1.0019882917404177,0.0,0.0,
3433,NVB,0.0,0.0,0.0,0.0,4.2508039474487305,,1.0093202590942385,0.0,0.0,
3434,NVB,0.0,0.0,0.0,0.0,2.8459255695343018,,1.003839135169983,0.0,0.0,
3435,NVB,0.0,0.0,0.0,0.0,1.8152892589569087,,1.0035488605499268,0.0,0.0,
3436,NVB,0.0,0.0,0.0,0.0,2.0737435817718506,,1.0030364990234375,0.0,0.0,
3437,NVB,0.0,0.0,0.0,0.0,1.2867276668548584,,1.0030632019042969,0.0,0.0,
3438,NVB,0.0,0.0,0.0,0.0,3.225107431411743,,1.0079454183578491,0.0,0.0,
3439,NVB,0.0,0.0,0.0,0.0,1.2211014032363892,,1.0023332834243774,0.0,0.0,
3440,NVB,0.0,0.0,0.0,0.0,3.731257438659668,,1.0112597942352295,0.0,0.0,
3441,NVB,0.0,0.0,0.0,0.0,3.4715006351470947,,1.005626916885376,0.0,0.0,
3442,NVB,0.0,0.0,0.0,0.0,1.877790927886963,,1.0083109140396118,0.0,0.0,
3443,NVB,0.0,0.0,0.0,0.0,3.413492441177368,,1.0163743495941162,0.0,0.0,
3444,NVB,0.0,0.0,0.0,0.0,3.062716245651245,,1.004707098007202,0.0,0.0,
3445,NVB,0.0,0.0,0.0,0.0,3.3730146884918213,,1.0070360898971558,0.0,0.0,
3446,NVB,0.0,0.0,0.0,0.0,3.865997791290283,,1.0159244537353516,0.0,0.0,
3447,NVB,0.0,0.0,0.0,0.0,1.87315833568573,,1.007392406463623,0.0,0.0,
3448,NVB,0.0,0.0,0.0,0.0,2.011897325515747,,1.0509029626846311,0.0,0.0,
3449,NVB,0.0,0.0,0.0,0.0,3.1150362491607666,,1.008002758026123,0.0,0.0,
3450,NVB,0.0,0.0,0.0,0.0,5.932540893554688,,1.009848952293396,0.0,0.0,
3451,NVB,0.0,0.0,0.0,0.0,4.71823787689209,,1.0069249868392944,0.0,0.0,
3452,NVB,0.0,0.0,0.0,0.0,1.0160372257232666,,1.0081665515899658,0.0,0.0,
3453,NVB,0.0,0.0,0.0,0.0,2.6417622566223145,,1.0062106847763062,0.0,0.0,
3454,NVB,0.0,0.0,0.0,0.0,1.8467304706573489,,1.0023233890533447,0.0,0.0,
3455,NVB,0.0,0.0,0.0,0.0,2.403366804122925,,1.0092543363571167,0.0,0.0,
3456,NVB,0.0,0.0,0.0,0.0,1.6264251470565796,,1.0022575855255127,0.0,0.0,
3457,NVB,0.0,0.0,0.0,0.0,2.936784029006958,,1.003604531288147,0.0,0.0,
3458,NVB,0.0,0.0,0.0,0.0,2.442216396331787,,1.0046305656433103,0.0,0.0,
3459,NVB,0.0,0.0,0.0,0.0,2.985934257507324,,1.0039664506912231,0.0,0.0,
3460,NVB,0.0,0.0,0.0,0.0,2.990569829940796,,1.007750391960144,0.0,0.0,
3461,NVB,0.0,0.0,0.0,0.0,3.287761688232422,,1.0031805038452148,0.0,0.0,
3462,NVB,0.0,0.0,0.0,0.0,1.437962770462036,,1.0020195245742798,0.0,0.0,
3463,NVB,0.0,0.0,0.0,0.0,2.6905150413513184,,1.003605604171753,0.0,0.0,
3464,NVB,0.0,0.0,0.0,0.0,4.638095378875732,,1.005587458610535,0.0,0.0,
3465,NVB,0.0,0.0,0.0,0.0,2.4928975105285645,,1.0038743019104004,0.0,0.0,
3466,NVB,0.0,0.0,0.0,0.0,4.08251953125,,1.00551176071167,0.0,0.0,
3467,NVB,0.0,0.0,0.0,0.0,1.5464460849761963,,1.0089850425720217,0.0,0.0,
3468,NVB,0.0,0.0,0.0,0.0,3.6732780933380127,,1.0057992935180664,0.0,0.0,
3469,NVB,0.0,0.0,0.0,0.0,4.171634674072266,,1.0048792362213137,0.0,0.0,
3470,NVB,0.0,0.0,0.0,0.0,1.214833378791809,,1.0037829875946045,0.0,0.0,
3471,NVB,0.0,0.0,0.0,0.0,2.590607166290283,,1.0030906200408936,0.0,0.0,
3472,NVB,0.0,0.0,0.0,0.0,3.720243453979492,,1.0056781768798828,0.0,0.0,
3473,NVB,0.0,0.0,0.0,0.0,5.003655910491943,,1.015071988105774,0.0,0.0,
3474,NVB,0.0,0.0,0.0,0.0,3.4231770038604736,,1.004389405250549,0.0,0.0,
3475,NVB,0.0,0.0,0.0,0.0,2.0041961669921875,,1.006974458694458,0.0,0.0,
3476,NVB,0.0,0.0,0.0,0.0,2.8730597496032715,,1.002809762954712,0.0,0.0,
3477,NVB,0.0,0.0,0.0,0.0,1.5988095998764038,,1.0046433210372925,0.0,0.0,
3478,NVB,0.0,0.0,0.0,0.0,1.093367576599121,,1.0069016218185425,0.0,0.0,
3479,NVB,0.0,0.0,0.0,0.0,2.0801544189453125,,1.0057945251464844,0.0,0.0,
3480,NVB,0.0,0.0,0.0,0.0,3.5228090286254883,,1.010814547538757,0.0,0.0,
3481,NVB,0.0,0.0,0.0,0.0,1.1550642251968384,,1.001869797706604,0.0,0.0,
3482,NVB,0.0,0.0,0.0,0.0,2.372997045516968,,1.0102834701538086,0.0,0.0,
3483,NVB,0.0,0.0,0.0,0.0,4.799610137939453,,1.0131011009216309,0.0,0.0,
3484,NVB,0.0,0.0,0.0,0.0,8.33539867401123,,1.0200942754745483,0.0,0.0,
3485,NVB,0.0,0.0,0.0,0.0,3.5719618797302246,,1.0120751857757568,0.0,0.0,
3486,NVB,0.0,0.0,0.0,0.0,8.213805198669434,,1.028303623199463,0.0,0.0,
3487,NVB,0.0,0.0,0.0,0.0,10.70932388305664,,1.094683051109314,0.0,0.0,
3488,ALG,0.0,0.0,0.0,0.0,2.9191176891326904,,1.0206384658813477,0.0,0.0,
3489,ALG,0.0,0.0,0.0,0.0,2.5689055919647217,,1.003857135772705,0.0,0.0,
3490,ALG,0.0,0.0,0.0,0.0,1.286412239074707,,1.0011696815490725,0.0,0.0,
3491,ALG,0.0,0.0,0.0,0.0,2.053061008453369,,1.0054584741592407,0.0,0.0,
3492,ALG,0.0,0.0,0.0,0.0,4.722716808319092,,1.0206725597381592,0.0,0.0,
3493,ALG,0.0,0.0,0.0,0.0,1.270032286643982,,1.004204273223877,0.0,0.0,
3494,ALG,0.0,0.0,0.0,0.0,2.5661871433258057,,1.002060890197754,0.0,0.0,
3495,ALG,0.0,0.0,0.0,0.0,4.72999382019043,,1.0085504055023191,0.0,0.0,
3496,ALG,0.0,0.0,0.0,0.0,4.028156280517578,,1.003138542175293,0.0,0.0,
3497,ALG,0.0,0.0,0.0,0.0,1.9946569204330444,,1.0025925636291504,0.0,0.0,
3498,ALG,0.0,0.0,0.0,0.0,2.568800926208496,,1.004477620124817,0.0,0.0,
3499,ALG,0.0,0.0,0.0,0.0,2.5578489303588867,,1.0035609006881714,0.0,0.0,
3500,ALG,0.0,0.0,0.0,0.0,4.785954475402832,,1.0099066495895386,0.0,0.0,
3501,ALG,0.0,0.0,0.0,0.0,0.7741736173629761,,1.0046696662902832,0.0,0.0,
3502,ALG,0.0,0.0,0.0,0.0,2.682603120803833,,1.0049158334732056,0.0,0.0,
3503,ALG,0.0,0.0,0.0,0.0,5.123591899871826,,1.0181459188461304,0.0,0.0,
3504,ALG,0.0,0.0,0.0,0.0,4.321377277374268,,1.0132625102996826,0.0,0.0,
3505,ALG,0.0,0.0,0.0,0.0,1.129679560661316,,1.001062035560608,0.0,0.0,
3506,ALG,0.0,0.0,0.0,0.0,1.7239419221878052,,1.002864956855774,0.0,0.0,
3507,ALG,0.0,0.0,0.0,0.0,2.410950899124145,,1.012950420379639,0.0,0.0,
3508,ALG,0.0,0.0,0.0,0.0,6.010196685791016,,1.0087368488311768,0.0,0.0,
3509,ALG,0.0,0.0,0.0,0.0,8.965869903564453,,1.05176043510437,0.0,0.0,
3510,ALG,0.0,0.0,0.0,0.0,2.979753971099853,,1.0163989067077637,0.0,0.0,
3511,ALG,0.0,0.0,0.0,0.0,6.263833045959473,,1.0328993797302246,0.0,0.0,
3512,ALG,0.0,0.0,0.0,0.0,6.404414653778076,,1.0427137613296509,0.0,0.0,
3513,ALG,0.0,0.0,0.0,0.0,4.821769714355469,,1.0250977277755735,0.0,0.0,
3514,ALG,0.0,0.0,0.0,0.0,5.0109639167785645,,1.0295639038085938,0.0,0.0,
3515,ALG,0.0,0.0,0.0,0.0,7.469094276428223,,1.0176035165786743,0.0,0.0,
3516,ALG,0.0,0.0,0.0,0.0,1.27060866355896,,1.0339773893356323,0.0,0.0,
3517,ALG,0.0,0.0,0.0,0.0,3.163862705230713,,1.0194783210754397,0.0,0.0,
3518,ALG,0.0,0.0,0.0,0.0,1.8279074430465696,,1.0046988725662231,0.0,0.0,
3519,ALG,0.0,0.0,0.0,0.0,7.090130805969238,,1.0093778371810913,0.0,0.0,
3520,ALG,0.0,0.0,0.0,0.0,4.133676052093506,,1.006994128227234,0.0,0.0,
3521,ALG,0.0,0.0,0.0,0.0,1.1619430780410769,,1.0023374557495115,0.0,0.0,
3522,ALG,0.0,0.0,0.0,0.0,1.3462387323379517,,1.0049715042114258,0.0,0.0,
3523,ALG,0.0,0.0,0.0,0.0,3.357994318008423,,1.0110671520233154,0.0,0.0,
3524,ALG,0.0,0.0,0.0,0.0,5.585853099822998,,1.0172860622406006,0.0,0.0,
3525,ALG,0.0,0.0,0.0,0.0,3.7314612865448,,1.0079224109649658,0.0,0.0,
3526,ALG,0.0,0.0,0.0,0.0,4.968113899230957,,1.0140386819839478,0.0,0.0,
3527,ALG,0.0,0.0,0.0,0.0,2.068590879440308,,1.0052672624588013,0.0,0.0,
3528,ALG,0.0,0.0,0.0,0.0,6.233354568481445,,1.0182976722717283,0.0,0.0,
3529,ALG,0.0,0.0,0.0,0.0,2.0987234115600586,,1.0048043727874756,0.0,0.0,
3530,ALG,0.0,0.0,0.0,0.0,1.85048508644104,,1.006784200668335,0.0,0.0,
3531,ALG,0.0,0.0,0.0,0.0,8.680724143981934,,1.035961031913757,0.0,0.0,
3532,ALG,0.0,0.0,0.0,0.0,11.25643825531006,,1.0667510032653809,0.0,0.0,
3533,ALG,0.0,0.0,0.0,0.0,2.9107329845428467,,1.0118883848190308,0.0,0.0,
3534,ALG,0.0,0.0,0.0,0.0,6.68630838394165,,1.009319305419922,0.0,0.0,
3535,ALG,0.0,0.0,0.0,0.0,4.436726093292236,,1.00520122051239,0.0,0.0,
3536,ALG,0.0,0.0,0.0,0.0,2.3596487045288086,,1.0032471418380735,0.0,0.0,
3537,ALG,0.0,0.0,0.0,0.0,3.764093637466431,,1.0075253248214722,0.0,0.0,
3538,ALG,0.0,0.0,0.0,0.0,7.068704128265381,,1.0325523614883425,0.0,0.0,
3539,ALG,0.0,0.0,0.0,0.0,8.10921859741211,,1.0416247844696045,0.0,0.0,
3540,ALG,0.0,0.0,0.0,0.0,2.220175266265869,,1.0115721225738523,0.0,0.0,
3541,ALG,0.0,0.0,0.0,0.0,2.7649013996124268,,1.0155608654022217,0.0,0.0,
3542,ALG,0.0,0.0,0.0,0.0,5.3675456047058105,,1.0173418521881104,0.0,0.0,
3543,ALG,0.0,0.0,0.0,0.0,9.125273704528809,,1.029835820198059,0.0,0.0,
3544,ALG,0.0,0.0,0.0,0.0,2.6310343742370605,,1.0193288326263428,0.0,0.0,
3545,ALG,0.0,0.0,0.0,0.0,4.311317443847656,,1.0171842575073242,0.0,0.0,
3546,ALG,0.0,0.0,0.0,0.0,1.7247437238693235,,1.0376046895980835,0.0,0.0,
3547,ALG,0.0,0.0,0.0,0.0,4.233954429626465,,1.0662037134170532,0.0,0.0,
3548,NVB,0.0,0.0,0.0,0.0,3.174161672592163,,1.010067343711853,0.0,0.0,
3549,NVB,0.0,0.0,0.0,0.0,2.6540651321411133,,1.009639859199524,0.0,0.0,
3550,NVB,0.0,0.0,0.0,0.0,6.802173614501953,,1.037163257598877,0.0,0.0,
3551,NVB,0.0,0.0,0.0,0.0,2.878260612487793,,1.063915133476257,0.0,0.0,
3552,NVB,0.0,0.0,0.0,0.0,3.051990509033203,,1.0118352174758911,0.0,0.0,
3553,NVB,0.0,0.0,0.0,0.0,3.695131063461304,,1.0117048025131226,0.0,0.0,
3554,NVB,0.0,0.0,0.0,0.0,2.08127498626709,,1.009695053100586,0.0,0.0,
3555,SGZ,0.0,0.0,0.0,0.0,3.416731595993042,,1.0122761726379397,0.0,0.0,
3556,SGZ,0.0,0.0,0.0,0.0,7.048459053039551,,1.0212466716766355,0.0,0.0,
3557,SGZ,0.0,0.0,0.0,0.0,2.5782244205474854,,1.0308760404586792,0.0,0.0,
3558,SGZ,0.0,0.0,0.0,0.0,2.244936943054199,,1.004138708114624,0.0,0.0,
3559,SGZ,0.0,0.0,0.0,0.0,3.749493837356568,,1.0371215343475342,0.0,0.0,
3560,SGZ,0.0,0.0,0.0,0.0,4.765615463256836,,1.037293553352356,0.0,0.0,
3561,SGZ,0.0,0.0,0.0,0.0,4.311737060546875,,1.040893793106079,0.0,0.0,
3562,SGZ,0.0,0.0,0.0,0.0,7.063745975494385,,1.0259952545166016,0.0,0.0,
3563,SGZ,0.0,0.0,0.0,0.0,2.0124168395996094,,1.0048398971557615,0.0,0.0,
3564,SGZ,0.0,0.0,0.0,0.0,6.77787446975708,,1.0197720527648926,0.0,0.0,
3565,SGZ,0.0,0.0,0.0,0.0,4.1262054443359375,,1.0078370571136477,0.0,0.0,
3566,SGZ,0.0,0.0,0.0,0.0,3.765833139419556,,1.012655258178711,0.0,0.0,
3567,SGZ,0.0,0.0,0.0,0.0,3.853915214538574,,1.0081758499145508,0.0,0.0,
3568,SGZ,0.0,0.0,0.0,0.0,4.835666656494141,,1.006701946258545,0.0,0.0,
3569,SGZ,0.0,0.0,0.0,0.0,3.696969985961914,,1.0073367357254028,0.0,0.0,
3570,SGZ,0.0,0.0,0.0,0.0,2.448845386505127,,1.0039293766021729,0.0,0.0,
3571,SGZ,0.0,0.0,0.0,0.0,7.985115051269531,,1.0427409410476685,0.0,0.0,
3572,SGZ,0.0,0.0,0.0,0.0,1.4645261764526367,,1.0030617713928225,0.0,0.0,
3573,SGZ,0.0,0.0,0.0,0.0,2.4629664421081543,,1.008895993232727,0.0,0.0,
3574,SGZ,0.0,0.0,0.0,0.0,2.59270977973938,,1.0143169164657593,0.0,0.0,
3575,SGZ,0.0,0.0,0.0,0.0,2.8061869144439697,,1.0333393812179563,0.0,0.0,
3576,SGZ,0.0,0.0,0.0,0.0,1.49380362033844,,1.008379578590393,0.0,0.0,
3577,SGZ,0.0,0.0,0.0,0.0,6.558967590332031,,1.0355418920516968,0.0,0.0,
3578,SGZ,0.0,0.0,0.0,0.0,2.6673269271850586,,1.0046932697296145,0.0,0.0,
3579,SGZ,0.0,0.0,0.0,0.0,1.4546006917953491,,1.0425206422805786,0.0,0.0,
3580,SGZ,0.0,0.0,0.0,0.0,2.4118363857269287,,1.0025144815444946,0.0,0.0,
3581,SGZ,0.0,0.0,0.0,0.0,1.787203311920166,,1.0021259784698486,0.0,0.0,
3582,SGZ,0.0,0.0,0.0,0.0,1.3594074249267578,,1.000756025314331,0.0,0.0,
3583,SGZ,0.0,0.0,0.0,0.0,3.973325252532959,,1.016537308692932,0.0,0.0,
3584,SGZ,0.0,0.0,0.0,0.0,5.721289157867432,,1.0138320922851562,0.0,0.0,
3585,SGZ,0.0,0.0,0.0,0.0,8.829619407653809,,1.0310345888137815,0.0,0.0,
3586,SGZ,0.0,0.0,0.0,0.0,0.5124886631965637,,1.002791166305542,0.0,0.0,
3587,SGZ,0.0,0.0,0.0,0.0,1.574332594871521,,1.0038914680480957,0.0,0.0,
3588,SGZ,0.0,0.0,0.0,0.0,3.702699899673462,,1.0559346675872805,0.0,0.0,
3589,SGZ,0.0,0.0,0.0,0.0,1.7296807765960691,,1.0072388648986816,0.0,0.0,
3590,SGZ,0.0,0.0,0.0,0.0,2.124328851699829,,1.0046868324279783,0.0,0.0,
3591,SGZ,0.0,0.0,0.0,0.0,2.813170909881592,,1.006558179855347,0.0,0.0,
3592,SGZ,0.0,0.0,0.0,0.0,0.7083384990692139,,1.0046581029891968,0.0,0.0,
3593,SGZ,0.0,0.0,0.0,0.0,0.689300000667572,,1.003852128982544,0.0,0.0,
3594,SGZ,0.0,0.0,0.0,0.0,2.1203691959381104,,1.0064526796340942,0.0,0.0,
3595,SGZ,0.0,0.0,0.0,0.0,6.090569496154785,,1.0085018873214722,0.0,0.0,
3596,SGZ,0.0,0.0,0.0,0.0,3.6883327960968018,,1.0106781721115112,0.0,0.0,
3597,SGZ,0.0,0.0,0.0,0.0,1.34455406665802,,1.0019209384918213,0.0,0.0,
3598,SGZ,0.0,0.0,0.0,0.0,1.1818503141403198,,1.0115987062454224,0.0,0.0,
3599,SGZ,0.0,0.0,0.0,0.0,1.5743848085403442,,1.005297064781189,0.0,0.0,
3600,SGZ,0.0,0.0,0.0,0.0,3.850769519805908,,1.0034825801849363,0.0,0.0,
3601,SGZ,0.0,0.0,0.0,0.0,4.8193678855896,,1.005959391593933,0.0,0.0,
3602,SGZ,0.0,0.0,0.0,0.0,0.7683945894241333,,1.0124822854995728,0.0,0.0,
3603,SGZ,0.0,0.0,0.0,0.0,1.986742615699768,,1.0013244152069092,0.0,0.0,
3604,SGZ,0.0,0.0,0.0,0.0,5.131221771240234,,1.004734754562378,0.0,0.0,
3605,SGZ,0.0,0.0,0.0,0.0,0.1816543042659759,,1.0013362169265747,0.0,0.0,
3606,SGZ,0.0,0.0,0.0,0.0,1.9717940092086792,,1.0032548904418943,0.0,0.0,
3607,SGZ,0.0,0.0,0.0,0.0,3.4459939002990723,,1.0069481134414673,0.0,0.0,
3608,SGZ,0.0,0.0,0.0,0.0,4.919023513793945,,1.0225578546524048,0.0,0.0,
3609,SGZ,0.0,0.0,0.0,0.0,6.048686981201172,,1.0224835872650146,0.0,0.0,
3610,SGZ,0.0,0.0,0.0,0.0,10.648905754089355,,1.097737431526184,0.0,0.0,
3611,SGZ,0.0,0.0,0.0,0.0,2.6442039012908936,,1.0083091259002686,0.0,0.0,
3612,SGZ,0.0,0.0,0.0,0.0,2.0248732566833496,,1.0018187761306765,0.0,0.0,
3613,SGZ,0.0,0.0,0.0,0.0,3.983250141143799,,1.0053287744522097,0.0,0.0,
3614,SGZ,0.0,0.0,0.0,0.0,3.3839619159698486,,1.0076137781143188,0.0,0.0,
3615,SGZ,0.0,0.0,0.0,0.0,1.174576759338379,,1.005350112915039,0.0,0.0,
3616,SGZ,0.0,0.0,0.0,0.0,7.678055763244629,,1.0296690464019775,0.0,0.0,
3617,SGZ,0.0,0.0,0.0,0.0,1.611642599105835,,1.0024421215057373,0.0,0.0,
3618,SGZ,0.0,0.0,0.0,0.0,7.031144618988037,,1.018379807472229,0.0,0.0,
3619,SGZ,0.0,0.0,0.0,0.0,5.522355079650879,,1.0084282159805298,0.0,0.0,
3620,SGZ,0.0,0.0,0.0,0.0,2.767475128173828,,1.0076377391815186,0.0,0.0,
3621,SGZ,0.0,0.0,0.0,0.0,4.121404647827148,,1.0100198984146118,0.0,0.0,
3622,SGZ,0.0,0.0,0.0,0.0,2.336153268814087,,1.013827204704285,0.0,0.0,
3623,SGZ,0.0,0.0,0.0,0.0,3.7668888568878174,,1.008012294769287,0.0,0.0,
3624,SGZ,0.0,0.0,0.0,0.0,4.327914237976074,,1.007272720336914,0.0,0.0,
3625,SGZ,0.0,0.0,0.0,0.0,4.546399593353272,,1.0093269348144531,0.0,0.0,
3626,SGZ,0.0,0.0,0.0,0.0,2.2556285858154297,,1.0057262182235718,0.0,0.0,
3627,SGZ,0.0,0.0,0.0,0.0,2.453090190887451,,1.0046778917312622,0.0,0.0,
3628,SGZ,0.0,0.0,0.0,0.0,1.6304218769073486,,1.0038968324661257,0.0,0.0,
3629,SGZ,0.0,0.0,0.0,0.0,2.3091070652008057,,1.0031580924987793,0.0,0.0,
3630,SGZ,0.0,0.0,0.0,0.0,2.592136144638061,,1.0029631853103638,0.0,0.0,
3631,SGZ,0.0,0.0,0.0,0.0,2.055152416229248,,1.0029726028442385,0.0,0.0,
3632,NVB,0.0,0.0,0.0,0.0,1.6844217777252195,,1.0009382963180542,0.0,0.0,
3633,NVB,0.0,0.0,0.0,0.0,1.1010888814926147,,1.0036725997924805,0.0,0.0,
3634,NVB,0.0,0.0,0.0,0.0,2.21513032913208,,1.0054744482040403,0.0,0.0,
3635,NVB,0.0,0.0,0.0,0.0,3.2659268379211426,,1.0121303796768188,0.0,0.0,
3636,NVB,0.0,0.0,0.0,0.0,3.131643056869507,,1.0059908628463743,0.0,0.0,
3637,NVB,0.0,0.0,0.0,0.0,0.6606510877609253,,1.0110273361206057,0.0,0.0,
3638,NVB,0.0,0.0,0.0,0.0,2.336158037185669,,1.0069855451583862,0.0,0.0,
3639,NVB,0.0,0.0,0.0,0.0,4.3993239402771,,1.0264990329742432,0.0,0.0,
3640,NVB,0.0,0.0,0.0,0.0,1.4879722595214844,,1.0095382928848269,0.0,0.0,
3641,NVB,0.0,0.0,0.0,0.0,2.0149285793304443,,1.013088941574097,0.0,0.0,
3642,NVB,0.0,0.0,0.0,0.0,4.118505954742432,,1.0089948177337646,0.0,0.0,
3643,NVB,0.0,0.0,0.0,0.0,3.2360169887542725,,1.0034011602401731,0.0,0.0,
3644,NVB,0.0,0.0,0.0,0.0,1.4672690629959106,,1.0025643110275269,0.0,0.0,
3645,NVB,0.0,0.0,0.0,0.0,2.086854934692383,,1.0094653367996216,0.0,0.0,
3646,NVB,0.0,0.0,0.0,0.0,1.279022455215454,,1.002212405204773,0.0,0.0,
3647,NVB,0.0,0.0,0.0,0.0,1.3055404424667358,,1.001656413078308,0.0,0.0,
3648,NVB,0.0,0.0,0.0,0.0,0.762466549873352,,1.0012178421020508,0.0,0.0,
3649,NVB,0.0,0.0,0.0,0.0,0.6581892967224121,,1.000410556793213,0.0,0.0,
3650,NVB,0.0,0.0,0.0,0.0,1.9633969068527224,,1.0008580684661863,0.0,0.0,
3651,NVB,0.0,0.0,0.0,0.0,2.854905843734741,,1.0043549537658691,0.0,0.0,
3652,NVB,0.0,0.0,0.0,0.0,1.3979109525680542,,1.0030335187911987,0.0,0.0,
3653,NVB,0.0,0.0,0.0,0.0,1.034706473350525,,1.0006239414215088,0.0,0.0,
3654,NVB,0.0,0.0,0.0,0.0,1.0159600973129272,,1.001126050949097,0.0,0.0,
3655,NVB,0.0,0.0,0.0,0.0,2.3181772232055664,,1.0015753507614136,0.0,0.0,
3656,NVB,0.0,0.0,0.0,0.0,1.133307933807373,,1.00137460231781,0.0,0.0,
3657,NVB,0.0,0.0,0.0,0.0,0.2343015074729919,,1.0020443201065063,0.0,0.0,
3658,NVB,0.0,0.0,0.0,0.0,1.037631869316101,,1.0019285678863523,0.0,0.0,
3659,NVB,0.0,0.0,0.0,0.0,1.091311812400818,,1.0022861957550049,0.0,0.0,
3660,NVB,0.0,0.0,0.0,0.0,1.531304121017456,,1.0016000270843506,0.0,0.0,
3661,NVB,0.0,0.0,0.0,0.0,1.849778652191162,,1.002129316329956,0.0,0.0,
3662,NVB,0.0,0.0,0.0,0.0,1.3034553527832031,,1.005007266998291,0.0,0.0,
3663,NVB,0.0,0.0,0.0,0.0,0.8820140361785889,,1.0028966665267944,0.0,0.0,
3664,NVB,0.0,0.0,0.0,0.0,7.868711948394775,,1.0396771430969238,0.0,0.0,
3665,NVB,0.0,0.0,0.0,0.0,3.0966360569000244,,1.0714502334594729,0.0,0.0,
3666,NVB,0.0,0.0,0.0,0.0,4.661476135253906,,1.0288368463516235,0.0,0.0,
3667,NVB,0.0,0.0,0.0,0.0,4.512630462646484,,1.0352976322174072,0.0,0.0,
3668,NVB,0.0,0.0,0.0,0.0,3.780613422393799,,1.0120506286621094,0.0,0.0,
3669,NVB,0.0,0.0,0.0,0.0,2.506424188613892,,1.0030505657196045,0.0,0.0,
3670,NVB,0.0,0.0,0.0,0.0,2.9006032943725586,,1.0063223838806152,0.0,0.0,
3671,NVB,0.0,0.0,0.0,0.0,0.8155506253242493,,1.000770926475525,0.0,0.0,
3672,NVB,0.0,0.0,0.0,0.0,3.201621055603028,,1.010897159576416,0.0,0.0,
3673,NVB,0.0,0.0,0.0,0.0,1.8901488780975344,,1.0033652782440186,0.0,0.0,
3674,NVB,0.0,0.0,0.0,0.0,1.2475446462631226,,1.0019426345825195,0.0,0.0,
3675,SGZ,0.0,0.0,0.0,0.0,1.45049786567688,,1.0003926753997805,0.0,0.0,
3676,SGZ,0.0,0.0,0.0,0.0,2.386862277984619,,1.0019985437393188,0.0,0.0,
3677,SGZ,0.0,0.0,0.0,0.0,0.2567974030971527,,1.0010453462600708,0.0,0.0,
3678,SGZ,0.0,0.0,0.0,0.0,1.4361318349838257,,1.0114117860794067,0.0,0.0,
3679,SGZ,0.0,0.0,0.0,0.0,0.8476812839508057,,1.0004864931106567,0.0,0.0,
3680,SGZ,0.0,0.0,0.0,0.0,0.4214150905609131,,1.0009130239486694,0.0,0.0,
3681,SGZ,0.0,0.0,0.0,0.0,0.2778122127056122,,1.0004199743270874,0.0,0.0,
3682,SGZ,0.0,0.0,0.0,0.0,0.5873156189918518,,1.001697659492493,0.0,0.0,
3683,SGZ,0.0,0.0,0.0,0.0,1.5901856422424316,,1.002696514129639,0.0,0.0,
3684,SGZ,0.0,0.0,0.0,0.0,6.191488265991211,,1.0159252882003784,0.0,0.0,
3685,SGZ,0.0,0.0,0.0,0.0,6.074643135070801,,1.0163838863372805,0.0,0.0,
3686,SGZ,0.0,0.0,0.0,0.0,6.675680160522461,,1.0435659885406494,0.0,0.0,
3687,SGZ,0.0,0.0,0.0,0.0,1.9529228210449217,,1.00789475440979,0.0,0.0,
3688,SGZ,0.0,0.0,0.0,0.0,4.101853370666504,,1.0095242261886597,0.0,0.0,
3689,SGZ,0.0,0.0,0.0,0.0,7.39382791519165,,1.0388445854187012,0.0,0.0,
3690,SGZ,0.0,0.0,0.0,0.0,4.242644786834717,,1.0034875869750977,0.0,0.0,
3691,SGZ,0.0,0.0,0.0,0.0,2.727271556854248,,1.021653175354004,0.0,0.0,
3692,SGZ,0.0,0.0,0.0,0.0,7.958830833435059,,1.1182048320770264,0.0,0.0,
3693,SGZ,0.0,0.0,0.0,0.0,11.754583358764648,,1.0362635850906372,0.0,0.0,
3694,SGZ,0.0,0.0,0.0,0.0,3.406176805496216,,1.010006070137024,0.0,0.0,
3695,SGZ,0.0,0.0,0.0,0.0,2.585231304168701,,1.0212256908416748,0.0,0.0,
3696,SGZ,0.0,0.0,0.0,0.0,2.0492208003997803,,1.0067312717437744,0.0,0.0,
3697,SGZ,0.0,0.0,0.0,0.0,2.678901433944702,,1.070077419281006,0.0,0.0,
3698,SGZ,0.0,0.0,0.0,0.0,5.400238513946533,,1.0296839475631714,0.0,0.0,
3699,SGZ,0.0,0.0,0.0,0.0,6.208471775054932,,1.0469835996627808,0.0,0.0,
3700,SGZ,0.0,0.0,0.0,0.0,4.591477394104004,,1.0157984495162964,0.0,0.0,
3701,SGZ,0.0,0.0,0.0,0.0,4.324182510375977,,1.0456762313842771,0.0,0.0,
3702,SGZ,0.0,0.0,0.0,0.0,2.055515766143799,,1.0171465873718262,0.0,0.0,
3703,SGZ,0.0,0.0,0.0,0.0,10.954811096191406,,1.032630205154419,0.0,0.0,
3704,SGZ,0.0,0.0,0.0,0.0,3.679078578948975,,1.046694040298462,0.0,0.0,
3705,SGZ,0.0,0.0,0.0,0.0,3.789306640625,,1.1017833948135376,0.0,0.0,
3706,SGZ,0.0,0.0,0.0,0.0,6.901339530944824,,1.0445321798324585,0.0,0.0,
3707,SGZ,0.0,0.0,0.0,0.0,5.4253363609313965,,1.0216758251190186,0.0,0.0,
3708,SGZ,0.0,0.0,0.0,0.0,5.8603105545043945,,1.0145466327667236,0.0,0.0,
3709,SGZ,0.0,0.0,0.0,0.0,2.796427726745605,,1.0081475973129272,0.0,0.0,
3710,SGZ,0.0,0.0,0.0,0.0,2.6964550018310547,,1.0196582078933716,0.0,0.0,
3711,SGZ,0.0,0.0,0.0,0.0,7.531095504760742,,1.0564212799072266,0.0,0.0,
3712,SGZ,0.0,0.0,0.0,0.0,2.3224942684173584,,1.0135438442230225,0.0,0.0,
3713,SGZ,0.0,0.0,0.0,0.0,7.742257118225098,,1.053538799285889,0.0,0.0,
3714,SGZ,0.0,0.0,0.0,0.0,9.17984390258789,,1.060168743133545,0.0,0.0,
3715,SGZ,0.0,0.0,0.0,0.0,7.49888801574707,,1.1369173526763916,0.0,0.0,
3716,SGZ,0.0,0.0,0.0,0.0,4.09432315826416,,1.0932406187057495,0.0,0.0,
3717,SGZ,0.0,0.0,0.0,0.0,1.8452394008636477,,1.0229580402374268,0.0,0.0,
3718,SGZ,0.0,0.0,0.0,0.0,1.1874467134475708,,1.0095621347427368,0.0,0.0,
3719,SGZ,0.0,0.0,0.0,0.0,6.356480121612549,,1.0382415056228638,0.0,0.0,
3720,SGZ,0.0,0.0,0.0,0.0,5.078567028045654,,1.0737861394882202,0.0,0.0,
3721,SGZ,0.0,0.0,0.0,0.0,6.508518695831299,,1.0351239442825315,0.0,0.0,
3722,SGZ,0.0,0.0,0.0,0.0,12.473470687866213,,1.0359586477279663,0.0,0.0,
3723,SGZ,0.0,0.0,0.0,0.0,3.2934610843658447,,1.0067356824874878,0.0,0.0,
3724,SGZ,0.0,0.0,0.0,0.0,2.4712612628936768,,1.002236008644104,0.0,0.0,
3725,SGZ,0.0,0.0,0.0,0.0,4.587793827056885,,1.0106092691421509,0.0,0.0,
3726,SGZ,0.0,0.0,0.0,0.0,3.792738914489746,,1.005861520767212,0.0,0.0,
3727,SGZ,0.0,0.0,0.0,0.0,1.4367103576660156,,1.008237361907959,0.0,0.0,
3728,SGZ,0.0,0.0,0.0,0.0,5.755703926086426,,1.0133612155914309,0.0,0.0,
3729,SGZ,0.0,0.0,0.0,0.0,1.8109419345855715,,1.0121440887451172,0.0,0.0,
3730,SGZ,0.0,0.0,0.0,0.0,1.571812868118286,,1.0012764930725098,0.0,0.0,
3731,SGZ,0.0,0.0,0.0,0.0,2.0797829627990723,,1.0201401710510254,0.0,0.0,
3732,SGZ,0.0,0.0,0.0,0.0,0.7723769545555115,,1.003028154373169,0.0,0.0,
3733,SGZ,0.0,0.0,0.0,0.0,3.423151016235352,,1.0055257081985474,0.0,0.0,
3734,NVB,0.0,0.0,0.0,0.0,0.8982736468315125,,1.0139575004577637,0.0,0.0,
3735,FMAT,0.0,0.0,0.0,0.0,1.7502155303955078,,1.0022746324539185,0.0,0.0,
3736,FMAT,0.0,0.0,0.0,0.0,2.203086853027344,,1.002302885055542,0.0,0.0,
3737,FMAT,0.0,0.0,0.0,0.0,3.98882508277893,,1.0172699689865112,0.0,0.0,
3738,FMAT,0.0,0.0,0.0,0.0,2.7514827251434326,,1.0114446878433228,0.0,0.0,
3739,FMAT,0.0,0.0,0.0,0.0,6.982115268707275,,1.021537184715271,0.0,0.0,
3740,FMAT,0.0,0.0,0.0,0.0,2.792274713516236,,1.034459352493286,0.0,0.0,
3741,FMAT,0.0,0.0,0.0,0.0,2.0169498920440674,,1.0014034509658811,0.0,0.0,
3742,FMAT,0.0,0.0,0.0,0.0,4.496195316314697,,1.0057700872421265,0.0,0.0,
3743,FMAT,0.0,0.0,0.0,0.0,4.227882385253906,,1.0049645900726318,0.0,0.0,
3744,FMAT,0.0,0.0,0.0,0.0,3.6861867904663086,,1.0113468170166016,0.0,0.0,
3745,FMAT,0.0,0.0,0.0,0.0,6.890585422515869,,1.0440157651901243,0.0,0.0,
3746,FMAT,0.0,0.0,0.0,0.0,3.834425687789917,,1.002915859222412,0.0,0.0,
3747,FMAT,0.0,0.0,0.0,0.0,4.83524227142334,,1.0382059812545776,0.0,0.0,
3748,FMAT,0.0,0.0,0.0,0.0,1.663209080696106,,1.01376211643219,0.0,0.0,
3749,FMAT,0.0,0.0,0.0,0.0,4.018747806549072,,1.004799246788025,0.0,0.0,
3750,FMAT,0.0,0.0,0.0,0.0,1.950274109840393,,1.0051902532577517,0.0,0.0,
3751,FMAT,0.0,0.0,0.0,0.0,1.98579216003418,,1.0151580572128296,0.0,0.0,
3752,FMAT,0.0,0.0,0.0,0.0,5.205879211425781,,1.0272705554962158,0.0,0.0,
3753,FMAT,0.0,0.0,0.0,0.0,2.1580734252929688,,1.0141838788986206,0.0,0.0,
3754,FMAT,0.0,0.0,0.0,0.0,5.11868953704834,,1.0303871631622314,0.0,0.0,
3755,FMAT,0.0,0.0,0.0,0.0,3.181337118148804,,1.006086826324463,0.0,0.0,
3756,FMAT,0.0,0.0,0.0,0.0,4.342808723449707,,1.0179002285003662,0.0,0.0,
3757,FMAT,0.0,0.0,0.0,0.0,2.8404135704040527,,1.0200245380401611,0.0,0.0,
3758,FMAT,0.0,0.0,0.0,0.0,3.533324718475342,,1.00343656539917,0.0,0.0,
3759,FMAT,0.0,0.0,0.0,0.0,1.9230605363845823,,1.001175880432129,0.0,0.0,
3760,FMAT,0.0,0.0,0.0,0.0,1.9595574140548704,,1.0024795532226562,0.0,0.0,
3761,FMAT,0.0,0.0,0.0,0.0,3.0485565662384038,,1.02641761302948,0.0,0.0,
3762,FMAT,0.0,0.0,0.0,0.0,6.8254008293151855,,1.0121243000030518,0.0,0.0,
3763,FMAT,0.0,0.0,0.0,0.0,4.901254653930664,,1.0047025680541992,0.0,0.0,
3764,FMAT,0.0,0.0,0.0,0.0,5.825379371643066,,1.019176959991455,0.0,0.0,
3765,FMAT,0.0,0.0,0.0,0.0,4.284409523010254,,1.019194722175598,0.0,0.0,
3766,FMAT,0.0,0.0,0.0,0.0,1.79652202129364,,1.0640475749969482,0.0,0.0,
3767,FMAT,0.0,0.0,0.0,0.0,1.676788091659546,,1.0057976245880127,0.0,0.0,
3768,FMAT,0.0,0.0,0.0,0.0,5.059751987457275,,1.037660002708435,0.0,0.0,
3769,FMAT,0.0,0.0,0.0,0.0,1.599489688873291,,1.0022523403167725,0.0,0.0,
3770,FMAT,0.0,0.0,0.0,0.0,3.8818743228912354,,1.0071972608566284,0.0,0.0,
3771,FMAT,0.0,0.0,0.0,0.0,1.914313077926636,,1.005263090133667,0.0,0.0,
3772,FMAT,0.0,0.0,0.0,0.0,7.309714794158935,,1.054309606552124,0.0,0.0,
3773,FMAT,0.0,0.0,0.0,0.0,0.8506887555122375,,1.0016647577285769,0.0,0.0,
3774,FMAT,0.0,0.0,0.0,0.0,2.145857334136963,,1.0129117965698242,0.0,0.0,
3775,FMAT,0.0,0.0,0.0,0.0,3.4205400943756104,,1.016283631324768,0.0,0.0,
3776,FMAT,0.0,0.0,0.0,0.0,0.5204013586044312,,1.0132901668548584,0.0,0.0,
3777,FMAT,0.0,0.0,0.0,0.0,3.2992806434631348,,1.0060876607894895,0.0,0.0,
3778,FMAT,0.0,0.0,0.0,0.0,4.110745429992676,,1.0122909545898438,0.0,0.0,
3779,FMAT,0.0,0.0,0.0,0.0,4.873932838439941,,1.0347063541412354,0.0,0.0,
3780,FMAT,0.0,0.0,0.0,0.0,4.995131492614746,,1.058483004570007,0.0,0.0,
3781,FMAT,0.0,0.0,0.0,0.0,3.3326988220214844,,1.0159978866577148,0.0,0.0,
3782,FMAT,0.0,0.0,0.0,0.0,1.6947273015975952,,1.0082169771194458,0.0,0.0,
3783,FMAT,0.0,0.0,0.0,0.0,5.097397804260254,,1.031111717224121,0.0,0.0,
3784,FMAT,0.0,0.0,0.0,0.0,4.861541271209717,,1.0455375909805298,0.0,0.0,
3785,FMAT,0.0,0.0,0.0,0.0,13.593945503234863,,1.0881859064102173,0.0,0.0,
3786,FMAT,0.0,0.0,0.0,0.0,3.359367847442627,,1.0137903690338137,0.0,0.0,
3787,FMAT,0.0,0.0,0.0,0.0,12.250030517578123,,1.0638427734375,0.0,0.0,
3788,FMAT,0.0,0.0,0.0,0.0,6.54512357711792,,1.1421351432800293,0.0,0.0,
3789,FMAT,0.0,0.0,0.0,0.0,3.639977216720581,,1.0118125677108765,0.0,0.0,
3790,FMAT,0.0,0.0,0.0,0.0,8.728960037231445,,1.0669397115707395,0.0,0.0,
3791,FMAT,0.0,0.0,0.0,0.0,3.1524600982666016,,1.0649096965789795,0.0,0.0,
3792,FMAT,0.0,0.0,0.0,0.0,3.6685307025909424,,1.0391428470611572,0.0,0.0,
3793,FMAT,0.0,0.0,0.0,0.0,9.336443901062012,,1.0326107740402222,0.0,0.0,
3794,FMAT,0.0,0.0,0.0,0.0,7.171586036682129,,1.0577712059020996,0.0,0.0,
3795,FMAT,0.0,0.0,0.0,0.0,5.264185428619385,,1.0379793643951416,0.0,0.0,
3796,FMAT,0.0,0.0,0.0,0.0,0.884489893913269,,1.0032628774642944,0.0,0.0,
3797,FMAT,0.0,0.0,0.0,0.0,2.4456264972686768,,1.008743166923523,0.0,0.0,
3798,FMAT,0.0,0.0,0.0,0.0,2.0927114486694336,,1.004628300666809,0.0,0.0,
3799,FMAT,0.0,0.0,0.0,0.0,3.368199825286865,,1.003712177276611,0.0,0.0,
3800,FMAT,0.0,0.0,0.0,0.0,5.316599845886231,,1.0122339725494385,0.0,0.0,
3801,FMAT,0.0,0.0,0.0,0.0,5.081109046936035,,1.019145131111145,0.0,0.0,
3802,FMAT,0.0,0.0,0.0,0.0,3.432729721069336,,1.024979829788208,0.0,0.0,
3803,FMAT,0.0,0.0,0.0,0.0,2.432828903198242,,1.0053353309631348,0.0,0.0,
3804,FMAT,0.0,0.0,0.0,0.0,3.925642490386963,,1.008358359336853,0.0,0.0,
3805,FMAT,0.0,0.0,0.0,0.0,1.712616205215454,,1.0039091110229492,0.0,0.0,
3806,FMAT,0.0,0.0,0.0,0.0,4.9236674308776855,,1.0115966796875,0.0,0.0,
3807,FMAT,0.0,0.0,0.0,0.0,0.0805023536086082,,1.0261142253875732,0.0,0.0,
3808,FMAT,0.0,0.0,0.0,0.0,2.9370779991149902,,1.01232647895813,0.0,0.0,
3809,FMAT,0.0,0.0,0.0,0.0,0.8302728533744812,,1.0142961740493774,0.0,0.0,
3810,FMAT,0.0,0.0,0.0,0.0,0.3850887715816498,,1.0081194639205933,0.0,0.0,
3811,FMAT,0.0,0.0,0.0,0.0,7.557022094726562,,1.029844880104065,0.0,0.0,
3812,FMAT,0.0,0.0,0.0,0.0,2.093421459197998,,1.0163719654083252,0.0,0.0,
3813,FMAT,0.0,0.0,0.0,0.0,2.6777212619781494,,1.0293128490447998,0.0,0.0,
3814,FMAT,0.0,0.0,0.0,0.0,1.7501665353775024,,1.005223035812378,0.0,0.0,
3815,FMAT,0.0,0.0,0.0,0.0,7.526453971862793,,1.0317630767822266,0.0,0.0,
3816,FMAT,0.0,0.0,0.0,0.0,2.676753282546997,,1.0062086582183838,0.0,0.0,
3817,FMAT,0.0,0.0,0.0,0.0,1.7515230178833008,,1.0015407800674438,0.0,0.0,
3818,FMAT,0.0,0.0,0.0,0.0,3.7355644702911377,,1.018692135810852,0.0,0.0,
3819,FMAT,0.0,0.0,0.0,0.0,1.2174513339996338,,1.0037471055984497,0.0,0.0,
3820,FMAT,0.0,0.0,0.0,0.0,2.05969500541687,,1.003040790557861,0.0,0.0,
3821,FMAT,0.0,0.0,0.0,0.0,2.9977476596832275,,1.0036784410476685,0.0,0.0,
3822,FMAT,0.0,0.0,0.0,0.0,1.9076112508773804,,1.0113009214401243,0.0,0.0,
3823,FMAT,0.0,0.0,0.0,0.0,4.303114414215088,,1.0326272249221802,0.0,0.0,
3824,FMAT,0.0,0.0,0.0,0.0,8.500547409057617,,1.0627132654190063,0.0,0.0,
3825,FMAT,0.0,0.0,0.0,0.0,1.1265922784805298,,1.0052015781402588,0.0,0.0,
3826,FMAT,0.0,0.0,0.0,0.0,2.252684593200684,,1.0033150911331177,0.0,0.0,
3827,FMAT,0.0,0.0,0.0,0.0,0.6581827998161316,,1.001533031463623,0.0,0.0,
3828,FMAT,0.0,0.0,0.0,0.0,2.6179802417755127,,1.002677083015442,0.0,0.0,
3829,FMAT,0.0,0.0,0.0,0.0,3.808536529541016,,1.0128318071365356,0.0,0.0,
3830,FMAT,0.0,0.0,0.0,0.0,4.082458972930908,,1.0126793384552002,0.0,0.0,
3831,FMAT,0.0,0.0,0.0,0.0,1.738186240196228,,1.003152847290039,0.0,0.0,
3832,FMAT,0.0,0.0,0.0,0.0,1.2588586807250977,,1.0014249086380005,0.0,0.0,
3833,FMAT,0.0,0.0,0.0,0.0,2.156689167022705,,1.012768030166626,0.0,0.0,
3834,FMAT,0.0,0.0,0.0,0.0,4.27517032623291,,1.0134227275848389,0.0,0.0,
3835,FMAT,0.0,0.0,0.0,0.0,1.5709270238876345,,1.0048199892044067,0.0,0.0,
3836,FMAT,0.0,0.0,0.0,0.0,2.611335039138794,,1.0237373113632202,0.0,0.0,
3837,FMAT,0.0,0.0,0.0,0.0,3.071705102920532,,1.0100494623184204,0.0,0.0,
3838,FMAT,0.0,0.0,0.0,0.0,6.311656951904297,,1.0157006978988647,0.0,0.0,
3839,FMAT,0.0,0.0,0.0,0.0,2.9758992195129395,,1.0068743228912354,0.0,0.0,
3840,FMAT,0.0,0.0,0.0,0.0,3.682337045669556,,1.0146658420562744,0.0,0.0,
3841,FMAT,0.0,0.0,0.0,0.0,2.9415283203125,,1.015486240386963,0.0,0.0,
3842,FMAT,0.0,0.0,0.0,0.0,2.0886032581329346,,1.019644856452942,0.0,0.0,
3843,FMAT,0.0,0.0,0.0,0.0,10.659327507019045,,1.025486707687378,0.0,0.0,
3844,FMAT,0.0,0.0,0.0,0.0,1.382063388824463,,1.0020087957382202,0.0,0.0,
3845,FMAT,0.0,0.0,0.0,0.0,2.7651493549346924,,1.003911375999451,0.0,0.0,
3846,FMAT,0.0,0.0,0.0,0.0,10.048221588134766,,1.068197250366211,0.0,0.0,
3847,FMAT,0.0,0.0,0.0,0.0,1.4272998571395874,,1.0023951530456543,0.0,0.0,
3848,FMAT,0.0,0.0,0.0,0.0,2.384552478790283,,1.0149283409118652,0.0,0.0,
3849,FMAT,0.0,0.0,0.0,0.0,1.962801814079285,,1.019272804260254,0.0,0.0,
3850,FMAT,0.0,0.0,0.0,0.0,2.245673894882202,,1.0152145624160769,0.0,0.0,
3851,FMAT,0.0,0.0,0.0,0.0,8.929559707641602,,1.0240802764892578,0.0,0.0,
3852,FMAT,0.0,0.0,0.0,0.0,8.002179145812988,,1.0203702449798584,0.0,0.0,
3853,FMAT,0.0,0.0,0.0,0.0,7.216114521026611,,1.015255093574524,0.0,0.0,
3854,FMAT,0.0,0.0,0.0,0.0,3.188248872756958,,1.019384503364563,0.0,0.0,
3855,FMAT,0.0,0.0,0.0,0.0,7.842360973358154,,1.0291203260421753,0.0,0.0,
3856,FMAT,0.0,0.0,0.0,0.0,3.232713460922241,,1.0085129737854004,0.0,0.0,
3857,FMAT,0.0,0.0,0.0,0.0,3.180342435836792,,1.0282108783721924,0.0,0.0,
3858,FMAT,0.0,0.0,0.0,0.0,0.654711902141571,,1.0034009218215942,0.0,0.0,
3859,FMAT,0.0,0.0,0.0,0.0,2.7140052318573,,1.0068999528884888,0.0,0.0,
3860,FMAT,0.0,0.0,0.0,0.0,3.82573676109314,,1.030922293663025,0.0,0.0,
3861,FMAT,0.0,0.0,0.0,0.0,2.2404098510742188,,1.0175435543060305,0.0,0.0,
3862,FMAT,0.0,0.0,0.0,0.0,4.767106056213379,,1.0193705558776855,0.0,0.0,
3863,FMAT,0.0,0.0,0.0,0.0,9.61812973022461,,1.0233615636825562,0.0,0.0,
3864,FMAT,0.0,0.0,0.0,0.0,7.089482307434082,,1.01589035987854,0.0,0.0,
3865,FMAT,0.0,0.0,0.0,0.0,4.4485273361206055,,1.0115604400634766,0.0,0.0,
3866,FMAT,0.0,0.0,0.0,0.0,2.39576268196106,,1.005629539489746,0.0,0.0,
3867,FMAT,0.0,0.0,0.0,0.0,0.3704600930213928,,1.002121925354004,0.0,0.0,
3868,FMAT,0.0,0.0,0.0,0.0,7.109272003173828,,1.014885425567627,0.0,0.0,
3869,FMAT,0.0,0.0,0.0,0.0,2.079042196273804,,1.002618432044983,0.0,0.0,
3870,FMAT,0.0,0.0,0.0,0.0,0.8208999633789062,,1.0008082389831543,0.0,0.0,
3871,FMAT,0.0,0.0,0.0,0.0,2.4665026664733887,,1.0018932819366455,0.0,0.0,
3872,FMAT,0.0,0.0,0.0,0.0,2.6014370918273926,,1.0017002820968628,0.0,0.0,
3873,FMAT,0.0,0.0,0.0,0.0,3.5566418170928955,,1.0064997673034668,0.0,0.0,
3874,FMAT,0.0,0.0,0.0,0.0,3.216705322265625,,1.0292882919311523,0.0,0.0,
3875,FMAT,0.0,0.0,0.0,0.0,6.118581771850586,,1.0300248861312866,0.0,0.0,
3876,FMAT,0.0,0.0,0.0,0.0,3.167375326156616,,1.0181673765182495,0.0,0.0,
3877,FMAT,0.0,0.0,0.0,0.0,4.883812427520752,,1.0132635831832886,0.0,0.0,
3878,FMAT,0.0,0.0,0.0,0.0,3.5154502391815186,,1.0136655569076538,0.0,0.0,
3879,FMAT,0.0,0.0,0.0,0.0,0.5326945781707764,,1.0021578073501587,0.0,0.0,
3880,FMAT,0.0,0.0,0.0,0.0,1.4396964311599731,,1.001901388168335,0.0,0.0,
3881,FMAT,0.0,0.0,0.0,0.0,4.973781108856201,,1.031208872795105,0.0,0.0,
3882,FMAT,0.0,0.0,0.0,0.0,3.2617979049682617,,1.0140749216079712,0.0,0.0,
3883,FMAT,0.0,0.0,0.0,0.0,1.7838696241378784,,1.0010995864868164,0.0,0.0,
3884,FMAT,0.0,0.0,0.0,0.0,3.035259485244751,,1.0022923946380615,0.0,0.0,
3885,FMAT,0.0,0.0,0.0,0.0,1.2128748893737793,,1.001514554023743,0.0,0.0,
3886,FMAT,0.0,0.0,0.0,0.0,3.103628158569336,,1.002192139625549,0.0,0.0,
3887,FMAT,0.0,0.0,0.0,0.0,2.070399045944214,,1.0033169984817505,0.0,0.0,
3888,FMAT,0.0,0.0,0.0,0.0,0.864376425743103,,1.0014898777008057,0.0,0.0,
3889,FMAT,0.0,0.0,0.0,0.0,1.7019251585006714,,1.0020239353179932,0.0,0.0,
3890,FMAT,0.0,0.0,0.0,0.0,1.0137110948562622,,1.0078635215759275,0.0,0.0,
3891,FMAT,0.0,0.0,0.0,0.0,0.8701630234718323,,1.00381600856781,0.0,0.0,
3892,FMAT,0.0,0.0,0.0,0.0,0.6511962413787842,,1.001197338104248,0.0,0.0,
3893,FMAT,0.0,0.0,0.0,0.0,1.3779048919677734,,1.0014010667800903,0.0,0.0,
3894,FMAT,0.0,0.0,0.0,0.0,3.6910903453826895,,1.0038150548934937,0.0,0.0,
3895,FMAT,0.0,0.0,0.0,0.0,1.925634860992432,,1.0017982721328735,0.0,0.0,
3896,FMAT,0.0,0.0,0.0,0.0,2.2392237186431885,,1.0019104480743408,0.0,0.0,
3897,FMAT,0.0,0.0,0.0,0.0,1.790395736694336,,1.003783941268921,0.0,0.0,
3898,FMAT,0.0,0.0,0.0,0.0,2.2750844955444336,,1.001333475112915,0.0,0.0,
3899,FMAT,0.0,0.0,0.0,0.0,1.489818453788757,,1.007475972175598,0.0,0.0,
3900,FMAT,0.0,0.0,0.0,0.0,2.905061960220337,,1.0087014436721802,0.0,0.0,
3901,FMAT,0.0,0.0,0.0,0.0,0.4426339566707611,,1.0008271932601929,0.0,0.0,
3902,FMAT,0.0,0.0,0.0,0.0,2.363389492034912,,1.0077242851257324,0.0,0.0,
3903,FMAT,0.0,0.0,0.0,0.0,2.793953895568848,,1.003834843635559,0.0,0.0,
3904,FMAT,0.0,0.0,0.0,0.0,2.2954909801483154,,1.006019949913025,0.0,0.0,
3905,FMAT,0.0,0.0,0.0,0.0,1.7307682037353516,,1.0044431686401367,0.0,0.0,
3906,FMAT,0.0,0.0,0.0,0.0,1.5672590732574463,,1.0039708614349363,0.0,0.0,
3907,FMAT,0.0,0.0,0.0,0.0,3.472358465194702,,1.003442883491516,0.0,0.0,
3908,FMAT,0.0,0.0,0.0,0.0,1.327540159225464,,1.0045632123947144,0.0,0.0,
3909,FMAT,0.0,0.0,0.0,0.0,1.183078408241272,,1.0150490999221802,0.0,0.0,
3910,FMAT,0.0,0.0,0.0,0.0,0.5661495923995972,,1.0036243200302124,0.0,0.0,
3911,FMAT,0.0,0.0,0.0,0.0,0.6050904989242554,,1.0009785890579224,0.0,0.0,
3912,FMAT,0.0,0.0,0.0,0.0,1.7605339288711548,,1.0042530298233032,0.0,0.0,
3913,FMAT,0.0,0.0,0.0,0.0,0.7009738683700562,,1.0011979341506958,0.0,0.0,
3914,FMAT,0.0,0.0,0.0,0.0,0.953683853149414,,1.0023441314697266,0.0,0.0,
3915,FMAT,0.0,0.0,0.0,0.0,2.609090566635132,,1.002653956413269,0.0,0.0,
3916,FMAT,0.0,0.0,0.0,0.0,0.6547403931617737,,1.002474665641785,0.0,0.0,
3917,FMAT,0.0,0.0,0.0,0.0,1.0361969470977783,,1.0022326707839966,0.0,0.0,
3918,FMAT,0.0,0.0,0.0,0.0,1.7983901500701904,,1.004952311515808,0.0,0.0,
3919,FMAT,0.0,0.0,0.0,0.0,1.316637396812439,,1.001813530921936,0.0,0.0,
3920,FMAT,0.0,0.0,0.0,0.0,1.1413084268569946,,1.0030641555786133,0.0,0.0,
3921,FMAT,0.0,0.0,0.0,0.0,1.0003769397735596,,1.0031245946884155,0.0,0.0,
3922,FMAT,0.0,0.0,0.0,0.0,1.2160255908966064,,1.0007448196411133,0.0,0.0,
3923,FMAT,0.0,0.0,0.0,0.0,1.2119792699813845,,1.0011497735977173,0.0,0.0,
3924,FMAT,0.0,0.0,0.0,0.0,3.72214412689209,,1.003284215927124,0.0,0.0,
3925,FMAT,0.0,0.0,0.0,0.0,0.8569121360778809,,1.0005030632019043,0.0,0.0,
3926,FMAT,0.0,0.0,0.0,0.0,1.3340826034545898,,1.0005555152893066,0.0,0.0,
3927,FMAT,0.0,0.0,0.0,0.0,0.9804710149765016,,1.0020277500152588,0.0,0.0,
3928,FMAT,0.0,0.0,0.0,0.0,2.9211580753326416,,1.006606936454773,0.0,0.0,
3929,FMAT,0.0,0.0,0.0,0.0,2.648202657699585,,1.004032850265503,0.0,0.0,
3930,FMAT,0.0,0.0,0.0,0.0,1.4547371864318848,,1.005805253982544,0.0,0.0,
3931,FMAT,0.0,0.0,0.0,0.0,9.094271659851074,,1.088352084159851,0.0,0.0,
3932,FMAT,0.0,0.0,0.0,0.0,6.051784992218018,,1.0096466541290283,0.0,0.0,
3933,FMAT,0.0,0.0,0.0,0.0,1.96265172958374,,1.0012661218643188,0.0,0.0,
3934,FMAT,0.0,0.0,0.0,0.0,1.7541650533676147,,1.000606894493103,0.0,0.0,
3935,FMAT,0.0,0.0,0.0,0.0,8.349655151367188,,1.0279005765914917,0.0,0.0,
3936,FMAT,0.0,0.0,0.0,0.0,5.028059005737305,,1.0138057470321655,0.0,0.0,
3937,FMAT,0.0,0.0,0.0,0.0,5.442635536193848,,1.0320427417755127,0.0,0.0,
3938,FMAT,0.0,0.0,0.0,0.0,0.2103040963411331,,1.0055207014083862,0.0,0.0,
3939,FMAT,0.0,0.0,0.0,0.0,0.4205873310565948,,1.0052518844604492,0.0,0.0,
3940,FMAT,0.0,0.0,0.0,0.0,2.968806743621826,,1.0144078731536863,0.0,0.0,
3941,FMAT,0.0,0.0,0.0,0.0,5.181017875671387,,1.0200862884521484,0.0,0.0,
3942,FMAT,0.0,0.0,0.0,0.0,2.486794233322144,,1.0234304666519165,0.0,0.0,
3943,FMAT,0.0,0.0,0.0,0.0,1.216694474220276,,1.1007481813430786,0.0,0.0,
3944,FMAT,0.0,0.0,0.0,0.0,4.196765899658203,,1.0054972171783447,0.0,0.0,
3945,FMAT,0.0,0.0,0.0,0.0,2.073198080062866,,1.01403546333313,0.0,0.0,
3946,FMAT,0.0,0.0,0.0,0.0,3.1667897701263428,,1.0134985446929932,0.0,0.0,
3947,FMAT,0.0,0.0,0.0,0.0,2.108803033828736,,1.0368081331253052,0.0,0.0,
3948,FMAT,0.0,0.0,0.0,0.0,10.9130859375,,1.139537692070007,0.0,0.0,
3949,FMAT,0.0,0.0,0.0,0.0,18.365270614624023,,1.1777000427246094,0.0,0.0,
3950,FMAT,0.0,0.0,0.0,0.0,8.470820426940918,,1.0554498434066772,0.0,0.0,
3951,FMAT,0.0,0.0,0.0,0.0,7.702181339263916,,1.055274486541748,0.0,0.0,
3952,FMAT,0.0,0.0,0.0,0.0,15.107206344604492,,1.2116680145263672,0.0,0.0,
3953,FMAT,0.0,0.0,0.0,0.0,6.492742538452148,,1.0184346437454224,0.0,0.0,
3954,FMAT,0.0,0.0,0.0,0.0,14.56300926208496,,1.3435864448547363,0.0,0.0,
3955,FMAT,0.0,0.0,0.0,0.0,8.27630615234375,,1.0395334959030151,0.0,0.0,
3956,FMAT,0.0,0.0,0.0,0.0,16.512958526611328,,1.0752264261245728,0.0,0.0,
3957,FMAT,0.0,0.0,0.0,0.0,5.402193546295166,,1.1171927452087402,0.0,0.0,
3958,FMAT,0.0,0.0,0.0,0.0,2.1754329204559326,,1.0945773124694824,0.0,0.0,
3959,FMAT,0.0,0.0,0.0,0.0,9.133108139038086,,1.0917574167251587,0.0,0.0,
3960,FMAT,0.0,0.0,0.0,0.0,10.512351989746094,,1.0647711753845217,0.0,0.0,
3961,FMAT,0.0,0.0,0.0,0.0,2.437361717224121,,1.022976040840149,0.0,0.0,
3962,FMAT,0.0,0.0,0.0,0.0,9.17800998687744,,1.0694173574447632,0.0,0.0,
3963,FMAT,0.0,0.0,0.0,0.0,5.1073503494262695,,1.0278152227401731,0.0,0.0,
3964,FMAT,0.0,0.0,0.0,0.0,3.110523223876953,,1.0143476724624634,0.0,0.0,
3965,FMAT,0.0,0.0,0.0,0.0,8.590425491333008,,1.016003966331482,0.0,0.0,
3966,FMAT,0.0,0.0,0.0,0.0,9.83646011352539,,1.0789817571640017,0.0,0.0,
3967,FMAT,0.0,0.0,0.0,0.0,7.184565544128418,,1.0463320016860962,0.0,0.0,
3968,FMAT,0.0,0.0,0.0,0.0,5.620852947235107,,1.046969652175903,0.0,0.0,
3969,FMAT,0.0,0.0,0.0,0.0,16.82928466796875,,1.0816386938095093,0.0,0.0,
3970,FMAT,0.0,0.0,0.0,0.0,1.4197282791137695,,1.056255340576172,0.0,0.0,
3971,FMAT,0.0,0.0,0.0,0.0,9.198166847229004,,1.0795859098434448,0.0,0.0,
3972,FMAT,0.0,0.0,0.0,0.0,14.923049926757812,,1.1065720319747925,0.0,0.0,
3973,FMAT,0.0,0.0,0.0,0.0,3.923095941543579,,1.0290635824203491,0.0,0.0,
3974,FMAT,0.0,0.0,0.0,0.0,4.817665576934815,,1.0267471075057983,0.0,0.0,
3975,FMAT,0.0,0.0,0.0,0.0,4.885684490203857,,1.0534199476242063,0.0,0.0,
3976,FMAT,0.0,0.0,0.0,0.0,3.7970919609069824,,1.201529622077942,0.0,0.0,
3977,FMAT,0.0,0.0,0.0,0.0,0.6099764108657837,,1.0291359424591064,0.0,0.0,
3978,FMAT,0.0,0.0,0.0,0.0,2.2934157848358154,,1.0091500282287598,0.0,0.0,
3979,FMAT,0.0,0.0,0.0,0.0,7.621561527252197,,1.0189865827560425,0.0,0.0,
3980,FMAT,0.0,0.0,0.0,0.0,4.860688209533691,,1.0502638816833496,0.0,0.0,
3981,FMAT,0.0,0.0,0.0,0.0,4.757719993591309,,1.0863265991210938,0.0,0.0,
3982,FMAT,0.0,0.0,0.0,0.0,2.09254002571106,,1.0056867599487305,0.0,0.0,
3983,FMAT,0.0,0.0,0.0,0.0,5.77819299697876,,1.1016768217086792,0.0,0.0,
3984,FMAT,0.0,0.0,0.0,0.0,10.15056324005127,,1.0888524055480957,0.0,0.0,
3985,FMAT,0.0,0.0,0.0,0.0,2.1732585430145264,,1.0565156936645508,0.0,0.0,
3986,FMAT,0.0,0.0,0.0,0.0,8.984546661376953,,1.0650464296340942,0.0,0.0,
3987,FMAT,0.0,0.0,0.0,0.0,6.309338569641113,,1.0353140830993652,0.0,0.0,
3988,FMAT,0.0,0.0,0.0,0.0,4.00579833984375,,1.0322587490081787,0.0,0.0,
3989,FMAT,0.0,0.0,0.0,0.0,2.814303398132324,,1.0314394235610962,0.0,0.0,
3990,FMAT,0.0,0.0,0.0,0.0,8.683282852172852,,1.0378321409225464,0.0,0.0,
3991,FMAT,0.0,0.0,0.0,0.0,1.247291922569275,,1.034836769104004,0.0,0.0,
3992,FMAT,0.0,0.0,0.0,0.0,5.218217849731445,,1.058982014656067,0.0,0.0,
3993,FMAT,0.0,0.0,0.0,0.0,6.014188766479492,,1.0913161039352417,0.0,0.0,
3994,FMAT,0.0,0.0,0.0,0.0,1.421084761619568,,1.0131804943084717,0.0,0.0,
3995,FMAT,0.0,0.0,0.0,0.0,3.8905489444732666,,1.0261380672454834,0.0,0.0,
3996,FMAT,0.0,0.0,0.0,0.0,8.160614967346191,,1.0555757284164429,0.0,0.0,
3997,FMAT,0.0,0.0,0.0,0.0,5.233314037322998,,1.0300332307815552,0.0,0.0,
3998,FMAT,0.0,0.0,0.0,0.0,10.964866638183594,,1.0675615072250366,0.0,0.0,
3999,FMAT,0.0,0.0,0.0,0.0,14.593799591064451,,1.055797815322876,0.0,0.0,
4000,FMAT,0.0,0.0,0.0,0.0,8.354545593261719,,1.1079365015029907,0.0,0.0,
4001,NVB,0.0,0.0,0.0,0.0,14.392852783203123,,1.0566097497940063,0.0,0.0,
4002,NVB,0.0,0.0,0.0,0.0,2.739773750305176,,1.0035278797149658,0.0,0.0,
4003,NVB,0.0,0.0,0.0,0.0,0.320247083902359,,1.0053555965423584,0.0,0.0,
4004,NVB,0.0,0.0,0.0,0.0,24.67405891418457,,1.1584426164627075,0.0,0.0,
4005,NVB,0.0,0.0,0.0,0.0,10.853861808776855,,1.059099197387695,0.0,0.0,
4006,NVB,0.0,0.0,0.0,0.0,2.3018603324890137,,1.0472809076309204,0.0,0.0,
4007,NVB,0.0,0.0,0.0,0.0,17.484329223632812,,1.1200863122940063,0.0,0.0,
4008,NVB,0.0,0.0,0.0,0.0,6.878067970275879,,1.0544743537902832,0.0,0.0,
4009,NVB,0.0,0.0,0.0,0.0,9.044530868530272,,1.1453546285629272,0.0,0.0,
4010,NVB,0.0,0.0,0.0,0.0,5.934812545776367,,1.0809533596038818,0.0,0.0,
4011,NVB,0.0,0.0,0.0,0.0,2.0027756690979004,,1.014073371887207,0.0,0.0,
4012,NVB,0.0,0.0,0.0,0.0,9.187596321105955,,1.0585089921951294,0.0,0.0,
4013,NVB,0.0,0.0,0.0,0.0,0.5961815118789673,,1.0016100406646729,0.0,0.0,
4014,NVB,0.0,0.0,0.0,0.0,5.963335037231445,,1.014148235321045,0.0,0.0,
4015,NVB,0.0,0.0,0.0,0.0,4.177841663360596,,1.0045605897903442,0.0,0.0,
4016,NVB,0.0,0.0,0.0,0.0,3.237117052078247,,1.00199294090271,0.0,0.0,
4017,NVB,0.0,0.0,0.0,0.0,1.6233912706375122,,1.0007661581039429,0.0,0.0,
4018,NVB,0.0,0.0,0.0,0.0,3.2988440990448,,1.0030046701431274,0.0,0.0,
4019,NVB,0.0,0.0,0.0,0.0,1.581208109855652,,1.0042152404785156,0.0,0.0,
4020,NVB,0.0,0.0,0.0,0.0,3.236640691757202,,1.0024102926254272,0.0,0.0,
4021,NVB,0.0,0.0,0.0,0.0,2.1874382495880127,,1.0020689964294434,0.0,0.0,
4022,NVB,0.0,0.0,0.0,0.0,3.1586098670959477,,1.0042120218276978,0.0,0.0,
4023,NVB,0.0,0.0,0.0,0.0,2.8884031772613525,,1.008126974105835,0.0,0.0,
4024,NVB,0.0,0.0,0.0,0.0,2.7085394859313965,,1.0041512250900269,0.0,0.0,
4025,NVB,0.0,0.0,0.0,0.0,5.353977203369141,,1.0147531032562256,0.0,0.0,
4026,NVB,0.0,0.0,0.0,0.0,18.827720642089844,,1.1193684339523315,0.0,0.0,
4027,NVB,0.0,0.0,0.0,0.0,17.504899978637695,,1.0606858730316162,0.0,0.0,
4028,NVB,0.0,0.0,0.0,0.0,19.782289505004883,,1.0701502561569214,0.0,0.0,
4029,ALG,1.0,0.0,562.0,0.0,3.576953172683716,,1.00706684589386,562.0,0.0,
4030,ALG,1.0,0.0,562.0,0.0,12.707427978515623,,1.0311217308044434,562.0,0.0,
4031,ALG,1.0,0.0,562.0,0.0,7.495049476623535,,1.0099080801010132,562.0,0.0,
4032,NVB,1.0,0.0,562.0,0.0,4.281488418579102,,1.003830075263977,562.0,0.0,
4033,NVB,1.0,0.0,562.0,0.0,1.4666341543197632,,1.0037997961044312,562.0,0.0,
4034,NVB,1.0,0.0,562.0,0.0,2.305142879486084,,1.00476336479187,562.0,0.0,
4035,NVB,1.0,0.0,562.0,0.0,6.1523027420043945,,1.00731360912323,562.0,0.0,
4036,NVB,1.0,0.0,562.0,0.0,19.66176986694336,,1.0701253414154053,562.0,0.0,
4037,NVB,1.0,0.0,562.0,0.0,14.582183837890623,,1.0476653575897217,562.0,0.0,
4038,NVB,1.0,0.0,562.0,0.0,10.619625091552734,,1.0183708667755127,562.0,0.0,
4039,NVB,1.0,0.0,562.0,0.0,13.729949951171877,,1.0323758125305176,562.0,0.0,
4040,NVB,1.0,0.0,562.0,0.0,14.574490547180176,,1.034680724143982,562.0,0.0,
4041,NVB,1.0,0.0,562.0,0.0,11.890949249267578,,1.0257885456085205,562.0,0.0,
4042,NVB,1.0,0.0,562.0,0.0,5.792494773864746,,1.0162111520767212,562.0,0.0,
4043,NVB,1.0,0.0,562.0,0.0,7.868582725524902,,1.0123369693756104,562.0,0.0,
4044,NVB,1.0,0.0,562.0,0.0,29.97098922729492,,1.1752318143844604,562.0,0.0,
4045,NVB,0.0,0.0,0.0,0.0,15.430811882019045,,1.3486138582229614,0.0,0.0,
4046,NVB,1.0,0.0,562.0,0.0,7.129383087158203,,1.0145273208618164,562.0,0.0,
4047,NVB,1.0,0.0,562.0,0.0,13.942792892456056,,1.0589278936386108,562.0,0.0,
4048,NVB,0.0,0.0,0.0,0.0,42.97942352294922,,1.63460373878479,0.0,0.0,
4049,NVB,0.0,0.0,0.0,0.0,21.39425277709961,,1.334665060043335,0.0,0.0,
4050,NVB,0.0,0.0,0.0,0.0,44.13675308227539,,1.4859167337417605,0.0,0.0,
4051,NVB,-1.0,0.0,562.0,0.0,5.098273754119873,,1.013343095779419,562.0,0.0,
4052,NVB,0.0,0.0,0.0,0.0,51.9896125793457,,1.7043962478637695,0.0,0.0,
4053,NVB,0.0,0.0,0.0,0.0,47.3848991394043,,1.6216745376586914,0.0,0.0,
4054,NVB,1.0,0.0,562.0,0.0,28.589168548583984,,1.194035291671753,562.0,0.0,
4055,NVB,1.0,1.0,562.0,1363.0,3.672586679458618,,1.0539486408233645,1474.3178083439134,766006.0,
4056,NVB,0.0,0.0,0.0,0.0,40.85298538208008,,1.4158216714859009,0.0,0.0,
4057,NVB,0.0,0.0,0.0,0.0,10.353864669799805,,1.092965841293335,0.0,0.0,
4058,NVB,0.0,0.0,0.0,0.0,7.840310573577881,,1.1682441234588623,0.0,0.0,
4059,FMAT,0.0,0.0,0.0,0.0,8.912606239318848,,1.3926407098770142,0.0,0.0,
4060,FMAT,0.0,0.0,0.0,0.0,46.33756637573242,,1.6502361297607422,0.0,0.0,
4061,FMAT,-1.0,0.0,562.0,0.0,33.83686828613281,,1.4190369844436646,562.0,0.0,
4062,FMAT,-1.0,0.0,562.0,0.0,28.346031188964844,,1.3876005411148071,562.0,0.0,
4063,FMAT,-1.0,-1.0,562.0,1362.0,37.79777145385742,,1.6545214653015137,1473.3933622763475,765444.0,
4064,FMAT,-1.0,0.0,562.0,0.0,31.12174415588379,,1.4107248783111572,562.0,0.0,
4065,FMAT,0.0,0.0,0.0,0.0,19.64972305297852,,1.1859997510910034,0.0,0.0,
4066,FMAT,0.0,0.0,0.0,0.0,12.740219116210938,,1.0640114545822144,0.0,0.0,
4067,FMAT,0.0,0.0,0.0,0.0,35.884769439697266,,1.2814345359802246,0.0,0.0,
4068,FMAT,1.0,0.0,562.0,0.0,4.764650821685791,,1.025179386138916,562.0,0.0,
4069,FMAT,0.0,0.0,0.0,0.0,4.091926574707031,,1.1461915969848633,0.0,0.0,
4070,FMAT,0.0,0.0,0.0,0.0,17.701618194580078,,2.066236734390259,0.0,0.0,
4071,FMAT,1.0,0.0,562.0,0.0,26.436620712280277,,1.1618653535842896,562.0,0.0,
4072,FMAT,1.0,0.0,562.0,0.0,22.088647842407227,,1.115153670310974,562.0,0.0,
4073,FMAT,0.0,0.0,0.0,0.0,17.81083106994629,,1.5386104583740234,0.0,0.0,
4074,FMAT,0.0,0.0,0.0,0.0,38.53316879272461,,1.323807716369629,0.0,0.0,
4075,FMAT,1.0,0.0,562.0,0.0,17.50819969177246,,1.0739737749099731,562.0,0.0,
4076,FMAT,-1.0,-1.0,562.0,1362.0,57.30817794799805,,2.1703977584838867,1473.3933622763475,765444.0,
4077,FMAT,-1.0,0.0,562.0,0.0,17.28963279724121,,1.3669592142105105,562.0,0.0,
4078,FMAT,0.0,0.0,0.0,0.0,35.97623825073242,,1.661369562149048,0.0,0.0,
4079,FMAT,0.0,0.0,0.0,0.0,50.0107307434082,,1.859916090965271,0.0,0.0,
4080,FMAT,0.0,0.0,0.0,0.0,13.491564750671388,,1.0549464225769043,0.0,0.0,
4081,FMAT,0.0,0.0,0.0,0.0,6.80462646484375,,1.0190298557281494,0.0,0.0,
4082,FMAT,0.0,0.0,0.0,0.0,18.11897850036621,,1.0860497951507568,0.0,0.0,
4083,FMAT,0.0,0.0,0.0,0.0,30.690393447875977,,1.1945918798446655,0.0,0.0,
4084,FMAT,0.0,0.0,0.0,0.0,1.2054067850112915,,1.0030852556228638,0.0,0.0,
4085,FMAT,0.0,0.0,0.0,0.0,3.7472774982452393,,1.0059385299682615,0.0,0.0,
4086,FMAT,0.0,0.0,0.0,0.0,4.16858434677124,,1.0099358558654783,0.0,0.0,
4087,FMAT,0.0,0.0,0.0,0.0,0.8999701142311096,,1.0030208826065063,0.0,0.0,
4088,FMAT,0.0,0.0,0.0,0.0,1.7399119138717651,,1.003664255142212,0.0,0.0,
4089,FMAT,0.0,0.0,0.0,0.0,2.097756862640381,,1.004314422607422,0.0,0.0,
4090,FMAT,0.0,0.0,0.0,0.0,3.119549036026001,,1.0164616107940674,0.0,0.0,
4091,FMAT,0.0,0.0,0.0,0.0,2.9974982738494877,,1.011347770690918,0.0,0.0,
4092,FMAT,0.0,0.0,0.0,0.0,38.468406677246094,,1.496589183807373,0.0,0.0,
4093,FMAT,1.0,0.0,562.0,0.0,5.836685180664063,,1.3191900253295898,562.0,0.0,
4094,FMAT,0.0,0.0,0.0,0.0,23.06061172485352,,1.852108597755432,0.0,0.0,
4095,FMAT,1.0,0.0,562.0,0.0,9.344362258911133,,1.1309510469436646,562.0,0.0,
4096,FMAT,1.0,0.0,562.0,0.0,18.839235305786133,,1.2077597379684448,562.0,0.0,
4097,FMAT,1.0,0.0,562.0,0.0,14.995047569274902,,1.071483850479126,562.0,0.0,
4098,FMAT,1.0,0.0,562.0,0.0,19.373085021972656,,1.2294784784317017,562.0,0.0,
4099,FMAT,1.0,0.0,562.0,0.0,19.640647888183597,,1.7468907833099363,562.0,0.0,
4100,FMAT,0.0,0.0,0.0,0.0,29.229124069213867,,1.3011916875839231,0.0,0.0,
4101,FMAT,0.0,0.0,0.0,0.0,13.61521816253662,,1.087199091911316,0.0,0.0,
4102,FMAT,0.0,0.0,0.0,0.0,3.1600728034973145,,1.0096169710159302,0.0,0.0,
4103,FMAT,0.0,0.0,0.0,0.0,3.835859060287476,,1.0129144191741943,0.0,0.0,
4104,FMAT,0.0,0.0,0.0,0.0,2.9661636352539062,,1.0311115980148315,0.0,0.0,
4105,FMAT,0.0,0.0,0.0,0.0,1.3570295572280884,,1.0039488077163696,0.0,0.0,
4106,FMAT,0.0,0.0,0.0,0.0,1.632237195968628,,1.0022674798965454,0.0,0.0,
4107,FMAT,0.0,0.0,0.0,0.0,1.2148873805999756,,1.0022920370101929,0.0,0.0,
4108,FMAT,0.0,0.0,0.0,0.0,1.970203876495361,,1.003065824508667,0.0,0.0,
4109,FMAT,0.0,0.0,0.0,0.0,2.467597961425781,,1.0083845853805542,0.0,0.0,
4110,FMAT,0.0,0.0,0.0,0.0,12.098036766052246,,1.076337456703186,0.0,0.0,
4111,FMAT,0.0,0.0,0.0,0.0,49.15206909179688,,1.814622521400452,0.0,0.0,
4112,FMAT,0.0,0.0,0.0,0.0,48.800968170166016,,1.676316738128662,0.0,0.0,
4113,FMAT,0.0,0.0,0.0,0.0,47.92510223388672,,1.7837198972702026,0.0,0.0,
4114,FMAT,1.0,0.0,562.0,0.0,18.701007843017575,,1.1212081909179688,562.0,0.0,
4115,FMAT,1.0,0.0,562.0,0.0,12.12819480895996,,1.130451798439026,562.0,0.0,
4116,FMAT,1.0,0.0,562.0,0.0,22.0883846282959,,1.2254917621612549,562.0,0.0,
4117,FMAT,0.0,0.0,0.0,0.0,32.50288391113281,,2.011143445968628,0.0,0.0,
4118,FMAT,0.0,0.0,0.0,0.0,34.88652038574219,,1.695915699005127,0.0,0.0,
4119,FMAT,0.0,0.0,0.0,0.0,19.680072784423828,,1.0838762521743774,0.0,0.0,
4120,FMAT,-1.0,0.0,562.0,0.0,5.345611572265625,,1.1469755172729492,562.0,0.0,
4121,FMAT,-1.0,0.0,562.0,0.0,7.457124710083008,,1.0316965579986572,562.0,0.0,
4122,FMAT,-1.0,0.0,562.0,0.0,1.4298334121704102,,1.005575180053711,562.0,0.0,
4123,FMAT,0.0,0.0,0.0,0.0,2.9664249420166016,,1.005636215209961,0.0,0.0,
4124,FMAT,0.0,0.0,0.0,0.0,1.7593327760696411,,1.0102180242538452,0.0,0.0,
4125,FMAT,0.0,0.0,0.0,0.0,2.8190276622772217,,1.0027645826339722,0.0,0.0,
4126,NVB,0.0,0.0,0.0,0.0,6.818992614746094,,1.009541392326355,0.0,0.0,
4127,NVB,0.0,0.0,0.0,0.0,5.424218654632568,,1.0199568271636963,0.0,0.0,
4128,NVB,0.0,0.0,0.0,0.0,6.422442436218262,,1.0124975442886353,0.0,0.0,
4129,NVB,0.0,0.0,0.0,0.0,4.2835187911987305,,1.004378080368042,0.0,0.0,
4130,NVB,0.0,0.0,0.0,0.0,3.732276201248169,,1.002657771110535,0.0,0.0,
4131,NVB,0.0,0.0,0.0,0.0,5.617354393005371,,1.0082404613494873,0.0,0.0,
4132,NVB,0.0,0.0,0.0,0.0,2.89961838722229,,1.0077952146530151,0.0,0.0,
4133,NVB,0.0,0.0,0.0,0.0,4.3797454833984375,,1.0052647590637207,0.0,0.0,
4134,NVB,0.0,0.0,0.0,0.0,5.1936540603637695,,1.01245379447937,0.0,0.0,
4135,NVB,0.0,0.0,0.0,0.0,1.4079718589782717,,1.004633903503418,0.0,0.0,
4136,NVB,0.0,0.0,0.0,0.0,0.6610674858093262,,1.0052003860473633,0.0,0.0,
4137,NVB,0.0,0.0,0.0,0.0,0.9757837057113647,,1.000610589981079,0.0,0.0,
4138,NVB,0.0,0.0,0.0,0.0,1.0378506183624268,,1.0007647275924685,0.0,0.0,
4139,NVB,0.0,0.0,0.0,0.0,0.689300000667572,,1.0007293224334717,0.0,0.0,
4140,NVB,0.0,0.0,0.0,0.0,1.149048924446106,,1.0017553567886353,0.0,0.0,
4141,NVB,0.0,0.0,0.0,0.0,2.6098804473876958,,1.0018731355667114,0.0,0.0,
4142,NVB,0.0,0.0,0.0,0.0,5.4040398597717285,,1.0097566843032837,0.0,0.0,
4143,NVB,0.0,0.0,0.0,0.0,2.8573973178863525,,1.0039613246917725,0.0,0.0,
4144,NVB,0.0,0.0,0.0,0.0,3.8159701824188232,,1.003173589706421,0.0,0.0,
4145,NVB,0.0,0.0,0.0,0.0,3.650136947631836,,1.0029337406158447,0.0,0.0,
4146,NVB,0.0,0.0,0.0,0.0,2.796586751937866,,1.002802491188049,0.0,0.0,
4147,NVB,0.0,0.0,0.0,0.0,3.541563034057617,,1.002602219581604,0.0,0.0,
4148,ALG,0.0,0.0,0.0,0.0,2.804510593414306,,1.0024572610855105,0.0,0.0,
4149,ALG,0.0,0.0,0.0,0.0,3.0307834148406982,,1.0018928050994873,0.0,0.0,
4150,ALG,0.0,0.0,0.0,0.0,4.739856243133545,,1.008467197418213,0.0,0.0,
4151,ALG,0.0,0.0,0.0,0.0,10.08824348449707,,1.0552173852920532,0.0,0.0,
4152,ALG,0.0,0.0,0.0,0.0,3.148931741714477,,1.0080745220184326,0.0,0.0,
4153,ALG,0.0,0.0,0.0,0.0,21.3100700378418,,1.1359580755233765,0.0,0.0,
4154,ALG,0.0,0.0,0.0,0.0,26.506498336791992,,1.1656664609909058,0.0,0.0,
4155,ALG,0.0,0.0,0.0,0.0,4.180259704589844,,1.017211675643921,0.0,0.0,
4156,ALG,0.0,0.0,0.0,0.0,0.9265797138214112,,1.0099025964736938,0.0,0.0,
4157,ALG,0.0,0.0,0.0,0.0,5.153934001922607,,1.005016803741455,0.0,0.0,
4158,ALG,0.0,0.0,0.0,0.0,1.5846426486968994,,1.006393551826477,0.0,0.0,
4159,ALG,0.0,0.0,0.0,0.0,5.633349418640137,,1.0068799257278442,0.0,0.0,
4160,ALG,0.0,0.0,0.0,0.0,3.716606855392456,,1.0075550079345703,0.0,0.0,
4161,ALG,0.0,0.0,0.0,0.0,2.6764349937438965,,1.003434181213379,0.0,0.0,
4162,ALG,0.0,0.0,0.0,0.0,1.2483084201812744,,1.0008823871612549,0.0,0.0,
4163,ALG,0.0,0.0,0.0,0.0,2.7237532138824463,,1.003496170043945,0.0,0.0,
4164,ALG,0.0,0.0,0.0,0.0,12.914758682250977,,1.068219780921936,0.0,0.0,
4165,ALG,0.0,0.0,0.0,0.0,4.492396354675293,,1.0096962451934814,0.0,0.0,
4166,FMAT,0.0,0.0,0.0,0.0,11.038691520690918,,1.0440021753311155,0.0,0.0,
4167,FMAT,0.0,0.0,0.0,0.0,7.686870574951172,,1.1366586685180664,0.0,0.0,
4168,FMAT,0.0,0.0,0.0,0.0,15.345437049865724,,1.1013283729553225,0.0,0.0,
4169,FMAT,0.0,0.0,0.0,0.0,3.7230982780456543,,1.0406275987625122,0.0,0.0,
4170,FMAT,0.0,0.0,0.0,0.0,31.354570388793945,,1.3634752035140991,0.0,0.0,
4171,FMAT,0.0,0.0,0.0,0.0,4.70469856262207,,1.008200764656067,0.0,0.0,
4172,FMAT,0.0,0.0,0.0,0.0,8.357176780700684,,1.0411523580551147,0.0,0.0,
4173,FMAT,0.0,0.0,0.0,0.0,9.794898986816406,,1.0640360116958618,0.0,0.0,
4174,FMAT,0.0,0.0,0.0,0.0,1.8459392786026,,1.002042531967163,0.0,0.0,
4175,FMAT,0.0,0.0,0.0,0.0,1.2136136293411257,,1.0035480260849,0.0,0.0,
4176,FMAT,0.0,0.0,0.0,0.0,2.492143392562866,,1.0032984018325806,0.0,0.0,
4177,FMAT,0.0,0.0,0.0,0.0,0.588657796382904,,1.007157325744629,0.0,0.0,
4178,FMAT,0.0,0.0,0.0,0.0,6.897372245788574,,1.027387022972107,0.0,0.0,
4179,FMAT,0.0,0.0,0.0,0.0,1.9701638221740725,,1.011787176132202,0.0,0.0,
4180,FMAT,0.0,0.0,0.0,0.0,7.776554584503174,,1.0114654302597046,0.0,0.0,
4181,FMAT,0.0,0.0,0.0,0.0,0.5779948234558105,,1.0082343816757202,0.0,0.0,
4182,FMAT,0.0,0.0,0.0,0.0,20.565814971923828,,1.087999939918518,0.0,0.0,
4183,FMAT,0.0,0.0,0.0,0.0,4.366536617279053,,1.0509711503982544,0.0,0.0,
4184,FMAT,0.0,0.0,0.0,0.0,9.41430950164795,,1.0402705669403076,0.0,0.0,
4185,FMAT,0.0,0.0,0.0,0.0,29.169897079467773,,1.1850063800811768,0.0,0.0,
4186,FMAT,0.0,0.0,0.0,0.0,10.043598175048828,,1.0627487897872925,0.0,0.0,
4187,FMAT,0.0,0.0,0.0,0.0,8.440234184265137,,1.048358917236328,0.0,0.0,
4188,FMAT,0.0,0.0,0.0,0.0,4.213739395141602,,1.018575668334961,0.0,0.0,
4189,FMAT,0.0,0.0,0.0,0.0,12.124738693237305,,1.0325781106948853,0.0,0.0,
4190,FMAT,0.0,0.0,0.0,0.0,7.027893543243408,,1.0157288312911987,0.0,0.0,
4191,FMAT,0.0,0.0,0.0,0.0,4.113475322723389,,1.0066674947738647,0.0,0.0,
4192,FMAT,0.0,0.0,0.0,0.0,0.87141352891922,,1.0087940692901611,0.0,0.0,
4193,FMAT,0.0,0.0,0.0,0.0,9.3385591506958,,1.0220836400985718,0.0,0.0,
4194,FMAT,0.0,0.0,0.0,0.0,5.5054426193237305,,1.0194700956344604,0.0,0.0,
4195,FMAT,0.0,0.0,0.0,0.0,8.574122428894043,,1.03303325176239,0.0,0.0,
4196,FMAT,0.0,0.0,0.0,0.0,4.278059959411621,,1.0087671279907229,0.0,0.0,
4197,FMAT,0.0,0.0,0.0,0.0,3.5521883964538574,,1.0080715417861938,0.0,0.0,
4198,FMAT,0.0,0.0,0.0,0.0,2.443333625793457,,1.005293369293213,0.0,0.0,
4199,FMAT,0.0,0.0,0.0,0.0,4.171184539794922,,1.0268040895462036,0.0,0.0,
4200,FMAT,0.0,0.0,0.0,0.0,3.8629438877105713,,1.0068947076797483,0.0,0.0,
4201,FMAT,0.0,0.0,0.0,0.0,5.47817850112915,,1.0275219678878784,0.0,0.0,
4202,FMAT,0.0,0.0,0.0,0.0,9.371966361999512,,1.0317740440368652,0.0,0.0,
4203,FMAT,0.0,0.0,0.0,0.0,3.254969835281372,,1.0865973234176636,0.0,0.0,
4204,FMAT,0.0,0.0,0.0,0.0,3.651535034179688,,1.0873013734817505,0.0,0.0,
4205,FMAT,0.0,0.0,0.0,0.0,12.589995384216309,,1.036763072013855,0.0,0.0,
4206,FMAT,0.0,0.0,0.0,0.0,7.01976203918457,,1.0423862934112549,0.0,0.0,
4207,FMAT,0.0,0.0,0.0,0.0,6.246250629425049,,1.022636890411377,0.0,0.0,
4208,FMAT,0.0,0.0,0.0,0.0,3.472270965576172,,1.0099517107009888,0.0,0.0,
4209,FMAT,0.0,0.0,0.0,0.0,8.296642303466797,,1.0383321046829224,0.0,0.0,
4210,FMAT,0.0,0.0,0.0,0.0,3.2109081745147705,,1.037718415260315,0.0,0.0,
4211,FMAT,0.0,0.0,0.0,0.0,1.756388783454895,,1.0135427713394165,0.0,0.0,
4212,FMAT,0.0,0.0,0.0,0.0,15.722522735595703,,1.0627899169921875,0.0,0.0,
4213,FMAT,0.0,0.0,0.0,0.0,11.998970985412598,,1.040026068687439,0.0,0.0,
4214,FMAT,0.0,0.0,0.0,0.0,5.942849159240723,,1.0320862531661987,0.0,0.0,
4215,FMAT,0.0,0.0,0.0,0.0,3.871762990951538,,1.0209388732910156,0.0,0.0,
4216,FMAT,0.0,0.0,0.0,0.0,9.082761764526367,,1.0403335094451904,0.0,0.0,
4217,FMAT,0.0,0.0,0.0,0.0,6.441898822784424,,1.0534300804138184,0.0,0.0,
4218,FMAT,0.0,0.0,0.0,0.0,5.607333183288574,,1.0227669477462769,0.0,0.0,
4219,FMAT,0.0,0.0,0.0,0.0,2.52069091796875,,1.0309321880340576,0.0,0.0,
4220,FMAT,0.0,0.0,0.0,0.0,8.259626388549805,,1.0126731395721436,0.0,0.0,
4221,FMAT,0.0,0.0,0.0,0.0,7.0243682861328125,,1.015938401222229,0.0,0.0,
4222,FMAT,0.0,0.0,0.0,0.0,3.1871321201324463,,1.017650127410889,0.0,0.0,
4223,FMAT,0.0,0.0,0.0,0.0,4.83769416809082,,1.0163109302520752,0.0,0.0,
4224,FMAT,0.0,0.0,0.0,0.0,5.280526638031006,,1.0203102827072144,0.0,0.0,
4225,FMAT,0.0,0.0,0.0,0.0,1.556937336921692,,1.0564583539962769,0.0,0.0,
4226,FMAT,0.0,0.0,0.0,0.0,5.100112438201904,,1.015905261039734,0.0,0.0,
4227,FMAT,0.0,0.0,0.0,0.0,7.7753005027771,,1.0304782390594482,0.0,0.0,
4228,FMAT,0.0,0.0,0.0,0.0,6.416194915771484,,1.0210200548171997,0.0,0.0,
4229,FMAT,0.0,0.0,0.0,0.0,3.4635579586029053,,1.0271071195602417,0.0,0.0,
4230,FMAT,0.0,0.0,0.0,0.0,7.623118877410889,,1.0278199911117554,0.0,0.0,
4231,FMAT,0.0,0.0,0.0,0.0,1.561690330505371,,1.1122620105743408,0.0,0.0,
4232,FMAT,0.0,0.0,0.0,0.0,4.560476779937744,,1.0142425298690796,0.0,0.0,
4233,FMAT,0.0,0.0,0.0,0.0,4.221680641174316,,1.0074145793914795,0.0,0.0,
4234,FMAT,0.0,0.0,0.0,0.0,5.1098408699035645,,1.0201187133789062,0.0,0.0,
4235,FMAT,0.0,0.0,0.0,0.0,4.089535236358643,,1.014380931854248,0.0,0.0,
4236,FMAT,0.0,0.0,0.0,0.0,16.498096466064453,,1.09002423286438,0.0,0.0,
4237,FMAT,0.0,0.0,0.0,0.0,7.577476978302002,,1.0310832262039185,0.0,0.0,
4238,FMAT,0.0,0.0,0.0,0.0,3.841756820678711,,1.014143705368042,0.0,0.0,
4239,FMAT,0.0,0.0,0.0,0.0,6.231642246246338,,1.0249717235565186,0.0,0.0,
4240,FMAT,0.0,0.0,0.0,0.0,11.08297348022461,,1.0358881950378418,0.0,0.0,
4241,FMAT,0.0,0.0,0.0,0.0,4.633460998535156,,1.0099196434020996,0.0,0.0,
4242,FMAT,0.0,0.0,0.0,0.0,3.222965717315674,,1.0364609956741333,0.0,0.0,
4243,FMAT,0.0,0.0,0.0,0.0,9.098278999328612,,1.022795557975769,0.0,0.0,
4244,FMAT,0.0,0.0,0.0,0.0,6.006684303283691,,1.0206173658370972,0.0,0.0,
4245,FMAT,0.0,0.0,0.0,0.0,15.301008224487305,,1.0712658166885376,0.0,0.0,
4246,FMAT,0.0,0.0,0.0,0.0,4.0776686668396,,1.0091884136199951,0.0,0.0,
4247,FMAT,0.0,0.0,0.0,0.0,1.6927028894424438,,1.0059484243392944,0.0,0.0,
4248,FMAT,0.0,0.0,0.0,0.0,1.5894391536712646,,1.0153344869613647,0.0,0.0,
4249,FMAT,0.0,0.0,0.0,0.0,2.3410651683807373,,1.005958914756775,0.0,0.0,
4250,FMAT,0.0,0.0,0.0,0.0,1.2159870862960815,,1.005683660507202,0.0,0.0,
4251,FMAT,0.0,0.0,0.0,0.0,4.628277778625488,,1.0050126314163208,0.0,0.0,
4252,FMAT,0.0,0.0,0.0,0.0,2.50648045539856,,1.0098369121551514,0.0,0.0,
4253,FMAT,0.0,0.0,0.0,0.0,9.047385215759276,,1.0442239046096802,0.0,0.0,
4254,FMAT,0.0,0.0,0.0,0.0,5.172272205352783,,1.0082520246505735,0.0,0.0,
4255,FMAT,0.0,0.0,0.0,0.0,8.351883888244629,,1.0196841955184937,0.0,0.0,
4256,FMAT,0.0,0.0,0.0,0.0,2.35788631439209,,1.0016063451766968,0.0,0.0,
4257,FMAT,0.0,0.0,0.0,0.0,3.8451545238494873,,1.0073819160461426,0.0,0.0,
4258,FMAT,0.0,0.0,0.0,0.0,5.782219886779785,,1.0095527172088623,0.0,0.0,
4259,FMAT,0.0,0.0,0.0,0.0,4.987442493438721,,1.006244421005249,0.0,0.0,
4260,FMAT,0.0,0.0,0.0,0.0,8.151315689086914,,1.0303752422332764,0.0,0.0,
4261,FMAT,0.0,0.0,0.0,0.0,8.093052864074707,,1.0132784843444824,0.0,0.0,
4262,FMAT,0.0,0.0,0.0,0.0,6.230625152587891,,1.0304937362670898,0.0,0.0,
4263,FMAT,0.0,0.0,0.0,0.0,7.828955173492432,,1.0254957675933838,0.0,0.0,
4264,FMAT,0.0,0.0,0.0,0.0,5.049023628234863,,1.0488970279693604,0.0,0.0,
4265,FMAT,0.0,0.0,0.0,0.0,7.720624923706055,,1.037463903427124,0.0,0.0,
4266,FMAT,0.0,0.0,0.0,0.0,5.712133407592773,,1.0144236087799072,0.0,0.0,
4267,FMAT,0.0,0.0,0.0,0.0,4.720483303070068,,1.0207489728927612,0.0,0.0,
4268,FMAT,0.0,0.0,0.0,0.0,6.92663049697876,,1.0200647115707395,0.0,0.0,
4269,FMAT,0.0,0.0,0.0,0.0,0.7419083118438721,,1.0035401582717896,0.0,0.0,
4270,FMAT,0.0,0.0,0.0,0.0,2.330066442489624,,1.0050179958343506,0.0,0.0,
4271,FMAT,0.0,0.0,0.0,0.0,2.220219373703003,,1.0057165622711182,0.0,0.0,
4272,FMAT,0.0,0.0,0.0,0.0,3.481550931930542,,1.0096007585525513,0.0,0.0,
4273,FMAT,0.0,0.0,0.0,0.0,1.905603051185608,,1.0046324729919434,0.0,0.0,
4274,FMAT,0.0,0.0,0.0,0.0,1.6233450174331665,,1.005778193473816,0.0,0.0,
4275,FMAT,0.0,0.0,0.0,0.0,6.380938529968262,,1.0198417901992798,0.0,0.0,
4276,FMAT,0.0,0.0,0.0,0.0,1.5286996364593506,,1.0558669567108154,0.0,0.0,
4277,FMAT,0.0,0.0,0.0,0.0,5.61084508895874,,1.0135997533798218,0.0,0.0,
4278,FMAT,0.0,0.0,0.0,0.0,4.328583240509033,,1.00726056098938,0.0,0.0,
4279,FMAT,0.0,0.0,0.0,0.0,4.069568634033203,,1.007251262664795,0.0,0.0,
4280,FMAT,0.0,0.0,0.0,0.0,8.31678295135498,,1.0262727737426758,0.0,0.0,
4281,FMAT,0.0,0.0,0.0,0.0,11.410984992980955,,1.034401535987854,0.0,0.0,
4282,FMAT,0.0,0.0,0.0,0.0,3.55066442489624,,1.0088952779769895,0.0,0.0,
4283,FMAT,0.0,0.0,0.0,0.0,5.039723873138428,,1.0131489038467407,0.0,0.0,
4284,FMAT,0.0,0.0,0.0,0.0,1.1075156927108765,,1.0294822454452517,0.0,0.0,
4285,FMAT,0.0,0.0,0.0,0.0,9.604365348815918,,1.0192890167236328,0.0,0.0,
4286,FMAT,0.0,0.0,0.0,0.0,4.67845630645752,,1.0112508535385132,0.0,0.0,
4287,FMAT,0.0,0.0,0.0,0.0,13.800949096679688,,1.073591947555542,0.0,0.0,
4288,FMAT,0.0,0.0,0.0,0.0,3.0227410793304443,,1.019628882408142,0.0,0.0,
4289,FMAT,0.0,0.0,0.0,0.0,7.453921794891357,,1.0687952041625977,0.0,0.0,
4290,FMAT,0.0,0.0,0.0,0.0,9.97956085205078,,1.0240681171417236,0.0,0.0,
4291,FMAT,0.0,0.0,0.0,0.0,8.536477088928223,,1.0165274143218994,0.0,0.0,
4292,FMAT,0.0,0.0,0.0,0.0,7.50694990158081,,1.0130382776260376,0.0,0.0,
4293,FMAT,0.0,0.0,0.0,0.0,19.212383270263672,,1.0805732011795044,0.0,0.0,
4294,FMAT,0.0,0.0,0.0,0.0,7.658271312713623,,1.0148773193359375,0.0,0.0,
4295,FMAT,0.0,0.0,0.0,0.0,4.335218906402588,,1.005996584892273,0.0,0.0,
4296,FMAT,0.0,0.0,0.0,0.0,1.2461001873016355,,1.0027726888656616,0.0,0.0,
4297,FMAT,0.0,0.0,0.0,0.0,11.037086486816406,,1.023876667022705,0.0,0.0,
4298,FMAT,0.0,0.0,0.0,0.0,6.387229442596436,,1.0103212594985962,0.0,0.0,
4299,FMAT,0.0,0.0,0.0,0.0,6.397153377532959,,1.013814091682434,0.0,0.0,
4300,FMAT,0.0,0.0,0.0,0.0,2.810626268386841,,1.014203667640686,0.0,0.0,
4301,FMAT,0.0,0.0,0.0,0.0,6.320932388305664,,1.0106782913208008,0.0,0.0,
4302,FMAT,0.0,0.0,0.0,0.0,3.603248834609986,,1.0419949293136597,0.0,0.0,
4303,FMAT,0.0,0.0,0.0,0.0,4.043179035186768,,1.0166298151016235,0.0,0.0,
4304,FMAT,0.0,0.0,0.0,0.0,6.13738489151001,,1.009299874305725,0.0,0.0,
4305,FMAT,0.0,0.0,0.0,0.0,2.212392807006836,,1.0331802368164062,0.0,0.0,
4306,FMAT,0.0,0.0,0.0,0.0,1.6110429763793943,,1.0098693370819092,0.0,0.0,
4307,FMAT,0.0,0.0,0.0,0.0,4.357930660247803,,1.013846516609192,0.0,0.0,
4308,FMAT,0.0,0.0,0.0,0.0,3.693699836730957,,1.0274282693862915,0.0,0.0,
4309,FMAT,0.0,0.0,0.0,0.0,4.305474281311035,,1.0161069631576538,0.0,0.0,
4310,FMAT,0.0,0.0,0.0,0.0,6.225023746490479,,1.0130723714828491,0.0,0.0,
4311,FMAT,0.0,0.0,0.0,0.0,0.4528930485248565,,1.0115894079208374,0.0,0.0,
4312,FMAT,0.0,0.0,0.0,0.0,2.6971447467803955,,1.0169049501419067,0.0,0.0,
4313,FMAT,0.0,0.0,0.0,0.0,4.520664215087891,,1.0083587169647217,0.0,0.0,
4314,FMAT,0.0,0.0,0.0,0.0,3.8010447025299072,,1.0077224969863892,0.0,0.0,
4315,FMAT,0.0,0.0,0.0,0.0,4.780548572540283,,1.0174908638000488,0.0,0.0,
4316,FMAT,0.0,0.0,0.0,0.0,3.6677675247192383,,1.0068758726119995,0.0,0.0,
4317,FMAT,0.0,0.0,0.0,0.0,7.467906951904297,,1.014473557472229,0.0,0.0,
4318,FMAT,0.0,0.0,0.0,0.0,4.308659553527832,,1.011353850364685,0.0,0.0,
4319,FMAT,0.0,0.0,0.0,0.0,6.6856369972229,,1.0212914943695068,0.0,0.0,
4320,FMAT,0.0,0.0,0.0,0.0,10.727657318115234,,1.0751181840896606,0.0,0.0,
4321,FMAT,0.0,0.0,0.0,0.0,8.699445724487305,,1.050553560256958,0.0,0.0,
4322,FMAT,0.0,0.0,0.0,0.0,9.344560623168944,,1.0357396602630615,0.0,0.0,
4323,FMAT,0.0,0.0,0.0,0.0,4.213222026824951,,1.0213673114776611,0.0,0.0,
4324,FMAT,0.0,0.0,0.0,0.0,14.960979461669922,,1.1468759775161743,0.0,0.0,
4325,FMAT,0.0,0.0,0.0,0.0,5.09834098815918,,1.010494589805603,0.0,0.0,
4326,FMAT,0.0,0.0,0.0,0.0,7.497729778289795,,1.0245246887207031,0.0,0.0,
4327,FMAT,0.0,0.0,0.0,0.0,2.6626439094543457,,1.0064685344696045,0.0,0.0,
4328,FMAT,0.0,0.0,0.0,0.0,4.652507305145264,,1.0172202587127686,0.0,0.0,
4329,FMAT,0.0,0.0,0.0,0.0,2.7339470386505127,,1.003456950187683,0.0,0.0,
4330,FMAT,0.0,0.0,0.0,0.0,4.167190074920654,,1.003588080406189,0.0,0.0,
4331,FMAT,0.0,0.0,0.0,0.0,4.472445964813232,,1.012748122215271,0.0,0.0,
4332,FMAT,0.0,0.0,0.0,0.0,3.440213918685913,,1.02138352394104,0.0,0.0,
4333,FMAT,0.0,0.0,0.0,0.0,3.590813159942627,,1.020336627960205,0.0,0.0,
4334,FMAT,0.0,0.0,0.0,0.0,5.811858177185059,,1.0250630378723145,0.0,0.0,
4335,FMAT,0.0,0.0,0.0,0.0,7.603218078613281,,1.015489935874939,0.0,0.0,
4336,FMAT,0.0,0.0,0.0,0.0,2.074670553207397,,1.035568118095398,0.0,0.0,
4337,FMAT,0.0,0.0,0.0,0.0,3.732707977294922,,1.0264973640441897,0.0,0.0,
4338,FMAT,0.0,0.0,0.0,0.0,4.514447212219238,,1.0409265756607056,0.0,0.0,
4339,FMAT,0.0,0.0,0.0,0.0,3.329038143157959,,1.04262375831604,0.0,0.0,
4340,FMAT,0.0,0.0,0.0,0.0,1.0327335596084597,,1.0142563581466677,0.0,0.0,
4341,FMAT,0.0,0.0,0.0,0.0,4.63329553604126,,1.0126279592514038,0.0,0.0,
4342,FMAT,0.0,0.0,0.0,0.0,10.603970527648926,,1.0521535873413086,0.0,0.0,
4343,FMAT,0.0,0.0,0.0,0.0,4.1922712326049805,,1.0056549310684204,0.0,0.0,
4344,FMAT,0.0,0.0,0.0,0.0,6.415546894073486,,1.017898678779602,0.0,0.0,
4345,FMAT,0.0,0.0,0.0,0.0,10.108055114746094,,1.0552011728286743,0.0,0.0,
4346,FMAT,0.0,0.0,0.0,0.0,2.5876452922821045,,1.0115902423858645,0.0,0.0,
4347,FMAT,0.0,0.0,0.0,0.0,5.033300399780273,,1.0131096839904783,0.0,0.0,
4348,FMAT,0.0,0.0,0.0,0.0,4.132485389709473,,1.0070160627365112,0.0,0.0,
4349,FMAT,0.0,0.0,0.0,0.0,3.1617560386657715,,1.0561482906341553,0.0,0.0,
4350,FMAT,0.0,0.0,0.0,0.0,9.93251895904541,,1.1968234777450562,0.0,0.0,
4351,FMAT,0.0,0.0,0.0,0.0,13.36011028289795,,1.0371932983398438,0.0,0.0,
4352,FMAT,0.0,0.0,0.0,0.0,4.877505779266357,,1.0210554599761963,0.0,0.0,
4353,FMAT,0.0,0.0,0.0,0.0,3.745907783508301,,1.0091373920440674,0.0,0.0,
4354,FMAT,0.0,0.0,0.0,0.0,6.358817100524902,,1.049601912498474,0.0,0.0,
4355,FMAT,0.0,0.0,0.0,0.0,3.8408992290496826,,1.0347987413406372,0.0,0.0,
4356,FMAT,0.0,0.0,0.0,0.0,7.428100109100342,,1.052668213844299,0.0,0.0,
4357,FMAT,0.0,0.0,0.0,0.0,7.748989105224609,,1.034431219100952,0.0,0.0,
4358,FMAT,0.0,0.0,0.0,0.0,8.199161529541016,,1.047046780586243,0.0,0.0,
4359,FMAT,0.0,0.0,0.0,0.0,9.363146781921388,,1.0195465087890625,0.0,0.0,
4360,FMAT,0.0,0.0,0.0,0.0,8.974191665649414,,1.1107186079025269,0.0,0.0,
4361,FMAT,0.0,0.0,0.0,0.0,5.34183406829834,,1.0257104635238647,0.0,0.0,
4362,FMAT,0.0,0.0,0.0,0.0,0.6506379842758179,,1.0163497924804688,0.0,0.0,
4363,FMAT,0.0,0.0,0.0,0.0,4.853753566741943,,1.0346720218658447,0.0,0.0,
4364,FMAT,0.0,0.0,0.0,0.0,9.517824172973633,,1.1046737432479858,0.0,0.0,
4365,FMAT,0.0,0.0,0.0,0.0,2.200302600860596,,1.013208031654358,0.0,0.0,
4366,FMAT,0.0,0.0,0.0,0.0,7.637691974639893,,1.0119327306747437,0.0,0.0,
4367,FMAT,0.0,0.0,0.0,0.0,1.9738062620162964,,1.0218719244003296,0.0,0.0,
4368,FMAT,0.0,0.0,0.0,0.0,5.50145959854126,,1.020605444908142,0.0,0.0,
4369,FMAT,0.0,0.0,0.0,0.0,13.768965721130373,,1.07266366481781,0.0,0.0,
4370,FMAT,0.0,0.0,0.0,0.0,12.489588737487791,,1.035341739654541,0.0,0.0,
4371,FMAT,0.0,0.0,0.0,0.0,5.31574296951294,,1.0159814357757568,0.0,0.0,
4372,FMAT,0.0,0.0,0.0,0.0,5.932396411895752,,1.0237542390823364,0.0,0.0,
4373,FMAT,0.0,0.0,0.0,0.0,13.136252403259276,,1.0375784635543823,0.0,0.0,
4374,FMAT,0.0,0.0,0.0,0.0,5.933193683624268,,1.037697196006775,0.0,0.0,
4375,FMAT,0.0,0.0,0.0,0.0,1.3491979837417605,,1.0095807313919067,0.0,0.0,
4376,FMAT,0.0,0.0,0.0,0.0,7.042858123779297,,1.0165153741836548,0.0,0.0,
4377,FMAT,0.0,0.0,0.0,0.0,1.000173807144165,,1.0023504495620728,0.0,0.0,
4378,FMAT,0.0,0.0,0.0,0.0,0.7771486639976501,,1.0029383897781372,0.0,0.0,
4379,FMAT,0.0,0.0,0.0,0.0,7.878477573394775,,1.013393521308899,0.0,0.0,
4380,FMAT,0.0,0.0,0.0,0.0,3.5113863945007324,,1.008689045906067,0.0,0.0,
4381,FMAT,0.0,0.0,0.0,0.0,5.399145603179932,,1.045015573501587,0.0,0.0,
4382,FMAT,0.0,0.0,0.0,0.0,3.8882360458374015,,1.0043171644210815,0.0,0.0,
4383,FMAT,0.0,0.0,0.0,0.0,3.460547685623169,,1.0114185810089111,0.0,0.0,
4384,FMAT,0.0,0.0,0.0,0.0,10.406004905700684,,1.0582451820373535,0.0,0.0,
4385,FMAT,0.0,0.0,0.0,0.0,7.837310791015625,,1.0124503374099731,0.0,0.0,
4386,FMAT,0.0,0.0,0.0,0.0,11.862754821777344,,1.0492916107177734,0.0,0.0,
4387,FMAT,0.0,0.0,0.0,0.0,9.644394874572754,,1.0276907682418823,0.0,0.0,
4388,FMAT,0.0,0.0,0.0,0.0,5.785079956054688,,1.0573052167892456,0.0,0.0,
4389,FMAT,0.0,0.0,0.0,0.0,8.007181167602539,,1.057014226913452,0.0,0.0,
4390,FMAT,0.0,0.0,0.0,0.0,7.520514965057373,,1.021729588508606,0.0,0.0,
4391,FMAT,0.0,0.0,0.0,0.0,6.960307121276856,,1.014462113380432,0.0,0.0,
4392,FMAT,0.0,0.0,0.0,0.0,7.307842254638672,,1.0307401418685913,0.0,0.0,
4393,FMAT,0.0,0.0,0.0,0.0,8.332083702087402,,1.0837759971618652,0.0,0.0,
4394,FMAT,0.0,0.0,0.0,0.0,4.670750141143799,,1.0064561367034912,0.0,0.0,
4395,FMAT,0.0,0.0,0.0,0.0,8.487651824951172,,1.025992751121521,0.0,0.0,
4396,FMAT,0.0,0.0,0.0,0.0,13.092866897583008,,1.0409096479415894,0.0,0.0,
4397,FMAT,0.0,0.0,0.0,0.0,3.968861103057861,,1.0093013048171997,0.0,0.0,
4398,FMAT,0.0,0.0,0.0,0.0,4.142035961151123,,1.040574312210083,0.0,0.0,
4399,FMAT,0.0,0.0,0.0,0.0,5.111661434173584,,1.02290678024292,0.0,0.0,
4400,FMAT,0.0,0.0,0.0,0.0,6.011615753173828,,1.018558144569397,0.0,0.0,
4401,FMAT,0.0,0.0,0.0,0.0,10.074172019958496,,1.05088472366333,0.0,0.0,
4402,FMAT,0.0,0.0,0.0,0.0,18.939735412597656,,1.0887662172317505,0.0,0.0,
4403,FMAT,0.0,0.0,0.0,0.0,3.915346384048462,,1.04530930519104,0.0,0.0,
4404,FMAT,0.0,0.0,0.0,0.0,0.8103274703025818,,1.0151383876800537,0.0,0.0,
4405,FMAT,0.0,0.0,0.0,0.0,1.5533227920532229,,1.0046724081039429,0.0,0.0,
4406,FMAT,0.0,0.0,0.0,0.0,4.856616020202637,,1.0351691246032717,0.0,0.0,
4407,FMAT,0.0,0.0,0.0,0.0,2.3230960369110107,,1.02166485786438,0.0,0.0,
4408,FMAT,0.0,0.0,0.0,0.0,2.87404727935791,,1.005567193031311,0.0,0.0,
4409,FMAT,0.0,0.0,0.0,0.0,9.052671432495115,,1.0260818004608154,0.0,0.0,
4410,FMAT,0.0,0.0,0.0,0.0,3.7619941234588623,,1.0054004192352295,0.0,0.0,
4411,FMAT,0.0,0.0,0.0,0.0,3.5106687545776367,,1.002192735671997,0.0,0.0,
4412,FMAT,0.0,0.0,0.0,0.0,2.736229419708252,,1.0031020641326904,0.0,0.0,
4413,FMAT,0.0,0.0,0.0,0.0,3.2549705505371094,,1.0101687908172607,0.0,0.0,
4414,FMAT,0.0,0.0,0.0,0.0,4.948507308959961,,1.0087954998016355,0.0,0.0,
4415,FMAT,0.0,0.0,0.0,0.0,3.8080899715423584,,1.0075631141662598,0.0,0.0,
4416,FMAT,0.0,0.0,0.0,0.0,2.8682992458343506,,1.0037217140197754,0.0,0.0,
4417,FMAT,0.0,0.0,0.0,0.0,8.24555492401123,,1.1433141231536863,0.0,0.0,
4418,FMAT,0.0,0.0,0.0,0.0,7.560576915740967,,1.0278074741363523,0.0,0.0,
4419,FMAT,0.0,0.0,0.0,0.0,8.597907066345215,,1.0145477056503296,0.0,0.0,
4420,FMAT,0.0,0.0,0.0,0.0,3.3339040279388428,,1.019343018531799,0.0,0.0,
4421,FMAT,0.0,0.0,0.0,0.0,4.70472526550293,,1.0382745265960691,0.0,0.0,
4422,FMAT,0.0,0.0,0.0,0.0,1.11892569065094,,1.006999969482422,0.0,0.0,
4423,FMAT,0.0,0.0,0.0,0.0,9.524751663208008,,1.146405816078186,0.0,0.0,
4424,FMAT,0.0,0.0,0.0,0.0,10.679571151733398,,1.0343183279037476,0.0,0.0,
4425,FMAT,0.0,0.0,0.0,0.0,7.02159595489502,,1.022436022758484,0.0,0.0,
4426,FMAT,0.0,0.0,0.0,0.0,3.3984663486480717,,1.015317678451538,0.0,0.0,
4427,FMAT,0.0,0.0,0.0,0.0,7.479709148406982,,1.0139330625534058,0.0,0.0,
4428,FMAT,0.0,0.0,0.0,0.0,16.6337890625,,1.0530641078948977,0.0,0.0,
4429,FMAT,0.0,0.0,0.0,0.0,12.884373664855955,,1.040191411972046,0.0,0.0,
4430,FMAT,0.0,0.0,0.0,0.0,0.966824471950531,,1.0195833444595337,0.0,0.0,
4431,FMAT,0.0,0.0,0.0,0.0,6.520175457000732,,1.018185257911682,0.0,0.0,
4432,FMAT,0.0,0.0,0.0,0.0,7.349269390106201,,1.010206699371338,0.0,0.0,
4433,FMAT,0.0,0.0,0.0,0.0,3.1961004734039307,,1.009759545326233,0.0,0.0,
4434,FMAT,0.0,0.0,0.0,0.0,4.821430206298828,,1.0185396671295166,0.0,0.0,
4435,FMAT,0.0,0.0,0.0,0.0,6.278619766235352,,1.0344746112823486,0.0,0.0,
4436,SGZ,0.0,0.0,0.0,0.0,4.880923271179199,,1.02244234085083,0.0,0.0,
4437,SGZ,0.0,0.0,0.0,0.0,4.737314701080322,,1.0250955820083618,0.0,0.0,
4438,SGZ,0.0,0.0,0.0,0.0,5.151455402374268,,1.009526610374451,0.0,0.0,
4439,SGZ,0.0,0.0,0.0,0.0,3.83024263381958,,1.046269178390503,0.0,0.0,
4440,SGZ,0.0,0.0,0.0,0.0,20.090103149414062,,1.0888137817382812,0.0,0.0,
4441,SGZ,0.0,0.0,0.0,0.0,10.330345153808594,,1.0267245769500732,0.0,0.0,
4442,SGZ,0.0,0.0,0.0,0.0,14.778226852416992,,1.0529569387435913,0.0,0.0,
4443,SGZ,0.0,0.0,0.0,0.0,16.390323638916016,,1.133994221687317,0.0,0.0,
4444,SGZ,0.0,0.0,0.0,0.0,15.19707202911377,,1.0727052688598633,0.0,0.0,
4445,SGZ,0.0,0.0,0.0,0.0,21.459665298461918,,1.2067269086837769,0.0,0.0,
4446,SGZ,0.0,0.0,0.0,0.0,5.830666542053223,,1.0352076292037964,0.0,0.0,
4447,SGZ,0.0,0.0,0.0,0.0,3.727703094482422,,1.0100021362304688,0.0,0.0,
4448,SGZ,0.0,0.0,0.0,0.0,4.433251857757568,,1.009981632232666,0.0,0.0,
4449,SGZ,0.0,0.0,0.0,0.0,9.891380310058594,,1.0232013463974,0.0,0.0,
4450,SGZ,0.0,0.0,0.0,0.0,6.440008640289307,,1.012389898300171,0.0,0.0,
4451,SGZ,0.0,0.0,0.0,0.0,2.7269654273986816,,1.0132980346679688,0.0,0.0,
4452,SGZ,0.0,0.0,0.0,0.0,4.525025367736816,,1.018271565437317,0.0,0.0,
4453,SGZ,0.0,0.0,0.0,0.0,8.713915824890137,,1.0455914735794067,0.0,0.0,
4454,SGZ,0.0,0.0,0.0,0.0,9.781949996948242,,1.032745361328125,0.0,0.0,
4455,SGZ,0.0,0.0,0.0,0.0,7.516394138336182,,1.0412474870681765,0.0,0.0,
4456,SGZ,0.0,0.0,0.0,0.0,3.6959710121154794,,1.0168287754058838,0.0,0.0,
4457,SGZ,0.0,0.0,0.0,0.0,3.617948532104492,,1.0616209506988523,0.0,0.0,
4458,NVB,0.0,0.0,0.0,0.0,2.753293991088867,,1.0079280138015747,0.0,0.0,
4459,NVB,0.0,0.0,0.0,0.0,8.405693054199219,,1.0182361602783203,0.0,0.0,
4460,NVB,0.0,0.0,0.0,0.0,0.741523265838623,,1.0298296213150024,0.0,0.0,
4461,NVB,0.0,0.0,0.0,0.0,30.775236129760746,,1.21671462059021,0.0,0.0,
4462,NVB,0.0,0.0,0.0,0.0,13.016111373901367,,1.0693542957305908,0.0,0.0,
4463,NVB,0.0,0.0,0.0,0.0,6.792287349700928,,1.0311206579208374,0.0,0.0,
4464,NVB,0.0,0.0,0.0,0.0,8.115715026855469,,1.015148043632507,0.0,0.0,
4465,NVB,0.0,0.0,0.0,0.0,7.03994607925415,,1.016842484474182,0.0,0.0,
4466,NVB,0.0,0.0,0.0,0.0,3.545785665512085,,1.0161317586898804,0.0,0.0,
4467,NVB,0.0,0.0,0.0,0.0,5.713497161865234,,1.018665075302124,0.0,0.0,
4468,NVB,0.0,0.0,0.0,0.0,1.6778292655944824,,1.0021896362304688,0.0,0.0,
4469,NVB,0.0,0.0,0.0,0.0,2.5651721954345703,,1.0048190355300903,0.0,0.0,
4470,NVB,0.0,0.0,0.0,0.0,2.152730941772461,,1.0185816287994385,0.0,0.0,
4471,NVB,0.0,0.0,0.0,0.0,6.36433744430542,,1.037271499633789,0.0,0.0,
4472,NVB,0.0,0.0,0.0,0.0,1.1211107969284058,,1.002341866493225,0.0,0.0,
4473,NVB,0.0,0.0,0.0,0.0,2.8485281467437744,,1.002862811088562,0.0,0.0,
4474,NVB,0.0,0.0,0.0,0.0,2.29540753364563,,1.0012329816818235,0.0,0.0,
4475,NVB,0.0,0.0,0.0,0.0,1.6839162111282349,,1.0033042430877686,0.0,0.0,
4476,NVB,0.0,0.0,0.0,0.0,3.63650107383728,,1.0055750608444214,0.0,0.0,
4477,NVB,0.0,0.0,0.0,0.0,0.6777178645133972,,1.0018373727798462,0.0,0.0,
4478,NVB,0.0,0.0,0.0,0.0,4.10304069519043,,1.00544273853302,0.0,0.0,
4479,NVB,0.0,0.0,0.0,0.0,2.120666980743408,,1.0051844120025637,0.0,0.0,
4480,NVB,0.0,0.0,0.0,0.0,3.2849907875061035,,1.005507230758667,0.0,0.0,
4481,NVB,0.0,0.0,0.0,0.0,1.174079656600952,,1.0017330646514893,0.0,0.0,
4482,NVB,0.0,0.0,0.0,0.0,2.6879024505615234,,1.0029066801071167,0.0,0.0,
4483,NVB,0.0,0.0,0.0,0.0,2.3822813034057617,,1.0050808191299438,0.0,0.0,
4484,NVB,0.0,0.0,0.0,0.0,4.071803569793701,,1.0054116249084473,0.0,0.0,
4485,NVB,0.0,0.0,0.0,0.0,8.934219360351562,,1.0414786338806152,0.0,0.0,
4486,NVB,0.0,0.0,0.0,0.0,22.11198234558105,,1.1072605848312378,0.0,0.0,
4487,NVB,0.0,0.0,0.0,0.0,2.5572075843811035,,1.004383563995361,0.0,0.0,
4488,NVB,0.0,0.0,0.0,0.0,5.460773944854736,,1.0207700729370115,0.0,0.0,
4489,NVB,0.0,0.0,0.0,0.0,2.1610448360443115,,1.0375916957855225,0.0,0.0,
4490,NVB,0.0,0.0,0.0,0.0,5.490848541259766,,1.0256129503250122,0.0,0.0,
4491,NVB,0.0,0.0,0.0,0.0,4.038463592529297,,1.0252413749694824,0.0,0.0,
4492,NVB,0.0,0.0,0.0,0.0,2.797243356704712,,1.0038249492645264,0.0,0.0,
4493,NVB,0.0,0.0,0.0,0.0,2.827173948287964,,1.0121568441390991,0.0,0.0,
4494,NVB,0.0,0.0,0.0,0.0,4.722493171691895,,1.0324596166610718,0.0,0.0,
4495,ALG,0.0,0.0,0.0,0.0,1.1507108211517334,,1.0132813453674316,0.0,0.0,
4496,ALG,0.0,0.0,0.0,0.0,3.9792284965515137,,1.026888728141785,0.0,0.0,
4497,ALG,0.0,0.0,0.0,0.0,0.6858199238777161,,1.0051065683364868,0.0,0.0,
4498,ALG,0.0,0.0,0.0,0.0,2.121964931488037,,1.0068418979644775,0.0,0.0,
4499,ALG,0.0,0.0,0.0,0.0,22.61601829528809,,1.1716434955596924,0.0,0.0,
4500,ALG,0.0,0.0,0.0,0.0,4.620387554168701,,1.0109014511108398,0.0,0.0,
4501,ALG,0.0,0.0,0.0,0.0,2.161966323852539,,1.0661725997924805,0.0,0.0,
4502,ALG,0.0,0.0,0.0,0.0,3.024456024169922,,1.009225368499756,0.0,0.0,
4503,ALG,0.0,0.0,0.0,0.0,3.199699878692627,,1.0034488439559937,0.0,0.0,
4504,NVB,0.0,0.0,0.0,0.0,14.830512046813965,,1.0677074193954468,0.0,0.0,
4505,NVB,0.0,0.0,0.0,0.0,47.30751800537109,,1.621377944946289,0.0,0.0,
4506,NVB,0.0,0.0,0.0,0.0,2.7153255939483643,,1.002883791923523,0.0,0.0,
4507,NVB,0.0,0.0,0.0,0.0,4.852045059204102,,1.0045816898345947,0.0,0.0,
4508,NVB,0.0,0.0,0.0,0.0,1.2978438138961792,,1.000626564025879,0.0,0.0,
4509,NVB,0.0,0.0,0.0,0.0,4.406179904937744,,1.0052441358566284,0.0,0.0,
4510,NVB,0.0,0.0,0.0,0.0,4.438473224639893,,1.0075567960739136,0.0,0.0,
4511,NVB,0.0,0.0,0.0,0.0,4.084136962890625,,1.0029436349868774,0.0,0.0,
4512,NVB,0.0,0.0,0.0,0.0,4.622871398925781,,1.006658673286438,0.0,0.0,
4513,NVB,0.0,0.0,0.0,0.0,5.789780616760254,,1.0075753927230835,0.0,0.0,
4514,NVB,0.0,0.0,0.0,0.0,2.293818235397339,,1.0048409700393677,0.0,0.0,
4515,NVB,0.0,0.0,0.0,0.0,3.482168912887573,,1.0027247667312622,0.0,0.0,
4516,NVB,0.0,0.0,0.0,0.0,2.5755815505981445,,1.0151748657226562,0.0,0.0,
4517,NVB,0.0,0.0,0.0,0.0,5.704598903656006,,1.014830470085144,0.0,0.0,
4518,NVB,0.0,0.0,0.0,0.0,4.22045373916626,,1.0144683122634888,0.0,0.0,
4519,NVB,0.0,0.0,0.0,0.0,4.828309059143066,,1.0155922174453735,0.0,0.0,
4520,NVB,0.0,0.0,0.0,0.0,2.7720634937286377,,1.0049934387207031,0.0,0.0,
4521,NVB,0.0,0.0,0.0,0.0,1.955477833747864,,1.0098285675048828,0.0,0.0,
4522,NVB,0.0,0.0,0.0,0.0,7.205551624298096,,1.013877034187317,0.0,0.0,
4523,NVB,0.0,0.0,0.0,0.0,2.282809019088745,,1.019630789756775,0.0,0.0,
4524,NVB,0.0,0.0,0.0,0.0,4.9714765548706055,,1.021864891052246,0.0,0.0,
4525,NVB,0.0,0.0,0.0,0.0,5.315499782562256,,1.0078033208847046,0.0,0.0,
4526,NVB,0.0,0.0,0.0,0.0,4.808215618133545,,1.0276061296463013,0.0,0.0,
4527,NVB,0.0,0.0,0.0,0.0,6.428269386291504,,1.0114243030548096,0.0,0.0,
4528,NVB,0.0,0.0,0.0,0.0,5.761481761932373,,1.011276364326477,0.0,0.0,
4529,NVB,0.0,0.0,0.0,0.0,1.2263919115066528,,1.0120937824249268,0.0,0.0,
4530,NVB,0.0,0.0,0.0,0.0,5.2001729011535645,,1.00722074508667,0.0,0.0,
4531,NVB,0.0,0.0,0.0,0.0,6.027489185333252,,1.0113027095794678,0.0,0.0,
4532,NVB,0.0,0.0,0.0,0.0,3.74503231048584,,1.008518099784851,0.0,0.0,
4533,NVB,0.0,0.0,0.0,0.0,1.6714963912963867,,1.0098481178283691,0.0,0.0,
4534,NVB,0.0,0.0,0.0,0.0,0.6370196342468262,,1.005124568939209,0.0,0.0,
4535,NVB,0.0,0.0,0.0,0.0,2.18646240234375,,1.0041581392288208,0.0,0.0,
4536,NVB,0.0,0.0,0.0,0.0,3.816511631011963,,1.0081140995025637,0.0,0.0,
4537,NVB,0.0,0.0,0.0,0.0,4.276268482208252,,1.0061216354370115,0.0,0.0,
4538,NVB,0.0,0.0,0.0,0.0,7.237771987915039,,1.022355318069458,0.0,0.0,
4539,NVB,0.0,0.0,0.0,0.0,5.952699661254883,,1.00735604763031,0.0,0.0,
4540,NVB,0.0,0.0,0.0,0.0,4.454543590545654,,1.0115283727645874,0.0,0.0,
4541,NVB,0.0,0.0,0.0,0.0,3.978246688842773,,1.0130317211151123,0.0,0.0,
4542,NVB,0.0,0.0,0.0,0.0,7.986574649810791,,1.0204534530639648,0.0,0.0,
4543,NVB,0.0,0.0,0.0,0.0,3.4287149906158447,,1.0153027772903442,0.0,0.0,
4544,NVB,0.0,0.0,0.0,0.0,2.7194137573242188,,1.0301175117492676,0.0,0.0,
4545,NVB,0.0,0.0,0.0,0.0,8.070294380187988,,1.0612517595291138,0.0,0.0,
4546,NVB,0.0,0.0,0.0,0.0,5.154838562011719,,1.0317083597183228,0.0,0.0,
4547,NVB,0.0,0.0,0.0,0.0,3.388391256332397,,1.03627347946167,0.0,0.0,
4548,ALG,0.0,0.0,0.0,0.0,5.08810567855835,,1.0178182125091553,0.0,0.0,
4549,ALG,0.0,0.0,0.0,0.0,2.7968544960021973,,1.0065678358078003,0.0,0.0,
4550,ALG,0.0,0.0,0.0,0.0,2.1654632091522217,,1.0273804664611816,0.0,0.0,
4551,ALG,0.0,0.0,0.0,0.0,52.1095085144043,,1.6745728254318235,0.0,0.0,
4552,ALG,0.0,0.0,0.0,0.0,24.63448715209961,,1.116828680038452,0.0,0.0,
4553,ALG,0.0,0.0,0.0,0.0,31.648887634277344,,1.416659235954285,0.0,0.0,
4554,ALG,0.0,0.0,0.0,0.0,16.12802505493164,,1.379786729812622,0.0,0.0,
4555,ALG,1.0,1.0,562.0,1363.0,8.506091117858887,,1.1425918340682983,1474.3178083439134,766006.0,
4556,ALG,0.0,0.0,0.0,0.0,14.497844696044922,,1.7955807447433472,0.0,0.0,
4557,ALG,0.0,0.0,0.0,0.0,38.8521728515625,,1.4191908836364746,0.0,0.0,
4558,ALG,0.0,0.0,0.0,0.0,2.11096453666687,,1.509863018989563,0.0,0.0,
4559,ALG,0.0,0.0,0.0,0.0,26.240493774414062,,1.902844786643982,0.0,0.0,
4560,ALG,0.0,0.0,0.0,0.0,43.82011413574219,,1.478508472442627,0.0,0.0,
4561,ALG,0.0,1.0,0.0,1363.0,43.82456207275391,,1.9855115413665767,1363.0,0.0,
4562,ALG,0.0,0.0,0.0,0.0,17.03899574279785,,1.2577296495437622,0.0,0.0,
4563,ALG,0.0,0.0,0.0,0.0,14.072593688964844,,1.0794224739074707,0.0,0.0,
4564,ALG,0.0,0.0,0.0,0.0,32.70072555541992,,1.2512149810791016,0.0,0.0,
4565,ALG,0.0,0.0,0.0,0.0,63.25210189819336,,2.4789419174194336,0.0,0.0,
4566,ALG,0.0,0.0,0.0,0.0,51.16253662109375,,1.7431925535202026,0.0,0.0,
4567,ALG,0.0,0.0,0.0,0.0,14.952436447143556,,1.087110996246338,0.0,0.0,
4568,ALG,0.0,0.0,0.0,0.0,32.12495422363281,,1.5012402534484863,0.0,0.0,
4569,ALG,0.0,0.0,0.0,0.0,33.39639663696289,,1.5256112813949585,0.0,0.0,
4570,ALG,0.0,0.0,0.0,0.0,31.220258712768555,,1.346811056137085,0.0,0.0,
4571,ALG,0.0,0.0,0.0,0.0,9.74539566040039,,1.096697449684143,0.0,0.0,
4572,NVB,0.0,0.0,0.0,0.0,2.6351542472839355,,1.1051706075668335,0.0,0.0,
4573,NVB,0.0,0.0,0.0,0.0,14.014642715454102,,1.173406720161438,0.0,0.0,
4574,NVB,0.0,0.0,0.0,0.0,5.97083854675293,,1.0317288637161257,0.0,0.0,
4575,NVB,0.0,0.0,0.0,0.0,9.544971466064451,,1.025043249130249,0.0,0.0,
4576,NVB,0.0,0.0,0.0,0.0,2.924357652664185,,1.014922022819519,0.0,0.0,
4577,NVB,0.0,0.0,0.0,0.0,2.0861189365386963,,1.0038172006607056,0.0,0.0,
4578,NVB,0.0,0.0,0.0,0.0,5.09011697769165,,1.0066901445388794,0.0,0.0,
4579,NVB,0.0,0.0,0.0,0.0,4.701242446899414,,1.0110851526260376,0.0,0.0,
4580,NVB,0.0,0.0,0.0,0.0,7.328640460968018,,1.012484073638916,0.0,0.0,
4581,NVB,0.0,0.0,0.0,0.0,5.805944919586182,,1.007862210273743,0.0,0.0,
4582,NVB,0.0,0.0,0.0,0.0,6.334226131439209,,1.0139790773391724,0.0,0.0,
4583,NVB,0.0,0.0,0.0,0.0,3.0213468074798584,,1.0049341917037964,0.0,0.0,
4584,NVB,0.0,0.0,0.0,0.0,2.7042953968048096,,1.0015925168991089,0.0,0.0,
4585,NVB,0.0,0.0,0.0,0.0,4.622713088989258,,1.0039321184158323,0.0,0.0,
4586,ALG,0.0,0.0,0.0,0.0,10.542654037475586,,1.0458835363388062,0.0,0.0,
4587,ALG,0.0,0.0,0.0,0.0,2.6097028255462646,,1.0018998384475708,0.0,0.0,
4588,ALG,0.0,0.0,0.0,0.0,0.5447691082954407,,1.0032869577407837,0.0,0.0,
4589,ALG,0.0,0.0,0.0,0.0,64.78341674804688,,2.730546712875366,0.0,0.0,
4590,NVB,2.0,1.0,562.0,1363.0,39.48927307128906,,1.530349612236023,1474.3178083439134,766006.0,
4591,NVB,2.0,1.0,562.0,1363.0,39.99268341064453,,1.360401630401611,1474.3178083439134,766006.0,
4592,NVB,1.0,0.0,562.0,0.0,70.26826477050781,,3.024457693099976,562.0,0.0,
4593,NVB,0.0,0.0,0.0,0.0,0.7434486746788025,,1.0081071853637695,0.0,0.0,
4594,NVB,0.0,0.0,0.0,0.0,2.515681743621826,,1.0054056644439695,0.0,0.0,
4595,NVB,0.0,0.0,0.0,0.0,6.685223579406738,,1.0229203701019287,0.0,0.0,
4596,NVB,0.0,0.0,0.0,0.0,8.714656829833984,,1.0340358018875122,0.0,0.0,
4597,NVB,0.0,0.0,0.0,0.0,4.544368743896484,,1.010689377784729,0.0,0.0,
4598,NVB,0.0,0.0,0.0,0.0,4.299411296844482,,1.0240089893341064,0.0,0.0,
4599,NVB,0.0,0.0,0.0,0.0,2.507488489151001,,1.008863925933838,0.0,0.0,
4600,NVB,0.0,0.0,0.0,0.0,6.0880045890808105,,1.037389874458313,0.0,0.0,
4601,NVB,0.0,0.0,0.0,0.0,2.964919090270996,,1.0120495557785034,0.0,0.0,
4602,NVB,0.0,0.0,0.0,0.0,5.0862717628479,,1.0097479820251465,0.0,0.0,
4603,NVB,0.0,0.0,0.0,0.0,5.744058609008789,,1.0219066143035889,0.0,0.0,
4604,NVB,0.0,0.0,0.0,0.0,2.982241153717041,,1.023923635482788,0.0,0.0,
4605,NVB,0.0,0.0,0.0,0.0,2.2861857414245605,,1.010826587677002,0.0,0.0,
4606,NVB,0.0,0.0,0.0,0.0,4.8337721824646,,1.0228487253189087,0.0,0.0,
4607,NVB,0.0,0.0,0.0,0.0,5.259124279022217,,1.135572910308838,0.0,0.0,
4608,NVB,0.0,0.0,0.0,0.0,17.455896377563477,,1.0623606443405151,0.0,0.0,
4609,NVB,0.0,0.0,0.0,0.0,8.194645881652832,,1.0196465253829956,0.0,0.0,
4610,ALG,0.0,0.0,0.0,0.0,9.253746032714844,,1.0298532247543335,0.0,0.0,
4611,ALG,0.0,0.0,0.0,0.0,6.550135612487793,,1.0131062269210815,0.0,0.0,
4612,ALG,0.0,0.0,0.0,0.0,16.782360076904297,,1.1255053281784058,0.0,0.0,
4613,ALG,0.0,0.0,0.0,0.0,20.231000900268555,,1.1262058019638062,0.0,0.0,
4614,ALG,0.0,0.0,0.0,0.0,5.345019817352295,,1.019904375076294,0.0,0.0,
4615,ALG,0.0,0.0,0.0,0.0,0.6356496214866638,,1.0020521879196167,0.0,0.0,
4616,ALG,0.0,0.0,0.0,0.0,9.020127296447754,,1.039469838142395,0.0,0.0,
4617,ALG,0.0,0.0,0.0,0.0,7.969479560852051,,1.0153402090072632,0.0,0.0,
4618,ALG,0.0,0.0,0.0,0.0,5.090746879577637,,1.035557508468628,0.0,0.0,
4619,ALG,0.0,0.0,0.0,0.0,9.963868141174316,,1.0203309059143066,0.0,0.0,
4620,ALG,0.0,0.0,0.0,0.0,48.299278259277344,,1.6551223993301392,0.0,0.0,
4621,ALG,0.0,0.0,0.0,0.0,27.30210304260254,,1.299559473991394,0.0,0.0,
4622,ALG,0.0,0.0,0.0,0.0,31.46191024780273,,1.4834814071655271,0.0,0.0,
4623,ALG,0.0,0.0,0.0,0.0,29.643762588500977,,1.3886103630065918,0.0,0.0,
4624,ALG,0.0,0.0,0.0,0.0,24.942556381225582,,1.180533528327942,0.0,0.0,
4625,ALG,0.0,0.0,0.0,0.0,8.177870750427246,,1.0180566310882568,0.0,0.0,
4626,ALG,0.0,0.0,0.0,0.0,23.356884002685547,,1.3407214879989624,0.0,0.0,
4627,ALG,0.0,0.0,0.0,0.0,21.79649353027344,,1.270148754119873,0.0,0.0,
4628,ALG,0.0,0.0,0.0,0.0,33.3734245300293,,1.3662800788879397,0.0,0.0,
4629,ALG,0.0,0.0,0.0,0.0,21.88722801208496,,1.3637911081314087,0.0,0.0,
4630,ALG,0.0,0.0,0.0,0.0,17.689533233642578,,1.1062729358673096,0.0,0.0,
4631,ALG,0.0,0.0,0.0,0.0,27.80099105834961,,1.3394477367401123,0.0,0.0,
4632,ALG,0.0,0.0,0.0,0.0,29.218759536743164,,1.3644558191299438,0.0,0.0,
4633,ALG,2.0,0.0,562.0,0.0,6.82844877243042,,1.387507677078247,562.0,0.0,
4634,ALG,1.0,0.0,562.0,0.0,11.785757064819336,,1.0269778966903689,562.0,0.0,
4635,ALG,1.0,0.0,562.0,0.0,35.04350280761719,,1.2704867124557495,562.0,0.0,
4636,ALG,0.0,0.0,0.0,0.0,65.82563018798828,,2.4854841232299805,0.0,0.0,
4637,ALG,1.0,0.0,562.0,0.0,64.65655517578125,,2.9437880516052246,562.0,0.0,
4638,ALG,0.0,0.0,0.0,0.0,41.48714828491211,,2.1525466442108154,0.0,0.0,
4639,ALG,1.0,1.0,562.0,1363.0,3.4094486236572266,,2.129301071166992,1474.3178083439134,766006.0,
4640,ALG,0.0,0.0,0.0,0.0,48.75035095214844,,1.695516586303711,0.0,0.0,
4641,ALG,0.0,0.0,0.0,0.0,65.39513397216797,,2.8502275943756104,0.0,0.0,
4642,ALG,1.0,0.0,562.0,0.0,29.97906875610352,,1.1885151863098145,562.0,0.0,
4643,ALG,-1.0,-1.0,562.0,1362.0,27.3995304107666,,1.5127525329589844,1473.3933622763475,765444.0,
4644,ALG,0.0,0.0,0.0,0.0,34.208309173583984,,1.6353875398635864,0.0,0.0,
4645,ALG,0.0,0.0,0.0,0.0,21.83833694458008,,2.346845865249634,0.0,0.0,
4646,ALG,1.0,0.0,562.0,0.0,16.73222541809082,,1.2741278409957886,562.0,0.0,
4647,ALG,1.0,0.0,562.0,0.0,22.987045288085938,,1.097124099731445,562.0,0.0,
4648,ALG,1.0,0.0,562.0,0.0,6.4046173095703125,,1.256587266921997,562.0,0.0,
4649,ALG,0.0,0.0,0.0,0.0,46.34749603271485,,2.020813226699829,0.0,0.0,
4650,ALG,0.0,0.0,0.0,0.0,32.046051025390625,,1.1960132122039795,0.0,0.0,
4651,ALG,-1.0,-1.0,562.0,1362.0,54.17681503295898,,1.7875438928604126,1473.3933622763475,765444.0,
4652,ALG,0.0,0.0,0.0,0.0,63.46417999267578,,2.4451141357421875,0.0,0.0,
4653,ALG,0.0,0.0,0.0,0.0,23.976640701293945,,1.1162428855895996,0.0,0.0,
4654,ALG,0.0,0.0,0.0,0.0,28.325971603393555,,1.1549829244613647,0.0,0.0,
4655,ALG,0.0,0.0,0.0,0.0,35.84516906738281,,1.2908978462219238,0.0,0.0,
4656,ALG,0.0,0.0,0.0,0.0,8.77850341796875,,1.222777009010315,0.0,0.0,
4657,ALG,0.0,0.0,0.0,0.0,48.921875,,1.7892197370529177,0.0,0.0,
4658,ALG,-1.0,0.0,562.0,0.0,29.890766143798828,,1.4116425514221191,562.0,0.0,
4659,ALG,0.0,0.0,0.0,0.0,47.40616989135742,,1.5575159788131714,0.0,0.0,
4660,ALG,-1.0,0.0,562.0,0.0,44.59809494018555,,1.5546046495437622,562.0,0.0,
4661,ALG,-1.0,-1.0,562.0,1362.0,30.370162963867188,,1.58008074760437,1473.3933622763475,765444.0,
4662,ALG,0.0,0.0,0.0,0.0,40.14484405517578,,1.4486209154129028,0.0,0.0,
4663,ALG,1.0,0.0,562.0,0.0,61.35676956176758,,2.3510982990264893,562.0,0.0,
4664,ALG,1.0,0.0,562.0,0.0,34.929161071777344,,2.6497960090637207,562.0,0.0,
4665,ALG,1.0,0.0,562.0,0.0,29.79401588439941,,1.9668447971343996,562.0,0.0,
4666,ALG,1.0,0.0,562.0,0.0,6.994316577911377,,1.0412918329238892,562.0,0.0,
4667,ALG,2.0,0.0,562.0,0.0,16.2032413482666,,1.2805923223495483,562.0,0.0,
4668,ALG,2.0,1.0,562.0,1363.0,34.880226135253906,,1.3541209697723389,1474.3178083439134,766006.0,
4669,ALG,1.0,0.0,562.0,0.0,70.37017822265625,,3.029874563217163,562.0,0.0,
4670,ALG,0.0,-1.0,0.0,1362.0,62.08512878417969,,2.482385396957397,1362.0,0.0,
4671,ALG,0.0,-1.0,0.0,1362.0,62.08512878417969,,2.482385396957397,1362.0,0.0,
4672,ALG,0.0,-1.0,0.0,1362.0,11.557601928710938,,1.034123420715332,1362.0,0.0,
4673,ALG,0.0,0.0,0.0,0.0,41.40718460083008,,1.6761456727981567,0.0,0.0,
4674,ALG,0.0,0.0,0.0,0.0,65.66616821289062,,2.550475597381592,0.0,0.0,
4675,ALG,0.0,0.0,0.0,0.0,57.09724807739258,,1.889037847518921,0.0,0.0,
4676,ALG,0.0,0.0,0.0,0.0,37.87293243408203,,1.290150165557861,0.0,0.0,
4677,ALG,1.0,0.0,562.0,0.0,31.729297637939453,,1.3452472686767578,562.0,0.0,
4678,ALG,1.0,0.0,562.0,0.0,56.43332290649414,,2.5107128620147705,562.0,0.0,
4679,ALG,0.0,0.0,0.0,0.0,27.717702865600582,,1.768160700798035,0.0,0.0,
4680,ALG,1.0,1.0,562.0,1363.0,40.48444747924805,,1.3920143842697144,1474.3178083439134,766006.0,
4681,ALG,0.0,0.0,0.0,0.0,64.85321044921875,,2.539184331893921,0.0,0.0,
4682,ALG,-1.0,0.0,562.0,0.0,24.77381706237793,,1.2354998588562012,562.0,0.0,
4683,ALG,0.0,0.0,0.0,0.0,36.2311897277832,,1.470258355140686,0.0,0.0,
4684,ALG,-1.0,0.0,562.0,0.0,16.873336791992188,,1.054140329360962,562.0,0.0,
4685,ALG,-1.0,-1.0,562.0,1362.0,15.744945526123049,,1.1474995613098145,1473.3933622763475,765444.0,
4686,ALG,0.0,0.0,0.0,0.0,65.13140106201172,,3.064971923828125,0.0,0.0,
4687,ALG,1.0,0.0,562.0,0.0,33.01744842529297,,1.3606125116348269,562.0,0.0,
4688,ALG,-1.0,0.0,562.0,0.0,46.23542022705078,,1.814258337020874,562.0,0.0,
4689,ALG,-1.0,0.0,562.0,0.0,18.095373153686523,,1.0586364269256592,562.0,0.0,
4690,ALG,-1.0,0.0,562.0,0.0,8.317350387573242,,1.0303404331207275,562.0,0.0,
4691,ALG,-1.0,0.0,562.0,0.0,11.207555770874023,,1.0513520240783691,562.0,0.0,
4692,ALG,-1.0,0.0,562.0,0.0,21.19492530822754,,1.1618030071258545,562.0,0.0,
4693,ALG,-1.0,0.0,562.0,0.0,30.33635711669922,,1.4299278259277344,562.0,0.0,
4694,ALG,-1.0,0.0,562.0,0.0,26.845537185668945,,1.3426281213760376,562.0,0.0,
4695,ALG,-1.0,0.0,562.0,0.0,5.138694763183594,,1.0288070440292358,562.0,0.0,
4696,ALG,-1.0,0.0,562.0,0.0,9.350996971130373,,1.083095908164978,562.0,0.0,
4697,ALG,-1.0,0.0,562.0,0.0,5.478889465332031,,1.0826324224472046,562.0,0.0,
4698,ALG,-1.0,0.0,562.0,0.0,5.516502380371094,,1.036900520324707,562.0,0.0,
4699,ALG,-1.0,-1.0,562.0,1362.0,15.397805213928224,,1.1416683197021484,1473.3933622763475,765444.0,
4700,ALG,0.0,0.0,0.0,0.0,69.50883483886719,,2.9223599433898926,0.0,0.0,
4701,ALG,0.0,0.0,0.0,0.0,66.3634033203125,,3.248495101928711,0.0,0.0,
4702,ALG,-1.0,0.0,562.0,0.0,22.83970069885254,,1.2368817329406738,562.0,0.0,
4703,ALG,-1.0,0.0,562.0,0.0,53.95926284790039,,2.311347007751465,562.0,0.0,
4704,ALG,-1.0,0.0,562.0,0.0,46.65266799926758,,1.7057783603668213,562.0,0.0,
4705,ALG,-1.0,0.0,562.0,0.0,25.40896415710449,,1.1236014366149902,562.0,0.0,
4706,ALG,-1.0,0.0,562.0,0.0,11.117887496948242,,1.0322718620300293,562.0,0.0,
4707,ALG,-1.0,0.0,562.0,0.0,15.714988708496094,,1.0433542728424072,562.0,0.0,
4708,ALG,-1.0,0.0,562.0,0.0,24.3088493347168,,1.1062227487564087,562.0,0.0,
4709,ALG,-1.0,0.0,562.0,0.0,12.23116683959961,,1.1060357093811035,562.0,0.0,
4710,ALG,-1.0,0.0,562.0,0.0,2.2624220848083496,,1.054483413696289,562.0,0.0,
4711,ALG,-1.0,0.0,562.0,0.0,8.975893020629883,,1.1636059284210205,562.0,0.0,
4712,ALG,0.0,0.0,0.0,0.0,40.97647857666016,,1.6075785160064695,0.0,0.0,
4713,ALG,0.0,0.0,0.0,0.0,35.591087341308594,,2.631791591644287,0.0,0.0,
4714,ALG,1.0,1.0,562.0,1363.0,44.53948593139648,,1.6286762952804563,1474.3178083439134,766006.0,
4715,ALG,1.0,0.0,562.0,0.0,50.162200927734375,,1.59752357006073,562.0,0.0,
4716,ALG,0.0,0.0,0.0,0.0,30.47830390930176,,1.225141167640686,0.0,0.0,
4717,ALG,-1.0,0.0,562.0,0.0,47.00179672241211,,1.832081913948059,562.0,0.0,
4718,ALG,-1.0,0.0,562.0,0.0,12.681838989257812,,1.4395427703857422,562.0,0.0,
4719,ALG,-1.0,0.0,562.0,0.0,34.868797302246094,,1.368897795677185,562.0,0.0,
4720,ALG,-1.0,0.0,562.0,0.0,39.742923736572266,,1.3494728803634644,562.0,0.0,
4721,ALG,0.0,0.0,0.0,0.0,60.23537826538086,,2.311494827270508,0.0,0.0,
4722,ALG,-1.0,0.0,562.0,0.0,11.459821701049805,,1.9685829877853396,562.0,0.0,
4723,ALG,0.0,0.0,0.0,0.0,32.90299987792969,,1.3123503923416138,0.0,0.0,
4724,ALG,-1.0,0.0,562.0,0.0,41.52099609375,,1.435541749000549,562.0,0.0,
4725,ALG,-1.0,0.0,562.0,0.0,41.86307144165039,,2.114330291748047,562.0,0.0,
4726,ALG,-1.0,0.0,562.0,0.0,46.740684509277344,,1.769291877746582,562.0,0.0,
4727,ALG,-1.0,0.0,562.0,0.0,18.993135452270508,,1.118421196937561,562.0,0.0,
4728,ALG,-1.0,0.0,562.0,0.0,12.8199462890625,,1.102002501487732,562.0,0.0,
4729,ALG,-2.0,-1.0,562.0,1362.0,50.894630432128906,,1.7797516584396362,1473.3933622763475,765444.0,
4730,ALG,0.0,0.0,0.0,0.0,78.46697235107422,,5.969235420227051,0.0,0.0,
4731,ALG,2.0,1.0,562.0,1363.0,35.26948165893555,,1.5467103719711304,1474.3178083439134,766006.0,
4732,ALG,2.0,0.0,562.0,0.0,48.50693893432617,,1.6653063297271729,562.0,0.0,
4733,ALG,2.0,0.0,562.0,0.0,10.847415924072266,,1.125517725944519,562.0,0.0,
4734,ALG,2.0,0.0,562.0,0.0,14.212431907653809,,1.0590497255325315,562.0,0.0,
4735,ALG,2.0,0.0,562.0,0.0,21.71858024597168,,1.1018552780151367,562.0,0.0,
4736,ALG,2.0,0.0,562.0,0.0,32.488033294677734,,1.5269794464111328,562.0,0.0,
4737,ALG,2.0,0.0,562.0,0.0,46.1676139831543,,1.5229260921478271,562.0,0.0,
4738,ALG,2.0,0.0,562.0,0.0,20.341657638549805,,1.1299474239349363,562.0,0.0,
4739,ALG,2.0,0.0,562.0,0.0,19.39486122131348,,1.087135910987854,562.0,0.0,
4740,ALG,2.0,0.0,562.0,0.0,32.43810272216797,,1.200110912322998,562.0,0.0,
4741,ALG,2.0,0.0,562.0,0.0,37.35193634033203,,1.323878049850464,562.0,0.0,
4742,ALG,2.0,0.0,562.0,0.0,26.44195938110352,,1.1763296127319336,562.0,0.0,
4743,ALG,2.0,1.0,562.0,1363.0,56.41588592529297,,1.9459238052368164,1474.3178083439134,766006.0,
4744,ALG,1.0,0.0,562.0,0.0,73.80091857910156,,3.765945196151733,562.0,0.0,
4745,ALG,1.0,1.0,562.0,1363.0,65.1823959350586,,2.4733335971832275,1474.3178083439134,766006.0,
4746,ALG,2.0,1.0,562.0,1363.0,38.74942779541016,,1.361098289489746,1474.3178083439134,766006.0,
4747,ALG,0.0,1.0,0.0,1363.0,70.19526672363281,,3.1146721839904785,1363.0,0.0,
4748,ALG,0.0,1.0,0.0,1363.0,63.376102447509766,,3.483149290084839,1363.0,0.0,
4749,ALG,-2.0,-2.0,562.0,1362.0,70.46134185791016,,7.408131599426269,1473.3933622763475,765444.0,
4750,ALG,1.0,0.0,562.0,0.0,55.80413436889648,,3.266587495803833,562.0,0.0,
4751,ALG,3.0,1.0,562.0,1363.0,56.27437210083008,,1.9577269554138184,1474.3178083439134,766006.0,
4752,ALG,3.0,1.0,562.0,1363.0,49.274505615234375,,1.614975094795227,1474.3178083439134,766006.0,
4753,ALG,3.0,0.0,562.0,0.0,48.763145446777344,,1.5670593976974487,562.0,0.0,
4754,ALG,3.0,0.0,562.0,0.0,50.16574096679688,,1.613324761390686,562.0,0.0,
4755,ALG,3.0,0.0,562.0,0.0,50.84415817260742,,1.808764934539795,562.0,0.0,
4756,ALG,2.0,0.0,562.0,0.0,60.98014450073242,,3.793414831161499,562.0,0.0,
4757,ALG,1.0,0.0,562.0,0.0,73.17198181152344,,6.825850009918213,562.0,0.0,
4758,ALG,0.0,-1.0,0.0,1362.0,62.41242599487305,,3.9401700496673584,1362.0,0.0,
4759,ALG,1.0,1.0,562.0,1363.0,53.39728546142578,,1.8105475902557373,1474.3178083439134,766006.0,
4760,ALG,1.0,0.0,562.0,0.0,67.2843246459961,,2.768272399902344,562.0,0.0,
4761,ALG,2.0,1.0,562.0,1363.0,46.98745727539063,,1.579142928123474,1474.3178083439134,766006.0,
4762,ALG,2.0,1.0,562.0,1363.0,46.98745727539063,,1.579142928123474,1474.3178083439134,766006.0,
4763,ALG,1.0,1.0,562.0,1363.0,45.69799041748047,,1.491625189781189,1474.3178083439134,766006.0,
4764,ALG,1.0,1.0,562.0,1363.0,70.92205047607422,,4.815990447998047,1474.3178083439134,766006.0,
4765,ALG,-1.0,0.0,562.0,0.0,41.78190994262695,,1.9305649995803835,562.0,0.0,
4766,ALG,-1.0,0.0,562.0,0.0,7.365014553070068,,1.0220484733581543,562.0,0.0,
4767,ALG,-1.0,0.0,562.0,0.0,19.63284683227539,,1.0714259147644043,562.0,0.0,
4768,ALG,0.0,0.0,0.0,0.0,39.04301834106445,,1.3103501796722412,0.0,0.0,
4769,ALG,0.0,0.0,0.0,0.0,3.3135769367218018,,1.0158425569534302,0.0,0.0,
4770,ALG,1.0,0.0,562.0,0.0,8.487353324890137,,1.0153024196624756,562.0,0.0,
4771,ALG,0.0,0.0,0.0,0.0,39.21162796020508,,1.900810718536377,0.0,0.0,
4772,ALG,0.0,0.0,0.0,0.0,58.35652160644531,,2.4792299270629883,0.0,0.0,
4773,ALG,2.0,0.0,562.0,0.0,28.75392723083496,,1.2054178714752195,562.0,0.0,
4774,ALG,2.0,0.0,562.0,0.0,1.7434649467468262,,1.082866072654724,562.0,0.0,
4775,ALG,2.0,0.0,562.0,0.0,4.794060230255127,,1.0468806028366089,562.0,0.0,
4776,ALG,2.0,0.0,562.0,0.0,18.148181915283203,,1.181699514389038,562.0,0.0,
4777,ALG,2.0,1.0,562.0,1363.0,41.00727844238281,,1.4175214767456057,1474.3178083439134,766006.0,
4778,ALG,1.0,1.0,562.0,1363.0,74.59605407714844,,4.042762756347656,1474.3178083439134,766006.0,
4779,ALG,0.0,-1.0,0.0,1362.0,64.59371948242188,,2.6149067878723145,1362.0,0.0,
4780,ALG,0.0,0.0,0.0,0.0,1.3894712924957275,,1.0135303735733032,0.0,0.0,
4781,ALG,0.0,0.0,0.0,0.0,5.026756286621094,,1.005202293395996,0.0,0.0,
4782,ALG,0.0,0.0,0.0,0.0,3.527179479598999,,1.0026967525482178,0.0,0.0,
4783,ALG,0.0,0.0,0.0,0.0,1.4779953956604004,,1.0023891925811768,0.0,0.0,
4784,ALG,0.0,0.0,0.0,0.0,3.3739254474639893,,1.0029666423797607,0.0,0.0,
4785,ALG,0.0,0.0,0.0,0.0,3.121936082839966,,1.0034221410751345,0.0,0.0,
4786,ALG,0.0,0.0,0.0,0.0,2.069993257522583,,1.001301646232605,0.0,0.0,
4787,ALG,0.0,0.0,0.0,0.0,19.75555229187012,,1.0704156160354614,0.0,0.0,
4788,ALG,0.0,0.0,0.0,0.0,22.58750915527344,,1.0851725339889526,0.0,0.0,
4789,ALG,0.0,0.0,0.0,0.0,18.588459014892575,,1.065795660018921,0.0,0.0,
4790,ALG,1.0,0.0,562.0,0.0,6.7221527099609375,,1.0228168964385986,562.0,0.0,
4791,ALG,1.0,0.0,562.0,0.0,4.229260921478272,,1.032836675643921,562.0,0.0,
4792,ALG,0.0,0.0,0.0,0.0,21.834104537963867,,1.3057527542114258,0.0,0.0,
4793,ALG,0.0,0.0,0.0,0.0,28.44265365600586,,1.1554549932479858,0.0,0.0,
4794,ALG,0.0,0.0,0.0,0.0,3.238170862197876,,1.0048950910568235,0.0,0.0,
4795,ALG,0.0,0.0,0.0,0.0,1.0661685466766355,,1.0160311460494995,0.0,0.0,
4796,ALG,0.0,0.0,0.0,0.0,1.7843241691589355,,1.0025557279586792,0.0,0.0,
4797,ALG,0.0,0.0,0.0,0.0,5.511972904205322,,1.0156285762786863,0.0,0.0,
4798,ALG,0.0,0.0,0.0,0.0,1.0310066938400269,,1.0007976293563845,0.0,0.0,
4799,ALG,0.0,0.0,0.0,0.0,5.411221504211426,,1.0142230987548828,0.0,0.0,
4800,ALG,0.0,0.0,0.0,0.0,2.774192571640014,,1.0402926206588743,0.0,0.0,
4801,ALG,0.0,0.0,0.0,0.0,0.4839563071727752,,1.0057772397994995,0.0,0.0,
4802,ALG,0.0,0.0,0.0,0.0,5.588682174682617,,1.0197356939315796,0.0,0.0,
4803,ALG,0.0,0.0,0.0,0.0,9.657795906066896,,1.0187848806381226,0.0,0.0,
4804,ALG,0.0,0.0,0.0,0.0,1.1411112546920776,,1.017623782157898,0.0,0.0,
4805,ALG,0.0,0.0,0.0,0.0,3.778956651687622,,1.035702347755432,0.0,0.0,
4806,ALG,0.0,0.0,0.0,0.0,4.811301231384277,,1.0083450078964231,0.0,0.0,
4807,ALG,0.0,0.0,0.0,0.0,5.46320104598999,,1.0120081901550293,0.0,0.0,
4808,ALG,0.0,0.0,0.0,0.0,1.555266261100769,,1.001672863960266,0.0,0.0,
4809,ALG,0.0,0.0,0.0,0.0,1.8951005935668943,,1.0063618421554563,0.0,0.0,
4810,ALG,0.0,0.0,0.0,0.0,4.72212553024292,,1.006487250328064,0.0,0.0,
4811,ALG,0.0,0.0,0.0,0.0,3.995183944702149,,1.0035873651504517,0.0,0.0,
4812,ALG,0.0,0.0,0.0,0.0,1.6276051998138428,,1.0028629302978516,0.0,0.0,
4813,ALG,0.0,0.0,0.0,0.0,2.354745626449585,,1.0185664892196655,0.0,0.0,
4814,ALG,0.0,0.0,0.0,0.0,5.479923248291016,,1.0057578086853027,0.0,0.0,
4815,ALG,0.0,0.0,0.0,0.0,1.7381497621536257,,1.001940131187439,0.0,0.0,
4816,ALG,0.0,0.0,0.0,0.0,1.3375245332717896,,1.0021677017211914,0.0,0.0,
4817,ALG,0.0,0.0,0.0,0.0,0.9116181135177612,,1.001128315925598,0.0,0.0,
4818,ALG,0.0,0.0,0.0,0.0,9.313272476196287,,1.0498474836349487,0.0,0.0,
4819,ALG,0.0,0.0,0.0,0.0,1.7252442836761477,,1.0304526090621948,0.0,0.0,
4820,ALG,0.0,0.0,0.0,0.0,2.237064838409424,,1.0073436498641968,0.0,0.0,
4821,ALG,0.0,0.0,0.0,0.0,1.8245079517364504,,1.003970980644226,0.0,0.0,
4822,ALG,0.0,0.0,0.0,0.0,2.8871240615844727,,1.0048906803131104,0.0,0.0,
4823,ALG,0.0,0.0,0.0,0.0,4.257851123809815,,1.007953405380249,0.0,0.0,
4824,ALG,0.0,0.0,0.0,0.0,8.447630882263184,,1.0129882097244265,0.0,0.0,
4825,ALG,0.0,0.0,0.0,0.0,7.567634582519531,,1.0107334852218628,0.0,0.0,
4826,ALG,0.0,0.0,0.0,0.0,4.361777305603027,,1.0054181814193726,0.0,0.0,
4827,ALG,0.0,0.0,0.0,0.0,9.622983932495115,,1.015990138053894,0.0,0.0,
4828,ALG,0.0,0.0,0.0,0.0,3.330136775970459,,1.0038217306137085,0.0,0.0,
4829,ALG,0.0,0.0,0.0,0.0,3.710508823394776,,1.0103917121887207,0.0,0.0,
4830,ALG,0.0,0.0,0.0,0.0,17.76028060913086,,1.1959271430969238,0.0,0.0,
4831,ALG,1.0,0.0,562.0,0.0,45.07849884033203,,1.5877102613449097,562.0,0.0,
4832,ALG,1.0,0.0,562.0,0.0,33.30854415893555,,1.470295786857605,562.0,0.0,
4833,ALG,1.0,0.0,562.0,0.0,25.599285125732425,,1.1665464639663696,562.0,0.0,
4834,ALG,1.0,0.0,562.0,0.0,34.61638641357422,,1.4717551469802856,562.0,0.0,
4835,ALG,1.0,0.0,562.0,0.0,31.615373611450195,,1.1832040548324585,562.0,0.0,
4836,ALG,1.0,0.0,562.0,0.0,43.89950942993164,,1.5665514469146729,562.0,0.0,
4837,ALG,0.0,0.0,0.0,0.0,20.590478897094727,,1.2448965311050415,0.0,0.0,
4838,ALG,0.0,0.0,0.0,0.0,3.526632070541382,,1.0034180879592896,0.0,0.0,
4839,ALG,0.0,0.0,0.0,0.0,56.1717529296875,,2.1632637977600098,0.0,0.0,
4840,ALG,1.0,0.0,562.0,0.0,53.79888534545898,,1.748382568359375,562.0,0.0,
4841,ALG,0.0,0.0,0.0,0.0,59.78120803833008,,2.1037158966064453,0.0,0.0,
4842,ALG,0.0,0.0,0.0,0.0,34.25648880004883,,1.2940330505371094,0.0,0.0,
4843,ALG,0.0,0.0,0.0,0.0,43.58580780029297,,1.5659340620040894,0.0,0.0,
4844,ALG,0.0,-1.0,0.0,1362.0,53.78641891479492,,3.590110540390014,1362.0,0.0,
4845,ALG,0.0,0.0,0.0,0.0,27.382116317749023,,1.526160717010498,0.0,0.0,
4846,ALG,0.0,0.0,0.0,0.0,64.79678344726562,,2.4371135234832764,0.0,0.0,
4847,ALG,0.0,0.0,0.0,0.0,31.199438095092773,,1.1979070901870728,0.0,0.0,
4848,ALG,1.0,0.0,562.0,0.0,53.465797424316406,,1.7291404008865356,562.0,0.0,
4849,ALG,1.0,0.0,562.0,0.0,38.66888427734375,,1.3172335624694824,562.0,0.0,
4850,ALG,1.0,0.0,562.0,0.0,26.741106033325195,,1.1507192850112915,562.0,0.0,
4851,ALG,1.0,0.0,562.0,0.0,25.903152465820312,,1.1199973821640017,562.0,0.0,
4852,ALG,1.0,0.0,562.0,0.0,28.35915946960449,,1.1491007804870603,562.0,0.0,
4853,ALG,2.0,0.0,562.0,0.0,27.22356605529785,,1.1631264686584473,562.0,0.0,
4854,ALG,2.0,0.0,562.0,0.0,23.599483489990234,,1.2066248655319214,562.0,0.0,
4855,ALG,2.0,0.0,562.0,0.0,19.77676010131836,,1.1172332763671875,562.0,0.0,
4856,ALG,2.0,0.0,562.0,0.0,22.212820053100582,,1.1562612056732178,562.0,0.0,
4857,ALG,2.0,0.0,562.0,0.0,25.930849075317383,,1.1876120567321775,562.0,0.0,
4858,ALG,1.0,0.0,562.0,0.0,14.459712028503418,,1.1529089212417605,562.0,0.0,
4859,ALG,1.0,0.0,562.0,0.0,25.815086364746094,,1.5019056797027588,562.0,0.0,
4860,ALG,1.0,0.0,562.0,0.0,25.815086364746094,,1.5019056797027588,562.0,0.0,
4861,ALG,1.0,0.0,562.0,0.0,68.81771087646484,,3.337967872619629,562.0,0.0,
4862,ALG,0.0,0.0,0.0,0.0,10.77899169921875,,1.574928641319275,0.0,0.0,
4863,ALG,0.0,0.0,0.0,0.0,31.55609130859375,,1.1895653009414673,0.0,0.0,
4864,ALG,0.0,0.0,0.0,0.0,26.260404586791992,,1.1681476831436155,0.0,0.0,
4865,ALG,0.0,0.0,0.0,0.0,55.21433639526367,,1.8710510730743408,0.0,0.0,
4866,ALG,-1.0,0.0,562.0,0.0,33.18397903442383,,1.428273320198059,562.0,0.0,
4867,ALG,-1.0,0.0,562.0,0.0,18.14318084716797,,1.3084111213684082,562.0,0.0,
4868,ALG,-1.0,0.0,562.0,0.0,41.94434356689453,,1.6467053890228271,562.0,0.0,
4869,ALG,-1.0,0.0,562.0,0.0,14.37889575958252,,1.0743720531463623,562.0,0.0,
4870,ALG,-1.0,0.0,562.0,0.0,8.586155891418457,,1.0965975522994995,562.0,0.0,
4871,ALG,-1.0,0.0,562.0,0.0,62.7056884765625,,2.2945024967193604,562.0,0.0,
4872,ALG,0.0,0.0,0.0,0.0,27.35358238220215,,1.1310646533966064,0.0,0.0,
4873,ALG,1.0,0.0,562.0,0.0,19.382049560546875,,1.0811253786087036,562.0,0.0,
4874,ALG,0.0,0.0,0.0,0.0,43.24281692504883,,1.7451828718185425,0.0,0.0,
4875,ALG,-1.0,0.0,562.0,0.0,29.474308013916016,,1.2275928258895874,562.0,0.0,
4876,ALG,0.0,0.0,0.0,0.0,59.12515258789063,,2.021127700805664,0.0,0.0,
4877,ALG,1.0,1.0,562.0,1363.0,26.76763916015625,,1.1930311918258667,1474.3178083439134,766006.0,
4878,ALG,0.0,0.0,0.0,0.0,58.69294738769531,,1.998094081878662,0.0,0.0,
4879,ALG,-1.0,0.0,562.0,0.0,49.67147064208984,,2.060795545578003,562.0,0.0,
4880,ALG,0.0,1.0,0.0,1363.0,56.16614532470703,,2.071524381637573,1363.0,0.0,
4881,ALG,-1.0,-1.0,562.0,1362.0,52.99928283691406,,1.982097029685974,1473.3933622763475,765444.0,
4882,ALG,-1.0,0.0,562.0,0.0,57.91579055786133,,1.947002649307251,562.0,0.0,
4883,ALG,-2.0,0.0,562.0,0.0,10.053685188293455,,1.115905523300171,562.0,0.0,
4884,ALG,-1.0,0.0,562.0,0.0,63.89240646362305,,2.529366970062256,562.0,0.0,
4885,ALG,0.0,0.0,0.0,0.0,59.77008819580078,,2.272865533828736,0.0,0.0,
4886,ALG,0.0,1.0,0.0,1363.0,42.33930587768555,,1.5410875082015991,1363.0,0.0,
4887,ALG,-1.0,-1.0,562.0,1362.0,61.86319351196289,,2.373199224472046,1473.3933622763475,765444.0,
4888,ALG,1.0,1.0,562.0,1363.0,43.9556884765625,,1.595063090324402,1474.3178083439134,766006.0,
4889,ALG,0.0,0.0,0.0,0.0,73.29481506347656,,4.037197589874268,0.0,0.0,
4890,ALG,0.0,0.0,0.0,0.0,48.25428009033203,,1.8017646074295044,0.0,0.0,
4891,ALG,-2.0,-1.0,562.0,1362.0,27.48394775390625,,3.550833225250244,1473.3933622763475,765444.0,
4892,ALG,-1.0,0.0,562.0,0.0,35.24262237548828,,1.2333269119262695,562.0,0.0,
4893,ALG,-1.0,0.0,562.0,0.0,24.40204429626465,,1.1432485580444336,562.0,0.0,
4894,ALG,0.0,0.0,0.0,0.0,14.998658180236816,,1.122738242149353,0.0,0.0,
4895,ALG,-1.0,-1.0,562.0,1362.0,46.51424407958984,,1.976532340049744,1473.3933622763475,765444.0,
4896,ALG,-1.0,0.0,562.0,0.0,35.69692611694336,,1.6111314296722412,562.0,0.0,
4897,ALG,0.0,0.0,0.0,0.0,33.97738265991211,,2.6158525943756104,0.0,0.0,
4898,ALG,0.0,0.0,0.0,0.0,28.033246994018555,,1.1525719165802002,0.0,0.0,
4899,ALG,1.0,0.0,562.0,0.0,28.66206741333008,,1.1626689434051514,562.0,0.0,
4900,ALG,1.0,0.0,562.0,0.0,29.387496948242188,,1.1752535104751587,562.0,0.0,
4901,ALG,1.0,1.0,562.0,1363.0,43.99113082885742,,1.5865949392318726,1474.3178083439134,766006.0,
4902,ALG,-1.0,0.0,562.0,0.0,46.6534538269043,,1.741093993186951,562.0,0.0,
4903,ALG,0.0,0.0,0.0,0.0,25.501117706298828,,1.296331524848938,0.0,0.0,
4904,ALG,0.0,0.0,0.0,0.0,51.50020599365234,,1.6533643007278442,0.0,0.0,
4905,ALG,1.0,1.0,562.0,1363.0,26.059734344482425,,1.1951512098312378,1474.3178083439134,766006.0,
4906,ALG,0.0,0.0,0.0,0.0,57.02217864990234,,2.8623878955841064,0.0,0.0,
4907,ALG,-1.0,-1.0,562.0,1362.0,74.17890167236328,,4.897067546844482,1473.3933622763475,765444.0,
4908,ALG,0.0,0.0,0.0,0.0,56.24397277832031,,3.001049518585205,0.0,0.0,
4909,ALG,0.0,0.0,0.0,0.0,58.1920051574707,,2.563738346099853,0.0,0.0,
4910,ALG,1.0,0.0,562.0,0.0,48.48233795166016,,1.8924113512039185,562.0,0.0,
4911,ALG,1.0,1.0,562.0,1363.0,15.364168167114258,,1.152308464050293,1474.3178083439134,766006.0,
4912,ALG,1.0,0.0,562.0,0.0,32.41444778442383,,1.2023578882217407,562.0,0.0,
4913,ALG,1.0,0.0,562.0,0.0,62.06076049804688,,2.222551107406616,562.0,0.0,
4914,ALG,0.0,0.0,0.0,0.0,15.586905479431152,,1.338715434074402,0.0,0.0,
4915,ALG,1.0,0.0,562.0,0.0,29.349613189697266,,1.1957156658172607,562.0,0.0,
4916,ALG,1.0,0.0,562.0,0.0,26.41436767578125,,1.139589548110962,562.0,0.0,
4917,ALG,1.0,0.0,562.0,0.0,36.40940475463867,,1.2620068788528442,562.0,0.0,
4918,ALG,1.0,0.0,562.0,0.0,44.299278259277344,,1.4013354778289795,562.0,0.0,
4919,ALG,-1.0,-1.0,562.0,1362.0,46.27246475219727,,1.5616143941879272,1473.3933622763475,765444.0,
4920,ALG,-1.0,0.0,562.0,0.0,28.378337860107425,,1.1952437162399292,562.0,0.0,
4921,ALG,0.0,0.0,0.0,0.0,30.42503547668457,,1.5445553064346311,0.0,0.0,
4922,ALG,-1.0,0.0,562.0,0.0,37.64971923828125,,1.4766899347305298,562.0,0.0,
4923,ALG,0.0,0.0,0.0,0.0,41.2608757019043,,1.4449706077575684,0.0,0.0,
4924,ALG,-1.0,0.0,562.0,0.0,47.72568893432617,,1.5950874090194702,562.0,0.0,
4925,ALG,-1.0,0.0,562.0,0.0,39.56640625,,1.378525972366333,562.0,0.0,
4926,ALG,0.0,0.0,0.0,0.0,16.073144912719727,,1.0662294626235962,0.0,0.0,
4927,ALG,0.0,0.0,0.0,0.0,35.56932830810547,,1.2471867799758911,0.0,0.0,
4928,ALG,-1.0,0.0,562.0,0.0,18.905786514282227,,1.1410033702850342,562.0,0.0,
4929,ALG,-1.0,0.0,562.0,0.0,22.429168701171875,,1.376617431640625,562.0,0.0,
4930,ALG,0.0,0.0,0.0,0.0,62.12882995605469,,2.1908278465271,0.0,0.0,
4931,ALG,1.0,1.0,562.0,1363.0,31.301719665527344,,1.2867183685302734,1474.3178083439134,766006.0,
4932,ALG,0.0,0.0,0.0,0.0,25.37178421020508,,1.1642098426818848,0.0,0.0,
4933,ALG,0.0,0.0,0.0,0.0,24.818330764770508,,1.1655025482177734,0.0,0.0,
4934,ALG,0.0,0.0,0.0,0.0,39.21324157714844,,1.3795210123062134,0.0,0.0,
4935,ALG,0.0,0.0,0.0,0.0,36.1468505859375,,1.5836750268936155,0.0,0.0,
4936,ALG,0.0,0.0,0.0,0.0,17.008150100708008,,1.2142541408538818,0.0,0.0,
4937,ALG,0.0,0.0,0.0,0.0,14.78878688812256,,1.5473129749298096,0.0,0.0,
4938,ALG,0.0,0.0,0.0,0.0,40.98662567138672,,1.6135716438293457,0.0,0.0,
4939,ALG,0.0,0.0,0.0,0.0,46.0176010131836,,1.797634840011597,0.0,0.0,
4940,ALG,0.0,0.0,0.0,0.0,25.80154800415039,,1.4190754890441897,0.0,0.0,
4941,ALG,0.0,0.0,0.0,0.0,15.665885925292969,,1.207167387008667,0.0,0.0,
4942,ALG,0.0,0.0,0.0,0.0,39.40099334716797,,1.417707920074463,0.0,0.0,
4943,ALG,0.0,0.0,0.0,0.0,16.543222427368164,,1.061152696609497,0.0,0.0,
4944,ALG,-1.0,0.0,562.0,0.0,38.46918869018555,,1.668285250663757,562.0,0.0,
4945,ALG,0.0,0.0,0.0,0.0,61.26377487182617,,2.152637004852295,0.0,0.0,
4946,ALG,1.0,0.0,562.0,0.0,41.48259353637695,,1.3988765478134155,562.0,0.0,
4947,ALG,1.0,0.0,562.0,0.0,13.861589431762695,,3.0176644325256348,562.0,0.0,
4948,ALG,0.0,-1.0,0.0,1362.0,53.11885833740234,,3.562202453613281,1362.0,0.0,
4949,ALG,1.0,1.0,562.0,1363.0,53.37398910522461,,1.9415934085845947,1474.3178083439134,766006.0,
4950,ALG,1.0,1.0,562.0,1363.0,14.63933277130127,,1.2039793729782104,1474.3178083439134,766006.0,
4951,ALG,1.0,0.0,562.0,0.0,23.669214248657227,,1.1176400184631348,562.0,0.0,
4952,ALG,1.0,0.0,562.0,0.0,43.04562377929688,,1.4059672355651855,562.0,0.0,
4953,ALG,1.0,0.0,562.0,0.0,62.31608963012695,,2.5664565563201904,562.0,0.0,
4954,ALG,-1.0,-1.0,562.0,1362.0,31.82235717773437,,1.6578410863876345,1473.3933622763475,765444.0,
4955,ALG,-1.0,-1.0,562.0,1362.0,43.83042144775391,,2.0572454929351807,1473.3933622763475,765444.0,
4956,ALG,-1.0,0.0,562.0,0.0,23.600141525268555,,1.4208394289016724,562.0,0.0,
4957,ALG,-1.0,0.0,562.0,0.0,47.06480407714844,,1.840617656707764,562.0,0.0,
4958,ALG,-1.0,0.0,562.0,0.0,26.37676239013672,,1.194942831993103,562.0,0.0,
4959,ALG,-1.0,0.0,562.0,0.0,13.93925666809082,,1.5171740055084229,562.0,0.0,
4960,ALG,0.0,0.0,0.0,0.0,52.434417724609375,,1.9134026765823364,0.0,0.0,
4961,ALG,0.0,0.0,0.0,0.0,35.78227996826172,,1.3694250583648682,0.0,0.0,
4962,ALG,0.0,0.0,0.0,0.0,31.937864303588867,,1.312037706375122,0.0,0.0,
4963,ALG,0.0,0.0,0.0,0.0,15.2015962600708,,1.224138855934143,0.0,0.0,
4964,ALG,0.0,0.0,0.0,0.0,32.08966064453125,,1.2089440822601318,0.0,0.0,
4965,ALG,0.0,0.0,0.0,0.0,34.434688568115234,,1.313901424407959,0.0,0.0,
4966,ALG,0.0,0.0,0.0,0.0,14.071149826049805,,1.2152323722839355,0.0,0.0,
4967,ALG,0.0,0.0,0.0,0.0,62.77063751220703,,2.651294469833374,0.0,0.0,
4968,ALG,-1.0,-1.0,562.0,1362.0,64.83811950683594,,2.9442474842071533,1473.3933622763475,765444.0,
4969,ALG,-1.0,-1.0,562.0,1362.0,46.76922607421875,,2.3147103786468506,1473.3933622763475,765444.0,
4970,ALG,-1.0,-1.0,562.0,1362.0,37.89690017700195,,1.815391182899475,1473.3933622763475,765444.0,
4971,ALG,0.0,0.0,0.0,0.0,54.739723205566406,,2.001654624938965,0.0,0.0,
4972,ALG,0.0,0.0,0.0,0.0,44.6215705871582,,1.945423603057861,0.0,0.0,
4973,ALG,0.0,0.0,0.0,0.0,56.372066497802734,,1.9364652633666992,0.0,0.0,
4974,ALG,0.0,0.0,0.0,0.0,49.34764862060547,,2.3865132331848145,0.0,0.0,
4975,ALG,0.0,0.0,0.0,0.0,44.93108367919922,,1.4954986572265625,0.0,0.0,
4976,ALG,0.0,0.0,0.0,0.0,13.484735488891602,,1.294156193733215,0.0,0.0,
4977,ALG,0.0,0.0,0.0,0.0,19.29679298400879,,1.6094509363174438,0.0,0.0,
4978,ALG,0.0,0.0,0.0,0.0,32.85252380371094,,1.2479486465454102,0.0,0.0,
4979,ALG,1.0,0.0,562.0,0.0,59.75273895263672,,2.489859104156494,562.0,0.0,
4980,ALG,1.0,0.0,562.0,0.0,46.24926376342773,,1.55259907245636,562.0,0.0,
4981,ALG,0.0,0.0,0.0,0.0,65.37869262695312,,2.591411590576172,0.0,0.0,
4982,ALG,0.0,0.0,0.0,0.0,53.53343200683594,,1.8572052717208865,0.0,0.0,
4983,ALG,0.0,0.0,0.0,0.0,8.50327205657959,,1.4469363689422607,0.0,0.0,
4984,ALG,0.0,0.0,0.0,0.0,39.14911651611328,,1.381706476211548,0.0,0.0,
4985,ALG,0.0,0.0,0.0,0.0,47.9720458984375,,1.645026683807373,0.0,0.0,
4986,ALG,0.0,0.0,0.0,0.0,37.95547866821289,,1.3864679336547852,0.0,0.0,
4987,ALG,0.0,0.0,0.0,0.0,33.10315704345703,,1.296381592750549,0.0,0.0,
4988,ALG,0.0,0.0,0.0,0.0,27.813121795654297,,1.249290108680725,0.0,0.0,
4989,ALG,0.0,0.0,0.0,0.0,22.054140090942383,,1.4147993326187134,0.0,0.0,
4990,ALG,-1.0,0.0,562.0,0.0,16.337947845458984,,1.190849781036377,562.0,0.0,
4991,ALG,0.0,0.0,0.0,0.0,54.96116638183594,,1.9183827638626096,0.0,0.0,
4992,ALG,0.0,0.0,0.0,0.0,19.351993560791016,,1.2543516159057615,0.0,0.0,
4993,ALG,1.0,0.0,562.0,0.0,39.83365631103516,,1.3758959770202637,562.0,0.0,
4994,ALG,1.0,0.0,562.0,0.0,23.87265396118164,,1.1397254467010498,562.0,0.0,
4995,ALG,1.0,0.0,562.0,0.0,55.74093246459961,,2.7372360229492188,562.0,0.0,
4996,ALG,1.0,0.0,562.0,0.0,66.65032196044922,,3.845881938934326,562.0,0.0,
4997,ALG,1.0,0.0,562.0,0.0,17.45243263244629,,1.137201189994812,562.0,0.0,
4998,ALG,0.0,0.0,0.0,0.0,47.991512298583984,,1.587610363960266,0.0,0.0,
4999,ALG,0.0,0.0,0.0,0.0,29.949350357055664,,1.6370439529418943,0.0,0.0,
5000,ALG,0.0,0.0,0.0,0.0,5.704275131225586,,1.0732537508010864,0.0,0.0,
5001,ALG,0.0,0.0,0.0,0.0,11.70725154876709,,1.173315405845642,0.0,0.0,
5002,ALG,0.0,0.0,0.0,0.0,36.96088790893555,,1.6230615377426147,0.0,0.0,
5003,ALG,0.0,0.0,0.0,0.0,59.920684814453125,,2.2037675380706787,0.0,0.0,
5004,ALG,0.0,0.0,0.0,0.0,47.13362503051758,,1.6632062196731567,0.0,0.0,
5005,ALG,0.0,0.0,0.0,0.0,43.14011001586914,,1.3984241485595703,0.0,0.0,
5006,ALG,0.0,0.0,0.0,0.0,16.972349166870117,,1.1402732133865356,0.0,0.0,
5007,ALG,0.0,0.0,0.0,0.0,47.63856887817383,,2.074143648147583,0.0,0.0,
5008,ALG,0.0,0.0,0.0,0.0,35.0465087890625,,1.3927416801452637,0.0,0.0,
5009,ALG,-1.0,0.0,562.0,0.0,21.578081130981445,,1.375354528427124,562.0,0.0,
5010,ALG,0.0,0.0,0.0,0.0,6.95240592956543,,1.155988335609436,0.0,0.0,
5011,ALG,0.0,0.0,0.0,0.0,36.22417831420898,,1.4809422492980957,0.0,0.0,
5012,ALG,-1.0,0.0,562.0,0.0,41.51357650756836,,1.4682468175888062,562.0,0.0,
5013,ALG,-1.0,0.0,562.0,0.0,31.28667259216309,,1.306944489479065,562.0,0.0,
5014,ALG,-1.0,0.0,562.0,0.0,20.59210777282715,,1.5336166620254517,562.0,0.0,
5015,ALG,-1.0,0.0,562.0,0.0,17.265657424926758,,1.6087359189987185,562.0,0.0,
5016,ALG,-1.0,0.0,562.0,0.0,27.861085891723636,,1.5088815689086914,562.0,0.0,
5017,ALG,-1.0,0.0,562.0,0.0,33.122108459472656,,1.2971869707107544,562.0,0.0,
5018,ALG,-1.0,0.0,562.0,0.0,34.89680480957031,,1.4597660303115845,562.0,0.0,
5019,ALG,-1.0,0.0,562.0,0.0,51.77199935913086,,1.8338956832885744,562.0,0.0,
5020,ALG,-1.0,0.0,562.0,0.0,51.77199935913086,,1.8338956832885744,562.0,0.0,
5021,ALG,-1.0,0.0,562.0,0.0,51.77199935913086,,1.8338956832885744,562.0,0.0,
5022,ALG,-1.0,-1.0,562.0,1362.0,15.767762184143066,,1.3469678163528442,1473.3933622763475,765444.0,
5023,FMAT,0.0,0.0,0.0,0.0,7.035720348358154,,1.0084760189056396,0.0,0.0,
5024,FMAT,0.0,0.0,0.0,0.0,4.289538383483887,,1.0056227445602417,0.0,0.0,
5025,FMAT,0.0,0.0,0.0,0.0,3.416185140609741,,1.0116394758224487,0.0,0.0,
5026,FMAT,0.0,0.0,0.0,0.0,2.469909191131592,,1.0213817358016968,0.0,0.0,
5027,FMAT,0.0,0.0,0.0,0.0,5.10358190536499,,1.0158014297485352,0.0,0.0,
5028,FMAT,0.0,0.0,0.0,0.0,10.358457565307615,,1.050858736038208,0.0,0.0,
5029,FMAT,0.0,0.0,0.0,0.0,6.712719917297363,,1.039602518081665,0.0,0.0,
5030,FMAT,0.0,0.0,0.0,0.0,3.8286168575286874,,1.0155558586120603,0.0,0.0,
5031,FMAT,0.0,0.0,0.0,0.0,11.603814125061035,,1.034393548965454,0.0,0.0,
5032,FMAT,0.0,0.0,0.0,0.0,6.313450336456299,,1.0243107080459597,0.0,0.0,
5033,FMAT,0.0,0.0,0.0,0.0,9.063401222229004,,1.0567114353179932,0.0,0.0,
5034,FMAT,0.0,0.0,0.0,0.0,10.23640251159668,,1.0201115608215332,0.0,0.0,
5035,FMAT,0.0,0.0,0.0,0.0,8.26784896850586,,1.0305466651916504,0.0,0.0,
5036,FMAT,0.0,0.0,0.0,0.0,4.62907600402832,,1.0672521591186523,0.0,0.0,
5037,FMAT,0.0,0.0,0.0,0.0,5.173734188079834,,1.0058200359344482,0.0,0.0,
5038,FMAT,0.0,0.0,0.0,0.0,1.2475121021270752,,1.0028473138809204,0.0,0.0,
5039,FMAT,0.0,0.0,0.0,0.0,5.087918281555176,,1.0072731971740725,0.0,0.0,
5040,FMAT,0.0,0.0,0.0,0.0,6.5727081298828125,,1.0430892705917358,0.0,0.0,
5041,FMAT,0.0,0.0,0.0,0.0,4.093616008758545,,1.0345913171768188,0.0,0.0,
5042,FMAT,0.0,0.0,0.0,0.0,4.644418716430664,,1.0341308116912842,0.0,0.0,
5043,FMAT,0.0,0.0,0.0,0.0,9.931415557861328,,1.0764704942703247,0.0,0.0,
5044,FMAT,0.0,0.0,0.0,0.0,10.26860237121582,,1.0473275184631348,0.0,0.0,
5045,FMAT,0.0,0.0,0.0,0.0,7.129495143890381,,1.0245128870010376,0.0,0.0,
5046,FMAT,0.0,0.0,0.0,0.0,0.8079324960708618,,1.0096120834350586,0.0,0.0,
5047,FMAT,0.0,0.0,0.0,0.0,2.948903560638428,,1.0084002017974854,0.0,0.0,
5048,FMAT,0.0,0.0,0.0,0.0,5.495585441589356,,1.029022455215454,0.0,0.0,
5049,FMAT,0.0,0.0,0.0,0.0,8.862324714660645,,1.0176262855529783,0.0,0.0,
5050,FMAT,0.0,0.0,0.0,0.0,8.37787914276123,,1.0199612379074097,0.0,0.0,
5051,FMAT,0.0,0.0,0.0,0.0,7.238275527954102,,1.0174626111984253,0.0,0.0,
5052,FMAT,0.0,0.0,0.0,0.0,11.023641586303713,,1.0688844919204712,0.0,0.0,
5053,FMAT,0.0,0.0,0.0,0.0,2.12141489982605,,1.0297775268554688,0.0,0.0,
5054,FMAT,0.0,0.0,0.0,0.0,4.747896671295166,,1.005616307258606,0.0,0.0,
5055,FMAT,0.0,0.0,0.0,0.0,3.970950126647949,,1.0246609449386597,0.0,0.0,
5056,FMAT,0.0,0.0,0.0,0.0,8.761096954345703,,1.0306127071380615,0.0,0.0,
5057,FMAT,0.0,0.0,0.0,0.0,3.587677478790283,,1.0145431756973269,0.0,0.0,
5058,FMAT,0.0,0.0,0.0,0.0,0.1366445124149322,,1.0411607027053833,0.0,0.0,
5059,FMAT,0.0,0.0,0.0,0.0,2.9360382556915283,,1.0224642753601074,0.0,0.0,
5060,FMAT,0.0,0.0,0.0,0.0,5.631228446960449,,1.0109305381774902,0.0,0.0,
5061,FMAT,0.0,0.0,0.0,0.0,2.2631685733795166,,1.008252739906311,0.0,0.0,
5062,FMAT,0.0,0.0,0.0,0.0,5.723004341125488,,1.0146963596343994,0.0,0.0,
5063,FMAT,0.0,0.0,0.0,0.0,2.763242721557617,,1.0091904401779177,0.0,0.0,
5064,FMAT,0.0,0.0,0.0,0.0,0.7363846898078918,,1.0062518119812012,0.0,0.0,
5065,FMAT,0.0,0.0,0.0,0.0,5.798978805541992,,1.03162944316864,0.0,0.0,
5066,FMAT,0.0,0.0,0.0,0.0,11.236576080322266,,1.042532205581665,0.0,0.0,
5067,FMAT,0.0,0.0,0.0,0.0,4.97698974609375,,1.0342838764190674,0.0,0.0,
5068,FMAT,0.0,0.0,0.0,0.0,11.064231872558594,,1.0271766185760498,0.0,0.0,
5069,FMAT,0.0,0.0,0.0,0.0,6.0704121589660645,,1.0189790725708008,0.0,0.0,
5070,FMAT,0.0,0.0,0.0,0.0,3.389209747314453,,1.011287808418274,0.0,0.0,
5071,FMAT,0.0,0.0,0.0,0.0,8.056830406188965,,1.0372593402862549,0.0,0.0,
5072,FMAT,0.0,0.0,0.0,0.0,7.1842474937438965,,1.0120785236358645,0.0,0.0,
5073,FMAT,0.0,0.0,0.0,0.0,10.226737022399902,,1.0277328491210938,0.0,0.0,
5074,FMAT,0.0,0.0,0.0,0.0,7.776642322540283,,1.0286498069763184,0.0,0.0,
5075,FMAT,0.0,0.0,0.0,0.0,3.748268842697144,,1.012883186340332,0.0,0.0,
5076,FMAT,0.0,0.0,0.0,0.0,14.474020957946776,,1.0443878173828125,0.0,0.0,
5077,FMAT,0.0,0.0,0.0,0.0,3.941072225570679,,1.025641918182373,0.0,0.0,
5078,FMAT,0.0,0.0,0.0,0.0,5.867946624755859,,1.0164421796798706,0.0,0.0,
5079,FMAT,0.0,0.0,0.0,0.0,6.706664085388184,,1.0324692726135254,0.0,0.0,
5080,FMAT,0.0,0.0,0.0,0.0,2.80038857460022,,1.0362547636032104,0.0,0.0,
5081,FMAT,0.0,0.0,0.0,0.0,2.673457384109497,,1.031467318534851,0.0,0.0,
5082,FMAT,0.0,0.0,0.0,0.0,9.073102951049805,,1.0444989204406738,0.0,0.0,
5083,FMAT,0.0,0.0,0.0,0.0,10.911785125732422,,1.038543939590454,0.0,0.0,
5084,FMAT,0.0,0.0,0.0,0.0,4.514500617980957,,1.016280174255371,0.0,0.0,
5085,FMAT,0.0,0.0,0.0,0.0,10.700282096862791,,1.0210988521575928,0.0,0.0,
5086,FMAT,0.0,0.0,0.0,0.0,8.473316192626953,,1.0143507719039917,0.0,0.0,
5087,FMAT,0.0,0.0,0.0,0.0,7.406680107116699,,1.0117948055267334,0.0,0.0,
5088,FMAT,0.0,0.0,0.0,0.0,7.387765407562256,,1.0517507791519165,0.0,0.0,
5089,FMAT,0.0,0.0,0.0,0.0,1.7216604948043823,,1.027652621269226,0.0,0.0,
5090,FMAT,0.0,0.0,0.0,0.0,12.022278785705566,,1.0949395895004272,0.0,0.0,
5091,FMAT,0.0,0.0,0.0,0.0,7.20045804977417,,1.024502873420715,0.0,0.0,
5092,FMAT,0.0,0.0,0.0,0.0,5.5940470695495605,,1.0100102424621582,0.0,0.0,
5093,FMAT,0.0,0.0,0.0,0.0,0.5209688544273376,,1.0080875158309937,0.0,0.0,
5094,FMAT,0.0,0.0,0.0,0.0,5.585325241088867,,1.0097895860671997,0.0,0.0,
5095,FMAT,0.0,0.0,0.0,0.0,5.255789279937744,,1.0074048042297363,0.0,0.0,
5096,FMAT,0.0,0.0,0.0,0.0,7.654854774475098,,1.0319433212280271,0.0,0.0,
5097,FMAT,0.0,0.0,0.0,0.0,9.085110664367676,,1.027875900268555,0.0,0.0,
5098,FMAT,0.0,0.0,0.0,0.0,5.678793430328369,,1.0179972648620603,0.0,0.0,
5099,FMAT,0.0,0.0,0.0,0.0,7.742231369018555,,1.0220420360565186,0.0,0.0,
5100,FMAT,0.0,0.0,0.0,0.0,15.580886840820312,,1.1193822622299194,0.0,0.0,
5101,FMAT,0.0,0.0,0.0,0.0,13.024813652038574,,1.0696715116500854,0.0,0.0,
5102,FMAT,0.0,0.0,0.0,0.0,7.727485656738281,,1.0186153650283811,0.0,0.0,
5103,FMAT,0.0,0.0,0.0,0.0,6.326163768768311,,1.008973479270935,0.0,0.0,
5104,FMAT,0.0,0.0,0.0,0.0,5.983767509460449,,1.0224851369857788,0.0,0.0,
5105,FMAT,0.0,0.0,0.0,0.0,3.46174955368042,,1.0120621919631958,0.0,0.0,
5106,FMAT,0.0,0.0,0.0,0.0,5.542751789093018,,1.0187488794326782,0.0,0.0,
5107,FMAT,0.0,0.0,0.0,0.0,6.333484172821045,,1.0111775398254397,0.0,0.0,
5108,FMAT,0.0,0.0,0.0,0.0,7.291104793548584,,1.0094748735427856,0.0,0.0,
5109,FMAT,0.0,0.0,0.0,0.0,7.133777618408203,,1.0084947347640991,0.0,0.0,
5110,FMAT,0.0,0.0,0.0,0.0,8.281993865966797,,1.0352410078048706,0.0,0.0,
5111,FMAT,0.0,0.0,0.0,0.0,3.103440523147583,,1.007391095161438,0.0,0.0,
5112,FMAT,0.0,0.0,0.0,0.0,4.4248151779174805,,1.0147432088851929,0.0,0.0,
5113,FMAT,0.0,0.0,0.0,0.0,9.14738655090332,,1.0313093662261963,0.0,0.0,
5114,FMAT,0.0,0.0,0.0,0.0,8.690855979919434,,1.038441777229309,0.0,0.0,
5115,FMAT,0.0,0.0,0.0,0.0,1.895951509475708,,1.0219573974609375,0.0,0.0,
5116,FMAT,0.0,0.0,0.0,0.0,12.814495086669922,,1.07052743434906,0.0,0.0,
5117,FMAT,0.0,0.0,0.0,0.0,5.218810558319092,,1.016535997390747,0.0,0.0,
5118,FMAT,0.0,0.0,0.0,0.0,1.4655003547668457,,1.00224506855011,0.0,0.0,
5119,FMAT,0.0,0.0,0.0,0.0,4.738186836242676,,1.0146291255950928,0.0,0.0,
5120,FMAT,0.0,0.0,0.0,0.0,3.792623519897461,,1.0098276138305664,0.0,0.0,
5121,FMAT,0.0,0.0,0.0,0.0,4.0210442543029785,,1.0080578327178955,0.0,0.0,
5122,FMAT,0.0,0.0,0.0,0.0,6.759208679199219,,1.0540467500686646,0.0,0.0,
5123,FMAT,0.0,0.0,0.0,0.0,4.11702299118042,,1.0064889192581177,0.0,0.0,
5124,FMAT,0.0,0.0,0.0,0.0,2.8295934200286865,,1.0272690057754517,0.0,0.0,
5125,FMAT,0.0,0.0,0.0,0.0,2.6674976348876958,,1.0036803483963013,0.0,0.0,
5126,FMAT,0.0,0.0,0.0,0.0,5.126053810119629,,1.020524978637695,0.0,0.0,
5127,FMAT,0.0,0.0,0.0,0.0,9.770828247070312,,1.0266379117965698,0.0,0.0,
5128,FMAT,0.0,0.0,0.0,0.0,2.070415735244751,,1.0072715282440186,0.0,0.0,
5129,FMAT,0.0,0.0,0.0,0.0,4.892653465270996,,1.013170599937439,0.0,0.0,
5130,FMAT,0.0,0.0,0.0,0.0,8.800544738769531,,1.0291905403137207,0.0,0.0,
5131,FMAT,0.0,0.0,0.0,0.0,5.260233879089356,,1.023067831993103,0.0,0.0,
5132,FMAT,0.0,0.0,0.0,0.0,1.665940284729004,,1.016061305999756,0.0,0.0,
5133,FMAT,0.0,0.0,0.0,0.0,8.060530662536621,,1.01527202129364,0.0,0.0,
5134,FMAT,0.0,0.0,0.0,0.0,4.657720565795898,,1.0069648027420044,0.0,0.0,
5135,FMAT,0.0,0.0,0.0,0.0,5.219022274017334,,1.0078569650650024,0.0,0.0,
5136,FMAT,0.0,0.0,0.0,0.0,4.37562370300293,,1.008330464363098,0.0,0.0,
5137,FMAT,0.0,0.0,0.0,0.0,3.2381820678710938,,1.0046029090881348,0.0,0.0,
5138,FMAT,0.0,0.0,0.0,0.0,6.226108551025391,,1.007429599761963,0.0,0.0,
5139,FMAT,0.0,0.0,0.0,0.0,5.946300029754639,,1.0153731107711792,0.0,0.0,
5140,FMAT,0.0,0.0,0.0,0.0,1.318368911743164,,1.0033423900604248,0.0,0.0,
5141,FMAT,0.0,0.0,0.0,0.0,2.8492190837860107,,1.0029335021972656,0.0,0.0,
5142,FMAT,0.0,0.0,0.0,0.0,11.417520523071287,,1.0264921188354492,0.0,0.0,
5143,FMAT,0.0,0.0,0.0,0.0,7.349821090698242,,1.0390043258666992,0.0,0.0,
5144,FMAT,0.0,0.0,0.0,0.0,3.360756158828736,,1.0089833736419678,0.0,0.0,
5145,FMAT,0.0,0.0,0.0,0.0,12.501389503479004,,1.0338761806488037,0.0,0.0,
5146,FMAT,0.0,0.0,0.0,0.0,4.020224094390869,,1.0286623239517212,0.0,0.0,
5147,FMAT,0.0,0.0,0.0,0.0,0.769396960735321,,1.066353678703308,0.0,0.0,
5148,FMAT,0.0,0.0,0.0,0.0,20.295433044433597,,1.0874342918395996,0.0,0.0,
5149,FMAT,0.0,0.0,0.0,0.0,4.443111419677734,,1.00842547416687,0.0,0.0,
5150,FMAT,0.0,0.0,0.0,0.0,1.1676934957504272,,1.003958225250244,0.0,0.0,
5151,FMAT,0.0,0.0,0.0,0.0,2.5930871963500977,,1.00457501411438,0.0,0.0,
5152,FMAT,0.0,0.0,0.0,0.0,15.1920804977417,,1.0728703737258911,0.0,0.0,
5153,FMAT,0.0,0.0,0.0,0.0,5.406377792358398,,1.0219852924346924,0.0,0.0,
5154,FMAT,0.0,0.0,0.0,0.0,8.303037643432617,,1.0209466218948364,0.0,0.0,
5155,FMAT,0.0,0.0,0.0,0.0,10.295537948608398,,1.0674269199371338,0.0,0.0,
5156,FMAT,0.0,0.0,0.0,0.0,10.747846603393556,,1.0620813369750977,0.0,0.0,
5157,FMAT,0.0,0.0,0.0,0.0,4.185609817504883,,1.0643614530563354,0.0,0.0,
5158,FMAT,0.0,0.0,0.0,0.0,6.595613956451416,,1.0345810651779177,0.0,0.0,
5159,FMAT,0.0,0.0,0.0,0.0,11.36069679260254,,1.141263723373413,0.0,0.0,
5160,FMAT,0.0,0.0,0.0,0.0,12.455029487609863,,1.053391695022583,0.0,0.0,
5161,FMAT,0.0,0.0,0.0,0.0,9.600459098815918,,1.0425606966018677,0.0,0.0,
5162,FMAT,0.0,0.0,0.0,0.0,12.587912559509276,,1.0800395011901855,0.0,0.0,
5163,FMAT,0.0,0.0,0.0,0.0,4.558998107910156,,1.0518956184387207,0.0,0.0,
5164,FMAT,0.0,0.0,0.0,0.0,5.026331901550293,,1.0980470180511477,0.0,0.0,
5165,FMAT,0.0,0.0,0.0,0.0,13.026734352111816,,1.2003445625305176,0.0,0.0,
5166,FMAT,0.0,0.0,0.0,0.0,11.806657791137695,,1.054831862449646,0.0,0.0,
5167,FMAT,0.0,0.0,0.0,0.0,13.831424713134766,,1.0990967750549316,0.0,0.0,
5168,FMAT,0.0,0.0,0.0,0.0,2.5333168506622314,,1.0224320888519287,0.0,0.0,
5169,FMAT,0.0,0.0,0.0,0.0,8.128124237060547,,1.0184710025787354,0.0,0.0,
5170,FMAT,0.0,0.0,0.0,0.0,13.345989227294922,,1.0637255907058716,0.0,0.0,
5171,FMAT,0.0,0.0,0.0,0.0,3.4555344581604004,,1.009004831314087,0.0,0.0,
5172,FMAT,0.0,0.0,0.0,0.0,3.1972436904907227,,1.0036107301712036,0.0,0.0,
5173,FMAT,0.0,0.0,0.0,0.0,5.226296424865723,,1.01936674118042,0.0,0.0,
5174,FMAT,0.0,0.0,0.0,0.0,5.2570109367370605,,1.031584620475769,0.0,0.0,
5175,FMAT,0.0,0.0,0.0,0.0,5.160029411315918,,1.0339140892028809,0.0,0.0,
5176,FMAT,0.0,0.0,0.0,0.0,5.165030956268311,,1.077472448348999,0.0,0.0,
5177,FMAT,0.0,0.0,0.0,0.0,3.808108568191528,,1.030893325805664,0.0,0.0,
5178,FMAT,0.0,0.0,0.0,0.0,8.273951530456543,,1.028227686882019,0.0,0.0,
5179,FMAT,0.0,0.0,0.0,0.0,4.0566277503967285,,1.0543920993804932,0.0,0.0,
5180,FMAT,0.0,0.0,0.0,0.0,4.537070274353027,,1.0830098390579224,0.0,0.0,
5181,FMAT,0.0,0.0,0.0,0.0,7.484876155853271,,1.0475915670394895,0.0,0.0,
5182,FMAT,0.0,0.0,0.0,0.0,1.020509123802185,,1.0262724161148071,0.0,0.0,
5183,FMAT,0.0,0.0,0.0,0.0,8.37158489227295,,1.0208927392959597,0.0,0.0,
5184,FMAT,0.0,0.0,0.0,0.0,4.822292804718018,,1.0324382781982422,0.0,0.0,
5185,FMAT,0.0,0.0,0.0,0.0,3.176119089126587,,1.0059138536453247,0.0,0.0,
5186,FMAT,0.0,0.0,0.0,0.0,5.639774322509766,,1.0157091617584229,0.0,0.0,
5187,FMAT,0.0,0.0,0.0,0.0,8.012031555175781,,1.0184260606765747,0.0,0.0,
5188,FMAT,0.0,0.0,0.0,0.0,9.848490715026855,,1.043626308441162,0.0,0.0,
5189,FMAT,0.0,0.0,0.0,0.0,8.993380546569824,,1.0262800455093384,0.0,0.0,
5190,FMAT,0.0,0.0,0.0,0.0,11.16713809967041,,1.0306555032730105,0.0,0.0,
5191,FMAT,0.0,0.0,0.0,0.0,2.1556856632232666,,1.0149340629577637,0.0,0.0,
5192,FMAT,0.0,0.0,0.0,0.0,5.950809001922607,,1.0177797079086304,0.0,0.0,
5193,FMAT,0.0,0.0,0.0,0.0,4.357135772705078,,1.0049948692321775,0.0,0.0,
5194,FMAT,0.0,0.0,0.0,0.0,2.0173628330230717,,1.0372997522354126,0.0,0.0,
5195,FMAT,0.0,0.0,0.0,0.0,5.6009440422058105,,1.0152702331542969,0.0,0.0,
5196,FMAT,0.0,0.0,0.0,0.0,1.5955779552459717,,1.0196356773376465,0.0,0.0,
5197,FMAT,0.0,0.0,0.0,0.0,2.8045833110809326,,1.0040864944458008,0.0,0.0,
5198,FMAT,0.0,0.0,0.0,0.0,3.648149013519287,,1.082289457321167,0.0,0.0,
5199,FMAT,0.0,0.0,0.0,0.0,5.268462181091309,,1.0061603784561155,0.0,0.0,
5200,FMAT,0.0,0.0,0.0,0.0,3.1965272426605225,,1.0130935907363892,0.0,0.0,
5201,FMAT,0.0,0.0,0.0,0.0,8.572938919067383,,1.0348474979400637,0.0,0.0,
5202,FMAT,0.0,0.0,0.0,0.0,4.974172115325928,,1.0330891609191897,0.0,0.0,
5203,FMAT,0.0,0.0,0.0,0.0,7.840310573577881,,1.0396718978881836,0.0,0.0,
5204,FMAT,0.0,0.0,0.0,0.0,1.9116814136505127,,1.0240238904953003,0.0,0.0,
5205,FMAT,0.0,0.0,0.0,0.0,3.723324775695801,,1.0152361392974854,0.0,0.0,
5206,FMAT,0.0,0.0,0.0,0.0,5.950818538665772,,1.027937889099121,0.0,0.0,
5207,FMAT,0.0,0.0,0.0,0.0,11.437122344970703,,1.0557478666305542,0.0,0.0,
5208,FMAT,0.0,0.0,0.0,0.0,10.72617530822754,,1.0375977754592896,0.0,0.0,
5209,FMAT,0.0,0.0,0.0,0.0,7.663136005401611,,1.0403891801834106,0.0,0.0,
5210,FMAT,0.0,0.0,0.0,0.0,4.640029430389404,,1.013147234916687,0.0,0.0,
5211,FMAT,0.0,0.0,0.0,0.0,4.223274230957031,,1.0252026319503784,0.0,0.0,
5212,FMAT,0.0,0.0,0.0,0.0,7.47352933883667,,1.0304651260375977,0.0,0.0,
5213,FMAT,0.0,0.0,0.0,0.0,2.773653030395508,,1.0252609252929688,0.0,0.0,
5214,FMAT,0.0,0.0,0.0,0.0,4.508429050445557,,1.0187225341796875,0.0,0.0,
5215,FMAT,0.0,0.0,0.0,0.0,7.882069110870361,,1.0374139547348022,0.0,0.0,
5216,FMAT,0.0,0.0,0.0,0.0,9.48421859741211,,1.0318639278411863,0.0,0.0,
5217,FMAT,0.0,0.0,0.0,0.0,4.758567810058594,,1.054296612739563,0.0,0.0,
5218,FMAT,0.0,0.0,0.0,0.0,10.971562385559082,,1.0614492893218994,0.0,0.0,
5219,FMAT,0.0,0.0,0.0,0.0,9.67569351196289,,1.053264856338501,0.0,0.0,
5220,FMAT,0.0,0.0,0.0,0.0,9.19887638092041,,1.1282798051834106,0.0,0.0,
5221,FMAT,0.0,0.0,0.0,0.0,6.887415409088135,,1.0306121110916138,0.0,0.0,
5222,FMAT,0.0,0.0,0.0,0.0,3.848332405090332,,1.049244403839111,0.0,0.0,
5223,FMAT,0.0,0.0,0.0,0.0,9.162108421325684,,1.0436865091323853,0.0,0.0,
5224,FMAT,0.0,0.0,0.0,0.0,5.987521648406982,,1.0452852249145508,0.0,0.0,
5225,FMAT,0.0,0.0,0.0,0.0,9.00589656829834,,1.055164456367493,0.0,0.0,
5226,FMAT,0.0,0.0,0.0,0.0,3.636460065841675,,1.0652858018875122,0.0,0.0,
5227,FMAT,0.0,0.0,0.0,0.0,1.4776828289031982,,1.008602499961853,0.0,0.0,
5228,FMAT,0.0,0.0,0.0,0.0,5.848588943481445,,1.0450176000595093,0.0,0.0,
5229,FMAT,0.0,0.0,0.0,0.0,5.7696733474731445,,1.0360934734344482,0.0,0.0,
5230,FMAT,0.0,0.0,0.0,0.0,5.793454170227051,,1.0243395566940308,0.0,0.0,
5231,FMAT,0.0,0.0,0.0,0.0,4.776447772979736,,1.0950151681900024,0.0,0.0,
5232,FMAT,0.0,0.0,0.0,0.0,9.009455680847168,,1.0423022508621216,0.0,0.0,
5233,FMAT,0.0,0.0,0.0,0.0,8.086204528808594,,1.0432759523391724,0.0,0.0,
5234,FMAT,0.0,0.0,0.0,0.0,6.6578369140625,,1.0227434635162354,0.0,0.0,
5235,FMAT,0.0,0.0,0.0,0.0,5.187419891357422,,1.0429649353027344,0.0,0.0,
5236,FMAT,0.0,0.0,0.0,0.0,6.926594734191895,,1.040453314781189,0.0,0.0,
5237,FMAT,0.0,0.0,0.0,0.0,1.7504210472106934,,1.028770923614502,0.0,0.0,
5238,FMAT,0.0,0.0,0.0,0.0,7.831731796264648,,1.074005126953125,0.0,0.0,
5239,FMAT,0.0,0.0,0.0,0.0,6.413743019104004,,1.02858567237854,0.0,0.0,
5240,FMAT,0.0,0.0,0.0,0.0,3.247537136077881,,1.045741319656372,0.0,0.0,
5241,FMAT,0.0,0.0,0.0,0.0,4.938399314880371,,1.0370452404022217,0.0,0.0,
5242,FMAT,0.0,0.0,0.0,0.0,9.836495399475098,,1.0662543773651123,0.0,0.0,
5243,FMAT,0.0,0.0,0.0,0.0,5.297952175140381,,1.0351208448410034,0.0,0.0,
5244,FMAT,0.0,0.0,0.0,0.0,7.721185684204102,,1.0807400941848757,0.0,0.0,
5245,FMAT,0.0,0.0,0.0,0.0,9.819331169128418,,1.0248945951461792,0.0,0.0,
5246,FMAT,0.0,0.0,0.0,0.0,3.822022199630737,,1.009428858757019,0.0,0.0,
5247,FMAT,0.0,0.0,0.0,0.0,6.44386100769043,,1.0143797397613523,0.0,0.0,
5248,FMAT,0.0,0.0,0.0,0.0,16.6387882232666,,1.0953506231307983,0.0,0.0,
5249,FMAT,0.0,0.0,0.0,0.0,7.601242065429687,,1.06905198097229,0.0,0.0,
5250,FMAT,0.0,0.0,0.0,0.0,1.877140045166016,,1.0189265012741089,0.0,0.0,
5251,FMAT,0.0,0.0,0.0,0.0,14.459554672241213,,1.0670804977416992,0.0,0.0,
5252,FMAT,0.0,0.0,0.0,0.0,14.01192855834961,,1.0403950214385986,0.0,0.0,
5253,FMAT,0.0,0.0,0.0,0.0,10.94007968902588,,1.041015625,0.0,0.0,
5254,FMAT,0.0,0.0,0.0,0.0,6.839117527008057,,1.054020881652832,0.0,0.0,
5255,FMAT,0.0,0.0,0.0,0.0,5.174509048461914,,1.0612014532089231,0.0,0.0,
5256,FMAT,0.0,0.0,0.0,0.0,11.896838188171388,,1.0845941305160522,0.0,0.0,
5257,FMAT,0.0,0.0,0.0,0.0,2.0812113285064697,,1.02905011177063,0.0,0.0,
5258,FMAT,0.0,0.0,0.0,0.0,0.7245028018951416,,1.0286736488342283,0.0,0.0,
5259,FMAT,0.0,0.0,0.0,0.0,0.5804837942123413,,1.0450447797775269,0.0,0.0,
5260,FMAT,0.0,0.0,0.0,0.0,12.05626392364502,,1.076501488685608,0.0,0.0,
5261,FMAT,0.0,0.0,0.0,0.0,7.157200813293457,,1.0747581720352173,0.0,0.0,
5262,FMAT,0.0,0.0,0.0,0.0,4.829133033752441,,1.0468497276306152,0.0,0.0,
5263,FMAT,0.0,0.0,0.0,0.0,5.0718770027160645,,1.122128963470459,0.0,0.0,
5264,FMAT,0.0,0.0,0.0,0.0,8.586204528808594,,1.0309603214263916,0.0,0.0,
5265,FMAT,0.0,0.0,0.0,0.0,15.79098415374756,,1.0735297203063965,0.0,0.0,
5266,FMAT,0.0,0.0,0.0,0.0,12.116485595703123,,1.037995457649231,0.0,0.0,
5267,FMAT,0.0,0.0,0.0,0.0,12.530913352966309,,1.0531864166259766,0.0,0.0,
5268,FMAT,0.0,0.0,0.0,0.0,8.808789253234863,,1.0911238193511963,0.0,0.0,
5269,FMAT,0.0,0.0,0.0,0.0,4.26693868637085,,1.0720397233963013,0.0,0.0,
5270,FMAT,0.0,0.0,0.0,0.0,11.623735427856444,,1.0617769956588743,0.0,0.0,
5271,FMAT,0.0,0.0,0.0,0.0,3.715057134628296,,1.0125652551651,0.0,0.0,
5272,FMAT,0.0,0.0,0.0,0.0,1.4969793558120728,,1.0487958192825315,0.0,0.0,
5273,FMAT,0.0,0.0,0.0,0.0,6.562988758087158,,1.033916473388672,0.0,0.0,
5274,FMAT,0.0,0.0,0.0,0.0,6.369196891784668,,1.0318464040756226,0.0,0.0,
5275,FMAT,0.0,0.0,0.0,0.0,3.832357883453369,,1.0221312046051023,0.0,0.0,
5276,FMAT,0.0,0.0,0.0,0.0,5.807490348815918,,1.031571865081787,0.0,0.0,
5277,FMAT,0.0,0.0,0.0,0.0,4.985856056213379,,1.0776870250701904,0.0,0.0,
5278,FMAT,0.0,0.0,0.0,0.0,4.143944263458252,,1.0433191061019895,0.0,0.0,
5279,FMAT,0.0,0.0,0.0,0.0,11.031283378601074,,1.0278935432434082,0.0,0.0,
5280,FMAT,0.0,0.0,0.0,0.0,4.774119377136231,,1.0231870412826538,0.0,0.0,
5281,FMAT,0.0,0.0,0.0,0.0,4.990029335021973,,1.014657497406006,0.0,0.0,
5282,FMAT,0.0,0.0,0.0,0.0,3.738665819168091,,1.0440008640289309,0.0,0.0,
5283,FMAT,0.0,0.0,0.0,0.0,4.409605026245117,,1.0201209783554075,0.0,0.0,
5284,FMAT,0.0,0.0,0.0,0.0,4.649811744689941,,1.019565463066101,0.0,0.0,
5285,FMAT,0.0,0.0,0.0,0.0,7.78325891494751,,1.025085210800171,0.0,0.0,
5286,FMAT,0.0,0.0,0.0,0.0,10.495156288146973,,1.0204728841781616,0.0,0.0,
5287,FMAT,0.0,0.0,0.0,0.0,7.806781768798828,,1.1022051572799685,0.0,0.0,
5288,FMAT,0.0,0.0,0.0,0.0,15.661849975585938,,1.0508118867874146,0.0,0.0,
5289,FMAT,0.0,0.0,0.0,0.0,3.970151662826538,,1.0285876989364624,0.0,0.0,
5290,FMAT,0.0,0.0,0.0,0.0,4.15109920501709,,1.0238865613937378,0.0,0.0,
5291,FMAT,0.0,0.0,0.0,0.0,8.208389282226562,,1.0737335681915283,0.0,0.0,
5292,FMAT,0.0,0.0,0.0,0.0,0.5806476473808289,,1.0913357734680176,0.0,0.0,
5293,FMAT,0.0,0.0,0.0,0.0,8.25516414642334,,1.0397000312805176,0.0,0.0,
5294,FMAT,0.0,0.0,0.0,0.0,2.996192693710327,,1.015364408493042,0.0,0.0,
5295,FMAT,0.0,0.0,0.0,0.0,2.6351418495178223,,1.0941827297210691,0.0,0.0,
5296,FMAT,0.0,0.0,0.0,0.0,3.5624940395355225,,1.0687947273254397,0.0,0.0,
5297,FMAT,0.0,0.0,0.0,0.0,7.23742151260376,,1.0148401260375977,0.0,0.0,
5298,FMAT,0.0,0.0,0.0,0.0,3.957979917526245,,1.1306885480880735,0.0,0.0,
5299,FMAT,0.0,0.0,0.0,0.0,9.992201805114746,,1.0739039182662964,0.0,0.0,
5300,FMAT,0.0,0.0,0.0,0.0,4.161344528198242,,1.0147968530654907,0.0,0.0,
5301,FMAT,0.0,0.0,0.0,0.0,6.519826412200928,,1.0297996997833252,0.0,0.0,
5302,FMAT,0.0,0.0,0.0,0.0,6.23121976852417,,1.0230226516723633,0.0,0.0,
5303,FMAT,0.0,0.0,0.0,0.0,5.888559341430664,,1.030689001083374,0.0,0.0,
5304,FMAT,0.0,0.0,0.0,0.0,9.891046524047852,,1.0848675966262815,0.0,0.0,
5305,FMAT,0.0,0.0,0.0,0.0,5.246943473815918,,1.0298874378204346,0.0,0.0,
5306,FMAT,0.0,0.0,0.0,0.0,6.634034156799316,,1.016635537147522,0.0,0.0,
5307,FMAT,0.0,0.0,0.0,0.0,6.566908836364746,,1.0228230953216553,0.0,0.0,
5308,FMAT,0.0,0.0,0.0,0.0,2.7800779342651367,,1.0154069662094116,0.0,0.0,
5309,FMAT,0.0,0.0,0.0,0.0,2.871300458908081,,1.0413492918014526,0.0,0.0,
5310,FMAT,0.0,0.0,0.0,0.0,1.6592233180999756,,1.0376098155975342,0.0,0.0,
5311,FMAT,0.0,0.0,0.0,0.0,11.892898559570312,,1.096234917640686,0.0,0.0,
5312,FMAT,0.0,0.0,0.0,0.0,4.581900596618652,,1.0257014036178589,0.0,0.0,
5313,FMAT,0.0,0.0,0.0,0.0,5.925029277801514,,1.024867057800293,0.0,0.0,
5314,FMAT,0.0,0.0,0.0,0.0,6.246507167816162,,1.0289777517318726,0.0,0.0,
5315,FMAT,0.0,0.0,0.0,0.0,7.932200908660889,,1.0400575399398804,0.0,0.0,
5316,FMAT,0.0,0.0,0.0,0.0,6.774656295776367,,1.0296165943145752,0.0,0.0,
5317,FMAT,0.0,0.0,0.0,0.0,8.449699401855469,,1.0518039464950562,0.0,0.0,
5318,FMAT,0.0,0.0,0.0,0.0,4.044368743896484,,1.065445899963379,0.0,0.0,
5319,FMAT,0.0,0.0,0.0,0.0,6.176068305969238,,1.092225193977356,0.0,0.0,
5320,FMAT,0.0,0.0,0.0,0.0,8.625049591064453,,1.0352145433425903,0.0,0.0,
5321,FMAT,0.0,0.0,0.0,0.0,5.8231072425842285,,1.0432016849517822,0.0,0.0,
5322,FMAT,0.0,0.0,0.0,0.0,4.156970977783203,,1.0836583375930786,0.0,0.0,
5323,FMAT,0.0,0.0,0.0,0.0,3.772165536880493,,1.0467833280563354,0.0,0.0,
5324,FMAT,0.0,0.0,0.0,0.0,9.280451774597168,,1.0452463626861572,0.0,0.0,
5325,FMAT,0.0,0.0,0.0,0.0,3.5114357471466064,,1.0754798650741575,0.0,0.0,
5326,FMAT,0.0,0.0,0.0,0.0,11.456913948059082,,1.0799530744552612,0.0,0.0,
5327,FMAT,0.0,0.0,0.0,0.0,12.223361015319824,,1.07889986038208,0.0,0.0,
5328,FMAT,0.0,0.0,0.0,0.0,3.738710880279541,,1.0284268856048584,0.0,0.0,
5329,FMAT,0.0,0.0,0.0,0.0,1.983885645866394,,1.010733127593994,0.0,0.0,
5330,FMAT,0.0,0.0,0.0,0.0,12.603900909423828,,1.0517351627349854,0.0,0.0,
5331,FMAT,0.0,0.0,0.0,0.0,8.199407577514648,,1.0668201446533203,0.0,0.0,
5332,FMAT,0.0,0.0,0.0,0.0,11.309280395507812,,1.0905156135559082,0.0,0.0,
5333,FMAT,0.0,0.0,0.0,0.0,7.604558944702148,,1.035422682762146,0.0,0.0,
5334,FMAT,0.0,0.0,0.0,0.0,9.04696273803711,,1.0260106325149536,0.0,0.0,
5335,FMAT,0.0,0.0,0.0,0.0,5.729523658752441,,1.0185911655426023,0.0,0.0,
5336,FMAT,0.0,0.0,0.0,0.0,6.356320858001709,,1.0235885381698608,0.0,0.0,
5337,FMAT,0.0,0.0,0.0,0.0,2.442787170410156,,1.0399653911590576,0.0,0.0,
5338,FMAT,0.0,0.0,0.0,0.0,13.05267333984375,,1.0421730279922483,0.0,0.0,
5339,FMAT,0.0,0.0,0.0,0.0,1.0170836448669434,,1.0209404230117798,0.0,0.0,
5340,FMAT,0.0,0.0,0.0,0.0,6.213578701019287,,1.0154064893722534,0.0,0.0,
5341,FMAT,0.0,0.0,0.0,0.0,2.3635268211364746,,1.0083359479904177,0.0,0.0,
5342,FMAT,0.0,0.0,0.0,0.0,5.855700969696045,,1.0139546394348145,0.0,0.0,
5343,FMAT,0.0,0.0,0.0,0.0,5.11868953704834,,1.0095486640930176,0.0,0.0,
5344,FMAT,0.0,0.0,0.0,0.0,2.1815948486328125,,1.0074379444122314,0.0,0.0,
5345,FMAT,0.0,0.0,0.0,0.0,3.3459255695343018,,1.0057169198989868,0.0,0.0,
5346,FMAT,0.0,0.0,0.0,0.0,1.681651949882507,,1.0074865818023682,0.0,0.0,
5347,FMAT,0.0,0.0,0.0,0.0,2.3481462001800537,,1.011388659477234,0.0,0.0,
5348,FMAT,0.0,0.0,0.0,0.0,6.287190914154053,,1.020644187927246,0.0,0.0,
5349,FMAT,0.0,0.0,0.0,0.0,8.676234245300293,,1.016651630401611,0.0,0.0,
5350,FMAT,0.0,0.0,0.0,0.0,6.661065101623535,,1.0200061798095703,0.0,0.0,
5351,FMAT,0.0,0.0,0.0,0.0,6.753520965576172,,1.014302134513855,0.0,0.0,
5352,FMAT,0.0,0.0,0.0,0.0,1.883829116821289,,1.0008271932601929,0.0,0.0,
5353,FMAT,0.0,0.0,0.0,0.0,1.7178146839141846,,1.0008814334869385,0.0,0.0,
5354,FMAT,0.0,0.0,0.0,0.0,1.7941769361495972,,1.0016515254974363,0.0,0.0,
5355,FMAT,0.0,0.0,0.0,0.0,1.9325532913208008,,1.001061201095581,0.0,0.0,
5356,FMAT,0.0,0.0,0.0,0.0,0.8082459568977356,,1.0010526180267334,0.0,0.0,
5357,FMAT,0.0,0.0,0.0,0.0,0.3064984381198883,,1.0009130239486694,0.0,0.0,
5358,FMAT,0.0,0.0,0.0,0.0,3.2659268379211426,,1.002664566040039,0.0,0.0,
5359,FMAT,0.0,0.0,0.0,0.0,3.856225490570069,,1.0077377557754517,0.0,0.0,
5360,FMAT,0.0,0.0,0.0,0.0,13.597559928894045,,1.0457878112792969,0.0,0.0,
5361,FMAT,0.0,0.0,0.0,0.0,14.97396755218506,,1.0520451068878174,0.0,0.0,
5362,FMAT,0.0,0.0,0.0,0.0,18.655372619628903,,1.1517539024353027,0.0,0.0,
5363,FMAT,0.0,0.0,0.0,0.0,44.40177536010742,,1.5208402872085571,0.0,0.0,
5364,FMAT,0.0,0.0,0.0,0.0,23.20368194580078,,1.406138300895691,0.0,0.0,
5365,FMAT,1.0,0.0,562.0,0.0,27.6578426361084,,1.1723120212554932,562.0,0.0,
5366,FMAT,1.0,0.0,562.0,0.0,21.68480491638184,,1.4873372316360474,562.0,0.0,
5367,FMAT,0.0,0.0,0.0,0.0,31.39321517944336,,1.236255407333374,0.0,0.0,
5368,FMAT,0.0,0.0,0.0,0.0,41.8822021484375,,1.539689302444458,0.0,0.0,
5369,ALG,0.0,0.0,0.0,0.0,46.559852600097656,,1.582546353340149,0.0,0.0,
5370,ALG,0.0,0.0,0.0,0.0,17.8240909576416,,1.0651394128799438,0.0,0.0,
5371,ALG,1.0,0.0,562.0,0.0,13.052671432495115,,1.035974621772766,562.0,0.0,
5372,ALG,1.0,0.0,562.0,0.0,16.067602157592773,,1.086907148361206,562.0,0.0,
5373,ALG,1.0,0.0,562.0,0.0,8.582117080688477,,1.0150213241577148,562.0,0.0,
5374,ALG,1.0,0.0,562.0,0.0,22.57179069519043,,1.0900551080703735,562.0,0.0,
5375,ALG,1.0,0.0,562.0,0.0,6.541608810424805,,1.0172507762908936,562.0,0.0,
5376,ALG,1.0,0.0,562.0,0.0,20.571176528930664,,1.0847184658050537,562.0,0.0,
5377,ALG,1.0,0.0,562.0,0.0,56.24711227416992,,2.20271372795105,562.0,0.0,
5378,ALG,0.0,0.0,0.0,0.0,29.349618911743164,,1.616007924079895,0.0,0.0,
5379,ALG,-1.0,0.0,562.0,0.0,21.449377059936523,,1.163101315498352,562.0,0.0,
5380,ALG,0.0,0.0,0.0,0.0,29.53485870361328,,1.2746942043304443,0.0,0.0,
5381,ALG,0.0,0.0,0.0,0.0,20.787450790405277,,1.0904173851013184,0.0,0.0,
5382,ALG,0.0,0.0,0.0,0.0,10.355966567993164,,1.0755985975265503,0.0,0.0,
5383,ALG,0.0,0.0,0.0,0.0,11.297368049621582,,1.0373224020004272,0.0,0.0,
5384,ALG,0.0,0.0,0.0,0.0,8.743243217468262,,1.0241990089416504,0.0,0.0,
5385,ALG,0.0,0.0,0.0,0.0,7.788403511047363,,1.02633535861969,0.0,0.0,
5386,ALG,0.0,0.0,0.0,0.0,5.021634578704834,,1.0185259580612185,0.0,0.0,
5387,ALG,0.0,0.0,0.0,0.0,32.099727630615234,,1.3028278350830078,0.0,0.0,
5388,ALG,0.0,0.0,0.0,0.0,14.666532516479492,,1.05391526222229,0.0,0.0,
5389,ALG,1.0,0.0,562.0,0.0,30.960487365722656,,1.7278246879577637,562.0,0.0,
5390,ALG,1.0,0.0,562.0,0.0,53.93070983886719,,2.1797194480896,562.0,0.0,
5391,ALG,0.0,0.0,0.0,0.0,31.807750701904297,,1.2595593929290771,0.0,0.0,
5392,ALG,0.0,0.0,0.0,0.0,44.59562683105469,,1.5084885358810425,0.0,0.0,
5393,ALG,0.0,0.0,0.0,0.0,17.298492431640625,,1.062654972076416,0.0,0.0,
5394,ALG,0.0,0.0,0.0,0.0,12.318448066711426,,1.026906132698059,0.0,0.0,
5395,ALG,0.0,0.0,0.0,0.0,18.40900421142578,,1.0679577589035034,0.0,0.0,
5396,ALG,0.0,0.0,0.0,0.0,17.371253967285156,,1.10947585105896,0.0,0.0,
5397,ALG,0.0,0.0,0.0,0.0,10.518610954284668,,1.0381174087524414,0.0,0.0,
5398,ALG,0.0,0.0,0.0,0.0,2.7030105590820312,,1.0057687759399414,0.0,0.0,
5399,ALG,0.0,0.0,0.0,0.0,15.30403995513916,,1.0464379787445068,0.0,0.0,
5400,ALG,0.0,0.0,0.0,0.0,5.959999084472656,,1.1990190744400024,0.0,0.0,
5401,ALG,0.0,0.0,0.0,0.0,23.84891128540039,,1.2569600343704224,0.0,0.0,
5402,ALG,0.0,0.0,0.0,0.0,17.5720272064209,,1.1614762544631958,0.0,0.0,
5403,ALG,0.0,0.0,0.0,0.0,5.447540283203125,,1.0288423299789429,0.0,0.0,
5404,ALG,0.0,0.0,0.0,0.0,4.703555107116699,,1.0061408281326294,0.0,0.0,
5405,ALG,0.0,0.0,0.0,0.0,4.39288330078125,,1.0073460340499878,0.0,0.0,
5406,ALG,0.0,0.0,0.0,0.0,1.4297183752059937,,1.0050430297851562,0.0,0.0,
5407,ALG,0.0,0.0,0.0,0.0,15.119413375854492,,1.066529393196106,0.0,0.0,
5408,ALG,0.0,0.0,0.0,0.0,15.53956413269043,,1.201502561569214,0.0,0.0,
5409,ALG,0.0,0.0,0.0,0.0,41.86663436889648,,1.4544392824172974,0.0,0.0,
5410,ALG,0.0,0.0,0.0,0.0,2.0404176712036133,,1.001006841659546,0.0,0.0,
5411,ALG,0.0,0.0,0.0,0.0,0.4721570014953613,,1.000424027442932,0.0,0.0,
5412,ALG,0.0,0.0,0.0,0.0,1.8226306438446045,,1.0040427446365356,0.0,0.0,
5413,ALG,0.0,0.0,0.0,0.0,3.920480966567993,,1.0149699449539185,0.0,0.0,
5414,ALG,0.0,0.0,0.0,0.0,1.6850850582122805,,1.0014910697937012,0.0,0.0,
5415,ALG,0.0,0.0,0.0,0.0,4.428986549377441,,1.0089004039764404,0.0,0.0,
5416,ALG,0.0,0.0,0.0,0.0,62.35304641723633,,2.759068489074707,0.0,0.0,
5417,ALG,1.0,0.0,562.0,0.0,43.90103149414063,,1.4656511545181274,562.0,0.0,
5418,ALG,1.0,0.0,562.0,0.0,49.60340881347656,,1.6359988451004028,562.0,0.0,
5419,ALG,1.0,1.0,562.0,1363.0,19.952335357666016,,1.2881876230239868,1474.3178083439134,766006.0,
5420,ALG,0.0,0.0,0.0,0.0,23.504213333129883,,1.8718323707580569,0.0,0.0,
5421,ALG,0.0,0.0,0.0,0.0,18.181421279907227,,1.3345355987548828,0.0,0.0,
5422,ALG,0.0,0.0,0.0,0.0,51.97835159301758,,1.7636184692382812,0.0,0.0,
5423,ALG,0.0,0.0,0.0,0.0,8.141783714294434,,1.032591462135315,0.0,0.0,
5424,ALG,0.0,0.0,0.0,0.0,0.7552990317344666,,1.0005700588226318,0.0,0.0,
5425,ALG,0.0,0.0,0.0,0.0,18.75181579589844,,1.1619800329208374,0.0,0.0,
5426,ALG,0.0,0.0,0.0,0.0,43.76829528808594,,1.6210267543792725,0.0,0.0,
5427,ALG,0.0,0.0,0.0,0.0,14.176526069641112,,1.2957075834274292,0.0,0.0,
5428,ALG,0.0,0.0,0.0,0.0,35.09303665161133,,1.3165068626403809,0.0,0.0,
5429,ALG,0.0,-1.0,0.0,1362.0,58.44305419921875,,2.5469460487365723,1362.0,0.0,
5430,ALG,0.0,0.0,0.0,0.0,46.50099563598633,,1.8011443614959717,0.0,0.0,
5431,ALG,0.0,-1.0,0.0,1362.0,47.21530151367188,,1.7352311611175537,1362.0,0.0,
5432,ALG,1.0,0.0,562.0,0.0,66.74678802490234,,2.6132960319519043,562.0,0.0,
5433,ALG,1.0,1.0,562.0,1363.0,58.45187377929688,,2.099881649017334,1474.3178083439134,766006.0,
5434,ALG,0.0,0.0,0.0,0.0,20.451147079467773,,1.1720553636550903,0.0,0.0,
5435,ALG,0.0,0.0,0.0,0.0,1.377105474472046,,1.003238081932068,0.0,0.0,
5436,NVB,0.0,0.0,0.0,0.0,27.79780578613281,,1.2174313068389893,0.0,0.0,
5437,NVB,1.0,0.0,562.0,0.0,50.04362106323242,,1.699878811836243,562.0,0.0,
5438,NVB,1.0,0.0,562.0,0.0,14.384180068969728,,1.0471025705337524,562.0,0.0,
5439,NVB,0.0,0.0,0.0,0.0,57.15077972412109,,2.130781412124634,0.0,0.0,
5440,NVB,0.0,0.0,0.0,0.0,28.280956268310547,,1.4344449043273926,0.0,0.0,
5441,NVB,-1.0,0.0,562.0,0.0,25.166088104248047,,1.208136796951294,562.0,0.0,
5442,NVB,-1.0,0.0,562.0,0.0,7.887008190155029,,1.141961932182312,562.0,0.0,
5443,NVB,-1.0,0.0,562.0,0.0,9.65749168395996,,1.0777467489242554,562.0,0.0,
5444,NVB,-1.0,0.0,562.0,0.0,1.087051272392273,,1.0171303749084473,562.0,0.0,
5445,NVB,-1.0,0.0,562.0,0.0,15.085090637207031,,1.039458394050598,562.0,0.0,
5446,NVB,-1.0,0.0,562.0,0.0,5.057380676269531,,1.006298303604126,562.0,0.0,
5447,NVB,-1.0,0.0,562.0,0.0,2.6566710472106934,,1.003635048866272,562.0,0.0,
5448,NVB,-1.0,0.0,562.0,0.0,4.022112846374512,,1.0050575733184814,562.0,0.0,
5449,NVB,0.0,0.0,0.0,0.0,6.090592384338379,,1.0106085538864136,0.0,0.0,
5450,NVB,-1.0,0.0,562.0,0.0,4.900871753692627,,1.0054172277450562,562.0,0.0,
5451,NVB,-1.0,0.0,562.0,0.0,1.4492311477661133,,1.0012879371643066,562.0,0.0,
5452,NVB,-1.0,0.0,562.0,0.0,4.295929431915283,,1.0109038352966309,562.0,0.0,
5453,NVB,-1.0,0.0,562.0,0.0,2.0700316429138184,,1.0017411708831787,562.0,0.0,
5454,FMAT,-1.0,0.0,562.0,0.0,1.715932846069336,,1.000905156135559,562.0,0.0,
5455,FMAT,-1.0,0.0,562.0,0.0,0.7742888331413269,,1.004322171211243,562.0,0.0,
5456,FMAT,-1.0,0.0,562.0,0.0,1.476934552192688,,1.00048565864563,562.0,0.0,
5457,FMAT,-1.0,0.0,562.0,0.0,3.084690570831299,,1.003946304321289,562.0,0.0,
5458,FMAT,-1.0,0.0,562.0,0.0,6.700887203216553,,1.0080056190490725,562.0,0.0,
5459,FMAT,-1.0,0.0,562.0,0.0,8.96209716796875,,1.0131454467773438,562.0,0.0,
5460,FMAT,-1.0,0.0,562.0,0.0,7.5840229988098145,,1.0106780529022217,562.0,0.0,
5461,FMAT,0.0,0.0,0.0,0.0,2.9025299549102783,,1.0029054880142212,0.0,0.0,
5462,FMAT,0.0,0.0,0.0,0.0,5.519857883453369,,1.0053515434265137,0.0,0.0,
5463,FMAT,0.0,0.0,0.0,0.0,4.970401763916016,,1.0092029571533203,0.0,0.0,
5464,FMAT,0.0,0.0,0.0,0.0,33.9936408996582,,1.3321218490600586,0.0,0.0,
5465,FMAT,0.0,0.0,0.0,0.0,39.99005126953125,,1.4852880239486694,0.0,0.0,
5466,FMAT,0.0,0.0,0.0,0.0,32.12150955200195,,1.225388526916504,0.0,0.0,
5467,FMAT,0.0,0.0,0.0,0.0,33.59735870361328,,1.277017593383789,0.0,0.0,
5468,FMAT,0.0,0.0,0.0,0.0,28.686878204345703,,1.1835681200027466,0.0,0.0,
5469,FMAT,-1.0,0.0,562.0,0.0,3.632363796234131,,1.0136773586273191,562.0,0.0,
5470,FMAT,-1.0,0.0,562.0,0.0,4.099381923675537,,1.0076947212219238,562.0,0.0,
5471,FMAT,0.0,0.0,0.0,0.0,3.065649509429932,,1.034050703048706,0.0,0.0,
5472,FMAT,-1.0,0.0,562.0,0.0,1.0976113080978394,,1.0032110214233398,562.0,0.0,
5473,FMAT,0.0,0.0,0.0,0.0,1.5471384525299072,,1.0044342279434204,0.0,0.0,
5474,FMAT,-1.0,0.0,562.0,0.0,5.588799476623535,,1.0101207494735718,562.0,0.0,
5475,FMAT,-1.0,0.0,562.0,0.0,2.805999517440796,,1.0241237878799438,562.0,0.0,
5476,FMAT,-1.0,0.0,562.0,0.0,4.254977703094482,,1.0112074613571167,562.0,0.0,
5477,FMAT,-1.0,0.0,562.0,0.0,4.386616230010986,,1.0137859582901,562.0,0.0,
5478,NVB,-1.0,0.0,562.0,0.0,53.67548751831055,,1.8800020217895508,562.0,0.0,
5479,NVB,-1.0,0.0,562.0,0.0,62.96440124511719,,2.2918636798858643,562.0,0.0,
5480,NVB,-1.0,0.0,562.0,0.0,24.052358627319336,,1.1588293313980105,562.0,0.0,
5481,NVB,-1.0,0.0,562.0,0.0,49.93818664550781,,1.626121997833252,562.0,0.0,
5482,NVB,-1.0,0.0,562.0,0.0,30.0344295501709,,1.6038601398468018,562.0,0.0,
5483,NVB,-1.0,0.0,562.0,0.0,16.79863166809082,,1.4085400104522705,562.0,0.0,
5484,NVB,-1.0,0.0,562.0,0.0,29.693744659423828,,1.4023902416229248,562.0,0.0,
5485,NVB,-1.0,0.0,562.0,0.0,28.21012115478516,,1.3751800060272217,562.0,0.0,
5486,NVB,-1.0,0.0,562.0,0.0,12.941189765930176,,1.1332275867462158,562.0,0.0,
5487,NVB,0.0,0.0,0.0,0.0,63.35110092163086,,2.8163421154022217,0.0,0.0,
5488,NVB,1.0,0.0,562.0,0.0,34.44570541381836,,1.340916872024536,562.0,0.0,
5489,NVB,1.0,0.0,562.0,0.0,22.48504638671875,,1.1583614349365234,562.0,0.0,
5490,NVB,-1.0,-1.0,562.0,1362.0,15.059550285339355,,2.8655261993408203,1473.3933622763475,765444.0,
5491,ALG,0.0,0.0,0.0,0.0,62.456050872802734,,2.407240390777588,0.0,0.0,
5492,ALG,-1.0,0.0,562.0,0.0,3.584878444671631,,1.0147075653076172,562.0,0.0,
5493,ALG,-1.0,0.0,562.0,0.0,10.266016006469728,,1.0468531847000122,562.0,0.0,
5494,ALG,-1.0,0.0,562.0,0.0,3.686255931854248,,1.0371917486190796,562.0,0.0,
5495,ALG,-1.0,0.0,562.0,0.0,9.208420753479004,,1.0268604755401611,562.0,0.0,
5496,ALG,-1.0,0.0,562.0,0.0,24.429443359375,,1.125376582145691,562.0,0.0,
5497,ALG,-1.0,0.0,562.0,0.0,13.307984352111816,,1.2508472204208374,562.0,0.0,
5498,ALG,-1.0,0.0,562.0,0.0,6.605125427246094,,1.024052619934082,562.0,0.0,
5499,FMAT,-1.0,0.0,562.0,0.0,14.14882755279541,,1.1204962730407717,562.0,0.0,
5500,FMAT,-1.0,0.0,562.0,0.0,17.899234771728516,,1.0984822511672974,562.0,0.0,
5501,FMAT,-1.0,0.0,562.0,0.0,13.554492950439451,,1.0611045360565186,562.0,0.0,
5502,FMAT,-1.0,0.0,562.0,0.0,5.7421159744262695,,1.0102412700653076,562.0,0.0,
5503,FMAT,-1.0,0.0,562.0,0.0,12.248273849487305,,1.0304844379425049,562.0,0.0,
5504,FMAT,-1.0,0.0,562.0,0.0,8.617629051208496,,1.0170859098434448,562.0,0.0,
5505,FMAT,0.0,0.0,0.0,0.0,12.552762031555176,,1.036014199256897,0.0,0.0,
5506,FMAT,0.0,0.0,0.0,0.0,9.10661506652832,,1.0277737379074097,0.0,0.0,
5507,FMAT,0.0,0.0,0.0,0.0,7.359652042388916,,1.0134109258651731,0.0,0.0,
5508,FMAT,0.0,0.0,0.0,0.0,3.1367757320404053,,1.0025779008865356,0.0,0.0,
5509,FMAT,0.0,0.0,0.0,0.0,5.878393173217773,,1.013896346092224,0.0,0.0,
5510,FMAT,0.0,0.0,0.0,0.0,5.012818813323975,,1.0087796449661257,0.0,0.0,
5511,FMAT,0.0,0.0,0.0,0.0,5.557478904724121,,1.0129473209381104,0.0,0.0,
5512,FMAT,0.0,0.0,0.0,0.0,3.0816879272460938,,1.0037716627120972,0.0,0.0,
5513,FMAT,0.0,0.0,0.0,0.0,6.697629928588867,,1.0112398862838743,0.0,0.0,
5514,FMAT,0.0,0.0,0.0,0.0,6.060967922210693,,1.0097651481628418,0.0,0.0,
5515,FMAT,0.0,0.0,0.0,0.0,5.1490559577941895,,1.0092029571533203,0.0,0.0,
5516,FMAT,0.0,0.0,0.0,0.0,3.435760974884033,,1.004874348640442,0.0,0.0,
5517,FMAT,0.0,0.0,0.0,0.0,3.7554683685302734,,1.00238299369812,0.0,0.0,
5518,FMAT,0.0,0.0,0.0,0.0,6.334812164306641,,1.015175223350525,0.0,0.0,
5519,FMAT,0.0,0.0,0.0,0.0,1.867266297340393,,1.0014265775680542,0.0,0.0,
5520,FMAT,0.0,0.0,0.0,0.0,2.4571337699890137,,1.0040072202682495,0.0,0.0,
5521,FMAT,0.0,0.0,0.0,0.0,3.270103454589844,,1.0114543437957764,0.0,0.0,
5522,FMAT,0.0,0.0,0.0,0.0,1.259171724319458,,1.019330620765686,0.0,0.0,
5523,FMAT,0.0,0.0,0.0,0.0,1.4704077243804932,,1.01244854927063,0.0,0.0,
5524,FMAT,0.0,0.0,0.0,0.0,6.870667457580566,,1.013505220413208,0.0,0.0,
5525,FMAT,0.0,0.0,0.0,0.0,2.0895707607269287,,1.0060943365097046,0.0,0.0,
5526,FMAT,0.0,0.0,0.0,0.0,0.4574618935585022,,1.0108169317245483,0.0,0.0,
5527,FMAT,0.0,0.0,0.0,0.0,1.496340036392212,,1.0138921737670898,0.0,0.0,
5528,FMAT,0.0,0.0,0.0,0.0,3.308760404586792,,1.0045586824417114,0.0,0.0,
5529,FMAT,0.0,0.0,0.0,0.0,0.4192109107971191,,1.0053850412368774,0.0,0.0,
5530,FMAT,0.0,0.0,0.0,0.0,1.377711296081543,,1.0052142143249512,0.0,0.0,
5531,FMAT,0.0,0.0,0.0,0.0,1.297831892967224,,1.0027742385864258,0.0,0.0,
5532,FMAT,0.0,0.0,0.0,0.0,1.1852926015853882,,1.0026893615722656,0.0,0.0,
5533,FMAT,0.0,0.0,0.0,0.0,4.362837791442871,,1.0049251317977903,0.0,0.0,
5534,FMAT,0.0,0.0,0.0,0.0,4.671155452728272,,1.0069142580032349,0.0,0.0,
5535,FMAT,0.0,0.0,0.0,0.0,3.6625008583068848,,1.0052907466888428,0.0,0.0,
5536,FMAT,0.0,0.0,0.0,0.0,3.501684188842773,,1.0041249990463257,0.0,0.0,
5537,FMAT,0.0,0.0,0.0,0.0,2.861891984939575,,1.006259799003601,0.0,0.0,
5538,FMAT,0.0,0.0,0.0,0.0,1.649460792541504,,1.0022966861724854,0.0,0.0,
5539,FMAT,0.0,0.0,0.0,0.0,4.658617973327637,,1.0042505264282229,0.0,0.0,
5540,FMAT,0.0,0.0,0.0,0.0,8.051661491394043,,1.0146152973175049,0.0,0.0,
5541,FMAT,0.0,0.0,0.0,0.0,3.5840940475463867,,1.0062192678451538,0.0,0.0,
5542,FMAT,0.0,0.0,0.0,0.0,1.866400361061096,,1.003859043121338,0.0,0.0,
5543,FMAT,0.0,0.0,0.0,0.0,4.318027973175049,,1.0099478960037231,0.0,0.0,
5544,FMAT,0.0,0.0,0.0,0.0,3.4234414100646973,,1.014858365058899,0.0,0.0,
5545,FMAT,0.0,0.0,0.0,0.0,5.303541660308838,,1.0090553760528564,0.0,0.0,
5546,FMAT,0.0,0.0,0.0,0.0,6.500970840454102,,1.0292611122131348,0.0,0.0,
5547,FMAT,0.0,0.0,0.0,0.0,4.454543113708496,,1.0313620567321775,0.0,0.0,
5548,FMAT,0.0,0.0,0.0,0.0,6.014488220214844,,1.0314762592315674,0.0,0.0,
5549,FMAT,0.0,0.0,0.0,0.0,1.3210833072662354,,1.0061142444610596,0.0,0.0,
5550,FMAT,0.0,0.0,0.0,0.0,3.5521812438964844,,1.005621075630188,0.0,0.0,
5551,FMAT,0.0,0.0,0.0,0.0,1.1051082611083984,,1.0033024549484253,0.0,0.0,
5552,FMAT,0.0,0.0,0.0,0.0,5.948904037475586,,1.0095856189727783,0.0,0.0,
5553,FMAT,0.0,0.0,0.0,0.0,4.291355609893799,,1.0178782939910889,0.0,0.0,
5554,FMAT,0.0,0.0,0.0,0.0,5.439754962921143,,1.0113441944122314,0.0,0.0,
5555,FMAT,0.0,0.0,0.0,0.0,1.4506213665008545,,1.01412034034729,0.0,0.0,
5556,FMAT,0.0,0.0,0.0,0.0,3.2608237266540527,,1.005111813545227,0.0,0.0,
5557,FMAT,0.0,0.0,0.0,0.0,7.095728874206543,,1.0288846492767334,0.0,0.0,
5558,FMAT,0.0,0.0,0.0,0.0,6.297482967376709,,1.0384917259216309,0.0,0.0,
5559,FMAT,0.0,0.0,0.0,0.0,0.525702178478241,,1.008752703666687,0.0,0.0,
5560,FMAT,0.0,0.0,0.0,0.0,2.551570415496826,,1.0049238204956057,0.0,0.0,
5561,FMAT,0.0,0.0,0.0,0.0,4.491313457489014,,1.0096606016159058,0.0,0.0,
5562,FMAT,0.0,0.0,0.0,0.0,1.9752013683319087,,1.056885004043579,0.0,0.0,
5563,FMAT,0.0,0.0,0.0,0.0,5.896202087402344,,1.0589520931243896,0.0,0.0,
5564,FMAT,0.0,0.0,0.0,0.0,15.105989456176758,,1.1330554485321045,0.0,0.0,
5565,FMAT,0.0,0.0,0.0,0.0,11.315532684326172,,1.0703485012054443,0.0,0.0,
5566,FMAT,0.0,0.0,0.0,0.0,7.039861679077148,,1.0315570831298828,0.0,0.0,
5567,FMAT,0.0,0.0,0.0,0.0,2.16927433013916,,1.1148512363433838,0.0,0.0,
5568,FMAT,0.0,0.0,0.0,0.0,6.004228115081787,,1.0325332880020142,0.0,0.0,
5569,FMAT,0.0,0.0,0.0,0.0,1.208616018295288,,1.0710386037826538,0.0,0.0,
5570,FMAT,0.0,0.0,0.0,0.0,1.9682095050811768,,1.025787115097046,0.0,0.0,
5571,FMAT,0.0,0.0,0.0,0.0,2.2130837440490723,,1.005008578300476,0.0,0.0,
5572,FMAT,0.0,0.0,0.0,0.0,1.5679646730422974,,1.0083072185516355,0.0,0.0,
5573,FMAT,0.0,0.0,0.0,0.0,2.1357221603393555,,1.0317820310592651,0.0,0.0,
5574,FMAT,0.0,0.0,0.0,0.0,2.0093801021575928,,1.0027480125427246,0.0,0.0,
5575,FMAT,0.0,0.0,0.0,0.0,2.646114587783813,,1.0031049251556396,0.0,0.0,
5576,FMAT,0.0,0.0,0.0,0.0,8.272851943969727,,1.028662085533142,0.0,0.0,
5577,FMAT,0.0,0.0,0.0,0.0,11.413437843322754,,1.0379012823104858,0.0,0.0,
5578,FMAT,0.0,0.0,0.0,0.0,6.663838863372803,,1.0262597799301147,0.0,0.0,
5579,FMAT,0.0,0.0,0.0,0.0,5.619645595550537,,1.064766526222229,0.0,0.0,
5580,FMAT,0.0,0.0,0.0,0.0,6.509371280670166,,1.0631657838821411,0.0,0.0,
5581,FMAT,0.0,0.0,0.0,0.0,3.210923671722412,,1.0402827262878418,0.0,0.0,
5582,FMAT,0.0,0.0,0.0,0.0,12.710036277770996,,1.1015417575836182,0.0,0.0,
5583,FMAT,0.0,0.0,0.0,0.0,3.208567380905152,,1.041104793548584,0.0,0.0,
5584,FMAT,0.0,0.0,0.0,0.0,6.365977764129639,,1.0387651920318604,0.0,0.0,
5585,FMAT,0.0,0.0,0.0,0.0,9.682741165161133,,1.0724201202392578,0.0,0.0,
5586,FMAT,0.0,0.0,0.0,0.0,9.058292388916016,,1.051014423370361,0.0,0.0,
5587,FMAT,0.0,0.0,0.0,0.0,4.205103874206543,,1.01298725605011,0.0,0.0,
5588,FMAT,0.0,0.0,0.0,0.0,5.160952091217041,,1.0268765687942505,0.0,0.0,
5589,FMAT,0.0,0.0,0.0,0.0,9.146605491638184,,1.029350757598877,0.0,0.0,
5590,FMAT,0.0,0.0,0.0,0.0,3.6921041011810303,,1.0157390832901,0.0,0.0,
5591,FMAT,0.0,0.0,0.0,0.0,11.170071601867676,,1.0464560985565186,0.0,0.0,
5592,FMAT,0.0,0.0,0.0,0.0,8.318574905395508,,1.0311678647994995,0.0,0.0,
5593,FMAT,0.0,0.0,0.0,0.0,5.671891212463379,,1.0496187210083008,0.0,0.0,
5594,FMAT,0.0,0.0,0.0,0.0,2.0222623348236084,,1.0125349760055542,0.0,0.0,
5595,FMAT,0.0,0.0,0.0,0.0,3.0520050525665283,,1.0178072452545166,0.0,0.0,
5596,FMAT,0.0,0.0,0.0,0.0,3.667469739913941,,1.024191975593567,0.0,0.0,
5597,FMAT,0.0,0.0,0.0,0.0,7.266114711761475,,1.0625154972076416,0.0,0.0,
5598,FMAT,0.0,0.0,0.0,0.0,11.800995826721191,,1.0679752826690674,0.0,0.0,
5599,FMAT,0.0,0.0,0.0,0.0,14.390060424804688,,1.077523112297058,0.0,0.0,
5600,FMAT,0.0,0.0,0.0,0.0,4.253256797790527,,1.003751277923584,0.0,0.0,
5601,FMAT,0.0,0.0,0.0,0.0,2.700937509536743,,1.0033100843429563,0.0,0.0,
5602,FMAT,0.0,0.0,0.0,0.0,8.72409725189209,,1.036920428276062,0.0,0.0,
5603,FMAT,0.0,0.0,0.0,0.0,7.586311817169189,,1.0338828563690186,0.0,0.0,
5604,FMAT,0.0,0.0,0.0,0.0,14.222057342529297,,1.0564985275268557,0.0,0.0,
5605,FMAT,0.0,0.0,0.0,0.0,5.747950553894043,,1.01764976978302,0.0,0.0,
5606,FMAT,0.0,0.0,0.0,0.0,7.458856582641602,,1.023106336593628,0.0,0.0,
5607,FMAT,0.0,0.0,0.0,0.0,2.135353803634644,,1.0777342319488523,0.0,0.0,
5608,FMAT,0.0,0.0,0.0,0.0,3.014011859893799,,1.034218192100525,0.0,0.0,
5609,FMAT,0.0,0.0,0.0,0.0,14.479697227478027,,1.0421916246414185,0.0,0.0,
5610,FMAT,0.0,0.0,0.0,0.0,3.214479684829712,,1.017204523086548,0.0,0.0,
5611,FMAT,0.0,0.0,0.0,0.0,3.450087785720825,,1.0124118328094482,0.0,0.0,
5612,FMAT,0.0,0.0,0.0,0.0,5.328788757324219,,1.0181334018707275,0.0,0.0,
5613,FMAT,0.0,0.0,0.0,0.0,8.21212100982666,,1.0475057363510132,0.0,0.0,
5614,FMAT,0.0,0.0,0.0,0.0,8.326990127563477,,1.049666166305542,0.0,0.0,
5615,FMAT,0.0,0.0,0.0,0.0,11.90730094909668,,1.0673061609268188,0.0,0.0,
5616,FMAT,0.0,0.0,0.0,0.0,6.508763790130615,,1.0276460647583008,0.0,0.0,
5617,FMAT,0.0,0.0,0.0,0.0,9.371297836303713,,1.07390558719635,0.0,0.0,
5618,FMAT,0.0,0.0,0.0,0.0,5.858420372009277,,1.0680960416793823,0.0,0.0,
5619,FMAT,0.0,0.0,0.0,0.0,10.363408088684082,,1.0699231624603271,0.0,0.0,
5620,FMAT,0.0,0.0,0.0,0.0,3.9191296100616455,,1.0475049018859863,0.0,0.0,
5621,FMAT,0.0,0.0,0.0,0.0,5.655303478240967,,1.0443849563598633,0.0,0.0,
5622,FMAT,0.0,0.0,0.0,0.0,7.006270885467529,,1.05661940574646,0.0,0.0,
5623,FMAT,0.0,0.0,0.0,0.0,3.7735419273376474,,1.020339012145996,0.0,0.0,
5624,FMAT,0.0,0.0,0.0,0.0,8.780440330505371,,1.0241299867630005,0.0,0.0,
5625,FMAT,0.0,0.0,0.0,0.0,6.970939159393311,,1.0497504472732544,0.0,0.0,
5626,FMAT,0.0,0.0,0.0,0.0,4.913318634033203,,1.0203580856323242,0.0,0.0,
5627,FMAT,0.0,0.0,0.0,0.0,1.5090430974960327,,1.009969711303711,0.0,0.0,
5628,FMAT,0.0,0.0,0.0,0.0,5.730396270751953,,1.036174774169922,0.0,0.0,
5629,FMAT,0.0,0.0,0.0,0.0,3.662590265274048,,1.0721919536590576,0.0,0.0,
5630,FMAT,0.0,0.0,0.0,0.0,7.43171501159668,,1.0307554006576538,0.0,0.0,
5631,FMAT,0.0,0.0,0.0,0.0,9.153034210205078,,1.1073570251464844,0.0,0.0,
5632,FMAT,0.0,0.0,0.0,0.0,19.08123016357422,,1.1071088314056396,0.0,0.0,
5633,FMAT,0.0,0.0,0.0,0.0,11.158833503723145,,1.044525146484375,0.0,0.0,
5634,FMAT,0.0,0.0,0.0,0.0,10.069537162780762,,1.048438549041748,0.0,0.0,
5635,FMAT,0.0,0.0,0.0,0.0,8.14660358428955,,1.0589473247528076,0.0,0.0,
5636,FMAT,0.0,0.0,0.0,0.0,8.955535888671875,,1.0751802921295166,0.0,0.0,
5637,FMAT,0.0,0.0,0.0,0.0,8.334112167358398,,1.047518014907837,0.0,0.0,
5638,FMAT,0.0,0.0,0.0,0.0,8.767165184020996,,1.0739147663116455,0.0,0.0,
5639,FMAT,0.0,0.0,0.0,0.0,11.432371139526367,,1.0309922695159912,0.0,0.0,
5640,FMAT,0.0,0.0,0.0,0.0,7.677097797393799,,1.023526310920715,0.0,0.0,
5641,FMAT,0.0,0.0,0.0,0.0,9.308091163635254,,1.0549650192260742,0.0,0.0,
5642,FMAT,0.0,0.0,0.0,0.0,13.30766487121582,,1.0655360221862793,0.0,0.0,
5643,FMAT,0.0,0.0,0.0,0.0,4.247684001922607,,1.0101349353790283,0.0,0.0,
5644,FMAT,0.0,0.0,0.0,0.0,3.4389922618865967,,1.1971269845962524,0.0,0.0,
5645,FMAT,0.0,0.0,0.0,0.0,2.489689826965332,,1.0105674266815186,0.0,0.0,
5646,FMAT,0.0,0.0,0.0,0.0,3.148277521133423,,1.0119699239730835,0.0,0.0,
5647,FMAT,0.0,0.0,0.0,0.0,11.532925605773926,,1.0459266901016235,0.0,0.0,
5648,FMAT,0.0,0.0,0.0,0.0,9.108319282531738,,1.0248804092407229,0.0,0.0,
5649,FMAT,0.0,0.0,0.0,0.0,11.500941276550291,,1.0276808738708496,0.0,0.0,
5650,FMAT,0.0,0.0,0.0,0.0,4.635185718536377,,1.0362272262573242,0.0,0.0,
5651,FMAT,0.0,0.0,0.0,0.0,9.979147911071776,,1.0207433700561523,0.0,0.0,
5652,FMAT,0.0,0.0,0.0,0.0,0.130985140800476,,1.011060118675232,0.0,0.0,
5653,FMAT,0.0,0.0,0.0,0.0,12.986249923706056,,1.0478641986846924,0.0,0.0,
5654,FMAT,0.0,0.0,0.0,0.0,7.06844425201416,,1.020735740661621,0.0,0.0,
5655,FMAT,0.0,0.0,0.0,0.0,7.290882110595703,,1.0294986963272097,0.0,0.0,
5656,FMAT,0.0,0.0,0.0,0.0,11.887999534606934,,1.0531331300735474,0.0,0.0,
5657,FMAT,0.0,0.0,0.0,0.0,9.175259590148926,,1.0872937440872192,0.0,0.0,
5658,FMAT,0.0,0.0,0.0,0.0,11.460464477539062,,1.0888686180114746,0.0,0.0,
5659,FMAT,0.0,0.0,0.0,0.0,12.393651008605955,,1.0707502365112305,0.0,0.0,
5660,FMAT,0.0,0.0,0.0,0.0,3.0492172241210938,,1.002293348312378,0.0,0.0,
5661,FMAT,0.0,0.0,0.0,0.0,4.078408241271973,,1.018489122390747,0.0,0.0,
5662,FMAT,0.0,0.0,0.0,0.0,3.0397748947143555,,1.01279616355896,0.0,0.0,
5663,FMAT,0.0,0.0,0.0,0.0,1.3477294445037842,,1.003065824508667,0.0,0.0,
5664,FMAT,0.0,0.0,0.0,0.0,3.66735315322876,,1.0167971849441528,0.0,0.0,
5665,FMAT,0.0,0.0,0.0,0.0,7.466405391693115,,1.046817183494568,0.0,0.0,
5666,FMAT,0.0,0.0,0.0,0.0,16.703968048095703,,1.0595552921295166,0.0,0.0,
5667,FMAT,0.0,0.0,0.0,0.0,2.4928715229034424,,1.049246907234192,0.0,0.0,
5668,FMAT,0.0,0.0,0.0,0.0,8.450204849243164,,1.1077708005905151,0.0,0.0,
5669,FMAT,0.0,0.0,0.0,0.0,5.986216068267822,,1.0174392461776731,0.0,0.0,
5670,FMAT,0.0,0.0,0.0,0.0,9.086350440979004,,1.0246635675430298,0.0,0.0,
5671,FMAT,0.0,0.0,0.0,0.0,12.01413917541504,,1.0343302488327026,0.0,0.0,
5672,FMAT,0.0,0.0,0.0,0.0,6.743244171142578,,1.0153117179870603,0.0,0.0,
5673,FMAT,0.0,0.0,0.0,0.0,2.436237573623657,,1.017353057861328,0.0,0.0,
5674,FMAT,0.0,0.0,0.0,0.0,6.756432056427002,,1.0128546953201294,0.0,0.0,
5675,FMAT,0.0,0.0,0.0,0.0,5.20201301574707,,1.0097448825836182,0.0,0.0,
5676,FMAT,0.0,0.0,0.0,0.0,9.040410995483398,,1.068855047225952,0.0,0.0,
5677,FMAT,0.0,0.0,0.0,0.0,4.3171563148498535,,1.0383447408676147,0.0,0.0,
5678,FMAT,0.0,0.0,0.0,0.0,10.37729263305664,,1.030830144882202,0.0,0.0,
5679,FMAT,0.0,0.0,0.0,0.0,6.6420416831970215,,1.0365302562713623,0.0,0.0,
5680,FMAT,0.0,0.0,0.0,0.0,5.3376874923706055,,1.0117151737213137,0.0,0.0,
5681,FMAT,0.0,0.0,0.0,0.0,14.088340759277344,,1.0909589529037476,0.0,0.0,
5682,FMAT,0.0,0.0,0.0,0.0,8.01386547088623,,1.0468285083770752,0.0,0.0,
5683,FMAT,0.0,0.0,0.0,0.0,5.533552169799805,,1.0225805044174194,0.0,0.0,
5684,FMAT,0.0,0.0,0.0,0.0,3.2564940452575684,,1.0122488737106323,0.0,0.0,
5685,FMAT,0.0,0.0,0.0,0.0,12.800396919250488,,1.03143310546875,0.0,0.0,
5686,FMAT,0.0,0.0,0.0,0.0,7.6598801612854,,1.018781065940857,0.0,0.0,
5687,FMAT,0.0,0.0,0.0,0.0,11.379923820495604,,1.0348100662231443,0.0,0.0,
5688,FMAT,0.0,0.0,0.0,0.0,8.446691513061523,,1.0224575996398926,0.0,0.0,
5689,FMAT,0.0,0.0,0.0,0.0,4.295870304107666,,1.0322537422180176,0.0,0.0,
5690,FMAT,0.0,0.0,0.0,0.0,7.769275665283203,,1.035647988319397,0.0,0.0,
5691,FMAT,0.0,0.0,0.0,0.0,5.123618125915527,,1.054582595825195,0.0,0.0,
5692,FMAT,0.0,0.0,0.0,0.0,9.763046264648438,,1.0240918397903442,0.0,0.0,
5693,FMAT,0.0,0.0,0.0,0.0,11.680761337280272,,1.0344769954681396,0.0,0.0,
5694,FMAT,0.0,0.0,0.0,0.0,22.665903091430664,,1.1270437240600586,0.0,0.0,
5695,FMAT,0.0,0.0,0.0,0.0,4.713903427124023,,1.021531343460083,0.0,0.0,
5696,FMAT,0.0,0.0,0.0,0.0,9.459868431091309,,1.0309263467788696,0.0,0.0,
5697,FMAT,0.0,0.0,0.0,0.0,3.845111608505249,,1.0130506753921509,0.0,0.0,
5698,FMAT,0.0,0.0,0.0,0.0,8.296638488769531,,1.0303118228912354,0.0,0.0,
5699,FMAT,0.0,0.0,0.0,0.0,2.9011940956115723,,1.0022732019424438,0.0,0.0,
5700,FMAT,0.0,0.0,0.0,0.0,8.212381362915039,,1.0155078172683716,0.0,0.0,
5701,FMAT,0.0,0.0,0.0,0.0,8.79297161102295,,1.0197880268096924,0.0,0.0,
5702,FMAT,0.0,0.0,0.0,0.0,2.132185935974121,,1.0203604698181152,0.0,0.0,
5703,FMAT,0.0,0.0,0.0,0.0,4.007811546325684,,1.009115219116211,0.0,0.0,
5704,FMAT,0.0,0.0,0.0,0.0,5.7730793952941895,,1.018486499786377,0.0,0.0,
5705,FMAT,0.0,0.0,0.0,0.0,12.79660701751709,,1.0300065279006958,0.0,0.0,
5706,FMAT,0.0,0.0,0.0,0.0,8.840063095092773,,1.0157291889190674,0.0,0.0,
5707,FMAT,0.0,0.0,0.0,0.0,2.7326104640960693,,1.0151115655899048,0.0,0.0,
5708,FMAT,0.0,0.0,0.0,0.0,5.8851752281188965,,1.008547306060791,0.0,0.0,
5709,FMAT,0.0,0.0,0.0,0.0,2.790769100189209,,1.0032100677490234,0.0,0.0,
5710,FMAT,0.0,0.0,0.0,0.0,7.397367477416992,,1.0226118564605713,0.0,0.0,
5711,FMAT,0.0,0.0,0.0,0.0,2.567267894744873,,1.0166832208633425,0.0,0.0,
5712,FMAT,0.0,0.0,0.0,0.0,2.6069531440734863,,1.0059239864349363,0.0,0.0,
5713,FMAT,0.0,0.0,0.0,0.0,2.384464979171753,,1.0072965621948242,0.0,0.0,
5714,FMAT,0.0,0.0,0.0,0.0,5.222504138946533,,1.0097885131835938,0.0,0.0,
5715,FMAT,0.0,0.0,0.0,0.0,2.2746002674102783,,1.0020829439163208,0.0,0.0,
5716,FMAT,0.0,0.0,0.0,0.0,5.1938323974609375,,1.0209976434707642,0.0,0.0,
5717,FMAT,0.0,0.0,0.0,0.0,1.816417932510376,,1.0018925666809082,0.0,0.0,
5718,FMAT,0.0,0.0,0.0,0.0,7.715128421783447,,1.0135555267333984,0.0,0.0,
5719,FMAT,0.0,0.0,0.0,0.0,11.164183616638184,,1.0267446041107178,0.0,0.0,
5720,FMAT,0.0,0.0,0.0,0.0,5.319453716278076,,1.0110692977905271,0.0,0.0,
5721,FMAT,0.0,0.0,0.0,0.0,7.260738849639893,,1.0447078943252563,0.0,0.0,
5722,FMAT,0.0,0.0,0.0,0.0,3.9031941890716553,,1.0085091590881348,0.0,0.0,
5723,FMAT,0.0,0.0,0.0,0.0,11.095186233520508,,1.0295757055282593,0.0,0.0,
5724,FMAT,0.0,0.0,0.0,0.0,8.353686332702637,,1.0149657726287842,0.0,0.0,
5725,FMAT,0.0,0.0,0.0,0.0,9.296332359313965,,1.0176812410354614,0.0,0.0,
5726,FMAT,0.0,0.0,0.0,0.0,4.002840995788574,,1.0118486881256104,0.0,0.0,
5727,FMAT,0.0,0.0,0.0,0.0,7.899710178375244,,1.0209412574768066,0.0,0.0,
5728,FMAT,0.0,0.0,0.0,0.0,2.41404390335083,,1.018218755722046,0.0,0.0,
5729,FMAT,0.0,0.0,0.0,0.0,7.813395023345947,,1.1438498497009275,0.0,0.0,
5730,FMAT,0.0,0.0,0.0,0.0,6.0780415534973145,,1.0108884572982788,0.0,0.0,
5731,FMAT,0.0,0.0,0.0,0.0,11.23359489440918,,1.0215891599655151,0.0,0.0,
5732,FMAT,0.0,0.0,0.0,0.0,7.555582046508789,,1.0136066675186155,0.0,0.0,
5733,FMAT,0.0,0.0,0.0,0.0,6.114771842956543,,1.0209598541259766,0.0,0.0,
5734,FMAT,0.0,0.0,0.0,0.0,7.667478561401367,,1.027225136756897,0.0,0.0,
5735,FMAT,0.0,0.0,0.0,0.0,10.238624572753906,,1.020238161087036,0.0,0.0,
5736,FMAT,0.0,0.0,0.0,0.0,8.524295806884766,,1.0210044384002686,0.0,0.0,
5737,FMAT,0.0,0.0,0.0,0.0,1.7176467180252075,,1.00212824344635,0.0,0.0,
5738,FMAT,0.0,0.0,0.0,0.0,5.79900598526001,,1.0129369497299194,0.0,0.0,
5739,FMAT,0.0,0.0,0.0,0.0,7.648945331573486,,1.009997010231018,0.0,0.0,
5740,FMAT,0.0,0.0,0.0,0.0,13.108845710754396,,1.037522554397583,0.0,0.0,
5741,ALG,0.0,0.0,0.0,0.0,5.160052299499512,,1.0074180364608765,0.0,0.0,
5742,ALG,0.0,0.0,0.0,0.0,4.921325206756592,,1.0056202411651611,0.0,0.0,
5743,ALG,0.0,0.0,0.0,0.0,14.094649314880373,,1.0330121517181396,0.0,0.0,
5744,ALG,0.0,0.0,0.0,0.0,9.602667808532717,,1.0223259925842283,0.0,0.0,
5745,ALG,0.0,0.0,0.0,0.0,8.010136604309082,,1.011271357536316,0.0,0.0,
5746,ALG,0.0,0.0,0.0,0.0,5.730387210845947,,1.014110445976257,0.0,0.0,
5747,ALG,0.0,0.0,0.0,0.0,2.5766823291778564,,1.0210200548171997,0.0,0.0,
5748,ALG,0.0,0.0,0.0,0.0,3.705764770507813,,1.0037202835083008,0.0,0.0,
5749,ALG,0.0,0.0,0.0,0.0,5.731602191925049,,1.0158363580703735,0.0,0.0,
5750,ALG,0.0,0.0,0.0,0.0,6.207282543182373,,1.0242016315460205,0.0,0.0,
5751,ALG,0.0,0.0,0.0,0.0,4.284850597381592,,1.051687717437744,0.0,0.0,
5752,ALG,0.0,0.0,0.0,0.0,3.1458373069763184,,1.0050764083862305,0.0,0.0,
5753,ALG,0.0,0.0,0.0,0.0,5.278940677642822,,1.045587182044983,0.0,0.0,
5754,ALG,0.0,0.0,0.0,0.0,3.084033250808716,,1.0106735229492188,0.0,0.0,
5755,ALG,0.0,0.0,0.0,0.0,3.0013012886047363,,1.0633575916290283,0.0,0.0,
5756,ALG,0.0,0.0,0.0,0.0,8.825837135314941,,1.0190938711166382,0.0,0.0,
5757,ALG,0.0,0.0,0.0,0.0,10.877010345458984,,1.0891221761703491,0.0,0.0,
5758,ALG,0.0,0.0,0.0,0.0,4.991902828216553,,1.0196248292922974,0.0,0.0,
5759,ALG,0.0,0.0,0.0,0.0,10.034307479858398,,1.033789038658142,0.0,0.0,
5760,FMAT,0.0,0.0,0.0,0.0,4.174262523651123,,1.0203429460525513,0.0,0.0,
5761,FMAT,0.0,0.0,0.0,0.0,12.62519359588623,,1.1281466484069824,0.0,0.0,
5762,FMAT,0.0,0.0,0.0,0.0,2.069998979568481,,1.01298725605011,0.0,0.0,
5763,FMAT,0.0,0.0,0.0,0.0,1.0182595252990725,,1.003133773803711,0.0,0.0,
5764,FMAT,0.0,0.0,0.0,0.0,3.305739641189575,,1.0094350576400757,0.0,0.0,
5765,FMAT,0.0,0.0,0.0,0.0,8.99626350402832,,1.0147801637649536,0.0,0.0,
5766,FMAT,0.0,0.0,0.0,0.0,3.966460466384888,,1.009301781654358,0.0,0.0,
5767,FMAT,0.0,0.0,0.0,0.0,7.4394097328186035,,1.0156843662261963,0.0,0.0,
5768,FMAT,0.0,0.0,0.0,0.0,8.239664077758789,,1.0574445724487305,0.0,0.0,
5769,FMAT,0.0,0.0,0.0,0.0,5.810400009155273,,1.0315314531326294,0.0,0.0,
5770,FMAT,0.0,0.0,0.0,0.0,8.794553756713867,,1.0152153968811035,0.0,0.0,
5771,FMAT,0.0,0.0,0.0,0.0,1.867637038230896,,1.0047167539596558,0.0,0.0,
5772,FMAT,0.0,0.0,0.0,0.0,1.2160072326660156,,1.0042166709899902,0.0,0.0,
5773,FMAT,0.0,0.0,0.0,0.0,3.36731505393982,,1.0156636238098145,0.0,0.0,
5774,FMAT,0.0,0.0,0.0,0.0,10.236685752868652,,1.0275616645812988,0.0,0.0,
5775,FMAT,0.0,0.0,0.0,0.0,10.30436897277832,,1.1120257377624512,0.0,0.0,
5776,FMAT,0.0,0.0,0.0,0.0,9.706830024719238,,1.055936574935913,0.0,0.0,
5777,FMAT,0.0,0.0,0.0,0.0,19.387134552001957,,1.137110948562622,0.0,0.0,
5778,FMAT,0.0,0.0,0.0,0.0,9.260048866271973,,1.0768424272537231,0.0,0.0,
5779,FMAT,0.0,0.0,0.0,0.0,14.946001052856444,,1.0807900428771973,0.0,0.0,
5780,FMAT,0.0,0.0,0.0,0.0,14.53232479095459,,1.1889022588729858,0.0,0.0,
5781,FMAT,0.0,0.0,0.0,0.0,8.157614707946777,,1.1372941732406616,0.0,0.0,
5782,FMAT,0.0,0.0,0.0,0.0,10.026002883911133,,1.0892152786254885,0.0,0.0,
5783,FMAT,0.0,0.0,0.0,0.0,2.238872528076172,,1.02696430683136,0.0,0.0,
5784,FMAT,0.0,0.0,0.0,0.0,12.192663192749023,,1.0556607246398926,0.0,0.0,
5785,FMAT,0.0,0.0,0.0,0.0,3.718825101852417,,1.070931315422058,0.0,0.0,
5786,FMAT,0.0,0.0,0.0,0.0,6.7873711585998535,,1.0649876594543457,0.0,0.0,
5787,FMAT,0.0,0.0,0.0,0.0,8.478331565856934,,1.0327134132385254,0.0,0.0,
5788,FMAT,0.0,0.0,0.0,0.0,4.717118263244629,,1.012707233428955,0.0,0.0,
5789,FMAT,0.0,0.0,0.0,0.0,3.454832077026367,,1.019722580909729,0.0,0.0,
5790,FMAT,0.0,0.0,0.0,0.0,3.2436115741729736,,1.0147329568862915,0.0,0.0,
5791,FMAT,0.0,0.0,0.0,0.0,3.089367151260376,,1.044047713279724,0.0,0.0,
5792,FMAT,0.0,0.0,0.0,0.0,9.698149681091309,,1.094559907913208,0.0,0.0,
5793,FMAT,0.0,0.0,0.0,0.0,8.926900863647461,,1.0574321746826172,0.0,0.0,
5794,FMAT,0.0,0.0,0.0,0.0,5.1490678787231445,,1.009737253189087,0.0,0.0,
5795,FMAT,0.0,0.0,0.0,0.0,9.983080863952637,,1.0589293241500854,0.0,0.0,
5796,FMAT,0.0,0.0,0.0,0.0,10.826313018798828,,1.1130214929580688,0.0,0.0,
5797,FMAT,0.0,0.0,0.0,0.0,9.480265617370604,,1.0831797122955322,0.0,0.0,
5798,FMAT,0.0,0.0,0.0,0.0,3.996812343597412,,1.066855549812317,0.0,0.0,
5799,FMAT,0.0,0.0,0.0,0.0,5.263467788696289,,1.0657252073287964,0.0,0.0,
5800,FMAT,0.0,0.0,0.0,0.0,5.276796817779541,,1.050861120223999,0.0,0.0,
5801,FMAT,0.0,0.0,0.0,0.0,7.782197952270508,,1.0344395637512207,0.0,0.0,
5802,FMAT,0.0,0.0,0.0,0.0,9.08568000793457,,1.0841699838638306,0.0,0.0,
5803,FMAT,0.0,0.0,0.0,0.0,11.398512840270996,,1.0596866607666016,0.0,0.0,
5804,FMAT,0.0,0.0,0.0,0.0,10.91537094116211,,1.091531753540039,0.0,0.0,
5805,FMAT,0.0,0.0,0.0,0.0,4.33362340927124,,1.0895320177078247,0.0,0.0,
5806,FMAT,0.0,0.0,0.0,0.0,9.837343215942385,,1.1719986200332642,0.0,0.0,
5807,FMAT,0.0,0.0,0.0,0.0,11.076861381530762,,1.0707950592041016,0.0,0.0,
5808,FMAT,0.0,0.0,0.0,0.0,18.948671340942383,,1.1526432037353516,0.0,0.0,
5809,FMAT,0.0,0.0,0.0,0.0,15.396506309509276,,1.120779037475586,0.0,0.0,
5810,FMAT,0.0,0.0,0.0,0.0,8.191278457641602,,1.382373332977295,0.0,0.0,
5811,FMAT,0.0,0.0,0.0,0.0,5.363533020019531,,1.0479739904403689,0.0,0.0,
5812,FMAT,0.0,0.0,0.0,0.0,4.33113431930542,,1.0269564390182495,0.0,0.0,
5813,FMAT,0.0,0.0,0.0,0.0,7.422462463378906,,1.0802443027496338,0.0,0.0,
5814,FMAT,0.0,0.0,0.0,0.0,10.60361671447754,,1.089290976524353,0.0,0.0,
5815,FMAT,0.0,0.0,0.0,0.0,2.7878596782684326,,1.050795078277588,0.0,0.0,
5816,FMAT,0.0,0.0,0.0,0.0,10.605146408081056,,1.0971490144729614,0.0,0.0,
5817,FMAT,0.0,0.0,0.0,0.0,6.251555919647217,,1.0616096258163452,0.0,0.0,
5818,FMAT,0.0,0.0,0.0,0.0,2.508303642272949,,1.0292067527770996,0.0,0.0,
5819,FMAT,0.0,0.0,0.0,0.0,3.0799832344055176,,1.031281590461731,0.0,0.0,
5820,FMAT,0.0,0.0,0.0,0.0,7.475852012634277,,1.02406108379364,0.0,0.0,
5821,FMAT,0.0,0.0,0.0,0.0,7.460536956787109,,1.0619056224822998,0.0,0.0,
5822,FMAT,0.0,0.0,0.0,0.0,5.912718772888184,,1.0089921951293943,0.0,0.0,
5823,FMAT,0.0,0.0,0.0,0.0,6.645187854766846,,1.0299137830734253,0.0,0.0,
5824,FMAT,0.0,0.0,0.0,0.0,3.020967721939087,,1.0081158876419067,0.0,0.0,
5825,FMAT,0.0,0.0,0.0,0.0,8.033387184143066,,1.014792799949646,0.0,0.0,
5826,FMAT,0.0,0.0,0.0,0.0,5.016796588897705,,1.0097377300262451,0.0,0.0,
5827,FMAT,0.0,0.0,0.0,0.0,5.717288017272949,,1.0505911111831665,0.0,0.0,
5828,FMAT,0.0,0.0,0.0,0.0,3.3081939220428467,,1.008285641670227,0.0,0.0,
5829,FMAT,0.0,0.0,0.0,0.0,3.165428638458252,,1.0347740650177002,0.0,0.0,
5830,FMAT,0.0,0.0,0.0,0.0,1.94610333442688,,1.0224329233169556,0.0,0.0,
5831,FMAT,0.0,0.0,0.0,0.0,4.012529373168945,,1.0129474401474,0.0,0.0,
5832,FMAT,0.0,0.0,0.0,0.0,4.172549247741699,,1.0169224739074707,0.0,0.0,
5833,FMAT,0.0,0.0,0.0,0.0,5.234668731689453,,1.040140986442566,0.0,0.0,
5834,FMAT,0.0,0.0,0.0,0.0,6.076103210449219,,1.017017126083374,0.0,0.0,
5835,FMAT,0.0,0.0,0.0,0.0,8.073338508605957,,1.022553324699402,0.0,0.0,
5836,FMAT,0.0,0.0,0.0,0.0,9.66799259185791,,1.022605061531067,0.0,0.0,
5837,FMAT,0.0,0.0,0.0,0.0,2.870114326477051,,1.0316482782363892,0.0,0.0,
5838,FMAT,0.0,0.0,0.0,0.0,5.167318820953369,,1.0798125267028809,0.0,0.0,
5839,FMAT,0.0,0.0,0.0,0.0,3.70827579498291,,1.0030713081359863,0.0,0.0,
5840,FMAT,0.0,0.0,0.0,0.0,4.896938800811768,,1.0107052326202393,0.0,0.0,
5841,FMAT,0.0,0.0,0.0,0.0,1.0078376531600952,,1.0047985315322876,0.0,0.0,
5842,FMAT,0.0,0.0,0.0,0.0,3.942511320114136,,1.0230141878128052,0.0,0.0,
5843,FMAT,0.0,0.0,0.0,0.0,5.008728981018066,,1.0344783067703247,0.0,0.0,
5844,FMAT,0.0,0.0,0.0,0.0,4.327038288116455,,1.015779972076416,0.0,0.0,
5845,FMAT,0.0,0.0,0.0,0.0,4.962932586669922,,1.0312336683273315,0.0,0.0,
5846,FMAT,0.0,0.0,0.0,0.0,12.16689682006836,,1.045751690864563,0.0,0.0,
5847,FMAT,0.0,0.0,0.0,0.0,6.086946964263916,,1.0109423398971558,0.0,0.0,
5848,FMAT,0.0,0.0,0.0,0.0,3.2992985248565674,,1.0159316062927246,0.0,0.0,
5849,FMAT,0.0,0.0,0.0,0.0,5.92083215713501,,1.0179409980773926,0.0,0.0,
5850,FMAT,0.0,0.0,0.0,0.0,2.2865993976593018,,1.0049840211868286,0.0,0.0,
5851,FMAT,0.0,0.0,0.0,0.0,5.2693963050842285,,1.0058135986328125,0.0,0.0,
5852,FMAT,0.0,0.0,0.0,0.0,2.2692315578460693,,1.0146173238754272,0.0,0.0,
5853,FMAT,0.0,0.0,0.0,0.0,1.67277991771698,,1.0091649293899536,0.0,0.0,
5854,FMAT,0.0,0.0,0.0,0.0,6.008001804351807,,1.0186973810195925,0.0,0.0,
5855,FMAT,0.0,0.0,0.0,0.0,12.119298934936523,,1.0376628637313845,0.0,0.0,
5856,FMAT,0.0,0.0,0.0,0.0,3.328331470489502,,1.0759838819503784,0.0,0.0,
5857,FMAT,0.0,0.0,0.0,0.0,4.028163909912109,,1.0101662874221802,0.0,0.0,
5858,FMAT,0.0,0.0,0.0,0.0,5.369116306304932,,1.0143427848815918,0.0,0.0,
5859,FMAT,0.0,0.0,0.0,0.0,5.087929725646973,,1.0196598768234253,0.0,0.0,
5860,FMAT,0.0,0.0,0.0,0.0,7.153923511505127,,1.0318769216537476,0.0,0.0,
5861,FMAT,0.0,0.0,0.0,0.0,6.586848258972168,,1.0239118337631226,0.0,0.0,
5862,FMAT,0.0,0.0,0.0,0.0,6.713707447052002,,1.0313289165496826,0.0,0.0,
5863,FMAT,0.0,0.0,0.0,0.0,6.854438781738281,,1.0603429079055786,0.0,0.0,
5864,FMAT,0.0,0.0,0.0,0.0,5.886408805847168,,1.019797921180725,0.0,0.0,
5865,FMAT,0.0,0.0,0.0,0.0,5.858734130859375,,1.0440977811813354,0.0,0.0,
5866,FMAT,0.0,0.0,0.0,0.0,9.55648708343506,,1.062475562095642,0.0,0.0,
5867,FMAT,0.0,0.0,0.0,0.0,4.617982387542725,,1.0316529273986816,0.0,0.0,
5868,FMAT,0.0,0.0,0.0,0.0,7.452432632446289,,1.0519708395004272,0.0,0.0,
5869,FMAT,0.0,0.0,0.0,0.0,6.248169422149658,,1.0309255123138428,0.0,0.0,
5870,FMAT,0.0,0.0,0.0,0.0,3.198169469833374,,1.0313005447387695,0.0,0.0,
5871,FMAT,0.0,0.0,0.0,0.0,3.451420307159424,,1.0403075218200684,0.0,0.0,
5872,FMAT,0.0,0.0,0.0,0.0,8.611071586608887,,1.0604469776153564,0.0,0.0,
5873,FMAT,0.0,0.0,0.0,0.0,6.430224895477295,,1.0241979360580444,0.0,0.0,
5874,FMAT,0.0,0.0,0.0,0.0,3.308985471725464,,1.0095962285995483,0.0,0.0,
5875,FMAT,0.0,0.0,0.0,0.0,3.189374685287476,,1.0122016668319702,0.0,0.0,
5876,FMAT,0.0,0.0,0.0,0.0,7.46802282333374,,1.0197218656539917,0.0,0.0,
5877,FMAT,0.0,0.0,0.0,0.0,3.9763824939727774,,1.016271948814392,0.0,0.0,
5878,FMAT,0.0,0.0,0.0,0.0,5.086435794830322,,1.0256707668304443,0.0,0.0,
5879,FMAT,0.0,0.0,0.0,0.0,7.0218186378479,,1.0141395330429075,0.0,0.0,
5880,FMAT,0.0,0.0,0.0,0.0,4.7418084144592285,,1.0465706586837769,0.0,0.0,
5881,FMAT,0.0,0.0,0.0,0.0,0.5590734481811523,,1.0236215591430664,0.0,0.0,
5882,FMAT,0.0,0.0,0.0,0.0,4.938798427581787,,1.0204776525497437,0.0,0.0,
5883,FMAT,0.0,0.0,0.0,0.0,2.868628740310669,,1.0105189085006714,0.0,0.0,
5884,FMAT,0.0,0.0,0.0,0.0,3.4357833862304688,,1.008974552154541,0.0,0.0,
5885,FMAT,0.0,0.0,0.0,0.0,4.623186111450195,,1.0052169561386108,0.0,0.0,
5886,FMAT,0.0,0.0,0.0,0.0,3.3730289936065674,,1.0057971477508545,0.0,0.0,
5887,FMAT,0.0,0.0,0.0,0.0,6.5127668380737305,,1.0147087574005127,0.0,0.0,
5888,FMAT,0.0,0.0,0.0,0.0,4.857413291931152,,1.0323972702026367,0.0,0.0,
5889,FMAT,0.0,0.0,0.0,0.0,3.43692684173584,,1.0089033842086792,0.0,0.0,
5890,FMAT,0.0,0.0,0.0,0.0,2.3689520359039307,,1.004365086555481,0.0,0.0,
5891,FMAT,0.0,0.0,0.0,0.0,2.4997498989105225,,1.0026589632034302,0.0,0.0,
5892,FMAT,0.0,0.0,0.0,0.0,7.063484191894531,,1.0124136209487915,0.0,0.0,
5893,FMAT,0.0,0.0,0.0,0.0,7.502213001251221,,1.0136085748672483,0.0,0.0,
5894,FMAT,0.0,0.0,0.0,0.0,5.20269775390625,,1.0085898637771606,0.0,0.0,
5895,FMAT,0.0,0.0,0.0,0.0,4.128395080566406,,1.0250898599624634,0.0,0.0,
5896,FMAT,0.0,0.0,0.0,0.0,5.309752464294434,,1.0116584300994873,0.0,0.0,
5897,FMAT,0.0,0.0,0.0,0.0,8.049935340881348,,1.0272160768508911,0.0,0.0,
5898,FMAT,0.0,0.0,0.0,0.0,2.87602972984314,,1.040084958076477,0.0,0.0,
5899,FMAT,0.0,0.0,0.0,0.0,2.012424945831299,,1.012999415397644,0.0,0.0,
5900,FMAT,0.0,0.0,0.0,0.0,6.916195869445801,,1.0528517961502075,0.0,0.0,
5901,FMAT,0.0,0.0,0.0,0.0,6.4216132164001465,,1.0438828468322754,0.0,0.0,
5902,FMAT,0.0,0.0,0.0,0.0,7.553329467773437,,1.0428119897842407,0.0,0.0,
5903,FMAT,0.0,0.0,0.0,0.0,7.901937007904053,,1.0726075172424316,0.0,0.0,
5904,FMAT,0.0,0.0,0.0,0.0,8.57460880279541,,1.0333099365234375,0.0,0.0,
5905,FMAT,0.0,0.0,0.0,0.0,3.053961515426636,,1.0820932388305664,0.0,0.0,
5906,FMAT,0.0,0.0,0.0,0.0,11.94294548034668,,1.0902440547943115,0.0,0.0,
5907,FMAT,0.0,0.0,0.0,0.0,5.179334163665772,,1.0253392457962036,0.0,0.0,
5908,FMAT,0.0,0.0,0.0,0.0,8.625655174255371,,1.0409477949142456,0.0,0.0,
5909,FMAT,0.0,0.0,0.0,0.0,3.480886220932007,,1.006472945213318,0.0,0.0,
5910,FMAT,0.0,0.0,0.0,0.0,6.932612895965576,,1.0174587965011597,0.0,0.0,
5911,FMAT,0.0,0.0,0.0,0.0,2.75701642036438,,1.0096255540847778,0.0,0.0,
5912,FMAT,0.0,0.0,0.0,0.0,4.615099906921387,,1.0159262418746948,0.0,0.0,
5913,FMAT,0.0,0.0,0.0,0.0,14.889384269714355,,1.094926834106445,0.0,0.0,
5914,FMAT,0.0,0.0,0.0,0.0,3.7884137630462646,,1.0133004188537598,0.0,0.0,
5915,FMAT,0.0,0.0,0.0,0.0,2.9316670894622803,,1.0040302276611328,0.0,0.0,
5916,FMAT,0.0,0.0,0.0,0.0,2.1378676891326904,,1.004265069961548,0.0,0.0,
5917,FMAT,0.0,0.0,0.0,0.0,8.010933876037598,,1.0139336585998535,0.0,0.0,
5918,FMAT,0.0,0.0,0.0,0.0,7.649217128753662,,1.0613391399383545,0.0,0.0,
5919,FMAT,0.0,0.0,0.0,0.0,9.48737621307373,,1.0691487789154053,0.0,0.0,
5920,FMAT,0.0,0.0,0.0,0.0,7.155820369720459,,1.0415418148040771,0.0,0.0,
5921,FMAT,0.0,0.0,0.0,0.0,4.48571252822876,,1.0148444175720217,0.0,0.0,
5922,FMAT,0.0,0.0,0.0,0.0,7.89430046081543,,1.0241694450378418,0.0,0.0,
5923,FMAT,0.0,0.0,0.0,0.0,2.431679010391236,,1.0021535158157349,0.0,0.0,
5924,FMAT,0.0,0.0,0.0,0.0,5.402414321899414,,1.0085331201553345,0.0,0.0,
5925,FMAT,0.0,0.0,0.0,0.0,8.866337776184082,,1.0134377479553225,0.0,0.0,
5926,FMAT,0.0,0.0,0.0,0.0,0.1976519525051117,,1.0026631355285645,0.0,0.0,
5927,FMAT,0.0,0.0,0.0,0.0,6.329214572906494,,1.0220366716384888,0.0,0.0,
5928,FMAT,0.0,0.0,0.0,0.0,17.529287338256836,,1.0823400020599363,0.0,0.0,
5929,FMAT,0.0,0.0,0.0,0.0,8.194387435913086,,1.0626935958862305,0.0,0.0,
5930,FMAT,0.0,0.0,0.0,0.0,8.515771865844727,,1.0361436605453491,0.0,0.0,
5931,FMAT,0.0,0.0,0.0,0.0,1.4861706495285034,,1.0362838506698608,0.0,0.0,
5932,FMAT,0.0,0.0,0.0,0.0,3.4971587657928467,,1.0220342874526978,0.0,0.0,
5933,FMAT,0.0,0.0,0.0,0.0,6.449872016906738,,1.0213890075683594,0.0,0.0,
5934,FMAT,0.0,0.0,0.0,0.0,6.38316011428833,,1.0479133129119873,0.0,0.0,
5935,FMAT,0.0,0.0,0.0,0.0,8.8854341506958,,1.029281497001648,0.0,0.0,
5936,FMAT,0.0,0.0,0.0,0.0,16.068893432617188,,1.139149188995361,0.0,0.0,
5937,FMAT,0.0,0.0,0.0,0.0,4.12006425857544,,1.045149564743042,0.0,0.0,
5938,FMAT,0.0,0.0,0.0,0.0,14.645875930786133,,1.0954463481903076,0.0,0.0,
5939,FMAT,0.0,0.0,0.0,0.0,10.25271987915039,,1.05544912815094,0.0,0.0,
5940,FMAT,0.0,0.0,0.0,0.0,8.154078483581543,,1.1909711360931396,0.0,0.0,
5941,FMAT,0.0,0.0,0.0,0.0,6.499814033508301,,1.1192708015441897,0.0,0.0,
5942,FMAT,0.0,0.0,0.0,0.0,3.785799503326416,,1.0503010749816897,0.0,0.0,
5943,FMAT,0.0,0.0,0.0,0.0,7.443171977996826,,1.022136688232422,0.0,0.0,
5944,FMAT,0.0,0.0,0.0,0.0,3.0547573566436768,,1.0378637313842771,0.0,0.0,
5945,FMAT,0.0,0.0,0.0,0.0,2.0778844356536865,,1.042604684829712,0.0,0.0,
5946,FMAT,0.0,0.0,0.0,0.0,9.477734565734863,,1.11146879196167,0.0,0.0,
5947,FMAT,0.0,0.0,0.0,0.0,10.925793647766112,,1.1227697134017944,0.0,0.0,
5948,FMAT,0.0,0.0,0.0,0.0,8.459836959838867,,1.0253053903579712,0.0,0.0,
5949,FMAT,0.0,0.0,0.0,0.0,14.8337984085083,,1.1780375242233276,0.0,0.0,
5950,FMAT,0.0,0.0,0.0,0.0,11.63396167755127,,1.1183868646621704,0.0,0.0,
5951,FMAT,0.0,0.0,0.0,0.0,15.828202247619627,,1.0731638669967651,0.0,0.0,
5952,FMAT,0.0,0.0,0.0,0.0,5.132928848266602,,1.0185284614562988,0.0,0.0,
5953,FMAT,0.0,0.0,0.0,0.0,5.77425479888916,,1.022396206855774,0.0,0.0,
5954,FMAT,0.0,0.0,0.0,0.0,5.63193941116333,,1.0622645616531372,0.0,0.0,
5955,FMAT,0.0,0.0,0.0,0.0,6.502545833587647,,1.0407904386520386,0.0,0.0,
5956,FMAT,0.0,0.0,0.0,0.0,6.015888214111328,,1.0381146669387815,0.0,0.0,
5957,FMAT,0.0,0.0,0.0,0.0,19.803686141967773,,1.087306022644043,0.0,0.0,
5958,FMAT,0.0,0.0,0.0,0.0,4.944725036621094,,1.0932279825210571,0.0,0.0,
5959,FMAT,0.0,0.0,0.0,0.0,10.549555778503418,,1.1462525129318235,0.0,0.0,
5960,FMAT,0.0,0.0,0.0,0.0,7.107639789581299,,1.0983856916427612,0.0,0.0,
5961,FMAT,0.0,0.0,0.0,0.0,14.428630828857422,,1.0968152284622192,0.0,0.0,
5962,FMAT,0.0,0.0,0.0,0.0,0.7878620624542236,,1.176542043685913,0.0,0.0,
5963,FMAT,0.0,0.0,0.0,0.0,6.817769527435303,,1.1944564580917358,0.0,0.0,
5964,FMAT,0.0,0.0,0.0,0.0,5.197329521179199,,1.0293375253677368,0.0,0.0,
5965,FMAT,0.0,0.0,0.0,0.0,5.437417984008789,,1.0362976789474487,0.0,0.0,
5966,FMAT,0.0,0.0,0.0,0.0,7.907074928283691,,1.0418283939361572,0.0,0.0,
5967,FMAT,0.0,0.0,0.0,0.0,3.1441750526428223,,1.010772705078125,0.0,0.0,
5968,FMAT,0.0,0.0,0.0,0.0,0.9964052438735962,,1.0489568710327148,0.0,0.0,
5969,FMAT,0.0,0.0,0.0,0.0,10.66555118560791,,1.0518927574157717,0.0,0.0,
5970,FMAT,0.0,0.0,0.0,0.0,6.859927654266357,,1.0587506294250488,0.0,0.0,
5971,FMAT,0.0,0.0,0.0,0.0,2.534497022628784,,1.0290215015411377,0.0,0.0,
5972,FMAT,0.0,0.0,0.0,0.0,6.170140743255615,,1.0514425039291382,0.0,0.0,
5973,FMAT,0.0,0.0,0.0,0.0,13.789588928222656,,1.0406692028045654,0.0,0.0,
5974,FMAT,0.0,0.0,0.0,0.0,8.189115524291992,,1.110784649848938,0.0,0.0,
5975,FMAT,0.0,0.0,0.0,0.0,7.089542388916016,,1.0656286478042605,0.0,0.0,
5976,FMAT,0.0,0.0,0.0,0.0,9.17077350616455,,1.028025507926941,0.0,0.0,
5977,FMAT,0.0,0.0,0.0,0.0,2.346229314804077,,1.044651985168457,0.0,0.0,
5978,FMAT,0.0,0.0,0.0,0.0,10.275790214538574,,1.06456196308136,0.0,0.0,
5979,FMAT,0.0,0.0,0.0,0.0,3.5084550380706787,,1.008319616317749,0.0,0.0,
5980,FMAT,0.0,0.0,0.0,0.0,6.655043601989746,,1.050845503807068,0.0,0.0,
5981,FMAT,0.0,0.0,0.0,0.0,8.44823169708252,,1.069820761680603,0.0,0.0,
5982,FMAT,0.0,0.0,0.0,0.0,9.859560012817385,,1.062574028968811,0.0,0.0,
5983,FMAT,0.0,0.0,0.0,0.0,6.110569477081299,,1.0940029621124268,0.0,0.0,
5984,FMAT,0.0,0.0,0.0,0.0,19.56460189819336,,1.1995294094085691,0.0,0.0,
5985,FMAT,0.0,0.0,0.0,0.0,8.174182891845703,,1.0588347911834717,0.0,0.0,
5986,FMAT,0.0,0.0,0.0,0.0,9.439793586730955,,1.2028270959854126,0.0,0.0,
5987,FMAT,0.0,0.0,0.0,0.0,4.881282329559326,,1.19337260723114,0.0,0.0,
5988,FMAT,0.0,0.0,0.0,0.0,3.1443893909454346,,1.035201072692871,0.0,0.0,
5989,FMAT,0.0,0.0,0.0,0.0,6.728106021881104,,1.0717064142227173,0.0,0.0,
5990,FMAT,0.0,0.0,0.0,0.0,11.58798122406006,,1.0683763027191162,0.0,0.0,
5991,FMAT,0.0,0.0,0.0,0.0,10.934993743896484,,1.1118041276931765,0.0,0.0,
5992,FMAT,0.0,0.0,0.0,0.0,6.104061126708984,,1.052883505821228,0.0,0.0,
5993,FMAT,0.0,0.0,0.0,0.0,7.419500827789307,,1.0306142568588257,0.0,0.0,
5994,FMAT,0.0,0.0,0.0,0.0,21.294353485107425,,1.0920883417129517,0.0,0.0,
5995,SGAM,0.0,0.0,0.0,0.0,10.6118803024292,,1.0447529554367063,0.0,0.0,
5996,SGAM,0.0,0.0,0.0,0.0,9.056207656860352,,1.0538530349731443,0.0,0.0,
5997,SGAM,0.0,0.0,0.0,0.0,5.238096237182617,,1.011721968650818,0.0,0.0,
5998,SGAM,0.0,0.0,0.0,0.0,4.73514461517334,,1.0725338459014893,0.0,0.0,
5999,SGAM,0.0,0.0,0.0,0.0,6.381869792938232,,1.0200549364089966,0.0,0.0,
6000,SGAM,0.0,0.0,0.0,0.0,4.396020412445068,,1.050081491470337,0.0,0.0,
6001,SGAM,0.0,0.0,0.0,0.0,5.172883033752441,,1.1945360898971558,0.0,0.0,
6002,SGAM,0.0,0.0,0.0,0.0,9.28273105621338,,1.101897120475769,0.0,0.0,
6003,SGAM,0.0,0.0,0.0,0.0,5.626632690429688,,1.130788803100586,0.0,0.0,
6004,SGAM,0.0,0.0,0.0,0.0,8.946330070495605,,1.0260772705078125,0.0,0.0,
6005,SGAM,0.0,0.0,0.0,0.0,9.176820755004885,,1.0886722803115845,0.0,0.0,
6006,SGAM,0.0,0.0,0.0,0.0,6.622403621673584,,1.0882408618927002,0.0,0.0,
6007,SGAM,0.0,0.0,0.0,0.0,8.036508560180664,,1.053325057029724,0.0,0.0,
6008,SGAM,0.0,0.0,0.0,0.0,2.362758159637451,,1.0260201692581177,0.0,0.0,
6009,SGAM,0.0,0.0,0.0,0.0,9.427569389343262,,1.142317295074463,0.0,0.0,
6010,SGAM,0.0,0.0,0.0,0.0,13.03973388671875,,1.086501121520996,0.0,0.0,
6011,SGAM,0.0,0.0,0.0,0.0,12.055233001708984,,1.0768941640853882,0.0,0.0,
6012,SGAM,0.0,0.0,0.0,0.0,8.002462387084961,,1.144788146018982,0.0,0.0,
6013,SGAM,0.0,0.0,0.0,0.0,12.342448234558104,,1.3044962882995603,0.0,0.0,
6014,SGAM,0.0,0.0,0.0,0.0,14.335205078125,,1.0608575344085691,0.0,0.0,
6015,SGAM,0.0,0.0,0.0,0.0,10.210332870483398,,1.0681713819503784,0.0,0.0,
6016,SGAM,0.0,0.0,0.0,0.0,5.162304878234863,,1.0817986726760864,0.0,0.0,
6017,SGAM,0.0,0.0,0.0,0.0,10.81051254272461,,1.1071122884750366,0.0,0.0,
6018,SGAM,0.0,0.0,0.0,0.0,18.69386863708496,,1.0949639081954956,0.0,0.0,
6019,SGAM,0.0,0.0,0.0,0.0,4.044845104217529,,1.1326894760131836,0.0,0.0,
6020,SGAM,0.0,0.0,0.0,0.0,3.406190156936645,,1.0867680311203003,0.0,0.0,
6021,SGAM,0.0,0.0,0.0,0.0,18.79742431640625,,1.1357202529907229,0.0,0.0,
6022,SGAM,0.0,0.0,0.0,0.0,8.255782127380371,,1.1077628135681152,0.0,0.0,
6023,SGAM,0.0,0.0,0.0,0.0,1.512650728225708,,1.1368767023086548,0.0,0.0,
6024,SGAM,0.0,0.0,0.0,0.0,5.796850204467773,,1.1481812000274658,0.0,0.0,
6025,SGAM,0.0,0.0,0.0,0.0,12.444331169128418,,1.0654102563858032,0.0,0.0,
6026,SGAM,0.0,0.0,0.0,0.0,3.607693910598755,,1.1091923713684082,0.0,0.0,
6027,SGAM,0.0,0.0,0.0,0.0,2.3689494132995605,,1.171690821647644,0.0,0.0,
6028,SGAM,0.0,0.0,0.0,0.0,7.3470988273620605,,1.129441738128662,0.0,0.0,
6029,SGAM,0.0,0.0,0.0,0.0,7.227528572082519,,1.0998932123184204,0.0,0.0,
6030,SGAM,0.0,0.0,0.0,0.0,5.039656639099121,,1.0297125577926636,0.0,0.0,
6031,SGAM,0.0,0.0,0.0,0.0,5.019948959350586,,1.0240600109100342,0.0,0.0,
6032,SGAM,0.0,0.0,0.0,0.0,12.472846031188965,,1.045043706893921,0.0,0.0,
6033,SGAM,0.0,0.0,0.0,0.0,8.959610939025879,,1.074002027511597,0.0,0.0,
6034,SGAM,0.0,0.0,0.0,0.0,15.72485065460205,,1.1089556217193604,0.0,0.0,
6035,SGAM,0.0,0.0,0.0,0.0,23.99007797241211,,1.125562071800232,0.0,0.0,
6036,SGAM,0.0,0.0,0.0,0.0,15.85832405090332,,1.0639069080352783,0.0,0.0,
6037,SGAM,0.0,0.0,0.0,0.0,12.106426239013672,,1.0392608642578125,0.0,0.0,
6038,SGAM,0.0,0.0,0.0,0.0,2.863405466079712,,1.0043785572052002,0.0,0.0,
6039,SGAM,0.0,0.0,0.0,0.0,3.530104875564575,,1.0027992725372314,0.0,0.0,
6040,SGAM,0.0,0.0,0.0,0.0,1.4818047285079956,,1.0062942504882812,0.0,0.0,
6041,SGAM,0.0,0.0,0.0,0.0,6.625339984893799,,1.0105679035186768,0.0,0.0,
6042,SGAM,0.0,0.0,0.0,0.0,5.431334495544434,,1.0080019235610962,0.0,0.0,
6043,SGAM,0.0,0.0,0.0,0.0,4.54328727722168,,1.0126805305480957,0.0,0.0,
6044,SGAM,0.0,0.0,0.0,0.0,5.53666353225708,,1.006121277809143,0.0,0.0,
6045,SGAM,0.0,0.0,0.0,0.0,4.108572006225586,,1.003800392150879,0.0,0.0,
6046,SGAM,0.0,0.0,0.0,0.0,1.483682632446289,,1.00196635723114,0.0,0.0,
6047,SGAM,0.0,0.0,0.0,0.0,1.6233422756195068,,1.0008355379104614,0.0,0.0,
6048,SGAM,0.0,0.0,0.0,0.0,2.2700936794281006,,1.0023893117904663,0.0,0.0,
6049,SGAM,0.0,0.0,0.0,0.0,4.04022741317749,,1.007909893989563,0.0,0.0,
6050,SGAM,0.0,0.0,0.0,0.0,4.6992387771606445,,1.018979787826538,0.0,0.0,
6051,SGAM,0.0,0.0,0.0,0.0,6.281398773193359,,1.0229191780090332,0.0,0.0,
6052,SGAM,0.0,0.0,0.0,0.0,1.128406047821045,,1.0029138326644895,0.0,0.0,
6053,SGAM,0.0,0.0,0.0,0.0,19.10131454467773,,1.065792202949524,0.0,0.0,
6054,SGAM,0.0,0.0,0.0,0.0,11.03265380859375,,1.032703161239624,0.0,0.0,
6055,SGAM,0.0,0.0,0.0,0.0,9.794306755065918,,1.0482994318008425,0.0,0.0,
6056,SGAM,0.0,0.0,0.0,0.0,1.890891909599304,,1.001899480819702,0.0,0.0,
6057,SGAM,0.0,0.0,0.0,0.0,7.896819114685059,,1.01502525806427,0.0,0.0,
6058,SGAM,0.0,0.0,0.0,0.0,6.468781471252441,,1.0186229944229126,0.0,0.0,
6059,SGAM,0.0,0.0,0.0,0.0,11.712074279785156,,1.0904439687728882,0.0,0.0,
6060,SGAM,0.0,0.0,0.0,0.0,10.058353424072266,,1.0319639444351196,0.0,0.0,
6061,SGAM,0.0,0.0,0.0,0.0,7.04684591293335,,1.0311352014541626,0.0,0.0,
6062,SGAM,0.0,0.0,0.0,0.0,3.3924307823181152,,1.0151629447937012,0.0,0.0,
6063,SGAM,0.0,0.0,0.0,0.0,9.553363800048828,,1.027155518531799,0.0,0.0,
6064,SGAM,0.0,0.0,0.0,0.0,5.475944995880127,,1.0232998132705688,0.0,0.0,
6065,SGAM,0.0,0.0,0.0,0.0,14.763277053833008,,1.050447702407837,0.0,0.0,
6066,SGAM,0.0,0.0,0.0,0.0,12.145970344543455,,1.0361344814300537,0.0,0.0,
6067,SGAM,0.0,0.0,0.0,0.0,6.579179763793945,,1.019292950630188,0.0,0.0,
6068,SGAM,0.0,0.0,0.0,0.0,6.99336576461792,,1.021676778793335,0.0,0.0,
6069,SGAM,0.0,0.0,0.0,0.0,10.60878562927246,,1.021386742591858,0.0,0.0,
6070,SGAM,0.0,0.0,0.0,0.0,5.995733737945557,,1.067499756813049,0.0,0.0,
6071,SGAM,0.0,0.0,0.0,0.0,5.343978404998779,,1.00780987739563,0.0,0.0,
6072,SGAM,0.0,0.0,0.0,0.0,3.059565782546997,,1.0163027048110962,0.0,0.0,
6073,FMAT,0.0,0.0,0.0,0.0,6.800307273864746,,1.0362318754196167,0.0,0.0,
6074,FMAT,0.0,0.0,0.0,0.0,4.833802700042725,,1.0173131227493286,0.0,0.0,
6075,FMAT,0.0,0.0,0.0,0.0,2.3162569999694824,,1.002547025680542,0.0,0.0,
6076,FMAT,0.0,0.0,0.0,0.0,3.197805166244507,,1.0047558546066284,0.0,0.0,
6077,FMAT,0.0,0.0,0.0,0.0,0.9692776799201964,,1.0021361112594604,0.0,0.0,
6078,FMAT,0.0,0.0,0.0,0.0,0.882002592086792,,1.0044437646865845,0.0,0.0,
6079,FMAT,0.0,0.0,0.0,0.0,12.544879913330078,,1.0313665866851809,0.0,0.0,
6080,FMAT,0.0,0.0,0.0,0.0,1.9471379518508911,,1.0027066469192505,0.0,0.0,
6081,FMAT,0.0,0.0,0.0,0.0,3.462278127670288,,1.0057876110076904,0.0,0.0,
6082,FMAT,0.0,0.0,0.0,0.0,3.732167005538941,,1.0217310190200806,0.0,0.0,
6083,FMAT,0.0,0.0,0.0,0.0,9.10459804534912,,1.0151655673980713,0.0,0.0,
6084,FMAT,0.0,0.0,0.0,0.0,2.122467517852783,,1.0009247064590454,0.0,0.0,
6085,FMAT,0.0,0.0,0.0,0.0,3.1591358184814453,,1.0042099952697754,0.0,0.0,
6086,FMAT,0.0,0.0,0.0,0.0,1.426616668701172,,1.0170973539352417,0.0,0.0,
6087,FMAT,0.0,0.0,0.0,0.0,6.030977725982666,,1.009718656539917,0.0,0.0,
6088,FMAT,0.0,0.0,0.0,0.0,4.43667459487915,,1.013414978981018,0.0,0.0,
6089,FMAT,0.0,0.0,0.0,0.0,6.346808910369873,,1.0142511129379272,0.0,0.0,
6090,FMAT,0.0,0.0,0.0,0.0,1.985071063041687,,1.0054206848144531,0.0,0.0,
6091,FMAT,0.0,0.0,0.0,0.0,5.683869361877441,,1.0192705392837524,0.0,0.0,
6092,FMAT,0.0,0.0,0.0,0.0,6.7723917961120605,,1.0119491815567017,0.0,0.0,
6093,FMAT,0.0,0.0,0.0,0.0,0.7809359431266785,,1.0037871599197388,0.0,0.0,
6094,FMAT,0.0,0.0,0.0,0.0,7.66372013092041,,1.026731014251709,0.0,0.0,
6095,FMAT,0.0,0.0,0.0,0.0,6.878679275512695,,1.0207113027572632,0.0,0.0,
6096,FMAT,0.0,0.0,0.0,0.0,8.573478698730469,,1.0287202596664429,0.0,0.0,
6097,FMAT,0.0,0.0,0.0,0.0,6.716386795043945,,1.015471339225769,0.0,0.0,
6098,FMAT,0.0,0.0,0.0,0.0,5.724772930145264,,1.0110552310943604,0.0,0.0,
6099,FMAT,0.0,0.0,0.0,0.0,1.7476576566696167,,1.004550814628601,0.0,0.0,
6100,FMAT,0.0,0.0,0.0,0.0,2.215611219406128,,1.0031232833862305,0.0,0.0,
6101,FMAT,0.0,0.0,0.0,0.0,2.3872146606445312,,1.0085513591766355,0.0,0.0,
6102,FMAT,0.0,0.0,0.0,0.0,5.742709159851074,,1.0108704566955566,0.0,0.0,
6103,FMAT,0.0,0.0,0.0,0.0,3.329803705215454,,1.0082602500915527,0.0,0.0,
6104,FMAT,0.0,0.0,0.0,0.0,5.41386604309082,,1.0102430582046509,0.0,0.0,
6105,FMAT,0.0,0.0,0.0,0.0,14.659038543701172,,1.0396560430526731,0.0,0.0,
6106,FMAT,0.0,0.0,0.0,0.0,14.26052188873291,,1.0510462522506714,0.0,0.0,
6107,FMAT,0.0,0.0,0.0,0.0,11.798492431640623,,1.023666262626648,0.0,0.0,
6108,FMAT,0.0,0.0,0.0,0.0,7.627250671386719,,1.0182560682296753,0.0,0.0,
6109,FMAT,0.0,0.0,0.0,0.0,1.9753574132919312,,1.00959312915802,0.0,0.0,
6110,FMAT,0.0,0.0,0.0,0.0,4.617467880249023,,1.0091135501861572,0.0,0.0,
6111,FMAT,0.0,0.0,0.0,0.0,2.221146583557129,,1.0070412158966064,0.0,0.0,
6112,FMAT,0.0,0.0,0.0,0.0,8.467402458190918,,1.0141671895980835,0.0,0.0,
6113,FMAT,0.0,0.0,0.0,0.0,10.73852252960205,,1.029038429260254,0.0,0.0,
6114,FMAT,0.0,0.0,0.0,0.0,2.6501941680908203,,1.0126705169677734,0.0,0.0,
6115,FMAT,0.0,0.0,0.0,0.0,3.202062129974365,,1.0071202516555786,0.0,0.0,
6116,FMAT,0.0,0.0,0.0,0.0,3.941656827926636,,1.0187116861343384,0.0,0.0,
6117,FMAT,0.0,0.0,0.0,0.0,8.186319351196289,,1.0357544422149658,0.0,0.0,
6118,FMAT,0.0,0.0,0.0,0.0,1.9035289287567136,,1.0086241960525513,0.0,0.0,
6119,FMAT,0.0,0.0,0.0,0.0,2.933706521987915,,1.0119116306304932,0.0,0.0,
6120,FMAT,0.0,0.0,0.0,0.0,4.588457107543945,,1.0214273929595947,0.0,0.0,
6121,FMAT,0.0,0.0,0.0,0.0,6.047831535339356,,1.012936234474182,0.0,0.0,
6122,FMAT,0.0,0.0,0.0,0.0,1.7670974731445312,,1.0290623903274536,0.0,0.0,
6123,FMAT,0.0,0.0,0.0,0.0,3.149017095565796,,1.0109091997146606,0.0,0.0,
6124,FMAT,0.0,0.0,0.0,0.0,4.667962551116943,,1.0295220613479614,0.0,0.0,
6125,FMAT,0.0,0.0,0.0,0.0,5.491332054138184,,1.0120335817337036,0.0,0.0,
6126,FMAT,0.0,0.0,0.0,0.0,0.1662498414516449,,1.0117374658584597,0.0,0.0,
6127,FMAT,0.0,0.0,0.0,0.0,11.63183879852295,,1.0659019947052002,0.0,0.0,
6128,FMAT,0.0,0.0,0.0,0.0,3.606950044631958,,1.01057231426239,0.0,0.0,
6129,FMAT,0.0,0.0,0.0,0.0,2.972834825515747,,1.018006682395935,0.0,0.0,
6130,FMAT,0.0,0.0,0.0,0.0,3.4182703495025635,,1.0079230070114136,0.0,0.0,
6131,FMAT,0.0,0.0,0.0,0.0,1.3400847911834717,,1.0028702020645142,0.0,0.0,
6132,FMAT,0.0,0.0,0.0,0.0,2.1740081310272217,,1.004019021987915,0.0,0.0,
6133,FMAT,0.0,0.0,0.0,0.0,4.299428939819336,,1.0089194774627686,0.0,0.0,
6134,FMAT,0.0,0.0,0.0,0.0,4.616662979125977,,1.039198875427246,0.0,0.0,
6135,FMAT,0.0,0.0,0.0,0.0,0.364487737417221,,1.0261677503585815,0.0,0.0,
6136,FMAT,0.0,0.0,0.0,0.0,8.527127265930176,,1.0411148071289062,0.0,0.0,
6137,FMAT,0.0,0.0,0.0,0.0,3.563476085662842,,1.0125792026519775,0.0,0.0,
6138,FMAT,0.0,0.0,0.0,0.0,8.964268684387207,,1.0275654792785645,0.0,0.0,
6139,FMAT,0.0,0.0,0.0,0.0,9.15004825592041,,1.019225835800171,0.0,0.0,
6140,FMAT,0.0,0.0,0.0,0.0,7.831248760223389,,1.0125244855880735,0.0,0.0,
6141,FMAT,0.0,0.0,0.0,0.0,4.03180742263794,,1.0149071216583252,0.0,0.0,
6142,FMAT,0.0,0.0,0.0,0.0,5.581767559051514,,1.007755160331726,0.0,0.0,
6143,FMAT,0.0,0.0,0.0,0.0,9.392622947692873,,1.0186223983764648,0.0,0.0,
6144,FMAT,0.0,0.0,0.0,0.0,1.173359513282776,,1.0019216537475586,0.0,0.0,
6145,SGAM,0.0,0.0,0.0,0.0,0.4299777746200561,,1.0045840740203855,0.0,0.0,
6146,SGAM,0.0,0.0,0.0,0.0,3.1756505966186523,,1.0034621953964231,0.0,0.0,
6147,SGAM,0.0,0.0,0.0,0.0,3.490313768386841,,1.0030841827392578,0.0,0.0,
6148,SGAM,0.0,0.0,0.0,0.0,2.753319501876831,,1.005312204360962,0.0,0.0,
6149,SGAM,0.0,0.0,0.0,0.0,1.7380291223526,,1.003975510597229,0.0,0.0,
6150,SGAM,0.0,0.0,0.0,0.0,2.8975155353546143,,1.0019724369049072,0.0,0.0,
6151,SGAM,0.0,0.0,0.0,0.0,5.168856143951416,,1.006356954574585,0.0,0.0,
6152,SGAM,0.0,0.0,0.0,0.0,14.01190185546875,,1.033639669418335,0.0,0.0,
6153,SGAM,0.0,0.0,0.0,0.0,8.16938591003418,,1.0159286260604858,0.0,0.0,
6154,SGAM,0.0,0.0,0.0,0.0,2.4424502849578857,,1.004830837249756,0.0,0.0,
6155,SGAM,0.0,0.0,0.0,0.0,2.835475444793701,,1.010805606842041,0.0,0.0,
6156,SGAM,0.0,0.0,0.0,0.0,6.70944881439209,,1.0879943370819092,0.0,0.0,
6157,SGAM,0.0,0.0,0.0,0.0,1.8633568286895752,,1.0139355659484863,0.0,0.0,
6158,SGAM,0.0,0.0,0.0,0.0,8.380660057067871,,1.0407403707504272,0.0,0.0,
6159,SGAM,0.0,0.0,0.0,0.0,9.226357460021973,,1.0549143552780151,0.0,0.0,
6160,SGAM,0.0,0.0,0.0,0.0,6.068302631378174,,1.0139542818069458,0.0,0.0,
6161,SGAM,0.0,0.0,0.0,0.0,10.644122123718262,,1.0773661136627195,0.0,0.0,
6162,SGAM,0.0,0.0,0.0,0.0,1.2101045846939087,,1.0191044807434082,0.0,0.0,
6163,SGAM,0.0,0.0,0.0,0.0,4.713912963867188,,1.0159987211227417,0.0,0.0,
6164,SGAM,0.0,0.0,0.0,0.0,1.895612120628357,,1.0049668550491333,0.0,0.0,
6165,SGAM,0.0,0.0,0.0,0.0,2.225036144256592,,1.006977081298828,0.0,0.0,
6166,SGAM,0.0,0.0,0.0,0.0,2.4629569053649902,,1.011985421180725,0.0,0.0,
6167,SGAM,0.0,0.0,0.0,0.0,0.1387404203414917,,1.0023255348205566,0.0,0.0,
6168,SGAM,0.0,0.0,0.0,0.0,1.766661524772644,,1.0051941871643066,0.0,0.0,
6169,SGAM,0.0,0.0,0.0,0.0,6.229866981506348,,1.0093847513198853,0.0,0.0,
6170,SGAM,0.0,0.0,0.0,0.0,4.8835062980651855,,1.006225824356079,0.0,0.0,
6171,SGAM,0.0,0.0,0.0,0.0,2.4372475147247314,,1.0045676231384275,0.0,0.0,
6172,SGAM,0.0,0.0,0.0,0.0,0.4032209813594818,,1.0034235715866089,0.0,0.0,
6173,SGAM,0.0,0.0,0.0,0.0,1.3944083452224731,,1.0025399923324585,0.0,0.0,
6174,SGAM,0.0,0.0,0.0,0.0,4.210021018981934,,1.0126413106918335,0.0,0.0,
6175,SGAM,0.0,0.0,0.0,0.0,5.292040824890137,,1.0090256929397583,0.0,0.0,
6176,SGAM,0.0,0.0,0.0,0.0,1.9579894542694087,,1.0100830793380735,0.0,0.0,
6177,SGAM,0.0,0.0,0.0,0.0,1.3185818195343018,,1.017025113105774,0.0,0.0,
6178,SGAM,0.0,0.0,0.0,0.0,3.568263053894043,,1.0071841478347778,0.0,0.0,
6179,SGAM,0.0,0.0,0.0,0.0,1.6996524333953855,,1.010364651679993,0.0,0.0,
6180,SGAM,0.0,0.0,0.0,0.0,3.216269254684448,,1.0025330781936646,0.0,0.0,
6181,SGAM,0.0,0.0,0.0,0.0,1.7894169092178345,,1.0043319463729858,0.0,0.0,
6182,SGAM,0.0,0.0,0.0,0.0,2.509592056274414,,1.0106385946273804,0.0,0.0,
6183,SGAM,0.0,0.0,0.0,0.0,5.357048988342285,,1.0067147016525269,0.0,0.0,
6184,SGAM,0.0,0.0,0.0,0.0,1.4918018579483032,,1.0081031322479248,0.0,0.0,
6185,SGAM,0.0,0.0,0.0,0.0,2.3149101734161377,,1.0076957941055298,0.0,0.0,
6186,SGAM,0.0,0.0,0.0,0.0,7.2779541015625,,1.0214283466339111,0.0,0.0,
6187,SGAM,0.0,0.0,0.0,0.0,1.7502003908157349,,1.0098729133605957,0.0,0.0,
6188,SGAM,0.0,0.0,0.0,0.0,9.005101203918457,,1.0339605808258057,0.0,0.0,
6189,SGAM,0.0,0.0,0.0,0.0,8.279683113098145,,1.0373574495315552,0.0,0.0,
6190,SGAM,0.0,0.0,0.0,0.0,2.990612030029297,,1.0163869857788086,0.0,0.0,
6191,SGAM,0.0,0.0,0.0,0.0,6.234393119812012,,1.0120432376861572,0.0,0.0,
6192,SGAM,0.0,0.0,0.0,0.0,1.2726435661315918,,1.009781837463379,0.0,0.0,
6193,SGAM,0.0,0.0,0.0,0.0,7.96439266204834,,1.0435199737548828,0.0,0.0,
6194,SGAM,0.0,0.0,0.0,0.0,3.119470357894897,,1.007596135139465,0.0,0.0,
6195,SGAM,0.0,0.0,0.0,0.0,1.089409589767456,,1.000634789466858,0.0,0.0,
6196,SGAM,0.0,0.0,0.0,0.0,6.943310737609863,,1.013117432594299,0.0,0.0,
6197,SGAM,0.0,0.0,0.0,0.0,6.535328388214111,,1.0176048278808594,0.0,0.0,
6198,SGAM,0.0,0.0,0.0,0.0,3.9996097087860103,,1.007227063179016,0.0,0.0,
6199,SGAM,0.0,0.0,0.0,0.0,14.788589477539062,,1.039406180381775,0.0,0.0,
6200,SGAM,0.0,0.0,0.0,0.0,3.1439499855041504,,1.002472162246704,0.0,0.0,
6201,SGAM,0.0,0.0,0.0,0.0,1.8945527076721191,,1.0028107166290283,0.0,0.0,
6202,SGAM,0.0,0.0,0.0,0.0,3.969777584075928,,1.005468249320984,0.0,0.0,
6203,SGAM,0.0,0.0,0.0,0.0,0.723296582698822,,1.0064712762832642,0.0,0.0,
6204,SGAM,0.0,0.0,0.0,0.0,2.3084847927093506,,1.0121155977249146,0.0,0.0,
6205,SGAM,0.0,0.0,0.0,0.0,12.58024787902832,,1.0546194314956665,0.0,0.0,
6206,SGAM,0.0,0.0,0.0,0.0,8.185845375061035,,1.0424370765686035,0.0,0.0,
6207,SGAM,0.0,0.0,0.0,0.0,11.071876525878906,,1.12131667137146,0.0,0.0,
6208,SGAM,0.0,0.0,0.0,0.0,8.099921226501465,,1.0519201755523682,0.0,0.0,
6209,SGAM,0.0,0.0,0.0,0.0,12.530146598815918,,1.0435444116592407,0.0,0.0,
6210,SGAM,0.0,0.0,0.0,0.0,6.215823173522949,,1.0293831825256348,0.0,0.0,
6211,SGAM,0.0,0.0,0.0,0.0,7.386648654937744,,1.0919197797775269,0.0,0.0,
6212,SGAM,0.0,0.0,0.0,0.0,2.8328075408935547,,1.0057200193405151,0.0,0.0,
6213,SGAM,0.0,0.0,0.0,0.0,5.97992753982544,,1.0433270931243896,0.0,0.0,
6214,SGAM,0.0,0.0,0.0,0.0,6.275843143463135,,1.0462548732757568,0.0,0.0,
6215,SGAM,0.0,0.0,0.0,0.0,1.2341278791427612,,1.0519976615905762,0.0,0.0,
6216,SGAM,0.0,0.0,0.0,0.0,16.50333595275879,,1.131763577461243,0.0,0.0,
6217,SGAM,0.0,0.0,0.0,0.0,9.266778945922852,,1.0570377111434937,0.0,0.0,
6218,SGAM,0.0,0.0,0.0,0.0,8.773378372192383,,1.151235818862915,0.0,0.0,
6219,SGAM,0.0,0.0,0.0,0.0,6.526797294616699,,1.041176199913025,0.0,0.0,
6220,SGAM,0.0,0.0,0.0,0.0,2.52671480178833,,1.044628381729126,0.0,0.0,
6221,SGAM,0.0,0.0,0.0,0.0,9.031453132629396,,1.1880546808242798,0.0,0.0,
6222,SGAM,0.0,0.0,0.0,0.0,7.33242130279541,,1.0374915599822998,0.0,0.0,
6223,SGAM,0.0,0.0,0.0,0.0,8.315056800842285,,1.030674934387207,0.0,0.0,
6224,SGAM,0.0,0.0,0.0,0.0,10.07082176208496,,1.1717946529388428,0.0,0.0,
6225,SGAM,0.0,0.0,0.0,0.0,1.9597485065460205,,1.0196093320846558,0.0,0.0,
6226,SGAM,0.0,0.0,0.0,0.0,6.797539234161377,,1.0751361846923828,0.0,0.0,
6227,SGAM,0.0,0.0,0.0,0.0,5.331409931182861,,1.124783992767334,0.0,0.0,
6228,SGAM,0.0,0.0,0.0,0.0,11.231276512145996,,1.052992343902588,0.0,0.0,
6229,SGAM,0.0,0.0,0.0,0.0,6.55903959274292,,1.0533782243728638,0.0,0.0,
6230,SGAM,0.0,0.0,0.0,0.0,6.122190475463867,,1.0254907608032229,0.0,0.0,
6231,SGAM,0.0,0.0,0.0,0.0,8.329570770263672,,1.048810601234436,0.0,0.0,
6232,SGAM,0.0,0.0,0.0,0.0,11.316012382507324,,1.071589708328247,0.0,0.0,
6233,SGAM,0.0,0.0,0.0,0.0,2.706850290298462,,1.0132811069488523,0.0,0.0,
6234,SGAM,0.0,0.0,0.0,0.0,9.600951194763184,,1.0732418298721311,0.0,0.0,
6235,SGAM,0.0,0.0,0.0,0.0,5.228386878967285,,1.0115467309951782,0.0,0.0,
6236,FMAT,0.0,0.0,0.0,0.0,3.401412010192871,,1.010590672492981,0.0,0.0,
6237,FMAT,0.0,0.0,0.0,0.0,6.211723327636719,,1.0076632499694824,0.0,0.0,
6238,FMAT,0.0,0.0,0.0,0.0,4.458608627319336,,1.0056543350219729,0.0,0.0,
6239,FMAT,0.0,0.0,0.0,0.0,3.3194916248321533,,1.002779245376587,0.0,0.0,
6240,FMAT,0.0,0.0,0.0,0.0,2.108059883117676,,1.0020898580551147,0.0,0.0,
6241,FMAT,0.0,0.0,0.0,0.0,4.019931793212891,,1.0051878690719604,0.0,0.0,
6242,FMAT,0.0,0.0,0.0,0.0,4.0253190994262695,,1.0065076351165771,0.0,0.0,
6243,FMAT,0.0,0.0,0.0,0.0,2.4806244373321533,,1.008028864860535,0.0,0.0,
6244,FMAT,0.0,0.0,0.0,0.0,0.6915136575698853,,1.000478982925415,0.0,0.0,
6245,FMAT,0.0,0.0,0.0,0.0,0.0617427490651607,,1.0029646158218384,0.0,0.0,
6246,FMAT,0.0,0.0,0.0,0.0,2.186054229736328,,1.0028456449508667,0.0,0.0,
6247,FMAT,0.0,0.0,0.0,0.0,0.3234778344631195,,1.0023880004882812,0.0,0.0,
6248,FMAT,0.0,0.0,0.0,0.0,12.924493789672852,,1.060895919799805,0.0,0.0,
6249,FMAT,0.0,0.0,0.0,0.0,3.564743995666504,,1.006162166595459,0.0,0.0,
6250,FMAT,0.0,0.0,0.0,0.0,3.486661911010742,,1.0109654664993286,0.0,0.0,
6251,FMAT,0.0,0.0,0.0,0.0,6.07337760925293,,1.0321485996246338,0.0,0.0,
6252,FMAT,0.0,0.0,0.0,0.0,3.2075448036193848,,1.0135953426361084,0.0,0.0,
6253,FMAT,0.0,0.0,0.0,0.0,3.238619327545166,,1.0154608488082886,0.0,0.0,
6254,FMAT,0.0,0.0,0.0,0.0,3.238619327545166,,1.0154608488082886,0.0,0.0,
6255,FMAT,0.0,0.0,0.0,0.0,1.9836050271987915,,1.010751485824585,0.0,0.0,
6256,FMAT,0.0,0.0,0.0,0.0,4.478385925292969,,1.007937788963318,0.0,0.0,
