class,x,y,btm_complexity_21,btm_northness_21,btm_max_curvature_11,btm_northness_11
NVB,453594.477237,5679192.373871,41.51601968417309,-0.2604736140881343,29900.64771065131,-0.3632616227717288
FMAT,453561.906453393,5679108.58525087,12.151461982161564,-0.1085934189174274,1.6820747135591396,-0.1239668249557193
ALG,453744.452238143,5679033.2864208,23.84784501478052,-0.4613503024772427,2.9449632932950798,-0.4451859605331762
ALG,453863.44530232,5679037.93445954,30.99591456086949,-0.3782751828528284,3.954509270926812,-0.2307387757655831
ALG,453964.611906273,5679016.72184267,37.59386618719878,-0.4782328475631837,5.846191909088631,-0.6618374798355816
ALG,454022.798766296,5679018.69156725,42.95922849414181,-0.1367258772641498,6.164354182017626,-0.3136091191099974
ALG,454092.909720928,5678981.21145043,21.31569792565831,-0.6181424543644115,1.8362623241744271,-0.6155642191782118
ALG,454153.990888766,5678960.20829519,20.28483702101545,-0.2306399035234805,2.017892907659967,-0.4133087503858227
ALG,454173.404145423,5679007.55488332,22.826867476261143,-0.0729722368998619,2.463248365860259,0.0762573162744559
ALG,454120.970769676,5679029.63745334,39.05458126275296,-0.1151158184954225,3.9688677544233006,-0.054665553687586
ALG,454208.441471722,5679029.95075255,22.29439818957068,-0.1902692712913963,1.8125265036021403,-0.1394739363676098
ALG,454262.54067056,5679013.04151743,26.54332258392905,-0.2160892404098928,2.9199849406132072,-0.3026207651852151
ALG,454274.106661601,5679064.05821076,47.24645223796653,-0.1132117031434924,8.795404555913855,-0.0147547059730399
ALG,454315.512595845,5679120.75269125,34.414285741764175,-0.0877003186506767,4.002970978164694,0.1767789420091697
ALG,454354.056166448,5679130.74492279,20.58922158467636,-0.1369885093339782,3.337036594825649,-0.2481919232951948
ALG,454075.749568098,5678706.78665459,21.10271784696339,0.2080682384236381,1.3810023058329826,0.3183379475252326
ALG,454044.5036825,5678720.5245892,24.6827815746232,0.3080529526618988,2.3553462139522185,0.2376340784586723
NVB,453953.165195791,5678766.48217933,18.17857321022205,0.5442204623239009,2.9666659100897443,0.6279155984263326
SGAM,453800.471966194,5678788.94779249,4.2178041062025375,0.0137217921826793,0.9920623902170536,-0.0364332091568158
NVB,453747.7938208,5678478.02185329,8.342325739786698,0.2889065778616188,1.919105299190675,0.1983862831855291
SGZ,453650.222476438,5678490.87388036,9.781261123861196,0.1909643688284259,1.0819717584538049,0.024920747762107
ALG,453607.698640431,5678653.44442,42.59781711368361,-0.124048252439982,3.690269786169148,0.0339510479561999
NVB,453643.068761943,5678811.41723759,2.737119459335528,-0.0936188737774833,0.3497533206430155,-0.0324962973165819
NVB,453586.176398003,5678936.70294994,2.534657391667075,-0.2028913231408473,0.353266061507716,-0.1634500791880094
NVB,453511.54525242,5678895.42418824,7.081670513263392,-0.1042032152533728,0.9769058896727464,0.0082647269553296
ALG,453458.283958985,5678874.46169097,39.99376162769336,0.0046856036661931,6.249775896943448,0.1883722813572809
NVB,454023.528804231,5678923.79636312,4.171764780662798,-0.2432646066422118,0.8734845544852362,-0.3382546278003936
NVB,454022.774058728,5678924.09825084,4.35906207514512,-0.1999259078055651,0.9734303024569346,-0.3411923773715541
NVB,454022.05430776,5678924.33597644,4.368318433583979,-0.1914039722625276,1.056143603704114,-0.2681356227949718
NVB,454021.326102978,5678924.53924987,4.238218030268705,-0.1653165038027654,0.8900335965328682,-0.1440637594630341
NVB,454020.597995377,5678924.72587732,3.835313133942527,-0.122782505067183,0.7494977577977259,-0.1069310558924509
NVB,454019.896007317,5678924.88602287,3.6217148613781673,-0.0985502180143575,0.6748050545481997,-0.057515012848625
NVB,454019.133293899,5678925.07022853,3.6636397365535407,-0.1002461330140167,0.4926303969827931,0.0418992030880812
NVB,454018.396531515,5678925.25680523,3.5143030323414157,-0.1289446763569061,0.488212783316511,0.0639820434381681
NVB,454017.711774936,5678925.43036841,3.606841298837967,-0.1765280237243518,0.5335372897058409,-0.0236094496304028
NVB,454017.044191575,5678925.62733692,3.530880636546373,-0.2031898941519512,0.6204310772223335,-0.1225498842471949
NVB,454016.385061926,5678925.85875748,3.7613487656433455,-0.225383878303423,0.669953087595818,-0.1760639782997591
NVB,454015.725666488,5678926.13567683,4.04434074013691,-0.228060853055724,0.6948119620518874,-0.1989555572185771
NVB,454015.066095995,5678926.44255878,4.1823263670186535,-0.2561712590497692,0.6718294181491317,-0.224238782598419
NVB,454014.41497919,5678926.78389279,3.958834511315792,-0.2473123945303436,0.6107387797804796,-0.25190204104928
NVB,454013.798468081,5678927.12764841,3.5446418610943446,-0.2646200966489604,0.5513457066953111,-0.3411735899349281
NVB,454013.086904527,5678927.44532416,3.299877895733259,-0.2741159032981902,0.4961650706300106,-0.3974765506409738
NVB,454012.401693883,5678927.69656783,3.144069426663592,-0.2805443052995815,0.4497929724796093,-0.3124887503274985
NVB,454011.699342379,5678927.91885741,2.975807164006456,-0.2779104726007604,0.4147834405078489,-0.1939854000035466
NVB,454010.99712696,5678928.11784265,2.641624610198021,-0.2494244291641897,0.4090781103772543,-0.1718037245228797
NVB,454010.294982812,5678928.30462081,2.493998905596526,-0.2048223584979664,0.3735094826264619,-0.1113053231779548
NVB,454009.59306552,5678928.45255843,2.4482755735096995,-0.2039227333338739,0.3810499239321552,-0.0563889724933532
NVB,454008.908600182,5678928.5761831,2.5053776167209887,-0.1858463119964499,0.38854513877134,-0.0546895065266486
NVB,454008.189276233,5678928.7406654,2.5867308237641504,-0.1997436218731258,0.3881444643517643,-0.0934727269525194
NVB,454007.539157293,5678928.91110075,2.6770269388056485,-0.2255908233180247,0.4075071513144546,-0.149553888106916
NVB,454006.906256929,5678929.09717336,2.764550664508873,-0.2174689417180883,0.4266454930537193,-0.1105134491550657
NVB,454006.238446068,5678929.33298143,2.8511716207849567,-0.2219875512199264,0.4363288490957488,-0.1618555663054594
NVB,454005.56178599,5678929.60203072,3.0377045803094758,-0.2140288618055322,0.4597387164564637,-0.1897223381671453
NVB,454004.876432278,5678929.87768775,2.965842274526058,-0.214219842527901,0.4573755215629698,-0.2157977774797823
NVB,454004.199791556,5678930.14340773,3.0620804867072677,-0.2115745556351091,0.45192080435255,-0.1492689770159801
NVB,454003.540609272,5678930.38370505,3.273761530920785,-0.2113697382925507,0.4697355749470839,-0.1751800332574335
NVB,454002.864124062,5678930.62279146,3.325927190693896,-0.1912445586387389,0.5021833937237649,-0.1694604679854516
NVB,454002.100936361,5678930.88800562,3.4047650589664094,-0.1784366703042411,0.5134674973910872,-0.1939799687802593
NVB,454001.381125773,5678931.13571689,3.484054393700026,-0.1381273348455674,0.5300304847997149,-0.1904364659023576
NVB,454000.644051153,5678931.37555887,3.5520138586430896,-0.1390148509464036,0.5605740542183925,-0.0783476910976778
NVB,453999.932862736,5678931.62886922,3.670568721505023,-0.1389236587062042,0.5740807016898263,0.004807451028286
NVB,453999.230374346,5678931.87446198,3.925086962247152,-0.1491197759074027,0.5922311637545914,0.0252846850421384
NVB,453998.528106374,5678932.08232393,3.8418793683827217,-0.1459108340224615,0.6482102868519426,-0.0003865827323324
NVB,453997.825942109,5678932.27243016,4.050572938672436,-0.1570807430037558,0.671188220737194,-0.0431428402099185
NVB,453997.158552177,5678932.43610515,4.144160060807731,-0.143352306739395,0.6373460167513161,-0.0811730265743318
NVB,453996.465224098,5678932.59518946,4.019960415633317,-0.1540364217181848,0.6811973124322992,-0.1210303757073722
NVB,453995.737290213,5678932.75185197,3.762601906996637,-0.1091632241297474,0.7100240286590979,-0.1218011618629402
NVB,453995.044091766,5678932.88874159,3.6859811426033215,-0.1212125419782508,0.6854155613840061,-0.0590970784497253
NVB,453994.350919235,5678933.02119225,3.39307539382864,-0.109846160347151,0.6753989362394283,0.0033513256436682
NVB,453993.631834494,5678933.14461329,3.360570877899704,-0.1135027644909082,0.5969439714559006,0.0725124499357019
NVB,453992.817424966,5678933.28856277,3.3398555819603337,-0.1119944570397572,0.5091852538465519,0.1442889301128296
NVB,453992.10668358,5678933.46530119,3.122764762966613,-0.0758022482018108,0.4764170233377688,0.0448622617086132
NVB,453991.352500115,5678933.67063959,3.1727545403297546,-0.0527629021707027,0.4471487382358614,0.0450650397721535
NVB,453990.546297689,5678933.89121063,3.246341594625539,-0.0361294130795079,0.5252116742551761,0.0760761544326912
NVB,453989.748736937,5678934.11405163,3.3012861553570927,-0.0460159845856348,0.5066505620827736,0.1008276054892595
NVB,453988.95977894,5678934.34582095,3.39803018410888,-0.0861633075274595,0.6581850204265796,0.0903924608956303
NVB,453988.248875231,5678934.55030222,3.609850464310009,-0.1127256600757521,0.764879777384267,-0.0215351771948949
NVB,453987.555319774,5678934.74822622,3.5358553497205456,-0.145635288230426,0.8321157970273249,-0.0689754309954729
NVB,453986.827087156,5678934.95593539,3.409742388885113,-0.2086400883539599,0.8889298884214086,-0.0482023083544931
NVB,453986.133596487,5678935.14276199,3.3615228913484523,-0.2373190276660987,0.805379880386678,-0.1421338831446989
NVB,453985.43176242,5678935.276271,3.2671296880749865,-0.2866556754415952,0.6730706270871935,-0.3145963924296092
NVB,453984.67803262,5678935.40392781,3.3584001097506304,-0.316167051846845,0.5678143586896878,-0.4642137920902371
NVB,453983.915654595,5678935.53042423,3.4793702433533324,-0.3547837894694727,0.4914405797403953,-0.561651128997729
NVB,453983.161775564,5678935.68360464,3.253496890336023,-0.3611304399821938,0.5019197662946572,-0.5380811921654595
NVB,453982.355909985,5678935.846469,3.132413461312384,-0.3832804989366994,0.4832258091322944,-0.5132386174623548
NVB,453981.653732004,5678936.03879326,2.9886709711914308,-0.3822343868337265,0.4748968653223646,-0.4952361756569071
NVB,453980.916786031,5678936.25643884,2.8128500406684123,-0.3521763198436122,0.464271744815715,-0.3875144078937987
NVB,453980.153921353,5678936.46616449,2.8289695347765256,-0.3494783775185057,0.4075893648616829,-0.3502891871405351
NVB,453979.451762719,5678936.65515937,2.801278415307748,-0.319238603926551,0.3977059178136234,-0.4518432313909463
NVB,453978.740955849,5678936.84299386,2.934307176172768,-0.286240884407421,0.4138637630117925,-0.4644767649595827
NVB,453978.004236764,5678937.0217987,3.0501341528192105,-0.2139878400968266,0.4136800530643005,-0.427618199786008
NVB,453977.276282618,5678937.18178868,2.90119219334084,-0.1437455857167943,0.4033910846132752,-0.5117902646705855
NVB,453976.600412282,5678937.31544869,2.953441646957174,-0.0558685120301684,0.3982364941120845,-0.4158366911383968
NVB,453975.872574849,5678937.45546345,2.8362310171302685,-0.0500836758984527,0.370888449784816,-0.2757392046268006
NVB,453975.049444957,5678937.61045778,2.653029235041627,0.0311936749743075,0.3753766219621257,-0.0773530930320492
NVB,453974.295585002,5678937.76030815,2.461557578509268,0.019482121386124,0.3409326371553706,0.0061083872379942
NVB,453973.584888192,5678937.92927681,2.682342749368181,0.0521079607543159,0.3248953500371572,0.074960170907704
NVB,453972.891448831,5678938.10722443,2.8449444405067337,0.0844409979194303,0.3423822721443632,0.1182733231036024
NVB,453972.189335282,5678938.28845056,3.030685505819095,0.0871364310250162,0.3727216374993825,0.1490554587897031
NVB,453971.452706737,5678938.4517186,3.1399833099586054,0.0920243483977709,0.4992751949535168,0.1960349716340288
NVB,453970.724732853,5678938.61503716,3.1674202305896246,0.0976863275360482,0.5494073144708719,0.1016162499616958
NVB,453969.93608525,5678938.79353764,3.28268343512328,0.0850237352276993,0.5982719879929971,0.0494977387199624
NVB,453969.208059397,5678938.96573389,3.3789894467995247,0.0688638467862394,0.5878806941045234,0.0704802400181509
NVB,453968.445220081,5678939.1710195,3.356831011244925,0.0279666105972069,0.5963254329261886,0.0873924610620353
NVB,453967.665038899,5678939.38175247,3.1007169910730887,-0.0053704200360422,0.6024183337129518,0.0496438606823202
NVB,453966.876222443,5678939.58910557,3.057367862156024,-0.011155065515756,0.6395665945721688,0.0291317288046584
NVB,453966.139639082,5678939.74460502,2.958142847138046,-0.0219343812360473,0.623823059466317,-0.0804979348209747
NVB,453965.437732864,5678939.89031926,2.760336986903994,-0.0374092591398154,0.5753007246340339,-0.0370307963797887
NVB,453964.744487803,5678940.03497432,2.7087130830763035,-0.0713163719955573,0.467815161926211,-0.0101761721838122
NVB,453964.016572024,5678940.18830472,2.89280239706154,-0.0787037801092615,0.4259679716499294,-0.0698764817402582
NVB,453963.15879037,5678940.34864402,2.906376321373536,-0.0950146780595289,0.4276471206876845,-0.0763095207886351
NVB,453962.370414961,5678940.48053518,3.250391319693429,-0.0637500413697808,0.5643750086986784,-0.2097224079842412
NVB,453961.616742666,5678940.59820224,3.2509993907201995,-0.0793269818249598,0.6848734863401412,-0.1714398822268652
NVB,453960.932307907,5678940.71627411,3.2045837720939097,-0.0672769437005182,0.8367414978682297,-0.1165243952640586
NVB,453960.178518754,5678940.85391613,3.3461321366505645,-0.0630318009604597,0.7598310457427438,-0.0849295128202456
NVB,453959.354979328,5678941.07882168,3.295886329283329,-0.1140169417894392,0.608285550809019,0.0381874701313188
NVB,453958.600670932,5678941.30524178,3.1124056019385944,-0.1480462720075077,0.4873956677084091,-0.0904283850458029
NVB,453957.144073044,5678941.74284926,2.6523189207794697,-0.2253774727685269,0.4379352217644049,-0.2221648037804424
NVB,453956.441764089,5678941.95736584,2.5650609672600093,-0.2267016076655498,0.3887306616695494,-0.2090472840157769
NVB,453955.748129261,5678942.16860378,2.676738880811361,-0.2046554276481098,0.3728001336306754,-0.127325834284123
NVB,453955.07181677,5678942.37772344,2.679104964026349,-0.2078690097521206,0.3436633139291907,-0.1641655723611897
NVB,453954.378337635,5678942.5623278,2.8372387855697854,-0.1669651199710239,0.3587559830095108,-0.1127767589348716
NVB,453953.676262183,5678942.73689392,3.224670872039547,-0.158567161912307,0.3593972854436731,-0.1966762559090246
NVB,453952.92234938,5678942.89562008,4.128270154243066,-0.1649257521383181,0.3979727013547799,-0.2693721957998339
NVB,453952.220520509,5678943.02801642,4.885570782359184,-0.1756687206533145,0.48975279241845,-0.3387893676112676
NVB,453951.544597292,5678943.17055211,5.549682107118671,-0.2105316284283803,0.6986570300584425,-0.3481612512367242
NVB,453950.799319628,5678943.33265787,5.766053733957575,-0.2015539627007612,0.864865694546573,-0.2829187666882022
NVB,453950.054054912,5678943.4925441,6.024412452507079,-0.2366844310580732,0.9116885271162152,-0.3060159749036846
NVB,453949.230761566,5678943.67527894,6.250161553455234,-0.2884030585869762,0.9540021088014724,-0.3419472394840669
NVB,453948.485425383,5678943.84737203,5.935612788288533,-0.2762626089391268,0.9297211080636516,-0.3598480179323131
NVB,453947.800762939,5678944.00428324,5.201622375921197,-0.2883285000901246,0.9659942025106454,-0.2942584990652324
NVB,453947.098739135,5678944.16997095,4.732858368576262,-0.2674875635583017,0.9810589421005428,-0.1952025573808709
NVB,453946.39675425,5678944.32900024,4.592780082786677,-0.2673067604745253,0.9323583166452928,-0.2301650318386819
NVB,453945.74672999,5678944.48278459,4.423447828652695,-0.2734431492152942,0.8573740322224019,-0.2227956148666121
NVB,453945.088044515,5678944.63762799,4.515720277341582,-0.2559020425926488,0.786199060655057,-0.2025287248676852
NVB,453944.403433864,5678944.78566108,4.541746939934333,-0.2541263386467513,0.7467996680991406,-0.1255845402021441
NVB,453943.710168484,5678944.93364348,4.36873521254403,-0.2362691592497241,0.7729127249459599,-0.0610818693113755
NVB,453942.938783556,5678945.12001062,4.454415624679323,-0.2369848741887809,0.8266935547382598,-0.0791908915934171
NVB,453942.210691571,5678945.30330166,4.605848318641164,-0.1994078392114978,0.8650671856078858,0.0019366136088418
NVB,453941.526035358,5678945.45910259,4.674493487366836,-0.175182016512179,0.8254835233612503,-0.0136172468751844
NVB,453940.798034198,5678945.62685731,4.543246203881623,-0.1826882125012633,0.8077704261959976,-0.0804501593694097
NVB,453940.044036442,5678945.8000087,4.218314249663791,-0.190949467754177,0.7962222187067419,-0.183690248142876
NVB,453939.281267084,5678945.99308449,3.9630058672491577,-0.1978107410056326,0.7112734334943827,-0.2116916654883944
NVB,453938.544474782,5678946.18409265,3.571386707077349,-0.2267401790681749,0.5473490674009045,-0.3246735596904256
NVB,453937.746911237,5678946.4069284,3.072784958157486,-0.2307377817425113,0.45756727488476,-0.466490685487581
NVB,453936.984044372,5678946.61664989,2.8431684272723152,-0.2535572907739114,0.3739308116252423,-0.5488353830271993
NVB,453936.238506348,5678946.82314339,2.678341416528263,-0.2569220709737616,0.3624389882021824,-0.5922648462280309
NVB,453935.553661581,5678947.01112591,2.743009073702357,-0.2596292305905437,0.4070773746716609,-0.5345720498117074
NVB,453934.773660504,5678947.19078325,2.86011211833981,-0.2490647103339613,0.4479208598964816,-0.4097509624743944
NVB,453933.985011178,5678947.36928015,3.173408796567061,-0.2587943399508463,0.5028501113540842,-0.3392902011097065
NVB,453933.213703689,5678947.54232961,3.57005234590655,-0.2259498932927671,0.6227513932205034,-0.1912313710745825
NVB,453932.537812185,5678947.67931503,4.218873241317007,-0.21130621817925,0.7104440550675742,-0.1795035341960992
NVB,453931.792650561,5678947.82144389,4.452109290222165,-0.1886990065356169,0.8659075931446719,-0.1246865953633379
NVB,453931.012772689,5678947.98001603,4.4802402770510765,-0.185537631682141,1.1384593218196146,-0.0202610148193052
NVB,453930.284868463,5678948.13112386,4.612005212794081,-0.1701583519643454,1.0940830257847027,-0.0435365749702623
NVB,453929.522111617,5678948.32197925,4.742220162335611,-0.1174371899334042,1.0885121541206964,-0.0527975138056131
NVB,453928.741967396,5678948.52605001,4.779587211554308,-0.083844460788659,0.7866487325496067,-0.1029303283080851
NVB,453927.987923623,5678948.70696835,4.570550341130179,-0.045045588449419,0.5827004113293202,-0.1080289200253284
NVB,453927.216537934,5678948.89333395,4.341741820861828,-0.0279714629036136,0.6045286243040853,0.0506265656797887
NVB,453926.462474604,5678949.07758133,4.5642475030235214,-0.018526832366707,0.6729314686957218,0.0729095438465615
NVB,453925.682609484,5678949.23393348,5.368767457661866,-0.0043114013001447,0.9068785085187469,0.1953118227615102
NVB,453924.980708117,5678949.37853441,5.726875885354507,-0.0146279564537793,0.9827091997273636,0.1022472853290009
NVB,453924.252680243,5678949.55072651,5.9367416856717865,0.004263696905332,1.0439566754338574,0.0389705363530644
NVB,453923.51598464,5678949.72508736,6.139164665559535,-0.0115860631770461,1.0227778810273107,0.0397633060445431
NVB,453922.727308813,5678949.90802204,6.178392218937633,-0.0280843450086898,1.018338810337137,-0.0224968523116191
NVB,453921.929965251,5678950.09312545,6.023520725813524,-0.0149598649413081,1.020955878374466,-0.051372764143803
NVB,453921.149950547,5678950.2750009,5.926207874210194,-0.0103143526553767,0.9713900215959476,-0.1144882387885794
NVB,453920.430226475,5678950.50716861,5.595440190801519,0.0246661397236066,0.9499992527235752,-0.0247534664305311
NVB,453919.701841153,5678950.74039533,5.4556736509366965,0.0687294908490375,1.0174400344999723,0.0949372618905002
NVB,453918.96512585,5678950.91808493,5.735211651443096,0.0972177437973138,1.0193358186381989,0.1013433053179294
NVB,453918.19377869,5678951.09779129,5.8878849720218245,0.1431180376523924,1.0958665784621229,0.1767532168891585
NVB,453917.362062896,5678951.24052195,6.017457982106835,0.2397288829508114,1.0315905175824855,0.2399606917189772
NVB,453916.530366557,5678951.37992333,6.211767753691881,0.2616384431197058,0.9997317330272114,0.2682425224647792
NVB,453915.707331391,5678951.51826556,5.918613707587356,0.3158406393683167,0.9276929620435368,0.2731255881565921
NVB,453914.901287312,5678951.7110857,5.905502253851222,0.3560758998944168,0.8586756081336884,0.293178203045505
NVB,453913.991269767,5678951.9232729,5.673643861449376,0.368773990937555,0.8504205494966762,0.3958304919559279
NVB,453913.211072797,5678952.13621995,5.264314219553974,0.3483571868528791,0.8303782182127354,0.3562627591666101
NVB,453912.404840201,5678952.36122194,5.14498975033951,0.346696539199362,0.8062705652231805,0.3959211691443347
NVB,453911.57246803,5678952.6160345,5.140265243799412,0.2981991309420626,0.7145204170575415,0.2450705638047502
NVB,453910.74011529,5678952.8675178,5.085645191905249,0.230388126602322,0.7038494230333006,0.2584139016296131
NVB,453909.933830571,5678953.10139735,4.925024882947584,0.199232335421572,0.7013863292638421,0.1334085843640405
NVB,453909.197101819,5678953.2813055,4.328011234883646,0.1413181578071217,0.7367410130489263,0.0142145720242643
NVB,453908.451705329,5678953.46338236,4.265041293795553,0.0833873042861891,0.703295866629829,0.0079438579558527
NVB,453907.602536742,5678953.63042467,3.759583433475904,0.0457807003525073,0.6518276214208236,-0.1124179608745808
NVB,453906.814081029,5678953.77562702,3.47928316484737,0.0194483238641794,0.6790029250145835,-0.1247532706319238
NVB,453906.01685363,5678953.94075372,3.287702945819136,-0.0002972167728654,0.7226329760547929,-0.1934167257625701
NVB,453905.228287401,5678954.10482128,3.136337014322431,0.0004514215115504,0.9150799452418336,-0.1865096621291005
NVB,453904.448388843,5678954.26671998,3.1506261988859308,-0.0412069055543256,0.8813573008075174,-0.0530378323102191
NVB,453903.711802794,5678954.4222136,3.254701796477644,-0.0565600554538197,0.7792094834654061,-0.0015376253937861
NVB,453902.957855312,5678954.58648363,3.271314036373335,-0.0922266547509802,0.6018437091601557,0.0456499369560155
NVB,453902.143012927,5678954.8036658,3.274379545040829,-0.1791108238124668,0.4214203746375291,0.0092470841876537
NVB,453900.678092443,5678955.18350635,3.3013009748592737,-0.3048171216555091,0.3964615062812306,-0.3772630817257575
NVB,453899.915308165,5678955.37879779,3.3275426397564263,-0.3085186941531908,0.4121814949167687,-0.4337795074219649
NVB,453899.117995972,5678955.55835026,3.406482789934918,-0.3536772443603483,0.4516628524586659,-0.4192723202920367
NVB,453898.329305962,5678955.74350196,3.362501803089716,-0.3982247878500182,0.5982868358840935,-0.3266516957930326
NVB,453897.462593533,5678955.95039202,3.4484600202452294,-0.4212721840330714,0.65602007891437,-0.3213177626607821
NVB,453896.725825225,5678956.13695737,3.815513472352176,-0.3727126048968063,0.6414441721635042,-0.4014082839563816
NVB,453895.963066744,5678956.32780952,3.994819527897117,-0.3757019423581699,0.6139088510101269,-0.3354228664595577
NVB,453895.200249739,5678956.52864915,3.874777719930605,-0.3394782835746312,0.5984805914027618,-0.2463242407207355
NVB,453894.454774615,5678956.72404143,3.608746144566638,-0.2967875474295728,0.5883672963169366,-0.1145623633155186
NVB,453893.709279954,5678956.92276283,3.269715680707373,-0.2327690420284505,0.6630111941766136,-0.0338428431452996
NVB,453892.955124044,5678957.12254319,3.2036672288210686,-0.1512570702131401,0.6124102669026873,0.0558663603885387
NVB,453892.166323242,5678957.32655966,2.861906188727548,-0.0942172243887953,0.5763060080136372,0.0746788641012655
NVB,453891.412238741,5678957.51413287,2.6807844550240687,-0.0951540483368282,0.5482085572550877,0.0777889252268396
NVB,453890.61488713,5678957.70034284,2.463695814104472,-0.1358018389904619,0.5054419636912351,-0.0085664829452512
NVB,453889.861056033,5678957.84463652,2.4346045629371686,-0.1363917442513404,0.4826872369084488,-0.0518741866816989
NVB,453889.150582974,5678957.97475711,2.471855044872092,-0.1372813930596904,0.4934096950329596,-0.1011520209860396
NVB,453888.327221617,5678958.16858288,2.5810630548175726,-0.0782646070769889,0.480732798121106,-0.1253235183593277
NVB,453887.512462936,5678958.37133708,2.6106018503785555,-0.0346911014210611,0.546829141432524,-0.169029627499592
NVB,453886.6889195,5678958.59623505,2.635235206369801,-0.0008110428863636,0.5830069513688404,-0.1122496231614031
NVB,453885.804682505,5678958.83964347,2.6354223762567366,0.0283547526297236,0.5784919296403161,0.0043465261235674
NVB,453884.981138968,5678959.06454128,2.699621608691233,0.0221339994526909,0.5033197183653922,-0.0073068296991335
NVB,453884.322399006,5678959.22825743,2.5535353980680955,-0.0192886032987849,0.4353527310530619,-0.0652502421543848
NVB,453883.62907915,5678959.38511238,2.516792790163919,-0.018901758424439,0.3877207542583962,-0.0758203686271108
NVB,453882.840628886,5678959.52920261,2.485591877975982,-0.0064771801040828,0.3617585354484938,-0.0774605109120132
NVB,453882.104158898,5678959.66471911,2.5528113269339827,-0.01157420307783,0.3478558539787135,-0.0008526200839677
NVB,453881.306988853,5678959.81985577,2.6203822651774344,-0.0184119855856222,0.3577567101097288,0.0532100474955193
NVB,453880.457773461,5678959.99466325,2.733068249577579,-0.0230012177076081,0.4022269932978398,0.1220249361845417
NVB,453879.643118389,5678960.17966099,2.870881331049346,0.0074838652033805,0.4118300555725213,0.1259482685894089
NVB,453878.871639352,5678960.38155807,3.100825747897676,0.0136181460464012,0.3764855532782485,0.001859305079037
NVB,453878.082883347,5678960.57780503,3.2092840559973426,-0.0253365250950499,0.3830769723111203,-0.0992633380755252
NVB,453877.259612448,5678960.75609346,3.3466669188557034,-0.0313165528075242,0.4167139014377696,-0.0358280973044241
NVB,453876.601021703,5678960.89428523,3.3125816529558727,-0.0198802801428924,0.5334698299263729,-0.0698560464835246
NVB,453875.742988828,5678961.0967847,3.2713545289643027,-0.0197381123719088,0.624930479500512,0.0132859139253553
NVB,453875.032287673,5678961.26574449,3.342888027549225,-0.0175190163395716,0.7441120567503915,0.0517874697183312
NVB,453874.269599658,5678961.44438754,3.239645075572931,-0.0156580209898796,0.7859017105113005,-0.0323280004896786
NVB,453873.437647849,5678961.62706378,3.276732239159341,-0.006457647588889,0.6873056304992131,0.0495034017991314
NVB,453872.692347223,5678961.79249135,3.315433034299617,-0.0141276334842935,0.5385494488551971,0.0837603923502978
NVB,453871.964343002,5678961.96023973,3.0750694764346984,-0.0347556359698788,0.5342599094829692,0.1477146885350589
NVB,453871.210290059,5678962.14226237,3.122418569266511,-0.0928422957913593,0.5501422641975394,0.1862482474841023
NVB,453870.404237239,5678962.33618769,3.2277871460292844,-0.0703178476330377,0.6181430238150426,0.1112092781816051
NVB,453869.572070666,5678962.55548454,3.486139626719819,-0.0343050208711955,0.6649498491216079,-0.0504360309760505
NVB,453868.757102948,5678962.7937481,3.549742821127619,-0.0265611268382927,0.7715644538555654,-0.0839591075194488
NVB,453867.976793075,5678963.02555605,3.328979340422596,-0.0085602190278792,0.7948218049477137,-0.015533109005855
NVB,453867.170525493,5678963.25610207,3.108800193827711,-0.0246559122737377,0.7278841313640722,-0.0133074107828812
NVB,453866.355869756,5678963.44109844,2.818077902781753,-0.0335547359697753,0.5081865207715874,-0.0186427356410188
NVB,453865.532539748,5678963.62937319,2.563239626907703,-0.0399407335937576,0.5060995433752853,0.0061562344619197
NVB,453864.743848094,5678963.81452154,2.284926009222084,-0.0011124033224648,0.4216383838633989,-0.0789142533433671
NVB,453863.972537379,5678963.98756424,2.205554386406204,-0.0108242377125725,0.3850005221640297,-0.1541108751973895
NVB,453863.244643311,5678964.13644644,2.2182911715450166,0.0012336505488661,0.4085468401278275,-0.033181703916333
NVB,453862.542778412,5678964.27438345,2.28201593129622,0.0046815101764528,0.3832592447402723,0.0064219706067525
NVB,453861.728233006,5678964.44051397,2.3210125708426403,-0.0291704499421741,0.42527763068531,-0.0073448855477033
NVB,453860.974290138,5678964.60367026,2.3701094307992205,-0.048506713655683,0.4720809285603458,-0.0798846161561127
NVB,453860.194422088,5678964.76001596,2.506031264013528,-0.0865891558410676,0.477860907064312,-0.0754709391922105
NVB,453859.380104212,5678964.88730576,2.576182788079728,-0.1029820001137639,0.4467243950384945,0.0050372444140084
NVB,453858.565708262,5678965.02791221,2.604349522902224,-0.1633770615485492,0.4598350414602414,-0.0086172506495088
NVB,453857.768381083,5678965.20967996,2.587641062609201,-0.1616909710279346,0.4199598548244385,-0.1186771491888045
NVB,453857.005568695,5678965.40940617,2.744957276043885,-0.1393338659704137,0.4829065196427136,-0.1595208824967147
NVB,453856.225310239,5678965.63233515,2.917604120034806,-0.1099196414548562,0.5069810895667138,-0.110167352098396
NVB,453855.392674595,5678965.93153091,2.783468921150216,-0.0872577223927797,0.5337686937841378,-0.1675380995186128
NVB,453854.638165564,5678966.19123292,2.772844917195891,-0.0293253850885547,0.5655989578538732,-0.0152051776192182
NVB,453853.97050944,5678966.39928493,2.8035046425917223,-0.0247576411291379,0.5242885404418405,0.0547768805700574
NVB,453853.242198655,5678966.6191888,2.733825702872001,-0.0031407158414114,0.5266290229098295,0.0093965950702051
NVB,453852.479392515,5678966.81780484,2.7085182141638824,-0.0035202429006478,0.5385432332819229,-0.1253041338977991
NVB,453851.716651385,5678967.00532354,2.788379826786576,-0.0187696397570388,0.5784012480247445,-0.1234629193390096
NVB,453850.971375785,5678967.16631015,2.8843709319067963,-0.030877106197219,0.6500414564679349,-0.0603924490196086
NVB,453850.16551057,5678967.3280513,3.181223032281152,-0.0335642113718141,0.7183704670675873,-0.0717104814034482
NVB,453849.403029531,5678967.47118066,3.3481233297717266,-0.0095377208867806,0.722279853113574,-0.0178112996097683
NVB,453848.692613434,5678967.59131005,3.2875099517705486,0.0299841799191606,0.8495409740648814,0.0010439042731802
NVB,453847.081058424,5678967.88482915,3.582201651095124,0.0967831462323103,0.8464024929706766,0.0057538176765273
NVB,453846.301183248,5678968.0422832,3.5534002831204274,0.1210675830499882,0.7006131866208392,0.0535871752965031
NVB,453845.503933532,5678968.21073297,3.4665826388740317,0.129177424587409,0.5086804391144161,0.1198297855843049
NVB,453844.654579767,5678968.40884089,3.255833721436658,0.1222871998633026,0.4157520019241632,0.2286528625968382
NVB,453843.874502806,5678968.60069626,3.31947857740113,0.0910045054281118,0.4780717479853976,0.3485172012755069
NVB,453843.085810115,5678968.78584245,3.2646406202401983,0.0566175815667998,0.564957107124511,0.3053910290011574
NVB,453842.331703768,5678968.97674016,3.046227834295914,0.0247440347883775,0.6091985309615526,0.1159273420160605
NVB,453841.603522526,5678969.1744484,2.791708073646065,-0.0163523337325225,0.5902754082725408,-0.1710651341854477
NVB,453840.857953718,5678969.38537181,2.691290412954227,-0.0869605620215685,0.5481417999741354,-0.2726725739792829
NVB,453840.112313299,5678969.60850216,2.546963358688792,-0.1114311657672484,0.4715769130981002,-0.2467896666671101
NVB,453839.306037685,5678969.84015506,2.272615923097525,-0.1127324453624539,0.4489239720952608,-0.3470732261679514
NVB,453838.569188544,5678970.04003172,2.1917991737045432,-0.0743161251321126,0.4263778901090405,-0.3439306258690973
NVB,453837.884462941,5678970.20692095,2.116249139077947,-0.0304329748634899,0.4242796923953001,-0.2643401892134112
NVB,453837.165124894,5678970.37249741,2.0237944340771805,0.022824300519559,0.409592130197003,-0.1186073619968646
NVB,453836.419881194,5678970.52793402,1.939937389475676,0.0715587136990535,0.4027537764508728,0.0433509966197434
NVB,453835.622604972,5678970.70082171,1.9055805039329945,0.0770524901545271,0.3880595265718389,0.1390977269544261
NVB,453834.703876184,5678970.92182686,1.837908651246976,0.0331669097591618,0.3741259081619038,0.0672006886664947
NVB,453833.923642547,5678971.14031472,1.7947215791408229,0.0059912077428792,0.3325067326299385,0.0402707663706281
NVB,453833.117151842,5678971.40858801,1.7253303973419267,-0.0300280887769648,0.337469714954407,0.0460295672147475
NVB,453832.267367904,5678971.67993663,1.773688987572537,-0.0428483063217456,0.3400972080106667,0.1000723537425316
NVB,453831.504521674,5678971.88520902,1.864524743960401,-0.0818142171515815,0.358397747719587,0.0679233716898786
NVB,453830.785293967,5678972.03191953,1.9641671396713547,-0.0937674278537358,0.3828844242562589,-0.0547600022743158
NVB,453830.048769782,5678972.176309,2.1162140233074926,-0.0991921510175066,0.4093903673868944,-0.2408856177939524
NVB,453829.312375729,5678972.29850385,2.21551303338561,-0.0909581024788555,0.4635526660161833,-0.3698442840955372
NVB,453828.524079294,5678972.41595518,2.3579114632776363,-0.1045221193611085,0.4679268916950427,-0.2875223554833762
NVB,453827.770375729,5678972.53804838,2.4864803803006827,-0.0990436117104471,0.4583856007706866,-0.1409854153418177
NVB,453827.059971832,5678972.65595638,2.574207615853332,-0.0733179315845451,0.4277665876472069,0.0345454541274089
NVB,453826.288770013,5678972.81013002,2.66886479355662,-0.0414721816004309,0.4305405635661186,0.1790263059175728
NVB,453825.413327381,5678973.02916843,2.7275979828917705,-0.0307834224047024,0.4262457472290595,0.2401187636696475
NVB,453824.719926964,5678973.19933494,2.7091826161008266,0.0017333247710141,0.4365579012592679,0.2513358716296284
NVB,453823.84453631,5678973.40949535,2.664014810963381,0.015254004343129,0.3925587027607721,0.3575754112221563
NVB,453823.029774303,5678973.6122429,2.6668720501159773,-0.0265315415444203,0.3650063415164453,0.3007155311588814
NVB,453822.249611655,5678973.8185226,2.6742693385384992,-0.0236685472483081,0.3188468540722022,0.1509203032772266
NVB,453821.530064643,5678974.01960893,2.808701686826681,-0.0556418137580815,0.2917867394618294,-0.0173467025726892
NVB,453820.79321464,5678974.21948394,2.921805200106527,-0.1022713409406115,0.400408721815586,-0.1232421987829887
NVB,453819.961051867,5678974.43766583,3.015867758037952,-0.1106110752749101,0.5117195088423087,-0.0828844132838151
NVB,453819.189628409,5678974.62956954,3.0887379723642163,-0.0982843713413594,0.6608948464988991,-0.0183166841614488
NVB,453818.435559948,5678974.8138066,3.271452356461472,-0.0649510930569912,0.7394519706001584,0.0407389720243588
NVB,453817.620830194,5678975.01100495,3.2031640790523865,-0.0781708654855455,0.7093570885017721,0.0454144276311851
NVB,453816.849452188,5678975.19514033,3.1616200213540706,-0.0855330174062306,0.5938204027164592,-0.0762945394833279
NVB,453816.138807013,5678975.35410728,3.1016239067695905,-0.1123669212052255,0.5635652777713188,-0.1532263565547858
NVB,453815.393562398,5678975.50954189,3.0716847840009884,-0.1048051169337687,0.592240058224901,-0.2201317218457185
NVB,453814.561679259,5678975.68000492,3.2138287261433027,-0.1428676274429412,0.6050414869704868,-0.2978394938063518
NVB,453813.894333707,5678975.83478661,3.30502739630846,-0.1516179560788423,0.6521939516105683,-0.3029235171089677
NVB,453813.027597195,5678976.0449966,3.239447293654286,-0.1877586838138098,0.7144061996610085,-0.2291703010661186
NVB,453812.221606538,5678976.2278187,3.321009790563247,-0.161930561134426,0.7307480637309189,-0.1400464332979014
NVB,453811.45896114,5678976.39868759,3.17846411551,-0.1652359669779212,0.7167376850005621,-0.122445111448099
NVB,453810.756840267,5678976.57989939,3.021500210698288,-0.1431705792171539,0.6103688294949129,-0.1526251226885251
NVB,453810.037364311,5678976.76877766,2.7942759502892267,-0.130788292490265,0.5212307246463049,-0.2015779493060867
NVB,453809.222627624,5678976.96708488,2.512164697236872,-0.1191333554188826,0.4093259801683306,-0.2051708175915758
NVB,453808.572604349,5678977.11974821,2.088886860536111,-0.1341909724256315,0.3386410638630396,-0.1468586551114729
NVB,453807.723261659,5678977.31563271,1.989971374208857,-0.1422944757932313,0.3042433473503959,0.049559501118098
NVB,453807.029756284,5678977.50355332,1.949058130704284,-0.1399650675577323,0.3071110585802076,0.126840123701149
NVB,453806.26685671,5678977.71770109,1.867245852392296,-0.092395457260118,0.3670862424891808,0.1011021319527773
NVB,453805.48662157,5678977.93618614,1.8866339508236507,-0.0673462193377384,0.3724033469511307,0.086030899788688
NVB,453804.758432018,5678978.13500071,1.9738305752581196,-0.087631997421733,0.3765314313920826,0.1382315626704346
NVB,453804.038864613,5678978.33941463,1.9976046587460805,-0.092760204270311,0.4178950832830189,0.2013646071431679
NVB,453803.310753123,5678978.52491232,1.966466954736308,-0.1019153931531962,0.4109426859347438,0.2207994479470779
NVB,453802.565364682,5678978.70475974,2.038176432284449,-0.1246173202657765,0.4187257481928885,0.1549704007742693
NVB,453801.811373561,5678978.87567849,2.1462297340683407,-0.1466659866200146,0.3974070633484347,0.072365830766216
NVB,453801.066102262,5678979.03555067,2.4255757592268217,-0.1639711242294244,0.3946890116078914,-0.0513139474910109
NVB,453800.346801665,5678979.19446541,2.800671909242563,-0.1461759473280036,0.4463420053390605,-0.1691190646336833
NVB,453799.584175243,5678979.36200397,2.9421411925436005,-0.1442113150002699,0.5643348959456739,-0.2646187404617092
NVB,453798.734981852,5678979.53236375,2.9566954336554514,-0.1242115547328725,0.7153065413040071,-0.2342771924081017
NVB,453797.955150077,5678979.68204493,2.975572884874272,-0.106778239749306,0.8157920222654039,-0.0924814103871728
NVB,453797.253295591,5678979.81775669,2.9158840984582186,-0.1148899058525905,0.7826608847707043,-0.0548919918448382
NVB,453796.481903587,5678980.00410953,2.8489926139984108,-0.1330935267088297,0.6383728530408636,-0.1516675848215374
NVB,453795.736417151,5678980.20060223,2.8106421742613272,-0.1585025311313153,0.6010899022606093,-0.2913585973431504
NVB,453794.912998936,5678980.40329609,2.9361395633149026,-0.1659494746001215,0.6168714493913011,-0.4065195411302729
NVB,453794.167616624,5678980.58203299,2.983008818568512,-0.1866821498696835,0.5946181129066004,-0.3938764324427027
NVB,453793.491595955,5678980.74009134,3.2047532212347853,-0.2189877273810643,0.6533338570045736,-0.2718241979578981
NVB,453792.789584981,5678980.90243617,3.281837705043561,-0.2312337750854997,0.6931177824207873,-0.1682848159156824
NVB,453792.070362189,5678981.04803342,3.2788414267703,-0.2007129375889371,0.680858858223561,-0.2194580082309814
NVB,453791.351158913,5678981.19030142,3.0735387490377573,-0.2429662658163236,0.6334835708661232,-0.3253001048094282
NVB,453790.640623377,5678981.3304007,2.898963514604636,-0.231089944816902,0.5434322059070258,-0.3759898235402548
NVB,453789.912413577,5678981.53254308,2.5209518315004016,-0.2476521495890205,0.4312308297243035,-0.3339315833687262
NVB,453789.175496892,5678981.74351242,2.17136021166995,-0.2468528641992805,0.3556724621782015,-0.1861544999427988
NVB,453788.37814678,5678981.92860234,1.8902019962159449,-0.2446755394849799,0.3126496632400506,-0.1880329631515797
NVB,453787.632894445,5678982.08514407,1.844739748135412,-0.2100904487268314,0.2904983390257797,-0.1730179532886114
NVB,453786.90478872,5678982.26953053,1.8100821191434904,-0.1687104205172508,0.2559629183993649,-0.1616914538352878
NVB,453786.185344215,5678982.45285799,1.8575014855124792,-0.1269704419089256,0.2582645276276775,-0.073898119078352
NVB,453785.474567444,5678982.63401674,2.07197341963318,-0.1082628430825919,0.2897037563315047,-0.078411543513908
NVB,453784.763901382,5678982.79631005,2.3098652996714284,-0.1102243196981432,0.3395824044077786,0.0261074672199709
NVB,453784.053274378,5678982.95194492,2.4367865939615654,-0.1014736717031891,0.4475813136963546,-0.0477240753637967
NVB,453783.368787461,5678983.0777695,2.5977699030842096,-0.1140754204028923,0.5059857765808051,-0.0895665673234452
NVB,453782.649688061,5678983.20228107,2.6367918508914734,-0.0946841162639157,0.4953484047949467,-0.0958005443392345
NVB,453781.895839371,5678983.34878389,2.6334242169089834,-0.1067185548775787,0.502500167773623,-0.1376841594616548
NVB,453781.159280594,5678983.49871745,2.664506518747344,-0.1248726729272223,0.4827568174615765,-0.116197109599783
NVB,453780.422695733,5678983.65308985,2.573084824263875,-0.1499060740735119,0.4532057564886964,-0.1985707177210499
NVB,453779.729260779,5678983.82880106,2.46559275607168,-0.1699978090571442,0.5239118820375851,-0.2111304839658314
NVB,453779.061790027,5678984.00466463,2.4349237612195145,-0.1852309711778829,0.543235324508318,-0.2305462390414539
NVB,453778.299058417,5678984.18995678,2.420030375455928,-0.1967471348468444,0.5254624873917076,-0.2728102551741134
NVB,453777.579633068,5678984.36995428,2.442628676568805,-0.1975960812543543,0.476905145737393,-0.3102139803527382
NVB,453776.920601964,5678984.5824895,2.4492521204277518,-0.2125025687228259,0.4557088134695047,-0.3111118962071422
NVB,453776.218199364,5678984.81141653,2.3540599970110643,-0.1924596007500703,0.3953483007511735,-0.3030506206306614
NVB,453775.507128945,5678985.04251213,2.297840802147841,-0.1509367742340603,0.4069476721069801,-0.2033609869713922
NVB,453774.787618754,5678985.23693584,2.3112465637108537,-0.1105225494575907,0.3618943631312432,-0.1704707011041794
NVB,453774.076893583,5678985.40921574,2.2461168027184337,-0.1151926771762777,0.3203450790527443,-0.225123847489905
NVB,453773.262200652,5678985.59975115,2.092335054842668,-0.1420866342990839,0.3189960670271612,-0.2711910981546163
NVB,453772.482139702,5678985.78827029,2.0787836413705847,-0.2071897292055008,0.2654035995660858,-0.2885511415671515
NVB,453771.676029764,5678985.99106336,1.9313319655638443,-0.2522112181482135,0.2557373877953806,-0.3071991306712321
NVB,453770.913323843,5678986.17191589,1.9073517273775304,-0.2769886829222266,0.2619231582647426,-0.2980523047808603
NVB,453770.133529939,5678986.31493596,1.7951555707567834,-0.2615046051703014,0.2687183860657494,-0.2882640479675913
NVB,453769.466469281,5678986.42088586,1.865662919086236,-0.2715574936717866,0.2734662011230419,-0.3758833050419383
NVB,453768.600134364,5678986.56228785,2.2996694373847184,-0.2422770870566697,0.3518748391424655,-0.2208350566084329
NVB,453767.872386163,5678986.68563752,2.4561681515268425,-0.1966445833857481,0.4339226861249228,-0.1807532738624101
NVB,453767.083956951,5678986.82527727,2.6863429096407825,-0.1492346334951529,0.5738959978646596,-0.2505667627632804
NVB,453766.278042265,5678986.99477796,2.824349105258546,-0.1750317984851067,0.6722605213806471,-0.2439743738196621
NVB,453765.532756395,5678987.15686624,3.002621378132356,-0.1875975835835575,0.7487880043597775,-0.1855222137573062
NVB,453764.778880918,5678987.30780635,3.116203248482988,-0.2271567200558268,0.7181466711153228,-0.1646169356797623
NVB,453764.00763074,5678987.46974201,3.011914380984427,-0.235359540030488,0.6238057980658461,-0.1346437156597329
NVB,453763.210155599,5678987.67591423,2.7099898177536814,-0.2527553768515405,0.5538714197024571,-0.1347841328182914
NVB,453762.403921385,5678987.89979119,2.55738661709126,-0.2903465037904374,0.4168821448589982,-0.1553364581995007
NVB,453761.615003144,5678988.12265999,2.7015651084882446,-0.2929001214814065,0.3613911884178863,-0.2748779948432094
NVB,453760.921410937,5678988.32500301,2.8953990098574702,-0.305751370591768,0.3943011759704152,-0.2640529087237611
NVB,453760.219176976,5678988.52507569,3.084098475080943,-0.3059558203894448,0.5391687148579595,-0.2909226472100724
NVB,453759.517021192,5678988.71183157,3.302281463687454,-0.2927390107876452,0.6891588768988681,-0.3224654181512903
NVB,453758.797568908,5678988.89626627,3.393737484427808,-0.2787786665659511,0.6712366716207503,-0.3147741634382902
NVB,453758.052152339,5678989.08054841,3.3236180364058976,-0.284796041977122,0.646505902999996,-0.2452920465657108
NVB,453757.306768324,5678989.25928183,3.093095964568176,-0.2665437277676844,0.5042754604372205,-0.2176270179197419
NVB,453756.578700292,5678989.43700712,2.886989955015629,-0.2607460317818418,0.4167837477208093,-0.1640051859285242
NVB,453755.876440044,5678989.64151833,2.724488770848479,-0.257934181905437,0.4208318590573192,-0.209276000270258
NVB,453755.165505453,5678989.84930782,2.5665891699631813,-0.2708357455176174,0.3865248148495899,-0.2826981979490459
NVB,453754.38549577,5678990.02894735,2.441623298785449,-0.2955160831224204,0.3885543118374734,-0.3070248191290564
NVB,453753.648916255,5678990.18220752,2.3408646826500785,-0.2893531456367916,0.3536667268982363,-0.4164430084443873
NVB,453752.89491639,5678990.35423133,2.2983057179146367,-0.2976694932296248,0.3327543347084642,-0.4804755406029208
NVB,453752.123626544,5678990.5228242,2.2742177537298165,-0.2816984037186867,0.3651530009069083,-0.3465048536614168
NVB,453751.378320476,5678990.68824033,2.232056881034807,-0.2760978544349073,0.3910138037844661,-0.3563956627421741
NVB,453750.624248802,5678990.87247092,2.1795018183615973,-0.264959919309387,0.4689684815711376,-0.3361825367367709
NVB,453749.870203163,5678991.05226253,2.112990130404073,-0.2515209395989428,0.4842008699154698,-0.2830019264160903
NVB,453749.098971852,5678991.21086755,2.026637998901609,-0.2741500872494734,0.4328392222546359,-0.2265779219821454
NVB,453748.379688584,5678991.36644837,2.0945588564268056,-0.2759251020499607,0.3982507204753393,-0.2805747578864074
NVB,453747.703659495,5678991.52561254,2.2406239812731648,-0.2843468141764005,0.3620809365653208,-0.3883160692266384
NVB,453747.019008223,5678991.67917716,2.314081791869505,-0.3235321554362508,0.331255463878466,-0.4563634937249325
NVB,453746.351575157,5678991.84837961,2.3687633846308165,-0.3452770267857609,0.2937296845465192,-0.4981888537993124
NVB,453745.64084873,5678992.02065695,2.403863073337793,-0.3577387437040107,0.3212138958727611,-0.4172308967885941
NVB,453744.92145448,5678992.19510283,2.552562436142676,-0.3722925722338788,0.3591200610589487,-0.3180082471848056
NVB,453744.228044018,5678992.36637201,2.654415422117618,-0.3673687801434863,0.3967145862784942,-0.3345778158533311
NVB,453743.499936272,5678992.55075447,2.7055620051304694,-0.3810451308581052,0.426789196963661,-0.3372849874460903
NVB,453742.763121571,5678992.74396383,2.8413588131044585,-0.3901632810444417,0.4322329407037374,-0.3695772373885532
NVB,453742.052342823,5678992.92511867,3.0081325456332726,-0.3555151945520441,0.4625352826102597,-0.3829109251704194
NVB,453741.341596641,5678993.10072481,3.0434470671955047,-0.3438189672920785,0.5573455983687261,-0.372872881077293
NVB,453740.613632199,5678993.26069299,2.976891925442516,-0.3410840895469449,0.6296758500544679,-0.3374514641035407
NVB,453739.903009841,5678993.41521416,2.968697825926071,-0.3546249466294329,0.617633125201705,-0.3245659515758424
NVB,453739.105474748,5678993.6313715,3.074289691480681,-0.3569267212606637,0.6409969468454765,-0.3184990206960074
NVB,453738.359978997,5678993.82896851,3.06589306978781,-0.3572315172702728,0.5014052394318241,-0.3783919685084198
NVB,453737.710063727,5678993.96276064,3.106680809767874,-0.3605407086836341,0.525146691792512,-0.3945973459522465
NVB,453736.947440979,5678994.12918343,3.167374202337856,-0.3690066671084309,0.5219811804565128,-0.4041533723359765
NVB,453736.236596753,5678994.32143503,3.322839892752396,-0.337414825951191,0.6388340821683222,-0.3430268726904033
NVB,453735.525745971,5678994.51479629,3.518598904904453,-0.28458818184599,0.7572156977602973,-0.2047305633360642
NVB,453734.832263357,5678994.69827165,3.743725006730637,-0.2100660400475588,0.7555961758665796,-0.2020506202570866
NVB,453734.078164805,5678994.88693958,3.859456760287099,-0.1628629106070554,0.899352348615676,-0.1310687936392634
NVB,453733.367385651,5678995.06809363,3.87006225512467,-0.0853301518460559,0.9630298834121216,-0.0815826403200816
NVB,453732.665339479,5678995.23598175,4.017477096873171,-0.058553359476665,1.025653387821249,-0.0725184247561823
NVB,453731.833250177,5678995.44083763,4.001072689974354,0.0259832328546201,1.278273911588669,0.0175163941368751
NVB,453731.122555701,5678995.60756503,3.985397304507502,0.0692746246671141,1.299154551786277,0.0824313129931826
NVB,453730.411906846,5678995.76652427,3.9629336040349226,0.0701301166864467,1.3246878169669662,0.0351662271246076
NVB,453729.709958375,5678995.91776621,3.828105589850663,0.096147947313592,1.2594794710740365,0.0880939992194127
NVB,453729.016768984,5678996.0513033,4.007524926518205,0.0739450774405052,1.1208038725310612,0.0772826942385676
NVB,453728.28022751,5678996.19790275,4.188519643582556,0.0473283349078345,1.1122189703455023,-0.0017920009537819
NVB,453727.517676078,5678996.35211761,4.216590488417263,0.0334630157544102,1.1410422912268268,0.0659996705653235
NVB,453726.79846363,5678996.49548947,4.365270976873019,0.0104712599058647,1.2608397983245598,0.0867553982342789
NVB,453726.044645166,5678996.63643833,4.401692552285325,-0.035991484175394,1.3795547727471025,0.0528847303942442
NVB,453725.28213278,5678996.78399461,4.503283843253982,-0.0918849708650724,1.3575575998692846,0.035012267113621
NVB,453724.54545419,5678996.95389799,4.3800615968571055,-0.0996749070871574,1.341156037038122,-0.0491144927360245
NVB,453723.756775258,5678997.13570308,4.327023446884534,-0.1068215736754474,1.2813634646749077,-0.0701364805149128
NVB,453723.011428794,5678997.30777491,4.224256427403334,-0.0634098547544403,1.261520489611455,-0.1123870642800308
NVB,453722.326809124,5678997.45578875,4.141828445530849,-0.0883156739670562,1.136314173872803,-0.0723438595884922
NVB,453721.616127296,5678997.62029583,4.326003814525731,-0.1059404361409491,1.1147746736814406,0.0152051100785879
NVB,453720.809884303,5678997.84527828,4.184347025024276,-0.0968033092206327,1.0867766817979847,0.1460694395042877
NVB,453720.072990244,5678998.05180226,4.059397207107093,-0.1409536710524259,1.0395744124835444,0.0308366469103512
NVB,453719.344718292,5678998.26392569,3.874604025718044,-0.1802125007429567,0.9169669719957588,-0.1256708679985781
NVB,453718.564432925,5678998.49017025,3.9260236053433526,-0.1730453270424552,0.8501732883068471,-0.1760316630040878
NVB,453717.818890504,5678998.69553342,3.750650017853386,-0.196105048310622,0.76406677592224,-0.2496343878363529
NVB,453717.090938087,5678998.85327998,3.647400570195998,-0.2083731027055882,0.7797012840096641,-0.2141295060867163
NVB,453716.354272163,5678999.02096314,3.3016936672605666,-0.1779519827855494,0.7703508686175252,-0.2145799620809913
NVB,453715.660827826,5678999.19777845,3.257729425487124,-0.1384207784279774,0.7592117652062872,-0.1816631506657891
NVB,453714.950113078,5678999.36783357,3.384713742220502,-0.1242482770390969,0.7526008092983912,-0.0842643256429431
NVB,453714.152759335,5678999.55291601,3.522814662067046,-0.1068185638241183,0.8113384051492397,-0.0107945114767516
NVB,453713.494110104,5678999.699972,3.53730699086454,-0.1212712778622314,0.7858334542812581,0.0623483218134535
NVB,453712.766164023,5678999.85660843,3.512975869641264,-0.1296519966630921,0.7865870829595462,0.0334701132866698
NVB,453711.951598518,5679000.02494296,3.564566416777482,-0.1641871000879659,0.7738461551875218,-0.0292920979457398
NVB,453711.189020274,5679000.18359517,3.758381102139544,-0.1402692308801062,0.8016094389135708,-0.1087417784769926
NVB,453710.391816421,5679000.34315349,3.776965092051548,-0.1211494575053918,0.8355245495443501,-0.2311431076839674
NVB,453709.594547289,5679000.513809,3.8449645361278897,-0.0669921622053312,0.8225179415228719,-0.1905113625522972
NVB,453708.840408391,5679000.70913289,3.7000698873565145,-0.0217522124253849,0.7624559871884554,0.0067015546495736
NVB,453708.068907728,5679000.91323275,3.527342755498932,0.0127539620117972,0.6502065658245493,0.0910143988653031
NVB,453707.340746096,5679001.10648969,3.450972711025066,0.0014091833085176,0.5336695681196727,0.2353192077262665
NVB,453706.638646598,5679001.28325333,3.4233077565348715,0.0035830849846371,0.5155473656461804,0.2349137383359909
NVB,453705.910550147,5679001.46541287,3.319978277908868,-0.0303691206177295,0.4364703119993123,0.1071935809590161
NVB,453705.095605848,5679001.69811091,3.144573521520281,-0.107480131270211,0.4081092577208233,0.0229320803274237
NVB,453704.341310111,5679001.92006783,2.9231274069606044,-0.1602380277796252,0.3692216225257498,-0.1523259615741955
NVB,453703.647734723,5679002.11907665,2.9217606877505053,-0.1895252983965248,0.3908621807012591,-0.2293537422403904
NVB,453702.858976455,5679002.31419639,2.7935896555936006,-0.2446177675085516,0.4112459070524779,-0.2607822003955615
NVB,453702.104980778,5679002.48510562,2.793520661089532,-0.253906596437388,0.3930129393601096,-0.264335854434009
NVB,453701.281609895,5679002.6789119,2.714601656317781,-0.2450221971268325,0.3865262551527028,-0.1470807020179426
NVB,453700.527679406,5679002.83872369,2.552009740077121,-0.2490237248842737,0.3539631690238652,-0.0773479295385186
NVB,453699.756511141,5679002.98622662,2.5017004208590565,-0.2118522938739862,0.3342418261221681,-0.0958176164785025
NVB,453698.9333033,5679003.15228946,2.6873237199685343,-0.1508661301933121,0.3393992574876037,-0.1725289844297172
NVB,453698.057820925,5679003.3768624,2.6816007951114216,-0.0985309350697808,0.3672663282363473,-0.1620064785888577
NVB,453697.217042411,5679003.58721237,2.685244983028168,-0.056208809866816,0.3524693354547769,-0.1725483914993438
NVB,453696.445606417,5679003.78021382,2.541054928501621,0.0097055719968958,0.3630716390755031,0.0128505377904175
NVB,453695.700226059,5679003.9578317,2.435789628853357,0.0644764305430498,0.3865213789443506,0.2062275570803934
NVB,453694.998256566,5679004.11239974,2.477232637364712,0.1360850486959063,0.3742696935969602,0.3623421807937693
NVB,453694.235599242,5679004.28436704,2.419791876340605,0.1479555578164741,0.3771457968068402,0.3312369593626805
NVB,453693.498867024,5679004.46314535,2.308396933919633,0.107547721612394,0.3699035064367854,0.2253612797305414
NVB,453692.779326819,5679004.6620005,2.5941669698123886,0.0360747664322091,0.4117126703176472,0.1817876782493641
NVB,453691.938006265,5679004.96445733,2.9946536769503296,-0.0248675308194018,0.4982863430079868,0.0838827711796996
NVB,453691.191796721,5679005.28301023,3.35920587779921,-0.0532111793518369,0.6177163322609905,0.0348412827265256
NVB,453690.454202718,5679005.60827234,3.632063912973299,-0.0787082129194472,0.7038189639583655,-0.0410981963707129
NVB,453689.742566437,5679005.93479683,3.9341192452643208,-0.1254479493248344,0.9185989847971778,-0.1139933044113735
NVB,453689.065568761,5679006.2581957,4.059993780462581,-0.2022911962949976,1.010041647969034,-0.082362485499333
NVB,453688.345271065,5679006.58577888,4.08288121189079,-0.2123493176506941,0.9218344328606622,-0.1761556349121811
NVB,453687.581836537,5679006.88980316,3.8969286305867903,-0.2330198800607477,0.8048684146145019,-0.3024513203383687
NVB,453686.887894708,5679007.15095527,3.7284266882326382,-0.1952787418340157,0.8003396373556153,-0.3503742139881648
NVB,453686.219975898,5679007.4022725,3.5518656671505204,-0.1657590832358779,0.7054135190460754,-0.4608023635112122
NVB,453685.517268227,5679007.68223895,3.5346601914234337,-0.1564845092723825,0.7253339718223125,-0.3363597386218825
NVB,453684.797179149,5679007.97431051,3.3511122985379607,-0.1333757598547807,0.7180813775157714,-0.1865642603056529
NVB,453684.024861084,5679008.31712401,3.5572337141264243,-0.0943416536786215,0.6553517010669528,-0.0405226876701293
NVB,453683.286998832,5679008.68788429,3.4927144612181245,-0.0268723847412704,0.7024782509322623,0.0845450631753857
NVB,453682.592456074,5679009.05113099,3.599321055365563,0.0094209911273164,0.6906154008479554,0.0773046663886695
NVB,453681.88044049,5679009.44201899,3.6093869372446186,-0.005442991928445,0.5724096074425226,0.0465498090053227
NVB,453681.194297756,5679009.84859587,3.646356623242981,0.0305895023751804,0.5133363071655259,0.0818644634339975
NVB,453680.508109248,5679010.26294078,3.5867671126839684,0.0591355176382048,0.4391433284092559,0.0479614090820475
NVB,453679.804643762,5679010.67163515,3.3723608901605657,0.0945507650274724,0.4022786561120097,0.1343600182557568
NVB,453679.109728513,5679011.09813603,3.1758568720515434,0.1028626300908729,0.4274701717828717,0.3033173396002064
NVB,453678.458178477,5679011.50935526,3.444122503008721,0.0379278221450572,0.3806861797778678,0.4919979674226812
NVB,453677.754595247,5679011.93802456,3.680799867950451,-0.0792928318935828,0.3390574377662066,0.365442154143502
NVB,453677.103169126,5679012.32815885,3.677430946869747,-0.1566091865926329,0.3125877008840153,0.2833720269833142
NVB,453676.443146925,5679012.70825461,3.819251168835865,-0.2408776118114189,0.3344658447806097,0.0158115789264347
NVB,453675.748361904,5679013.11256064,4.003073363021356,-0.3208773532197381,0.3704819657614381,-0.1591683079957407
NVB,453675.001413077,5679013.55651126,4.158956386945709,-0.3576361505969194,0.4346621313172345,-0.5652956133575053
NVB,453674.245620026,5679014.032593,4.21781910029161,-0.3795005274080175,0.5384197903052396,-0.6304006055051693
NVB,453673.533133426,5679014.50338065,4.032315263953611,-0.3220777579411591,0.5559333156420716,-0.4426384506609244
NVB,453672.872843146,5679014.92897496,3.8269067392934266,-0.2005248356115094,0.6098002149850944,-0.1339529803800282
NVB,453672.264599014,5679015.33489967,3.6938657666031,-0.1252854039699115,0.623776063866897,0.0269755564560106
NVB,453671.656413589,5679015.73083679,3.405938236540654,0.0099139319473172,0.4990961200397746,0.3397710926800898
NVB,453671.013635099,5679016.12213124,3.199420117951939,0.0932235098433002,0.4321654577915292,0.4493969871318926
NVB,453670.345048924,5679016.48663937,3.11008874667031,0.1305221770930454,0.4129101035095061,0.4878391389372426
NVB,453669.667886269,5679016.83777978,3.015979136728708,0.1124742795937476,0.4527431350444733,0.4110736785588834
NVB,453668.999417519,5679017.1823127,2.969212989301969,0.1210436434434424,0.3930352197733268,0.373724969900044
NVB,453668.330909525,5679017.53350393,2.8838855031013173,0.0926069528123661,0.5074936396710336,0.2627470778068526
NVB,453667.592928107,5679017.92423785,2.78954661697988,0.0349693991572093,0.5698923688229026,0.2285640034782462
NVB,453666.794173738,5679018.34679728,2.6310717758798825,0.0256626490937163,0.5133929930588539,0.110176491145821
NVB,453666.064892667,5679018.7298139,2.3830874962009765,0.052565870478194,0.4499471884508242,0.0265649597709819
NVB,453665.413805003,5679019.06224138,2.239111655393703,0.0199734620311129,0.4129678191827068,0.0233117778877136
NVB,453664.710546928,5679019.43542312,2.094084402156742,0.0261886847966219,0.3301223973065462,0.0012422025522994
NVB,453664.041744651,5679019.83655174,2.019778285550929,-0.0157390359323091,0.2995121092028355,-0.1086044805407742
NVB,453663.35560661,5679020.24201735,2.039214673511109,-0.0427098188060198,0.3190408685839454,-0.031633195273363
NVB,453662.591301103,5679020.69363303,1.9564469397157385,-0.0688023962341083,0.3385204103570631,-0.0434013529367066
NVB,453661.922465954,5679021.10031011,1.981717253566314,-0.1015918225615647,0.3988541805494023,-0.056575144952934
NVB,453661.244832255,5679021.53135021,1.9668736550063453,-0.0709535901944657,0.421674801306537,-0.0182394336232325
NVB,453660.532527077,5679021.97106432,2.035290459168619,-0.033082865485403,0.4289935101577312,-0.0442850864205456
NVB,453659.854984667,5679022.38656811,2.115366660567408,0.0019426849453077,0.3117537868955958,-0.0975321732809843
NVB,453659.177416059,5679022.80651075,2.129415897247321,0.0280951524213972,0.2874298303434435,-0.1193420903894427
NVB,453658.499880039,5679023.2209047,2.0534746374880197,0.0008108743558284,0.3222909651991075,0.1062449615506052
NVB,453657.82231782,5679023.6397375,1.9870046384941795,-0.0037936675972776,0.4105514556830891,0.1841028188380162
NVB,453657.170863601,5679024.03430906,1.948677219265717,0.015474138336143,0.4652663783127541,0.1776427842668717
NVB,453656.484679109,5679024.44754217,2.129369242445468,0.0111578313238205,0.5115700543014573,0.0942682203646124
NVB,453655.781171898,5679024.86289278,2.216182705032305,0.0057547574421431,0.4728292384789171,0.0076107645737179
NVB,453655.112505879,5679025.24071636,2.437461711046485,-0.0023226923340603,0.4884616917664666,-0.0401179150491236
NVB,453654.426569405,5679025.61177963,2.524510259169677,0.0035770607306761,0.4422163570476249,0.0143344797853099
NVB,453653.714655427,5679025.98490945,2.706531907902738,0.0039133292200623,0.4189976001154804,0.0818773957124625
NVB,453653.01137004,5679026.36252907,2.802796938664745,0.004651658785599,0.4259825511819465,0.1106910371811092
NVB,453652.281956887,5679026.76773897,2.9227329000317623,-0.0001161968073138,0.4446843669589639,0.005501259200219
NVB,453651.63056746,5679027.1512128,2.846357044668807,0.0170271599104243,0.4744173252529867,-0.035277603084148
NVB,453651.005286072,5679027.51042541,2.669095519339674,0.0192107379734695,0.5131424074684499,0.0536738433529382
NVB,453650.328069325,5679027.87044199,2.6121258506379217,0.0211219612144955,0.523157880833507,0.0612411030997629
NVB,453649.6249404,5679028.22142784,2.4661966641048787,-0.0582171923572824,0.4719267415437507,-0.0449563239446765
NVB,453648.913012886,5679028.59677668,2.370779565625248,-0.0359749369768664,0.4348329234617984,-0.0476095236832622
NVB,453648.209570233,5679029.00102935,2.036689161529577,0.0299304189598711,0.3387664397135299,0.0080542161138513
NVB,453647.49746618,5679029.40634072,1.815310796228312,0.0559079057013598,0.3226486129344581,-0.069286032764233
NVB,453646.837467233,5679029.7819951,1.6934772438892292,0.114820065410326,0.3216005559060599,0.0289313549338072
NVB,453646.186175291,5679030.14882256,1.6312743889542365,0.2121087459959529,0.3026722203956258,0.2077154203861805
NVB,453645.517547556,5679030.51998697,1.715879249205418,0.2100978791260649,0.3113821495969283,0.287404438618768
NVB,453644.770784831,5679030.93175263,2.021472689564336,0.2039366929667542,0.2567603016984294,0.2049990578591949
NVB,453644.0761795,5679031.30498351,2.3055512286542834,0.1758358028053266,0.2659520206676144,0.2385829071941212
NVB,453643.390202765,5679031.68270419,2.567153960340581,0.1400869649716027,0.3107391619084306,0.1771373064959388
NVB,453642.773581969,5679032.04085738,2.913968682752613,0.0817605572580045,0.373675825770597,0.0928950555734346
NVB,453642.113393084,5679032.44869348,3.152534328628354,0.0504985975342435,0.4826751020647086,0.0120802669329521
NVB,453641.288560371,5679032.88996283,3.4236044995838406,0.0101825229704426,0.5583010854812952,-0.0588736612829996
NVB,453640.412171222,5679033.26767183,3.761558079657243,0.0082323069101739,0.5940384716507174,0.0194340918247946
NVB,453639.553098126,5679033.64437294,4.643326551150609,0.0466405210600691,0.6582827071765032,0.1737178972639713
NVB,453638.745836128,5679034.04135484,5.24567456458453,0.0619416597955727,0.575581636488672,0.2731602959473658
NVB,453638.076959389,5679034.45468827,5.629614111278846,0.0806075232300363,0.4998625320082009,0.0873529484952772
NVB,453637.39919252,5679034.90792089,5.693661152627271,0.0649152160883362,0.6655898896814949,-0.1780431811309971
NVB,453636.729871262,5679035.39671571,5.743886816853578,0.0283159053507527,0.8080472912085153,-0.3039501866384042
NVB,453636.06091588,5679035.82336571,5.6412236393349575,0.0477268564249819,0.8375484704799973,-0.1335545171546304
NVB,453635.374997177,5679036.19109814,5.274811430808273,0.06429074603378,0.7755625377082922,-0.1021280595971906
NVB,453634.715127781,5679036.54455696,4.866860992029985,0.1201318007010001,0.7110029344361891,-0.0004714186611678
NVB,453634.055081869,5679036.92797837,4.407434020632268,0.2160746963678967,0.7083038421442887,0.1717288749476989
NVB,453633.438153069,5679037.33828805,4.2774649043459,0.3054646151153976,0.6879713673768957,0.2280148960675103
NVB,453632.830035861,5679037.72201518,4.122999829592025,0.3088417575622921,0.6032130477573577,0.2782009775777104
NVB,453632.204674338,5679038.09454304,4.175221962473545,0.2783288320017754,0.5150447634094382,0.2877320192470392
NVB,453631.57931929,5679038.46596112,4.116037447965492,0.1977855204012331,0.4509955711920452,0.2203384296099781
NVB,453630.95389229,5679038.84958617,4.10827318179097,0.1408398200125585,0.455111618669898,0.1145042167793606
NVB,453630.276327241,5679039.26841661,4.392299787904308,0.0989350721165378,0.4758896108520241,-0.0527516155958824
SGZ,453629.633485925,5679039.66969525,4.766707996215542,0.0917892556789716,0.4871724500255583,-0.0522914046401695
SGZ,453628.964523253,5679040.09745438,4.6720241109473175,0.035652994850017,0.4591256356555063,0.1306057116896684
SGZ,453628.321622977,5679040.50872046,4.852597866397197,-0.0293710911455558,0.4703166584801271,0.2403679570519159
SGZ,453627.670080897,5679040.91771606,5.031793278784211,-0.061831915489381,0.5255156031847307,0.018567142406055
SGZ,453627.044777699,5679041.28025597,4.95378322200384,-0.0379145276570759,0.5876915892845012,-0.2534130594620036
SGZ,453626.437084734,5679041.5918503,5.108586836896684,-0.0309333366469077,0.6651991866729183,-0.2759653701266225
SGZ,453625.855460734,5679041.88584186,5.464264175768052,-0.031903324981148,0.75101912214418,-0.1228308912480132
SGZ,453625.230281568,5679042.2272968,6.019948963858076,-0.0907381897551153,0.793344400819089,0.0318479913497571
SGZ,453624.544100329,5679042.63941741,6.319198839974258,-0.0977005990959531,0.9390888829433546,0.1731736109334443
SGZ,453623.936191445,5679042.98763256,6.439205769751091,-0.0359570053971519,0.9080105056919474,0.2012427179640942
SGZ,453623.363104399,5679043.30165003,6.548872525107434,0.0591802382482388,0.8920907618542522,0.0884347205576219
SGZ,453622.703305762,5679043.64290084,7.067831366403375,0.0687895690403703,0.8233519956557248,0.0755147069933402
SGZ,453621.939531655,5679044.00351491,7.764174228457366,0.0786351235302817,0.6941112493592599,0.2008095900509182
SGZ,453621.504385415,5679044.40934564,8.44798093784822,0.1463584069753474,0.6738031197638175,0.1646499027122212
SGZ,453621.493318437,5679044.81878423,8.878486716866133,0.1633590895675509,0.7708587045105866,0.0903204293382278
SGZ,453621.473714308,5679045.20819674,9.808796021183245,0.1168042987211914,0.9393351173524268,-0.0895315408700292
SGZ,453621.151172082,5679045.59915404,10.4597242957634,0.0577886474407772,0.9921302819539952,-0.0562364425746385
SGZ,453620.474089677,5679045.93586378,11.683193685490052,0.0534167954686648,1.0144960930536648,0.1876111966717925
SGZ,453619.745797426,5679046.1501975,11.94762174547432,0.0598027913431041,0.9865845656863608,0.0988619791247726
SGZ,453618.975093994,5679046.21779215,10.952763503751031,0.0203590731488379,1.0861687934318658,0.1438478210546606
SGZ,453618.203919851,5679046.36528713,10.006843095199931,-0.0227946673515653,1.0991142289466709,0.1199817243237229
SGZ,453617.475464056,5679046.60736384,9.29517842961715,-0.0493333671331038,1.078250234728555,0.1704222748193367
SGZ,453616.737791155,5679046.94482609,8.961841442209714,-0.0148728537700239,1.0590868638736126,-0.0071173677063775
SGZ,453615.886513773,5679047.46694996,8.869571174402756,0.0496279745531312,1.0028245628057333,-0.0536350672369298
SGZ,453615.139218293,5679047.96860079,8.465298366988922,0.0286702738663561,1.0824217140673535,-0.1422470593208081
SGZ,453614.365546371,5679048.54001143,8.100675551899135,0.0113668204680345,1.1441578966092278,0.0217892260273299
SGZ,453613.565511058,5679049.17896242,8.757080778067229,-0.0718877569186804,1.2495155663982855,0.0121941225948634
SGZ,453612.835112995,5679049.75062787,9.223119966835265,-0.0693647911260942,1.1261338818821558,-0.1112298398706506
SGZ,453612.191753395,5679050.23957359,9.743206008961574,-0.0187663971967581,1.0508492464191757,-0.255906281855092
SGZ,453611.627065165,5679050.59692059,9.48414681845581,0.0483593554421246,0.984824630659116,-0.307541617762581
SGZ,453611.097643472,5679050.84460847,8.625601788782783,0.1593199877905649,0.9099478146147842,-0.104128126875784
SGZ,453610.568326363,5679051.07454066,8.217905112396428,0.1821841121041752,0.7740309951117307,0.0216029948105276
SGZ,453609.848492017,5679051.3222163,8.284139854514551,0.1832002555153931,0.6245072809119911,0.1565711276455701
SGZ,453609.206891025,5679051.51264499,8.681668044129495,0.1291317752921873,0.5370133609866735,0.2428096682853813
SGZ,453608.529957986,5679051.82382998,9.392218560022368,0.0815528740839186,0.4575122666631487,0.2879440972800282
SGZ,453607.939004217,5679052.23207121,9.780415722830986,0.0391580589157152,0.4964910758971959,0.1088537112302814
SGZ,453607.313633809,5679052.60570683,9.465755638938433,0.0124894971735689,0.7724304712105216,-0.0107723433369145
SGZ,453606.592922975,5679053.0020857,9.283853478515228,-0.0914287600993253,1.0668517841272218,-0.051546101862859
SGZ,453605.958884541,5679053.37788968,9.322850709101322,-0.141055705260482,1.2206437181487055,-0.075408949461233
SGZ,453605.24664529,5679053.80539181,8.992666581832758,-0.1137598170218101,1.1334193841195537,-0.2216055010523223
SGZ,453604.44758961,5679054.2778827,8.520900404948382,-0.0601252613270737,1.1400947537142978,-0.1482977744575129
SGZ,453603.674609475,5679054.73166115,8.201517187680153,-0.068548644891166,1.4341239558981709,-0.1098343053228689
SGZ,453602.936320485,5679055.17343653,8.74228359289409,-0.1046226680454594,1.5662949687937533,0.0624303736394009
SGZ,453602.180852558,5679055.59291527,9.287786998982185,-0.1190698783555484,1.3989630075441704,0.0075908964242968
SGZ,453601.399478931,5679056.00225338,9.69971337007199,-0.104318525915119,1.2763251775941915,-0.2293049816787286
SGZ,453600.548663875,5679056.44558493,9.47136559129641,-0.164110261025355,1.4903848856469943,-0.1888240970314493
SGZ,453599.801726262,5679056.88619928,9.383572732184938,-0.1970652543185387,1.6152747379053631,-0.1604257733399377
SGZ,453599.141434937,5679057.31067772,9.455260964928195,-0.1889383184879079,1.6261891352979767,-0.1257785793360717
SGZ,453598.464860708,5679057.56082681,9.316569852440097,-0.1661020378546007,1.6800658496253826,-0.1656996296790515
SGZ,453597.823847552,5679057.65137908,10.293886205412337,-0.1372652036240447,1.5635558271529248,-0.1242176043931035
SGZ,453597.104391538,5679057.83468934,10.888075757330329,-0.1366022072235497,1.3514121668055996,-0.1564968001253736
SGZ,453596.219656565,5679058.15907551,10.731753593104813,-0.098222207528073,1.4443221194987423,-0.2190508781222434
SGZ,453595.524935303,5679058.5511675,10.42539206426011,-0.1109321569557867,1.4250227995126012,-0.3086100012600429
SGZ,453594.847065777,5679059.0210424,10.824307117708962,-0.1558896518261693,1.3392762395931943,-0.1839695104452955
SGZ,453594.134387166,5679059.52289529,10.442848550238953,-0.1414522578143857,1.1808474000608782,-0.092188252059994
SGZ,453593.560709022,5679059.93678611,9.712987805664472,-0.0784119067422958,1.0438608104751534,-0.1010930428657575
SGZ,453592.847860179,5679060.46749181,9.318473947524872,-0.0155254489668733,0.9365992782510424,0.0402064562220336
SGZ,453592.264748671,5679061.01338913,9.578955531791271,0.0021604403765843,0.9602473594895136,0.0306867744987632
SGZ,453591.785194171,5679061.61094607,10.511948869895637,0.0013576502669423,1.0379855016167456,-0.0736252727804073
SGZ,453591.322491375,5679062.28628596,11.58669760245344,-0.0351318019855714,1.1048400722843388,0.1378760351567828
SGZ,453590.91175675,5679062.95527356,12.983797651909708,-0.1125058068003755,0.9606181248964756,0.0880332815068904
SGZ,453590.674223403,5679063.60752581,13.499972783674902,-0.0688963382565109,0.939156679245488,-0.1297831404888467
SGZ,453590.531755827,5679064.28364352,13.365246047248228,-0.0555449072669553,1.2617364542579266,-0.2060972804353856
SGZ,453590.415226571,5679064.96435319,12.416307406853976,-0.159073164227161,1.405709793497876,-0.087992799673519
SGZ,453590.324393605,5679065.69071475,12.596660514889049,-0.1236910261317337,1.5957271235322836,-0.1630961063977416
SGZ,453590.242025767,5679066.44930943,12.288855543797446,-0.1553343362743009,1.5972616721303068,-0.0315316490796666
SGZ,453590.238159803,5679067.10515858,12.448683049370713,-0.1727212976280185,1.5955390183203677,-0.0186523055204367
SGZ,453590.278189464,5679067.65583866,12.09069361015181,-0.183763317870083,1.685746107769989,-0.1517866119574266
SGZ,453590.377043377,5679068.50539264,11.911425811940578,-0.1185809345933381,1.674888115567378,0.0174940806081575
SGZ,453590.501580556,5679069.40281797,12.542672405825352,-0.0706993336811412,1.968034332356084,-0.2485581960323446
SGZ,453590.652101913,5679070.29706715,13.2639871613916,-0.1118839734543909,2.13558785638359,0.0621260276760752
SGZ,453590.681893784,5679071.11625035,12.926296272914762,-0.13215608911697,2.1313632295786658,-0.1583524691647226
SGZ,453590.642682401,5679071.89507521,11.984094695306831,-0.082499771558397,1.9482280516842172,0.05000456273111
SGZ,453590.551417666,5679072.6946788,11.042215877128829,-0.1123990280607166,1.678417408359184,-0.1667005995235589
SGZ,453590.416139515,5679073.61942655,9.810123698775746,-0.0433692782733967,1.453228567159521,-0.1461187345670931
SGZ,453590.418952929,5679074.6104645,8.087740074459296,-0.0900024742734765,1.041572276205441,-0.2126588689404074
NVB,453590.526285193,5679075.49003213,6.806179561138705,-0.0401006813241927,0.832213438940541,-0.0579629885443617
NVB,453590.56425441,5679076.39027647,6.913374377408719,-0.0504037017237919,0.7184646637229887,0.0713577275401446
NVB,453590.5672968,5679077.34247394,7.080924686563952,-0.1058461003481633,0.9413084190840316,-0.0927192295073423
SGZ,453590.587563858,5679078.3091999,7.5164598519843855,-0.1006924495077773,1.2059156171243677,-0.1239233858026927
SGZ,453590.616662386,5679079.24601423,8.278668676000292,-0.1367985990227082,1.5200851495962269,-0.2692235298687493
SGZ,453590.67200676,5679080.13526332,9.008993211667036,-0.2094712531426727,1.645461462767345,-0.1585653575942168
SGZ,453590.814455688,5679080.93069569,9.265219884500995,-0.2854861102615034,1.5271147663656033,-0.053894590889849
SGZ,453591.009016927,5679081.69536178,9.289866621179293,-0.2814647155986201,1.3269681230419286,-0.2303843651494665
SGZ,453591.220600103,5679082.50895792,9.084000556330553,-0.2861668902504525,1.3457838822385992,-0.5276852212273504
SGZ,453591.42393402,5679083.25369991,9.044934397867417,-0.2500662254766878,1.3281729491667318,-0.5492967260940923
SGZ,453591.601637007,5679083.94169273,9.376475199543943,-0.1531932925476041,1.4039456481690602,-0.460475792339332
SGZ,453591.622721869,5679084.76970271,9.019860746332808,-0.0574781295024797,1.3499742745167156,-0.0404848303196452
SGZ,453591.565677531,5679085.63720375,8.752322884592378,-0.0368169279922985,1.0741947306933737,0.3300230945881084
SGZ,453591.595515374,5679086.44861883,11.243359671275435,-0.052527265526734,0.7895169017013353,0.4516032914216967
SGZ,453591.711561688,5679087.31824989,12.74072295279581,-0.1451002978380196,0.7608634018561464,0.1457850152664839
SGZ,453591.897167432,5679088.13391242,13.133061716767283,-0.1762184268871024,1.0096626790055725,-0.2889789383383309
SGZ,453592.134401495,5679089.0009285,13.194225211608186,-0.3972570958941554,1.329124959261411,-0.596083962076006
SGZ,453592.718660842,5679089.7290497,13.205663418009127,-0.4911042256296489,1.343034773679679,-0.5334906512688098
SGZ,453593.355294258,5679090.38201545,13.116262597294106,-0.4369597296037413,1.1987106064617234,-0.4953678117486692
SGZ,453593.948431071,5679091.07245682,12.233096825039146,-0.3547755035585128,1.1381052150359845,-0.5038489472854454
SGZ,453594.169120998,5679091.80953266,11.34387336464628,-0.3696540403477947,1.1451856012274284,-0.3735500904037456
SGZ,453594.225355435,5679092.54785872,10.333421056208524,-0.3681884024525432,1.1907572040618022,-0.2232934277706993
SGZ,453594.029565306,5679093.46004241,9.790825838304656,-0.3428214938467993,1.1898391598664784,-0.1393630569646334
SGZ,453593.764725874,5679094.33963589,9.475517328805244,-0.2881457290237729,1.2127391535613794,-0.3148456671385619
SGZ,453593.395772862,5679095.26189658,10.78311574831936,-0.2959140535496056,1.1474491284227384,-0.4150174218050413
SGZ,453592.956239912,5679096.41124335,12.048052955639433,-0.4394065367862215,1.1574128959112704,-0.3041141522371294
SGZ,453592.66429752,5679097.48377638,12.250660173904992,-0.4297291817648117,1.232120183428975,-0.4139424638052675
SGZ,453593.023406607,5679098.23165601,12.85365939602237,-0.4117211030794139,1.4209511419313317,-0.4862436330441268
SGZ,453593.530276528,5679098.87386898,13.97898581542852,-0.3779185412553492,1.5744665701703413,-0.4183005107865312
SGZ,453593.811367619,5679099.64237428,14.152926449536308,-0.358952132891354,2.0049889062464543,-0.438133755859802
SGZ,453594.040719208,5679100.37839139,13.60552285119297,-0.3258250639517581,2.0167514403842914,-0.2829084971557999
SGZ,453594.491931888,5679101.65284304,12.927278488490147,-0.3277743664985292,2.1870314344796014,-0.2499829344324234
SGZ,453594.712510992,5679102.40878422,13.124181110505925,-0.3097612337591675,2.209851088914832,-0.1824205707087283
SGZ,453594.934444055,5679102.93501175,13.21589114801589,-0.2914986194896093,2.393494919055196,-0.3497808278638683
SGZ,453595.130425597,5679103.45886678,12.805887576278549,-0.2479065888253349,2.3156680345020475,-0.3152671665098981
SGZ,453595.187373157,5679104.07623249,12.850722655997112,-0.2792476441810181,2.260449272259676,-0.253259335164065
SGZ,453595.209367641,5679104.74999027,13.553190069937804,-0.2889360479177963,2.254445615115191,-0.2787479141352393
SGZ,453595.256404542,5679105.58037269,14.100530819686863,-0.2897941246676813,2.1996348504352348,-0.1189336273041341
SGZ,453595.294989335,5679106.37630255,14.193274716563936,-0.2552812698221461,1.9780908929021124,-0.1178494402071443
SGZ,453595.222146414,5679106.98735445,13.65357992212486,-0.2122859606109683,1.8663499553229728,-0.138366312851957
SGZ,453595.140877519,5679107.55951487,13.384900940857356,-0.2246655588475442,1.8217395192331765,-0.1718657963089686
SGZ,453595.076964163,5679108.12400922,13.18202001278448,-0.2960148863502982,1.719375616174675,-0.1980450244051992
SGZ,453595.140990357,5679109.00887032,12.283595103619952,-0.31863690963727,1.7617884680181457,-0.4028546422068164
SGZ,453595.239701511,5679109.88283819,11.955075771052693,-0.3307931907910308,1.5508490012450376,-0.5179917464928723
SGZ,453595.417385861,5679110.57416008,11.499406700756108,-0.2875236024460393,1.383376830309878,-0.3972914082417849
SGZ,453595.620936791,5679111.2822809,11.534669382193751,-0.2311515424634453,1.3980151817562876,-0.3543245210136964
SGZ,453595.797404668,5679112.18001214,11.37368247993394,-0.2880484140319841,1.4714712275562898,-0.0126338385267604
SGZ,453595.956942161,5679113.01327713,10.981755413212092,-0.2455191690259774,1.4758218738911422,-0.1243036441275128
SGZ,453596.10796869,5679113.82207711,10.953019436949935,-0.1806158109900844,1.2559198766108013,-0.1019297175322425
SGZ,453596.328293236,5679114.6212976,11.206000283451228,-0.1743140573734576,1.13969496313297,-0.1971115707015829
SGZ,453596.5315108,5679115.38601451,10.754713795671028,-0.1964780044865903,1.160346145678539,-0.3501557727025373
SGZ,453596.553479289,5679116.06421119,10.442813168582491,-0.2725149676391084,1.132104353993511,-0.1665580352199254
SGZ,453596.575245029,5679116.77680942,10.161820251175644,-0.256354667002045,1.1670297006299974,-0.2299419015191335
SGZ,453596.734625739,5679117.63670786,9.828014722527795,-0.2359291940435997,1.248187195050393,-0.3326434220039355
SGZ,453596.885717849,5679118.43441054,9.964198089805016,-0.3072163893480098,1.2464630177995275,-0.3856947378275261
SGZ,453597.140707977,5679119.22606695,10.463062496467469,-0.2946033575816035,1.1561587401922977,-0.3508697428175203
SGZ,453597.429781439,5679120.10892505,10.560558521802571,-0.2912632877101326,1.0836625706534853,-0.2595425999409805
SGZ,453597.701604034,5679120.98169358,10.87797853839838,-0.2141434061105689,1.2539945993974353,-0.21261465465258
SGZ,453597.748706735,5679121.80097869,11.64402924178984,-0.2232752538807362,1.3338978306018945,-0.3119415201917496
SGZ,453597.786664031,5679122.70344237,11.944095746393774,-0.2082068156700898,1.5151239322434191,-0.1701034221407899
SGZ,453597.81690169,5679123.44716397,12.040171302905671,-0.1305882509547346,1.717396743983789,-0.232874799745734
SGZ,453597.829581024,5679124.23295322,12.232289469343948,-0.1824743739489803,2.017377917774738,-0.1414766937868119
SGZ,453597.85870686,5679125.16532853,12.233239213333036,-0.1731595790976624,2.0313998849961754,-0.1583864198820191
SGZ,453597.88791119,5679126.08438711,12.528912152423397,-0.1538735025892491,2.0847968211270302,-0.071054277617725
SGZ,453597.934490735,5679126.99245043,12.194189404994672,-0.1784870816674356,2.137966737799105,-0.1071399791503341
SGZ,453598.032895077,5679127.91857544,12.02419081387404,-0.1672274801380281,2.3524366144665647,-0.1083477426040668
SGZ,453598.148831625,5679128.80707172,11.77150461347154,-0.2127226882429794,2.2532559277491395,-0.0780869265933259
SGZ,453598.361417541,5679129.45087925,11.402487366485984,-0.1887897880372386,2.138892285036766,-0.0473849068823365
SGZ,453598.521943243,5679130.11657528,10.940366305850027,-0.231181597088375,2.301328804659309,-0.1429890938790897
SGZ,453598.350554408,5679131.29413697,10.433134043098413,-0.2163900642528074,2.037608400550909,-0.2689472016209541
SGZ,453598.309224611,5679132.43251357,11.139433775068856,-0.2315216543468753,1.7831622380759162,-0.31359112671746
SGZ,453598.640624961,5679133.47653716,11.300698707253565,-0.2503466489401833,1.6945753991839752,-0.176501983815644
SGZ,453598.989472567,5679134.49735847,11.728813556380832,-0.2816884227119047,1.8172476778085795,-0.2615167279373058
SGZ,453599.40781463,5679135.47530842,12.667175737230966,-0.3098100418402013,1.9454822692955425,-0.335946351455363
SGZ,453599.948607411,5679136.2364658,13.001584697879036,-0.2516042085484666,1.908005159180987,-0.2791471916378522
SGZ,453600.402432604,5679137.06813566,12.961581351823153,-0.2466386661259197,2.132195847022256,-0.200982761441673
SGZ,453600.189273501,5679137.99020499,12.52297005437586,-0.2134356458926023,2.056072561906134,-0.1772423341917797
SGZ,453599.985213976,5679138.83686383,12.74080543049346,-0.2275788370961401,1.8880930172312405,-0.0152033949169986
SGZ,453599.937400721,5679139.60675982,12.521664551875128,-0.2087579766250537,1.6012481632004378,-0.0070518105746567
SGZ,453599.872611156,5679140.31995769,12.355329090251448,-0.1739328207101245,1.731282089252976,-0.2228150165349028
SGZ,453599.765560664,5679140.86089274,12.468537375571897,-0.1496305424540215,1.9773626660207408,-0.2478832387303491
SGZ,453599.675551866,5679141.44742863,12.17015032141376,-0.2577266181163986,2.1422249512709257,-0.2267488276447198
SGZ,453599.664156725,5679141.91235352,12.45642315851222,-0.2911404375693805,2.1786002522071257,-0.144712129781908
SGZ,453599.801582524,5679142.09183577,12.45642315851222,-0.2911404375693805,2.1786002522071257,-0.144712129781908
SGZ,453599.99833712,5679142.48474277,12.648660980200914,-0.2938668506681099,2.006514240434793,-0.2009928221949404
SGZ,453600.23660713,5679143.17642154,12.748758533020876,-0.2484520427743551,1.742450092026199,-0.304709979717385
SGZ,453600.396832465,5679143.89316499,12.356949568299791,-0.2912695152470257,1.8647216875345,-0.364680758626948
SGZ,453600.305718454,5679144.66724486,12.245413866659382,-0.2578548065819201,1.8708508560023,-0.4461362302470849
SGZ,453600.206099918,5679145.41575,12.25576285416826,-0.2567055091635604,1.9477053801070143,-0.2960399448899209
SGZ,453600.149474775,5679146.21222844,12.25839410438384,-0.2655712243786291,1.8959401988429792,-0.2364305847614304
SGZ,453600.2482132,5679147.08175728,12.477701802087092,-0.1712604029744668,1.9254020073508076,-0.2583361992128328
SGZ,453600.364653885,5679147.88480446,12.69796020252222,-0.1947094394477835,2.285132095035292,-0.1766792270468516
SGZ,453600.524519651,5679148.66258292,13.331198513302963,-0.1861485317429278,2.74041827837781,-0.2049866048932415
SGZ,453600.710291377,5679149.45050195,13.160205437507411,-0.1539692768759096,2.687139329988152,-0.1741436335840672
SGZ,453600.930833272,5679150.21310125,13.249607868345944,-0.1936185258841931,2.491964301068456,-0.0791193364773732
SGZ,453601.168410404,5679151.02241111,13.014002159304075,-0.173309054670202,2.345246790142858,-0.1501421551072238
SGZ,453601.371825638,5679151.753836,13.067114089933218,-0.1659563089471618,2.3594208540916126,-0.2144440257620723
SGZ,453601.506897388,5679152.33282018,12.867214529664652,-0.167412456502851,2.1717200316105205,-0.223454919897536
SGZ,453601.56389166,5679152.94241769,12.431752055024312,-0.1735834179216461,1.994963804884182,-0.2580360365163404
SGZ,453601.386614186,5679153.65051361,12.001295263145984,-0.1873756261188223,1.859713923187464,-0.3275317501090922
SGZ,453601.183241086,5679154.38065105,11.54045082717804,-0.2228835108328732,1.7143945135823095,-0.241643451171554
SGZ,453600.892546919,5679155.24122632,10.954285431331964,-0.210601192117446,1.6641583946243252,-0.1553796108752514
SGZ,453600.567677654,5679156.02613607,10.9823586323227,-0.1963971521642824,1.643218852293739,-0.2709266873363752
SGZ,453600.215738286,5679156.99843678,11.298954862176045,-0.1939834228440111,1.6215984769053051,-0.1804381513432493
SGZ,453599.699283079,5679157.98197536,11.522939554182525,-0.1535859550608125,1.679659473890772,-0.1191930241578924
SGZ,453599.123786601,5679158.70326115,11.401944507677884,-0.1263745595655128,1.9175771081080863,-0.0442637511050718
SGZ,453598.53268055,5679159.13591568,11.390894462199476,-0.1316208447279654,1.994535983096109,0.0298246878485997
SGZ,453597.933037211,5679159.54854407,11.376187858585794,-0.1482071076790615,2.0889941317929965,0.0566613931172279
SGZ,453597.488515637,5679160.07528277,11.609513467691064,-0.0514752440274946,2.211151776122797,-0.1458589090305465
SGZ,453596.889369232,5679160.40357178,11.373475447380116,-0.0380068560232741,1.980829788920937,-0.1834598971046991
SGZ,453596.12765599,5679160.41239973,11.257366379819858,-0.0407382631415683,1.8385166100259247,-0.0880321850173687
SGZ,453595.469730086,5679160.43404672,11.259339018099231,-0.0507380116656375,1.8629641066457687,0.0021296089532804
SGZ,453594.966788621,5679160.59310836,11.503421115500354,-0.0509738599896417,1.935123193285944,0.0076625512172128
SGZ,453594.403426063,5679160.7240697,11.357193408454233,-0.0870760434888368,1.8368805540798605,-0.0471861568299349
SGZ,453593.815092849,5679160.68619936,11.264379745257528,-0.0718938953498058,1.770929479309049,-0.0416128321391636
SGZ,453593.184806175,5679160.42390892,11.28995254602735,-0.024594869040087,1.7659165004144024,-0.0259877211939152
SGZ,453592.546172025,5679160.10941022,11.47439568370964,-0.0514558041528236,1.6376296778350403,-0.0298274696734161
SGZ,453591.925011325,5679159.76727029,10.803003739304293,-0.0990736519539009,1.5718800219373803,-0.0574448279580993
SGZ,453591.243338056,5679159.41256622,10.811088161588572,-0.1455133848613469,1.5107021755115837,-0.0930534120466465
SGZ,453590.276542451,5679158.97294899,10.389414232937172,-0.1254046708469732,1.4925616078960793,-0.0522055814837839
SGZ,453589.404218648,5679158.65818233,11.096729580784714,-0.0984994355199694,1.424135902336935,-0.0347261134246734
SGZ,453588.608474527,5679158.56692999,11.457035617922294,-0.1167991177318021,1.5970817084477062,0.0219572284631117
SGZ,453588.027141433,5679158.80987133,11.291992880980798,-0.1360551113024946,1.5894590766514762,0.0672313142231062
SGZ,453587.455365982,5679158.89972123,11.33414107275939,-0.1394085331628042,1.6139504898353778,0.1022300713957928
SGZ,453586.824189986,5679158.78835324,11.094682964618393,-0.1325059489809135,1.701996781893138,-0.0302254515568047
SGZ,453586.174474278,5679158.88551196,11.133713372164465,-0.1188063899595091,1.5934829388667502,-0.1037619355092112
SGZ,453585.496837717,5679159.31432614,12.043483624923008,-0.1624910635575526,1.4330842274835074,-0.1950723701491749
SGZ,453584.032105298,5679159.65304821,12.718063959711742,-0.1835115793390405,1.4132518660104112,-0.322624348197418
SGZ,453583.343491494,5679159.00754377,12.153388656588453,-0.1502200485371625,1.312764692611532,-0.0505334973155997
SGZ,453582.541460772,5679158.51451838,11.884557032643723,-0.097973320482004,1.2946795854758013,0.1416463503763632
SGZ,453581.771256295,5679158.49555072,11.788235458976068,-0.0696295166196574,1.2830887422028,0.2154099832836109
SGZ,453580.992907198,5679158.3899732,11.475298392623396,-0.0722392955358305,1.3658285165154544,0.157676904195193
SGZ,453580.180487951,5679158.19097437,10.634885717507965,-0.076852411912815,1.513549847963903,-0.063490086521489
SGZ,453579.358216482,5679158.19500459,9.93865838371031,-0.1334884366281752,1.60075533506541,-0.2746688303412124
SGZ,453578.638574219,5679158.40827587,9.746609400458563,-0.1842446026841935,1.712693477348311,-0.2266107694132118
SGZ,453577.962193519,5679158.62402169,9.159015597724874,-0.1942164950661964,1.7360617559330591,-0.2945549737527937
SGZ,453577.182503136,5679158.74593797,8.858361568468204,-0.2160454253133281,1.7395229819001197,-0.2581817207740763
SGZ,453576.282500733,5679158.72176541,9.06424429332732,-0.2268996669811657,1.587413867564952,-0.2786064376143587
SGZ,453575.321043503,5679158.8448293,9.300338676362308,-0.2024202701725599,1.38857092728426,-0.335284396916182
SGZ,453574.194147792,5679159.13560204,9.358235956426377,-0.2167554784528705,1.574536572559572,-0.3023746793940793
SGZ,453573.387982076,5679159.3439236,9.764975566626145,-0.2541140564674781,1.582779245410483,-0.3514031166852263
SGZ,453572.685898076,5679159.51512676,10.413752774620152,-0.2544805030956406,1.7019146830374643,-0.3327820065738491
SGZ,453571.931976019,5679159.67048745,10.746707772405298,-0.2257918161696474,1.7962135355781876,-0.2213934599290908
SGZ,453571.178845741,5679159.69157102,10.719934176399953,-0.2258996522608934,1.734881781946067,-0.0806501296673988
SGZ,453570.383082069,5679159.60364603,10.367676911378746,-0.2487491070944579,1.4793738381575976,0.0158299633317406
SGZ,453569.500867178,5679159.49856464,10.263877039856624,-0.267386135767067,1.319204375454441,0.0139871213275193
SGZ,453568.549380072,5679159.39862348,10.420040933373352,-0.2721001448971475,1.396186250885105,-0.1993968584593977
SGZ,453567.676147384,5679159.23810655,10.264182575608864,-0.2205552424208279,1.4609185379305294,-0.3280557118031264
SGZ,453566.915559832,5679159.05605851,9.82700712419404,-0.2202317665137032,1.4985555127340089,-0.3307430049300435
SGZ,453566.033397402,5679158.94209892,9.837787632593948,-0.2837808676831659,1.8863425196655168,-0.2926027106012669
SGZ,453564.977822064,5679158.88038529,9.929343387188322,-0.2931927038241562,1.9569747418999408,-0.2941383723544122
SGZ,453563.783512465,5679158.86113418,10.710935168437508,-0.2462293137102945,2.007262076805736,-0.2868838916169835
SGZ,453563.03808814,5679159.04317853,10.930740541993774,-0.2505970164889642,1.9197121446974024,-0.3225525642685729
SGZ,453562.525751541,5679159.32758628,10.897984337924616,-0.2515770242906344,1.9099287964416265,-0.3094737543764778
SGZ,453561.720475626,5679159.38498368,10.820814243613524,-0.2290989285921666,1.9904601556098775,-0.1915173495346338
SGZ,453560.829357201,5679159.32201994,10.73945763471099,-0.2134227464642284,2.0966130269072742,-0.1894229416273969
SGZ,453560.14673624,5679159.12822367,10.926587389430894,-0.2111598411135822,1.9387371439763987,-0.2305665850865821
SGZ,453559.568517864,5679158.84293254,10.801744056730774,-0.2120042013131981,1.6663554277874992,-0.1937592015269975
SGZ,453558.903946509,5679158.52383904,10.852776402687518,-0.2223398068498931,1.5304704258360362,-0.1330336938656502
SGZ,453558.366783923,5679158.61500075,11.204767680045691,-0.2287218488594427,1.1448037921740553,-0.1319364922292247
SGZ,453557.672490538,5679158.93273768,12.303726314652955,-0.2469386166209458,1.1907368702449073,-0.0587358205800341
SGZ,453557.030735497,5679159.14757618,13.096428438285711,-0.2794487471863764,1.254663458935387,-0.0012346907323651
SGZ,453556.293861186,5679159.34742659,13.19010631071266,-0.264711131983224,1.193338998335436,0.0916365104237301
SGZ,453554.990192555,5679158.79262171,12.791764755364117,-0.1432331249036316,1.6635445419360542,0.19932257971652
SGZ,453553.558657392,5679157.90524219,12.850722791745955,-0.0826445668307522,2.342922004668265,-0.0429646080722513
SGZ,453552.092286767,5679157.0542792,12.728946315550315,-0.1618790635365534,2.4183905442537985,-0.1829779859508778
SGZ,453551.080359614,5679156.92956451,13.83158730123874,-0.1737530710235662,2.593948375175489,-0.2091642432297311
SGZ,453550.377326024,5679157.2616762,14.322247996797874,-0.1939118162425621,2.589818856908602,-0.1314449654617074
SGZ,453549.794309248,5679157.78981473,14.551355484322414,-0.2068930266152261,2.8644619463992407,-0.1759085350238089
SGZ,453549.297435873,5679158.38726696,14.548419476240808,-0.1654638937790298,2.786645377691173,-0.0593587555677642
SGZ,453548.933470156,5679158.46280333,14.263763712594622,-0.1541241365891958,2.720526682707336,-0.1176426540271588
SGZ,453548.605243734,5679158.3487805,13.991551731505677,-0.1742466124624194,2.6937645454341865,-0.0721225768311464
SGZ,453548.294405767,5679158.22154305,13.928018210867512,-0.1883840789717423,2.704693940548359,-0.0808193506751132
SGZ,453547.358212372,5679158.46349758,13.06837132116324,-0.1987986439182135,2.3490589453876063,-0.1240096205407604
SGZ,453546.005161049,5679158.94381182,12.952232916093797,-0.1915677320119832,1.9031079952883585,-0.2680455963186992
SGZ,453545.034131667,5679159.22218283,12.972555607093408,-0.1811348953696701,1.5639383954117958,-0.2187427422124242
SGZ,453544.254185303,5679159.38737523,13.189695814933522,-0.1541125323239161,1.5661072510499046,-0.1430906972347542
SGZ,453543.57744341,5679159.66415312,12.864858115858809,-0.1038540189620085,1.949207491036468,0.1015547801943379
SGZ,453542.943616035,5679160.00222132,12.99360959895423,-0.1100089824388229,1.800396299246768,0.231467028252011
SGZ,453542.18049488,5679160.2496355,13.82372907356455,-0.1075453242691922,1.65304578892884,0.3090012412407025
SGZ,453541.426637586,5679160.393896,14.975053383650014,-0.0981564158467086,1.601294903017238,0.214213887785915
SGZ,453540.725056967,5679160.47964729,16.011475481560797,-0.0832790264150525,1.6622113945628776,0.1933043207036245
SGZ,453539.972044351,5679160.48075278,16.01903882822321,-0.0611266121925554,1.810537950877672,0.2147331626598395
SGZ,453539.115558798,5679160.4157714,15.929247661527278,-0.0340448911421998,1.9064651416143452,0.133585373263267
SGZ,453538.223052111,5679160.58806736,15.40430182795889,-0.012763953973355,1.735824032213449,0.0828166556259137
SGZ,453537.26946964,5679160.84323528,15.52588502778537,-0.0389763481821001,1.4942094532546577,-0.0642578970909681
SGZ,453536.508149127,5679160.7854738,15.27610321960249,-0.0257125638865884,1.182022795808261,-0.0915326639165048
SGZ,453535.859873322,5679160.63848828,14.266624140755376,-0.0044098314426352,0.9444815727517818,-0.2085516212352246
SGZ,453535.29704673,5679160.67844773,14.10799359918942,-0.0524791612534007,1.0196966043173443,-0.1347304771552444
SGZ,453534.682080911,5679160.75361196,13.559743475483783,-0.0894655805201331,1.0482071899380576,-0.1318325214372511
SGZ,453534.075743829,5679160.83326613,12.49339304235222,-0.1166365652431823,1.2349634293962215,-0.168504484389705
SGZ,453532.3073032,5679159.83624712,9.78270584815354,0.0620970504343374,1.0784603383480096,-0.0772623856508099
SGZ,453530.125227083,5679158.53160066,9.217537737929954,0.0908332097680454,1.133105430537526,0.086998810629171
SGZ,453528.9838755,5679158.33842352,9.70894492046386,0.0652500601490055,1.173349568098912,0.094528151228362
SGZ,453528.23855517,5679158.50270894,10.075537625024417,0.0901839365970571,1.4599296122795666,-0.0627784102572068
SGZ,453527.553472232,5679158.72616745,10.74922004940086,0.0462610585938378,1.588321003274728,-0.027959236069105
SGZ,453526.850706015,5679159.01277821,11.47441663173692,-0.0373765272796639,1.7263295954787303,0.0911560453591212
SGZ,453526.147736689,5679159.33379046,11.47809748652298,-0.0736819479171109,1.707647268074743,0.073464516704167
SGZ,453525.453363292,5679159.66484129,12.07917189363084,-0.1230673594525321,1.7296274030540408,-0.0719334553616379
SGZ,453524.698313547,5679160.01107064,12.16303824908976,-0.141192312437502,1.671036689385076,-0.2347288151082046
SGZ,453524.177995225,5679160.18112286,11.96932428398422,-0.1546135256835047,1.452352333632167,-0.3726427896542733
SGZ,453523.657879948,5679160.3167735,11.904407189655384,-0.163702839307642,1.3369961654599178,-0.3492659911717661
SGZ,453523.060158412,5679160.40313628,11.742817420484265,-0.1833777555308945,1.1036698699863876,-0.4068076089545677
SGZ,453522.428059472,5679160.44823473,11.62627576842686,-0.1870365744673262,0.9675906406317888,-0.3502933060933588
SGZ,453521.709574885,5679160.46507902,11.043105313479488,-0.2254356511070366,1.0923723078030625,-0.2499110399099175
SGZ,453521.232275688,5679160.67866589,10.706990741424448,-0.259344658952943,1.189050900573356,-0.1785271094874291
SGZ,453520.780843023,5679160.90905193,10.281689897702044,-0.2329870716062522,1.2631957986626638,-0.1590314123555641
SGZ,453520.86116791,5679160.49780278,10.330950818551532,-0.2012757178656487,1.235139097908232,-0.2359994852732986
SGZ,453521.002372168,5679160.03697354,10.44183455686227,-0.1877056490496236,1.3033353179280296,-0.1769524983149095
SGZ,453520.396565619,5679160.02673871,10.303396728344136,-0.1747992934253948,1.372947702884184,-0.1227178391471624
SGZ,453519.651657659,5679160.12111048,9.843978307570849,-0.1905828412591609,1.3442320324803567,-0.112724809468456
SGZ,453519.02757164,5679160.27501306,9.51230637829244,-0.2091113747477464,1.2694935406828285,-0.1240636637042854
SGZ,453518.437954682,5679160.45464371,9.469822193900637,-0.2409961803543368,1.2247897234524994,-0.1128237634888448
SGZ,453517.839669652,5679160.63644267,9.20293554521642,-0.2659133019470193,1.2629096323328688,-0.0485026274728339
SGZ,453516.912470601,5679160.82073884,9.428076581999628,-0.2696573791717313,1.3048510995032083,-0.0603268910064164
SGZ,453515.968086105,5679160.98384789,9.62867779222241,-0.2524286634212622,1.3106524712169536,-0.1393259668225613
SGZ,453515.058727547,5679161.07835809,10.29176037760153,-0.2180770442224684,1.2609036585674067,0.0668789770451702
SGZ,453514.141035067,5679161.11844044,10.030315662837255,-0.1584685160874686,1.264274339260976,0.1893517699681288
SGZ,453513.329678552,5679160.73965881,10.009658067663938,-0.1211379041224504,1.4465507251113834,0.2425696315831274
SGZ,453512.648539359,5679160.29505996,10.068546261177866,-0.1328062318873199,1.3484369878688385,0.2465813934168751
SGZ,453512.01898262,5679159.90958322,10.496665877882451,-0.0674732276550077,1.203470205434467,0.0995538281376969
SGZ,453511.144964654,5679159.88222734,10.332180176074456,-0.066007920317329,1.1127365619998162,-0.0036991034605329
SGZ,453510.244051418,5679160.01229938,10.76403717346808,-0.1042699896750656,1.2633154576253174,-0.0729148123008031
SGZ,453509.403362346,5679160.20376407,11.681096818577506,-0.093010713265373,1.4287721559077782,-0.1199042727280869
SGZ,453508.675148151,5679160.40255141,12.336425904679944,-0.0945433003306906,1.3959686675108824,-0.0767521427888552
SGZ,453507.790660065,5679160.68253862,12.53936840915176,-0.1749060801628131,1.3724959318480123,-0.0878965085392324
SGZ,453506.854176733,5679160.97331636,12.189762489350992,-0.2303650277568082,1.1197844790781557,-0.0920149090998915
SGZ,453505.865802996,5679161.25712898,11.67614623572191,-0.2889235633880733,0.7733153611375981,-0.0941593718244442
SGZ,453504.869088797,5679161.48762343,10.992027881982986,-0.2823896204962279,0.6388895697710821,-0.2431990622180666
SGZ,453503.881324381,5679161.66823112,10.783351269534164,-0.2745142177381834,0.6162693614207861,-0.3083922318923792
SGZ,453502.85341123,5679161.31924302,10.450125601883409,-0.2360714467042257,0.7507461023506291,0.0707985968104577
SGZ,453501.869480671,5679160.85065975,10.99328673023879,-0.1970058845194896,0.9577093762363807,0.0078609597052547
SGZ,453500.94378201,5679160.78082641,11.576823607084984,-0.2025942410824565,0.8565499946183214,0.0256000295225825
SGZ,453499.974271236,5679160.80173504,11.070056071963917,-0.2236670232697942,0.9482114823046623,0.0197397270428258
SGZ,453499.00477356,5679160.82042411,10.264839527750834,-0.2793157737175927,0.8320744944835025,-0.2017717211479918
SGZ,453498.078452279,5679160.85601455,9.585009307204258,-0.3385271718517917,0.919232431173828,-0.3963917649106978
SGZ,453497.151967125,5679160.91934809,9.154625396223633,-0.3882102348608052,1.1906846656047407,-0.5792788242285085
SGZ,453496.242201942,5679161.08265924,8.743223671149057,-0.4090925181780728,1.370963010734477,-0.5340836744033397
SGZ,453495.349726939,5679161.24940171,8.9154714174865,-0.3701324220004287,1.483061657227886,-0.4528339014317805
SGZ,453494.379350861,5679161.41679372,9.668339759258028,-0.3636402549002547,1.3992195352538817,-0.3385386052117383
SGZ,453493.461094483,5679161.55231024,9.452424426627104,-0.3206412871354935,1.538530417193015,-0.1747831464729227
SGZ,453492.654664062,5679161.80501266,9.217488794185256,-0.3568058427868347,1.3346210739029514,-0.1013964489879008
SGZ,453491.796317039,5679162.0551888,9.008942593187054,-0.3913078193820961,1.052411543856259,-0.0729903881738751
SGZ,453490.929537892,5679162.26758298,8.778057527064998,-0.4411985260662688,0.8247143734760128,-0.2476664093398411
SGZ,453490.03841303,5679162.20572094,7.664293833835328,-0.5083037071002399,0.6980280223921587,-0.4269651225331884
SGZ,453489.078586181,5679162.05245212,7.245119596209476,-0.4562678214569182,0.6308722951592085,-0.5366760621747869
SGZ,453488.360907661,5679161.93279686,7.491597723183749,-0.4207630087020393,0.558068395966995,-0.527014303767891
SGZ,453487.582670787,5679161.80834473,7.418202416113916,-0.3191242650180502,0.5660643561059051,-0.4033104907587388
SGZ,453486.89958586,5679161.69333277,7.626156266960409,-0.263748039886086,0.53570550082718,-0.2739956502930551
SGZ,453486.26838472,5679161.58639562,7.460137288980821,-0.1706904387498102,0.6621685510822165,-0.0013496732962304
SGZ,453485.421282055,5679161.39827975,8.645258414140718,-0.1315228200954954,0.868902073606639,0.1053629644509775
SGZ,453484.600898211,5679161.0826985,9.583241927917816,-0.0477352427696312,0.8377126373695628,0.1852629663686178
SGZ,453483.850062105,5679160.71536903,11.184733452439849,-0.0279074822321504,0.9142125782753646,0.0257207068302008
SGZ,453483.254897005,5679160.36893498,11.911301412159355,-0.0122998835187627,0.9735680470393244,0.1367262234455671
SGZ,453482.63416707,5679159.9546541,12.86180893802497,-0.0155904748235627,1.169046870836931,0.0884794421651866
SGZ,453482.162236521,5679159.25937162,13.833752497207296,-0.0640089267739128,1.2228059758053575,-0.035967785118821
SGZ,453481.741907875,5679158.6198823,14.470672559479588,-0.1456297393282021,1.2122071888766257,-0.1066794806224292
SGZ,453481.208455327,5679158.08293288,15.223098033818609,-0.2346845760101683,1.3803705357013814,-0.1582866469112803
SGZ,453480.6751471,5679157.5215694,16.41499691591401,-0.2116353266577921,1.40764654768595,-0.2789469016790515
SGZ,453480.09009291,5679156.9288267,18.025072113570488,-0.1219271554820573,1.2895629264219983,-0.3700170244142982
SGZ,453479.531233112,5679156.29739689,16.41752365344206,-0.0870243709234769,1.5572158659036612,-0.2514142998373975
SGZ,453479.015595625,5679155.67510055,16.71207864138208,-0.0936893520589535,1.7194041045081592,-0.0546888010404663
SGZ,453478.542655889,5679155.15071591,18.08686338223885,-0.1123531579268774,1.6381844548083764,0.0212422524014817
SGZ,453478.113364643,5679154.56333246,18.88158478875408,-0.141316037450231,1.6014495809491975,-0.1118965307450324
SGZ,453477.806147421,5679153.82352251,19.3147654327918,-0.1372624646347283,1.5210112716133148,-0.2438123817444415
SGZ,453477.533786046,5679153.04396691,19.69367374737489,-0.1404736554956164,1.4437082904973455,-0.2328802975947713
SGZ,453477.130735189,5679152.41012825,19.73956778864708,-0.0519170288034332,1.624765732031211,-0.2861149899482474
SGZ,453476.75366887,5679151.77311381,18.89524927168818,-0.0189991803388643,1.5869169898315372,-0.3369848865631085
SGZ,453476.419942841,5679151.12525778,18.366650808545224,-0.044981709843591,1.6391844503638853,-0.0870785150007943
SGZ,453476.216309678,5679150.43267002,18.845654085348396,-0.1172697726336227,1.6104206571760933,0.1246726498316004
NVB,453475.99541259,5679149.73221188,19.321479331494945,-0.1727012624675868,1.4148199180788568,0.1742991252059782
NVB,453475.765736027,5679149.05278741,19.32752199365216,-0.1143992302445565,1.4095100764963475,-0.0459485007332082
NVB,453475.553152966,5679148.41008623,18.463767400911717,-0.0844991038068774,1.3437337512084575,-0.2478006587127564
SGZ,453475.332046165,5679147.74513935,16.714974871767748,-0.1088570043831674,1.1731604075003486,-0.3360690034469311
SGZ,453475.093616429,5679147.08230964,15.980412835874404,-0.2824297473173097,0.9904633573757452,-0.2729796206713848
SGZ,453474.855186737,5679146.41947991,15.120731247577686,-0.3615464927573303,0.864912671290109,-0.2328691492939475
SGZ,453474.625857924,5679145.68123983,15.79297978768308,-0.3572546330424984,0.7704937425845422,-0.3608097327268916
SGZ,453474.370531591,5679144.94839496,15.233820852426472,-0.2557276279874564,0.7066703161304043,-0.5427330479505085
SGZ,453474.063531511,5679144.17196383,16.37480912983259,-0.2026830859537335,0.7470011245791269,-0.6648793600445171
SGZ,453473.773428207,5679143.46554782,17.902285683028456,-0.1937141311271935,0.79097042071264,-0.5061509898098784
SGZ,453473.448344595,5679142.81996225,17.018582892604773,-0.2131455598765706,1.0875795121178102,-0.1762232206684544
SGZ,453473.106043001,5679142.15873819,16.65074544254304,-0.1627963284012953,1.3717090355423225,0.0537558979028275
SGZ,453472.746870998,5679141.42306006,14.310322375465445,-0.0934030248189124,1.2636146070584584,0.1065277161732618
SGZ,453472.387548233,5679140.71290566,13.04523425083906,-0.1357229279146657,0.9677865942569815,0.1591742055279017
SGZ,453472.054288657,5679139.98625875,11.077400396112532,-0.2259180005245062,0.5918941708824303,0.0284780647099108
SGZ,453471.603952458,5679138.56642567,5.995266587637554,-0.40022803819703,0.5339095980495707,-0.4113530360315712
SGZ,453471.12133629,5679138.21510694,4.82388307007094,-0.4394338650762218,0.5181397232595345,-0.4769226596654908
SGZ,453470.639172674,5679137.78721697,4.510635457355644,-0.5285700689392426,0.4773782659046848,-0.6468063964900455
SGZ,453470.392416644,5679137.06884956,4.252214451685667,-0.6455400186651354,0.427384566495502,-0.6409875914904544
SGZ,453470.14615252,5679136.26725255,3.7706015637469625,-0.7295997966284011,0.4582807638933073,-0.7438565437144283
SGZ,453469.9340228,5679135.54797999,3.963931134829037,-0.7114369389960472,0.4349916130442449,-0.8174784267164202
SGZ,453469.73915704,5679134.83657781,4.344999895361234,-0.737473794391205,0.4136024505982455,-0.8436844240882138
SGZ,453469.656719924,5679134.14026702,4.781680964333058,-0.7709720886275042,0.4162072721810521,-0.8449248119830846
SGZ,453469.859285011,5679133.54884881,5.23801675747237,-0.7804683019860077,0.4863494866825367,-0.8010899301007551
SGZ,453470.036016494,5679132.9350826,6.052792238998661,-0.7807791243223363,0.4981252184179506,-0.7959429168332975
SGZ,453470.161395606,5679132.22335345,6.561839156264196,-0.7486494148206662,0.5170229438684617,-0.7597541186375337
SGZ,453470.243677218,5679131.48140591,6.333650232678987,-0.6552796992882116,0.5553904800697836,-0.7688403709520159
SGZ,453470.326319516,5679130.67842334,6.491366124285952,-0.5730697977818922,0.461886687082225,-0.7743207929530228
SGZ,453470.33147423,5679129.80617732,6.229114275924068,-0.5447188460406255,0.4767757741410101,-0.4919444907995348
SGZ,453469.98856357,5679129.24815778,5.454760569820236,-0.5043199538256198,0.4482492355558979,-0.3656409934129633
SGZ,453469.236058822,5679129.16380744,4.251268766738474,-0.5302312639501777,0.4321377627760107,-0.4346972054819238
SGZ,453468.519019754,5679128.93650675,3.74735057039634,-0.5808359159171124,0.4253300964961778,-0.3700761753444699
SGZ,453468.082623613,5679128.0871758,3.7921420765237,-0.6064579674562646,0.4104695517200764,-0.4405982064891018
SGZ,453467.663399649,5679127.26125141,3.93371326199821,-0.6187848849075157,0.4125937424630462,-0.7100801662053846
SGZ,453467.217496171,5679126.55613387,4.762149066084958,-0.6575424657392827,0.5012032937225688,-0.8754141107765243
NVB,453466.798003477,5679125.77570828,7.386127189333187,-0.6452475368870559,0.8216621792067184,-0.761501293884124
NVB,453466.421549268,5679125.03548861,10.56688997436578,-0.5375289949607032,1.2514406605923436,-0.6336274067177062
NVB,453466.07937368,5679124.35317939,15.521116157486944,-0.3795534555904399,1.977061772177916,-0.4122861538526757
NVB,453465.720078558,5679123.63858573,21.18893432772415,-0.3127590143755832,3.0062514202387107,-0.1849174043387809
NVB,453465.222888832,5679122.82440783,25.696671334714512,-0.2327321200486453,4.613066821926283,-0.0033499023314015
NVB,453464.820594839,5679122.0629498,30.140885049299023,-0.2047033909943958,5.784501512540522,-0.0923108002691333
NVB,453464.504810556,5679121.30866166,30.9353916617499,-0.2152025039725707,5.438453374120408,-0.1471811344590615
NVB,453464.180771537,5679120.48662895,29.89247304059768,-0.2466584654376487,3.9626618678831447,-0.3831340060815055
NVB,453463.882671046,5679119.6691886,25.69501603331127,-0.2874198653635214,2.5402035487897963,-0.3431438604477602
NVB,453463.618908155,5679118.89967116,18.981701373955257,-0.367406156918015,1.490078263817396,-0.4939246976301499
NVB,453463.286594872,5679118.01322305,14.28347995288859,-0.2650059344896856,0.7151279273222307,-0.3575335474793016
NVB,453462.953724132,5679117.22110177,14.760601604434717,-0.2769616388260604,0.7891368937273628,-0.1529879630585477
NVB,453462.680906412,5679116.51922654,15.971481797701957,-0.2650561595357988,1.5467127706904569,0.1014173329416503
NVB,453462.340122109,5679115.60165484,16.061627811635926,-0.2280990632685183,2.041320197647009,-0.0635955021910965
NVB,453461.98152959,5679114.76832012,17.77383348920285,-0.1436452726826955,1.8895733699169293,-0.1035621346950167
NVB,453461.579295368,5679113.99687436,21.36845115166486,-0.1650859338944218,1.426002787589442,-0.2774001803474779
NVB,453461.202730721,5679113.2755198,19.25433291624751,-0.260418562480375,1.2898414540041487,-0.2061896551310565
NVB,453460.8097419,5679112.40424965,15.623425890493754,-0.3560209163294242,1.307191148683863,-0.2147191457444708
NVB,453460.520408481,5679111.56799494,10.962566445584724,-0.3309900801039501,1.272214636703575,-0.3222342524446163
NVB,453460.26501903,5679110.84624683,9.963338248245636,-0.3486048255812988,0.8905720012102811,-0.4926770058879561
NVB,453459.932804877,5679109.94315263,9.029277051638022,-0.3936583697861708,0.6664389777573807,-0.4169242637518225
NVB,453459.582749692,5679109.12984406,6.82027035196125,-0.4342292841018371,0.6679155071976828,-0.3771963162670657
NVB,453459.232399393,5679108.36647322,6.564893525224045,-0.4283496315145267,0.6210153154822248,-0.4503702339667497
NVB,453458.933840709,5679107.62671361,6.831259966841124,-0.4104190237773004,0.5974269900706816,-0.4283155367709078
NVB,453458.644225598,5679106.83817712,6.838511287949708,-0.4257391269518348,0.5274197676680918,-0.3924669676179109
SGZ,453458.31192653,5679105.94950932,6.65508587202891,-0.4154359424926238,0.5660352608714919,-0.4099828858668761
SGZ,453458.012980991,5679105.27522361,6.32560275224743,-0.39952269027091,0.5454722881420138,-0.4034667020078031
SGZ,453457.59383806,5679104.4359819,6.070535872331461,-0.415154784170412,0.4945478452143756,-0.3755490064795652
SGZ,453457.226512975,5679103.61591251,5.607536276946545,-0.4465964835598732,0.4659217813623195,-0.385907544916596
SGZ,453456.885080441,5679102.80820361,5.410276625261867,-0.4626837375623338,0.4417019376567632,-0.3852436784857044
SGZ,453456.560715006,5679102.04165694,5.417511936318402,-0.4796178007547924,0.4282016516258347,-0.5358736073729226
SGZ,453456.245155402,5679101.24963768,5.408441642806848,-0.4890778881876584,0.4254057647664961,-0.4823586339437307
SGZ,453455.946938412,5679100.4521721,5.4523484252945,-0.5207127919451492,0.4809620607984799,-0.540514803388406
SGZ,453455.622645336,5679099.67341838,5.514250762642489,-0.5062403967210753,0.478269956992406,-0.5072290628185157
SGZ,453455.298326086,5679098.89910356,5.334167432174268,-0.4975266732100696,0.5039060606217413,-0.4796859076802944
SGZ,453454.896493542,5679098.05996402,5.509122724138412,-0.4814159754693514,0.3965622608584876,-0.4736067193222771
SGZ,453454.442790893,5679097.21052992,5.50027057603698,-0.4630508374706722,0.3764335626517494,-0.4558733138026007
SGZ,453454.188091343,5679096.37226016,5.166459945462198,-0.4932014927039584,0.3935326033606889,-0.5729701723520576
SGZ,453454.071233408,5679095.64245265,5.1303568447050845,-0.498136988730491,0.4155429017000013,-0.5569619097361626
SGZ,453453.954382055,5679094.91153541,5.3236230565222575,-0.510029827660505,0.4106995356396389,-0.5647576616061323
SGZ,453453.742432138,5679094.16229969,5.485374073539056,-0.4938581307515293,0.4296000882521333,-0.4943009086193493
SGZ,453453.461262997,5679093.40932545,5.632687753394817,-0.476866335143672,0.4914487179398668,-0.4205685765281668
NVB,453453.084824762,5679092.66688563,6.528458349037219,-0.3711632302226456,0.5217461928389624,-0.4755687001496693
NVB,453452.656168729,5679091.97296681,7.671568883792508,-0.344804790952767,0.5625708402946406,-0.471219681172725
NVB,453452.279382922,5679091.28934253,8.755322275358443,-0.3700994300449252,0.7958512405887017,-0.3542845809959854
NVB,453451.911357017,5679090.58801375,8.875909272435644,-0.333196308944727,0.9996261901736396,-0.4398189937200897
NVB,453451.509184107,5679089.80657987,9.19177730098511,-0.3023233171784677,1.2803414394656865,-0.3734202941887763
NVB,453451.158513996,5679089.0975853,10.0153476112106,-0.2365134522700132,1.3280274456116294,-0.2782970731474171
NVB,453450.816505374,5679088.38753215,10.977097502751676,-0.1954647876230626,1.2296770952697031,-0.2805550240677208
NVB,453450.509339338,5679087.63995292,11.385588192624256,-0.2249190645420248,1.0166667212441196,-0.2427706939185755
NVB,453450.236714075,5679086.90589509,10.661849228703792,-0.253855027426954,0.9968521935383736,-0.0730461169985871
NVB,453449.972546885,5679086.20518025,9.18664292507279,-0.2203382642798134,0.96080930272441,-0.2457926061418198
NVB,453449.717087097,5679085.49563876,8.64279875482982,-0.2537258430342515,0.5406847563662275,-0.3114566379460745
NVB,453449.409435754,5679084.83017934,7.410639311680329,-0.2705553317802937,0.4583865517898155,-0.3129266897205173
NVB,453449.075885501,5679084.15346912,5.888184121445023,-0.3135467587901445,0.3533178700322838,-0.3902249529480562
NVB,453448.742473095,5679083.45345459,5.140773435577263,-0.2967669148326995,0.3301975590963555,-0.444794748878412
NVB,453448.469841585,5679082.72050642,4.450789696575204,-0.336953822865859,0.354876733204532,-0.3727009993030432
NVB,453448.205864985,5679081.98760941,3.86025951517374,-0.3361038430585615,0.3636215114679312,-0.2752958926951854
NVB,453447.89926374,5679081.14459347,3.580749335138337,-0.3545137591930852,0.404101906708092,-0.335489549619624
NVB,453447.626855485,5679080.37391452,3.4078843152645497,-0.3299215946328307,0.3969775506530537,-0.3518593926656753
NVB,453447.371284557,5679079.68323831,3.498141768321388,-0.3520224248803077,0.4445458137695865,-0.4038786096287456
NVB,453447.10707195,5679078.99029147,4.158874688164057,-0.34160110758382,0.5137808905955329,-0.4654982449214029
NVB,453446.85162579,5679078.27853041,8.11126949191548,-0.2477407165202677,0.51946999414941,-0.3970402988576479
NVB,453446.60484765,5679077.56460106,12.735692754848658,-0.2073470170071789,0.673363991348857,-0.2586429751023317
NVB,453446.357984253,5679076.86509817,19.029160646456027,-0.1046356746084162,1.3943484896209448,0.0424831086082966
NVB,453446.03311571,5679076.18400007,23.412619992108823,-0.1031390167387363,2.057858538816387,0.119388122323222
ALG,453445.682315486,5679075.49719978,27.05450301997409,-0.13786730036257,3.136047521138352,0.2531377629677812
ALG,453445.384094029,5679074.70084348,28.723527192250657,-0.1239237016289013,3.870249707866218,0.071661962342469
ALG,453445.137539244,5679073.94918333,26.144748991614456,-0.1040234579430076,3.7948503619343272,-0.1666200085374695
ALG,453444.907874236,5679073.26864811,21.976562197490125,-0.1894873518534849,2.8182399418978163,-0.2334371259143887
ALG,453444.600381285,5679072.57655501,17.45102999588001,-0.179662469496276,1.1098470183425313,-0.1524449517596768
ALG,453444.258144328,5679071.90534202,16.47041125027119,-0.156294598545473,0.6640046733481063,-0.2198320816543683
ALG,453443.846845856,5679071.20375695,14.144027193394615,-0.1606288360274397,0.6789864550735655,-0.1006586142521465
ALG,453443.392778522,5679070.41646691,14.655763975391547,-0.1531073003517786,1.16583306011413,0.0287476768095311
ALG,453443.059314728,5679069.72532994,16.539165014252255,-0.062790464614512,1.382134426608325,-0.1072134537931662
ALG,453442.70872505,5679069.00301822,21.35755427032003,-0.049100239569532,1.6151207042188718,-0.0057265420772645
ALG,453442.323443894,5679068.29270877,29.6284376472179,0.031581195847042,2.797559787922032,0.0807670624245325
ALG,453441.972552484,5679067.6214445,35.00799117095891,-0.0121881721637366,4.216418401032711,0.3135696749230323
ALG,453441.656378931,5679066.933739,37.67651361497333,-0.0462198263767267,4.663155639323306,0.3759014706437883
ALG,453441.470343,5679066.19353427,40.30662793545272,-0.064282532071345,5.016586472234416,0.1376342804236662
ALG,453441.310324121,5679065.44460524,41.45958873395593,-0.1349731922697251,4.366805867864364,-0.2079771600814424
ALG,453441.064091587,5679064.63856829,40.90364814754443,-0.2343432355108081,4.433794760561562,-0.5408594815827609
ALG,453440.817485047,5679063.89578581,40.244652528210025,-0.1978529259281544,4.457346533782524,-0.5898005960724186
ALG,453440.536206713,5679063.16167642,39.46965042079465,-0.2241069781561594,3.815982673755802,-0.3720515486585857
ALG,453440.263327328,5679062.47089759,37.37994709573215,-0.2583973371246221,3.780249345401577,-0.1951568543125917
NVB,453439.97309895,5679061.78667476,33.69587669777885,-0.2520032138683936,3.605252134197599,-0.1566537926970383
NVB,453439.691676396,5679061.07697935,29.18418244971373,-0.2133203102382968,3.4300167134005304,-0.1415757097599256
NVB,453439.418836539,5679060.37954212,24.053545049249028,-0.1865294641917885,2.5744988277854546,-0.3353146389065371
NVB,453439.137473152,5679059.65985914,21.12108249984022,-0.1849374520187058,2.019984742665484,-0.4250583787489124
NVB,453438.830381586,5679058.90007239,16.351362858324464,-0.2787713751428632,1.2802976703531097,-0.3302334092332809
NVB,453438.480094687,5679058.12671297,9.072399505124636,-0.3048850752041485,0.9061917540538328,-0.3658971293661953
NVB,453438.138154231,5679057.40556194,6.474547613945915,-0.3300544102860521,0.9689573809134884,-0.3461960415112442
ALG,453437.779022317,5679056.66433342,4.288409043060163,-0.3564140470480508,1.0189537149732797,-0.305129487126826
ALG,453437.471025317,5679056.05768906,4.217182691574751,-0.3488710989347587,0.9487855573815148,-0.411761765282108
ALG,453437.180213322,5679055.47223189,4.357495901680247,-0.3374257079541202,0.965489796408252,-0.3728747422545895
ALG,453436.89747865,5679054.98448196,4.454417684881291,-0.3389775299053716,0.9701258262699688,-0.3987757171211902
ALG,453436.649192677,5679054.52578968,4.529206438967343,-0.3228734261896636,0.8579385147355775,-0.3617930699189871
ALG,453436.497698076,5679053.79910628,4.436395301626,-0.3133041957457411,0.7893776666416028,-0.3209414934439608
ALG,453436.337679942,5679053.05017713,4.3255300284223415,-0.3202458933721466,0.7291673124119392,-0.267339451935635
ALG,453436.01379776,5679052.20261939,4.242881141046441,-0.3315397503084829,0.6964568789792617,-0.2845432487959801
ALG,453435.664095573,5679051.33049405,4.21209535596383,-0.3235149070300809,0.7588772976923397,-0.3175529656481832
ALG,453435.297037879,5679050.46603442,4.293774027389257,-0.3280197702859101,0.7168679767395227,-0.3281481975739523
ALG,453434.894625895,5679049.72565954,4.241565713301254,-0.3551956522304663,0.6521753597547479,-0.3867779649219517
ALG,453434.500586581,5679049.03305413,4.274603823845204,-0.3735141002229197,0.6238690282582299,-0.4166616911230338
ALG,453434.184493218,5679048.33203158,4.279388884789015,-0.3774043005817634,0.6608819034454206,-0.4247216618048762
ALG,453433.84299335,5679047.53652857,4.321383069298092,-0.3766538400760292,0.7069102260280539,-0.3777629981888825
ALG,453433.691210363,5679046.85867313,4.243992860117517,-0.36939558575122,0.7381432113568624,-0.3857627988534375
ALG,453433.652176304,5679046.14153295,4.128582966418615,-0.3730777328080189,0.6868254996695126,-0.3397489915248208
ALG,453433.786133549,5679045.44317219,4.003677131251292,-0.365497237980131,0.5955179015169094,-0.3098728467858878
ALG,453433.997308069,5679044.8595741,3.7654003555119018,-0.3653839629046679,0.5606496248745811,-0.3930153039131215
ALG,453434.329735285,5679044.26226619,3.6611096227783175,-0.3706858997917786,0.5483385855575563,-0.2973122196993274
ALG,453434.687628076,5679043.74945114,3.587790403018033,-0.388766307796801,0.5242577695756665,-0.3673398629233638
ALG,453435.105559759,5679043.32910182,3.5179421962457127,-0.3958278469959403,0.53898118772612,-0.3519493459228268
NVB,453435.583812559,5679042.95349989,3.713376511521593,-0.3901938728446431,0.513691258606024,-0.3834880322097916
NVB,453436.061559947,5679042.66334699,4.064832879443807,-0.3674560474171565,0.5469590686928765,-0.36597090929711
NVB,453436.556006556,5679042.47650113,4.336829224267597,-0.3724199257511003,0.5989541665309428,-0.380503566215063
NVB,453437.162821313,5679042.31473466,4.581592211678089,-0.3440231385705522,0.6333703881695099,-0.3595324293299932
NVB,453437.725902578,5679042.23039317,4.8158594540437765,-0.3411623624792835,0.7147760980065968,-0.360484561935606
NVB,453438.497053713,5679042.08735475,5.05075558137816,-0.3136885673816779,0.8478297324261863,-0.2829079136001363
NVB,453439.259379375,5679041.973118,5.33523784565531,-0.2822993252168738,0.9231208373434028,-0.2688066000344777
NVB,453440.082104942,5679041.89031183,5.611182251811625,-0.2517577286115575,0.9274449071173598,-0.2409343255450019
NVB,453440.861530184,5679041.81168859,5.758348659033524,-0.25124172652164,0.914172394340422,-0.1761412092994941
NVB,453441.640935722,5679041.73639445,5.688238600093099,-0.2540176304314479,0.9516585513150224,-0.1514692912682147
NVB,453442.58484172,5679041.65208508,5.87762542859989,-0.2490632022602869,1.0170856681337268,-0.1164904773276807
NVB,453443.381510911,5679041.58466123,5.56863518946314,-0.2266593121596365,1.1067791716165856,-0.1957865151420214
NVB,453444.178271955,5679041.5017011,5.263144028751684,-0.2281110962378528,1.0392415768798158,-0.2285270570968127
NVB,453444.96641754,5679041.41203134,4.746831617353049,-0.2644239424977098,0.8491177143509766,-0.2387121065100867
NVB,453445.935815442,5679041.40777552,4.328688784478302,-0.3073495794872871,0.6754720179749133,-0.2685619098283645
NVB,453446.844701842,5679041.39095435,3.977250803157516,-0.3450819053229151,0.6792705201447271,-0.3193676374415661
NVB,453447.633057353,5679041.26577304,3.29367859264837,-0.3935900063174745,0.5500115565931737,-0.3918843132975706
NVB,453448.577429081,5679041.10267228,3.2892158976221944,-0.4241673532738909,0.5226188306909287,-0.4573304513386758
NVB,453449.443789371,5679040.95908596,3.184812584805685,-0.4728685820668502,0.4204377148992463,-0.5673200458537195
NVB,453450.292787516,5679040.82427503,3.249557596061219,-0.4808868030679269,0.4348392396959977,-0.528306665593293
NVB,453451.13311114,5679040.69274202,3.434475479177012,-0.4702267431925217,0.4075158013774463,-0.5090323344869211
NVB,453451.982017369,5679040.5734671,3.598755402655004,-0.4509096391039084,0.4267863395421061,-0.4173983892767949
NVB,453452.787649527,5679040.45393625,3.799462066256777,-0.414486051207147,0.4451848060136463,-0.4312671489328061
NVB,453453.523925082,5679040.35397108,3.8301192175672334,-0.3675378950189364,0.5703771020086051,-0.3498946700980259
NVB,453454.415960954,5679040.25936574,3.9282641310968742,-0.3430340027604088,0.7501884741559074,-0.3107052161349661
NVB,453455.247242564,5679040.19325508,3.962542910975251,-0.321624339381753,0.8233764590926907,-0.2269092876450793
NVB,453456.078517597,5679040.12825406,3.968812331939878,-0.2875295030088844,0.8367926091012827,-0.2049571535505502
NVB,453456.901131245,5679040.06431151,4.370289994330019,-0.2453066147192391,0.7672892196252284,-0.1732692132865478
NVB,453457.689053478,5679040.01237123,4.448677781088287,-0.2381195383406088,0.840432096261851,-0.138163896640155
NVB,453458.528911116,5679039.95962812,4.641554322468742,-0.2377864963211291,0.9867693730686689,-0.1461538599551229
NVB,453459.455474273,5679039.88076306,5.044306346395117,-0.244911481182815,1.2188068385488462,-0.2159380699839296
NVB,453460.286932905,5679039.78468921,5.029367078037513,-0.256149634634139,1.2297528066953691,-0.2872279002296256
NVB,453461.040471997,5679039.69259375,5.135209095732343,-0.2278911003181811,1.1606819790984824,-0.3896562394234489
NVB,453461.811314125,5679039.60171027,5.037795090526428,-0.2498748748446483,0.9934647522592488,-0.4233422732660583
NVB,453462.59952489,5679039.50094147,4.748011239915038,-0.2578664650315402,0.9097310321512374,-0.362796075980596
NVB,453463.439762874,5679039.38383362,4.381539833650286,-0.2360353850740071,0.779625288102848,-0.2149736494390288
NVB,453464.236713671,5679039.26868935,4.282061529427456,-0.2287214777749961,0.7064199450170623,-0.1134438149516611
NVB,453464.99048879,5679039.13664331,4.09722866145059,-0.2064344928295856,0.570207375139324,-0.0711858026554475
NVB,453465.787564156,5679039.00041406,4.174887076333929,-0.2052483117803051,0.5058685365114145,-0.0363187726927336
NVB,453466.714487852,5679038.8605131,3.9364975015334407,-0.180806185874203,0.504170755063005,-0.0649172241240063
NVB,453467.44203611,5679038.77270249,4.124906122380047,-0.1900490224995003,0.5463564513473922,-0.0616415485630928
NVB,453468.342739538,5679038.67592728,4.004431599106283,-0.2051104233380558,0.5926767740759047,-0.1998035112181888
NVB,453469.200122992,5679038.58666431,4.196767820910816,-0.2285836901007259,0.6097634946165225,-0.1950049817681396
NVB,453470.014147129,5679038.51157197,4.197102146739103,-0.2484025384195279,0.6447606180815666,-0.2277589095964306
NVB,453470.802082219,5679038.45741092,4.08234840946629,-0.2576817370658885,0.6182509335643456,-0.2948858642466574
NVB,453471.6073597,5679038.39780346,4.098182358828563,-0.2693177729302521,0.6473374337152422,-0.3111374977152107
NVB,453472.51666537,5679038.30995674,4.047126351358199,-0.2693058109467542,0.7811820510113994,-0.3997573498746055
NVB,453473.218203178,5679038.22976025,4.149169338468888,-0.278731811241816,0.8014508058449142,-0.3860293717446715
NVB,453474.075711121,5679038.11941192,4.248522291126015,-0.2475276394588005,0.962107482481395,-0.3587360250233108
NVB,453474.872556696,5679038.02202223,4.466879163170408,-0.2535498930098808,1.0453419928930536,-0.2989896263300146
NVB,453475.643424714,5679037.92669848,4.914691275825746,-0.2250071817021252,1.11656348044785,-0.2745130896898185
NVB,453476.371064577,5679037.82335085,4.928863810356004,-0.2050808902803294,1.1584281724979026,-0.1809859392747355
NVB,453477.116033708,5679037.71677625,4.8083962663457935,-0.1966580722990992,1.094799371222682,-0.1759856825259448
NVB,453477.938876408,5679037.61399103,4.620833911051416,-0.1791465283376201,1.0772106260322514,-0.1385512726723714
NVB,453478.727040841,5679037.52098872,4.433317639102971,-0.1747078300743958,0.9867446617621136,-0.1338934753354917
NVB,453479.541169677,5679037.42813975,4.233141034267415,-0.1675411169474924,0.9418511056596968,-0.1454568180040273
NVB,453480.407266669,5679037.32893915,3.611678944108327,-0.183660344635514,0.7594924125302778,-0.147198491582222
NVB,453481.256001571,5679037.23851401,3.3572510857098283,-0.18754376317711,0.7172957077856761,-0.1867437349611632
NVB,453482.026895653,5679037.13875072,3.218117857916105,-0.1974808293368159,0.650462930232663,-0.1910190408403557
NVB,453482.814863289,5679037.07903984,3.1045576774620423,-0.1818362870756219,0.5774032049521085,-0.2010357642228578
NVB,453483.679898047,5679037.1596148,3.0581482337149555,-0.1733039516157457,0.5565712735121252,-0.1983338942000454
NVB,453484.33641104,5679037.37545901,3.09903835043796,-0.1834789229153757,0.5516278418367084,-0.1793327364674114
NVB,453484.853850537,5679037.69147027,3.2084309796820314,-0.1780103762093376,0.5071439262157346,-0.1202278798357319
NVB,453485.336179131,5679038.09050656,3.298332986300901,-0.1676105888489058,0.4669306562512133,-0.0592502584227422
NVB,453485.757589756,5679038.54578102,3.281219084591525,-0.1474948471846524,0.5366000181767162,-0.0568604148008276
NVB,453486.170057153,5679039.04983236,3.272715488001007,-0.1148415188609555,0.5736763475921143,-0.0953550207712536
NVB,453486.582223024,5679039.60493116,3.264786880409769,-0.1223077880030022,0.6248831346358843,-0.0396737596866148
NVB,453486.967808259,5679040.26419097,3.383663821297317,-0.1523692214316983,0.6045330090917204,-0.0447897189578881
NVB,453487.266858574,5679040.92072,3.623852084236776,-0.137600652478312,0.5136888127174597,-0.1744480800214234
NVB,453487.488179538,5679041.54904565,3.6508144030165575,-0.1513474462283423,0.5746026484592948,-0.0995346513023769
NVB,453487.700314698,5679042.26720812,3.5860442729157245,-0.2095115679747332,0.5600397283967171,-0.1650418465101527
NVB,453487.90378853,5679042.98642919,3.607476771555439,-0.2522884564611444,0.5639437872462284,-0.2256392839376945
NVB,453488.063758879,5679043.74423508,3.7369978836018127,-0.2986403390120752,0.6289139635463964,-0.313270821673336
NVB,453488.214248415,5679044.64181555,3.930834025777009,-0.2796523226664956,0.5649248537717244,-0.4155197064154846
NVB,453488.339370118,5679045.4382574,3.9645176713557,-0.1963589677185268,0.5571922082199863,-0.4282026298588086
NVB,453488.533664819,5679046.24620555,3.818681262924911,-0.2018555855914887,0.6233384166879777,-0.2139979396423631
NVB,453488.762480494,5679047.07100412,3.874408858867471,-0.2034830520884415,0.6531480187109336,-0.032223759484974
NVB,453488.974635597,5679047.78583737,3.906067462423,-0.1720884002448708,0.7082544224553866,-0.0746608375912002
NVB,453489.229697713,5679048.56307101,3.947447851835423,-0.0994889218733555,0.7107864010278002,-0.1570274614151319
NVB,453489.484838551,5679049.32698791,3.954748486524257,-0.0859429038609729,0.6942877982469002,-0.2989900611647918
NVB,453489.77425783,5679050.14881516,3.967695621336851,-0.1222046348607474,0.6774972888924903,-0.1473178289361904
NVB,453489.986288557,5679050.88473321,4.028131037389976,-0.1626506177020618,0.6478677694136112,0.0312417395423983
NVB,453490.163391928,5679051.67260395,4.160914410988928,-0.1762678015525691,0.7247881607653188,0.0172661561737698
NVB,453490.348927272,5679052.49825656,4.6052588360526885,-0.2059213059017594,0.7292746613380907,-0.198479427466782
NVB,453490.517860999,5679053.2039563,5.114500852275187,-0.2004997750478998,0.7724287150238415,-0.3573808818389398
NVB,453490.695705246,5679053.86642778,5.459901591015627,-0.1844684578666479,0.8204731038326046,-0.5655365615163546
NVB,453490.881870023,5679054.5855465,5.620948443516574,-0.2369386069407543,0.8982296961354627,-0.4182156737405997
NVB,453491.06778573,5679055.34683487,5.692077849701085,-0.2579789824435175,0.90776277830198,-0.1024191580719452
NVB,453491.27123401,5679056.07049474,5.818497682415188,-0.2862359715612435,0.9277715727888508,-0.0062245232295248
NVB,453491.509039425,5679056.83874822,6.4175032042124505,-0.3460839950861684,0.7766185916734174,-0.0827968337550577
NVB,453491.772534053,5679057.65376364,6.59597789778351,-0.4360546341921955,0.7009139819297145,-0.5949697410866617
NVB,453492.019066505,5679058.40986122,6.432910936643018,-0.4866657425883318,0.6635950956548295,-0.8338108812413559
NVB,453492.265540011,5679059.17594635,6.510295429858251,-0.5630164335586271,0.6085851070627448,-0.780480540562046
NVB,453492.520727391,5679059.93209503,6.480983838616809,-0.5057471261435394,0.5850465010646411,-0.7115306253594617
NVB,453492.750173204,5679060.65035959,6.035380003079404,-0.4546871942581535,0.4788500606268598,-0.6414738850253886
SGZ,453492.987998576,5679061.41528384,5.407069810020609,-0.3317084048159315,0.5156825074447631,-0.4212249268413074
SGZ,453493.208697871,5679062.14903345,4.769383397360119,-0.262042934490437,0.497086107620083,-0.179387555015867
SGZ,453493.412192421,5679062.86492516,4.762846779519014,-0.1901811833491279,0.5314117925934273,-0.0607463996928205
SGZ,453493.60693385,5679063.59741165,5.13929325230405,-0.130082431421055,0.5637988138766558,0.1307342455934067
SGZ,453493.979035042,5679065.07448939,8.66678826604135,-0.1548525413757373,0.7489185337901098,0.2052329029715013
SGZ,453494.164970981,5679065.83244849,9.449865707927282,-0.216047272681291,1.440965129345898,0.100837383513812
SGZ,453494.359496246,5679066.60155599,9.318136165893126,-0.3330345002868748,1.751567135373883,-0.1591697660079114
SGZ,453494.536836413,5679067.3494764,9.250717142250457,-0.37732998018514,2.2691178505724205,-0.398929556533777
SGZ,453494.70564632,5679068.07626086,9.119127100839302,-0.4681730869107798,2.229963875988128,-0.6610751230951291
SGZ,453494.874397264,5679068.81303286,8.514850850028031,-0.5685704443323175,0.962530586530268,-0.8401036678032895
SGZ,453495.060536586,5679069.53659037,6.571373636870045,-0.6578149804054337,0.5956003149981677,-0.8322668339408565
SGZ,453494.917968913,5679070.22824261,4.558610043699543,-0.706438195816415,0.4922097634564559,-0.8084375692288394
SGZ,453494.437993432,5679070.89570654,3.567080413480054,-0.7182336596422999,0.3656950502367413,-0.8068711579294415
SGZ,453494.389809599,5679071.7266371,3.2409977179719363,-0.6510526071662154,0.3230430956138816,-0.7781820700227242
SGZ,453494.695936905,5679072.65066133,2.668537105847831,-0.5087693982209958,0.2630514375465246,-0.6504587408832677
SGZ,453494.907470574,5679073.47091853,2.923553756538895,-0.4252915048384117,0.2763981348941102,-0.4837519515124487
SGZ,453495.076038129,5679074.2387629,3.1773018399432766,-0.3098517695147252,0.3000656012810861,-0.2871975095796719
SGZ,453495.296154628,5679075.07127821,3.7659162355139366,-0.218692210617521,0.368641377480684,-0.1732778255687529
SGZ,453495.604097831,5679075.68790779,3.9104990661811687,-0.174903498507019,0.5523055381995206,-0.0531017734970428
SGZ,453495.956154324,5679076.16274779,4.324725472563944,-0.1935910079374353,0.5806965395283196,-0.267396736890821
SGZ,453496.342469758,5679076.69882729,4.577940271581464,-0.1423021614720679,0.5601822455782529,-0.3937521047166555
SGZ,453496.711298567,5679077.26476718,5.926072198641957,-0.1241419238086416,0.522131626273165,-0.4365566693396158
SGZ,453497.06267353,5679077.85501882,7.334447743798968,-0.1284313528168428,0.4289894303448743,-0.3243016443949639
SGZ,453497.379343936,5679078.45949244,9.757992562617956,-0.1949509020541172,0.3928323638572055,-0.1179246849144623
SGZ,453497.712786631,5679079.15506597,10.465473660286165,-0.1575263552912012,1.3232885507161922,0.0825513444774712
SGZ,453498.003007556,5679079.84150606,10.710032156199553,-0.1835941552824089,1.7090650824194265,0.1610880383810884
SGZ,453498.250131235,5679080.4977279,11.141933919014082,-0.113220192374882,2.100015461203632,0.1414514225221141
SGZ,453498.616063375,5679081.55416741,12.145079070657005,-0.0244146111734768,2.1164020186547257,-0.2121229895922414
SGZ,453498.972940951,5679082.67824917,14.824427854067446,-0.0525647519852608,1.4583653790057869,-0.330827539498782
SGZ,453499.184049332,5679083.57063854,14.486977586757384,-0.1539521153420543,1.3779055940151674,-0.1394720621589749
SGZ,453499.326829932,5679084.3083668,13.149893996282325,-0.2324076801952856,1.487271499182578,-0.0135467420752641
SGZ,453499.540009509,5679084.85008216,12.99773362181011,-0.2362078059307597,1.351850979694291,-0.0952608798919333
SGZ,453499.754014934,5679085.25197181,12.9574810651534,-0.3007332961100302,1.3244576133964832,-0.1355693526979978
SGZ,453500.26960343,5679085.88203498,12.657652524434567,-0.3611448564014137,1.2635793938713655,-0.245040957147389
SGZ,453501.008855159,5679086.74425048,11.002206026221602,-0.3193615559337116,1.037370552738372,-0.6284954497979153
SGZ,453501.644635386,5679087.54037861,10.16832478945639,-0.3457146033971462,1.0639425558920856,-0.5046595258544294
SGZ,453501.742018547,5679088.63740307,10.232010889554624,-0.2758238156240018,1.2043711936579118,-0.3639552674859465
SGZ,453501.579342933,5679089.80280696,10.51851264555876,-0.1921161191623611,1.5030168186550177,-0.0357656613768234
SGZ,453501.730300317,5679090.62159641,11.321830484068515,-0.1733383100986139,1.4622879336559165,0.0387726454923467
SGZ,453502.06367184,5679091.32937674,12.747669699677058,-0.150055019528219,1.3168708992756375,0.0525926480063612
SGZ,453502.050009893,5679092.17715767,13.033108645388682,-0.171602349225095,1.2547744251658042,-0.127680830243293
SGZ,453501.837331874,5679093.01599491,13.187990602464636,-0.2201530028724382,1.0881637105215751,-0.3433389525455995
SGZ,453501.650520108,5679093.87163139,13.963740790535486,-0.2660780480488094,0.9221521309397592,-0.4057402550532204
SGZ,453501.654462781,5679094.6695768,14.431033475486329,-0.3182031153427463,0.981241850466984,-0.3817101352348821
SGZ,453501.788543086,5679095.41502198,14.0875700066567,-0.2385706398038695,1.2513619130855245,-0.3379501271058848
SGZ,453501.518099014,5679095.77631845,13.493468607944108,-0.222258470238735,1.4539441758646587,-0.3652767308898852
SGZ,453501.07559957,5679095.96014589,11.938515199557576,-0.1836037291159012,1.5850510446235404,-0.3432433121351118
SGZ,453500.933326923,5679096.60186047,11.622135803324849,-0.1489900823458594,1.7958967926552631,-0.2884093312287096
SGZ,453500.937092572,5679097.42976852,12.030713126276346,-0.1909697241269509,1.992600661442918,-0.0921609350627942
SGZ,453501.010123425,5679098.25364659,12.179956053988835,-0.1798912252703963,1.8657086969648695,-0.0422799497768538
SGZ,453501.290976131,5679099.06099575,12.27955097529173,-0.1140045099679297,1.668943385700363,-0.0769724200677452
SGZ,453501.69306268,5679099.85796321,12.519412389117845,-0.1177592006179822,1.667382126546,0.0115925991262554
SGZ,453502.615405245,5679100.49486745,12.34696000033585,-0.1423179456843853,1.6347095087934127,-0.1256138221589484
SGZ,453503.728509125,5679101.07297073,11.5658295551389,-0.2056702822418091,1.5310519073897326,-0.2639771232757653
SGZ,453504.270011203,5679101.71206477,10.21375104158943,-0.2437347317609099,1.2976965788022632,-0.2689346952760185
SGZ,453504.568862232,5679102.40299461,9.708713770038509,-0.2839311485967147,1.3647336414228952,-0.344802672347983
SGZ,453504.815135266,5679103.20348082,8.938072944458733,-0.2836808821336001,1.422492431339294,-0.2719368599962824
SGZ,453504.888776048,5679103.92415416,8.76687335395952,-0.2517314346906223,1.4605837124943166,-0.2122143178153931
SGZ,453504.90179992,5679104.65001836,9.099415492921567,-0.1990248220238807,1.6283546117891825,-0.2944120049671742
SGZ,453504.975113063,5679105.42617808,10.710197327475267,-0.1868973206943475,1.6289272913093884,-0.0309205856284312
SGZ,453505.065808074,5679106.19023301,12.482748287909365,-0.2436784947091239,1.9050743686239695,-0.0424207489775931
SGZ,453505.199947899,5679106.92569056,12.489927845329738,-0.2097854312166089,1.9536650950060983,-0.0521587883741528
SGZ,453505.34269021,5679107.67007705,13.003244644553336,-0.2345709518543806,1.9631975696615755,-0.3015129143875061
SGZ,453505.934411801,5679108.59911657,12.889740514039277,-0.2336850090346282,1.9384760993778565,-0.3913578018029939
SGZ,453506.578436375,5679109.46520821,15.166856485850827,-0.284645744722232,1.8799235143066535,-0.3894810324849585
SGZ,453507.144986504,5679110.25981724,18.10491386265217,-0.2193337635978094,1.8323349992214768,-0.167046657403753
SGZ,453507.391115895,5679111.08471738,18.80008519900434,-0.1890184225117008,1.9395163435907568,-0.1938333223282634
SGZ,453507.507775878,5679111.84892559,18.460804394640896,-0.1866616827592118,2.04056851521717,-0.2396935553596784
SGZ,453507.257097058,5679113.26017805,17.933242149053765,-0.098996762000337,2.0260186886447507,-0.3915090491540416
SGZ,453506.84070393,5679114.88574664,18.25598026256678,-0.143783918605008,1.4829882068862084,0.0728318746404367
SGZ,453506.990096217,5679115.96976088,15.54793697282077,-0.2111930475486925,1.6066599792501777,-0.023908388862765
SGZ,453507.31415914,5679116.78846262,13.636033756065176,-0.2404351777748234,1.336415594179858,-0.3491147420746027
SGZ,453507.75508034,5679116.87207921,12.75224666243174,-0.2286716409513318,1.2039845457330356,-0.3473042949719802
SGZ,453508.240055806,5679116.8238937,11.84517332150405,-0.198185769768543,1.3117618772337591,-0.335833770981143
SGZ,453508.725077132,5679116.76794008,11.319388162284808,-0.1909184437669731,1.3874986284733528,-0.2613433470208494
SGZ,453508.957003118,5679117.06672697,11.026096857714696,-0.176957459653786,1.541066859138108,-0.2059180423575305
SGZ,453509.092742377,5679117.53141087,11.221671975391184,-0.2297279518313312,1.6516276273345392,-0.1992399419935085
SGZ,453509.133828239,5679117.90231547,11.586038253442094,-0.2896183340007112,1.7517161153531142,-0.1816479058965002
SGZ,453509.15751258,5679118.28865405,11.721852960689244,-0.2903684202322981,1.7719696303535193,-0.2634354415822558
SGZ,453509.18116416,5679118.68054127,12.041078886636608,-0.283090436496848,1.6742469713142647,-0.4912128360823016
SGZ,453509.196252581,5679119.05684119,12.207866723220588,-0.2865267519585421,1.598572138708351,-0.568881973427719
SGZ,453509.20271232,5679119.4286511,12.09976052059172,-0.3188077567423792,1.36872493505994,-0.5884306314150332
SGZ,453509.269651495,5679119.81857439,12.07690726838765,-0.3399350781656399,1.2307169413045649,-0.5884200060328548
SGZ,453509.353926682,5679120.20416098,11.840719662633948,-0.3419913162401639,1.0751673418046113,-0.5423013795891509
SGZ,453509.446371875,5679120.67191852,11.037440540305363,-0.364178161184017,1.010895122411821,-0.5095400143647105
SGZ,453509.590923393,5679121.11002005,10.77584517787882,-0.3732124079622548,0.9140695217072594,-0.5153472843608704
SGZ,453509.804956561,5679121.50747047,11.017200951376076,-0.3286212760119778,0.836791823093694,-0.411458893667145
SGZ,453510.079639571,5679121.89418135,11.623075510831622,-0.2545733723505425,0.921615507677758,-0.3346783546213097
SGZ,453510.423424198,5679122.30460533,11.362653010823797,-0.2479822938198361,0.9615053063781556,-0.3834800662623294
SGZ,453510.810614414,5679122.69309026,11.863001000799532,-0.2413807891210462,0.9635123270484034,-0.3241621660411313
SGZ,453511.241262634,5679123.05075831,11.384609867347717,-0.253088498326548,0.9102708271470744,-0.3357500884367641
SGZ,453511.844707499,5679123.46049586,11.448559534422971,-0.295897487847077,0.9124453284730148,-0.2180980172328346
SGZ,453512.456977685,5679123.84143154,10.522129123129458,-0.3113353498412219,0.9535717353337624,-0.3044738248254221
SGZ,453513.311152732,5679124.29704003,9.935850059797248,-0.262955473031044,1.204912856589691,-0.2499887112366697
SGZ,453514.157249552,5679124.65494129,9.872457907770286,-0.2354784477697724,1.145924445462987,-0.3633973708613974
SGZ,453514.934913107,5679124.87593714,10.601998516433008,-0.2455424062387392,1.3747434781913368,-0.3863171228049127
SGZ,453515.739026248,5679125.01496636,11.485012098135336,-0.2667802201967125,1.4293493361878604,-0.4785237339171667
SGZ,453516.552089142,5679125.10410885,12.096634401806435,-0.2706555971437769,1.7368354780213833,-0.3856281305809283
SGZ,453517.382848398,5679125.1278795,12.162772826064376,-0.2479627268296905,1.6952543665541624,-0.3737881645998252
SGZ,453518.196579562,5679125.10382959,12.55240807918202,-0.1963254038218337,1.8810988684024503,-0.3363716697899395
SGZ,453519.03647852,5679125.04553131,12.811686108599298,-0.1661439771685095,1.910668397934,-0.3232344475490702
SGZ,453519.885104431,5679124.97507703,13.835641461101831,-0.1293001693335675,1.6221157612156232,-0.3826063453570935
SGZ,453520.725108177,5679124.89902294,14.10016100988515,-0.1180650289160381,1.3164695615846869,-0.3687772506262265
SGZ,453521.58248722,5679124.81197365,13.45923627530717,-0.1315485396153274,1.324898788365265,-0.3071587035860591
SGZ,453522.4741059,5679124.78949285,14.158545541400702,-0.1315242277209281,1.6676044529022191,-0.3124674436895327
SGZ,453523.348434425,5679124.76358058,14.251755233976464,-0.1174522264604727,1.8897499779517384,-0.2805060551092788
SGZ,453524.214166993,5679124.72762957,15.70183317744571,-0.0889047475311689,1.8767107924729425,-0.1124685462584912
SGZ,453525.15735479,5679124.76649003,15.308349803002333,-0.1220442731936452,1.766103101446309,0.1012889353010909
SGZ,453526.083357249,5679124.78416336,14.233618535837596,-0.1649980804454804,1.9065406102742688,0.1763729035024898
SGZ,453527.053669146,5679124.62675503,14.53535088251456,-0.1758588914231864,1.7322649760218545,0.10570763874365
SGZ,453527.946198237,5679124.45002145,15.44577818482289,-0.1904925399693554,1.7249262945920023,-0.1199785014318072
SGZ,453528.769678026,5679124.24069699,15.428577966324776,-0.1914342521072681,1.5876253407855094,-0.3280480939218166
SGZ,453529.662508329,5679124.01291574,14.095160763089863,-0.2329477843046245,1.7050665252005563,-0.3858933208784695
SGZ,453530.546696773,5679123.78286385,14.221805531828355,-0.2433441736456402,1.558974786901376,-0.4186348303445334
SGZ,453531.353200646,5679123.51684085,14.839426859876548,-0.2278453825092551,1.3682488105972832,-0.3964559926170999
SGZ,453532.229002612,5679123.24123885,13.987345740511651,-0.1950843251680815,1.4824673840126317,-0.3660896510401324
SGZ,453532.888504057,5679122.95215277,13.573141371973591,-0.2328396217577215,1.6830295752264086,-0.2394689266848028
SGZ,453533.582598857,5679122.66770987,13.443196195518489,-0.2488013103008582,1.8621226753962232,-0.1546037399253611
SGZ,453534.405259661,5679122.59710079,13.326575488568054,-0.2467891068099453,1.894260496798647,-0.1109520414464143
SGZ,453535.201719981,5679122.5662886,12.874951353875083,-0.2080594721725777,1.9061289248943007,-0.0458992361450214
SGZ,453535.997996926,5679122.56654871,12.222888314687546,-0.1880851929645135,1.999155003101953,-0.0848057336663028
SGZ,453536.837371551,5679122.59702676,12.149096470459517,-0.2040713688031201,2.1254230746228706,-0.0226677242353753
SGZ,453537.668104377,5679122.62523419,11.824310739789684,-0.1937958964740052,2.214111248019488,-0.0011430318152079
SGZ,453538.541908699,5679122.68809845,12.114232621457678,-0.17907092862464,2.1412316310244,-0.1949364017656017
SGZ,453539.363921155,5679122.72735191,12.68227820942067,-0.1943639343462987,2.356311209783186,-0.2383812487825002
SGZ,453540.125604704,5679122.72296839,12.717672244307735,-0.2395827150251624,2.234694381195315,-0.342034792014745
SGZ,453541.051940886,5679122.68404386,12.760224928642812,-0.2528332345662073,2.0664003059086657,-0.328523977871496
SGZ,453541.892101306,5679122.58135404,12.571368567698364,-0.1865742152839156,1.6510121747924715,-0.297601935032856
SGZ,453542.715102506,5679122.45303825,12.242906175007082,-0.1742163639646291,1.3753205018887762,-0.2810169473370843
SGZ,453543.529501159,5679122.31579349,11.355400854515391,-0.1631015685108879,1.1725960346034217,-0.1215865271509806
SGZ,453544.378244377,5679122.22536148,10.703520059716013,-0.1403151720814361,1.0417842216344289,0.0362380120465315
SGZ,453545.183745817,5679122.12912541,10.392347712251825,-0.0835936454271794,0.9995967839085744,0.2431085421552609
SGZ,453545.972238623,5679121.98173965,9.684411551299892,-0.0822856054594653,1.071891740620819,0.2866545893763929
SGZ,453546.786728834,5679121.82895836,8.853407368488192,-0.0587476330055337,1.066594576564694,0.312443454209898
SGZ,453547.592099252,5679121.7549166,8.864914236175162,-0.0412335575850214,1.0825181841490197,0.2123040756623166
SGZ,453548.406144196,5679121.67759664,10.190635945823956,-0.0202253738204873,0.9599100392307351,0.076023363328554
SGZ,453549.229164829,5679121.54595099,10.739840003693809,-0.0039052113199235,1.0405701817670048,-0.0571124519743736
SGZ,453550.104127911,5679121.41239216,10.815905527848164,-0.0219845930337078,1.38947702106597,-0.1090006088556523
SGZ,453550.926958625,5679121.31292844,11.10095644473324,-0.053068091080859,1.657913124334402,-0.1125257420831422
SGZ,453551.592809654,5679121.41451603,11.66092217962358,-0.0838687400978507,1.688748577812771,-0.1370386977970161
SGZ,453552.371200556,5679121.51232841,12.325900090033558,-0.1221566978319954,1.751079481752162,-0.0953893245534653
SGZ,453553.107390619,5679121.42789007,12.848659940604064,-0.1315049604573207,1.6263506851944738,0.0247089208910165
SGZ,453553.809871024,5679121.18899528,12.302831055615211,-0.1549912991045729,1.6573937908997145,0.1200836856182009
SGZ,453554.323357648,5679120.70927601,12.563182201532062,-0.1971596561825416,1.807233152006748,0.0959172632351126
SGZ,453554.715793494,5679120.20886684,12.494821273835178,-0.2246734765527862,1.8660261789577617,-0.0532021060471527
SGZ,453555.039657836,5679119.59485698,12.34806503570467,-0.3090424589221934,1.910367146869504,-0.3510028212723263
SGZ,453555.285876825,5679118.93821796,12.723263990958875,-0.3687418171805661,1.7803892560980634,-0.5353793916826937
SGZ,453555.410724319,5679118.31526573,12.934970951132224,-0.465010482274792,1.3790259423664697,-0.7285935106420165
SGZ,453555.509882056,5679117.64555177,12.874590573051805,-0.555865679068031,1.1020842536796662,-0.8187120173347214
SGZ,453555.531918183,5679116.84443044,11.781121769551495,-0.6321298922651746,0.9264993750578054,-0.7582724786701569
SGZ,453555.50140307,5679116.14842692,11.78919124037138,-0.6334184241117085,0.959411449270251,-0.7222775164364923
SGZ,453555.419423395,5679115.37332641,12.306555195582442,-0.5687129867466839,1.1535537250561327,-0.591061036242161
SGZ,453555.29478463,5679114.49365621,12.59111949272011,-0.5295033456109839,1.3994882288472732,-0.5426220224396463
SGZ,453555.239182078,5679113.648796,12.13166560781107,-0.5168892210908936,1.5622610672433146,-0.526931935979293
SGZ,453555.131480004,5679112.83248238,12.037437921655457,-0.3696115030397108,1.603687694980028,-0.6028410829169822
SGZ,453554.875695655,5679112.17621135,12.372529615851615,-0.3218959899557261,1.5195157554661023,-0.5910903526707609
SGZ,453554.611518314,5679111.47550015,12.42119821823244,-0.3681866355894258,1.398047666598199,-0.4327716748441455
SGZ,453554.339805562,5679110.58497443,10.77072373352269,-0.421431738794744,1.3092570424882142,-0.3238876632469398
SGZ,453554.093926603,5679109.71679643,10.101767044255368,-0.3583317825595531,1.3871090358565483,-0.3672167032981452
SGZ,453553.925673253,5679108.89457676,9.70340614452491,-0.2494476931341416,1.2839788041907163,-0.3386476736033486
SGZ,453553.791928185,5679108.09142668,9.225540532301435,-0.1325476346752811,1.10417512538134,-0.1224667956365413
SGZ,453553.701464106,5679107.28742216,9.304828640983033,-0.0618043522164853,1.1295074860853167,0.116808077919283
SGZ,453553.66302753,5679106.46707805,9.395586596733825,0.0344658865824202,1.114606248567506,0.2872999184609963
SGZ,453553.667675521,5679105.67917133,9.79421362965003,0.1105097648944339,1.0844131123101166,0.2974612943001427
SGZ,453553.706995403,5679104.88259102,10.286066638164687,0.0636191674302465,1.0502650632787756,0.0888558790875867
SGZ,453553.738066281,5679104.01715653,10.49578678116779,0.0464010123698097,1.039954635320308,-0.0337907057215256
SGZ,453553.769196074,5679103.14173448,11.4089748608379,-0.012924676918659,1.2426916968067632,-0.182374636651933
SGZ,453553.76570635,5679102.26610821,11.846347030386312,-0.0736036863039977,1.3899337346408454,-0.0769183085938286
SGZ,453553.72744656,5679101.41580145,12.815795812033825,-0.1693477982302439,1.3901159739619997,0.0411860945457468
SGZ,453553.567822133,5679100.59807173,12.948887030136296,-0.1880340009996725,1.1250203239426282,0.1753230785795151
SGZ,453553.399091156,5679099.85686216,13.001883298372714,-0.1198365654526083,1.1894761062132138,-0.1110675357884248
SGZ,453553.238347341,5679099.22889588,12.462147326831122,-0.1375069678835406,1.20223755170208,-0.2156236004935147
SGZ,453553.043848207,5679098.4542413,11.600952990623862,-0.2240705962753764,1.31509455151344,-0.2864096017323378
SGZ,453552.857886145,5679097.69961287,11.192806828905846,-0.2812021720684803,1.4050747799308272,-0.4688628004249287
SGZ,453552.654634019,5679096.94155314,12.153118397220751,-0.3460618655228062,1.4446565543123535,-0.3322702352604251
SGZ,453552.38182873,5679096.23635187,12.358570368627596,-0.4104032625709286,1.2621963041215298,-0.3816044121027537
SGZ,453552.143479303,5679095.55909801,13.182739891163802,-0.4108980713152524,1.325529088079069,-0.4676325925133782
SGZ,453551.939762487,5679094.87982893,13.807509595885731,-0.3948315201881033,1.5002821576216585,-0.4716381321975502
SGZ,453551.882549978,5679094.30796171,14.04985636415902,-0.3175218498958352,1.7302011899330505,-0.5467546364227038
SGZ,453551.851518122,5679093.69962664,13.741600015235525,-0.2777679023087056,1.9201030592919763,-0.5405916620767699
SGZ,453551.839478524,5679092.80619365,13.596973184400166,-0.2938953060725885,2.1256148244677315,-0.2454202675219613
SGZ,453551.870687066,5679091.91745486,13.617420246246043,-0.2373860799563155,1.9894300039793795,-0.124760710395422
SGZ,453552.031247212,5679091.10938235,13.506404755309166,-0.1211365320327083,1.7801322169548122,0.0492437857624128
SGZ,453552.183466704,5679090.24799185,12.81647115544392,-0.0875678293884666,2.003504522317826,-0.0835131220535887
SGZ,453552.257497798,5679089.43607957,12.959483918922016,-0.1476712970430515,2.1026330194981866,-0.1009701717125517
SGZ,453552.149266132,5679088.70965382,13.424431018210814,-0.2002075513624282,2.317537349934739,-0.1079967905639664
SGZ,453551.981052761,5679087.88077571,13.212469578534964,-0.1390485714768884,2.060632642824218,-0.2133847091250314
SGZ,453551.82110148,5679087.11853233,12.352058126872036,-0.1440859083904941,1.769830463411894,-0.3170869933396324
SGZ,453551.643958356,5679086.33621171,12.779109327012304,-0.2450833447164094,1.5261269854383768,-0.2841393167291704
SGZ,453551.484144625,5679085.55066403,12.857972091227245,-0.2541161572797376,1.552327766386291,-0.1529451608096564
SGZ,453551.341359128,5679084.81293676,12.29829673841686,-0.1963159082212223,1.5304550582376188,-0.2789358960715259
SGZ,453551.198874818,5679084.02416201,11.470220188176668,-0.1161613600352722,1.455449856293721,-0.2618336419764734
SGZ,453551.021810393,5679083.22852464,10.981073678566604,-0.0740334088534983,1.370653012655339,-0.214238404671297
SGZ,453550.896498371,5679082.46315628,11.107186194370923,-0.1710993718977091,1.188026881370661,0.0121682655661289
SGZ,453550.832051873,5679081.65042705,11.629572164915771,-0.211819563094463,1.1871020407694464,0.0952820373470685
SGZ,453550.784974018,5679080.82781238,10.91094588635821,-0.1237935322819265,1.4457820061936473,-0.1715901156478521
SGZ,453550.72922823,5679080.0073661,11.083741006291522,-0.1335937711559114,1.8656260985400763,-0.2515261121640729
SGZ,453550.656166204,5679079.18792743,12.223895161140463,-0.1620891198054871,1.9307749227743367,-0.357390007323563
SGZ,453550.539561514,5679078.4137323,13.00700633614492,-0.2988707628845967,2.129016471936986,-0.3644846090120193
SGZ,453550.431389103,5679077.67731897,13.14535221612612,-0.3527491213243787,1.961004892475623,-0.3224042555171721
SGZ,453550.349547892,5679076.87891406,12.318638620441964,-0.2882065328127591,1.5799190120223998,-0.4337454277497551
SGZ,453550.320080986,5679076.00535402,12.41673825091919,-0.2531235413406178,1.1685700281786844,-0.4187860535863005
SGZ,453550.273278205,5679075.13613077,12.16662377504561,-0.2376252477196396,0.7383020151566523,-0.3996970266654692
SGZ,453550.148313393,5679074.31194681,10.9184745236203,-0.2930667492470103,0.7420468565815891,-0.1664100580099293
SGZ,453550.006052016,5679073.48544127,9.344660432198442,-0.241538063503392,0.785415008809997,-0.0251037952892089
SGZ,453549.837747565,5679072.67209929,7.71738176159552,-0.197134233933437,0.7304285871530304,-0.1169859545991454
SGZ,453549.678058714,5679071.86546672,6.843822545891638,-0.1060471735824683,0.5456144906570481,-0.142740484611998
SGZ,453549.518422277,5679071.04995632,5.952788235419756,-0.1003078455136152,0.4706335857099555,-0.1185200066081592
SGZ,453549.333260007,5679070.15994097,5.264077133044468,-0.1529629813758715,0.5007104303456456,-0.0180335902855919
SGZ,453549.182199918,5679069.35779837,4.976952075529585,-0.1972793139090949,0.7567887611012606,-0.0228253085778525
SGZ,453549.073844452,5679068.65245738,5.167180958373452,-0.1749697305935031,0.8339055381800619,-0.091446193383463
SGZ,453548.991846361,5679067.88068592,6.126005425604257,-0.241143154482016,0.9124891122223406,-0.2491749350586764
SGZ,453548.927243078,5679067.09459011,6.9492677586696985,-0.2933271787701058,0.9031808608536622,-0.399966675975437
SGZ,453548.871386303,5679066.29300918,7.500897322936853,-0.3487310506844785,0.916356303273103,-0.4850801083400136
SGZ,453548.841402394,5679065.50711761,7.919602219236843,-0.3436226990121632,0.8816808795800519,-0.3959918759995373
SGZ,453548.8031303,5679064.65903023,8.356539515755506,-0.2626811138204082,0.9002627700575775,-0.2790084722382814
SGZ,453548.738435409,5679063.88847061,8.196275861785663,-0.1424191540882835,0.8581044461728634,-0.051754069461968
SGZ,453548.638983699,5679063.14101102,8.092884005661507,-0.1113668275264135,0.8060819896977588,0.0592615504422797
SGZ,453548.522183061,5679062.40010767,7.97670867444747,-0.1180633126093766,1.090520927473569,0.1184522639431886
SGZ,453548.362278514,5679061.63009608,7.248680133783102,-0.1514266846617233,1.1176463964860122,0.0077147613027082
SGZ,453548.202256147,5679060.88005958,7.304328574879685,-0.1317936209403283,0.8397841108278304,-0.2478683100779492
SGZ,453548.05946491,5679060.14344195,6.887008570986841,-0.1077837963054973,0.9022706173471932,-0.2984720367535529
SGZ,453547.925132104,5679059.4401672,6.254686922133286,-0.1022144436906063,0.8383991604349202,-0.2640001511261076
SGZ,453547.78249151,5679058.67802582,5.964674164227282,-0.0908322298075643,0.8577895757994528,-0.0132262910559789
SGZ,453547.649009921,5679057.83048645,5.929174408544212,-0.0787574430542785,0.936625672418759,0.0548357750583042
SGZ,453547.532458268,5679057.04741341,5.537566081970415,-0.0498414271150325,0.8929764429029017,0.125097384700508
SGZ,453547.424574561,5679056.26217199,5.44946422997248,-0.0514013802977788,0.9497351191431064,-0.0213388582950197
SGZ,453547.342773207,5679055.45710865,5.672435210513154,-0.064450246887891,0.9101837422759914,-0.1309892584467488
SGZ,453547.295532243,5679054.66223712,6.044444991384725,-0.0918215435418356,0.9645371105721918,-0.2532809056406243
SGZ,453547.265895578,5679053.81752996,6.230510409278561,-0.1958473609243229,1.2341932787090693,-0.2414697918238414
SGZ,453547.227322552,5679053.02049003,6.132045838706667,-0.2251900999236167,1.409345847845374,-0.1720371539826307
SGZ,453547.171119065,5679052.27772464,6.091673696229857,-0.3165826084139888,1.4475585457996951,-0.2210162609352782
SGZ,453547.097776183,5679051.5060042,6.07632508968892,-0.3591551531627114,1.3605372960683768,-0.2501763062677311
SGZ,453546.981185406,5679050.72958951,5.501051326842264,-0.3213896109013345,1.1361824411811978,-0.4514848949038665
SGZ,453546.855985668,5679049.94535567,4.674958830666229,-0.298275341638306,1.0416557008695368,-0.4545794434496618
SGZ,453546.73074667,5679049.16778019,4.214270672147677,-0.2885771342107188,0.8569882986292686,-0.3910041503617102
SGZ,453546.597036214,5679048.35908126,4.0767747734025415,-0.1516508002746608,0.566872229040206,-0.2215491464692903
SGZ,453546.463247213,5679047.56369907,4.0467166702026045,-0.1569591306756214,0.5799702805408007,0.0416038616044406
SGZ,453546.337896985,5679046.80498895,3.885787256101007,-0.1837658190749621,0.6109211634945223,0.0659313533471613
SGZ,453546.195878826,5679045.93742337,3.9190517784320016,-0.2395415920442605,0.5756824749063679,-0.1158889931075842
SGZ,453546.061998245,5679045.15757735,4.10252575873253,-0.3089718996757778,0.5767107920705847,-0.273674198709453
SGZ,453545.954141062,5679044.36789698,4.240019915642987,-0.2806075987916011,0.45933120400168,-0.5495641957993977
SGZ,453545.863645909,5679043.56944091,4.06258047698732,-0.3283009201980559,0.5071238340846156,-0.5881521952111499
SGZ,453545.798578301,5679042.86213572,3.865639337843341,-0.3272146924395564,0.5342401764444866,-0.369979004397206
SGZ,453545.733844637,5679042.09823442,3.782445159488444,-0.292705418607589,0.6210599871233298,-0.1694264075133673
SGZ,453545.669523494,5679041.26442024,4.003205605496363,-0.1906319114164906,0.6525514102639546,-0.1751588404944521
SGZ,453545.587460598,5679040.50374598,4.214376408645809,-0.1054687688945008,0.6986645478306541,0.0102187858762649
SGZ,453545.428375297,5679039.59501831,4.535642164286062,-0.0735108784481016,0.8395811265032964,-0.0881302612185899
SGZ,453545.277159107,5679038.81950905,4.9846895631162855,-0.1203331413294277,0.9484180493084524,-0.1788917452744888
SGZ,453545.125942953,5679038.04399979,5.449551596598489,-0.1219724986490395,1.1143239139033971,-0.1084020948775735
SGZ,453545.009555578,5679037.23318349,5.777690897279745,-0.1260765530682161,1.1667083644349423,-0.2485693285418801
SGZ,453544.953712574,5679036.42938303,6.016882352730144,-0.1678761016211881,1.3533252854892297,-0.0793823975310933
SGZ,453544.914989306,5679035.65786681,6.030987245583081,-0.1840172811380173,1.335845764410999,-0.0771549418767687
SGZ,453544.876292237,5679034.88191168,6.124305176425192,-0.1604715096490309,1.1638330491946831,-0.0946779737126423
SGZ,453544.829372535,5679034.03266343,5.917332704079519,-0.1383173469907526,1.1072919007552902,-0.2897703353342376
SGZ,453544.773326598,5679033.26326453,5.473327819605353,-0.0790042104567362,0.9686603272690693,-0.2230852050835756
SGZ,453544.80341616,5679032.56428915,5.330467804918867,-0.1175320183566957,0.8707696824475657,-0.0828780540554762
SGZ,453544.920007879,5679031.87359254,5.096308811210713,-0.1537310826374026,0.8290769689718231,0.0306617409521449
SGZ,453545.08802419,5679031.26865138,4.719099150709488,-0.1964844398185795,0.8937433712982813,0.0486118515727353
SGZ,453545.359799837,5679030.68096892,4.105630923568871,-0.2124110369324778,0.8563094028369733,-0.0339489176744227
SGZ,453545.709259098,5679030.12925735,3.096621127431972,-0.2628285336951806,0.7126838545242188,-0.2544432679713783
SGZ,453546.154169889,5679029.53593783,2.7874772371379,-0.2838507735517375,0.5660181469376702,-0.3270304368753809
SGZ,453546.659415377,5679028.98514539,2.482604293229224,-0.3570891660289698,0.4629654205648334,-0.4804394260527386
SGZ,453547.2078824,5679028.44348606,2.3170834528184026,-0.3624264475674155,0.3995906632139569,-0.4420548584427241
SGZ,453547.712931322,5679027.9259854,2.368838835079613,-0.3691632027760503,0.3927724689465937,-0.3865142146565297
SGZ,453548.200624756,5679027.41615067,2.3829945100232583,-0.3477601524967057,0.3757539127155997,-0.3054028555248551
SGZ,453548.757471369,5679026.92115087,2.504014586373285,-0.2366040765923595,0.3864245395570125,-0.2043373033740306
SGZ,453549.34880614,5679026.44854984,2.7565673411110168,-0.1363641004235642,0.40900558221544,-0.1370017594077465
SGZ,453549.983473729,5679025.96621653,3.048714262181353,-0.1168512269898606,0.50476123425253,0.0058947475008916
SGZ,453550.609060889,5679025.55596441,3.2058884664389686,-0.0634001568698805,0.5518102058425555,0.1254827123455748
SGZ,453551.208303882,5679025.20992329,3.525890791769116,-0.0875451986055812,0.6595293209871055,-0.0111361389253811
SGZ,453552.006659411,5679024.85617866,3.792483366966375,-0.1792663424288487,0.7160087929554287,-0.1135064379291005
SGZ,453552.769996347,5679024.56992312,3.817654954755307,-0.1962076542444593,0.701440632547434,-0.2517311715767409
NVB,453553.489902153,5679024.31004569,4.066425435787978,-0.1880320214397453,0.545753284262348,-0.3352369009396652
NVB,453554.183679871,5679024.07775822,4.101475346414087,-0.1834899944207819,0.4577942123154956,-0.2735834657964242
NVB,453554.851506268,5679023.84309806,4.132265471356551,-0.1362726395860105,0.4011101025746473,-0.1610674599175046
NVB,453555.571503586,5679023.56768425,4.175853635486728,-0.0711904631667269,0.5493325800817747,0.0531893324176825
NVB,453556.265765599,5679023.25327673,4.308714089881165,-0.0074244212728143,0.7393520318508294,0.2429672043651575
NVB,453556.882088626,5679022.94617776,4.545582268430935,0.0029787640763316,0.9972336527988716,0.1930746601855189
NVB,453557.515753916,5679022.63363222,4.785618702896473,-0.0054676945541201,1.0027263299618223,-0.0909692350469021
NVB,453558.227482451,5679022.29269316,5.570669437884706,-0.0827035513633169,0.9196311002206536,-0.1749905256905929
NVB,453558.947885347,5679021.94847591,5.505877838347067,-0.176755245272256,1.044838471714314,-0.1808313296920973
NVB,453559.694383464,5679021.58221719,5.653833418640618,-0.2697460491585198,1.09789513780576,-0.1393949512232402
NVB,453560.406124897,5679021.23905849,6.077534524762528,-0.2857870909450609,1.238325398549179,-0.1202433890561631
NVB,453561.187307482,5679020.86190654,6.14139527156078,-0.3026202928296489,1.1162705046646204,-0.2322376931140102
NVB,453561.933772663,5679020.50119625,5.904169409973133,-0.2914002836947563,0.967795932641242,-0.3312465957667136
NVB,453562.688958012,5679020.12943966,5.180038272166786,-0.2776325042425799,0.8140905418421468,-0.3656050423478826
NVB,453563.400738452,5679019.77962232,4.595264453183296,-0.2587190870493243,0.7762387437727726,-0.2176324046751733
NVB,453564.086430116,5679019.4507366,4.512343309575418,-0.2610082369438795,0.7693572350460886,-0.2203343728607545
NVB,453564.823926074,5679019.14324193,4.4286168260197565,-0.1949155272174002,0.7829226898283572,-0.3148089129361371
NVB,453565.535267819,5679018.86777617,3.9018320972611953,-0.198640774059741,0.7217361339335782,-0.4700682346978601
NVB,453566.194700433,5679018.5886749,3.769831149863777,-0.1642534197273087,0.6918083081785033,-0.4861630463477413
NVB,453566.871553837,5679018.29081028,3.6942115956638295,-0.1506118759727307,0.6790754024179106,-0.4308162335487284
NVB,453567.548381005,5679017.99738452,4.052340464487685,-0.1440560225416885,0.6707437191082425,-0.3371844595991171
NVB,453568.277149918,5679017.70204549,4.125135522926724,-0.1408661099818302,0.609203046138156,-0.3540841602234218
NVB,453569.049218866,5679017.40252269,3.845936568644485,-0.116381773288108,0.5499774821795451,-0.2285431640619354
NVB,453569.769319792,5679017.10935194,2.932139461985676,-0.1368333111990595,0.4252216352976146,-0.1671326829308509
NVB,453570.428791375,5679016.82359194,2.683733234814556,-0.0791552452502898,0.3465995449817057,-0.1676154424676581
NVB,453571.131464835,5679016.55029409,2.49908868597084,-0.025787347176852,0.3474463052094585,-0.0083962033541171
NVB,453571.868803183,5679016.26943223,2.4399890010196708,-0.0179870513445527,0.3772873115994775,0.0894524925724228
NVB,453572.684309361,5679015.94242107,2.244587295659594,0.0161192357476248,0.4452321497746337,0.1479119670107407
NVB,453573.395886111,5679015.62700439,2.392789619745448,-0.0242518960719541,0.5060954822750184,0.0601298523141123
NVB,453574.107469347,5679015.31047792,2.3324997319428773,-0.0226445221373643,0.495065688616793,0.0995264602077494
NVB,453574.758606477,5679014.97028987,2.338955362353779,-0.0354558171399929,0.4807768619215934,0.0949090248404106
NVB,453575.557548803,5679014.51666735,2.246830525381673,-0.0352763173085639,0.3869272944169268,0.1648607888618301
NVB,453576.23459125,5679014.18661982,2.193764749067109,-0.0456356664386965,0.3567608598311669,0.2736988691392374
NVB,453576.920124839,5679013.88436647,2.1429610017585525,-0.0914377521689032,0.3829288242718665,0.2471347551794669
NVB,453577.614496361,5679013.5510917,2.103749279169409,-0.1334727046460131,0.4145638297821823,0.1616775904761097
NVB,453578.439029753,5679013.16087648,2.048708189688705,-0.1511917803815808,0.4387451946429737,0.0031995479669194
NVB,453579.168046433,5679012.82336679,1.999706616964727,-0.2226123383465173,0.4396003642230717,-0.2227596554814701
NVB,453579.853403125,5679012.55107584,1.952135127805048,-0.315560204069,0.3726099788716827,-0.3784432000134268
NVB,453580.703527688,5679012.22426796,1.9257089288724836,-0.4171254799528105,0.3051865446996285,-0.5079853167951268
NVB,453581.466829611,5679011.94355829,1.771226456907551,-0.4872735035155525,0.2671890827647176,-0.5703568589204546
NVB,453582.247473747,5679011.65740196,1.7844467013978411,-0.5171841356518404,0.2442562598787776,-0.5077927224003893
NVB,453583.010926036,5679011.3511684,1.7876844001217924,-0.5028205189815503,0.2591766698701142,-0.3495699779459337
NVB,453583.800447274,5679011.02733219,1.97065948534723,-0.4382619204523538,0.2782750605269223,-0.2873465876880062
NVB,453584.607448098,5679010.67474503,2.0839731871832727,-0.3308360331277489,0.3158155243460432,-0.2948261639081604
NVB,453585.345073257,5679010.34505389,2.293957310449481,-0.230788075925528,0.4361886695287806,-0.1928484810263926
NVB,453586.056779826,5679010.00744151,2.440546721934316,-0.1462950065988738,0.437197309917121,0.0008325950034393
NVB,453586.768486328,5679009.66982908,2.4384488306825367,-0.0463866396629941,0.5086402658203849,0.0760603959735087
NVB,453587.488821377,5679009.33670651,2.462479272528637,0.0668994139008681,0.5481260593923625,0.1173982375971259
NVB,453588.261340141,5679008.96061061,2.589281713664203,0.1272130134886177,0.5206632273648292,0.190508753459014
NVB,453588.973209997,5679008.59525478,2.4600475117904748,0.1937848828499058,0.4304015094842164,0.2545213004172614
NVB,453589.65889305,5679008.26747658,2.5251809712393163,0.161716600007736,0.41044446914852,0.2646641645591664
NVB,453590.405290287,5679007.91786088,2.488837735683106,0.1899696425475084,0.5280878042694792,0.2127172616074548
NVB,453591.255754053,5679007.53334601,2.546873363446833,0.2016747081837945,0.6407737431477246,0.179680496793128
NVB,453592.002013781,5679007.20703445,2.712485693303052,0.2230382850779144,0.6876898914497616,0.2267216217236789
NVB,453592.756974008,5679006.87300574,2.659545972997101,0.2599366511123591,0.5318154985324255,0.2818808142079724
NVB,453593.503344808,5679006.52782866,2.5103381770685425,0.3115968331877835,0.4824865678346015,0.2911702944994929
NVB,453594.188916292,5679006.21891545,2.3279525375596606,0.3605619041027375,0.4447844509300689,0.3435086519077723
NVB,453594.874284957,5679005.94440373,2.3489427197032025,0.3818959782161706,0.3930342203337306,0.443080447375458
NVB,453595.620361242,5679005.64916421,2.241003880265009,0.4224517092154995,0.3934535537690563,0.5382392830303194
NVB,453597.069331356,5679005.04289372,2.0458742903807368,0.4192345100450269,0.3015304570176855,0.4311677207542707
NVB,453597.858929851,5679004.70573938,1.995283288077675,0.4090780338381486,0.3580195197184744,0.428902232176008
NVB,453598.53592472,5679004.38345804,1.9124176427044903,0.3753037065247921,0.3763595832362902,0.5153425831868211
NVB,453599.247656328,5679004.04140557,1.9672197659743331,0.3578871731714798,0.3813581165011909,0.5650733707013305
NVB,453600.02853446,5679003.71529728,1.9185098161800205,0.3683734609962296,0.3748593440799295,0.6601132363732254
NVB,453600.78335012,5679003.40568182,1.9550532694563725,0.3510492181207146,0.3494808568055765,0.5487038719919629
NVB,453601.529504416,5679003.09712501,2.036348441676771,0.2892922260796339,0.3384031900545979,0.3686934015518425
NVB,453602.214820227,5679002.83149048,2.0419889060123477,0.2531929925354479,0.3399885284383228,0.2751625416495225
NVB,453602.900168688,5679002.56030726,2.102295806846791,0.1944035829005898,0.3468375392906175,0.1749702962142224
NVB,453603.646551703,5679002.21290977,2.1273482257434364,0.1044495698754936,0.3785488090138331,0.0851689600063664
NVB,453604.340947201,5679001.87519375,2.311728832485368,0.0060376911954975,0.3411849677989269,-0.0503582826227975
NVB,453605.070236356,5679001.4910731,2.528861925288186,-0.0631994009574815,0.3084821706223504,-0.1402674129136244
NVB,453605.773443437,5679001.12677448,2.83319135392454,-0.1674416701797645,0.3721104276734844,-0.2503801731399555
NVB,453606.528526726,5679000.77165963,3.073318668683128,-0.1723503381854658,0.4532994696131858,-0.3291587565395382
NVB,453607.257632578,5679000.41861116,3.2711550118871897,-0.1926538542302864,0.6557838282826967,-0.3671610876527215
NVB,453607.99535389,5679000.07227199,3.3552094704640347,-0.1899147265028718,0.6684536669045558,-0.3100355732385274
NVB,453608.785075649,5678999.71403173,3.2863403157977302,-0.1667275708646811,0.6928005485040872,-0.3184197580658714
NVB,453609.540001732,5678999.38555005,3.0124194941182894,-0.1435533814119824,0.5256540492682592,-0.3389791550588447
NVB,453610.25149047,5678999.08455653,2.7914919757689605,-0.0962433494595113,0.4381367758616397,-0.3223013374749594
NVB,453611.093114444,5678998.73106092,2.561060508401706,-0.0594229393260294,0.4332968341911096,-0.1839391579994829
NVB,453611.821958356,5678998.42240115,2.2694115097580414,-0.0562373600174458,0.5124103542335193,-0.0269199514379094
NVB,453612.542127832,5678998.1170195,2.095013025320647,-0.0917068065205848,0.56534533688052,-0.0292741331333687
NVB,453613.253662106,5678997.80825761,2.159949148305761,-0.1342489099553293,0.5742781660388558,-0.0651966065884847
NVB,453614.02593003,5678997.47432885,2.331782836363028,-0.1169509900668383,0.5921229989757396,-0.1559573120249025
NVB,453614.754793319,5678997.16233962,2.452265735887246,-0.1058930210624626,0.5662917715448017,-0.282664880855997
NVB,453615.457613815,5678996.8635141,2.339049341529265,-0.1328117326343868,0.4670023730333276,-0.2746198529709249
NVB,453616.31665144,5678996.49236427,2.353660715789135,-0.1219984941329686,0.4584456469675296,-0.3050532176801112
NVB,453617.106470516,5678996.11747725,2.3453198642981685,-0.1333328942296131,0.3941565451148313,-0.2096840404831259
NVB,453617.878881935,5678995.75913411,2.411422792603394,-0.1137373414484992,0.32274902584803,-0.2279568561692663
NVB,453618.61642582,5678995.4427566,2.373088573801674,-0.1164498434465282,0.3246481438054015,-0.1957789658811067
NVB,453619.319265625,5678995.14060155,2.164408872542058,-0.1707774735622434,0.3141205648880489,-0.1298041511414021
NVB,453620.135048695,5678994.76586719,2.0048880772579745,-0.1896142178647912,0.3866738584556499,-0.0513018011162011
NVB,453620.760093618,5678994.44660723,1.9855393751145047,-0.198933550075535,0.4262620072986655,-0.045148133180339
NVB,453621.419862115,5678994.1097955,2.327457850326295,-0.2061733730966085,0.4325815650414498,-0.1203785951551746
NVB,453622.14014848,5678993.78443788,2.4958454135446804,-0.2349548768269668,0.5352222670505905,-0.2192108163412097
NVB,453622.886301004,5678993.47587905,2.466400544764421,-0.2405569036505543,0.6558765774685889,-0.1785223751646922
NVB,453623.701240477,5678993.24429923,2.4974153270578,-0.2393166204378952,0.6723012675629476,-0.2051230732299341
NVB,453624.568226097,5678992.9930501,2.47136831802928,-0.2607806081588185,0.6717992557520135,-0.2982124336394913
NVB,453625.357384226,5678992.73024478,2.544292478487137,-0.3222565536140374,0.5340029512261558,-0.3710987665057547
NVB,453625.999574868,5678992.43882956,2.758396352211568,-0.3246083523380086,0.5171574826050956,-0.456596552306066
NVB,453626.667860456,5678992.12537266,2.864923616312665,-0.375609095688885,0.5739409273043914,-0.4430312064786763
NVB,453627.431733938,5678991.74700251,3.0633793470516357,-0.384911281912686,0.6566586001695268,-0.4989243897236314
NVB,453628.126284337,5678991.38265093,3.221774991958539,-0.3840850166417261,0.6811977680667728,-0.4687490492092651
NVB,453628.794896557,5678991.01370745,3.335617210517331,-0.3734007106344831,0.6389649600047016,-0.4588013240357025
NVB,453629.498271519,5678990.62055381,3.32892910817208,-0.3549161372690632,0.5268941884101611,-0.440885789476994
NVB,453630.201476477,5678990.25625302,3.2829556120320538,-0.3466502087895779,0.5038667690385139,-0.3541921958329447
NVB,453630.930488767,5678989.91873857,3.134497195727775,-0.3364415148684123,0.4967732450156173,-0.3921433161650715
NVB,453631.685439107,5678989.58581587,2.9788220408128323,-0.3020599163887922,0.3952057753133108,-0.3456286663951455
NVB,453632.475112961,5678989.23534134,2.844207990017792,-0.3126082791672517,0.3347238366675628,-0.4384135189883703
NVB,453633.186691379,5678988.91880956,2.8034541063664724,-0.3165842972000293,0.2992094176060649,-0.555523066496651
NVB,453633.898171709,5678988.61892364,2.802587936342817,-0.234677335253559,0.3214589230094868,-0.4721459345119191
NVB,453634.652971483,5678988.3115244,2.6353396400711797,-0.2006325784195965,0.3224383742587772,-0.4058561428789682
NVB,453635.390383276,5678988.01733989,2.608096582519768,-0.1354594642741453,0.3228514604213064,-0.2342171892982262
NVB,453636.084553937,5678987.71735184,2.6061399650933947,-0.072823679610488,0.3354745701518755,-0.0581208597656726
NVB,453636.813487314,5678987.39315357,2.5569352124279745,-0.0145284997017021,0.3540687106317686,0.1558824701823182
NVB,453637.629334078,5678987.00732013,2.3651683107454016,0.1246789243481139,0.4137819884371614,0.4151183388432727
NVB,453638.358267326,5678986.68312173,2.12995287196107,0.1671465309471257,0.4361955477766372,0.4461136338862055
NVB,453639.043769934,5678986.3853019,1.918313115665303,0.1713523239311477,0.4201653193477833,0.460520495423656
NVB,453639.746862976,5678986.03986565,1.855910703513688,0.1314993529952149,0.397306907207123,0.3266777045919198
NVB,453640.406701817,5678985.69084533,1.843536920691873,0.0998088857444783,0.370329447213194,0.2808651126960694
NVB,453641.023116573,5678985.3670939,1.9062556124325816,0.1309034651157168,0.3932931068974546,0.1940594999479416
NVB,453641.691512033,5678985.03477036,2.0149104619743494,0.0233260338097754,0.4502588065683215,0.0719032328059074
NVB,453642.44669667,5678984.66189643,2.2497583094461286,-0.0608793887936069,0.55169820482486,0.0673496146133158
NVB,453643.149697928,5678984.33199606,2.571752165901053,-0.1009605308878966,0.6018894188890426,-0.1366059597918392
NVB,453643.869773393,5678984.04214775,2.7197460369964293,-0.144844748471412,0.4931344228649413,-0.2233929181711511
NVB,453644.641947162,5678983.7237522,3.0592332480528848,-0.1517365398651958,0.4784038091489803,-0.2592793287691071
NVB,453645.396817909,5678983.40414493,3.2103697498477586,-0.11767860928032,0.4595013760607436,-0.2680333529648455
NVB,453646.047668313,5678983.11166932,3.355265831371381,-0.1259137733691803,0.4977502739900951,-0.132982595478946
NVB,453646.776666177,5678982.77637286,3.560235246160922,-0.0841270955872322,0.6011355633747343,-0.0814844183827112
NVB,453647.436243089,5678982.47174107,3.662194668612128,-0.0487954137108108,0.6198753816219165,-0.0229834695026491
NVB,453648.061050704,5678982.19242916,3.776957785618508,-0.0299943589283779,0.6744548349913381,0.0163165677639174
NVB,453648.894107853,5678981.82334239,3.622668657574178,0.0402501374801207,0.5601358509995578,-0.0028625853853768
NVB,453649.683616813,5678981.50060934,3.612593263462817,0.0893395083562192,0.5075679257615433,0.0500405479895665
NVB,453650.429669068,5678981.20869384,3.5889228677890155,0.1350025837412312,0.449156339118997,0.1308067743314739
NVB,453651.149685174,5678980.92883242,3.310234306580956,0.1952403941668297,0.4040132547124166,0.2586889992090798
NVB,453651.887128307,5678980.62909773,3.0381872137510264,0.2169113244460949,0.4334021483042073,0.3130290615545931
NVB,453652.720093649,5678980.27554675,2.935470082381014,0.2137761945332869,0.4511124984812045,0.2503344358025864
NVB,453653.457628115,5678979.96027572,2.861319432580114,0.1434850146322554,0.4707416045119007,0.1301269549081275
NVB,453654.169113376,5678979.65927825,2.718445538440767,0.083289599922628,0.4398088189532648,0.071200825169353
NVB,453655.687312006,5678979.05340461,2.581843432359451,-0.0480474240741259,0.3581209616590617,-0.098998977996744
NVB,453656.364171604,5678978.75331288,2.682278133475948,-0.0732787431936234,0.3944894954887085,-0.1630502800048299
NVB,453657.058510466,5678978.42447007,3.065139391720258,-0.1007101478647198,0.3789124754673709,-0.1661274377630994
NVB,453657.770152213,5678978.0968388,3.4278686464111097,-0.0686503824542592,0.4597757683896751,-0.1607102700716713
NVB,453658.516484712,5678977.75720423,3.57869688155045,0.0036104234305762,0.6367493689043862,-0.0826545881055221
NVB,453659.280250726,5678977.39658665,4.146106206902442,0.0504702596149887,0.7308895298863682,-0.0147456274360079
NVB,453660.017993669,5678977.04580372,4.42291573043028,0.1136021889342861,0.847649244482414,0.1109069572604055
NVB,453660.712417136,5678976.70253412,4.661909728039711,0.1614108769273142,0.8902951158709183,0.232438036269493
NVB,453661.398316433,5678976.33701895,4.739001530625659,0.1600377941117149,0.7439722947331205,0.2333304663695541
NVB,453662.110225599,5678975.96388845,4.5971397164914185,0.1646803835176788,0.702532681258036,0.2377241495966002
NVB,453662.908819222,5678975.56796298,4.1294451142273605,0.1615365745211555,0.5704875723520738,0.0843143380792809
NVB,453663.629056419,5678975.25036968,3.5361641085428466,0.1041660447640718,0.4584331026761969,0.0038072550710568
NVB,453664.349241309,5678974.94165413,3.027587143351088,0.050946717035212,0.4654132255466204,-0.0346765963970777
NVB,453665.017530382,5678974.62708427,2.790421158357714,-0.0408308821800654,0.6222625274291521,-0.0993867104511698
NVB,453665.651095966,5678974.33006625,2.798787472337429,-0.0978454412987133,0.6813507550405755,-0.0839281351342479
NVB,453666.345107498,5678974.05670902,2.813686538077733,-0.1374612194507089,0.6791379358007082,-0.0662682338742043
NVB,453667.065135431,5678973.7746267,2.8675384027669244,-0.2345964543078829,0.6499193085172004,-0.2876726562718041
NVB,453667.880587431,5678973.45537382,2.817857706134232,-0.3633665605326486,0.508203986694103,-0.5563299705627338
NVB,453668.626612108,5678973.16789551,2.667052673900295,-0.4229145283205115,0.48617176698031,-0.6683666702243859
NVB,453669.381265339,5678972.88490698,2.566037211757856,-0.4343620201387333,0.4347206680882315,-0.5443937036348033
NVB,453670.07525702,5678972.6148786,2.4234448397192616,-0.4333141479024482,0.3801117057557476,-0.4973126378764442
NVB,453670.821412138,5678972.30520553,2.2851526020824706,-0.3943186334366245,0.3071607009641744,-0.4613592292080536
NVB,453671.576535374,5678971.94231637,2.2449033517899752,-0.3436454819438335,0.2852812149081847,-0.2753559611090725
NVB,453672.227651567,5678971.60433976,2.258990435010632,-0.2744714069668608,0.3256144496511483,-0.2504668801360152
NVB,453672.913203788,5678971.29763918,2.198258150431145,-0.2623363676348359,0.3410409854637215,-0.2052638242713446
NVB,453673.616137249,5678970.97883338,2.11040761224852,-0.2537075024483027,0.3405762377267474,-0.2355101787917132
NVB,453674.319240425,5678970.6311746,2.0699484419017,-0.1739769377531061,0.3545784341546924,-0.2194856068572148
NVB,453675.005040608,5678970.28230418,2.0032332246091764,-0.1263485393502298,0.3695091617206054,-0.0588974325517055
NVB,453675.682107644,5678969.94669951,1.9855101932192067,-0.0879283829832321,0.3565358652169665,0.1167642815297204
NVB,453676.359194208,5678969.6077656,1.8590849552734712,-0.0712118070405012,0.3267698778061044,0.1425710144005716
NVB,453677.027606396,5678969.27210989,1.7580887534389054,-0.0144421373489021,0.3164243822196151,0.1717485484989367
NVB,453677.687220156,5678968.96081722,1.6529912584902295,0.0040470918292929,0.2963789693581514,0.1411782130085353
NVB,453678.381518069,5678968.6386309,1.7617635876527404,-0.0068958350936998,0.3738375046504341,0.0635589321982914
NVB,453679.084457595,5678968.3187149,2.00939540207357,0.0336981549864891,0.3951105101619517,0.0339360117924406
NVB,453679.735331582,5678968.0217976,2.283073455223748,0.0010465554098805,0.4239906519469839,-0.0948975167297205
NVB,453680.403475809,5678967.73164045,2.4085580066336725,0.015836289749233,0.6187608007906689,-0.1652008518229573
NVB,453681.097714738,5678967.41944144,2.4588247028034096,0.0035184816777245,0.660471467778576,-0.0954404012079067
NVB,453681.809308769,5678967.09957611,2.5767653292346973,-0.1138157577459789,0.6864451626312885,-0.047916830030708
NVB,453682.642081973,5678966.77820409,2.543896306455225,-0.1809911231835644,0.5805186875650071,-0.133585112448078
NVB,453683.440020763,5678966.49324934,2.77851551906612,-0.1757009560380104,0.4594609360446736,-0.2540736267508092
NVB,453684.142685696,5678966.21994146,2.864704705311071,-0.1447851558475049,0.3891449472621452,-0.2897239989050355
NVB,453684.958168842,5678965.89513818,2.836376408932852,-0.1491924799595462,0.5542147372159753,-0.2515965895287982
NVB,453685.695628828,5678965.59207116,2.9273810360119943,-0.1852778860148222,0.6665362661423219,-0.2002728144860721
NVB,453686.381101652,5678965.29868615,3.150984570468585,-0.1790115664189652,0.7511894172162138,-0.1105966614931899
NVB,453687.057965398,5678964.99748208,3.237031963420864,-0.1789819217189677,0.7889895467234996,-0.0505885895990944
NVB,453687.769493683,5678964.68871349,3.328830952953683,-0.1563341234340485,0.6260297640472877,-0.1314409420852521
NVB,453688.429034819,5678964.38962693,3.0169627623933697,-0.1609398360704175,0.4780600021777687,-0.1653395314259261
NVB,453689.15806827,5678964.0476682,2.6770904545975167,-0.1681964699655851,0.3923374280152261,-0.2167301003442726
NVB,453689.869759574,5678963.71115622,2.593775409749543,-0.1490864320882253,0.3400594598343754,-0.291672389036915
NVB,453690.59005985,5678963.38246319,2.7290679375217626,-0.1567871089964012,0.2898327136248312,-0.3942836955241514
NVB,453691.28415438,5678963.0946773,3.061179370640704,-0.1361105935462635,0.3361337404780812,-0.4782864152657891
NVB,453691.978294552,5678962.79912326,3.470715348445313,-0.1463626921578964,0.4754423592771823,-0.3997171890251998
NVB,453692.715930204,5678962.46609293,3.8550450675552166,-0.175580225199019,0.6826339391894028,-0.3442810566584895
NVB,453693.40153303,5678962.15051275,4.107151316633899,-0.1773626526413442,0.7493082175700984,-0.2126424480041494
NVB,453694.052445121,5678961.84693591,4.397163318284792,-0.1342641286325772,0.8617691655494301,-0.0862838484717272
NVB,453694.729445332,5678961.52242689,4.469731214512531,-0.1252509581932015,0.8947354909547031,-0.0952014209581654
NVB,453695.449529816,5678961.23035444,4.557292899791374,-0.0999216126503519,0.8565924049058623,-0.1449662304346776
NVB,453696.195611037,5678960.93288598,4.589592378182037,-0.103137865907959,0.862350878241384,-0.152737448195524
NVB,453696.924245703,5678960.65861994,4.649162116538015,-0.1152751925880182,0.8312224583375205,-0.0596411146120326
NVB,453697.748441188,5678960.3238787,4.591620638604676,-0.0742585448864626,0.8752038333202011,-0.071975358131574
NVB,453698.555235798,5678960.00457175,4.498387765022673,-0.0450368244737738,0.9482447391294758,-0.0252055282343928
NVB,453699.223293787,5678959.72883948,4.4960934527767655,-0.0357467741688611,0.9825304828063648,0.0129644188332312
NVB,453699.986899519,5678959.39485144,4.4215087509506255,-0.0213061249393641,1.1208797034088729,0.1700481997987449
NVB,453700.629149876,5678959.09233289,4.423857581187859,-0.101496969057595,1.049123066754036,0.0569688424715201
NVB,453701.19330542,5678958.82375779,4.286914471967514,-0.062737262915149,1.0227842188028946,-0.0906945036466148
NVB,453701.905067511,5678958.47503772,4.181930650338717,-0.0316899772603075,0.9176845802525764,-0.0738962285619411
NVB,453702.521523238,5678958.14351341,4.063197046635312,6.674829963869753e-05,0.7290635642005835,0.0016343408756624
NVB,453704.0406079,5678957.38559776,3.215309915354294,0.0363750030588668,0.3569224555497668,0.2333412983254056
NVB,453704.847623808,5678957.02855943,2.8605418977680714,0.1126687801084353,0.3971126950862063,0.2394772443239602
NVB,453705.602385085,5678956.72670207,2.751875103605425,0.156313218473914,0.4755776338797194,0.2254284222541977
NVB,453706.365827119,5678956.42045661,2.816678694830196,0.1466329996734682,0.4972055982511916,0.1007586467672806
NVB,453707.033930199,5678956.13695558,2.7864619245041435,0.0780102109420164,0.4703517762799067,-0.0162526709669169
NVB,453707.728056099,5678955.84361961,2.548835526294404,0.0411948074937632,0.3825265621104167,-0.1037049504279115
NVB,453708.396139505,5678955.56344766,2.51660186432978,0.0395801004749318,0.389666095564477,-0.208544038265212
NVB,453709.072858007,5678955.28665571,2.464267069754812,0.0151830645881926,0.4350689280306603,-0.2084726386004066
NVB,453709.775605845,5678954.99891909,2.5922332432046185,-0.0175124067936575,0.4907293082427419,-0.270935389023511
NVB,453710.565298767,5678954.64399786,2.815582176354598,-0.0488803834138969,0.5497954853650477,-0.3073428869699761
NVB,453711.285577753,5678954.31863213,2.8820177782281298,-0.1460168590631843,0.5592469274497021,-0.3127010778039996
NVB,453712.014511393,5678953.99331721,2.9351223438342324,-0.1772532020585325,0.6019589837366938,-0.3411033653460231
NVB,453712.830253063,5678953.62412194,2.917307542531232,-0.1753891512816296,0.5838111873453156,-0.2295924407167929
NVB,453713.637274703,5678953.26597299,2.947966100806443,-0.1605622067873202,0.629085321796276,-0.1404080524484646
NVB,453714.392433245,5678952.89642138,2.9759756063678715,-0.1666339686285108,0.5429146157893867,-0.0958222547989119
NVB,453715.069536215,5678952.55415497,2.9616820472340866,-0.1427453000256836,0.4306517447741169,0.1195923178512161
NVB,453715.711870233,5678952.23720874,2.710969711638266,-0.1282115895249716,0.4462323918589334,0.3395590863467305
NVB,453716.362937196,5678951.90699659,2.562896963055325,-0.0797960160759174,0.4595192320650817,0.4818894970638001
NVB,453717.100590345,5678951.5706348,2.4052555822529182,-0.0593898943873068,0.4294094339612623,0.4587933799188847
NVB,453717.838191239,5678951.24315077,2.2813419285334167,-0.0431164844455166,0.4159707365735621,0.3442397141865274
NVB,453718.567078651,5678950.92560335,2.2918647048506027,-0.0574817025261458,0.3753339361785637,0.2147853906676695
NVB,453719.313340654,5678950.59706033,2.2916626252393786,-0.102845340275891,0.358969132943554,0.1817658088383426
NVB,453720.059628687,5678950.26407833,2.303447247111931,-0.1826811779000456,0.3496782116206922,0.0842245947962579
NVB,453720.849320662,5678949.90915607,2.3187101267272774,-0.2627840614316865,0.3552798552593169,-0.0057492028213276
NVB,453721.586914717,5678949.58278142,2.4811724939634474,-0.3003736879877349,0.3398202407681925,-0.0883266347858885
NVB,453722.333006868,5678949.28309105,2.491505300414224,-0.3064505911266132,0.3448190703123364,-0.2277096319280065
NVB,453723.070424683,5678948.98667891,2.596920513418889,-0.2888127780349007,0.3795894334541327,-0.2745964794751555
NVB,453723.799161644,5678948.69465475,2.7626192121155837,-0.2422777543526637,0.4012685518119577,-0.2975456618020989
NVB,453724.510582614,5678948.40363851,3.0163660982816167,-0.16118966531941,0.4448957393348938,-0.2806746460845927
NVB,453725.308772361,5678948.07540015,3.0561843005473666,0.0011556962318096,0.5099944675396034,-0.167166005218465
NVB,453726.028945763,5678947.76778872,3.1344931985494164,0.0912921290436374,0.5301577555417493,0.0289431139742894
NVB,453726.757839034,5678947.44913081,3.288646700151668,0.1572143545803979,0.5731389072905073,0.2215787107975247
NVB,453727.391387007,5678947.15432732,3.3424278584757974,0.2185720427873601,0.5528472957328607,0.412808626372227
NVB,453728.077039255,5678946.82986632,3.2061149892029994,0.3313464305551907,0.448570000627483,0.6313862522737629
NVB,453728.771424418,5678946.49213939,3.3338428141101843,0.3553287739211287,0.5022055277183569,0.6985886005987044
NVB,453729.457167858,5678946.15214207,3.4746555096392377,0.3913707190490947,0.6149515740237234,0.6025738463650869
NVB,453730.221018796,5678945.77598145,3.4693502428437704,0.3522637215687461,0.7711289907333114,0.4264233222526536
NVB,453730.941217876,5678945.46393067,3.302702144649751,0.3125426906382709,0.8198715543169999,0.3498122511554456
NVB,453731.696055274,5678945.14875408,3.0298662694048386,0.2502524665448071,0.7231900321257989,0.2468876237592874
NVB,453732.433694076,5678944.81461032,2.573106898146748,0.1484797902365696,0.5480521224066203,0.2156247033433386
NVB,453733.1366814,5678944.48581169,2.3561290994906927,0.0860959917200641,0.4598122147929496,0.1451171695879881
NVB,453733.804886821,5678944.18455276,2.116375726882848,0.0688339748044016,0.3546361340832317,0.0492628323078372
NVB,453734.481779499,5678943.87779599,1.8533377780567848,-0.0033153563049482,0.2899530844815742,-0.1086194375384221
NVB,453735.149965255,5678943.57986613,1.785715588330732,-0.0226894708054374,0.2816367960805039,-0.2014747900848197
NVB,453735.861359251,5678943.29328778,1.7276412961318712,-0.018788053302268,0.2789847433195626,-0.1547628266550077
NVB,453736.633394782,5678942.99707781,1.6036347071427737,-0.0861330915670039,0.2729484828154493,-0.0807011269663982
NVB,453737.396866846,5678942.68528072,1.5499851384566872,-0.1179505936096971,0.286354397812798,-0.1470760392073796
NVB,453738.108351969,5678942.38316598,1.56841210072993,-0.1511285893618562,0.2810639837353167,-0.140447802480277
NVB,453738.845918502,5678942.06122863,1.5629654827461437,-0.1188323363172523,0.2940398141325056,-0.1903920868917494
NVB,453739.600794375,5678941.73939292,1.5978302650384082,-0.1008859043789072,0.2939774816546268,-0.2397287378267384
NVB,453740.295048171,5678941.42385954,1.7114027891902053,-0.0969905282933329,0.3340546510782031,-0.1990998863522623
NVB,453741.04138659,5678941.08199774,1.794118161628275,-0.0918572130014237,0.4071477072682384,-0.060622618108584
NVB,453741.744471017,5678940.73655243,1.9816031575049589,-0.0942273734759043,0.3927823551296703,0.0602445536795489
NVB,453742.38720723,5678940.35080089,2.0995920720485963,-0.0768965615227492,0.4028365801438502,-0.1056721368915038
NVB,453743.064581725,5678939.96192351,2.121594721110676,-0.0632049652023754,0.4345780964106229,-0.0473068729410176
NVB,453743.810939444,5678939.61673227,2.2110105739447725,-0.0539438452492299,0.4839729809248142,-0.0163639938776375
NVB,453744.574632566,5678939.26720374,2.330176538322353,-0.037853226154131,0.5495926634280014,-0.085472818694973
NVB,453745.355458978,5678938.94773948,2.416409570352893,-0.0326989202500275,0.6010209875958836,-0.1213684007311026
NVB,453746.153568634,5678938.63281575,2.5980140721781857,-0.0083153004666796,0.6654554631580228,-0.0599295111516684
NVB,453746.925609831,5678938.33549505,2.5593956704621785,0.002760166940929,0.7233591659285381,0.0497063587367305
NVB,453747.602345014,5678938.05537063,2.621635080025318,-0.0016400947113899,0.6817924054702268,0.1045694482195237
NVB,453748.287767445,5678937.76974836,2.701088454147828,-0.0016650913188003,0.5730116451672912,0.0302487860286423
NVB,453749.059678083,5678937.49462201,2.6149459193733917,0.0039799088714536,0.5313747085458627,-0.0007138925729901
NVB,453749.779627916,5678937.22473918,2.518651532452456,-0.0056409495650477,0.4801957687502741,-0.0185873722407174
NVB,453750.500060107,5678936.87273641,2.3660596759773838,-0.0301509463887122,0.4348892978028114,-0.1133684567515318
NVB,453751.151059123,5678936.55361868,2.1387251316754567,-0.0290638562344842,0.3827060568377378,-0.1454653084660575
NVB,453751.871497708,5678936.20050605,1.954364172786867,-0.0491973434110751,0.3570308072961403,-0.138109421574939
NVB,453753.537566153,5678935.46674948,1.5729273258055354,-0.0505876805636203,0.2849720282309095,-0.1067711178335821
NVB,453754.240669074,5678935.11797387,1.55895972826801,-0.0608371104382457,0.2599112201516628,-0.0433864169125709
NVB,453754.95248529,5678934.75926149,1.6286355070677114,-0.0163683523598983,0.248539262110046,-0.0547965642353399
NVB,453755.690043886,5678934.4384323,1.7897083559179383,0.0334859446535194,0.2860218309306561,-0.0849496284550786
NVB,453756.418986842,5678934.11089384,1.871493471773716,-0.0074623002782085,0.2997800047777183,-0.0321623601274233
NVB,453757.139314157,5678933.77664611,2.0463299703535816,-0.0084964993440869,0.3281299896860649,-0.0347253464894082
NVB,453757.833677339,5678933.44224581,2.2370935754922905,-0.0262547867085041,0.3931365542562043,-0.0646906151169098
NVB,453758.536682117,5678933.11011574,2.6047771549130943,-0.0666510889274995,0.4613033508331642,0.0001123394405785
NVB,453759.213631519,5678932.79336931,2.8542228832269223,-0.0856839979176439,0.5402148419475983,-0.1223971299006782
NVB,453759.916590555,5678932.46900722,2.8125755790264164,-0.0837310099126203,0.5745345472501474,-0.1878280341870041
NVB,453760.697376545,5678932.15619981,2.8528046093810118,-0.0922256288501324,0.5895515546283912,-0.2396632581925956
NVB,453761.452068061,5678931.8654344,2.905693941075568,-0.1172664063231571,0.5910043963813374,-0.1867005990186927
NVB,453762.198372044,5678931.52911925,2.851428168886042,-0.1021045579743784,0.5954317176488011,-0.1199770308131334
NVB,453762.927334007,5678931.198251,2.794992208888917,-0.0296141101752466,0.5186141609013938,-0.1278425507220269
NVB,453763.664931041,5678930.87076271,2.6041180980949665,0.0071924342218433,0.5421828101390944,-0.0833999103555776
NVB,453764.402677908,5678930.51775059,2.483380623622748,-0.0072240241512373,0.6015664148771643,-0.1008535047020056
NVB,453765.105649552,5678930.19116858,2.3946172481032533,-0.0327694502047775,0.585884843169864,-0.059688616113618
NVB,453765.834506995,5678929.87805572,2.322291952580944,-0.0802009758391851,0.4980172451545395,0.0046688204509863
NVB,453766.554703176,5678929.56600169,2.162821599352804,-0.1357125099146569,0.4261906162906687,0.0945862361823165
NVB,453767.29240417,5678929.22075741,2.00891555768319,-0.1007550423461976,0.3640850208386247,0.0847160750107961
NVB,453768.038733716,5678928.88000279,1.8463269719254936,-0.1245211586501361,0.333416030168894,0.0125145294917333
NVB,453768.77634335,5678928.55029456,1.698086354918883,-0.138299817099231,0.2898899997638687,0.0615705554402172
NVB,453769.600623566,5678928.20000964,1.776386573718694,-0.1375740769080778,0.287054398805639,0.0251525600034547
NVB,453770.381493449,5678927.87277482,1.8583759500415709,-0.1308276018844523,0.27717380735994,0.0840050751276715
NVB,453771.170952787,5678927.55668802,1.898186007040799,-0.115169525623321,0.313235174404831,0.1232712323735003
NVB,453771.925728175,5678927.25149515,1.9197413798488077,-0.0820906855154886,0.3268722150449462,0.0949788715695446
NVB,453772.697845441,5678926.9408552,2.002055351057688,-0.0767394831645024,0.3346047048533691,0.0403168963968459
NVB,453773.443972542,5678926.63450164,2.1352562869219183,-0.033375940232823,0.3469967371744598,0.0067925165496513
NVB,453774.146754502,5678926.34010094,2.3465254229657333,-0.0072022131154923,0.3670252618690062,-0.0390557861497015
NVB,453774.884383181,5678926.00706295,2.5119797182574626,-0.0420370846913126,0.3982762057425145,-0.1023239205610861
NVB,453775.604721982,5678925.67059409,2.544696184776111,-0.04938493750992,0.4801058178357653,-0.1735938013257669
NVB,453776.316575443,5678925.30522141,2.622389212412361,-0.0937261949491815,0.583225479312151,-0.1367201594948211
NVB,453777.071767392,5678924.92900546,2.6078105296791825,-0.1150328814224179,0.5760085836079031,-0.1016642139790192
NVB,453777.948307203,5678924.52242842,2.4382056578992795,-0.1257673328101218,0.5411422495864886,-0.1954604809191212
NVB,453778.712016855,5678924.16956741,2.3884122438522786,-0.1248809964759526,0.4845679090474084,-0.1930828484035487
NVB,453779.475719924,5678923.81781606,2.479070291468558,-0.1017566449903524,0.5034032332355739,-0.1404674767598105
NVB,453780.291507353,5678923.43973601,2.574439892648376,-0.1333550898948918,0.507581369251422,-0.1362176361154693
NVB,453781.037900923,5678923.08788289,2.794617765629373,-0.1314481322343337,0.5698453160489855,-0.0945556336556587
NVB,453781.688891021,5678922.76987237,2.826345584950904,-0.1500706570965197,0.6854303496376168,-0.0938760334519697
NVB,453782.39193942,5678922.42997209,2.643664498132174,-0.1314886764486613,0.5958562203624191,-0.2296841062837304
NVB,453783.129534801,5678922.10248198,2.5797110180393883,-0.135183224429251,0.4639449960576279,-0.4137988214736242
NVB,453783.901937746,5678921.74301291,2.352094009141592,-0.1422605488478845,0.4376671266061419,-0.3715437686165274
NVB,453784.822206221,5678921.25900817,2.1750838039007343,-0.1753054814311944,0.3269551381811442,-0.3242236808483427
NVB,453785.612204975,5678920.85081251,2.022117395374046,-0.1873634455627887,0.3257372152770449,-0.3119260723715217
NVB,453786.445366284,5678920.46173616,1.9209103879584295,-0.1531000728068999,0.2994183574202714,-0.1999590550965962
NVB,453787.251912095,5678920.18348011,1.8317342156469172,-0.1235656890975347,0.3299833455779337,-0.2423260829566957
NVB,453788.006399524,5678919.92711374,1.8362161886104928,-0.1109279711127129,0.3759325675853401,-0.1960851975292368
NVB,453788.769535062,5678919.67190783,1.857488130964235,-0.1028767009861463,0.4674128157337713,-0.1499242081406359
NVB,453789.541488066,5678919.38900944,1.9750802738645576,-0.0725673071727583,0.4691048233318461,-0.0817679090538128
NVB,453790.270245809,5678919.09254025,1.9915609901436016,-0.0620727914812131,0.4843675521523751,-0.240893579147379
NVB,453791.033791537,5678918.76742125,1.8595405798636504,-0.0415780522896215,0.4496031819285953,-0.2508511697858308
NVB,453791.745383109,5678918.44643631,1.750910224088806,-0.0327936444542807,0.3871684120658785,-0.1401391339861552
NVB,453792.387704681,5678918.13059357,1.731411020623432,-0.0348112505715865,0.3673732632668873,-0.1094131708142348
NVB,453793.073403772,5678917.79724912,1.7727472153859352,-0.0498299350686509,0.337485054547213,-0.0332628687464952
NVB,453793.802389186,5678917.46193912,1.8099356407247564,-0.0462166781147947,0.3410866190219951,0.0731326534053504
NVB,453794.548670852,5678917.1289501,1.9190424360007543,-0.0687248838310274,0.3670898754302149,0.0105806694890141
NVB,453795.303483383,5678916.81709663,1.96373802951384,-0.0499871126486786,0.3826569297482227,-0.0980351387023593
NVB,453796.066950525,5678916.50529389,2.1739178387607083,-0.0537614943925039,0.3945036311543162,-0.0605345535547496
NVB,453796.787098666,5678916.2010052,2.201185407786253,-0.0377107167576534,0.4082695610818683,0.0515062250338116
NVB,453797.472615048,5678915.89873275,2.2976847675587524,-0.0202767499888758,0.415629316889017,0.1006717079567943
NVB,453798.149535319,5678915.5864219,2.7687901516334046,-0.0240776157692645,0.3988643514916297,0.0684175559007644
NVB,453798.861334701,5678915.22992502,3.085902970660518,-0.0104625943751895,0.4148439699880316,0.029145088658644
NVB,453799.512284341,5678914.91857141,3.279174077354872,-0.0008320027694115,0.5434959500867369,-0.0071430326845052
NVB,453800.180386974,5678914.6339528,3.405833754865336,-0.0680041205384913,0.7375567524945503,0.0276375970495327
NVB,453800.805138073,5678914.36239693,3.545059092018632,-0.0687381143982996,0.7288095743011194,-0.00290620787214
NVB,453801.560008691,5678914.04055531,3.761532203192546,-0.0718863186816336,0.663671263097147,-0.05272019609342
NVB,453802.392914512,5678913.69475667,3.786919909303605,-0.044649946302865,0.4588548729351252,-0.0298539922404298
NVB,453803.14763523,5678913.39843865,3.3662116137301066,-0.0137811272075637,0.4932611101826951,0.0196372169503349
NVB,453803.885027023,5678913.10534817,2.882456038761526,-0.0031340588154785,0.4582082619061861,0.137902568564228
NVB,453804.648532523,5678912.78688623,2.670235417377969,0.0117519238597254,0.4985430847468242,0.1405464031334826
NVB,453805.403617709,5678912.42842322,2.51842474454708,0.0406181270224754,0.5497063127673697,0.1424031356251867
NVB,453806.141328376,5678912.08095586,2.2447124665793274,0.0082430922941094,0.5096176983419108,0.0639218199886684
NVB,453806.835609386,5678911.759868,2.000388246763043,-0.0119590496515156,0.460881369564079,0.0483485530023394
NVB,453807.521170562,5678911.44982659,1.8341076785049768,-0.0652325232951527,0.3876865644409213,-0.0008104192646738
NVB,453808.224014969,5678911.14432558,1.9471110588617573,-0.1063206206059399,0.3083397412295263,-0.0727900412346308
NVB,453808.900901841,5678910.83756244,2.040339712191212,-0.1727042058991899,0.2898543158961644,-0.1987436421897377
NVB,453809.595202157,5678910.51314516,2.1884260585914523,-0.1663461001904724,0.301944445533959,-0.2332837954341129
NVB,453810.280802181,5678910.19644513,2.341627534903727,-0.1505959337304402,0.3932105826749164,-0.2484545275197453
NVB,453810.975069831,5678909.87757637,2.4470214375630683,-0.1189842431483493,0.4880293386858799,-0.1224139300409627
NVB,453811.730095845,5678909.52910031,2.4606811942112925,-0.1328944951893975,0.5050052874417333,-0.0726315651414354
NVB,453812.493763433,5678909.18289441,2.392260899213801,-0.1321682150912858,0.5172569417851637,-0.0269005050254344
NVB,453813.283349367,5678908.84460885,2.304445220260882,-0.0841797454988401,0.4981648402931981,-0.0060219335461276
NVB,453814.125051992,5678908.47444574,2.169647353207201,-0.0828397424028911,0.4983603748609341,-0.084533842630164
NVB,453814.888628233,5678908.1437758,2.039345977944067,-0.1309760066162179,0.3963238615497758,-0.0901868829675427
NVB,453816.199010393,5678907.54996959,1.9783396101193675,-0.1011418980046424,0.4285387705554065,-0.2276496322068072
NVB,453816.867268015,5678907.23871609,2.017790945758582,-0.084069723442277,0.3885550304281784,-0.2543481795733714
NVB,453817.544180247,5678906.92751331,2.0336594787048403,-0.0838176382260699,0.42176694640976,-0.2694387767004871
NVB,453818.195043817,5678906.63058463,2.0291193327389494,-0.0843912819650753,0.417259064743936,-0.1762804574508894
NVB,453818.889297806,5678906.31393463,1.978402950891004,-0.07595404533888,0.4136588096821528,-0.2050714201221667
NVB,453819.592160831,5678906.00510343,1.8793785258516955,-0.0569251722617262,0.4574041988264519,-0.1988489913765412
NVB,453820.312268023,5678905.70747097,1.9157570451305217,-0.030939963539327,0.4778432013735003,-0.1194737895920947
NVB,453821.153742158,5678905.37614759,1.9072442813281896,-0.0272777276673211,0.418235537825774,-0.0925234226346797
NVB,453821.943119036,5678905.07337246,1.9237298396883729,-0.0282431352121913,0.406703809420673,-0.0641631328851546
NVB,453822.61110935,5678904.80761733,1.9398108027132823,0.0009812037754657,0.3664042823662518,-0.0630258584431129
NVB,453823.435306517,5678904.47064354,2.1109541935986345,0.0291505733131027,0.3524816520663963,-0.0886120251635394
NVB,453824.172898467,5678904.1431496,2.191053395188607,-0.0036154324822018,0.3624241066472221,-0.1043661190493233
NVB,453824.841311688,5678903.80526196,2.283517033175452,-0.0417553358645198,0.4100069008740042,-0.2108207581325086
NVB,453825.475073685,5678903.47271987,2.291586892999084,-0.0763257672314223,0.4572561667982093,-0.1234627529093381
NVB,453826.143519332,5678903.12928348,2.404867747381953,-0.146548304262649,0.5745205536482458,-0.188879623466303
NVB,453826.933344868,5678902.74993662,2.432194075312428,-0.1865475634649618,0.5594174995055927,-0.2755491076190166
NVB,453827.566885407,5678902.45512511,2.3724452585839098,-0.1958814043464797,0.4874881820215628,-0.3122089673576287
NVB,453828.382759373,5678902.06150392,2.321234336465646,-0.197485304179635,0.3871140451620374,-0.2941983853568218
NVB,453829.025026044,5678901.75453604,2.371894868822784,-0.207806421588264,0.3458980895542342,-0.3262218049831911
NVB,453829.771337236,5678901.41599506,2.568302035902231,-0.1748969000873924,0.4267434663752842,-0.2363515976950515
NVB,453830.404786449,5678901.13671951,2.713965874783154,-0.1533300641873562,0.4193892725780099,-0.2511439122494132
NVB,453831.072912796,5678900.84765938,2.801278788615907,-0.139002380447984,0.4964500534826518,-0.1953603482608059
NVB,453831.853790362,5678900.51819904,2.793652257294414,-0.1470019463246511,0.5755725970044154,-0.2427227314956654
NVB,453832.461099768,5678900.26873372,2.9344044764815456,-0.1671676645326354,0.5405649023283573,-0.2826049116165704
NVB,453833.259019711,5678899.9848736,2.9210062605898592,-0.1983033680009517,0.4935475751524592,-0.2907501274407525
NVB,453834.039688861,5678899.69092434,2.899811737554769,-0.1963057467771858,0.4623297771749088,-0.2629345077416483
NVB,453834.803074678,5678899.39243459,2.8713791754500155,-0.2093429427899304,0.3696043512787732,-0.3566299044713972
NVB,453835.488477479,5678899.10902422,2.875032941684159,-0.2214007969516211,0.4955015414391676,-0.3162728836729493
NVB,453836.174068934,5678898.79343168,2.83211364236265,-0.1879255220420373,0.5517505677856803,-0.2363052715788021
NVB,453836.937923084,5678898.41504131,2.816352596903668,-0.1711768541034923,0.6124411821498217,-0.1874873651767077
NVB,453837.6236836,5678898.07059572,2.901455775881757,-0.1662582056600954,0.672494068967964,-0.1811465723911663
NVB,453838.292069687,5678897.73714586,2.8776866138197685,-0.1595059105169299,0.6829716574864402,-0.1849287045626059
NVB,453838.977888643,5678897.38271259,2.626802589815764,-0.136658762119684,0.6746364469133025,-0.0827603263449129
NVB,453839.62899785,5678897.04361248,2.5261803698297016,-0.1228361777094955,0.6680582007342036,-0.2645284480784035
NVB,453840.253999913,5678896.72877411,2.412929056768521,-0.1239239184485424,0.6415579503382394,-0.267261855803827
NVB,453840.939636512,5678896.40541306,2.3979349026312176,-0.120252159917031,0.600457272656757,-0.1885278552723966
NVB,453841.720610809,5678896.05930583,2.3632196842554003,-0.1290550789270508,0.5737194293428389,-0.1965310598290492
NVB,453842.336665281,5678895.79435431,2.367451740638048,-0.1132663583622217,0.5933946423323598,-0.1599341142751474
NVB,453843.126255064,5678895.45495604,2.2489984252112785,-0.134766983186792,0.5169398774121932,-0.138128215408239
NVB,453843.829142168,5678895.14168378,2.220882142264213,-0.1421472235463964,0.5267129679645649,-0.1639775103080529
NVB,453844.48857382,5678894.85923014,2.270250612815869,-0.1247121337112603,0.5510615514362388,-0.2154795399415971
NVB,453845.173767683,5678894.61133023,2.3149826614796103,-0.150587732752543,0.5292092918212739,-0.1773792661520807
NVB,453845.885042541,5678894.34360737,2.3699897060339232,-0.1634291816259345,0.5105629888282162,-0.0774793956473332
NVB,453846.683078487,5678894.03977078,2.459620017993433,-0.1483874521522642,0.4847701400501896,-0.0694800362697643
NVB,453847.403092456,5678893.75767206,2.443918610144267,-0.1411614384323614,0.4564631062619708,-0.0562412284577821
NVB,453848.114445224,5678893.47663226,2.3983596497995774,-0.1441711730263795,0.4703009166524748,-0.0554158920521078
NVB,453848.869305351,5678893.15589586,2.3961563185106107,-0.1495300094938339,0.4287332841014779,-0.0250677448399724
NVB,453849.572263575,5678892.83041608,2.365857574701772,-0.1023783487808615,0.3609607975999407,0.0433102301486103
NVB,453850.154043722,5678892.50644543,2.4370837910250263,-0.0775050494139379,0.3536909824213872,0.0519428916540097
NVB,453850.735901881,5678892.169158,2.562741925005598,-0.0772545583217911,0.3879638393773131,0.0342455459988223
NVB,453851.335075778,5678891.83086227,2.658517494459925,-0.0471064666968672,0.4782668509046155,0.1123742954935516
NVB,453852.020691971,5678891.51082944,2.6735494091605214,-0.0678706544048899,0.5797196560242621,0.0822792787566701
NVB,453852.732200481,5678891.20315576,2.718312371900006,-0.0425606553812802,0.5707906091193983,0.0583819563338672
NVB,453853.4783275,5678890.89568493,2.610351413636537,-0.0131334038120104,0.5411475288579041,0.0302267701962224
NVB,453854.1984385,5678890.59693966,2.3768092987850573,0.0126044506972272,0.4002582498980821,-0.0300225640747671
NVB,453854.979314057,5678890.26747704,2.3479027897846394,0.0200052145232933,0.3096876631347467,-0.0317455906975518
NVB,453855.708079579,5678889.96878237,2.452144350281234,0.0109911704930185,0.3335401095708853,0.0505895502525741
NVB,453856.402109411,5678889.68985983,2.505121839291576,0.0334713569792087,0.5267986112586126,0.0217235868476701
NVB,453857.104832857,5678889.40432958,2.696124831514352,0.0650454384646852,0.5943448202660853,-0.0784533244295904
NVB,453857.816249916,5678889.11219163,2.854117093701084,0.06530338220289,0.6788667991600782,-0.0744471823165183
NVB,453858.510351139,5678888.8210619,2.9439780786125014,0.0816214676618677,0.6326882109031627,-0.0171957490890986
NVB,453859.161179116,5678888.52967849,3.084837020141747,0.0256691757088249,0.5586482774246613,0.0904028958313555
NVB,453859.803137778,5678888.27486533,3.236606890066106,0.0225163671883716,0.6316404925870283,0.1217039304063108
NVB,453860.453770549,5678888.01677366,3.328441592036145,-0.0242158943675977,0.643970755004501,0.0415631788933568
NVB,453861.147969126,5678887.70899777,3.36955582436004,-0.0574769782263063,0.8216063290909663,-0.0126889289159037
NVB,453861.963683769,5678887.34200659,3.454787204359669,-0.1156191386208394,0.8983093303505908,-0.0920505533702524
NVB,453862.718750837,5678886.98575758,3.484901044720848,-0.1085637281884617,0.8433593156858443,-0.1129383824474833
NVB,453863.49120515,5678886.61629319,3.5774901058935447,-0.1070340880891236,0.6691588898900165,-0.1422687991568121
NVB,453864.229021334,5678886.24995504,3.571558229935656,-0.0672129388843407,0.6483487180702386,-0.0887379863794546
NVB,453864.845451438,5678885.92063754,3.551582298500673,-0.0665913233103157,0.6779686903733176,-0.0384730910664087
NVB,453865.470555637,5678885.58804153,3.5396796971082862,-0.0866591938616577,0.6734296098325657,-0.1023263235738525
NVB,453866.104125835,5678885.28767829,3.673526439696607,-0.0703741681236384,0.6472792415826256,-0.0475434932898354
NVB,453866.763685901,5678884.98302824,3.806885194338442,-0.0773524506933784,0.6541255045225279,-0.025311836135072
NVB,453867.449281346,5678884.66632326,3.6761278890554503,-0.0904466323225085,0.6615511165822047,-0.0102931420857564
NVB,453868.12614407,5678884.36288425,3.7183701038275303,-0.080713702936312,0.742934336392575,-0.0302088668707974
NVB,453868.802974233,5678884.06499382,3.638503152068092,-0.0654803616685586,0.779933021293457,-0.0418148516018824
NVB,453869.488335427,5678883.78823888,3.618206745790085,-0.0351702960705535,0.8125438023182486,-0.0161799431017532
NVB,453870.173657561,5678883.51814224,3.650054598955024,-0.0164229423504722,0.7893660542794254,0.0194616492498636
NVB,453870.936968876,5678883.23185602,3.634815409480632,-0.0200523739490909,0.7160110782665039,0.00209752104651
NVB,453871.656889933,5678882.96529128,3.499579843769461,-0.0346860755634619,0.737394165002308,0.0433237161999931
NVB,453872.221066571,5678882.69115535,3.5822737807170357,-0.0265338905889448,0.8502628620415217,0.0296036390314649
NVB,453872.845988141,5678882.38963114,3.722253481292349,-0.0224876714497235,0.8584650348146758,-0.0551843034347862
NVB,453873.45363291,5678882.08245682,3.8974603329927104,0.0010614335943435,0.9106251876498568,-0.1444626795397942
NVB,453874.087222018,5678881.77876376,4.021955700061833,0.0202033958553764,0.9942138367452084,-0.1307173994478931
NVB,453874.781569041,5678881.44546294,4.215759763085786,-0.0156950160490246,0.946879288446712,-0.0295937365380183
NVB,453875.432304765,5678881.16961439,3.7767994183907634,-0.0491022258269184,0.8620357024380199,-0.0529726224850298
NVB,453876.100421225,5678880.88166018,3.66914668648359,-0.0802666490267954,0.8584314798651175,-0.0598665457074595
NVB,453876.786093948,5678880.55163766,3.620587078187123,-0.1121817300779779,0.6770146024141674,-0.1222632659753017
NVB,453877.445711705,5678880.23699916,3.3689929448170712,-0.1142953272382967,0.6485957071418145,-0.192138530638497
NVB,453878.096681278,5678879.92120018,3.1353381471942496,-0.1135274127877028,0.5275508443275596,-0.2496387420059672
NVB,453878.730380551,5678879.59864138,2.8510300094929963,-0.1305756503644639,0.3743642687665247,-0.1579519623597091
NVB,453879.355399137,5678879.28047073,2.835070833805898,-0.1234494967250763,0.386784964910508,-0.1260996799562388
NVB,453880.049940738,5678878.9138776,2.897300819952675,-0.0795828229360586,0.4008835887294643,-0.0852294815114844
NVB,453880.718303865,5678878.58375334,3.1307571267970395,-0.0334629437321373,0.5414892533454222,-0.0187915229950879
NVB,453881.394931518,5678878.3202634,3.3183851810405107,-0.0026189243287572,0.6028762629238567,0.0772462931930587
NVB,453882.106177633,5678878.0569762,3.365632280829029,-0.0184709846131378,0.61596941388159,-0.0132446589250879
NVB,453882.851957699,5678877.80831818,3.397024786154868,-0.0243446323119173,0.6056530747957491,-0.0031944218214065
NVB,453883.61503397,5678877.56198095,3.420689711083239,-0.032137997609334,0.5170414605565528,-0.0507722248524316
NVB,453884.352120314,5678877.31993046,3.860493906260603,-0.0498209045455572,0.4006311457848154,-0.0546249407661271
NVB,453885.115209489,5678877.07137362,4.164303406101165,-0.0532065588255248,0.3851294045241304,-0.0555210654291933
NVB,453885.843686612,5678876.8215042,4.56964442109457,-0.0818082718080529,0.5138438750330871,-0.0032003666364631
NVB,453886.520268434,5678876.56578192,4.856651801704906,-0.090601851968328,0.743988988961075,-0.0752536584693166
NVB,453887.214321965,5678876.28241777,5.150731995506674,-0.0806938531646406,1.0829478248911322,-0.0664270078495013
NVB,453887.969191809,5678875.95945819,5.574790587315562,-0.0664298018509421,1.2161364088357998,0.1151997890267241
NVB,453888.637437348,5678875.64930836,5.763724108625099,-0.0381785012405068,1.15342885633622,0.0909354394727232
NVB,453889.279666968,5678875.34788423,5.514767063987441,-0.0426384301662481,1.026919550458478,0.0850235333251073
NVB,453889.965332142,5678875.0189703,5.021241740315224,-0.0265210646232418,0.8244173382942694,0.0271167909035398
NVB,453890.624981396,5678874.69878206,4.727315878620668,-0.0087848057739218,0.775137238309772,0.0573978711093912
NVB,453891.276047463,5678874.36633608,4.587450209466978,0.0346134042728671,0.7740232558182889,0.0472214091657245
NVB,453891.953161835,5678874.01961564,4.777491317657682,-0.0034941920852741,0.8000332772242943,0.0101935206375809
NVB,453892.664953125,5678873.66311033,4.659342376221408,0.0003749707991038,0.8349174180024831,0.0296083475611893
NVB,453893.37669236,5678873.31548278,4.541579963928584,0.012374024347684,0.8350738815876452,0.090913636142907
NVB,453894.088399037,5678872.97340381,4.406219339162296,0.0221026461149762,0.8592898751597303,0.0191191912645263
NVB,453894.81744739,5678872.6258775,4.245103040266268,0.0400736178453051,0.8425058493550412,0.1335166744325469
NVB,453895.529056457,5678872.30044432,4.152244455946307,0.0329015105658141,0.7828259137087474,0.091514818173534
NVB,453896.266635828,5678871.9740534,4.096099047097506,0.0256392164178632,0.7307091549038499,0.0580097029779635
NVB,453896.94346383,5678871.67616056,3.787664800084427,0.0169774040726581,0.6324505076995776,0.1288829795429669
NVB,453897.576901711,5678871.39798937,3.541099004433925,0.0145376463729963,0.6968694470347724,0.1219499892516842
NVB,453898.227655285,5678871.11880976,3.373320552936915,-0.0127061913990709,0.6317535447559041,0.138782601129683
NVB,453898.921629921,5678870.84876131,3.3291910363879373,-0.0319461969092714,0.6032114471458269,0.0625578396912937
NVB,453899.624278622,5678870.5754343,3.125528522648576,-0.0109811401306538,0.5362838312528138,0.0251953489580278
NVB,453900.30963103,5678870.29978642,2.8436823626356618,-0.0058588616243648,0.4892580514254744,-0.0113825793608354
NVB,453901.029783806,5678869.9932688,2.6773639892645966,-0.0519907639852611,0.4314199873487138,-0.0507843693066608
NVB,453901.749975517,5678869.68009274,2.671078239978635,-0.0666762283914588,0.3752135369767347,-0.1071749454317282
NVB,453902.487788295,5678869.31375103,2.955221778680243,-0.0669706723995983,0.3602279602270268,-0.0701707158905162
NVB,453903.138918385,5678868.97020679,3.1678331055358004,-0.058818668611729,0.4154899041293969,-0.1586786760803426
NVB,453903.755423453,5678868.62756953,3.1156228632867378,-0.1080377514464831,0.4996658689800676,-0.0763986777581786
NVB,453904.389289678,5678868.27615574,3.105182702360405,-0.1073722278110364,0.6049428312149661,-0.1546760164277242
NVB,453905.023038893,5678867.944717,3.134067419640356,-0.1046007971065549,0.6248402350684724,-0.1450475450990511
NVB,453905.699892204,5678867.64238451,3.2056833624742618,-0.100416664620728,0.610967012393157,-0.1153694344796374
NVB,453906.402748287,5678867.3335456,3.234474742098103,-0.046949286891051,0.5007652570206752,-0.1673010353168645
NVB,453907.201077959,5678866.97865542,3.023822649641983,-0.0438296021280563,0.4878067764765552,-0.0751512087420587
NVB,453907.921262644,5678866.66658853,2.9454658508154736,-0.041257487790829,0.5664033180838401,-0.0016379439528551
NVB,453908.615444447,5678866.36102794,2.940886730841425,-0.0041857885964183,0.5098992503418859,0.0531111515845801
NVB,453909.326850962,5678866.06999509,2.9739391561043225,0.0014926086859934,0.509341175482054,0.0366949894406549
NVB,453910.020798777,5678865.80438458,3.009219915975325,-0.0380490648396867,0.5569682956930941,0.0087966504394314
NVB,453910.688633277,5678865.56414576,2.9544275046098414,-0.0482712711917903,0.5486761578546866,-0.1325600271567495
NVB,453911.356721102,5678865.28062749,2.9749895047914303,-0.0713405718164875,0.5949250116924918,-0.2088167138301326
NVB,453912.07718481,5678864.92084192,2.8961407958356635,-0.122674555022577,0.6213710958250622,-0.2072380890065224
NVB,453912.70242823,5678864.56382816,3.0998739750729265,-0.1459861779156605,0.5777886301131463,-0.2203287290205437
NVB,453913.284560942,5678864.17881784,3.279831176352297,-0.152951830073762,0.5794476598398215,-0.1800821366414046
NVB,453913.857681694,5678863.85479185,3.230093571431407,-0.1359163464097381,0.5774733649790977,-0.2685425974867609
NVB,453914.57798275,5678863.52274925,3.159080228437486,-0.1296467583802647,0.6392015501688342,-0.2112373237945415
NVB,453915.359093382,5678863.15222073,2.9885330960763903,-0.1305573060719393,0.5613829069969051,-0.1021123219907869
NVB,453916.044717409,5678862.82996291,2.7134497152044483,-0.1162930819543366,0.4760169999151373,-0.2060440673311823
NVB,453916.686931917,5678862.53075602,2.4676302317720307,-0.1184563927128759,0.4237547301961022,-0.141947723086744
NVB,453917.363797293,5678862.22620307,2.339271186828619,-0.1058614785805366,0.4016231696496016,-0.0527417657667905
NVB,453918.092674713,5678861.90752754,2.163898307013437,-0.0798654873036643,0.4250586212959173,-0.0361279044293341
NVB,453918.830031303,5678861.61886527,1.9902771155395511,-0.0819657670230658,0.4072078013263279,-0.0599569217439737
NVB,453919.558551359,5678861.36122466,1.9309234384968803,-0.0774083953283839,0.4150834417593673,-0.0349550941045314
NVB,453920.260997122,5678861.12229738,1.9614914810135344,-0.0692022523306324,0.4274144980630179,-0.1223242458595718
NVB,453920.971993523,5678860.90117635,2.0942995681926986,-0.0680663261641021,0.4190770448987757,-0.0789965576153903
NVB,453921.743773489,5678860.64600827,2.2298930492517544,-0.0821907990892209,0.4406716422756058,-0.0556837250572096
NVB,453922.446349019,5678860.38488624,2.3272876171511903,-0.0674380168674293,0.4491536828667429,0.0197427501096029
NVB,453923.08842019,5678860.11009284,2.3867329489620888,-0.0700968798990369,0.4723534539976269,-0.0161189265447759
NVB,453923.773985175,5678859.7978219,2.388009816090318,-0.0540068783146177,0.5059493490185697,-0.0421071660765186
NVB,453924.451012404,5678859.46552514,2.478015431023745,-0.0366041682288627,0.4955732162355973,-0.0494078072803282
NVB,453925.136746137,5678859.12440115,2.5584585470337347,-0.0818340016408799,0.4604661037871322,-0.0521331511680003
NVB,453925.848346209,5678858.80007498,2.6531895906748897,-0.0668419500413,0.4769042869362448,-0.041935265400576
NVB,453926.61201673,5678858.45163861,2.6080818502070864,-0.0205570563966355,0.4758155186973686,-0.0884784245907565
NVB,453927.32363616,5678858.12398312,2.622717978831586,-0.0101650654546652,0.5300666195062118,0.0029376682855856
NVB,453927.96582387,5678857.82921422,2.6838547098438843,-0.0128137814334101,0.5527170271296211,0.0294962070494306
NVB,453928.746809905,5678857.47976922,3.0503393082615795,-0.0031254443390392,0.5856901595139622,0.0169822141524383
NVB,453929.458312266,5678857.17208864,3.2419055639187566,-0.0266531769020682,0.5729039114832423,-0.0172911782119696
NVB,453930.16111451,5678856.87212544,3.2939439708296385,-0.0296385583408924,0.6834606517427232,-0.0319107073258131
NVB,453930.881173953,5678856.5811413,3.183504612320532,-0.0928674533162735,0.6997833763534339,-0.1110112845588588
NVB,453931.644688181,5678856.25933792,3.1109754394122078,-0.151090261188565,0.6112448231151435,-0.1974829006757481
NVB,453932.330187549,5678855.95816352,3.0639597746836778,-0.1547489938108252,0.549025148233647,-0.2038867740988107
NVB,453932.937613621,5678855.68760567,2.948141174428163,-0.1297436478846611,0.4339266216607411,-0.2483601117572552
NVB,453933.71852779,5678855.35036718,2.69801632151763,-0.1691983945675989,0.3416906402686721,-0.2381781115835808
NVB,453934.45600655,5678855.04061861,2.5840193847441064,-0.1402101477004219,0.386110259957306,-0.2285987296547258
NVB,453935.176247474,5678854.7185617,2.74435249401714,-0.1439273360451439,0.5222425110108412,-0.2041829875662493
NVB,453936.538980588,5678854.0495779,2.981535271310137,-0.1408389168289665,0.6660845675959649,-0.222365078280677
NVB,453937.242048486,5678853.70411523,3.0779992193718577,-0.1329661023313102,0.6415263222940047,-0.1841068122192715
NVB,453937.988577614,5678853.32672356,3.2649405305468653,-0.1595118933829278,0.5838892526772897,-0.0984355532061993
NVB,453938.6224865,5678852.96753894,3.3073330878876086,-0.175056547228762,0.5472101573726954,-0.1058858613171377
NVB,453939.230451015,5678852.60487317,3.19014711372402,-0.1604022992881659,0.5875388149635704,-0.2033758378297517
NVB,453939.864184489,5678852.27565111,3.108877018349112,-0.1407329412213745,0.5819492120785258,-0.1447645209189969
NVB,453940.532231154,5678851.99878874,2.9740746047227296,-0.1270108430245658,0.6406654726052221,-0.0762263815319245
NVB,453941.278130197,5678851.72904039,2.6308632122700457,-0.1319591215050619,0.5653088005277118,-0.1264428414773857
NVB,453942.015244748,5678851.48143589,2.535145471875784,-0.1306772456998018,0.4171522239930848,-0.1920411880959391
NVB,453942.787016593,5678851.22737548,2.456633464616833,-0.114338826800244,0.3828619312797193,-0.2100603370097753
NVB,453943.515431002,5678850.98748831,2.2403401835923376,-0.1147191246898815,0.3389758606462452,-0.1830446497918867
NVB,453944.252551902,5678850.73877388,2.153524178081553,-0.1474443936277021,0.4038545324285627,-0.1301234628621813
NVB,453944.981290813,5678850.44340017,2.1035381996730487,-0.2064702097813052,0.4377425593352828,-0.1272325580280753
NVB,453945.675599547,5678850.11564177,2.0435890809100696,-0.2180798520063128,0.4413127611138217,-0.0872018594620946
NVB,453946.326440497,5678849.82092201,2.0404302895993243,-0.2061663484229275,0.4457405362463167,-0.1563575531357191
NVB,453947.02059332,5678849.51979696,2.1163219965185807,-0.2064313179994946,0.482068707921006,-0.2177367348670942
NVB,453947.809972601,5678849.21478983,2.180254484102078,-0.2018112431395053,0.5313640393573345,-0.2073466685602623
NVB,453948.555832175,5678848.95169915,2.4504112285748576,-0.2078311656711158,0.5253199062761534,-0.2013271155377894
NVB,453949.293095525,5678848.67857023,2.712006986784322,-0.2345301029298687,0.4761984540556136,-0.1810092425992162
NVB,453950.00477802,5678848.33981542,3.0477824864375758,-0.2749272910214618,0.4423635073422673,-0.1865197179791423
NVB,453950.664779552,5678847.95858714,3.4769557424985416,-0.3278979430823747,0.4077280614493,-0.2305885200115864
NVB,453951.350673398,5678847.58971768,3.897643311421066,-0.3880420768403702,0.4441407546912089,-0.3998425735764573
NVB,453951.993015108,5678847.26831336,4.286782946145146,-0.3984611318601498,0.4798248815315462,-0.5565466549276746
NVB,453952.626650246,5678846.95573619,4.493643181203216,-0.3858621599278483,0.5233416140335521,-0.6259006308804347
NVB,453953.277601008,5678846.64215049,4.539393157628831,-0.3617235510613631,0.544979773800727,-0.5972834995505499
NVB,453953.911177629,5678846.33956077,4.704115667709033,-0.2738750049621422,0.6001877464299402,-0.4488657451146539
NVB,453954.588079084,5678846.02834627,4.686079905777592,-0.1968992387351419,0.6212359201495027,-0.2244420034491036
NVB,453955.308376753,5678845.69629996,4.687373421007321,-0.107522364358282,0.6311176530490704,0.0084080294243438
NVB,453956.002723571,5678845.36188229,4.416450264389338,0.0133396064123924,0.7332836306740088,0.3608664001063285
NVB,453956.688409248,5678845.02852366,3.789033773953999,0.111863150251432,0.6297819546688431,0.3563200558832056
NVB,453957.322031036,5678844.71816558,3.73869428832116,0.1822256490080235,0.6223492651677802,0.2909151674902203
NVB,453957.946998184,5678844.40775682,3.91321511561082,0.1791029816444889,0.6809831908427361,0.2470980054187282
NVB,453958.624119968,5678844.05881122,4.057264264166999,0.157088913401794,0.7112492398322969,0.1916103210521985
NVB,453959.266435125,5678843.74184523,4.332041425512881,0.1191447465838464,0.6996970599160481,0.1594785302098755
NVB,453959.917391843,5678843.42714925,4.558419123413461,0.0845844911701989,0.7068563853001049,0.0901658919765517
NVB,453960.594234394,5678843.12592178,4.900422447897356,0.0138242747769409,0.6977821670019,-0.0663989240676052
NVB,453961.279692547,5678842.83140324,4.958250804048049,-0.0103755226815465,0.732100492599785,-0.1283179915737298
NVB,453961.973785763,5678842.54026444,5.204444746643253,-0.0067373238036709,0.7455240742058031,-0.0896993612722846
NVB,453962.685136188,5678842.25810462,5.04929113919158,-0.0037841904178932,0.7647474899111139,-0.0715415675036648
NVB,453963.465846549,5678841.95526476,4.897394516046153,0.0513026960639068,0.742533222472545,-0.0246034955730192
NVB,453964.151265553,5678841.66740434,4.67971529162246,0.0887411748708834,0.728035068091268,-0.0316933816264329
NVB,453964.758682917,5678841.39795377,4.507424069916669,0.1300647203876981,0.6929359793192633,0.0185837911372819
NVB,453965.504904548,5678841.07271674,4.30143697080777,0.1716676094775558,0.6150126531328155,0.0394487142730251
NVB,453966.164327196,5678840.79025296,4.077638622569518,0.1527901369747912,0.5655541663092486,0.0197440477912607
NVB,453966.806297875,5678840.53210194,3.814092802199958,0.1602684639135738,0.5402418406232573,0.0328795948044424
NVB,453967.43953606,5678840.287217,3.9497996444083454,0.1193170162956074,0.505254094780142,-0.0900390227538994
NVB,453968.072793671,5678840.03900282,4.133608430234984,0.0645045005752281,0.5606313507007151,-0.1523308954685182
NVB,453968.758115008,5678839.76778792,4.02360435089224,0.0159675158861862,0.6104358119307333,-0.1787722677488847
NVB,453969.469562258,5678839.46898156,4.196153550272117,-0.0143666620384414,0.6097173017965836,-0.2140153716563162
NVB,453970.172439218,5678839.15569808,4.202762857941688,-0.0395095956488235,0.6148818748476205,-0.1403063020467081
NVB,453970.8927291,5678838.82476009,4.1853728498049225,-0.0449585256450024,0.5974986109412527,-0.1087714732852173
NVB,453971.630399455,5678838.48171622,4.111756855364046,-0.008876824130511,0.6187588991825839,-0.0938520282019969
NVB,453972.359505994,5678838.12308549,3.9644784565126825,-0.0132907232446278,0.603949412416544,-0.0266523028609823
NVB,453973.08869681,5678837.75002823,3.801737100806216,0.0116357019610209,0.6003718467149787,0.0550392167336136
NVB,453973.731186031,5678837.40309841,4.00796759035245,0.0246365613927204,0.5954532799709178,0.0979295642860122
NVB,453974.33888819,5678837.08481907,4.1536551819037255,0.0034198368809314,0.6180052760680046,-0.076683420678009
NVB,453974.981377304,5678836.73788914,4.34549265051099,-0.0124420156907409,0.6419816024412756,-0.19048058522779
NVB,453975.641233907,5678836.38107279,4.126692349959296,-0.0417217210902619,0.6890669544909908,-0.2402295715252607
NVB,453976.326872542,5678836.05548056,4.373232747038098,-0.0235098992829088,0.7227508857552782,-0.2758746322886348
NVB,453977.029606197,5678835.76661049,4.510881006194009,-0.0095565929638788,0.7321246802486737,-0.1187725474634424
NVB,453977.801576434,5678835.4781451,4.8215066931602975,0.0085868666820124,0.740685632236122,-0.0168443319586772
NVB,453978.556088253,5678835.21510219,4.908656252923048,0.0443411646199427,0.744814812613647,0.0146347633049521
NVB,453979.327948098,5678834.94550202,4.957183616545258,0.0936198187932333,0.7420557501467063,0.1269443503515037
NVB,453980.039141511,5678834.68997412,4.938840030778204,0.1246444472641302,0.8387394037307458,0.2097018099517799
NVB,453980.767695927,5678834.4256695,4.966236633212018,0.1026529690711913,0.9308937206795602,0.1783525401211589
NVB,453981.496334622,5678834.14693835,4.873295227929221,0.0888248652599018,1.025276162539539,0.0902517413325458
NVB,453982.199054937,5678833.86028727,4.799675299842946,0.1012577495174717,1.0020981179459512,0.0188543102512331
NVB,453982.867169864,5678833.57121432,4.87128058461175,0.1237871232596068,1.0042005977287023,0.0257613318010588
NVB,453983.604748383,5678833.24370553,4.858488886794673,0.1088003949138617,0.9195226817573172,0.0666755958109616
NVB,453984.394364568,5678832.89763481,4.705795494077645,0.1107128188395482,0.9842989629577296,0.1354568602536148
NVB,453985.105868965,5678832.5888395,4.4833080622708525,0.0931562341904507,1.0665592409071123,0.1096299058743871
NVB,453985.765880419,5678832.20538884,4.724437665538723,0.0950015743393187,1.1327483365791986,0.2009350672810674
NVB,453986.287768854,5678831.76120347,4.9198955951504,0.1028359444917569,1.244259199060579,0.0540385767156084
NVB,453986.680091558,5678831.27297993,5.135356726166897,0.0529218227303541,1.232454440522834,-0.0634315543990893
NVB,453986.98608251,5678830.74762951,5.114358951029054,0.0499933466331017,1.26063688826802,-0.1038898876334237
NVB,453987.205631462,5678830.2040176,5.159835844497562,0.0283041398194861,1.3741551730670476,-0.1627293618544932
NVB,453987.330103312,5678829.63876445,5.255999435918265,0.0221814191920173,1.2940347135063524,-0.1180597815360272
NVB,453987.368100766,5678829.06079846,5.184867403496729,-0.0061059508341626,1.1216348106025436,-0.0212832827474996
NVB,453987.268092056,5678828.40212273,5.036445810165654,-0.0568602158601417,1.0559720220216549,0.0847851947283267
NVB,453987.046575614,5678827.80155443,4.783678543149033,-0.0485761989980494,0.8622966493854384,0.0904128955509756
NVB,453986.703629298,5678827.2457768,4.617868992334136,-0.008226089639527,0.8024992226971758,0.0620338825946979
NVB,453986.273488728,5678826.80046613,4.466889960978399,-0.0167754180468271,0.8574972033805303,-0.0278184889860517
NVB,453985.799530517,5678826.44811967,4.4686347462412455,-0.0206923765775662,0.8812686650449386,0.0039124363959399
NVB,453985.264529848,5678826.17420978,4.400297691121386,-0.0211583679341661,0.9022449854812206,0.0579988402088232
NVB,453984.686016376,5678825.94110686,4.457605496122469,0.0189135951689726,0.8862129253334786,0.0783102148119737
NVB,453984.099010531,5678825.68021011,4.624304116669288,0.0538787840840851,0.8622977164348596,0.0197971992468643
NVB,453983.460343259,5678825.37351095,4.715219725747891,0.0524980177524818,0.8997444792479268,0.129904896358885
NVB,453982.787187494,5678825.04441482,4.701772529872441,0.0649917818921081,0.953896860777494,0.076285139698995
NVB,453982.088081056,5678824.71294742,4.65010109685459,0.0302262562430106,0.9838518088239272,-0.0566892822585255
NVB,453981.380586067,5678824.3359305,4.730115087563222,0.0053167850287235,1.020791696542844,-0.1668314068238556
NVB,453980.751196313,5678823.92274782,4.583072026182836,-0.0354265310643414,0.9264702735931232,-0.2943900414695122
NVB,453980.182648066,5678823.46553008,4.403514818865098,-0.0239513339650167,0.8387622444980665,-0.198037487768992
NVB,453979.623137188,5678822.94288894,4.263453105249695,0.0038328070819765,0.8837728191764604,-0.0771861794847019
NVB,453979.132817493,5678822.42842059,4.36712530462287,0.0255359721558826,0.8886389794100154,-0.0052225532955534
NVB,453978.590473168,5678821.93029458,4.480594439276813,0.0480791314781425,0.8504170663796706,0.2257818332787648
NVB,453977.901533276,5678821.34031075,4.615972170075811,0.0893420528154584,0.8699303538830793,0.256971551743731
NVB,453977.281440755,5678820.81731529,4.9455851920283145,0.1571053855077122,0.8572657639856949,0.2077157324555003
NVB,453976.644149478,5678820.27535321,5.011077960844021,0.1365202962136121,0.9049639084395992,0.1094393541721951
NVB,453976.015480412,5678819.73899031,4.998556249261791,0.1033664463501487,0.9027694675208336,0.0160761652699742
NVB,453975.412599949,5678819.23274181,4.992759237887677,0.0473085072004086,0.8004686303315015,-0.0284110937687824
NVB,453974.757954395,5678818.69844649,4.768014499594317,-0.000710721275292,0.8478438699262156,-0.1361113786136827
NVB,453974.094712753,5678818.15411295,4.482573475163479,-0.0459231979053568,0.8589873256164782,-0.2202953161154769
NVB,453973.500461147,5678817.65235381,4.453351139673428,-0.0881896120387096,0.8411669580121078,-0.1780247619001989
NVB,453972.888932936,5678817.14494479,4.271487374746616,-0.1100839145238364,0.8176732492849591,-0.1258701877970356
NVB,453971.683938493,5678816.00149934,3.858974961678424,-0.033379724659623,0.7791069243703511,-0.0665281963218584
NVB,453971.124539007,5678815.4599922,3.9724749671837465,-0.0370640445059817,0.7973977550591674,-0.021106708057373
NVB,453970.539467905,5678814.86839545,4.105054738551615,-0.0237725072816194,0.7654356819821097,-0.0698087049684885
NVB,453969.885439439,5678814.22867554,4.402937119875476,0.0034396691697919,0.764530641184733,-0.0770025885844034
NVB,453969.274443787,5678813.63026853,4.558919164102651,0.0263845190773852,0.7578067792455448,0.0386400723253664
NVB,453968.64611316,5678813.03619917,4.660158787002307,0.0703689623307639,0.8835469521243419,0.0388670509043458
NVB,453968.043648964,5678812.45892749,4.716146022707062,0.0664937911165786,0.9446711494625823,0.0828660581848643
NVB,453967.458429071,5678811.89285426,4.613572878316536,0.0252987160328722,0.9445457494624356,0.2148874957523662
NVB,453966.864814268,5678811.28234125,4.567710691760612,0.0004897578402147,0.9771077624504568,0.1267842485103361
NVB,453966.288339948,5678810.70078234,4.558507139011025,0.0149931694863279,0.9440907157177952,0.029621610804788
NVB,453965.754703709,5678810.1938282,4.609754963705758,-0.0222931585398728,1.0370747504054774,-0.0288169975510017
NVB,453965.195123352,5678809.68339302,4.317739065631341,0.0056951275596748,1.0652893265012904,-0.0223761058705652
NVB,453964.540609069,5678809.12690225,4.410929198529276,-0.0352378303095566,0.8995261264896015,-0.0613975310867789
NVB,453963.920388614,5678808.62610028,4.373626812336175,-0.0143687979443558,0.836214654472,0.0111177786235851
NVB,453963.317373504,5678808.14315512,4.598030971860398,0.0267953136032748,0.911783029695961,0.0193205941055792
NVB,453962.679941447,5678807.6256059,5.290433101100714,0.0530138085846631,0.9126434288018545,0.1549739915233615
NVB,453962.077017345,5678807.12712445,5.659457433463577,0.0975821922940267,0.9218671083372092,0.2168204288228501
NVB,453961.439299907,5678806.65840317,5.892900375262733,0.1641933246610509,0.8824028088384474,0.3290002430392124
NVB,453960.715471885,5678806.11482393,5.813775118382819,0.2652503137157696,0.9376886754088734,0.3592088405533704
NVB,453960.069502431,5678805.57724878,5.189398418759684,0.2811567317667766,0.8083460374335854,0.2855974544181357
NVB,453959.432336881,5678805.01420044,4.7978751375581385,0.2655873220614524,0.7283874662554323,0.286125638000678
NVB,453958.821115589,5678804.45463307,4.546005225968451,0.2292298610767064,0.6881261474808293,0.3079781548388563
NVB,453958.339706068,5678803.89693461,4.265124218029972,0.2247909534714927,0.6049323727273049,0.3158083191629606
NVB,453957.824002947,5678803.28354725,4.023003894947681,0.1747408099034257,0.5726826261731032,0.2271662512237375
NVB,453957.265066127,5678802.6632484,3.8349299642153225,0.1606794641559756,0.5678039332056697,0.1307836829613111
NVB,453956.749129519,5678802.08981118,3.624733540858043,0.1552570790242478,0.5384821542914413,0.1530165393997229
NVB,453956.207359165,5678801.49402751,3.723467550572759,0.119643727215732,0.5076996985908696,0.0371397368783766
NVB,453955.630931785,5678800.9046997,3.93951878652827,0.1277546663789772,0.5407963378178032,-0.0477260580978872
NVB,453954.915791687,5678800.35562189,4.266781862825385,0.1448886270080976,0.5770891027682,-0.0497778239103868
NVB,453954.148620592,5678799.82399595,4.149743223001614,0.0791733683647218,0.6335448040616519,0.0640114921294129
NVB,453953.398557466,5678799.32687275,4.273983649822189,0.0227465229550162,0.7365336020154319,-0.0074228282456828
NVB,453952.708946398,5678798.85229838,4.534299868597531,0.0335998531726615,0.6807077418383428,-0.0709681034495369
NVB,453952.028171693,5678798.34670218,4.373137043709773,-0.0294523004002406,0.6924060633557314,-0.1050634385291731
NVB,453951.416821624,5678797.80932879,4.144718769285625,-0.0005946610252781,0.7064161789103279,-0.1510890130966032
NVB,453950.88324564,5678797.29238606,4.011464976990087,-0.0720274079250215,0.691379987138642,-0.0631427402867718
NVB,453950.401895545,5678796.72469955,3.891760674666788,-0.07961497271866,0.6036715521040791,0.0011834015805248
NVB,453949.869033741,5678796.08568665,3.7250381751824606,0.0009838473162234,0.5426006307389236,-0.0217734486971046
NVB,453949.267318725,5678795.38079476,3.731100300346837,0.0155621699759783,0.568672642647014,-0.0612733351796516
NVB,453948.708136469,5678794.80266497,3.718948980028215,-0.0288273708394204,0.619910127612422,0.0162403978457549
NVB,453948.131638738,5678794.2255436,3.675316154978914,-0.0273868867212367,0.640325651461075,0.0246438345100561
NVB,453947.433912702,5678793.65881069,3.507463940386589,-0.0648549350276104,0.6375680361626878,-0.0460600977543333
NVB,453946.770428376,5678793.15664447,3.5763597207689783,-0.0644438135363582,0.6804230758412698,-0.1745031152703396
NVB,453946.098367507,5678792.64111083,3.5202195060713497,-0.1070284917769456,0.6772425268234107,-0.1798875018843082
NVB,453945.486602806,5678792.17475956,3.365212620422746,-0.0936197200679008,0.6339340778172549,-0.1125628571115669
NVB,453944.745805736,5678791.5733717,3.2829380009110465,-0.0960589256112175,0.6200226392380558,-0.1236088915886763
NVB,453944.134670931,5678790.9993767,3.3247194179977737,-0.1049141105455289,0.6291597907752086,-0.100967141977888
NVB,453943.540955642,5678790.40661753,3.5216665225155745,-0.1176712897679479,0.6316388477729027,0.0380902524089053
NVB,453942.9130638,5678789.73819428,3.429060500365234,-0.1415003759596978,0.7045805766844909,-0.0309128230588782
NVB,453942.336703203,5678789.13776819,3.251188184607072,-0.1650957535987925,0.7569684935043174,-0.2302166219421579
NVB,453941.716920728,5678788.56261263,3.391403052657238,-0.2021106051299851,0.6822743460765105,-0.2779419841351019
NVB,453941.079842273,5678787.9851363,3.442651594186494,-0.2143201244884817,0.6872738290171321,-0.2806079366134338
NVB,453940.433927593,5678787.43868168,3.2910082999351404,-0.2704214296858972,0.7016726042436096,-0.3015953113878622
NVB,453939.796459759,5678786.92778893,2.886287239121727,-0.3151713586825949,0.6413888013797826,-0.2987716010493408
NVB,453939.133171274,5678786.3923302,2.752604879868707,-0.3386588654905295,0.5979704026356787,-0.2625492668360397
NVB,453938.453047811,5678785.77575999,2.747347173601736,-0.3197252982326435,0.4778423687821236,-0.3289849948548723
NVB,453937.798316643,5678785.25699771,2.835131054641337,-0.2943541318795086,0.4074592698398376,-0.4034142090107809
NVB,453937.108142841,5678784.8789683,2.8530925973726164,-0.2760483803167475,0.4607744467798522,-0.2668631289305589
NVB,453936.417436664,5678784.59193653,2.734270502734781,-0.253054211427849,0.4655679178301089,-0.2318821016779999
NVB,453935.778333015,5678784.36069495,2.754534393349709,-0.2543593216599532,0.5015072182032548,-0.2352106900812351
NVB,453935.095313939,5678784.2390632,2.869192094919664,-0.2497102506674716,0.4917789127770876,-0.2732768420638675
NVB,453934.351096341,5678784.22250108,2.8413713071416957,-0.2621640350368429,0.4718857681974296,-0.347885401444083
NVB,453933.606404712,5678784.28694904,2.742217259982943,-0.2487554719826684,0.4772685908954761,-0.3754360867693513
NVB,453932.835320913,5678784.42448706,2.5243249746671217,-0.2533565668586134,0.4769433986672963,-0.3421418462745706
NVB,453932.011920314,5678784.62830484,2.445092688187889,-0.2424090407752605,0.457242117009034,-0.3468916893693559
NVB,453931.266202586,5678784.86808963,2.3830302861100727,-0.2419033672123351,0.396377209684475,-0.2421256314479471
NVB,453930.572327535,5678785.12260469,2.448624889453372,-0.2504794019661622,0.3983270248046056,-0.2504425931079961
NVB,453929.886951107,5678785.40380381,2.5423816816575098,-0.264380377822476,0.4082171832669674,-0.1841550452340383
NVB,453929.192744758,5678785.71491488,2.5177087903930166,-0.2441161884636959,0.3983306866485664,-0.1758443131211073
NVB,453927.752112491,5678786.38677073,2.828860787421596,-0.2447552346101452,0.4654280776904219,-0.2109878737879777
NVB,453927.023099524,5678786.72986114,2.9902442537008733,-0.2247962773239859,0.5058953860837909,-0.195190397443508
NVB,453926.32008904,5678787.06644506,3.1893715335941417,-0.2299301311283091,0.6083863578306703,-0.2248524015589243
NVB,453925.617013548,5678787.4141262,3.280310608668493,-0.1978801441097087,0.660210680582612,-0.1800095049458997
NVB,453924.888045854,5678787.74944831,3.4741766048476244,-0.2089048004173633,0.684561783346714,-0.155274851063985
NVB,453924.124602872,5678788.06015373,3.527705570424242,-0.1757955256588903,0.6506072856116275,-0.1399671002662263
NVB,453923.291806695,5678788.39042895,3.518516358026209,-0.1206813882220423,0.6304670066283374,-0.1991087451632079
NVB,453922.536972651,5678788.70895297,3.47417708294368,-0.0907825282733728,0.6880178822513913,-0.0698022639664902
NVB,453921.764608647,5678789.06510636,3.335088984340716,-0.0217138443360197,0.7415343244261617,-0.0953460341806263
NVB,453921.009514661,5678789.42801935,2.9024956506928867,-0.0827135443021894,0.7358550075066049,-0.012852171691506
NVB,453920.245577707,5678789.82306373,2.653911032386147,-0.0673904720898174,0.6281120132554956,-0.0578525687397881
NVB,453919.473031612,5678790.21028929,2.462476261729416,-0.0619921041984754,0.4453030260827638,-0.109783735274921
NVB,453918.691856892,5678790.5930252,2.625446553919337,-0.0825368020879038,0.3452010962607316,-0.1729060753476193
NVB,453917.841361403,5678790.98978222,2.5849802895526737,-0.0997850075558357,0.3292447656248073,-0.2714170008241847
NVB,453917.069022942,5678791.34149624,2.695911447540796,-0.0965389684922695,0.3904296327168701,-0.2302089668122806
NVB,453916.383470085,5678791.65265685,2.8234645459764987,-0.1004836105792155,0.5153222007438528,-0.0539439106358939
NVB,453915.663273061,5678791.96805367,2.919331996890959,-0.0724684050646161,0.6519457922826445,-0.004011947769989
NVB,453914.934395457,5678792.28783867,2.898878712028068,-0.0924437557441363,0.6383481939015753,0.0271206836458768
NVB,453914.179554196,5678792.60747162,2.865066582369706,-0.0975447303534985,0.6187614221966281,-0.0793788568959937
NVB,453913.433588285,5678792.8894244,2.6509671615162715,-0.0858509754205943,0.5546073302266937,-0.0945906631284052
NVB,453912.644161251,5678793.2033059,2.641604650474121,-0.0939131324516713,0.6322860850033322,-0.1333383346767435
NVB,453911.906622376,5678793.52414969,2.597025144907388,-0.1203861367498365,0.5756138362579797,-0.1246739179038826
NVB,453911.203766549,5678793.83409879,2.5896822330546274,-0.1268637782718546,0.5382111812424188,-0.1202627486456208
NVB,453910.474784639,5678794.17163904,2.5401217743586337,-0.0898122802194163,0.5423186957044468,-0.1216053659056214
NVB,453909.632929879,5678794.5706653,2.5901422362854367,-0.0944612926986856,0.489521526111023,-0.1086738110867666
NVB,453908.88661927,5678794.91143325,2.500799210024394,-0.1047911623755134,0.5144845961358677,-0.1370750889268879
NVB,453908.175134648,5678795.2168925,2.4560657414102622,-0.1570488021817548,0.4611852787425707,-0.1680016597583145
NVB,453907.489782508,5678795.49365077,2.4123031630530085,-0.1635080350377501,0.4030972334593122,-0.1496812761090218
NVB,453906.735109562,5678795.78443007,2.3501368410161243,-0.1919349066613496,0.3920780055669931,-0.1967920098370976
NVB,453905.902266335,5678796.12247157,2.368406145326064,-0.1633470541835884,0.3650766901342104,-0.2641101937292671
NVB,453905.130011293,5678796.45975795,2.4494959148204094,-0.1312993593793844,0.3728617214597775,-0.3071560610855444
NVB,453904.366339249,5678796.80930195,2.446249688171015,-0.138062573781259,0.3937409620734381,-0.2428652592087693
NVB,453903.602569668,5678797.17549179,2.610422776511581,-0.1292737687455531,0.4016783991839519,-0.1533631786474675
NVB,453902.864724642,5678797.54849196,2.6907123179243806,-0.1033941480066974,0.3994958737242974,-0.1009871509148066
NVB,453902.126938032,5678797.91150451,2.6276985809749425,-0.0880489851554254,0.4086670926608244,-0.1204913865709434
NVB,453901.432625489,5678798.2403688,2.710030263015061,-0.069677101603657,0.4387507057728405,-0.1342363123566751
NVB,453900.77301552,5678798.55500927,2.890495792777811,-0.0677209987323973,0.4269290168492731,-0.071413632326554
NVB,453900.09602494,5678798.88175535,3.14111303205248,-0.0892235001778847,0.43247294158479,0.0028028685707375
NVB,453899.34959653,5678799.2424975,3.430884505393359,-0.0939030089183234,0.477357463569219,0.0079486884807447
NVB,453898.637974669,5678799.57126019,3.5278322183882205,-0.1144557640222711,0.5228673080515117,-0.0267334441204003
NVB,453897.900343632,5678799.90763886,3.737688888842814,-0.0918282260031896,0.6181609152171543,-0.072007764743857
NVB,453897.214860738,5678800.20659081,3.8957597849526713,-0.089423729512226,0.6788335862352954,-0.0893376955952379
NVB,453896.338581445,5678800.57212109,3.90555314210117,-0.0897898543233269,0.7024413567766716,-0.0814405073833817
NVB,453895.549172437,5678800.8826717,3.889021200244288,-0.0296496455052117,0.6817794443344302,-0.0715176519689039
NVB,453894.733728251,5678801.20527719,3.7194044480298514,0.0822631049689563,0.5625776904558207,-0.0351290406996326
NVB,453893.935651573,5678801.51799641,3.555934829292736,0.1445673190087542,0.4542566356968691,0.037941614155525
NVB,453893.120142259,5678801.85169902,3.6764085335058714,0.1923033747741174,0.367555489850354,0.1896946235748197
NVB,453892.48670326,5678802.13097956,3.842330340121791,0.2208554300750241,0.440664278493232,0.3647196134517887
NVB,453891.905477454,5678802.36173614,4.010409778405338,0.2406496129233764,0.5348382345610435,0.4952689822827421
NVB,453891.202737021,5678802.65170836,4.242426141000225,0.2326153250462553,0.7028718091795513,0.4667450717925656
NVB,453890.543405751,5678802.91862968,4.415237814878956,0.2878121237125159,0.7112240598843909,0.3183892835800169
NVB,453889.840619718,5678803.21636987,4.6115202688120025,0.3145409923582069,0.7291009158081881,0.3310342326107655
NVB,453889.155116722,5678803.5186503,5.117389061894026,0.2851625588492994,0.7192196921351878,0.3143683004624784
NVB,453888.434865494,5678803.84292247,4.906543393945303,0.1678337104399484,0.6347963941163326,0.271190945000689
NVB,453887.679996022,5678804.1669918,4.668643362447595,-0.0223149265363678,0.5084292544988762,0.0436726958789988
NVB,453886.93365753,5678804.51219659,4.291717328157066,-0.0624431383166591,0.4897270931713863,-0.1703914250877954
NVB,453886.18729947,5678804.86073049,3.884400256717489,-0.1059306448571134,0.4839236922059165,-0.3395806206444376
NVB,453885.475605038,5678805.201699,3.6567398085020737,-0.2399670718962446,0.5087035162663835,-0.4400256741868235
NVB,453884.76390404,5678805.54377718,3.895660569149405,-0.2762522366744792,0.4689294148989851,-0.288684672358861
NVB,453883.982791082,5678805.91541238,3.937169371317233,-0.3012494943408803,0.4723928260311729,-0.2332870665204436
NVB,453883.279900517,5678806.23090765,3.974221299691807,-0.2607296021902145,0.5110778342930593,-0.1793509565547732
NVB,453882.637897271,5678806.49460051,4.010247083011094,-0.239138642298102,0.4930296177854348,-0.2498462976785478
NVB,453881.935266632,5678806.76570653,4.070085384658261,-0.2220048092135899,0.4695617788477396,-0.3046715220994633
NVB,453881.241355502,5678807.02576591,3.915547777469943,-0.2467422654492251,0.4328064396332715,-0.4378995510894893
NVB,453880.547346811,5678807.30247115,3.79351123690432,-0.2756295380823016,0.4589611957595503,-0.6011738433313805
NVB,453879.766500021,5678807.62860708,3.746902203069445,-0.2918921473291495,0.5418741734016141,-0.6603940777577193
NVB,453879.080996247,5678807.93088663,3.4190646895005066,-0.3395598385166629,0.571908459484813,-0.6251654849924125
NVB,453878.352031127,5678808.26509473,3.2745653731367,-0.3829163031998852,0.6357535297280434,-0.5441284942856477
NVB,453877.596985265,5678808.61912576,3.343924586312435,-0.3889721813514067,0.6272512805844852,-0.513076068445808
NVB,453876.83321977,5678808.9842033,3.8581052082264113,-0.3729498737180433,0.5807947710011407,-0.4721492554236745
NVB,453876.052034571,5678809.36804473,4.0664438936764,-0.3616487181163795,0.663387378009702,-0.46548415847637
NVB,453875.331515683,5678809.73781456,4.221579344142737,-0.3959652857769197,0.7716147937181997,-0.4935636992056917
NVB,453874.637038406,5678810.0944197,4.378773927772433,-0.4166837500634466,0.7932481138095493,-0.4902636284110419
NVB,453873.968700277,5678810.42121425,4.313496539265061,-0.3966724648869583,0.8394621606452407,-0.3145492687296603
NVB,453873.369897611,5678810.69736691,4.242251186947494,-0.4091740425545285,0.8550947559398604,-0.3352500108939673
NVB,453872.692755277,5678811.04963439,4.103413247336624,-0.4214931568936159,0.6703262441616246,-0.3617507307265744
NVB,453872.00690631,5678811.41072892,3.6945507540928175,-0.3833158451403571,0.4829031980605903,-0.3784769222124413
NVB,453871.329776852,5678811.76077682,3.0992640320380644,-0.3997325559687322,0.3371291024511061,-0.468620939574925
NVB,453870.609348555,5678812.11501003,2.970228608724021,-0.3998116078444612,0.3472204173471309,-0.4603653537503149
NVB,453869.897678786,5678812.45153823,2.958517553118668,-0.3377614659368092,0.4531622271839743,-0.5131398058641679
NVB,453869.108085441,5678812.79315859,3.2902742199902364,-0.2445809782497756,0.5857126347488925,-0.3247694105442704
NVB,453868.370659964,5678813.09402322,3.501406713762831,-0.1551128294065903,0.636884775253178,-0.1644233240278798
NVB,453867.711346531,5678813.35761344,3.7941898893065926,-0.1003682580118915,0.5776585550735136,-0.0340251664062313
NVB,453867.034704434,5678813.62443137,3.8923482305344574,-0.0368757340561981,0.5473672170212978,0.1071890137568593
NVB,453866.349420738,5678813.88897907,3.736021095473523,-0.0064169285788406,0.5023136545168393,0.0699652773827802
NVB,453865.646951442,5678814.13234044,3.595971250109398,-0.042466441015958,0.4762498684556115,-0.0570451545728775
NVB,453864.953117147,5678814.37908165,3.338314142936616,-0.1228941986401215,0.4375991568910927,-0.3286008208026977
NVB,453864.181014597,5678814.68973057,3.160446965207816,-0.1620047284965914,0.3771821090243616,-0.4787662278820714
NVB,453863.417547034,5678815.00375932,3.015273869266925,-0.1560748546138596,0.3440551918159538,-0.375584543170417
NVB,453862.636445115,5678815.37317295,3.23359436450977,-0.1503938805915753,0.325020703909881,-0.2368025409763686
NVB,453861.915944546,5678815.73961238,3.585941471336161,-0.1037587665088527,0.38823398201537,-0.0213206839539332
NVB,453861.186717809,5678816.11820802,4.334352457153831,-0.0676288845698735,0.5045187916118641,-0.0098474820279509
NVB,453860.501004443,5678816.45599727,5.008604882211417,-0.0519810227314789,0.6752870406858748,-0.1231292979670031
NVB,453859.841430301,5678816.76397597,5.414324485165572,-0.0630791341884426,0.844388233343844,-0.1306030325737885
NVB,453859.12099451,5678817.11931786,5.486241686950205,-0.0881335454313394,1.0349064494070186,-0.0274721430299947
NVB,453858.426593885,5678817.46260484,5.490519548110513,-0.1327194994592435,1.0397894917246695,-0.0055755273270438
NVB,453857.749638907,5678817.78268892,5.411532051399616,-0.1153837965494961,1.151051106808874,-0.0483542158700893
NVB,453856.951207804,5678818.15532974,5.282660179611773,-0.1048436231755525,1.1237175217775714,-0.1265870468051433
NVB,453856.222253789,5678818.48731634,5.282938886411482,-0.0805953669742903,1.1400914600661944,-0.1245745388952634
NVB,453855.589280434,5678818.68669351,5.351056655243346,-0.0887913482783514,1.1742313277213532,-0.0688814898002043
NVB,453854.783040177,5678818.91501872,5.364503745961535,-0.0768566971533727,1.2074079240193685,-0.0166422653015943
NVB,453854.115331415,5678819.13416796,5.55616806145248,-0.0765279636101515,1.2769819550940469,0.0225036822416768
NVB,453853.291456697,5678819.41787797,5.853953633628371,-0.0938760273795724,1.251837465163341,-0.0195019609473286
NVB,453852.606386686,5678819.64580345,6.341339388801539,-0.1067947723218808,1.0377815362105751,-0.0936753991182872
NVB,453851.886561771,5678819.89683023,6.337671643799792,-0.1145610870102206,0.985345558069768,-0.1023117233163681
NVB,453851.175313314,5678820.16122442,6.593393029955824,-0.1127049112959281,0.9017336221738512,-0.2402696586550487
NVB,453850.481126737,5678820.46788968,6.463563063659959,-0.1326712797650126,0.7806001693027766,-0.3512180173171311
NVB,453849.726013372,5678820.83301533,6.057997792685792,-0.1580583332701439,0.6396396008046232,-0.2639280300229191
NVB,453849.144329517,5678821.14144974,5.287308226271894,-0.1879402682737763,0.4655697805645709,-0.1764105203871716
NVB,453848.519203648,5678821.47848337,4.558307661403374,-0.2128585653206028,0.4076021981107441,-0.2046490059260738
NVB,453847.815978453,5678821.85057162,3.84060566541006,-0.2056887904166606,0.3766713404326222,-0.3585204846640374
NVB,453847.173510811,5678822.1930523,3.371833189459645,-0.1350404134881064,0.3828202886928554,-0.3791753537516221
NVB,453846.479122216,5678822.53411879,2.9492777403583994,-0.1183230331570137,0.4029388652466086,-0.2715411790139307
NVB,453845.767430932,5678822.873974,3.0552518048329658,-0.0930848655699008,0.4906241106322925,-0.1263688995733603
NVB,453845.047111044,5678823.2093395,3.174510561072189,-0.0410387589280347,0.5495649509700532,0.0667669765672695
NVB,453844.352813351,5678823.5348696,3.313081956554784,-0.0346591370623641,0.6216754107902382,0.0978437159272854
NVB,453843.684609429,5678823.8383573,3.317942573488573,-0.0397783193332696,0.6977841677132766,-0.0047098844345249
NVB,453843.042382169,5678824.13977771,3.412625362312175,-0.0521860938323521,0.8241893033947086,-0.0868994064345996
NVB,453842.36551707,5678824.44432428,3.644250274831237,-0.0798940229248672,0.8432480789827411,-0.0770493012346885
NVB,453841.584751541,5678824.75602998,3.951457964305789,-0.0265847028347446,0.8111386697406565,-0.162918735097741
NVB,453840.864743614,5678825.03812816,4.36204417612805,-0.0145705379100212,0.746582291480697,-0.1579261242681776
NVB,453840.257667973,5678825.24875361,4.525552900890263,-0.0125157791277753,0.6935368175447175,-0.0659027767601743
NVB,453839.572551516,5678825.48444606,4.639140944061898,0.0016188272800697,0.7293666503711326,0.0181554314541855
NVB,453838.818035785,5678825.74747568,4.865668996857751,-0.0044531600128951,0.785830272363086,0.1422765791228457
NVB,453838.167452929,5678825.99779746,5.004420915618049,-0.0072030574974741,0.9334622246189088,0.1955998839980828
NVB,453837.490808716,5678826.26461286,5.124864520993027,0.000220759312654,1.0355146656188898,0.2115029905219448
NVB,453836.761963726,5678826.57773229,4.858777272590599,-0.0060707842474925,1.0162738901604909,0.0457986040751902
NVB,453836.102491902,5678826.86795336,4.53468480084429,0.0072563296016468,0.981163993659582,-0.0968581138226118
NVB,453835.425645815,5678827.16917016,4.374014069432695,0.0247700477463844,0.9786401937683508,-0.1420057556085747
NVB,453834.731379902,5678827.48915078,3.886771119690195,0.0460486289335006,0.9162693941027792,-0.0911762688241799
NVB,453834.063064637,5678827.81150304,3.662901922711845,0.071608759766998,0.8851343902915992,-0.0944863205114901
NVB,453833.377329541,5678828.15261912,3.3781360725857903,0.0854282803333176,0.7661692462828861,-0.1443783730333679
NVB,453832.682900762,5678828.50034276,3.318125059519267,0.0865522375012815,0.5864043936879932,-0.1578852322775214
NVB,453832.005768056,5678828.85038731,3.384442152802884,0.0574693103566693,0.6256314372792543,-0.0013592777737467
NVB,453831.389458099,5678829.15972713,3.602180329911142,-0.0060308318291688,0.695988617861164,0.1288349468270546
NVB,453830.790652481,5678829.43587657,3.718488231185284,-0.0237169025772514,0.8279468404552319,0.1173648902012555
NVB,453830.191840313,5678829.71313569,3.6613251906887863,-0.0356295800650526,0.8147422260487521,-0.0009078313525435
NVB,453829.584354002,5678829.99367319,3.647830569981074,-0.020688828596484,0.7496469108187207,-0.0937461109107626
NVB,453828.890211257,5678830.29256846,3.72365567227798,0.0055095711621051,0.6490906930986984,-0.1668234478961462
NVB,453828.178733273,5678830.59580107,3.57019098432074,0.0269786012166506,0.6485997755944843,-0.1431173186804119
NVB,453827.484590418,5678830.89469622,3.365506489116376,-0.0001877620286574,0.6360697769366408,0.0246494363509078
NVB,453826.755822694,5678831.19449799,3.442936396439884,0.0077903829363041,0.6368084075568659,0.1396573884232811
NVB,453826.053357096,5678831.43674612,3.806763354821909,-0.0165746375983034,0.6127085563209251,0.1916355619615219
NVB,453825.350917491,5678831.67455527,4.249319804677593,-0.0612056786752867,0.6492443447243651,0.1395959172818929
NVB,453824.674396009,5678831.92028475,4.399263532768634,-0.0904056366384325,0.6224839415057563,0.108522663052631
NVB,453824.023584371,5678832.20944584,4.390952905624613,-0.1236797410803939,0.6563224699764347,-0.0803826721899435
NVB,453823.372733627,5678832.50526525,4.316076795073535,-0.2048060650028589,0.6647111785163585,-0.2874009286019631
NVB,453822.643711738,5678832.84834605,4.326357236758208,-0.2782376423970111,0.7183836624697493,-0.3960095813483594
NVB,453821.966708387,5678833.17619517,4.202353064316621,-0.3774711964911083,0.6570668352500363,-0.6263435517885522
NVB,453821.324505556,5678833.47317491,3.873928624855437,-0.4064914092298586,0.6858997109030428,-0.5711073168283642
NVB,453820.604196651,5678833.80631873,3.489327101532536,-0.4236283443978957,0.6726935013441382,-0.4489556801443869
NVB,453819.875343768,5678834.12054634,3.1745480511972257,-0.4102518762392785,0.57692255520884,-0.4663453340159681
NVB,453819.129220724,5678834.42801397,2.9091857997137955,-0.3688732524996528,0.5083727424773202,-0.411551569596795
NVB,453818.339616407,5678834.770739,2.507565140052795,-0.3590657249311062,0.4323005992756141,-0.4371998403344677
NVB,453817.688661075,5678835.0843136,2.558966513598054,-0.3282781179256809,0.4054472187907768,-0.4321105641350638
NVB,453817.003022271,5678835.40878234,2.6732707662660986,-0.2152380930733882,0.401962025490951,-0.5307637277149698
NVB,453816.317500587,5678835.71327592,2.9130419812853985,-0.1564147183585093,0.5232218458191247,-0.4148255493794462
NVB,453815.649431238,5678835.99345696,2.9428157101804007,-0.1081765702414762,0.5828513976164058,-0.3028409404566977
NVB,453815.007423239,5678836.25714434,2.8720075297386662,-0.0533150949985734,0.714981828009452,-0.1820565950483507
NVB,453814.382730868,5678836.51982349,2.8524619333865764,-0.0210443365424847,0.720295252603202,0.0101405237149246
NVB,453813.740644658,5678836.7968275,2.776523648208952,0.0141265388113645,0.5751638300527916,0.0509566181787394
NVB,453812.976782257,5678837.17743507,2.582316453028328,0.0347131877689839,0.4600321643551914,0.1554395424928263
NVB,453812.26497749,5678837.53615265,2.296389070627341,0.0173783423403694,0.3555638451808428,0.2674425541349458
NVB,453811.639998457,5678837.84765962,2.2077304709245644,-0.0094495343303804,0.3337336151183331,0.3576665276519981
NVB,453810.884888096,5678838.21167183,2.07897398793096,-0.0784245974620329,0.364977808695718,0.2998988822473212
NVB,453810.216636032,5678838.52292481,2.00826071779401,-0.1045638835780407,0.3726819390130222,0.3397539644490214
NVB,453809.52249829,5678838.82070865,2.081674039157239,-0.1386356721433097,0.3560874005274988,0.2987765194108137
NVB,453808.811148991,5678839.10174495,2.089648178191326,-0.1450450077792244,0.321479785853418,0.2080039986269657
NVB,453808.039106853,5678839.40129111,2.16776712372063,-0.1243611218758365,0.3118377695760513,-0.0007808586561521
NVB,453807.310474319,5678839.67778681,2.3551198129540034,-0.125695736243377,0.3308444742956439,-0.1293727264090344
NVB,453806.607922697,5678839.93445968,2.6508190146668555,-0.1376705888191905,0.4001280981200748,-0.2432421156057051
NVB,453805.801249024,5678840.23602195,2.7463458201581394,-0.1495460182545704,0.4870567513106003,-0.3505443581873451
NVB,453805.133100768,5678840.52951884,2.795037018586659,-0.17160717433333,0.4774411545840928,-0.4260867101384154
NVB,453804.464887342,5678840.83411296,2.8141806969381045,-0.1913317922946925,0.4333742975432276,-0.3504722925118962
NVB,453803.822565996,5678841.15106638,2.511351983089801,-0.2590391613091954,0.4547264366126258,-0.4992510468029449
NVB,453803.128134743,5678841.49878743,2.4763192976778177,-0.2515958833566192,0.4778011067435674,-0.5261158122490696
NVB,453802.459771381,5678841.82890513,2.541704709706285,-0.2258762128126795,0.5167491189721688,-0.43887329850187
NVB,453801.817410802,5678842.15251675,2.5119883803828174,-0.2342918843172311,0.5734242927864548,-0.2244320386204582
NVB,453801.122933782,5678842.50800572,2.7375555562581875,-0.2422662368906493,0.6395226096536505,-0.1966887091089608
NVB,453800.281016093,5678842.91589819,3.1208753300783902,-0.2670880276698944,0.6795881141853968,-0.1180598884215016
NVB,453799.560620754,5678843.26346656,3.273229994655092,-0.2857726907206431,0.648836242009037,-0.1017048704485446
NVB,453798.866273782,5678843.59676076,3.235856941929783,-0.2922964638160832,0.7468071807628874,-0.1621463696922936
NVB,453798.119934083,5678843.94084745,2.918305820220405,-0.2728093991220852,0.7802802502296189,-0.1143537363357636
NVB,453797.425775856,5678844.24195942,2.624910976535967,-0.2859345895992483,0.6978282528319079,-0.0867958100448157
NVB,453796.835733181,5678844.4992917,2.3645438129565,-0.2992094456591195,0.6135931064450143,-0.1370611193125984
NVB,453796.115682724,5678844.78804417,2.265389681607985,-0.3141914535392635,0.4122270285817608,-0.2021728317514015
NVB,453795.456520461,5678845.0249949,2.107000371805923,-0.3125248238223389,0.2755880825829593,-0.2255923280622112
NVB,453794.754039607,5678845.26945971,1.7946740833089645,-0.3280386686279307,0.2437257209473823,-0.3287026061708193
NVB,453794.034138803,5678845.53268824,1.653365580201838,-0.3307465828491593,0.256912494525443,-0.3891261303920743
NVB,453793.27075656,5678845.83117403,1.844937063907024,-0.3220749098351191,0.2592977537931022,-0.3812474981697203
NVB,453792.559308331,5678846.12885479,1.9797271046641864,-0.3138963419998197,0.2740268709725999,-0.4593573650964231
NVB,453791.917148902,5678846.41806405,2.121991591542787,-0.2471150778891516,0.3273362433123638,-0.3231185659232931
NVB,453791.240247292,5678846.72815489,2.267745531959442,-0.2070192267111875,0.3987700532986455,-0.3348544067394026
NVB,453790.467897578,5678847.07985656,2.456114011041692,-0.1806947604290347,0.4517543570333889,-0.3407792071445372
NVB,453789.816998718,5678847.38344131,2.810286261528757,-0.1173539703650521,0.5592893038384869,-0.2323532886977019
NVB,453789.192063594,5678847.6871784,3.02405295806959,-0.0320631560404647,0.5589347088282257,-0.2199221212263054
NVB,453788.619192781,5678847.96791597,3.0302038392404875,0.0382659097372315,0.6065245957645108,-0.1497866845139987
NVB,453788.020247407,5678848.26736646,2.9022795462801527,0.0678371960714474,0.539910667395271,-0.0151887727518267
NVB,453787.386624976,5678848.57660125,2.831940750209329,0.1004488651280835,0.5189671214941458,0.1947515602362659
NVB,453786.744458636,5678848.86691982,2.88236079609408,0.1495730709014038,0.4515588098266037,0.3098213755082462
NVB,453786.024348771,5678849.16565892,3.080233355588012,0.1715265717295793,0.3726907377323197,0.4956937883946458
NVB,453785.321704387,5678849.43786609,3.1919125978747798,0.2226937382810385,0.4678740195625932,0.5859832644358763
NVB,453784.662508827,5678849.68036457,3.131692207539288,0.2483044420875304,0.5632728721653244,0.5406104334471197
NVB,453783.93388101,5678849.95574838,3.2376392282744955,0.2716798308066651,0.621465662288793,0.4023526962749582
NVB,453782.554490549,5678850.51141199,3.288047272770449,0.314481375454799,0.6956543377654753,0.3799364361127585
NVB,453781.869122544,5678850.78926911,3.0566629949554973,0.2929651303028565,0.6493083750477899,0.3267124241241098
NVB,453781.201089747,5678851.06278888,2.91128551204648,0.2284076720899734,0.6127677244343878,0.2722440468956827
NVB,453780.532985236,5678851.3485156,2.789585938391183,0.1435678978052809,0.5498030886711917,0.1216546299130636
NVB,453779.882079118,5678851.65320926,2.64159743803111,0.0053987470868161,0.5024437844017279,0.1044333070549237
NVB,453779.170479993,5678851.97641257,2.6242567624857025,-0.1052052829664404,0.4284819798316255,0.0291601415634718
NVB,453778.432851855,5678852.31056066,2.5124772926470422,-0.2028657740975119,0.3905953202351054,-0.0387669847757109
NVB,453777.660487974,5678852.66448053,2.632605730408508,-0.3353235440740186,0.378456600386401,-0.0892765563673145
NVB,453776.940227551,5678852.98874255,2.7449047920287257,-0.4174682531583987,0.4078426872432769,-0.1828998710859634
NVB,453776.219986612,5678853.30967533,2.7425881323410715,-0.4518730428106916,0.4127350580736486,-0.4057747832133876
NVB,453775.517230741,5678853.60074701,2.877894440497787,-0.4438820770177672,0.3875833409728365,-0.6327401294737134
NVB,453774.849275669,5678853.8609495,2.8729044806822595,-0.4652521713784275,0.361089384891033,-0.7687491909101624
NVB,453774.172424861,5678854.16216106,2.8025545827776885,-0.5199690436572487,0.3326346207203605,-0.8117473049077604
NVB,453773.521414001,5678854.48460984,2.905893472334724,-0.5535762197839673,0.3631697502128548,-0.751235635768806
NVB,453772.887875197,5678854.77941701,2.9300527797178373,-0.5622501729625775,0.3516538960005253,-0.7128130413849071
NVB,453772.23707275,5678855.0663544,2.911582311442749,-0.5393034022572915,0.3596128379836077,-0.5976954185095311
NVB,453771.594983505,5678855.34335499,3.09808965815878,-0.4811154305485391,0.3740765658714698,-0.456120109408245
NVB,453770.918158507,5678855.64012736,3.2377953708289264,-0.4404284924663185,0.4494416914498655,-0.355548589817729
NVB,453770.215284931,5678855.95117368,3.243544944094367,-0.3610423522591706,0.4768712717665639,-0.2583808043751083
NVB,453769.512411298,5678856.26221993,3.2359312887104066,-0.2486929257722481,0.5601701299355283,-0.1596451159577684
NVB,453768.826872886,5678856.56892885,3.3079933808875044,-0.1739630455121275,0.7162291781472975,-0.1419516160934632
NVB,453768.141399586,5678856.86454043,3.230055663757785,-0.0710970309060786,0.716017178803638,-0.1312078009678091
NVB,453767.44721298,5678857.17008868,3.198270157973352,0.0579578982968008,0.7515641072530067,-0.0198505928815437
NVB,453766.674926321,5678857.51069074,3.083703073037928,0.1222788849061111,0.6720946080216958,0.1698376127646639
NVB,453765.946049483,5678857.82824257,2.9640947631224845,0.2056221969833883,0.5119493394725262,0.2513819920456753
NVB,453765.260595516,5678858.12052472,2.9291794202107533,0.2831139651415645,0.4707043340168125,0.3579559448729804
NVB,453764.540379692,5678858.43701752,2.9060952181242503,0.3598116407379029,0.6282737173973257,0.3363025765044147
NVB,453763.854782232,5678858.75371356,2.944385236504224,0.389693297162451,0.6810085424331266,0.3771803521082921
NVB,453763.169249896,5678859.05931227,3.0026605906110344,0.387028315853152,0.7192051812726011,0.3970970767385298
NVB,453762.431685576,5678859.38236158,3.1944026139105675,0.3579409818150276,0.7639610955148055,0.4272960576420356
NVB,453761.78958259,5678859.66158084,3.4323204599121646,0.4066806839928996,0.706628124353713,0.5480224761790479
NVB,453761.112626488,5678859.98054693,3.381163888011836,0.362536022334518,0.5919675917368645,0.5062419564028064
NVB,453760.418159058,5678860.33381287,3.258586015703894,0.3261548242361594,0.5645174484118293,0.5309307189946193
NVB,453759.697747291,5678860.68359707,3.0173023525626164,0.2824786360934797,0.5434315435986169,0.5088028979307929
NVB,453758.960078385,5678861.02440172,2.957283367200497,0.2309565573598543,0.5103271008506339,0.2905632615145931
NVB,453758.231174832,5678861.34639175,2.902907709557092,0.1616937152042258,0.4096667608772001,0.1603633144367703
NVB,453757.536915734,5678861.66414614,2.895494720693371,0.0877745366775968,0.3658664519276693,0.06368144323361
NVB,453756.877392351,5678861.96212871,2.7422572786771715,0.0182238879196985,0.3097450891444495,-0.0180033254184817
NVB,453756.183217882,5678862.26545651,2.5788290012339368,-0.0330009474761719,0.3324769630874988,-0.095674743010106
NVB,453755.437109174,5678862.56958896,2.4789390978812067,-0.062756929132199,0.3550429330280406,-0.1993569237499347
NVB,453754.777689934,5678862.8498157,2.2332438558725607,-0.0530188282293709,0.3534216451239499,-0.1921400490793923
NVB,453754.126879626,5678863.13786133,2.118739111753755,-0.0021945705048099,0.3548429695980946,-0.0769958720848806
NVB,453753.441405188,5678863.43347163,2.128887922322817,0.0633520414439081,0.3227050418788345,0.2189018161720158
NVB,453752.72990819,5678863.73891692,2.231613878154956,0.0330965964784671,0.2879695453110145,0.3543479934273852
NVB,453751.966405231,5678864.05737382,2.2798489094412067,-0.046837984654373,0.3126844319244027,0.3224938888027857
NVB,453751.211674167,5678864.3559064,2.370827716345279,-0.1503693384588664,0.3299915528124994,0.1189849145283625
NVB,453750.500300862,5678864.64026664,2.537273275070711,-0.2698365620134529,0.3986418087194,-0.2888339064479197
NVB,453749.797490849,5678864.94021386,2.728989126772265,-0.3679381003914465,0.4174135145253343,-0.5725736617774048
NVB,453749.146549793,5678865.25045364,2.84830571253112,-0.4275680362541938,0.3932767626140652,-0.7633133872892248
NVB,453748.460983708,5678865.56159971,2.96433489159125,-0.4711041805537414,0.3836032386075247,-0.8184345933034973
NVB,453747.766671677,5678865.88823107,3.042460730118008,-0.4844573280525038,0.4200068876456294,-0.8576477166132985
NVB,453747.055069917,5678866.21143149,3.4377611898090934,-0.4518897727042195,0.4888532692334384,-0.7223245997953248
NVB,453746.369490622,5678866.52479683,3.478816910558145,-0.426559857559761,0.5865457984418895,-0.5816505869250865
NVB,453745.692709329,5678866.81379895,3.5401567065767625,-0.4046551529222586,0.6243480511373117,-0.5734456653949007
NVB,453744.99863831,5678867.09937012,3.4661034917412543,-0.359694340560823,0.5862901249302855,-0.544695487642612
NVB,453744.217825469,5678867.41772459,3.2436760595444736,-0.3248613260581225,0.5436291263303743,-0.3851780683926904
NVB,453743.515041045,5678867.71323234,3.0735748626780897,-0.3070230130231203,0.430770132509689,-0.3964219646418172
NVB,453742.881676073,5678867.97807445,3.0909152443331487,-0.2898457848853664,0.3920441581425868,-0.3682969434204227
NVB,453742.187526605,5678868.27696211,3.019199487299415,-0.2711766802675934,0.4519677401321541,-0.3262645248688848
NVB,453741.51928225,5678868.58598983,3.044715019075725,-0.2050258306468667,0.5452696043722015,-0.2940741918417029
NVB,453740.842311498,5678868.90717365,3.24330525631458,-0.1698712620203989,0.6299507534559523,-0.1238082975827813
NVB,453740.061126627,5678869.2887822,3.248350860247546,-0.1379374950036638,0.6696964779047164,-0.001233044105248
NVB,453739.375396801,5678869.62767069,3.1704175481491474,-0.0730351061874357,0.7057117833823203,0.0168422301016912
NVB,453738.672396803,5678869.95979903,3.043919527436585,0.0241935704808505,0.6193770441187577,0.2032712558638152
NVB,453737.9521788,5678870.27628941,2.966038113178948,0.0915982244877496,0.6185165632010128,0.2464759899906782
NVB,453737.223508268,5678870.5583273,2.889471318615114,0.1539081113555107,0.5105343709526883,0.3236352179055112
NVB,453736.495000717,5678870.81262191,2.8662545478510952,0.2041611581106109,0.4430584444044161,0.489743610171014
NVB,453735.801000738,5678871.08598527,2.7536928927775226,0.2585708503517708,0.4739385608483645,0.5776276318742567
NVB,453735.089495825,5678871.3925387,2.680294277739148,0.3264501825539914,0.4988905551911696,0.5848131070769297
NVB,453734.395352272,5678871.69031595,2.803993069303932,0.3112262909964023,0.5431415690778487,0.4942592684984788
NVB,453733.675218713,5678871.99237948,2.98770785867596,0.2607496075643203,0.5386657132675192,0.3817498896992214
NVB,453732.920368782,5678872.31088541,3.1640257977704302,0.1571508006467868,0.5330457006617612,0.2024277820332575
NVB,453732.200091629,5678872.63736282,3.304982137263692,0.0911591610206606,0.5137385166272544,0.1334962485894605
NVB,453730.75926974,5678873.33581629,3.324370288595959,0.0009732062101005,0.5292601349792623,-0.1705571842718693
NVB,453730.065028018,5678873.65023909,3.270957329105922,-0.0400436328347018,0.5036792734728301,-0.3130885292096179
NVB,453729.336082951,5678873.97888483,3.3236066647065265,-0.0984229558719725,0.4622918984292596,-0.212819608254008
NVB,453728.676557446,5678874.27686504,3.329907851273373,-0.1193021680954439,0.4937718942301213,-0.1780708307677461
NVB,453728.060409373,5678874.55734389,3.43397070691713,-0.1037899319468727,0.5887878193931728,-0.2769132277561462
NVB,453727.400838113,5678874.8630921,3.789466450953321,-0.0750615821197931,0.5639905365371507,-0.3241382433924085
NVB,453726.645687608,5678875.23264492,4.124504543621039,-0.0127697906269968,0.5739297065962942,-0.2676889183397777
NVB,453725.942738743,5678875.55589432,4.468061421592809,0.0174805396974858,0.6155738401527363,-0.2057945735769046
NVB,453725.239868091,5678875.86582691,4.748119137403052,0.0269894375870652,0.697908926196662,-0.1270868867865982
NVB,453724.554319682,5678876.17364173,4.817383386302349,0.0513687492332408,1.0030192321800564,0.0601642335797313
NVB,453723.712524801,5678876.55933148,4.762424999283231,0.0730526512475105,0.9599307212391353,0.1970942445021672
NVB,453723.009575693,5678876.88258061,4.627730524631772,0.0982064235544075,0.9885638027172724,0.2193924842877678
NVB,453722.280806151,5678877.18126305,4.446798531200224,0.1809240870645038,0.9239761736275304,0.348922972308861
NVB,453721.552206163,5678877.45109248,4.427645034416417,0.1841580744585816,0.9831362425485964,0.3139364093916756
NVB,453720.832143327,5678877.74094783,4.132644338157226,0.1998120876508065,0.9334704547262253,0.2777841614658233
NVB,453720.146666338,5678878.03655525,3.959123623144628,0.1773159450023327,0.8104137080134503,0.3029828787596171
NVB,453719.391880504,5678878.34396261,3.549071502873043,0.1621777196485273,0.6957718302549935,0.2947214827014106
NVB,453718.654547391,5678878.62705764,3.336589675619222,0.1032433825966029,0.5378484107492236,0.2320609310709903
NVB,453717.925744901,5678878.93128831,2.975669725118896,-0.0247109611105643,0.4864005968324776,-0.067898714951847
NVB,453717.266270728,5678879.22038975,2.8138486770695152,-0.1434862633585527,0.4997350695008606,-0.2976805749051705
NVB,453716.59809621,5678879.51720836,3.030886941366433,-0.2553132021951528,0.4888854212644208,-0.430256083630426
NVB,453715.904022988,5678879.80277698,3.006177262618504,-0.3144794626499643,0.5189736941216454,-0.4800656556758421
NVB,453715.201340753,5678880.08052657,2.900309035224429,-0.4099068585369846,0.61338915066449,-0.4886451410133386
NVB,453714.455019952,5678880.42016646,2.774625990189304,-0.4929108142687633,0.5783793099668991,-0.5709258162728598
NVB,453713.743278466,5678880.76666817,2.784684903684356,-0.5767437034965907,0.5685567716003065,-0.626712692323521
NVB,453713.092230258,5678881.09466063,2.7359993814552834,-0.6438243664131641,0.4419533021324982,-0.699734516945883
NVB,453712.441116753,5678881.43375032,2.67072695004222,-0.6880859336093237,0.3482176732857707,-0.771823249858707
NVB,453711.703195871,5678881.81672023,2.5957123254153918,-0.7577114851764949,0.3097378918934748,-0.8520011950375216
NVB,453711.034701205,5678882.16791504,2.407366662224333,-0.7235322554152384,0.2780795608183316,-0.9160975317821248
NVB,453710.374854585,5678882.52027041,2.377429849206817,-0.7009383316089716,0.2686002329459971,-0.947913558727329
NVB,453709.671702111,5678882.87791992,2.4833183997437565,-0.6685368913010366,0.2882689049722854,-0.897227486421055
NVB,453708.994689654,5678883.20575938,2.634947154323912,-0.5463690913352892,0.3664665738237418,-0.7450543020678997
NVB,453708.3264427,5678883.5147843,2.6485738863831,-0.3959864011091578,0.4666697721690518,-0.5521547579356857
NVB,453707.614883367,5678883.83021308,2.585123966368186,-0.2457657942609816,0.5113885687161769,-0.3897399225709549
NVB,453706.903356602,5678884.14009315,2.599428520892858,-0.1444375515855312,0.5394788448127202,-0.2873707089473632
NVB,453706.157269966,5678884.43978204,2.7134125669331097,-0.0127320751782279,0.5208304702627221,-0.1775935603547452
NVB,453705.393926204,5678884.73049126,2.8929752822985457,0.0515614259042778,0.5089364598273616,-0.0494919949533068
NVB,453704.613129546,5678885.04551263,3.002482635782839,0.1216477721583289,0.5225152899970318,0.055916173168528
NVB,453703.85827716,5678885.3640158,3.010532440949085,0.1435602396326614,0.545369793986315,0.1303036983559362
NVB,453703.181551377,5678885.64302672,3.013002652297761,0.1919910547746809,0.5332441726728846,0.2733257275135922
NVB,453702.513480186,5678885.92208849,2.8624732058250166,0.1533783676981786,0.4812144223825552,0.1657637798078015
NVB,453701.775963008,5678886.23625433,2.721203085144306,0.1248203043999352,0.4675443847141503,0.1008570979181854
NVB,453701.125070467,5678886.53761233,2.575707470768736,0.092849707114639,0.4861444380539136,0.0128308317958092
NVB,453700.482825989,5678886.84013091,2.4123741644341634,0.0474342268334542,0.4359834378828369,-0.0959819656130075
NVB,453699.762591812,5678887.15883727,2.4503536768739,-0.0406392800711215,0.3721865978007512,-0.0821998595707872
NVB,453699.042377161,5678887.47421438,2.596019050014704,-0.1319325210259725,0.3432780772870357,-0.100125361654677
NVB,453698.322097183,5678887.8006887,2.746609308441434,-0.146482508387078,0.3516242339973329,-0.1771599454021268
NVB,453697.593071129,5678888.14264826,2.9114943894795897,-0.2464063783400949,0.4156069749195454,-0.0879643676466385
NVB,453696.846951116,5678888.44788491,3.0406202808002702,-0.29919169942466,0.4594758301912943,-0.0079968049797513
NVB,453696.040300775,5678888.74388736,3.120890452783309,-0.3059296241459884,0.5640562171641617,-0.0189596490118279
NVB,453695.277165072,5678888.9990843,3.3480102077186737,-0.2770262338455351,0.6113719287555912,-0.1331948864195191
NVB,453694.557563609,5678889.21014656,3.629801295002109,-0.2931260302696988,0.7046284590356197,-0.1707502478750226
NVB,453693.838040433,5678889.40789202,3.6721519344819895,-0.2821025763271717,0.6952467539633304,-0.2067769677584065
NVB,453693.161849174,5678889.59590439,3.5491612405319635,-0.2758638153577988,0.6836012771669931,-0.1717591202562244
NVB,453692.5116675,5678889.77630133,3.732931290609112,-0.2681201735558429,0.5436049642833567,-0.2733231145043641
NVB,453691.748753512,5678889.99376717,3.7011260281328697,-0.2538883076302421,0.4709055139002469,-0.286530225782202
NVB,453691.003194461,5678890.20356666,3.717012686238897,-0.2135484902018091,0.5060697418634637,-0.2819911013817737
NVB,453690.301091356,5678890.38254824,3.819971866213858,-0.1729885696305678,0.4880699585454314,-0.1968318068463396
NVB,453689.53831433,5678890.57670958,3.886635441765765,-0.1300013834421207,0.5434986383996812,-0.1472825719540825
NVB,453688.766784703,5678890.78746586,3.744247785965096,-0.0553334109486517,0.5889038403137841,0.0012589864733579
NVB,453687.977834771,5678891.01698562,3.698160229361277,0.0324773207149016,0.5709020890850626,0.0616867681058302
NVB,453687.206194084,5678891.24660712,3.29354667430534,0.1259474222852956,0.5670967665895165,0.1276702519591399
NVB,453686.382514502,5678891.49478845,3.069831381654215,0.2022478423101277,0.4921771393879316,0.1661347001565268
NVB,453685.602127676,5678891.73989508,2.581536957992558,0.2387485213372552,0.3817857295431688,0.3376068220722385
NVB,453684.839219829,5678891.95625053,2.319874193116238,0.2404593656401175,0.3756655848585302,0.4015650417780008
NVB,453684.137025021,5678892.15076775,2.3418392817051963,0.2405187028897868,0.3858398121421986,0.4788221928331632
NVB,453683.426149418,5678892.34967291,2.505443359210086,0.2063391892110895,0.4091213170175274,0.4403909526505973
NVB,453682.715280307,5678892.54746827,2.497683368468848,0.1621747168463401,0.510146663924116,0.3758315334321703
NVB,453682.013072333,5678892.74420476,2.539319553152148,0.0934339945031332,0.595410681609255,0.310680661036247
NVB,453681.293104535,5678893.01741059,2.722172433368048,0.0367123395493754,0.6286250320741549,0.227844797554265
NVB,453680.607703041,5678893.29969785,2.778740496025011,-0.023366297893179,0.6146651915579396,0.1053271698287872
NVB,453679.913712141,5678893.57083686,2.744099466833154,-0.0849385814253703,0.6145448131379628,0.1277582841564701
NVB,453679.089640324,5678893.88560111,2.5002848926716426,-0.1219973048959394,0.5346488198263027,-0.0303519716350336
NVB,453678.335008026,5678894.16637109,2.237350338448737,-0.1405925012694547,0.4433505375285056,-0.1485631360488703
NVB,453677.693277854,5678894.38121929,2.1152353744985817,-0.150333818099035,0.4520798647838207,-0.1883509776429238
NVB,453676.869558457,5678894.636058,2.2109375783380507,-0.1843640091084621,0.4529270108597607,-0.2278041727585909
NVB,453676.097910542,5678894.86678815,2.3296833803609256,-0.1927954050257393,0.4227237637518144,-0.1256532769399288
NVB,453675.352311415,5678895.08324453,2.5228516725305306,-0.227739695340191,0.4295050895625593,-0.090713852162247
NVB,453674.597992296,5678895.3107472,2.7861042143812567,-0.2304677509707781,0.4828246104472015,-0.1044046056292871
NVB,453673.809002302,5678895.54692391,3.028128836963143,-0.2092685218027454,0.5155543192060956,-0.1166471115305095
NVB,453672.950748946,5678895.78713204,3.5041885187494906,-0.2060100588834655,0.5239734978844539,-0.1224228733176359
NVB,453672.187905645,5678895.99238899,3.6632643135514606,-0.2260072794508954,0.5674435121237335,-0.1382746405503441
NVB,453671.442384662,5678896.19552827,3.865978770656436,-0.1869452447338481,0.637081717896126,-0.1107661768162561
NVB,453670.670932343,5678896.39296604,4.014196346669219,-0.1414753623057321,0.6952029413211696,0.0032070218363993
NVB,453669.951466655,5678896.58072178,4.121568138103664,-0.1023644222991398,0.7667798396995057,0.0376617748949178
NVB,453669.266534637,5678896.78310764,3.996357777544082,-0.0528416230900505,0.8078661798967819,-0.0535959770158338
NVB,453668.564214912,5678896.99870831,3.887228786738894,-0.0402175141496632,0.7811415298433214,-0.0771221229707077
NVB,453667.818615365,5678897.21516399,3.723764664843012,-0.0273405089226985,0.7105785223141413,-0.0724048132291344
NVB,453667.055615041,5678897.44705391,3.851640146773153,0.0129559470267596,0.6338549275246212,0.0107667212870275
NVB,453666.28388165,5678897.69220957,3.6951484479663512,0.045273890118818,0.5502081018587479,0.0133854515828695
NVB,453665.52069183,5678897.95628146,3.675750087154429,0.0772602455651833,0.6636576345443822,0.1116714499825934
NVB,453664.783465913,5678898.22050609,3.9183806004323767,0.1248882507640747,0.7791660166564217,0.210214305378431
NVB,453663.959530144,5678898.51196448,4.249732275282142,0.173211326448146,0.8060345964436977,0.2079149634584619
NVB,453663.196314037,5678898.78047506,4.413974366990943,0.1594018221429902,0.9496742558711304,0.2075818425289096
NVB,453662.450459439,5678899.04020962,4.506302199095928,0.1332290757871105,0.9555008276398786,0.1720408199932715
NVB,453661.687275886,5678899.30317142,4.707492798664244,0.1128789881613435,0.9445118323678376,0.0840585004158578
NVB,453660.93283185,5678899.55175762,4.752160769677917,0.0962909145285408,1.0361642634678068,0.0328607397910206
NVB,453660.161176435,5678899.78359594,4.69437178938761,0.0787720605028745,0.9863646498116906,0.000569353693052
NVB,453659.398345461,5678899.9866322,4.481434256802699,0.0503261353546646,0.9788960002585112,-0.0213552897167805
NVB,453658.713458583,5678900.18124905,4.094731072568679,0.0002444370763559,0.9967034308002298,-0.0042968033732701
NVB,453658.019903957,5678900.37803435,3.8228150271875374,-0.0349500063545019,0.9606114435001988,-0.0115878183647622
NVB,453657.27410782,5678900.62778087,3.9885105324164014,-0.0773167316737468,1.0069096141820244,-0.0513467988219621
NVB,453656.510930466,5678900.88963244,4.110346731596337,-0.1170882872561504,1.0096293815548951,-0.1275847395477556
NVB,453655.713147507,5678901.14906069,4.327305622947326,-0.2091038443071748,1.0002575152257245,-0.2369876817486535
NVB,453654.924045283,5678901.4041009,4.392676892298949,-0.2750592018359318,1.0898424819326682,-0.3217248647756775
NVB,453654.15228498,5678901.65369428,4.424313015724503,-0.2839238255316141,1.2145047682004335,-0.3433941743465447
NVB,453653.449951324,5678901.87151307,4.556370999087276,-0.3187040581092545,1.2716059011253276,-0.3637504757546569
NVB,453652.738976038,5678902.08706138,4.836492717633892,-0.3118274364318853,1.2434219234096806,-0.3650309704289319
NVB,453651.958410678,5678902.36212735,4.96470884772708,-0.3223888345030177,1.297097115506458,-0.3682110711774522
NVB,453651.221275342,5678902.61081452,4.909919777072125,-0.3267380906242644,1.1896639887730645,-0.3339577497601866
NVB,453650.44952133,5678902.85929782,4.941931286591023,-0.2917815688319146,1.2091378885478894,-0.2399981294369588
NVB,453649.677767271,5678903.10778104,5.023128800176641,-0.260409732870303,1.3459403518026496,-0.2077553830549054
NVB,453648.923342077,5678903.35303691,5.036664496407785,-0.260431911019596,1.1657566450423882,-0.3727195622678361
NVB,453648.212314259,5678903.57746264,4.886390274699465,-0.2689467978316217,0.822567075091177,-0.4719501263381772
NVB,453647.492677477,5678903.79406926,4.418154085233714,-0.2524930720009128,0.6292595017017075,-0.4256106701973472
NVB,453646.677551932,5678904.05894333,4.149704982579067,-0.2772694651542738,0.53835408093269,-0.3811184965059204
NVB,453645.905843367,5678904.29965809,3.982019194705661,-0.2605728671991034,0.6427108189100981,-0.3734575918851117
NVB,453645.108223051,5678904.53134207,3.732675875117098,-0.2014580394449365,0.7203795933075953,-0.3678480249566794
NVB,453644.301974162,5678904.7585361,3.597620603293593,-0.1493288727453851,0.6714511695125126,-0.3552510990032196
NVB,453643.52169574,5678904.9847732,3.570747010651613,-0.1058595030128667,0.5620808120117793,-0.3983105238615823
NVB,453642.845345061,5678905.19941474,3.780025681297456,-0.0428641772689227,0.5589506006105865,-0.3243286040982321
NVB,453642.168961674,5678905.41960486,3.739114422487847,-0.0259134667541303,0.5684034176239147,-0.2715456827171097
NVB,453641.510024791,5678905.61659256,3.8259513565688303,-0.0001237253277588,0.6080207709010149,-0.1152632960427712
NVB,453640.816449631,5678905.81670554,3.6606119073934655,0.0272733916866575,0.715397236300227,0.0199462023592723
NVB,453640.079627275,5678906.01212472,3.594380565552144,0.0707201947227232,0.7653867926808093,0.0298160623713665
NVB,453639.360101128,5678906.20986522,3.577654600459693,0.0541843471001162,0.7420478131894243,0.0860416701246405
NVB,453638.614663243,5678906.39857494,3.5056207035785327,0.003672193885942,0.7025348648989374,0.0442462720764572
NVB,453637.869192645,5678906.59283323,3.2232096583142864,-0.0432665435152083,0.53468873271098,-0.1402298035855627
NVB,453637.132350534,5678906.79158132,3.072590432219136,-0.0846237996488441,0.4264253810607373,-0.2081298782597752
NVB,453636.343338609,5678907.03108348,2.6471791660218846,-0.1450391730679198,0.3470588987797825,-0.3285208056067115
NVB,453635.606346102,5678907.25535518,2.451722110211183,-0.1612838063732955,0.3043693865807341,-0.3685867571133964
NVB,453634.886806653,5678907.45531473,2.2651083435646817,-0.162224341361742,0.3028536287575004,-0.2714931738432037
NVB,453634.193244227,5678907.65320767,2.07320369969005,-0.1237936949750694,0.3505870435715254,-0.1054542771643375
NVB,453633.464860511,5678907.88529824,2.01883180943306,-0.0775976597670134,0.3578594618970931,-0.1060622582270772
NVB,453632.727776335,5678908.12510586,2.0419609145347204,0.0369044995338951,0.3547307060694528,0.1185243960925056
NVB,453631.990646368,5678908.37268152,2.1052668855108525,0.158423628427582,0.3822501796772535,0.3170193776908693
NVB,453631.201477258,5678908.63881664,2.2040127518175465,0.3082333716746745,0.3837353643806349,0.5142929434980764
NVB,453630.455666383,5678908.89078008,2.378395570586661,0.3528034066667952,0.4134180476091789,0.5324939842284899
NVB,453629.709763952,5678909.15827966,2.636680412541621,0.3686092961003738,0.4257490230807004,0.442377758596621
NVB,453628.998584707,5678909.40822741,2.7661927358258023,0.3296750419246728,0.4026778043005805,0.4317735208087167
NVB,453628.287509997,5678909.64041945,3.1825259051035597,0.2603053458378863,0.3824940066894788,0.3964021572142533
NVB,453627.567826333,5678909.86479235,3.1678463761962767,0.1840571759241026,0.4101552419011968,0.3080259472533331
NVB,453626.848194924,5678910.08028737,3.2176624811857484,0.1205172111229609,0.528191978741879,0.1904856976040154
NVB,453626.067895839,5678910.30985193,3.2699130329216777,0.0424036328168521,0.482734081752708,0.1002348298718717
NVB,453625.330948475,5678910.52635457,3.333812974907642,-0.0465129219244663,0.4003309849910451,0.1079127189685257
NVB,453623.882952254,5678910.97060988,3.396024618661143,-0.163543991786113,0.3555217687071233,-0.0481946082779802
NVB,453623.120073455,5678911.18141073,2.7822310225745293,-0.1896047810767864,0.4565492123024368,-0.1169216910965988
NVB,453622.322615172,5678911.38534921,2.678630169673049,-0.1769492724659411,0.5160913206867109,-0.1339239461380448
NVB,453621.421183173,5678911.60865091,2.5928823787214457,-0.1444570585208164,0.5400932924657048,-0.0747421408944213
NVB,453620.649682261,5678911.81385191,2.4374434087581784,-0.1173343546107017,0.5961587205020114,0.0042776920873501
NVB,453619.86074776,5678912.04003568,2.307917350745773,-0.0529042311997847,0.6147804181735725,0.0895970636592064
NVB,453619.123623544,5678912.28650041,2.2858487160861776,0.0215019919208565,0.511463860129322,0.1045610571930851
NVB,453618.438551498,5678912.51218615,2.2959081075689576,0.0816250548501388,0.4498824428238792,0.1226823090685189
NVB,453617.753420577,5678912.74785939,2.4391982769349867,0.1126448589247106,0.4206335433647669,0.0680302103434887
NVB,453617.042149082,5678913.01334226,2.4944140432804573,0.1380332203155655,0.4482196773157811,0.0982464504602526
NVB,453616.270137945,5678913.30510162,2.589828497236329,0.1285030859226455,0.6051697520820318,0.2046502771387125
NVB,453615.44604836,5678913.6220787,2.6408677084085883,0.1386557394150319,0.7693077192158101,0.2287168267249668
NVB,453614.691522976,5678913.88397722,2.573410498555199,0.1303008753233319,0.9276347591670984,0.1545787163403177
NVB,453613.954607645,5678914.09493017,2.60261995192242,0.0951130982358394,0.7927902469131897,0.0629585493697161
NVB,453613.261050623,5678914.29171154,2.5368584896465114,0.0232678711635134,0.6101670286207176,0.0774457944215035
NVB,453612.550099221,5678914.50281734,2.595371032961486,-0.0425321127311717,0.4833972084002868,-0.0195018500926536
NVB,453611.821779594,5678914.72380863,2.645712534171301,-0.087705854842836,0.3993949228262345,-0.1941301496605297
NVB,453611.093427231,5678914.95034849,2.641273269553359,-0.1349470908653135,0.3845792619188484,-0.2776001911257749
NVB,453610.304354813,5678915.19983561,2.704788319384803,-0.1754331034333699,0.3821613790154189,-0.3231855228117087
NVB,453609.541213663,5678915.45502427,2.7846663306930037,-0.1691776304669994,0.3954520842359132,-0.2209352789811227
NVB,453608.804069172,5678915.70481722,2.794410096354818,-0.1749265683061736,0.4380812093444849,-0.0874739741217156
NVB,453608.066970406,5678915.946842,2.792150407746042,-0.1961722683760051,0.3934918946543417,-0.084176116031927
NVB,453607.252012247,5678916.18285908,2.828956291658808,-0.1611268452068207,0.3928470001633918,-0.0087943825724296
NVB,453606.515116108,5678916.39048215,2.6831897125749267,-0.1450970692276392,0.383858283169952,-0.0261944395113025
NVB,453605.81287786,5678916.59165078,2.658275592909784,-0.1304362818997591,0.3942472557744661,0.0034017947689292
NVB,453605.049886836,5678916.82131527,2.5221307988665758,-0.1239420951019096,0.4321737474633671,-0.0229366655345293
NVB,453604.295576596,5678917.04659177,2.568890587755994,-0.1016134453680875,0.4281075153722975,-0.0239778909826959
NVB,453603.575996182,5678917.25320684,2.7706795138415705,-0.0606548069149447,0.4520709955132124,-0.0630888268315414
NVB,453602.830451709,5678917.45966884,3.008330393577018,-0.0506252491772178,0.4985606377327971,-0.1498027597858667
NVB,453602.09348993,5678917.67838877,3.0485917412551298,-0.0201640500164035,0.5786307175539035,-0.2002808662887677
NVB,453601.313123939,5678917.91904817,2.938233809973408,-0.0298869128645586,0.5879844253399404,-0.1013044808526506
NVB,453600.506689231,5678918.17731012,2.912695885909309,-0.0493892244601082,0.5550530387797191,-0.0087462706770291
NVB,453599.717589979,5678918.43123509,2.8994097078326586,-0.0450982836324832,0.4533322563692307,-0.0474477763878794
NVB,453598.980542993,5678918.6643812,2.6992791112213848,-0.0482945860476922,0.3435768294264281,-0.2074291282121266
NVB,453598.217531936,5678918.89737422,2.4050913294060408,-0.0686260204438684,0.3631816536167451,-0.2478113932500552
NVB,453597.506586242,5678919.10736893,2.273285201783427,-0.0641740790797889,0.3968549306948757,-0.2258846425652645
NVB,453596.804295182,5678919.31741459,2.237624060823162,-0.0808014018809255,0.442010878664939,-0.1026654425716516
NVB,453596.093375572,5678919.52297026,2.2409394873571307,-0.0763083536811573,0.4458715092394333,-0.0349677348715788
NVB,453595.382455924,5678919.72852587,2.1990816278963976,-0.0855573205242595,0.4143471214173381,-3.279541850934799e-05
NVB,453594.645454471,5678919.95390347,2.0488181888267065,-0.0947435329647001,0.3705203803521784,-0.0575171564029617
NVB,453593.917088025,5678920.18266121,1.946723889796364,-0.1038039052720785,0.3160866257517615,-0.1161108575925074
NVB,453593.180073405,5678920.41025814,1.6968367421656658,-0.1558904952283593,0.310242483090153,-0.0709244616920137
NVB,453592.408426947,5678920.6398704,1.622552562266112,-0.2116860321483721,0.2963468253208965,-0.1695553689358403
NVB,453591.558705189,5678920.90009581,1.6721364063892503,-0.2709699965725304,0.27035051052822,-0.3182529920582386
NVB,453590.778305832,5678921.14630281,1.800074756729283,-0.3001609731363859,0.3091602876260738,-0.3038444864919317
NVB,453590.067281225,5678921.36961359,1.919783968821391,-0.3190931989857014,0.3563257022030152,-0.3577741276578574
NVB,453589.330207499,5678921.60719771,2.23072424721909,-0.343038958672817,0.4425994142431568,-0.2610696304272821
NVB,453588.636531415,5678921.82395203,2.4235462253096545,-0.3609327149877118,0.4790793708799241,-0.2857848694099752
NVB,453587.873454315,5678922.06804133,2.7457088639826512,-0.3017190269904388,0.5707771961966409,-0.3205229536357459
NVB,453587.188360864,5678922.29705355,2.8117264047271937,-0.3058757056928747,0.615907415838336,-0.3055881334656006
NVB,453586.511974389,5678922.51723891,2.878290129948258,-0.3144442138323145,0.5757803240956053,-0.3079178074938699
NVB,453585.783731769,5678922.72491107,2.9193528231290653,-0.331411636366733,0.5361021692058144,-0.2876376401709066
NVB,453585.029577406,5678922.92355226,3.1020884783205966,-0.3219606679634089,0.456290943707229,-0.3607052269029951
NVB,453584.249426255,5678923.12758895,3.0959711343177774,-0.3169767769020995,0.4541007407970968,-0.4063262006103814
NVB,453583.469183464,5678923.34716175,3.068166386621844,-0.3441302957050609,0.4815480985396425,-0.4397429291370749
NVB,453582.714878499,5678923.57132647,3.1607395598653745,-0.3634637231445546,0.6062110040572267,-0.4311074663195482
NVB,453581.97785668,5678923.80003209,3.2717582815909583,-0.3882565183181927,0.6620672609938346,-0.3969020555497769
NVB,453581.171459965,5678924.0516337,3.247091648545928,-0.3802160828972799,0.6727129516118906,-0.3630801545261695
NVB,453580.434398798,5678924.28699753,3.158564924449426,-0.3670208220782103,0.6092541519721808,-0.4021271211888159
NVB,453579.749350731,5678924.50824101,2.9875753710882726,-0.3841997515875517,0.5881264028854258,-0.3619032947548153
NVB,453579.003634791,5678924.74355369,2.8677804531722098,-0.3641847041558353,0.5294085618279564,-0.3263654489140995
NVB,453578.257925351,5678924.97775657,2.817451493678853,-0.3203055688969097,0.5201453398496826,-0.2578525648525696
NVB,453577.546939289,5678925.19440785,2.7315562247347267,-0.2598864011497228,0.4891082197693945,-0.2326135752337106
NVB,453576.783933484,5678925.42628907,2.6571435680534776,-0.1703896780219218,0.4442651623310767,-0.1632974111390585
NVB,453576.159585777,5678925.62791437,2.6804305106006714,-0.1337871165477549,0.4873512609120378,-0.0932586919049838
NVB,453575.517837056,5678925.84497374,2.8591294543597456,-0.1073223384305926,0.5333896406081192,0.0614095617970299
NVB,453574.858759305,5678926.06526017,3.0266043010361434,-0.0504246290118691,0.6005826512964473,0.0030286918390371
NVB,453574.164794482,5678926.33084126,3.0782652884640616,-0.029094576542651,0.6425637456815209,-0.0248063258541156
NVB,453573.43609308,5678926.61619324,3.0244389602246637,0.0137878331636737,0.5959449070272751,-0.0023757384983255
NVB,453572.681434119,5678926.90028232,2.9947375976654875,-0.0013660291959461,0.5528120715892982,-0.1106356916500074
NVB,453571.892175997,5678927.18083799,2.8925959188358545,-0.0209626225171037,0.5102520186983861,-0.214565435056443
NVB,453571.068351435,5678927.45231159,2.7805479077031228,-0.022558484567546,0.4719573702202996,-0.1768050699499526
NVB,453570.288088197,5678927.67521228,2.559812867246241,-0.0673438213440367,0.4922105851459637,-0.2130470612602336
NVB,453569.612073813,5678927.8321417,2.591688004566428,-0.0697237996111335,0.5001952505791023,-0.0120811404685013
NVB,453568.927476706,5678927.97681301,2.553204886920024,-0.094407744902808,0.4670745898309136,-0.0119511521204652
NVB,453568.138872817,5678928.14639549,2.5523435945522577,-0.1123677360146497,0.4671183792583508,-0.1311086359609304
NVB,453567.393319799,5678928.35396387,2.632409975718034,-0.1012787341384325,0.4369578166585413,-0.0887024553396792
NVB,453566.647609657,5678928.58816565,2.835758070650088,-0.1210853579717111,0.3994468043034053,-0.1228773180210258
NVB,453565.936505122,5678928.824791,3.197398099929513,-0.1218536247536221,0.4191472206594372,-0.0458735411163775
NVB,453565.095239897,5678929.11835646,3.464390899029906,-0.1265655729395902,0.5591083064686293,-0.0558826797177462
NVB,453564.375604943,5678929.33384578,3.577098906226717,-0.1200945878190144,0.7000243737002703,-0.1538986483272543
NVB,453563.612683421,5678929.55129926,3.976083075136312,-0.0804322080716225,0.8272436609830494,-0.1732539044358172
NVB,453562.832504848,5678929.75977275,4.2706920455319874,-0.0462962573680134,0.8702001725606775,-0.0335314288731904
NVB,453562.095724037,5678929.94741657,4.342281142326485,-0.0135542333562285,0.8830257743679559,0.0267914385083968
NVB,453561.402275539,5678930.12532802,4.294539304908303,0.0031286375544601,0.9449630525769872,0.0512277892690596
NVB,453560.596014957,5678930.35362325,4.199663243814142,0.0482384596534307,0.9476921969829064,0.0200689168281713
NVB,453559.789695414,5678930.59190594,4.22454027659892,0.0609377477572704,0.9274131546534912,0.0090648147248674
NVB,453559.026629626,5678930.83377299,4.146210814497052,0.0543528213707235,0.8900203960147984,0.0463725400513993
NVB,453558.150692793,5678931.13601132,4.202347362603216,0.0368705964761239,0.8921223487299276,0.0952790352583739
NVB,453557.352779024,5678931.41651449,4.036538868130452,-0.0033264150968402,0.9431010356051672,-0.0115977052379426
NVB,453556.702302594,5678931.64572829,4.07596163579477,-0.0061918899200747,1.034149260139985,-0.1066362671173888
NVB,453555.878477021,5678931.91720031,3.913877890402463,-0.0120487588324282,0.9667453202527856,-0.0358987277332397
NVB,453555.158599322,5678932.17374874,3.8372278078832687,-0.0532373871666421,0.9071012186508148,-0.1249518896540438
NVB,453554.48202776,5678932.42500375,3.659124135667501,-0.087758861894738,0.8673059405008391,-0.1804773005713146
NVB,453553.77088322,5678932.66828637,3.50628896968798,-0.1305727866793573,0.7237423733361263,-0.174676126242539
NVB,453553.007777757,5678932.91681121,3.295795416723944,-0.1753121633363148,0.6631087241991832,-0.1574426946842258
NVB,453552.149313514,5678933.1914078,3.1429928562685308,-0.1598763336512152,0.5780645662496093,-0.2310976533412574
NVB,453551.403674458,5678933.41340113,3.0797230881558497,-0.0896022738339832,0.5861005945342694,-0.1504499864727911
NVB,453550.684091101,5678933.62001139,3.050541125920228,-0.0821509613844688,0.6144151776812344,-0.043281884872204
NVB,453549.955898839,5678933.81880242,2.940417179383919,-0.0548678393297151,0.5913920787141249,0.0190158714611157
NVB,453549.054370447,5678934.05763206,2.923882852543692,-0.0218922823069199,0.5802942225767888,0.0817831106712982
NVB,453548.291389096,5678934.28507162,3.05087449273337,-0.0273529116411111,0.5251667255286265,0.0517036604280191
NVB,453547.511026294,5678934.52461598,3.123414105894377,-0.0237005552797076,0.5125669254833798,0.0029388126903551
NVB,453546.730702727,5678934.75750189,3.174385662671598,0.0035097522707486,0.5411165271127297,-0.0590358644632518
NVB,453545.941665491,5678935.00032421,3.211335460088355,0.0142028763559642,0.5503309989111032,-0.1171919925633748
NVB,453545.152634751,5678935.24203673,3.494002612950599,0.0138864150419832,0.5489201648535181,-0.1414591093634778
NVB,453544.381168726,5678935.44057191,3.6187477827668006,0.0397874118837885,0.6769822875735504,-0.1655605467359865
NVB,453543.644367276,5678935.6315432,4.001298899162569,0.0565616851308572,0.7213696870677523,-0.1262093258718946
NVB,453542.872560661,5678935.88778409,4.373437169443988,0.0667732398169248,0.9031577714191036,-0.0230989699005925
NVB,453541.979300136,5678936.19213795,4.400158997397516,0.0166300504956278,0.8101915925633274,-0.1192304163200085
NVB,453541.250675205,5678936.46417024,4.620182313215117,-0.0009759306162283,0.8825127563794002,-0.1548025121949637
NVB,453540.522030573,5678936.73953163,4.54370899951012,-0.0187094774729507,0.998833686608295,-0.1443420034234975
NVB,453539.775991366,5678937.02921729,4.578023193764263,-0.0298511446801416,0.940724282520765,-0.1299819096028139
NVB,453539.125461556,5678937.26730746,4.561864359862671,-0.0422248531799819,0.9436038672681198,-0.1976517066959678
NVB,453538.405615546,5678937.51830573,4.517201004680937,-0.0988166035207981,0.9181881884377094,-0.2115012261063096
NVB,453537.599189783,5678937.7743418,4.541080913885473,-0.0781589955062303,0.9039398445305232,-0.2428650076039474
NVB,453536.870826515,5678938.00198456,4.922933405626702,-0.0903195727458814,0.9275681364432138,-0.2715128764245754
NVB,453536.125343738,5678938.19734298,4.840396082207937,-0.0411746477428494,0.8670357570359305,-0.2816557501586985
NVB,453535.345229039,5678938.39471647,4.683564995437922,-0.0297105274836473,0.8492983148067684,-0.1357688079415797
NVB,453534.582449892,5678938.58775314,4.492924868047482,-0.0099111824475948,0.7990767122884848,0.0327004907469626
NVB,453533.837006297,5678938.77645297,4.319433877173434,0.0131697494370869,0.7225798656276112,0.0962802059714313
NVB,453533.100210816,5678938.96631355,4.132645025327134,0.0419555393246062,0.7010229980030687,0.1564289260530652
NVB,453532.354551006,5678939.19163427,3.993490338471052,0.0240334725771826,0.6462604333758355,0.1683872440034665
NVB,453531.582841909,5678939.43122814,3.6158482200524102,0.0269941930821958,0.617989463515093,0.0725395458960033
NVB,453530.776356767,5678939.69725108,3.558366347630392,0.0238789441578403,0.5943482697717288,-0.0739757330543554
NVB,453530.039220516,5678939.94481723,3.712320424296229,0.022597389371901,0.6056824285206784,-0.0812283452708469
NVB,453529.397665817,5678940.12858102,3.82836645467044,0.0104156273083283,0.6551829958276536,-0.0997728722133426
NVB,453528.704091189,5678940.32757443,3.811349415536749,0.0193968301106886,0.6276691073932966,-0.0295198436789385
NVB,453528.010490325,5678940.5310067,4.056195088471724,0.0377479105856584,0.6914810839261167,0.0708272890494021
NVB,453527.282283724,5678940.7320151,4.125107331550538,0.0370241183058968,0.7527898403175513,0.193168140383353
NVB,453526.484682274,5678940.9592482,4.224510181746656,0.0553836745239317,0.8167461546008191,0.1702224521144064
NVB,453525.730360827,5678941.18562694,4.352309035470886,0.0457704648109252,0.9063598117773698,-0.0077268421170403
NVB,453524.941335371,5678941.42622771,4.552307595396957,0.0030750940314485,0.9434337546758712,-0.0153059320442061
NVB,453524.169088639,5678941.75681856,4.855787187876454,-0.0083482846647231,0.8992300173709207,-0.031135634245104
NVB,453523.448842111,5678942.07550887,5.012558458319989,-0.0533286713691588,1.0295590184564398,-0.0009201703272579
NVB,453522.719993232,5678942.3852702,5.1078687599294135,-0.0893149108767851,1.2078496754798236,-0.1056181841019945
NVB,453522.06954106,5678942.61004224,5.149473135822448,-0.0887184122737252,1.2742674527582305,-0.1990211640881116
NVB,453521.427848371,5678942.81710967,5.323220315538735,-0.0712707353589572,1.30712712903788,-0.1589770057906624
NVB,453520.655856862,5678943.10442078,5.491628478816361,-0.0856813526813849,1.330985521363212,-0.1283801502687272
NVB,453519.935931089,5678943.3687341,5.316783384514169,-0.0724876901281435,1.0708265829981656,-0.1944401930200135
NVB,453519.25988809,5678943.53009812,4.9454236626695,-0.0794936146202675,0.9151412589493556,-0.1631855142624765
NVB,453518.453847617,5678943.72065829,4.760144202123397,-0.0688860498366231,0.8049039153268378,-0.0912068867369145
NVB,453517.673705695,5678943.92246895,4.471224765598682,-0.0599002884132865,0.781902707863999,-0.0453631456559352
NVB,453516.919527844,5678944.12443283,4.480043544389553,-0.0402138212595299,0.7055438962135514,-0.0496795650322469
NVB,453516.156682144,5678944.328565,4.472464269920748,-0.0338117081775602,0.6343647908479132,-0.0231336425063384
NVB,453515.28981615,5678944.55982709,4.277161045521361,-0.0586263301746382,0.6311803968618587,-0.1371697037159557
NVB,453514.48359856,5678944.78034951,4.314660400695424,-0.0536521896552811,0.6751413318201024,-0.1193808577037969
NVB,453513.720523397,5678945.02332192,4.154147815465682,-0.0871510767647795,0.6649811790240688,-0.1508985928894544
NVB,453512.992119421,5678945.25762085,4.047885767990953,-0.0710594748872923,0.6546491533514065,-0.2085385942614689
NVB,453512.27254048,5678945.46311788,4.185661715852311,-0.0893308173742646,0.6013840016473938,-0.1765467263857009
NVB,453511.570257802,5678945.67093652,4.1496629627263255,-0.0903468487148128,0.6524533005105927,-0.1364206808701462
NVB,453510.867942323,5678945.88430373,4.473175789089463,-0.0948518821744749,0.7431926589009845,-0.0617851629971274
NVB,453510.078883158,5678946.13045166,4.714447925131737,-0.053966479375272,0.7597691033111914,-0.0361380416406124
NVB,453509.341745628,5678946.37801588,5.198533844673588,-0.0582575852193394,0.8139051344000771,-0.0348492435126923
NVB,453508.613498668,5678946.58568093,5.561832324396799,-0.0210973410162001,0.882401848844959,-0.0014837385901745
NVB,453507.859176146,5678946.81205796,5.823785054313234,-0.039563132970136,0.9738344747184072,-0.0216807040230716
NVB,453507.113298579,5678947.07399733,5.9130813582102855,-0.0372614481522369,1.109817213564683,0.0603786491477961
NVB,453506.367407852,5678947.33815608,5.918283372531628,-0.0434015543106575,1.1377750236688449,0.0389622102532177
NVB,453505.543460872,5678947.62959797,5.630344389873825,-0.033723445904228,1.193076628820814,-0.0326111331085586
NVB,453504.832221637,5678947.88841239,5.899179358771336,-0.0300268411353989,1.207050712919956,-0.0492246408062909
NVB,453503.982231771,5678948.19301751,6.020592331887768,-0.044761038479904,1.0889537834161358,-0.0545606652752463
NVB,453503.184307718,5678948.47462494,6.302550468963807,-0.0650930974168231,1.081935327959377,-0.0764784859290004
NVB,453502.403843766,5678948.73081077,6.498731689316329,-0.084891688359606,1.2406909925513323,-0.0925394568774309
NVB,453501.580388047,5678948.93902264,6.336755235815293,-0.1040244525341985,1.3633625869918515,-0.1893821129430132
NVB,453500.765567329,5678949.15061472,6.301860868906389,-0.1248128976780287,1.2689566149480445,-0.2082373072175625
NVB,453500.011146011,5678949.39363693,5.964396616905553,-0.1056157546588616,1.0122262956544574,-0.1900942544935732
NVB,453499.282819863,5678949.61461786,5.744878445352076,-0.1224623248229149,0.8323205014406458,-0.2464115737350809
NVB,453498.502499867,5678949.84638928,5.29886230929414,-0.1324833237306104,0.7826163983080686,-0.2217633509988678
NVB,453497.635842474,5678950.04213814,5.318796234122361,-0.1515132162081452,0.7504985081399116,-0.1895476497938688
NVB,453496.838507931,5678950.2238694,4.936840477182328,-0.1611449303143509,0.7629835797032528,-0.186620778192389
NVB,453496.093114724,5678950.40368785,4.724250808153385,-0.1553314679624078,0.6874601604192752,-0.1518911912387895
NVB,453495.347590382,5678950.6057008,4.587088697007163,-0.1488814369749523,0.5798371216938526,-0.1419226850222751
NVB,453494.679866627,5678950.82370997,4.508305752041629,-0.1485320871249611,0.6367066533906819,-0.204336375297939
NVB,453493.977360109,5678951.06925779,4.49382409940214,-0.1422557537823,0.5903608432955832,-0.1627528599557798
NVB,453493.274801105,5678951.32368338,4.5790487638371244,-0.1055430932144605,0.6623746067178936,-0.1191330663514252
NVB,453492.520366227,5678951.56892433,4.259206527133993,-0.0579790579381657,0.7342733967255728,-0.0938834823259894
NVB,453491.670500021,5678951.8524433,4.333235190827831,-0.0432125758722641,0.7693261983987024,-0.0017497621520099
NVB,453490.92468042,5678952.10439359,4.2225598205296695,-0.053713969143186,0.758333765080324,0.0712533941481872
NVB,453490.274272393,5678952.32139491,4.292693760196686,-0.0489410017259972,0.7810138219861884,0.0925282950724499
NVB,453489.450488169,5678952.58509192,4.684384457859278,-0.0421668255861448,0.9360257746339148,-0.0048898112764164
NVB,453488.765520209,5678952.79190106,5.026176470364756,-0.0317203126528446,0.9193527896770092,0.0247941678458616
NVB,453488.045782571,5678953.02402936,5.40924710882487,-0.0231943837913618,1.0490628970264244,0.008306948463895
NVB,453487.291065447,5678953.31698812,5.550991655265406,-0.0048266370162148,1.1585527653137229,-0.01817929552447
NVB,453486.562502539,5678953.57791808,5.547561746357308,0.0025652506208196,1.1273133651687333,-0.0335005375328505
NVB,453485.756112715,5678953.82729051,5.754212541411944,-0.0358975397800368,1.092507099795426,0.0693891745694915
NVB,453484.96692081,5678954.09563049,5.909337975841801,-0.0403650834393764,1.0418994833912931,0.0183267336565402
NVB,453484.246769872,5678954.39767131,5.734255226030294,-0.0306092410107713,1.0797598333334228,-0.0341604900428219
NVB,453483.509512704,5678954.66520823,5.7519438440909685,-0.0604745839538777,1.1941763751800183,-0.03016504541817
NVB,453482.781264265,5678954.8728709,5.65051942471825,-0.1005516826682815,1.1605592765663428,-0.0885346625197414
NVB,453482.070423573,5678955.06398986,5.489756366442729,-0.124943170544662,1.1781817018420442,-0.0575674971641796
NVB,453481.359609074,5678955.25066984,5.256289227360047,-0.1327283607383441,0.9974742176463588,-0.2237775935431447
NVB,453480.68340685,5678955.43866403,5.069844619870349,-0.1213579297146776,0.9394533694524956,-0.2151058800677504
NVB,453479.963917892,5678955.62862193,4.913947013190092,-0.1319879813368885,0.908257725837406,-0.2842888578351731
NVB,453479.175073138,5678955.83814575,4.730948132790191,-0.1456978786276304,0.8285169452758917,-0.265913907593661
NVB,453478.394889615,5678956.04661091,4.400461522969839,-0.1707686215206423,0.7856829390331168,-0.2544894792519124
NVB,453477.588682876,5678956.26491011,4.227889318400573,-0.1567280920285572,0.612449387847494,-0.1711744710177597
NVB,453476.817042507,5678956.49229163,4.089653736855093,-0.1599948458902625,0.6096143804245022,-0.1348096689745843
NVB,453475.958645062,5678956.75467294,4.010848707231992,-0.1813563908388197,0.5806097738359404,-0.1309528976109799
NVB,453475.204274682,5678956.98881495,3.8126534653857456,-0.1815490502775843,0.6945377805277714,-0.1160571367035497
NVB,453474.458506508,5678957.23188586,3.717872894776752,-0.1844414368455847,0.7193933266777631,-0.1272101408600765
NVB,453473.764614136,5678957.48414141,3.580980231735196,-0.1894655268319531,0.7103213446758049,-0.2046350322065453
NVB,453473.062217837,5678957.710822,3.6178078500094863,-0.2151600430010421,0.6953106059201369,-0.2631967198811541
NVB,453472.351363527,5678957.90415953,3.500952051624739,-0.2071232917686984,0.6119418965895733,-0.2469392454767216
NVB,453471.623029222,5678958.12624764,3.407285915337393,-0.2251770797870449,0.6024617077361577,-0.2236723689753277
NVB,453470.833619955,5678958.43120724,3.598448158674512,-0.2497417740499825,0.5992428853826515,-0.1685004301322178
NVB,453469.97478923,5678958.76682995,3.7530943059745248,-0.2190403476924739,0.6155545865637602,-0.2171632444695899
NVB,453469.168201564,5678959.04949252,4.01251952424344,-0.1861824802627437,0.6546414794149173,-0.212883175212131
NVB,453468.405261298,5678959.26915627,4.327872320208026,-0.1321534135611167,0.6695896660704281,-0.2271042623350985
NVB,453467.590228689,5678959.51625623,4.660644295531235,-0.1148085378895092,0.7508106883271032,-0.2300256575468379
NVB,453466.783817956,5678959.76895591,4.806582916787077,-0.1190532693151018,0.8652843280384246,-0.2045278940617965
NVB,453465.986140599,5678960.00838992,4.899884774047818,-0.0975191015318293,0.8699292945259818,-0.1616024620963374
NVB,453465.01516542,5678960.28120231,5.132512069969413,-0.0971324741814253,1.0110187526878849,-0.0555229678583205
NVB,453464.269639306,5678960.48321232,5.181969491879019,-0.1102293539375129,1.0135299979846255,-0.0470476609970465
NVB,453463.454711388,5678960.71255621,5.296873238905461,-0.0885510912105114,1.0390106519384268,-0.0749911555808341
NVB,453462.830495617,5678960.89086827,5.3815923016585785,-0.0622056767385939,1.0637087538681262,-0.0097505033647808
NVB,453462.136904281,5678961.0920753,5.224133356789956,-0.0622064780950235,1.05879625081388,-0.0271601527493816
NVB,453461.347901047,5678961.32823082,4.974723892421987,-0.0839554411947157,1.10320130957064,-0.0488109449208161
NVB,453460.567467206,5678961.57886388,4.99235074289968,-0.0922600921966948,0.994750051699328,-0.1104155225955065
NVB,453459.752197939,5678961.86591324,5.019723318165255,-0.1214415148024799,0.93850171506466,-0.1182119795569989
NVB,453458.919717568,5678962.13621428,4.929366715234012,-0.1043070742519874,0.8525084412165286,-0.1147946082957839
NVB,453458.139198289,5678962.40127356,4.87723532601261,-0.111271899075503,0.7268944547683799,-0.1603553264259912
NVB,453457.470803309,5678962.73247186,4.626655076366781,-0.1226811475524492,0.656111327307239,-0.1248343675528925
NVB,453456.845025855,5678963.17489872,4.791169506445122,-0.1598346038763183,0.6658415170386202,-0.134515670795452
NVB,453456.305146102,5678963.72770027,4.891743921309149,-0.1548023853961551,0.613580024849478,-0.146048811935925
NVB,453455.885448353,5678964.4476773,4.909304110732204,-0.1543947207561804,0.7312727177968273,-0.1917847232413488
NVB,453455.681338005,5678965.30099109,4.9057520278585045,-0.1606606616686364,0.7782848519579081,-0.2386338451369164
NVB,453455.744677875,5678966.29904594,4.736568047679449,-0.1493674372118715,0.8515885896003581,-0.1492326618268863
NVB,453456.102383537,5678967.28108475,4.41120060784526,-0.0988237378763449,0.7806050171022345,-0.1349407554532083
NVB,453456.641700867,5678968.2875023,4.0847244317412175,-0.1141239631661431,0.6114588593969698,-0.050685901925022
NVB,453457.284547099,5678969.35002017,3.689106337063921,-0.0821916543535867,0.535792227133245,-0.0990870193982503
NVB,453457.952517995,5678970.55473667,4.050037939734132,-0.1041775686358671,0.6188136372803309,-0.0608623202733183
NVB,453458.611657239,5678971.7893646,3.9104855476919016,-0.0716727144044299,0.6785015200143818,-0.0809017809219972
NVB,453459.210410345,5678972.9903425,4.05142743189966,-0.0641175178363829,0.6038120490120863,-0.1059041677085285
NVB,453459.912134887,5678974.34174756,4.098722932406302,-0.0616502809280174,0.7494454076168026,-0.016031780051752
NVB,453460.648681984,5678975.65895563,4.175128115051876,-0.0526917005863848,0.8262223164909923,-0.152515993331127
NVB,453461.479565587,5678977.12321048,3.9822780922464767,-0.0975742321551268,0.6898226568625772,-0.0893713099085127
NVB,453462.215988583,5678978.46150323,3.9357821623839606,-0.1297714742707975,0.7500881533420631,-0.1123017187536111
NVB,453462.831028962,5678979.83570072,3.847370224606202,-0.1224756452250393,0.6284566333106988,-0.160970139989977
NVB,453463.428537049,5678981.24752659,3.578712820229509,-0.1817503967348768,0.6194119312207137,-0.1726775520839325
NVB,453464.034516439,5678982.69047596,3.7217745759863807,-0.2031949686685795,0.648126899332249,-0.239896347141115
NVB,453464.658054803,5678984.09135792,3.661465600536251,-0.1850936647501084,0.6260904525463883,-0.2439273756320692
NVB,453465.333843292,5678985.43817009,3.769936806703712,-0.1361360358222643,0.5779640552551417,-0.1404104853977438
NVB,453465.940623573,5678986.74573247,4.006321557363902,-0.0297640345491378,0.681517440997469,-0.0517544775496676
NVB,453466.676444829,5678988.18611974,4.115009430392577,-0.0289099041395069,0.6739577291190622,0.0359568200449293
NVB,453467.317726511,5678989.51386173,4.304164510631543,-0.0865104267901018,0.7913709844865242,-0.0842520422040628
NVB,453457.745846819,5679017.22808634,4.531981126311504,-0.1487227401866755,0.91160617100307,-0.0941531324726813
NVB,453457.201376069,5679017.09280544,4.465830819916009,-0.1650023195644716,0.8763879476756222,-0.1841225537260707
NVB,453456.761189169,5679016.88600614,4.229626145703416,-0.1621365742301684,0.8688177905207257,-0.2998257687946226
NVB,453456.3905817,5679016.62191028,4.1525073450298855,-0.163508574729914,0.879631132974734,-0.2650277020923097
NVB,453456.054921412,5679016.30253266,4.134770820397643,-0.1681257373436918,0.800439057825402,-0.2157956949114492
NVB,453455.788873363,5679015.92030986,4.113148183943927,-0.1749609484828656,0.7250163566658117,-0.1990806191059239
NVB,453455.52314024,5679015.4848201,4.287082931342494,-0.1712530409648423,0.7261786252280866,-0.2281809808661384
NVB,453455.231377197,5679015.06027412,4.418857794193485,-0.1645944805176754,0.7174131739413183,-0.2179302187500342
NVB,453455.01762531,5679014.61621351,4.4494366288226574,-0.1695876734773792,0.7279723644252695,-0.1783994896073135
NVB,453454.942756701,5679014.10416843,4.528267016600759,-0.1349924628585751,0.7762340559017115,-0.1821313089062452
NVB,453455.110838648,5679013.48924156,4.728630591279526,-0.1456685198393916,0.8143150334588249,-0.1804508613694385
NVB,453455.261027121,5679012.97297814,4.914332804342625,-0.144588792855583,0.828775098301211,-0.1482896400845378
NVB,453455.393689519,5679012.49323341,4.950264718949778,-0.1502446743206578,0.9322465297200536,-0.0813414731874786
NVB,453455.638752497,5679012.0330192,4.940374611527978,-0.1454108905215886,0.9624403408847136,-0.0666788141521885
NVB,453455.952548522,5679011.65866336,5.023983985716893,-0.1553744841696174,1.008441909320989,-0.0703062200403079
NVB,453456.30052408,5679011.35886395,5.3054487892379525,-0.1731875290906752,1.0065053468725418,-0.0986479681021674
NVB,453456.881922755,5679011.10372533,5.288727260792654,-0.1850958234363767,0.9575162203053752,-0.0552893569766824
NVB,453457.653398488,5679010.90519866,5.449938176773121,-0.1654603634477637,0.9940002600270812,-0.0920311669025611
NVB,453458.511441631,5679010.70385435,5.364824413667351,-0.1711558445560446,1.0670860967977958,-0.1158692131439002
NVB,453459.438814788,5679010.48738305,5.423805596134464,-0.194342925505373,0.99267780063721,-0.1539921844649692
NVB,453460.279935314,5679010.22046228,4.871271936431181,-0.2031240244873352,0.975669329444657,-0.1911225055340235
NVB,453460.957087331,5679009.87266897,4.555016851032421,-0.2051652924707059,0.8662577735323972,-0.2044803628231008
NVB,453461.582605818,5679009.4746309,4.339050276674399,-0.1997154535873301,0.7286450379298377,-0.1832030776429562
NVB,453462.182441976,5679009.028721,4.012167151322004,-0.2131265425950206,0.6980605595425917,-0.3015017445787475
NVB,453462.739227214,5679008.54482452,3.7997929111730766,-0.2394036994078582,0.6799927866115761,-0.1998858171962581
NVB,453463.383393172,5679007.92050411,3.7835239236429214,-0.2564016659294453,0.5891424349824953,-0.255617829183533
NVB,453463.888675973,5679007.36416829,3.4596033894230773,-0.2295544042107586,0.5405307213712383,-0.2240402170042471
NVB,453464.40328252,5679006.69469134,3.4315863448019623,-0.2137919820079269,0.5774788840757732,-0.2799787936848583
NVB,453464.81432688,5679005.97466272,3.600707132020357,-0.217505809039851,0.5360040523597367,-0.2678704666393623
NVB,453465.095674223,5679005.23278194,3.7983123428583263,-0.2031183676725668,0.5821431279101845,-0.1815602539955223
NVB,453465.273695559,5679004.40039932,3.909090051721564,-0.1575550259020698,0.7022831135342907,-0.1806391468171648
NVB,453465.433849797,5679003.66224127,4.064741917573127,-0.1349121307117167,0.7775287379624151,-0.1275974920734558
NVB,453465.793391636,5679002.86977336,4.502751058051926,-0.0999228816676817,0.8765518352365453,-0.1533524173144892
NVB,453466.34368592,5679002.01961524,4.849539892811769,-0.0586648771451261,0.954037319906196,-0.0386419988257059
NVB,453466.729441137,5679001.18513109,5.336488615648055,-0.0451342517984556,0.8812214434210723,-0.0256661460792845
NVB,453466.959377697,5679000.3552748,5.582398814537992,0.0121201541823074,0.9127598506082762,0.0869158233374729
NVB,453467.076821941,5678999.52142434,5.678014459507959,0.0045331201936921,1.0339172735441828,0.106572511334405
NVB,453467.133728726,5678998.67944771,5.996269183635265,0.0321752020661578,1.075557240899527,0.1333477624397805
NVB,453467.217058913,5678997.75994358,5.9417642248853015,0.0172513763773112,1.119503076946731,0.0708000032263946
NVB,453467.438491418,5678996.90451238,5.882652141149139,0.0070854457075126,1.111007093810214,0.0135225067066819
NVB,453467.737370728,5678996.12500305,5.592064049231956,-0.0407584225213116,1.2537323199086914,-0.0450844387062414
NVB,453468.079773013,5678995.30357981,5.371845652021073,-0.0943964368377272,1.2110962709329802,-0.1337202300295341
NVB,453468.39616504,5678994.48977118,4.936777094554786,-0.1122847186887665,0.9533544228735104,-0.1186767016102343
NVB,453468.686710784,5678993.65583399,4.418376212476083,-0.1633820041483344,0.8133504010409399,-0.2550914572659519
NVB,453469.003745432,5678992.733272,4.316081767624835,-0.2253505820583588,0.7772970883275154,-0.4025668695625896
NVB,453469.398030074,5678991.9199237,4.130105660546781,-0.2609527162072691,0.6756274736781535,-0.3893715049930426
NVB,453469.887792403,5678991.06052944,3.8249359350516623,-0.2279030996303253,0.6869363385772663,-0.3441742058281031
NVB,453470.360507461,5678990.15664374,3.832206769012727,-0.1999031831332037,0.6213118994413369,-0.145404059176287
NVB,453470.625134492,5678989.31478493,3.787346842770567,-0.1639114163823944,0.5861173202442803,-0.0595666373937771
NVB,453470.768483439,5678988.4910754,3.728621954283913,-0.1140747794202141,0.5338292088430941,-0.1596900999110735
NVB,453470.85127533,5678987.66256892,3.783607098420138,-0.0918016006692716,0.592881284325654,-0.209580590807829
NVB,453470.882073116,5678986.84485282,3.864250113228056,-0.127857971917073,0.6021680696804267,-0.1501501980065538
NVB,453470.973880441,5678985.95536245,3.926402722640931,-0.0992323966641889,0.6396153279218876,-0.1607967848068352
NVB,453471.134591262,5678985.12287738,3.823239688955274,-0.0825896160125412,0.6520693520398383,-0.1357563565126478
NVB,453471.46798384,5678984.36132814,3.9690267185796606,-0.0772331886180109,0.6303656321523297,-0.1809612539718663
NVB,453471.939878546,5678983.59615835,4.272773076864175,-0.0333100176166628,0.7805113819533838,-0.0232162180085637
NVB,453472.437724284,5678982.83336141,4.471448866433241,-0.0444451715923885,0.8885659304713921,0.1197762078004756
NVB,453472.675980021,5678982.06015223,4.6537902063872725,-0.0078428739820874,1.107804783579536,0.0569901053296224
NVB,453472.715012631,5678981.31350985,4.822916445264542,-0.0126748141443003,1.3011880576999564,0.0643835461326175
NVB,453472.823650444,5678980.50513189,5.028356552713399,-0.0409213930889665,1.344066924308596,0.086933730044023
NVB,453472.984059297,5678979.72369428,5.380516830131755,-0.0840313615836348,1.4183763453538432,-0.0177707900061891
NVB,453473.161672676,5678978.9601146,5.195719558813623,-0.076059405896779,1.3339775310197324,-0.102665846505069
NVB,453473.409245338,5678978.074874,5.20920697460546,-0.1019331356449306,1.3057041954644952,-0.1964611843055202
NVB,453473.656326094,5678977.272863,5.276998480151376,-0.1247801338085522,1.2148601685105829,-0.1498489908549552
NVB,453473.937304383,5678976.59312665,5.4212628210402025,-0.1605556075785178,1.1426597931835143,-0.1235508758839115
NVB,453474.331830382,5678975.73871815,5.256268243276256,-0.1286148480561803,1.09453943990503,-0.081530999907086
NVB,453474.578373228,5678975.02770481,5.201001145562001,-0.1166407148428994,1.075953388364602,-0.130233779150371
NVB,453474.773413872,5678974.24425228,5.143448830822821,-0.1426498435082898,1.072568184789357,-0.1462067100453974
NVB,453474.916958877,5678973.38725082,4.799849086757239,-0.1429671731318955,1.185216113009679,-0.1102521303439536
NVB,453475.016823594,5678972.59879678,4.783838013005298,-0.1785623543336537,1.1303532391988986,-0.1531985018313262
NVB,453475.125329912,5678971.81261334,4.6144570272873136,-0.1834334078494747,0.9827012129794338,-0.188872741008913
NVB,453475.424351825,5678971.00868968,4.397029336847673,-0.1559221114390575,0.888588516750893,-0.2491936342408459
NVB,453475.8618494,5678970.20558432,4.21467381426905,-0.1534800912274668,0.752372272449318,-0.1614023517790347
NVB,453476.351268721,5678969.40389551,3.946651866443539,-0.1363891577907198,0.6444196944183103,-0.1414294935769662
NVB,453476.814664733,5678968.61204079,3.781727360049106,-0.058219838575039,0.6589257387759557,0.0457302139452537
NVB,453477.000761745,5678967.87736509,3.9987847004952473,-0.0514227783935756,0.710033050305043,0.0543992111003615
NVB,453477.07432757,5678967.14535372,4.178738547531104,-0.0335717834523343,0.7118365689026898,0.000598341493321
NVB,453477.147834366,5678966.4233299,4.527411522104106,-0.0819155221109999,0.7047539739707178,-0.0108454795028337
NVB,453477.265336116,5678965.57949171,4.535626691151241,-0.1192766765296104,0.672090559220797,-0.1888502722037195
NVB,453477.39102043,5678964.81560507,4.437195762343554,-0.1041523000072664,0.6873096358942837,-0.1960557154610534
NVB,453477.629393203,5678964.02242062,4.447010395531176,-0.0896984878908381,0.716061701889626,-0.2224874900635922
NVB,453477.919517232,5678963.25950566,4.517325363870741,-0.1113679522027086,0.7549862946383711,-0.1681013145510603
NVB,453478.304771039,5678962.50936025,4.222877137883765,-0.099319777805113,0.7078827945613754,-0.1721478650988832
NVB,453478.733370522,5678961.74726351,4.1789288933116895,-0.0906192844215269,0.6749246734339527,-0.1287544325140602
NVB,453479.040849707,5678960.9766827,4.090887926002325,-0.0643718444639967,0.6529951823618266,-0.0950163730585217
NVB,453479.28797529,5678960.16690341,4.249519967848097,-0.0238559308451484,0.6367503801289357,-0.1192757760737516
NVB,453479.509339934,5678959.32256912,4.584345375754222,-0.0395214653944712,0.666175047836962,-0.0055953678594819
NVB,453479.721859655,5678958.51036581,4.549699818076398,-0.0359682144764545,0.6355973042087302,0.0815999600752051
NVB,453479.934254747,5678957.71924732,4.653070457239624,-0.072019586932183,0.7511412164268779,0.0335836814229585
NVB,453480.172528708,5678956.9427087,4.737391776531247,-0.0785394577508495,0.841265742213194,-0.0595987047229525
NVB,453480.410809181,5678956.16506035,4.864738187373452,-0.1040465870624126,0.9217360714899132,-0.1796893380016707
NVB,453480.623243488,5678955.36728347,4.888560363719834,-0.1447130235458796,0.9786036581000808,-0.2756858949214105
NVB,453480.809307071,5678954.63815631,5.097309625498307,-0.1675582906835762,1.0076332213230037,-0.2852042869642914
NVB,453480.987069985,5678953.84905269,5.137108437168092,-0.1285041228451568,1.1397266035422495,-0.1988599631311522
NVB,453481.147490654,5678953.06539543,5.431570086703295,-0.1273207946541464,1.1765150398995197,-0.1470337360662723
NVB,453481.290549409,5678952.29051372,5.551778505448999,-0.1030332066629247,1.137175565821559,-0.0681094073014746
NVB,453481.494171451,5678951.51931915,5.559711890525007,-0.0788145092537718,1.1566530093244165,0.0014032538907074
NVB,453481.741007997,5678950.75836781,5.484431033636904,-0.0767867312251773,1.1057065923564748,-0.0111406034783251
NVB,453482.26516241,5678949.93690807,5.623971085638011,-0.0753666403117066,1.0604674333317885,-0.0641357665089242
NVB,453482.788897081,5678949.18647089,5.60910839172625,-0.091018183785348,1.0415357915119892,-0.1216140991166155
NVB,453483.069965417,5678948.49119801,5.610324987573793,-0.1171438246349493,0.9987461664997214,-0.0704612979841963
NVB,453483.290890055,5678947.72121539,5.49115950464983,-0.1261227218838446,1.080934295915492,-0.0964977622490148
NVB,453483.503179611,5678946.94785245,5.654633853442664,-0.1324601431830935,1.1310372150289023,-0.1496549544015556
NVB,453483.637563659,5678946.17624874,5.477752956696509,-0.1379853958209469,1.019767876868296,-0.1869010331664716
NVB,453483.728621704,5678945.41326717,5.422572444449961,-0.1142828785832167,0.8695681070965662,-0.2618504453543504
NVB,453483.880459362,5678944.61735171,5.006522246468962,-0.1153395071735841,0.6341750067233892,-0.2177216756204615
NVB,453484.057900486,5678943.88262469,4.66895829264136,-0.0602503617174814,0.5693719583199169,-0.0653263965495086
NVB,453484.252447733,5678943.18240151,4.651133028750669,-0.0642123372216241,0.5622355428779143,-0.0144029410272757
NVB,453484.508331862,5678942.35491753,4.511016856546005,-0.0351545057274498,0.5589670001143617,0.0764470418988379
NVB,453484.746388574,5678941.61499979,4.454648153073719,-0.066875604574601,0.6299887179873557,0.1173178297703979
NVB,453485.001551388,5678940.90958588,4.510967432821332,-0.0976234934478161,0.6571995595852298,0.1029346650325549
NVB,453485.248000454,5678940.21410838,4.610292693144971,-0.0987400333670003,0.6070486566959064,0.0174318203423187
NVB,453485.546692376,5678939.46567073,4.61057224778009,-0.1467209185726142,0.6042139035267259,-0.0802806131739712
NVB,453485.827904377,5678938.74598373,4.571038978138615,-0.1622228840281091,0.5916934714956347,-0.1992733625127417
NVB,453486.100192827,5678938.07174444,4.528417757130621,-0.1679969792936182,0.6355939390668488,-0.259201045247547
NVB,453486.42442252,5678937.39559247,4.62650932932,-0.1292007620737486,0.6235242305040828,-0.0535678788708398
NVB,453486.896050788,5678936.67481088,4.53377022888998,-0.1217864102367843,0.5845442072911485,-0.0497026227191346
NVB,453487.358571902,5678936.03054937,4.322913661816886,-0.1260409249343112,0.5904905088536525,-0.067465273677421
NVB,453487.803704878,5678935.39950231,4.110477843273334,-0.110980219967907,0.6235543929294945,-0.0816511625302677
NVB,453488.153721384,5678934.75346632,4.460584947461096,-0.1320494381308201,0.7578322553256025,-0.2487875304441787
NVB,453488.486277662,5678934.13285181,4.704712413412446,-0.142366195443498,0.8471267528619776,-0.3271433314384977
NVB,453488.853406764,5678933.52020989,4.861300739993173,-0.1676138622159338,0.8922927895170857,-0.2975627884310433
NVB,453489.22069315,5678932.88093448,4.961589707739925,-0.1542606078898916,0.9163682364345048,-0.1372059350248393
NVB,453489.613995997,5678932.23293462,5.26721337288205,-0.1351912723537625,0.880384289010307,-0.1040068612801989
NVB,453490.015973138,5678931.58165668,5.365539504312735,-0.0938782389034262,0.942462637531719,-0.0139873686703653
NVB,453490.461446553,5678930.89290361,5.247170376229967,-0.0771105308496188,0.9307010375465136,-0.0247807658197913
NVB,453490.941525536,5678930.20657447,5.252889665785414,-0.0624740547180803,0.9869410699629074,-0.056434853087515
NVB,453491.404131167,5678929.54788626,5.424054923803491,-0.0684483616745092,1.032471227359849,-0.0470028939735609
NVB,453491.831600087,5678928.97666203,5.82119928401586,-0.0783303551085618,1.0024177257940237,-0.0153530626413742
NVB,453492.276345541,5678928.41108867,6.131161645444257,-0.0789016011047465,1.0422667053112262,-0.0900306723543489
NVB,453492.834119724,5678927.7585114,6.375638534109147,-0.0803673005175574,1.0307621413870447,-0.1433266686039557
NVB,453493.365510218,5678927.17680331,6.238367561967109,-0.0924767310653217,1.084963687118297,-0.0522472855086135
NVB,453493.835970413,5678926.6535529,6.261463853242208,-0.0680152749408914,0.9474891647146534,-0.04556146510945
NVB,453494.350136609,5678926.05731603,6.007206349574343,-0.0742520908969823,0.8067611206570924,-0.1136796787912243
NVB,453494.855595604,5678925.46990583,5.330852237557552,-0.0520094117850326,0.6264808784556468,-0.0663135500339217
NVB,453495.395673254,5678924.88270009,5.040339188327325,-0.0677632362784568,0.596378892059919,-0.1483247179704069
NVB,453495.996681013,5678924.23703657,4.5593994138127245,-0.0645840589426987,0.5959932270916299,-0.1014116047485543
NVB,453496.493301552,5678923.68064753,4.603710421090969,-0.0727358703314187,0.5961762551605955,-0.0792565688313833
NVB,453496.981457426,5678923.09202522,4.6852788887226255,-0.1063892772731889,0.5702780769769702,-0.1252129079411921
NVB,453497.478405562,5678922.48014971,4.768591986945189,-0.0988779812795775,0.5390736288117751,-0.0650621210486856
NVB,453497.983903425,5678921.88608094,5.50692935247681,-0.1175198673459739,0.5561338086347909,-0.0679741856279085
NVB,453498.454782501,5678921.29180767,5.514007487457393,-0.108740586820903,0.5876509461237768,-0.1140659597164808
NVB,453498.830374835,5678920.71139852,5.619382801454806,-0.1035051978350628,0.6306551141433367,-0.1483581925456818
NVB,453499.223296134,5678920.12776241,5.6789834668091785,-0.1328775890638445,0.6185520451780172,-0.1272512066535757
NVB,453499.789848372,5678919.45415092,5.642407552256508,-0.1504086436121832,0.6285381029019491,-0.1309698051563368
NVB,453500.330075999,5678918.8414211,5.957180885975219,-0.1594389579863099,0.6371173621828238,-0.1711749540570539
NVB,453500.818126423,5678918.2705542,5.980813995571992,-0.2026471235809278,0.6305867332458998,-0.2624057179914334
NVB,453501.34111008,5678917.64662479,5.843574040166791,-0.1912697391764485,0.7114858217909205,-0.2679968102572718
NVB,453501.863779055,5678917.0759623,6.091599137087384,-0.216556000754921,0.7081738527415902,-0.2251770783948055
NVB,453502.386402076,5678916.51306786,6.086156391958192,-0.2130104858092484,0.8480124195746181,-0.2523661610245985
NVB,453502.908985699,5678915.95683177,5.993537976923783,-0.1859305243755021,0.9292901942692892,-0.2567410767073159
NVB,453503.440708912,5678915.31852686,6.149189948846379,-0.2017535196427807,0.8442030060715902,-0.2651680226571603
NVB,453503.946245194,5678914.71779935,5.967521208737476,-0.196009320645048,0.7950646664736887,-0.1973684324196415
NVB,453504.477804397,5678914.10723758,5.674090327926142,-0.2058101107668109,0.7594962734087555,-0.2332712105900521
NVB,453504.991857562,5678913.52986539,5.787418537357799,-0.2159931270160031,0.8072693527673388,-0.2458977289503277
NVB,453505.514473575,5678912.96808048,5.703358962176724,-0.2171083956375555,0.8474131314746394,-0.3171641261625371
NVB,453506.028526591,5678912.39070823,5.7238620058687095,-0.193430421687644,0.9076660444705128,-0.3528265719857606
NVB,453506.499332411,5678911.80864148,5.802808180414721,-0.166701066403513,0.8596237214367993,-0.290042876912863
NVB,453506.953143386,5678911.17320554,5.816735181054815,-0.1619648917514144,0.8153943400438096,-0.2607385636273603
NVB,453507.406672498,5678910.58548788,5.769134841434436,-0.1764734385194041,0.6767851215306588,-0.1292239876185456
NVB,453507.868541646,5678910.05108825,5.619637958627323,-0.1526358737763629,0.664194345638874,-0.0007695093755798
NVB,453508.339314423,5678909.47457003,5.3751757089937895,-0.1356928411381084,0.6564669780450177,0.0958700827906511
NVB,453508.801799447,5678908.8358559,5.439355377955614,-0.131798021002093,0.602490137494335,-0.0145493771498045
NVB,453509.298896499,5678908.1984559,5.440150399695443,-0.1147585037845818,0.5211389759880727,-0.1334354995757393
NVB,453509.882186237,5678907.62149226,5.86551590799762,-0.1171767697954785,0.4939094832301878,-0.1447741893253971
NVB,453510.508926136,5678907.01482144,5.909942201953895,-0.1596153118730155,0.523582825111015,-0.1859004357341992
NVB,453511.100870362,5678906.43790882,5.9592751612230535,-0.1507227731602988,0.6024237266540118,-0.1255995676738037
NVB,453511.580153187,5678905.88585553,6.389373343705628,-0.150867143973872,0.6220674057509666,-0.1091503643668681
NVB,453512.085911043,5678905.24739673,6.381035917690483,-0.1449854886004933,0.6241836827897278,-0.2214177715372057
NVB,453512.400853475,5678904.67772649,6.308962874270879,-0.1125644138562883,0.7147408436992603,-0.1524145036184857
NVB,453512.680810276,5678904.1699966,6.519813064523275,-0.1195122598241245,0.7789565093598689,-0.0793030078458164
NVB,453513.152145878,5678903.49804148,6.634647316935237,-0.1320925543172185,0.8505207622529181,-0.1524373642893768
NVB,453513.561994541,5678902.97887109,6.355958038537688,-0.1195680050392802,0.8604855802064043,-0.1174955478512027
NVB,453514.032648538,5678902.42232764,6.116764116965302,-0.1381120580989098,0.8371614456178176,-0.0766769673743594
NVB,453514.607505632,5678901.80758179,6.212371551997571,-0.1516337934420496,0.8097385481862743,-0.1681180527047211
NVB,453515.138774843,5678901.24584734,5.928617418613678,-0.1285064358755276,0.7685418156573771,-0.2107720970152189
NVB,453515.704590525,5678900.69652427,6.376608017464276,-0.15359081181842,0.7432367374151991,-0.1480450415419194
NVB,453516.279054233,5678900.14836199,6.371993734951242,-0.1920324574239919,0.8266713363439934,-0.1758147702208177
NVB,453516.78432649,5678899.59202277,6.700665324221751,-0.191870605412272,0.9571193949774396,-0.1872772005165225
NVB,453517.289723164,5678899.01459869,6.648835519448626,-0.1779541868261761,1.0316366694149102,-0.1511198369685623
NVB,453517.786379936,5678898.45154994,6.296007082595031,-0.2304459218240236,0.9639925277525616,-0.1679124690962753
NVB,453518.300273869,5678897.90081037,6.023686012964357,-0.2332790365509342,0.8359062096722389,-0.1195076633800609
NVB,453518.779804646,5678897.30658698,5.337295623489249,-0.2062766919225889,0.6692753285045282,-0.1848845480612923
NVB,453519.173162289,5678896.64859809,4.799316578147457,-0.2199073312872549,0.5833175566367724,-0.3036208336232444
NVB,453519.574814173,5678896.05169532,4.531943963496455,-0.2185989580117088,0.5159134821878263,-0.2614218289871104
NVB,453520.028072866,5678895.50947579,4.38154162842689,-0.2218325127506361,0.5219075878936319,-0.2846158886774239
NVB,453520.533632831,5678894.90430829,4.274273262116149,-0.24539276223359,0.4914279444690088,-0.2898475363653717
NVB,453521.090950272,5678894.32830027,3.902056469871338,-0.2523970036515189,0.4885192263751312,-0.2810037201690215
NVB,453521.700470683,5678893.70599018,4.042419722080402,-0.2168713640739441,0.5116022924647544,-0.3019611480808264
NVB,453522.240360737,5678893.14985499,4.029592842925474,-0.2333330931551022,0.4749007312376835,-0.3740519362878819
NVB,453522.736833353,5678892.61787833,3.610415526204207,-0.2862484871958746,0.4578374638071726,-0.4223795108489533
NVB,453523.233436926,5678892.06370706,3.5796885021027185,-0.2686454531778436,0.4521434822661586,-0.4560353599031762
NVB,453523.712973529,5678891.46837364,3.731177453339349,-0.2148383002511384,0.4263131632027763,-0.4754698840751486
NVB,453524.157904586,5678890.87061637,3.82937097613905,-0.1267895743926979,0.4207679611283552,-0.2640464592465136
NVB,453524.559523046,5678890.27926199,3.65485000698864,-0.0750558491769664,0.4165073480859125,-0.1400044594290648
NVB,453524.943727345,5678889.70556106,3.575327929020879,0.0020914249470334,0.486296157021985,-0.0469723362211917
NVB,453525.449515848,5678889.06155277,3.742772351085216,0.1020918710292049,0.5240387178907496,0.0599704126991621
NVB,453526.058688313,5678888.49805794,3.800152691527219,0.1530862747698104,0.5846804682409359,0.0002199306534839
NVB,453526.659245358,5678887.92785361,4.070262441553569,0.131128393775875,0.6909167741538034,-0.1394200897755536
NVB,453527.233812187,5678887.36193488,4.244079153073159,0.1657442834688744,0.6641963106513176,0.0484708031951883
NVB,453527.721865286,5678886.7899566,4.201038640196127,0.1625372127162855,0.6792438420721432,0.1526876917398875
NVB,453528.071450629,5678886.21605117,4.151125992677327,0.2160773800985347,0.6344494272583655,0.3248266896264918
NVB,453528.46424361,5678885.65349844,4.180401576185564,0.2520346010723848,0.5506138841750292,0.3443133676354643
NVB,453528.969540287,5678885.09271953,4.367019257059659,0.3361024624348221,0.4305934505725637,0.4557789575158096
NVB,453529.544296707,5678884.49461852,4.205466483372641,0.3601234104566667,0.4803810078940545,0.5116071881152552
NVB,453530.075609546,5678883.92511497,4.187962837585183,0.3910779542913,0.4886012562966024,0.6207645016552084
NVB,453530.546202298,5678883.37855809,4.189283384905802,0.3944187641349325,0.6793951405226075,0.5197928025470797
NVB,453531.112762344,5678882.70272491,4.297538622461572,0.4074734083194851,0.7711992268830997,0.5909268224500571
NVB,453531.609587411,5678882.11082236,4.311017057504715,0.3912370882048075,0.7772496830542593,0.4441160012094402
NVB,453532.080369903,5678881.53208327,4.364131891246778,0.3808856227585184,0.6972057161576265,0.4073392544679866
NVB,453532.516658234,5678880.932055,4.253885079907031,0.296285155906227,0.6529832611422853,0.4082497329925537
NVB,453532.996553711,5678880.27568596,4.249445198489927,0.1982473154832172,0.7005853493473717,0.4419054881557613
NVB,453533.458871302,5678879.66471359,4.3798353909169,0.1652425774924173,0.6855598208409215,0.4069180283498444
NVB,453533.973096961,5678879.05737687,4.349416092297948,0.1662426584721392,0.6422226951831703,0.2493157692439837
NVB,453534.547865664,5678878.45705603,4.343239341054516,0.1889943639504141,0.6090503033931048,0.1741979953701097
NVB,453535.165868133,5678877.86364892,4.604002921412711,0.195656077946704,0.4694662178172498,0.2739353967033092
NVB,453535.69733731,5678877.26751152,4.504850383594253,0.1737489959753178,0.4374466684717701,0.3697946445803999
NVB,453536.176852436,5678876.67550653,4.20678393314992,0.1942941509816999,0.4551686541658346,0.413764131793283
NVB,453536.699961547,5678876.02938022,3.7285051642887135,0.2739559393162915,0.4393988514355462,0.3239517191149976
NVB,453537.170808799,5678875.43954355,3.616836630693301,0.3013888960623107,0.439009098400318,0.4112304030292551
NVB,453537.58078542,5678874.89817735,3.4744396227517003,0.2943840438554323,0.3971283853627194,0.4935590926362223
NVB,453538.034329831,5678874.30712875,3.657319861274432,0.3025468430105043,0.4892785374285197,0.4839833993663849
NVB,453538.496555,5678873.71169228,4.348006067862764,0.299174758824155,0.5197802079333385,0.4611458710840861
NVB,453539.002498557,5678873.04104964,4.668565663101352,0.2938964680794778,0.59903029678983,0.3108259743173373
NVB,453539.438792449,5678872.43991125,4.697957884508035,0.2396103090319188,0.7329328898443728,0.209338746325519
NVB,453539.883577177,5678871.86656711,4.253456567364879,0.1617877551025592,0.7470414103112809,0.1976337756054871
NVB,453540.406397523,5678871.2692686,4.180749210583947,0.1485020059729991,0.768964478967304,0.0879921889255177
NVB,453541.033256625,5678870.64151053,4.299086637997609,0.1384790558719305,0.6624045894031635,0.0506780123558137
NVB,453541.547258462,5678870.07190406,4.324312977989581,0.1103075687338914,0.3280926856426487,0.086207515138067
NVB,453541.991938127,5678869.51631546,4.176798832334545,0.0861784891272409,0.4190047681637588,0.1994202371168667
NVB,453542.402117121,5678868.94054744,4.07071456022422,0.1163776942450121,0.606844568860776,0.2097026175058829
NVB,453542.77770377,5678868.3601362,3.660051193430769,0.1115724479739217,0.724247615684306,0.1471787284354192
NVB,453543.309269963,5678867.74735237,3.5550695570479265,0.1811284997870606,0.7186063225325147,0.1567510445011835
NVB,453543.918459157,5678867.18052698,3.5658443606938395,0.2845689956840684,0.6807546471631384,0.2927467837975965
NVB,453544.518443596,5678866.70686765,3.7235483638779407,0.3450200197209129,0.6092406918168589,0.3618980604095202
NVB,453545.144156079,5678866.27331168,3.5766338051212165,0.3926775701297609,0.5465379932080197,0.4957735600150718
NVB,453545.795662093,5678865.86876181,3.3973005949818464,0.4584948433872477,0.4676486008382262,0.6179477081425041
NVB,453546.412359682,5678865.49618973,3.5279715634050794,0.5065039542842289,0.4385018203826206,0.6248514736735159
NVB,453546.994268499,5678865.15226627,3.573675239702512,0.5250575464587609,0.3919628274819799,0.6589507356652661
NVB,453547.602317909,5678864.77853331,3.544773760940706,0.5373666740023179,0.4226547896444952,0.6397993684723782
NVB,453548.210445829,5678864.39148355,4.132905015964876,0.5035219122323765,0.5324554017334232,0.6175902834958131
NVB,453548.913951243,5678863.9750328,4.262456878607442,0.4828210933258364,0.6558454736684152,0.5802930376293394
NVB,453549.617312537,5678863.58299601,4.250830831550944,0.487359258969693,0.7138534564342875,0.4813018990908953
NVB,453550.320641023,5678863.19650779,4.137922427908693,0.440463425495499,0.6378218368375621,0.4671088906909558
NVB,453551.00651617,5678862.83433141,4.043233045121519,0.4271815568529531,0.6058181432478751,0.439362515793076
NVB,453551.674924891,5678862.49868632,3.766230384855896,0.3800717517213884,0.4575964689678971,0.4782863504993297
NVB,453552.386390564,5678862.19991751,3.5494109397224194,0.300357012742056,0.4090056133115778,0.4385066025747826
NVB,453553.097581206,5678861.94775722,3.076292204029696,0.269777318877223,0.4253246544038024,0.3852178000677543
NVB,453553.782670479,5678861.71874798,2.603984033950204,0.2047793728789405,0.4189827560137747,0.2697400923877006
NVB,453554.485101667,5678861.48429215,2.550667274186317,0.1431988164459457,0.4961614632648182,0.1616903858555231
NVB,453555.265561805,5678861.22699149,2.6268696766455584,0.0576872830249216,0.5069515494211001,-0.0231926470851797
NVB,453556.045871318,5678860.9952145,2.5623612536381497,0.0147476969843685,0.4891224353381732,-0.0073024162039994
NVB,453556.800164576,5678860.77216209,2.624080972375608,-0.0094197552012735,0.476988881666239,0.0193274302332952
NVB,453557.589279174,5678860.51491225,2.6286554943453906,-0.0047611118546834,0.469643112195717,0.0565026634304992
NVB,453558.33513376,5678860.25518761,2.7063523092107977,-0.0160581851250755,0.4657659958924968,0.0877003051700412
NVB,453559.159056538,5678859.96595971,2.7269143727661067,-0.0354676413632168,0.5344047344859478,-0.0250089259412785
NVB,453559.930861757,5678859.70860754,2.757476784805378,-0.0300139731824791,0.5949962195730523,-0.0899394769747226
NVB,453560.693946852,5678859.46230152,2.5685172195184216,-0.0530179987262642,0.572127663105094,-0.0709867604493467
NVB,453561.422334913,5678859.22910796,2.363519598882282,-0.1063427378788824,0.5586289314060569,-0.1473575743480022
NVB,453562.124752549,5678858.99687091,2.251850391746552,-0.1238253410298024,0.4875697786004167,-0.1578804865938962
NVB,453562.861775494,5678858.76705745,2.055403779256572,-0.109041236354821,0.4610469492377833,-0.1396154034595487
NVB,453563.615976699,5678858.55954059,1.99751417229696,-0.1008361070414963,0.4604426512183916,-0.1801681356324445
NVB,453564.335637977,5678858.33850272,2.002553576936981,-0.1334716014837861,0.4516605254073499,-0.228099917029766
NVB,453565.124882982,5678858.05905757,1.9665142024221685,-0.1331907036340067,0.4282158549724607,-0.1928317873637671
NVB,453565.836099009,5678857.80245722,2.090003448123737,-0.1345683897766583,0.4267265309883736,-0.099011421505238
NVB,453566.590581481,5678857.54722176,2.1336168102781183,-0.1219955897079901,0.3997273566018109,0.0130816200331314
NVB,453567.371034273,5678857.29102963,2.167613619773481,-0.0562900012650573,0.3797650404274502,0.0558247137673245
NVB,453568.203453925,5678857.02848531,2.198797739587183,-0.019533621985571,0.3487024554120766,0.094800743464008
NVB,453569.06176535,5678856.77830105,2.229223830120225,-0.0228633181479026,0.3342504524454683,0.1419034643414504
NVB,453569.824725515,5678856.55307898,2.316260152714721,-0.0521328343183854,0.3922127666737104,0.1286299230193789
NVB,453570.561715272,5678856.32881345,2.4583893035363324,-0.0936208746214241,0.470819637400539,0.0491305357768626
NVB,453571.281598654,5678856.07004419,2.6296033759128044,-0.136623703667033,0.5282782128577008,-0.0439505785748441
NVB,453571.914857396,5678855.82408122,2.853150093872204,-0.173713991530887,0.6381208291427346,-0.1562685616161121
NVB,453572.504699098,5678855.60227703,3.007271586565156,-0.1764352236783117,0.636695347182038,-0.1892143969241036
NVB,453573.224628155,5678855.33573949,3.1903379275222776,-0.1674032535582358,0.7374050589194246,-0.1083598807657855
NVB,453573.961912186,5678855.06153588,3.2630249832056077,-0.120784483288826,0.71142157118803,-0.153664295497385
NVB,453574.881139179,5678854.7551121,3.337476037653581,-0.1045955565073628,0.6354232259392828,-0.2244977924483795
NVB,453575.730762809,5678854.51042471,3.3016887859619977,-0.0807667430072749,0.5953071476558437,-0.1778655729098181
NVB,453576.493611313,5678854.30406738,3.305461628668419,-0.1045853927290831,0.6115328560143305,-0.1275550297029191
NVB,453577.273886767,5678854.07783693,3.261287606593521,-0.1132595322096009,0.6092058844267499,-0.06378473525063
NVB,453578.036970755,5678853.83152924,3.2800695314117068,-0.1267544966490782,0.7213111683866981,-0.1094757451283794
NVB,453578.765403563,5678853.59056598,3.5045300940059314,-0.1407455210653321,0.7651649435794824,-0.0599468838794802
NVB,453579.502425494,5678853.36075098,3.421087962945556,-0.1719814570294145,0.7577828437606587,0.0013978449304077
NVB,453580.248036551,5678853.14208421,3.40320786528615,-0.1692168744251481,0.7059178487002252,0.0371680567533936
NVB,453580.985006053,5678852.92114689,3.2535873540469864,-0.1635603032545481,0.5383347146254409,0.1427433382237728
NVB,453581.756907984,5678852.64714666,3.048567840016806,-0.0965259173995378,0.4712120231600303,0.1102855455562924
NVB,453582.476810277,5678852.3850472,2.782377764904428,-0.0347373642339555,0.4165317262907038,-0.0046129252979686
NVB,453583.153190887,5678852.16486222,2.654310237063008,-0.0054523755472978,0.4014422335798771,-0.0776564537916575
NVB,453583.847024601,5678851.92036521,2.5377347872634712,0.0217274570565796,0.3678330393151629,-0.0891025927914354
NVB,453584.558213271,5678851.66820208,2.414463334080931,-0.0069024938221126,0.3567806300303006,-0.1354597090808487
NVB,453585.364484737,5678851.43657528,2.3142369505878766,-0.0451425531896814,0.327530511881307,-0.1614392173568879
NVB,453586.170631851,5678851.22603322,2.1642615691738807,-0.0795481477931968,0.318951348840318,-0.1494415944404249
NVB,453586.95107027,5678850.97205862,2.100784364339178,-0.1220222377316927,0.3235009326427522,-0.0775764210782377
NVB,453587.653630318,5678850.71540528,2.057053778251457,-0.1581043271521222,0.3448763836560688,-0.1824123686477512
NVB,453588.373375224,5678850.47993876,2.0352599085136256,-0.1558640886902415,0.3592417680906755,-0.2350544409405636
NVB,453589.153610693,5678850.26036551,2.0524408596370294,-0.1274170847833603,0.3945710361150192,-0.2330428995257474
NVB,453589.933885365,5678850.03413382,1.9842128467404327,-0.0942343670859383,0.3738034057310739,-0.0852348775001371
NVB,453590.670867375,5678849.81097614,1.908838988144084,-0.0998374262745961,0.3747706909264265,-0.0122647885341037
NVB,453591.399240534,5678849.57999928,1.9822754489600327,-0.1372930193130518,0.3525248668072419,0.04611455721787
NVB,453592.170997847,5678849.33041205,1.9700901094568928,-0.1521305746539057,0.3479017919903844,-0.0593694887532569
NVB,453592.91675207,5678849.08733007,2.072518394769015,-0.1558856586368382,0.3457138012575396,-0.1168396253413789
NVB,453593.619285586,5678848.83511512,2.158566089985233,-0.1625283078675935,0.3364464968235668,-0.1783251409291641
NVB,453594.32189755,5678848.56958337,2.308020923621488,-0.1477147110639043,0.3757497798766248,-0.2964554644202565
NVB,453595.197594874,5678848.30618155,2.533643404913676,-0.1047053197316164,0.4359728269627519,-0.2644281898057495
NVB,453596.0211487,5678848.0790946,2.7352789499801307,-0.0369350100627513,0.4940749069618249,-0.0925666371796694
NVB,453596.84471556,5678847.8497881,2.8329939871757226,-0.0066473539456925,0.6087127094947478,0.0505446245344749
NVB,453597.460532808,5678847.62591562,3.062998448784442,0.0378042276087025,0.6649960720981752,0.0913481828449204
NVB,453598.11985847,5678847.36234793,3.231724519589201,0.0780850956749903,0.6814732574169571,0.1529669947241065
NVB,453598.909192705,5678847.06736322,3.4520879451640525,0.0972266888067169,0.826672007780131,0.1519146139423578
NVB,453599.654926873,5678846.82760979,3.487082346568679,0.1031322290689952,0.7914148093940956,0.1715452996068806
NVB,453600.443796625,5678846.61141562,3.659155211120241,0.0577268682185654,0.7775446877179824,0.1888727389631739
NVB,453601.258800164,5678846.36652146,3.711970958225704,0.0416201673594518,0.7453629011089891,0.1696444019700806
NVB,453602.022033049,5678846.0946877,3.619028821014476,0.0456026758713914,0.7074227463965836,0.0730569159759548
NVB,453602.759236693,5678845.83379813,3.6525695439702535,0.0380807191730867,0.6627748481008738,0.0514365871888938
NVB,453603.487851097,5678845.56176021,3.7323718582521006,-0.0498450724190524,0.7073120201499457,0.0225470276801513
NVB,453604.181696654,5678845.31504196,4.095780523429393,-0.1115755528516602,0.6807928711660216,-0.1077688818093938
NVB,453604.884157521,5678845.07503302,4.30230998715368,-0.1415370380228214,0.7322155462206237,-0.273236307558827
NVB,453605.61247095,5678844.8540424,4.520081844571158,-0.1503996020784863,0.8365649717666634,-0.241678986224657
NVB,453606.392711898,5678844.63335773,4.701100931770687,-0.180793027668548,1.0036154013190783,-0.26900412078501
NVB,453607.181692408,5678844.3982975,4.944207519780808,-0.1782005220528052,1.0074610278981628,-0.2208094709748659
NVB,453607.936008722,5678844.17080131,5.230405492459108,-0.1363850331794884,1.0324183609201674,-0.151392688605707
NVB,453608.707496853,5678843.96671132,5.545453990618289,-0.0855957661759976,1.0113063026407632,-0.1226022465031202
NVB,453609.479004558,5678843.75929208,5.489160412660634,-0.0565238940747278,1.0464139264814252,-0.0687865299580726
NVB,453610.259330292,5678843.52418055,5.487680908104131,-0.0605888943820041,0.9974945516408174,-0.0277384095517
NVB,453611.01394722,5678843.24563656,5.599135127784412,-0.0311757714859618,1.0610248344478286,-0.0459291683132253
NVB,453611.707929646,5678842.97561335,5.920632087042879,-0.0292050897307049,1.0396136799803248,-0.0178207343598369
NVB,453612.384465525,5678842.72879239,5.987233354538495,-0.0307577674577387,0.9885341941973668,-0.0106284800669278
NVB,453613.191075233,5678842.43945688,5.802105817964054,-0.0648868517011689,0.9882388150776026,0.025496084539101
NVB,453613.919630099,5678842.17740555,5.606666018588113,-0.0802816161523817,0.9831574867064936,0.0778648256710906
NVB,453614.656649896,5678841.94758727,5.594715959220629,-0.0550433011012384,1.0558029613807312,-0.0425981090261723
NVB,453615.38495621,5678841.72770548,5.541615365440715,-0.0479580175275516,1.110999395611477,-0.0778093805921538
NVB,453616.22588984,5678841.48851139,5.439009341367727,-0.0772306682763547,1.266332456202476,-0.0187372296262064
NVB,453617.023445861,5678841.26681791,5.341714743113187,-0.0545435254707935,1.2677968742311445,-0.0902756840904668
NVB,453617.699883351,5678841.03664242,5.446599883083279,-0.071370647395646,1.2501740464819129,-0.046588580024593
NVB,453618.497766176,5678840.75946239,5.461382482112863,-0.1017062072990067,1.1912435083827506,-0.0665974042869906
NVB,453619.217607278,5678840.50734714,5.120988174920761,-0.1207003584162377,0.9983878497591204,-0.1134252834670331
NVB,453619.919936488,5678840.28953143,4.517535689066072,-0.1013139198500801,0.8611381096106379,-0.0432196545239268
NVB,453620.700307314,5678840.04665077,3.9765151950518702,-0.0809235880038614,0.791296291199698,-0.0294932187749628
NVB,453621.47201043,5678839.80593851,3.6621010974635393,-0.0759182212648856,0.7841264489809313,0.0420463961035443
NVB,453622.269657646,5678839.56870831,3.518030761974116,-0.0445147954177204,0.8350524199764002,0.0572276497670488
NVB,453623.032673395,5678839.33349356,3.4081889520626927,-0.0555701329653605,0.849657418259786,0.0368672298299533
NVB,453623.769777627,5678839.08924796,3.3940843044138105,-0.0262265101009499,0.7198962001240834,0.0184587103522856
NVB,453624.498266451,5678838.83829294,3.397634318700575,-0.0039405191622914,0.7768334777433377,0.0405291561310668
NVB,453625.269910495,5678838.60756787,3.459776227014284,-0.0046968204015342,0.7539874258023208,0.0631971463451665
NVB,453626.024219175,5678838.38117967,3.3269435259011653,-0.0052994153861315,0.8153591013727925,0.0653666959831471
NVB,453626.804896841,5678838.08614119,3.357678322693873,-0.0373122137659174,0.8126054794269375,0.0819878491618334
NVB,453627.542196936,5678837.80860339,3.273807601778862,-0.0879869244696028,0.7806195243909699,-0.0048888460110473
NVB,453628.331032297,5678837.59795508,3.0570199547379584,-0.0787431731095313,0.7424681233828427,-0.1628205133189995
NVB,453629.163127469,5678837.38978103,2.952068607478051,-0.0862638611930216,0.6142815601574014,-0.1155726470140056
NVB,453629.882765286,5678837.17206638,2.682807420131597,-0.0771975110551898,0.572513071466679,-0.093167572884604
NVB,453630.585231152,5678836.93094543,2.543150140591857,-0.0989313045900422,0.5427735808262474,-0.0344217156794837
NVB,453631.287677366,5678836.6931536,2.364157605752554,-0.0888918270859621,0.5321107309497051,0.0352317829381998
NVB,453632.024859517,5678836.43559049,2.2379954946257734,-0.0783564900144421,0.5151338917905769,0.0226247954412492
NVB,453632.73596676,5678836.19673978,2.078331603089284,-0.0785603684623198,0.4843241462500389,-0.0480371254919475
NVB,453633.524886782,5678835.97166448,2.053496393340032,-0.0683275504470596,0.4293083365400635,-0.1072882416154133
NVB,453634.270468483,5678835.75743154,2.004003667768129,-0.078963915992694,0.4168595996650492,-0.2467202611859358
NVB,453635.068095284,5678835.52352923,1.9937467634468944,-0.1408166229273423,0.395465265416656,-0.2297047708025913
NVB,453635.87445504,5678835.27636108,1.945393456785408,-0.1377309724193023,0.3844405889992334,-0.1825925985731979
NVB,453636.663492512,5678835.03131036,1.9558892419362568,-0.1259170388645321,0.37973446707896,-0.1587876009167041
NVB,453637.383371699,5678834.77253509,2.0747827039103166,-0.10136297867454,0.3681204233313226,-0.1305430260666768
NVB,453638.267988508,5678834.46368062,2.174466271528396,-0.0952785706669351,0.4029624778409925,-0.2091431072678493
NVB,453638.970545356,5678834.20702272,2.2767130560895814,-0.0900977543351413,0.4603632985919357,-0.1365752249945186
NVB,453639.707772758,5678833.9416908,2.456574203897243,-0.0692616597201397,0.5873670373218499,-0.0294746571849699
NVB,453640.41035565,5678833.68059387,2.6912466085485494,-0.0768482323441198,0.6357527154526953,-0.020697721070948
NVB,453641.121638818,5678833.41177974,2.893233985441133,-0.094440441838827,0.7108495953960581,-0.0686516536946569
NVB,453641.858768054,5678833.16309354,3.2504182868338423,-0.0785051103455307,0.7236879330577932,-0.0702329201050018
NVB,453642.613284819,5678832.90119246,3.4697227096199064,-0.0696501882950732,0.7919905654448602,-0.0988966120791484
NVB,453643.341772447,5678832.65023571,3.4715335647961143,-0.0678426016927236,0.8687337023424117,-0.0237052122528792
NVB,453644.078725116,5678832.43151196,3.490989123537933,-0.0747489261296158,0.9183422736722142,-0.0966248231503505
NVB,453644.841563066,5678832.22625777,3.5203487891035223,-0.0563779739205026,0.800795286942536,-0.0458501667083253
NVB,453645.725715365,5678831.99619316,3.564573188693294,-0.050200358768684,0.6356595702350469,-0.0069215765213565
NVB,453646.523223816,5678831.78226481,3.4446645126421216,-0.0341321534421136,0.6278938506022478,-0.0054813514405744
NVB,453647.251508663,5678831.56570927,3.276235562897144,-0.0153689748379784,0.6761280559369583,-0.0126877721324235
NVB,453648.057867617,5678831.31853987,3.15485395839978,-0.0443384735488885,0.6583323424185944,-0.0159234764254773
NVB,453648.855643812,5678831.05911242,3.2055209138579865,-0.0374346752619269,0.626358413199108,-0.102818298796942
NVB,453649.584026525,5678830.82591075,3.065471072215923,-0.0553352187485535,0.6343336403909912,-0.1288878381138792
NVB,453650.399079108,5678830.5721337,2.8181072813352475,-0.0456108504448393,0.5809771973308513,-0.0874334925646191
NVB,453651.09279769,5678830.34649616,2.675315126026708,-0.0426171795363061,0.5822946218326593,-0.1269852419543597
NVB,453651.803910316,5678830.10653401,2.5868139778725983,-0.0597816593846078,0.5254065347607493,-0.1162926013863362
NVB,453652.575735596,5678829.84473388,2.530716043838316,-0.0717061339010029,0.4815498427015443,-0.0757070407185288
NVB,453653.347586957,5678829.57849476,2.550339305405404,-0.0708837045221473,0.4774321662781151,-0.0760636276686298
NVB,453654.10208338,5678829.31992177,2.451132360261862,-0.0942467104224855,0.4975369618709347,-0.0366470374465857
NVB,453654.856684279,5678829.04359305,2.463253451990305,-0.0943875350107884,0.5237998340041583,0.0102115520304494
NVB,453655.61127859,5678828.76837399,2.562746018801264,-0.0853468983371863,0.51414219481767,0.0475453938610493
NVB,453656.313958465,5678828.49062972,2.791926095324399,-0.0802331691835658,0.494597776088769,0.0347921220976235
NVB,453657.051295781,5678828.2064308,2.810447151419098,-0.0638260325222405,0.540874513828661,0.0206238976354995
NVB,453657.918425531,5678827.9274349,2.742137902904474,-0.0468390280572803,0.5856451719627462,-0.0394286145970802
NVB,453658.72477723,5678827.68137415,2.756791120213671,-0.0472856727800699,0.661091764393518,-0.1246388154212148
NVB,453659.461637537,5678827.47818516,2.818834622606225,-0.0577640381027477,0.6520301790577835,-0.2047573739198473
NVB,453660.189895486,5678827.26606734,2.954362910181968,-0.0484497130141053,0.6759894078818675,-0.0934195730954802
NVB,453660.909453098,5678827.06166661,2.9070686770763854,-0.0075524902407114,0.6574725153225492,-0.0467456555126469
NVB,453661.767712457,5678826.81924038,3.0062890901954225,0.0285871900914159,0.5944869950516672,-0.0986752544514918
NVB,453662.565246052,5678826.6008715,3.102004673635893,0.0091908473040045,0.557351558359732,-0.1241791174576175
NVB,453663.250113399,5678826.4084738,3.226660883619237,0.0010790777095568,0.6453482273911173,-0.0766570887398614
NVB,453664.056562745,5678826.14576658,3.283987646712868,-0.0031853821094907,0.6540394200828241,-0.0871574960836051
NVB,453664.793873428,5678825.86600586,3.301081568358012,-0.0162343459961662,0.6705294903356129,-0.144641804591603
NVB,453665.531118745,5678825.59734234,3.174466052250932,-0.0124742555025051,0.6376562085616507,-0.1449841679651867
NVB,453666.242419893,5678825.32519677,3.072921615208773,-0.0319949590274541,0.5681101062112273,-0.1086407667498234
NVB,453666.953832016,5678825.03418576,2.9925535708444797,-0.0136710657427679,0.5376554933407588,-0.0860139373799905
NVB,453667.639188939,5678824.75855807,2.893629238215271,-0.0007267904381532,0.4684827959630778,0.0200743001417312
NVB,453668.350150327,5678824.54411817,2.8478190992463457,-0.0162482308122372,0.4684339490614057,0.0744748283864826
NVB,453669.225639943,5678824.31510973,2.6068155478810184,-0.0331666584667274,0.5127208327486927,0.0858444784319445
NVB,453670.040325473,5678824.12347544,2.597328356265204,-0.0212774607959224,0.5233611877306573,0.063725042421693
NVB,453670.768413022,5678823.94020958,2.644235032483743,0.0106494398091943,0.5958352697052262,-0.0223632818153991
NVB,453671.548865488,5678823.68289744,2.792668808146508,0.0583606614043882,0.6653227054759369,-0.0229129534195271
NVB,453672.207977618,5678823.45483488,2.869321004204428,0.0525693372364468,0.7386721507596806,0.0226735333426193
NVB,453672.919167318,5678823.20155409,2.92836579224021,0.0167978491816812,0.7598631928884221,-0.0055616760638948
NVB,453673.682441108,5678822.92194532,2.983234830024514,-0.0198495276401715,0.7351039236778352,-0.0122447136804349
NVB,453674.419600945,5678822.66770744,3.0302635216136764,-0.0246238834929679,0.7113376013650782,0.0148679721138525
NVB,453675.208740383,5678822.40489723,2.9889230441677137,-0.034731088440775,0.7308083421509945,-0.0152709943805577
NVB,453675.971922592,5678822.14082443,3.031246392980917,-0.0123644317964274,0.7879087443856779,-0.0267730720442156
NVB,453676.67446401,5678821.88638265,3.266255710653818,0.0099974719063393,0.8204130145646459,-0.0188744708273244
NVB,453677.42901767,5678821.61781988,3.374659398586298,0.0141540375236574,0.8449770324668059,0.0182255799406545
NVB,453678.157574931,5678821.3546529,3.511478358749801,0.0464604060846101,0.9033262467181484,0.0555733685036656
NVB,453678.877510219,5678821.08588631,3.5583293582576103,0.0105148054150285,0.9090112412129644,0.106962990733587
NVB,453679.640711761,5678820.81848397,3.5793744429274303,-0.0084522233709075,0.7373493165925619,0.1672169673975183
NVB,453680.44697062,5678820.5879572,3.60961814854218,0.0110954025777707,0.6206373948621192,0.1008628828551117
NVB,453681.253124961,5678820.37518599,3.4438732835203054,0.001183370841782,0.5849815326365213,0.1625214565725122
NVB,453681.989899099,5678820.18642137,3.1957575055207066,0.0118526813786895,0.5650059052169696,0.1470277098001901
NVB,453682.735458341,5678819.97551304,2.992034185997442,-0.0314077396498105,0.575031415429606,0.1851728481191216
NVB,453683.463649651,5678819.77449036,2.922847613394878,-0.0195669157139368,0.51322428408354,0.1615992044272906
NVB,453684.23512028,5678819.57261246,3.0115479753004704,-0.0207642260926511,0.4807085434932576,-0.0120296612884612
NVB,453685.015251961,5678819.36967568,3.1023338981029926,-0.0395739137922852,0.4805103141103986,-0.0684114106657582
NVB,453685.899388526,5678819.14182604,3.162784374461698,-0.0338356079964193,0.5578715564691314,-0.1805542486657265
NVB,453686.679722497,5678818.90448751,3.2030104191279483,-0.0314214340502154,0.6013377049527572,-0.0029554507076316
NVB,453687.399657263,5678818.63572014,3.09813986129592,-0.0636630226912993,0.6010747822672197,0.0909359158717202
NVB,453688.041583402,5678818.3864696,3.0878949651777585,-0.0712628907406381,0.558670669868125,0.1162587053444407
NVB,453688.761563766,5678818.109934,3.056785609852438,-0.0670682782214804,0.6032184510145749,0.0496255689350374
NVB,453689.550761002,5678817.8371348,2.9617818332405648,-0.0125250633905861,0.6357105618327441,-0.0049431818737106
NVB,453690.287874139,5678817.59066354,2.9725052622350594,-0.0241477775898972,0.687571292814864,-0.0088736335345619
NVB,453691.059585891,5678817.34772503,2.8247136734783087,-0.0138728255899783,0.6910368920106224,0.0169355540194215
NVB,453691.848580612,5678817.10932718,2.767339148220989,0.00876264245431,0.6512405236765004,0.0133007914987053
NVB,453692.65483219,5678816.87990889,2.775558951016083,0.0084844963443325,0.5576866040669389,-0.0150858460874251
NVB,453693.443892085,5678816.63041359,2.6847956189729616,-0.0420835750517974,0.4986245419927501,-0.1015367841763753
NVB,453694.215845153,5678816.34641484,2.553490139473209,-0.0772569042047271,0.4297200618829944,-0.0543487530852953
NVB,453694.97908486,5678816.07235265,2.5181250468486445,-0.064525474940037,0.4161805823934274,-0.1533554945083947
NVB,453695.716439158,5678815.78482095,2.380206573846011,-0.0469137114742205,0.4034110981028214,-0.1584175796877973
NVB,453696.384400268,5678815.52351543,2.4682510290219035,-0.052144313243462,0.3849828263433882,-0.1668246134032296
NVB,453697.087025262,5678815.25464537,2.4680245541460857,-0.0180902921262999,0.3853497378820158,-0.2339394063865223
NVB,453697.902048528,5678815.00530233,2.563403481719926,0.0031026734491793,0.4125062882689426,-0.154334367114928
NVB,453698.682251179,5678814.79015719,2.894305187941309,-0.0028922065765593,0.4511068161767496,0.0214427699681106
NVB,453699.453649118,5678814.60048482,3.217833405131035,-0.0251680358519716,0.4979329443212771,0.1152999981060317
NVB,453700.190539728,5678814.3917434,3.376910267019228,-0.0048248705121839,0.582608813656059,0.156227598801085
NVB,453700.901590625,5678814.16176438,3.586989554608867,-0.0325632088249794,0.6420175451741851,0.2839880085782467
NVB,453701.673301704,5678813.91882484,3.767145708912394,-0.0082136629928767,0.6612793450876834,0.2398016697439345
NVB,453703.103933845,5678813.48000221,3.790812196306053,0.0256695358311457,0.8732514169604283,0.1100333919041586
NVB,453703.823789222,5678813.22455007,3.746313445568101,0.0425528260075733,0.8967387211105042,-0.0057561170548982
NVB,453704.56946466,5678812.99366458,3.596910176324588,0.0174887839407781,0.8746052092156343,-0.0617721357134755
NVB,453705.323768505,5678812.76726881,3.7912893865963095,0.0143291802330254,0.8033583483751378,-0.0571629335301296
NVB,453706.078117986,5678812.53310488,3.8796968895341912,0.0163054377680503,0.8480213571038085,-0.0137167043438963
NVB,453706.815236613,5678812.28552236,3.9492959382015616,0.042338001464369,0.8968847717548183,0.0009026512862774
NVB,453707.552511805,5678812.01130629,3.8617397114116496,0.0275276585344448,0.8588078059361163,-0.0087669171867103
NVB,453708.307291813,5678811.70390008,3.5971122854302884,0.0190323811212778,0.9050565521475908,0.0576622968400031
NVB,453709.027225157,5678811.43513074,3.466454323711751,-0.0294294217427227,0.7207457987674615,-0.0562644685587418
NVB,453709.70362467,5678811.21049601,3.23018114080072,-0.0473938406208901,0.619087616671317,-0.1837646412934107
NVB,453710.432140701,5678810.95398444,2.873095117076065,-0.042991436831133,0.5709422473087737,-0.1503262738600607
NVB,453711.125966692,5678810.70947626,2.703359130547095,-0.0244455921919317,0.5258718968907999,-0.0976614024663889
NVB,453711.836958199,5678810.48948381,2.676017849306403,-0.008747062436982,0.4973569512919395,-0.0972331011146324
NVB,453712.608590269,5678810.25985994,2.663699535010388,0.0199771370651586,0.4701543177155447,-0.0160339916098982
NVB,453713.2675826,5678810.05176907,2.588668224048317,0.0727865000421432,0.3712913806841557,0.1361342332952856
NVB,453713.961330125,5678809.82057738,2.560397011573784,0.1121911912179047,0.3528691263737085,0.349975022727408
NVB,453714.724281414,5678809.59534134,2.4458438636227875,0.1333520535581582,0.3514627466577825,0.5041711776792792
NVB,453715.443888127,5678809.38205782,2.3378508155591824,0.1415904145072253,0.3580305453948521,0.4632223354781546
NVB,453716.155179501,5678809.11101749,2.339914397772269,0.145511603105411,0.3610075841831172,0.3980227470420671
NVB,453716.840513692,5678808.83871472,2.3206407050194686,0.1257719082244212,0.3732678170192945,0.2347577777269795
NVB,453717.534300147,5678808.60086435,2.29180361157145,0.111374776858626,0.4417846208624651,0.0058679797154562
NVB,453718.280039965,5678808.35888028,2.5068826891672087,0.0795208969805432,0.5013426947194012,-0.0869931214348811
NVB,453719.008333634,5678808.14009868,2.5498731558698204,0.0477665804591387,0.5034499477284692,-0.0227209575928002
NVB,453719.753831987,5678807.93917441,2.657073294770355,0.0180750468197173,0.5606687547683005,-0.1023510178699879
NVB,453720.525333095,5678807.73174433,2.865943219812006,-0.0001995274141723,0.5102554692556377,-0.1297816638998995
NVB,453721.348865845,5678807.50686377,3.116975775777095,-0.0028402411976179,0.5421474005041107,-0.0186405746367587
NVB,453722.051104366,5678807.30346546,3.361702538796449,0.0118968926712265,0.5828676003285745,0.1938417825873567
NVB,453722.701513393,5678807.08311591,3.7077211120515945,0.0079046679515889,0.5633958529472626,0.2651790438794496
NVB,453723.308636585,5678806.8647314,3.825311415709972,0.0234824749121847,0.5847577657255967,0.2616420253896918
NVB,453723.967810982,5678806.62556725,3.786843223704002,0.0268745662374961,0.7168728956824217,0.1118017873306647
NVB,453724.670362458,5678806.36890175,3.892661578523472,0.0401999742110255,0.7403859780267136,-0.0512490734029707
NVB,453725.33827612,5678806.11536188,3.769033159336957,0.0427160618578665,0.7757543776864432,-0.0460545166185027
NVB,453726.023694521,5678805.82863186,3.5268746192155733,0.0094117024094508,0.7664260831157909,0.1054686211180215
NVB,453726.709119392,5678805.54079204,3.522244056788716,-0.0204559654276232,0.6435380503195386,0.2881391766325638
NVB,453727.42894064,5678805.2908864,3.595916979432369,-0.008000832825791,0.6519572542590558,0.2327881182773922
NVB,453728.200636954,5678805.05016373,3.6285310552822536,-0.0137906695326393,0.7191027010802592,0.1632544477856938
NVB,453728.91162093,5678804.83127948,3.839050227713274,0.0004857377849665,0.8222850975686764,0.0418405645098483
NVB,453729.535883286,5678804.64184916,3.9711582666558862,0.0001973698183895,0.8988201290536949,-0.0243976990029754
NVB,453730.290081227,5678804.43320666,4.007840728628163,-0.0224423327363826,0.991469213244894,-0.1500465600500843
NVB,453731.035291956,5678804.28110937,3.912087309288871,-0.0596188851334503,0.8961923014905829,-0.1691069902617723
NVB,453731.693872391,5678804.14292985,3.778967154956593,-0.0972003318489358,0.8348578411680336,-0.2289803213498771
NVB,453732.517306605,5678803.93469405,3.536796955739365,-0.115011319501185,0.7309566680229675,-0.2210338955249296
NVB,453733.210785611,5678803.74899953,3.33391829018828,-0.1276210209386827,0.6539137200839423,-0.1895125915672154
NVB,453733.939111026,5678803.52466791,3.328819626858516,-0.0868129212405123,0.595821817541458,-0.0938190976869913
NVB,453734.659218804,5678803.22593357,3.246952268023164,-0.0795365028072548,0.552344091553486,-0.0368971049179953
NVB,453735.327275339,5678802.94797884,3.3323517417663817,-0.0787473319279817,0.5027943539350772,0.0245414552852121
NVB,453736.021243291,5678802.67905446,3.338081435961508,-0.038240858514542,0.5032988659612099,0.0373637023060855
NVB,453736.723826614,5678802.41683924,3.1915110371378583,0.0198808275731215,0.5451814553665787,0.0318585896935047
NVB,453737.426279466,5678802.17681853,3.047985116718277,0.0026446709935033,0.5026768980073548,0.0873316500046064
NVB,453738.171965872,5678801.94371041,2.968777406934353,0.0017241536920207,0.4662948701247181,0.1162778547634809
NVB,453738.908886833,5678801.72941674,2.83493167886077,-8.299073258267744e-05,0.4508333430711797,0.1248556659000383
NVB,453739.62842041,5678801.52833803,2.693494844563329,-0.0223050824584681,0.4950509306578046,0.0317388238066838
NVB,453740.373813253,5678801.34516747,2.622902572600452,0.0149150433925763,0.470227931637991,-0.0113431919167233
NVB,453741.093268512,5678801.15740536,2.607938202274047,0.0551199696516795,0.4765260599811659,-0.0122625889945439
NVB,453741.769666192,5678800.9327679,2.7568253592651164,0.0445792919680993,0.4601233765226728,0.0359738215332229
NVB,453742.454933552,5678800.6715602,2.841182823042428,0.0553654433166053,0.4849787066577009,0.1688157046500691
NVB,453743.148803249,5678800.41928111,3.0117479952085904,0.071682568765971,0.5284347902072687,0.0651253586436669
NVB,453743.903182976,5678800.17956493,3.08821948795989,0.068348025611384,0.5762705484541262,0.0498562098139104
NVB,453744.614276904,5678799.94181389,3.258999806280868,0.0728301473434945,0.5713001857362591,0.0719363126554974
NVB,453745.316670605,5678799.71178003,3.6101633309805146,0.0899738995991607,0.6220758617224714,0.2182222746665843
NVB,453746.799329199,5678799.25549893,3.989523540790228,0.1069586633239996,0.7503725412504821,0.1639667101187092
NVB,453747.449782482,5678799.02737926,4.158720561252744,0.1304441046395957,0.8547591774508398,0.1151745651571833
NVB,453748.143645346,5678798.77620946,4.278392518351067,0.0897774854468282,0.9558225325360834,0.0098670444013944
NVB,453748.794157227,5678798.53810212,4.175599756501789,0.0636740677431351,0.8921662385594332,0.0251660635202204
NVB,453749.479287231,5678798.30019811,4.098693163765153,0.0566735331675216,0.7915403215651547,0.0748276579107005
NVB,453750.242210266,5678798.07939754,4.004751571788155,0.0636753212717759,0.7922169589409342,0.2083747508843268
NVB,453751.074395657,5678797.85456474,3.944603231103369,0.068738572838258,0.7828352128075562,0.3027190293149494
NVB,453751.845875356,5678797.65046079,3.990016014620065,0.0583078713816627,0.8172836073389754,0.2238002876491364
NVB,453752.53948371,5678797.44257001,3.938219454104592,0.0804956116746884,0.8407264808394829,0.1756446481974032
NVB,453753.345868323,5678797.18984123,3.987099540928873,0.0967193336926751,0.838566853184253,0.0113807381657308
NVB,453754.048157212,5678796.97756225,3.920015306776126,0.0743678079283151,0.7479626332753946,-0.0350400651803131
NVB,453754.74173937,5678796.77411019,3.8750322931262793,0.070237920928053,0.6893254104228554,0.0636704865428306
NVB,453755.444047738,5678796.5585019,3.6415434372944473,0.0481421503752074,0.5807528878563857,0.0172269704283827
NVB,453756.189837354,5678796.30763642,3.3871290495766537,0.0628370764657718,0.5476155169953493,-0.0121247587351593
NVB,453756.883693174,5678796.05757559,3.264390692034505,0.032302396623968,0.5392035902592178,0.0027694263083341
NVB,453757.534139373,5678795.83056481,3.2202032469605486,0.0421281138286879,0.5028769055832215,0.0009366113180969
NVB,453758.245180332,5678795.60169037,3.045686228521,0.0589452778611647,0.5374013065021566,0.0510781493445884
NVB,453759.051453756,5678795.36782639,2.907773171817308,0.0740358935258882,0.5277611897728504,0.0186501655008216
NVB,453759.849124735,5678795.12503367,2.701755308336057,0.0757299547474088,0.53223929395006,0.0031874750190858
NVB,453760.568878764,5678794.8862223,2.6207979576735343,0.0832885393771149,0.5514717491552376,0.0265054999011272
NVB,453761.331996678,5678794.63212882,2.6229000181207147,0.0798720229201028,0.5655598035031796,0.0984101139003921
NVB,453762.051737579,5678794.39553677,2.706519812740668,0.0554503428701445,0.5558359753704978,0.0859545199359914
NVB,453762.728140575,5678794.16978778,2.65187743202904,0.0907628275999061,0.5916536097741626,0.058625732980712
NVB,453763.430598387,5678793.92865503,2.672945463232256,0.1151305593903458,0.6554492920596809,-0.0017496678522728
NVB,453764.228451571,5678793.65478948,2.9607594914258395,0.1140800813852641,0.6330376710730875,-0.0992448348114208
NVB,453764.956905479,5678793.40826044,3.199145085218826,0.1150225060415005,0.6283062282701644,-0.0850857422837473
NVB,453765.633549444,5678793.14145126,3.4626338878306364,0.1302509835091576,0.5648429305020666,-0.016802011705361
NVB,453766.336156966,5678792.8747945,3.644726652447541,0.1744745901932452,0.6175643575210561,-0.0106853330962011
NVB,453766.995218053,5678792.65449214,3.743721439046081,0.2119660553276758,0.6705102175674079,0.0943487552012579
NVB,453767.628178641,5678792.45734155,3.802970916573721,0.2615907690788195,0.71443774342482,0.2972480977656704
NVB,453768.295848568,5678792.244858,3.921857943600765,0.2901794905170713,0.6614612314316894,0.4755810921417509
NVB,453768.989573297,5678792.01699067,3.9369755601448864,0.2773556112315088,0.6352884616139799,0.5362730266082049
NVB,453769.735146987,5678791.80274495,3.668401184126408,0.2844944059195874,0.5909694628633142,0.3420474229296289
NVB,453770.567194283,5678791.60121438,3.426774975395892,0.2659337260209878,0.490975794651671,0.1680164000387581
NVB,453771.364708117,5678791.38505398,3.0548174173811886,0.2153640707297898,0.4292905103220275,0.1630771156694991
NVB,453772.101835669,5678791.13524592,2.9252662466546573,0.1791553996873406,0.3957212379641177,0.1551666748233156
NVB,453772.761078893,5678790.88387069,2.8774387051638186,0.1525923511267088,0.3369852386428756,0.0871467071892816
NVB,453773.377101546,5678790.62336348,2.7336646936990854,0.1376310674340166,0.4720785853660238,0.0627854279148479
NVB,453774.062490734,5678790.34106821,2.664841628179984,0.1742599131997588,0.5474614966895474,0.1048530381965829
NVB,453774.773556764,5678790.10775336,2.5993726031640927,0.1527413093193534,0.5836849299867398,0.1248786484812823
NVB,453775.492977553,5678789.92553677,2.551688751054764,0.1769481344460657,0.6144956974030795,0.1920619916597672
NVB,453776.273155952,5678789.71371316,2.6211262296214097,0.19855460465838,0.4545553803452907,0.2202343647641389
NVB,453777.010263637,5678789.46723382,2.5727936968660616,0.2116268427267205,0.3881248940696951,0.3241146596058477
NVB,453777.756182179,5678789.19417175,2.682179187586684,0.244910203180061,0.4009764451031362,0.2756110460200072
NVB,453778.398050842,5678788.9537917,3.006854418452788,0.2682815477005926,0.5326351125201332,0.316037266840165
NVB,453779.039860828,5678788.72339916,3.332395436155353,0.2601900936380996,0.5986560535546315,0.2841082686126715
NVB,453779.73366962,5678788.48110442,3.713265901553701,0.2304589924633045,0.7336788428676407,0.2406612097956476
NVB,453780.514049726,5678788.23487881,4.077936252150682,0.1551037451088466,0.8026121329924311,0.1417561415535853
NVB,453781.294338572,5678788.00418932,4.329880791331815,0.1036960343497384,0.6963741827143927,0.0474294368968639
NVB,453782.065901178,5678787.78565595,4.3333717663653335,0.0954591383075176,0.687043225554879,0.0877706014763549
NVB,453782.785451872,5678787.58124413,4.090750781395236,0.0813390705868472,0.6940003125411878,0.2006649719169927
NVB,453783.504982985,5678787.38016143,3.914954742554553,0.0627511305834152,0.7424106162918496,0.0948659080643461
NVB,453784.207205004,5678787.17897705,3.927602130197253,0.0574991737728383,0.7462997783093072,0.096147648047093
NVB,453784.926794676,5678786.96790666,3.8111782499200766,0.0312625693875796,0.7440666483923557,0.1072186759490008
NVB,453785.663804104,5678786.73807244,3.84170587481423,0.0323963530330239,0.7207903747899023,0.063114787560472
NVB,453786.357638569,5678786.49133821,3.9324656138246823,0.0631715560009692,0.7079838007356803,0.0348557163986462
NVB,453787.043039948,5678786.20682235,4.055566561658348,0.0571104935999178,0.6571477133951045,0.0083666628942101
NVB,453787.780101356,5678785.96811011,4.163974984809911,0.0261830459295767,0.8005168267111687,0.0076097014340201
NVB,453788.568731606,5678785.79073765,4.340842582724927,0.045299760477848,0.9402535611907914,-0.1390874930144808
NVB,453789.418002133,5678785.60373317,4.624259432352129,0.0430821234249124,0.9598001255177028,-0.1386160072926476
NVB,453790.154952673,5678785.38388608,5.001278869235134,0.0031096903246426,0.9911706190780996,-0.0737345841161674
NVB,453790.770857058,5678785.14335264,5.071100940005343,-0.0026960948048693,0.9532915549759416,-0.0824338259582491
NVB,453791.447401707,5678784.89318717,5.251500188818426,-0.0401163177081842,0.999558990996534,-0.0462388901768073
NVB,453792.288414861,5678784.63843817,5.365511723519374,-0.0008005960774054,1.1294079660902847,-0.0586283088201172
NVB,453792.990883911,5678784.39508333,5.244919464914904,-0.0098490394070043,1.0696550592650955,-0.0009019697630317
NVB,453793.641621164,5678784.11813182,5.352676922598883,-0.0506473141505112,1.0771599707627024,-0.0274657428313826
NVB,453794.30095428,5678783.85121859,5.337839652739992,-0.0538997692570123,1.032661063093441,-0.0635403615188893
NVB,453795.150888791,5678783.55102122,5.20415885961468,-0.0247626339237081,0.9680142829809169,-0.0985471224145431
NVB,453795.870614593,5678783.31664554,4.930952997170515,-0.0452106909366496,0.9740089072207034,-0.0602560346318839
NVB,453797.275715004,5678782.80219198,4.117684042271007,-0.0429760075849299,0.8911098734105157,-0.0298229864247296
NVB,453798.012749723,5678782.56791769,3.5239277670902283,-0.0646422865828508,0.7780862068853257,-0.1380488220107644
NVB,453798.844892969,5678782.34973822,3.133443790664301,-0.0926680057570936,0.6065680014455728,-0.1550924971580418
NVB,453799.538459608,5678782.14850169,2.8296882337670226,-0.0854491640376409,0.4368750442869954,-0.1815443473821619
NVB,453800.240889127,5678781.91180458,2.389514100017131,-0.1100844936776837,0.330416527455932,-0.1569980839126093
NVB,453800.969360318,5678781.66194304,2.379164496257778,-0.1242928332029636,0.3113396340332703,-0.0332084052021115
NVB,453801.671698581,5678781.440782,2.742497201248771,-0.1335317270642619,0.3681575452344505,0.0080002855871889
NVB,453802.373984707,5678781.22849872,2.954704641862667,-0.1430949773209447,0.425941159904703,-0.0084098714680935
NVB,453803.102416693,5678780.98529535,3.4977353909566413,-0.1368516680862846,0.5925871445869265,-0.0181212928798335
NVB,453803.82222016,5678780.73760221,4.006380664919784,-0.1834353613136636,0.7706690665594472,0.0025443547002396
NVB,453804.594041869,5678780.47467752,4.339048983023611,-0.2051524969316592,0.9639540908772694,-0.008198299346964
NVB,453805.33118033,5678780.2226469,4.544492788498099,-0.2343614629029317,0.9571375999137068,-0.0730285355239155
NVB,453806.024883351,5678779.99810551,4.463364630926285,-0.2554847252418582,0.6943494581877899,-0.1960624025940652
NVB,453806.727299456,5678779.76362728,4.312881431953959,-0.2541796928348913,0.500965313898877,-0.3363282319525615
NVB,453807.516423496,5678779.5019136,4.199177370092428,-0.2164565163908695,0.3892370597480394,-0.4630132438935997
NVB,453808.166697521,5678779.30375159,4.097454185422,-0.1854210850279505,0.3774464704448659,-0.401013790972448
NVB,453809.033751207,5678779.0358364,4.101175443811584,-0.1404660881394561,0.4835515107648025,-0.2204152925711167
NVB,453809.788257021,5678778.77391937,4.136667144099419,-0.0908453169400174,0.6374196805680261,-0.0751418918501212
NVB,453810.473474549,5678778.52047387,4.224811267326428,-0.0566497841908907,0.7463665484727758,0.0312451958858774
NVB,453811.21038475,5678778.3072832,4.180660381636547,0.0026897842454159,0.7357028954034127,0.0199835230324648
NVB,453811.999143891,5678778.10771384,4.243576495853021,0.0520555095182105,0.6703784610907163,-0.0320293133133545
NVB,453812.787994139,5678777.89260821,3.8897793488029455,0.0519000924492262,0.5864117493079218,-0.0397705863961778
NVB,453813.542284866,5678777.66731186,3.699721043431655,0.0757592617313239,0.5085149308249612,0.0273167870556879
NVB,453814.279286046,5678777.43858469,3.50995255780485,0.0875035877985438,0.5159737157136137,0.1205952538840174
NVB,453815.016261142,5678777.21429638,3.7276115542214847,0.0809163776838772,0.47040839485198,0.2097960710525932
NVB,453815.727227073,5678776.99762378,4.015946562079765,0.0452442487054686,0.3921157628572066,0.2987886236728962
NVB,453816.455488976,5678776.78327211,4.425459843094401,0.0217003144234822,0.5113707520454516,0.2661372772684847
NVB,453817.218420984,5678776.56024563,4.833497804668596,0.0158233731714594,0.6760843214901727,0.1569603967649933
NVB,453818.068093407,5678776.30443492,5.46334426037192,0.0472591052584238,0.8585429472494397,0.0049327669795889
NVB,453818.77930003,5678776.0467021,5.787934459675484,0.1113806999254111,0.9593142099417284,-0.10540084356885
NVB,453819.473191066,5678775.78997741,6.028297449330761,0.114492511304373,0.976537197501296,0.0865378297345681
NVB,453820.132236158,5678775.57189007,5.9398308355737095,0.0776399237782902,1.0722966813303585,0.113876838642664
NVB,453820.877969574,5678775.32989633,5.906929524422594,0.0793283165108662,1.1336001426019422,0.0880823632292048
NVB,453821.61519814,5678775.06232799,6.0481659956566505,0.1151551599050557,1.0701390137193856,0.0971897408630512
NVB,453822.248435793,5678774.81745471,6.230537949949874,0.1180934881457005,1.064136548368519,0.1060498237034882
NVB,453822.933606995,5678774.57177623,6.205089760223229,0.1146470400369594,1.0726342433932448,0.0472240191752902
NVB,453823.688040302,5678774.32206489,6.412681072403325,0.1115560901207687,1.1199159373444203,0.0565291932049062
NVB,453824.451115057,5678774.07462369,6.411686502717931,0.1121365646698645,1.115056875478202,0.1081535151131001
NVB,453825.188200187,5678773.83146905,6.20746228121841,0.0805912140726051,1.136246696361248,0.136620820923892
NVB,453825.890602131,5678773.59920857,6.076454402800522,0.1008715166155234,1.1132188173471325,0.1382070437644765
NVB,453826.601697598,5678773.36034043,5.9505823112565945,0.0830260902358062,1.0116514687402491,0.1317614299141358
NVB,453827.330089028,5678773.1237932,5.872496092360757,0.0831606332409262,1.031298033038779,0.1611836571858467
NVB,453828.058480416,5678772.88724589,5.480938710684445,0.090726641548307,1.0137998241223494,0.0064876817237908
NVB,453828.8388574,5678772.64101551,4.929104088418949,0.1170562641381717,1.001338326814397,0.0061190315207735
NVB,453829.654008585,5678772.36835461,4.170435392481807,0.1901117896379627,0.7122912485026903,0.2003618485115679
NVB,453830.399481064,5678772.1707491,3.775366790526217,0.2433597869797838,0.5540990582524337,0.2097620070024129
NVB,453831.127449242,5678772.00633384,3.3079660480755857,0.2336160406412377,0.3343688862597112,0.2087324481162173
NVB,453831.855515007,5678771.8252726,3.103030994788784,0.2042310003543608,0.356988722755317,0.2089732949467142
NVB,453832.583691374,5678771.62534592,2.7961082841002933,0.197814869816093,0.3770375831452939,0.0875411884604371
NVB,453833.372846246,5678771.35808101,2.847085552884208,0.1828856551067874,0.4083977482486737,0.1294848221498161
NVB,453834.110080511,5678771.08940179,2.999043549135129,0.1292047073955456,0.5393480783057423,0.1774056367844296
NVB,453834.76933303,5678770.83580193,3.1124058232410667,0.1021832820929115,0.6706236453147992,0.1942760897046176
NVB,453835.46332068,5678770.56242991,3.200875256134589,0.0832139350821282,0.7591237422057019,0.21670297894383
NVB,453836.165917238,5678770.29687668,3.4081003099697247,0.0499365234339143,0.7727765973471549,0.0125747360425747
NVB,453836.902904032,5678770.07036687,3.344119618236484,0.0237132624428025,0.5685651781624892,-0.0614871864054303
NVB,453837.64842816,5678769.86388284,3.4518311728750644,0.0223824018178629,0.4472873286298133,-0.0853873072480467
NVB,453838.454872172,5678769.60004811,3.498453469432182,0.0381882975377118,0.3961875114851359,-0.0684279889919445
NVB,453839.235333087,5678769.33939024,3.448025576305033,0.0038193256316148,0.4111758226064056,-0.0944929487569932
NVB,453839.989947546,5678769.05860494,3.316754238770424,0.0316317116265482,0.6491867736170354,-0.0235421139622458
NVB,453840.657945304,5678768.78951915,3.182334374518505,0.0532307487074388,0.7293056396412486,0.0510341128531499
NVB,453841.343278056,5678768.51609587,3.102560179498944,0.0582918657674728,0.8178970353324135,0.1035057780702685
NVB,453842.123589111,5678768.28096146,3.230853627232744,0.0740871331800399,0.8428994043626229,0.0874197967732269
NVB,453842.921013943,5678768.07922031,3.367305428379046,0.0864347262663794,0.6137998037198664,0.1105302523956597
NVB,453843.744395744,5678767.87874103,3.221754076408866,0.0660282776657287,0.5770792510726994,0.0090555353554442
NVB,453844.515830946,5678767.6812864,2.9962584830179018,0.0419444947327729,0.5918115524229077,-0.0375098638104837
NVB,453845.192281244,5678767.44665254,2.811821419175633,0.0349222010871529,0.613572710591912,-0.0058951133196157
NVB,453845.860239644,5678767.18422467,2.6987312029199657,0.0060284233620961,0.5598792764760813,-0.0050229712160313
NVB,453846.614964255,5678766.88457337,2.448566753370158,0.0200275920897808,0.5299742012015698,-0.0162952387689277
NVB,453847.377972481,5678766.64822724,2.604015681878239,-0.0035843445861421,0.4700801246282571,-0.0799149467709076
NVB,453848.149518065,5678766.43190688,2.600895881273863,0.0100136664069219,0.4367699286772518,0.0738692565893162
NVB,453848.921271781,5678766.18007515,2.6356801624503423,0.030689493695298,0.44694966994414,0.0099775553498676
NVB,453849.658374906,5678765.93358904,2.787398786476769,0.0397825114703018,0.3847253845996323,0.0299633742118659
NVB,453850.360645289,5678765.72352095,2.89703558610512,0.0239840747639588,0.4236158133422425,0.0107134661277083
NVB,453851.106175141,5678765.51592593,2.961454126759797,0.0370485513039487,0.4756482845491828,0.0127226646230315
NVB,453851.938412618,5678765.28109496,3.000059804025159,0.0197063317111902,0.5216509796410546,0.0470383993042236
NVB,453852.640676374,5678765.0721364,3.079102802366891,0.0741468683836733,0.5171251217576801,-0.0020278993769847
NVB,453853.308341593,5678764.85964567,3.1091931715236787,0.0909245874159731,0.4673059526364004,0.0202493437835011
NVB,453854.114732511,5678764.60468717,3.094885795498699,0.1495127585259677,0.4785875377590456,0.1821348025004684
NVB,453854.886401291,5678764.36728132,3.049412220776542,0.1735566142040606,0.5367049633892438,0.1231996870171184
NVB,453855.64948707,5678764.11761765,3.251465713335378,0.1711800732246939,0.5799603144374083,0.1190195962706204
NVB,453856.429940346,5678763.85806781,3.4426509814932795,0.1675734222664419,0.606439908371414,0.1327912944826449
NVB,453857.236344063,5678763.60088953,3.6586289850220752,0.1644297743261996,0.6649604624761576,0.1540822190861499
NVB,453857.860671479,5678763.39924207,3.698633271568432,0.1684144532186193,0.67756302269384,0.1124784456821232
NVB,453858.667101119,5678763.13762473,3.921277303839326,0.203855778768662,0.7016671226625527,0.1219143680848009
NVB,453859.473712819,5678762.84493492,4.196941941315224,0.2211922185617945,0.6718688841448758,0.2411614284007853
NVB,453860.254243886,5678762.57206796,4.362518854605803,0.2128409759858723,0.7160782844453099,0.2872232086200409
NVB,453860.99135931,5678762.32336134,4.352538829666695,0.1681643870396151,0.7666196383793953,0.2822298108307841
NVB,453861.858532826,5678762.03435553,4.325377529364416,0.1601507610081075,0.8696483669870468,0.2857856333316735
NVB,453862.612683993,5678761.83235878,4.313097202853156,0.181839461207805,0.8945309470699271,0.2142864687570614
NVB,453863.280140544,5678761.65537852,4.279142274294349,0.1586052508553283,0.7363039447329268,0.1592553429952299
NVB,453864.129634203,5678761.42952552,4.240220918860559,0.1511552747866618,0.7028748020731099,0.0979396191779208
NVB,453864.927324386,5678761.18228329,3.8731291907589904,0.1362336773948712,0.6554807258528019,0.1483902386177482
NVB,453865.68174202,5678760.93478739,3.8548511868673807,0.0790498577654229,0.5548013739117738,0.1260069080830346
NVB,453866.375519591,5678760.69692397,3.664675781481802,0.0731477649958742,0.5775241464756897,0.0836935397246187
NVB,453867.086619121,5678760.45694245,3.57071482525022,0.0600676543464555,0.5651587053267942,0.0785781095136231
NVB,453867.927711652,5678760.18775893,3.363496575139893,0.1144894365524706,0.5417123383097706,0.1065596126800719
NVB,453868.595415045,5678759.96860855,3.135620503534438,0.124327984658823,0.511097079943075,0.0872447007923817
NVB,453869.453992039,5678759.66956363,2.814617041460931,0.1373587075197035,0.5075961314019128,0.1654186906201614
NVB,453870.251805414,5678759.40123603,2.822645858935068,0.155344092328272,0.4699078024194065,0.1535734186739097
NVB,453871.014805673,5678759.16599735,2.791900715987418,0.1483274685646365,0.4720937344036124,0.1834267965300552
NVB,453871.742830273,5678758.9915908,2.7503323730886984,0.1209076497834591,0.4841963104736422,0.1631632108128017
NVB,453872.496980883,5678758.78959311,2.764854528327901,0.1111245368149438,0.5133466181440919,0.0568173656037118
NVB,453873.260065541,5678758.53992775,2.878552514733517,0.0900763225620153,0.551811488877067,0.1175250214602239
NVB,453873.875685618,5678758.34710614,2.966845422723652,0.0917168763174975,0.5502344131795066,0.1426125101101861
NVB,453874.725432179,5678758.07797261,3.1800696749338524,0.113423863310618,0.5317321523816056,0.1090865020320153
NVB,453875.419170202,5678757.84676676,3.319492411323386,0.0978633379407799,0.5422908326227414,0.1935343554995085
NVB,453876.164978192,5678757.59145106,3.369365636592198,0.084974296591703,0.5983924343729662,0.1945393829516568
NVB,453876.936899156,5678757.31076365,3.4813006687209844,0.0905656619316038,0.5910361184231339,0.1111148967053398
NVB,453877.674013543,5678757.06205548,3.7438099587810343,0.0726578506571626,0.5497639926920147,0.086772388315208
NVB,453878.454179303,5678756.85133151,3.947920407758584,0.0815859343457995,0.5536891554329283,0.1228475867577223
NVB,453879.243097032,5678756.62401224,3.858470007397968,0.1041457169772981,0.6098163237873032,0.1390419204908857
NVB,453879.885427926,5678756.30372352,3.921625628321989,0.0653936594544981,0.6568829635998092,0.0986078113493981
NVB,453880.44196797,5678755.85419927,4.011801115958276,0.1261621928965217,0.5689245554049426,0.0276458475576709
NVB,453880.912346591,5678755.33869402,3.8531207105747383,0.1416305497829072,0.549289388604559,0.0771096317954731
NVB,453881.252842763,5678754.83352552,3.776811461368413,0.1112801034337947,0.5616215141013267,0.1225322098448875
NVB,453881.611265466,5678754.22303423,3.7600197690846335,0.1421594099649156,0.5629115467142967,0.1204349208486437
NVB,453881.960858102,5678753.64245488,3.7743379690995753,0.1566099986413454,0.5609082704796883,0.235835255334251
NVB,453882.250090287,5678753.02378986,3.6938495923636983,0.1997615304484211,0.6050555117775634,0.2293446760815942
NVB,453882.426872578,5678752.3944782,3.8143554016999937,0.1908861536489665,0.6234828806692265,0.3203009765216921
NVB,453882.508481472,5678751.76016994,3.753496139351895,0.2218277532287683,0.6498656474131964,0.2777725512928107
NVB,453882.46023403,5678751.13175956,3.8678449874245344,0.2208151706807542,0.6885377699860058,0.1282861083551876
NVB,453882.377284142,5678750.51757286,4.059651737123428,0.1982553273751825,0.6993976516127076,0.1681538236706459
NVB,453882.277129308,5678749.88552911,4.241619091463661,0.2021189640006846,0.7392255908552936,0.2082515383923605
NVB,453882.203731059,5678749.11825061,4.4379127205380655,0.2400072867194046,0.8878913540764315,0.1810403841976042
NVB,453882.112698812,5678748.40635712,4.636297822067416,0.2585262215717631,0.8497108933279809,0.3276699067665444
NVB,453882.003954553,5678747.76316538,4.761222965727073,0.2524721741280399,0.9652457072396242,0.2776189736965911
NVB,453881.887569981,5678746.94680533,4.995997057569188,0.2502324341588308,1.057609211782801,0.3258672805039487
NVB,453881.831441763,5678746.18628659,5.256232845827792,0.2423955340781175,1.0209554049487717,0.2803794831465259
ALG,453881.757900577,5678745.44342209,5.445184217974411,0.2512798753353393,1.0261521865117784,0.222186054738578
ALG,453881.65831145,5678744.71483197,5.649697120838002,0.2558403979549239,0.8370880268595999,0.2274981879994242
ALG,453881.549937845,5678744.00838571,5.325977984076436,0.2861406808674054,0.9363040959254292,0.2850452690792417
ALG,453881.467748732,5678743.26436078,5.006194454994867,0.3254306643129778,0.8243942938624589,0.3542145333412767
ALG,453881.472370962,5678742.475344,4.812795243548776,0.3297722484893953,0.6796650087003591,0.5143955548927888
ALG,453881.476895676,5678741.70297313,5.250094533514614,0.3878557268299286,0.5499618049341852,0.5285433119878955
ALG,453881.429838088,5678740.87148247,5.511780294207957,0.3819819041218032,0.4076637872189584,0.5009481280867769
ALG,453881.35679108,5678740.04427863,4.848141704727715,0.3683136649441867,0.4653662603049021,0.4243559948247039
ALG,453881.24898317,5678739.24128599,4.769326968817607,0.4000462994334322,0.5716668282775154,0.3109445691910215
ALG,453881.106921445,5678738.37594578,4.668008796730039,0.3634740817946542,0.6620992732642447,0.4237463611817855
ALG,453880.938441258,5678737.58813444,4.6528948641789,0.3735562345747968,0.7523254845630302,0.4632491976806415
ALG,453880.708846711,5678736.8909659,3.9807047559273743,0.3887221476653216,0.7975369581945096,0.4838671410774523
ALG,453880.505436658,5678736.1562187,3.669856131561565,0.337766780775918,0.729428391158777,0.4454921891173071
ALG,453880.380033901,5678735.40195269,3.698154783925727,0.3843504510764819,0.7994200678516127,0.3319373256602086
ALG,453880.263370152,5678734.63331092,3.654228417354256,0.3521391112775183,0.8623775755638214,0.2764609332627405
ALG,453880.137928438,5678733.88570328,3.9907241348964,0.3333718298360902,0.8208590536047478,0.3261986067852419
ALG,453880.012772804,5678733.08926759,4.175666334141736,0.3084072504927504,0.8195024802392417,0.2548647608714528
ALG,453879.99957916,5678732.38670819,4.208840387117225,0.2956769111960936,0.8014501160126318,0.3825560510301777
ALG,453880.158727208,5678731.81278157,4.219123221165184,0.2858622067677525,0.6973697676285642,0.399871081392485
ALG,453880.24924412,5678731.13524461,4.234915483403217,0.3255398117243834,0.7749506841074564,0.3729833659486375
ALG,453880.133549143,5678730.20125332,4.508245263421884,0.2974659775950882,0.9504755775738823,0.3534452112427008
ALG,453879.999719608,5678729.40809611,4.773076480087466,0.2861674759368055,1.027132045170861,0.2432271146537665
ALG,453879.84789854,5678728.73135896,4.76646435834099,0.2370114436981101,1.0913017478564215,0.2531182392986487
ALG,453879.67919766,5678727.98127833,4.607256747460748,0.2183677638452332,1.064256976333773,0.3000517523825131
ALG,453879.484650455,5678727.21107049,4.911353037501469,0.2244129414945397,1.020316116759846,0.2750992721030674
ALG,453879.298530204,5678726.47975383,5.071730176913035,0.2509096167720012,0.956490887016593,0.0634444033288558
ALG,453879.11256602,5678725.72180369,5.412805109775796,0.212928388575171,0.8543012883205936,0.1467072953904562
ALG,453878.927213005,5678724.85953909,5.990150474851583,0.1658050997840016,0.912733498568154,0.1699100614771208
ALG,453878.802051154,5678724.0642131,5.955358922668149,0.1880073473323558,0.952591025224535,0.1918478152275921
ALG,453878.702735677,5678723.28901432,6.001807690443603,0.2100719722103962,1.0914952582525506,0.1431746329563306
ALG,453878.61183412,5678722.55492618,6.441442643833064,0.2183339982352901,1.0115145873093012,0.0718550084795277
ALG,453878.486737356,5678721.7485029,6.079863066659621,0.1138537533047402,0.9094759663905664,0.1709244500725389
ALG,453878.37933312,5678720.87670705,5.742889644512201,0.128456712570588,0.7427404431476077,0.2343396471034317
ALG,453878.323322502,5678720.09621314,5.706173939207669,0.1594019983403924,0.6997573913052837,0.0406841339135315
ALG,453878.310454135,5678719.33816731,5.019989307262686,0.1109278414384302,0.6973172598774782,0.2091665096274265
ALG,453878.210852704,5678718.61179656,5.184208342242015,0.1183739574428943,0.6682274111888653,0.0378414771625962
ALG,453878.007183328,5678717.9214384,5.3422533495864535,0.134368917599663,0.6890369490331519,0.113189859605939
ALG,453877.726326108,5678717.11077324,5.154377283184824,0.1709601252528514,0.8236355597460403,0.1630877325475314
ALG,453877.350829149,5678716.20411369,5.463976085467831,0.2047899866535316,0.7760980511739434,0.1154980478015616
ALG,453877.130767757,5678715.3571824,5.483895641756783,0.08720758325887,0.8282176914319543,0.1834741409465825
ALG,453877.075036889,5678714.52897015,5.656506756264051,0.1118296139299721,0.7768451353126352,0.0605899324852691
ALG,453877.036543407,5678713.71306633,6.069181587122798,0.1359733850802707,0.8442526897744848,0.0757203296091824
ALG,453876.998069443,5678712.89383331,5.986476443847422,0.1315465450893056,0.8648055877394377,0.1343416266001208
ALG,453876.933541131,5678712.08998438,6.177309374159662,0.1107829216355963,1.0092079743046254,0.0213938071475223
ALG,453876.921394615,5678711.20875869,6.296291618215215,0.1007805542247779,0.9821632105812445,0.1008596885675275
ALG,453876.961714408,5678710.23572979,6.051149009114539,0.1524533129630745,0.9258138754862458,0.0091073306068504
ALG,453876.958280856,5678709.34456725,5.93567292362887,0.1218681844600894,0.7441988520719118,0.2302622090630036
ALG,453876.876541227,5678708.52397098,5.822977316027575,0.1741005615893849,0.7409521495530843,0.1898062326383391
ALG,453876.769273915,5678707.62887079,5.681592906278255,0.1582153753619985,0.7652736841631317,0.2097711472929005
ALG,453876.635516669,5678706.82350648,5.904588085290641,0.2120869089309253,0.8998864373516509,0.2643947288839801
ALG,453876.501245807,5678706.1058107,5.949049736747379,0.2239210947548809,0.9834087864393468,0.1963977563430557
ALG,453876.349867653,5678705.35361192,6.1095458363583,0.19183584207487,0.9405319677873666,0.30143735130046
ALG,453876.189659548,5678704.63132511,6.608995987007337,0.2841285305908048,1.0179227183979949,0.1491310157551716
ALG,453876.029991124,5678703.81693083,6.594835934071907,0.1950686538441305,0.9082459988074764,0.1655785482486324
ALG,453875.91317879,5678703.0738127,6.37777995641169,0.1809394512934641,0.9955745888287076,0.2396277425853968
ALG,453875.804877869,5678702.35515929,6.325351826974172,0.210905776034065,0.9074651637311408,0.0785887228361222
ALG,453875.71415892,5678701.58999871,6.018783743636368,0.239275591792771,0.9303364829052272,0.2384818962162451
ALG,453875.615052133,5678700.77928855,5.750236451578219,0.2293605097759857,0.8963032045527385,0.2367772926571646
ALG,453875.584355077,5678700.10991954,5.75466274021934,0.3085302127021848,0.9305953201636694,0.3150128866080502
ALG,453875.59797049,5678699.26324754,5.386145621330555,0.2850455603448367,0.9109633917233791,0.3794884544789971
NVB,453875.472614376,5678698.5012133,5.233251201961249,0.3480697838847977,0.9312263595837053,0.4966612284387077
NVB,453875.165157669,5678697.79914927,5.516630353588671,0.3958270379947291,1.0822807852422691,0.4882990403786471
NVB,453874.830872957,5678697.24452698,5.680754341731334,0.4572693289085484,1.0609839325323491,0.3949477717958439
NVB,453874.426988749,5678696.75164379,5.924220690454892,0.4321835348071213,0.995271805294414,0.3847956359659321
NVB,453873.936235211,5678696.31373991,6.050312712511683,0.3807466065068028,0.9661379399459058,0.4026386087571131
NVB,453873.444733967,5678696.00345476,5.9480306338082,0.3323884570824019,0.8661753113650286,0.4061937280864077
NVB,453872.909433937,5678695.78280403,5.755186939559947,0.3169880850497037,0.8598854075164714,0.4395944882129953
SGZ,453872.347591947,5678695.66076695,5.502679993748235,0.2868126678044355,0.9048313104142156,0.3648207592629082
SGZ,453871.78515174,5678695.64082484,5.376073239775401,0.2841735196687482,0.8714639220840387,0.3820607361055094
SGZ,453871.170193239,5678695.72156369,5.332628609658106,0.2693930390442509,0.9060851974111102,0.3458245962221828
SGZ,453870.554688503,5678695.89551968,5.437600879757953,0.2396468733466151,0.8591545582688092,0.3695571102813351
SGZ,453869.956063415,5678696.14281911,5.436115229864607,0.2581720120508687,0.934089353586311,0.3465499366802156
SGZ,453869.287559083,5678696.4995759,5.313248690362251,0.2681786832034155,1.0026966133912816,0.2794176888504399
SGZ,453868.696977062,5678696.85124042,5.254848163478691,0.2811474974975619,1.0269473499285986,0.2191068839490998
SGZ,453868.011072713,5678697.22343187,5.290362403623729,0.2312207260391402,1.0021575041768414,0.2946732549306147
SGZ,453867.264593798,5678697.59415852,5.154468439255193,0.2355595061409773,0.857728855274096,0.4087400735103572
SGZ,453866.457631358,5678697.94788415,5.333644594379463,0.2394956722909588,0.7787251387770188,0.2975384029369972
SGZ,453865.642203011,5678698.26937687,5.229376626467661,0.2458873580386208,0.8038544306647346,0.2484078894953969
SGZ,453864.878740198,5678698.58451544,5.258864328296288,0.2325099184222319,0.826663618423811,0.252784415738006
SGZ,453864.080588058,5678698.91165808,5.141847610962251,0.1876705333814496,0.7567047065462679,0.1776316391985082
SGZ,453863.195833014,5678699.24828098,4.778249589424074,0.2295218797463002,0.6745030369483644,0.1766523810616089
SGZ,453862.397960401,5678699.52770513,4.610543821794205,0.2382623410166406,0.6224359210759028,0.2308905363093182
SGZ,453861.678218261,5678699.76652574,4.6016589776727415,0.1935520554931911,0.7520102249667121,0.2698705631471745
SGZ,453860.854343219,5678700.05245593,4.916666030553007,0.1829598501060775,0.7810144465574176,0.3756741523225072
SGZ,453860.047724949,5678700.34736531,4.987953907418732,0.2128483613072983,0.846046533641973,0.3809717730621797
SGZ,453859.267089429,5678700.6390976,5.079967984172411,0.2247265375693786,0.853610789221717,0.2859732311648522
SGZ,453858.390955887,5678700.98131934,4.9437808227364535,0.2500292512378259,0.8883355786706666,0.2741745745968467
SGZ,453857.627531539,5678701.28979884,5.18014700554812,0.2730229391796816,1.011210065884936,0.3101287926223472
SGZ,453856.786399358,5678701.56674933,5.144925497050687,0.2665099866540969,1.035822791176604,0.3190755347156485
SGZ,453855.919446917,5678701.81913352,5.258162294637498,0.2945167370143245,0.890610387271421,0.4406332299416308
SGZ,453855.035224583,5678702.06475779,5.105276733565356,0.2821238315569906,0.8728134951810024,0.5117544608046075
SGZ,453854.159728176,5678702.29822568,5.268487956078674,0.2449938213011175,0.6420566114001486,0.5436297286527475
SGZ,453853.344754218,5678702.54203614,5.462150129627828,0.2452391611625137,0.6412232815965209,0.4394539058237681
SGZ,453852.564339398,5678702.79603701,5.152773022595521,0.2259933313807197,0.6106978214683964,0.3137754170927198
SGZ,453851.818483721,5678703.06022828,5.147560412585674,0.2064306788534059,0.7175065758436023,0.1494462334664207
SGZ,453851.037880142,5678703.34641111,5.471280321834264,0.1704981493584427,0.9701662516389312,0.0695390860178188
SGZ,453850.239902581,5678703.64358968,5.534357009472684,0.1494211201800465,0.9943489346573328,0.1614977429461633
SGZ,453849.459402975,5678703.91201671,5.597824691409301,0.1079827342361384,1.0974233196774483,0.1214802610855775
SGZ,453848.67895536,5678704.17156583,5.304932181974503,0.0946121180091243,1.004194363389931,0.1191613696626777
SGZ,453847.863831397,5678704.44089948,5.005766040451093,0.0712341186799598,0.8795618949873752,0.0604752584377323
SGZ,453846.961941801,5678704.74745643,4.733862335245018,0.0319969821808629,0.7419324571795677,0.0959221674772143
SGZ,453846.189933757,5678705.04367708,4.345642544674779,0.0332005622974663,0.6980391416830954,0.0759533694064846
SGZ,453845.40047364,5678705.3642102,4.153942567210174,0.030810559546192,0.6889177457806285,0.1256407469985381
SGZ,453844.593659039,5678705.69240986,4.059164412686225,0.0058614964347852,0.6192577830310543,0.1329001024692661
SGZ,453843.882017167,5678706.0256065,3.8433775949355655,0.027489172793901,0.6330002059573772,0.0361865753894841
SGZ,453843.213627908,5678706.36238597,3.707814886273486,0.078705219043429,0.6275441447734716,0.0901753975985098
SGZ,453842.502194129,5678706.66007119,3.5592814045303194,0.0874638584213005,0.5859439779724772,0.0226445596344012
SGZ,453841.756318215,5678706.9275907,3.426999784378053,0.0400881352756914,0.5951702696619469,0.0447190424779081
SGZ,453840.915399577,5678707.16791846,3.2762982246213905,0.0387299047847851,0.5994923873043774,0.0559666977426438
SGZ,453840.12663527,5678707.36971012,2.9585583987653687,0.0445489338317806,0.6162575670823446,0.0693454049398394
SGZ,453839.389992771,5678707.53851433,2.902889197767147,0.0292208960327884,0.6161099402734407,0.0887894775881753
SGZ,453838.506055567,5678707.73530871,3.530079761269348,0.0262203763875274,0.5998615413713714,0.160745351187493
SGZ,453837.708818899,5678707.90597699,4.490228797173671,0.0036143581657762,0.6177220495000396,0.160964301723441
SGZ,453836.971870451,5678708.1269382,5.363755194941546,-0.0488516587641549,0.6886226506996365,0.0540347117234516
SGZ,453836.252074663,5678708.37463433,5.525192936034601,-0.0903949319546046,0.6266919897961165,-0.1044005914333002
SGZ,453835.462991238,5678708.63080221,5.601732054340115,-0.0708957718658118,0.529584734747674,-0.2995761605056527
SGZ,453834.717199489,5678708.88389459,5.500937381869136,-0.0338287181844647,0.5110621993345589,-0.3662742034662463
SGZ,453833.902009464,5678709.16432409,4.85723843119866,-0.0906326482931637,0.5362676724479764,-0.2801011925706775
SGZ,453833.104134767,5678709.44374528,4.701318857095016,-0.0879266877365834,0.7315545665366489,-0.1195167721423004
SGZ,453832.297592559,5678709.72533509,4.639240255927403,-0.0585131249224141,0.7589222091035499,-0.0709320998275859
SGZ,453831.560363933,5678709.99401411,4.566304193678464,-0.0179162475582839,0.900971241785268,-0.0653998304445474
SGZ,453830.849189699,5678710.24730915,4.487174401645284,0.0440485066205971,0.9213033614247664,-0.0300423420972835
SGZ,453830.155298273,5678710.50514454,4.47126563646321,0.0626009416950168,0.8919512380859821,0.0342384632858035
SGZ,453829.409330442,5678710.78819908,4.266842484511999,0.0878367394074701,0.7857820747922837,0.0460784362321097
SGZ,453828.585270796,5678711.10519831,3.967359551810348,0.0929927181854959,0.5552314046349743,0.1038987297867496
SGZ,453827.81323538,5678711.40585608,4.0409838161068246,0.1101878269339491,0.5489680161524352,0.2054736680845646
SGZ,453827.023864981,5678711.71085117,4.0661027789250745,0.1219209003049139,0.5778815169598815,0.2375869846228702
SGZ,453826.277623547,5678712.040514,4.064092052524228,0.1464676791786558,0.6255152221878554,0.2370979487782404
SGZ,453825.566084453,5678712.35595335,4.102532939071826,0.1758235284906188,0.7695260459856516,0.1843577543435732
SGZ,453824.785355294,5678712.66321843,4.165951439948072,0.2029367511176406,0.7889261149045843,0.1272020200571058
SGZ,453824.030706579,5678712.95066061,4.076010057078624,0.2184688834529839,0.7450386985148288,0.1549829010805792
SGZ,453823.302229443,5678713.20274371,3.8120810613116913,0.1997669199819971,0.7587132868832941,0.1077569828793004
SGZ,453822.435183468,5678713.47066043,3.620040685750048,0.1605829066499937,0.6748721820405112,0.2107843799794868
SGZ,453821.637626886,5678713.69570377,3.347373354696626,0.1855658061101773,0.6260955743791504,0.2457610698330112
SGZ,453820.970069236,5678713.89043615,3.3070269959600567,0.1698553610765945,0.6111755193174014,0.2274559711208301
SGZ,453820.111723119,5678714.15063527,3.0649990180710462,0.1408371789681018,0.6601204551440664,0.1831828413374895
SGZ,453819.357197772,5678714.41699218,3.02336758818919,0.1582937693761264,0.6417773512607058,0.0688321006403493
SGZ,453818.645964144,5678714.68027367,2.941632487848346,0.1660723367545276,0.609797372777785,0.0526140678387857
SGZ,453817.926134609,5678714.93351677,2.921538513739511,0.1315405474613734,0.5711231258701698,0.0711744356312048
SGZ,453817.16294815,5678715.20093242,2.76193450335498,0.1393989970114394,0.4803005862215136,0.1450950320661879
SGZ,453816.399833253,5678715.45614098,2.557706629386608,0.1277380437644561,0.4735363719090241,0.2633091859944469
SGZ,453815.610780997,5678715.70675824,2.48264134168039,0.138158325916172,0.4880075665077612,0.3331852837536119
SGZ,453814.813067732,5678715.95843438,2.502519470690624,0.108480623878204,0.4619441487367315,0.2034650223113118
SGZ,453813.998084577,5678716.20335052,2.578711828008358,0.092180675826606,0.4930318274971663,0.1736168273880207
NVB,453813.209077742,5678716.44619944,2.5615907491730945,0.1035683138702887,0.4996795502312383,0.160323773388006
NVB,453812.385205645,5678716.73101486,2.6141277300281978,0.1119066715073572,0.5522552935389924,0.1097681042003428
NVB,453811.622090439,5678716.98622296,2.6735644322845435,0.0983443335544766,0.6271919445860638,0.2261330005142537
NVB,453810.910745624,5678717.26836914,2.690753015761413,0.0940720629455119,0.6406993821733988,0.1731656021665736
NVB,453810.208048697,5678717.55167576,2.898811049984297,0.1342821923990765,0.6844871671168264,0.1728894867196749
NVB,453809.418833245,5678717.83003561,3.0726978353234093,0.1410526045302158,0.7183458711127112,0.0478765951333458
NVB,453808.62087864,5678718.12277107,3.158190451736228,0.1305559550468618,0.690568590786583,0.1174990167841968
NVB,453807.848913374,5678718.41121988,3.4840996483813096,0.0763089103244123,0.7090923074258751,0.1938589110899705
NVB,453807.051232133,5678718.65734659,3.663305909645796,0.1044711014935064,0.7005946240362355,0.255942486695936
NVB,453806.227561436,5678718.90775978,3.717641412173596,0.1241863837635961,0.6099259413988606,0.2024014554101404
NVB,453805.351416975,5678719.25108538,3.5905476845419884,0.138269427939071,0.5556751485754844,0.2231987198421934
NVB,453804.553312293,5678719.56934417,3.943624819938505,0.1144976486146823,0.4958593837123583,0.2176177603747429
NVB,453803.764194113,5678719.83105754,4.243432470962938,0.1233257883442766,0.6112329829546627,0.1703917140380028
NVB,453802.957747434,5678720.09599843,4.17993847090929,0.1455423644223266,0.685211589275078,0.2429117107552179
NVB,453802.185912008,5678720.36225212,3.805597129292079,0.1534446358961388,0.7210012662168063,0.1354910565212854
NVB,453801.466179089,5678720.5988478,3.5682250462249088,0.1472336183934927,0.555484382352197,0.1392140791605473
NVB,453800.720469738,5678720.8375105,3.238128203664384,0.119686385718723,0.4046609982445528,0.1812332460863881
NVB,453799.931136384,5678721.13584452,2.9285799259412344,0.1220054379262703,0.3026981100177879,0.1913777673652021
NVB,453799.202533955,5678721.40901024,2.5817849166136986,0.1206030816007442,0.2734563117790904,0.2033748873854635
NVB,453798.49151392,5678721.63566888,2.530392927484478,0.0975478319045322,0.3030447339935674,0.123927994613131
NVB,453797.702395323,5678721.89738164,2.483506875187463,0.1215910914231721,0.3758098321494291,0.1206703046179988
NVB,453796.93063769,5678722.15031807,2.4561836689234173,0.1088115523596137,0.3232973156090394,0.1640658569296914
NVB,453796.098149008,5678722.42842263,2.383314032505705,0.0638059803694293,0.3109896074416706,0.0852686545036968
NVB,453795.361106798,5678722.66491617,2.2764263610782103,0.0217429940640755,0.3070232019574563,-0.0571642950414804
NVB,453794.650249368,5678722.86383126,2.2886517434174745,0.0166539213636863,0.3052810460029257,-0.1154719472264508
NVB,453793.913422014,5678723.06370362,2.1554205337381425,-0.0126935119007404,0.3420896102137942,-0.0314489783707241
NVB,453793.063448344,5678723.37166893,2.0055215324980216,-0.0170967862587656,0.3691271242323337,-0.1133836164529151
NVB,453791.406623276,5678724.01337702,2.312966852895713,0.0062665748169404,0.4155538463614714,-0.0289784770680105
NVB,453790.652219743,5678724.25864635,2.605560364016162,-0.0238790653910838,0.4734317307771601,-0.0437212740815285
NVB,453789.828417635,5678724.5312524,3.411574940597186,-0.06324075147053,0.5106416392614328,-0.1731421704059328
NVB,453789.117097392,5678724.80895771,3.859048787133459,-0.1143801978407852,0.5669066347529057,-0.1619885740246513
NVB,453788.379800686,5678725.08872999,4.30159336019471,-0.1412738489501524,0.7241831649118766,-0.2074655997250169
NVB,453787.642679814,5678725.33853955,4.877403405908175,-0.1762791078156514,1.2229704281582623,-0.2707581452039638
NVB,453786.905584953,5678725.58391012,5.3248593976721095,-0.2239048881148122,1.34903687311846,-0.2425912750445138
NVB,453786.168307639,5678725.86035302,5.675630185593474,-0.2171019750653874,1.4390215700277682,-0.2210969361015003
NVB,453785.457013199,5678726.13361908,5.814902233243856,-0.1830198361781436,1.2292867340625724,-0.2908739804906327
NVB,453784.719735781,5678726.41006185,5.48871251915489,-0.1437007159065307,1.0406483845460432,-0.2321520303537283
NVB,453783.852452452,5678726.71792455,4.9543598854372375,-0.1131547176994365,0.6796089475555108,-0.1389924531461578
NVB,453783.037128403,5678727.02054337,4.441844838612584,-0.078868503413637,0.6103365810014062,-0.0455185895301573
NVB,453782.264985394,5678727.33895235,3.8087620991862714,0.0081276687721828,0.5830223053926076,0.0019018875588364
NVB,453781.432137292,5678727.67809042,3.588326316304206,0.0179490557232734,0.5108803085350687,0.1199706503464787
NVB,453780.512705392,5678728.02337867,3.533741512746666,0.0271591136230857,0.461807673478687,0.1773502693574765
NVB,453779.723390074,5678728.31838148,3.285494539058886,0.0370503455511693,0.3779539216419627,0.1981931811066867
SGZ,453778.925498417,5678728.60001666,2.8146936407910235,0.036397942697213,0.3917111666509064,0.1770147553112276
SGZ,453778.084484242,5678728.85587394,2.4758154964270123,0.0302597293492154,0.4052168185134515,0.0618533889138367
SGZ,453777.304214155,5678729.08434363,2.600347697731893,-0.0233453250942924,0.404178810654367,-0.0005464443614844
SGZ,453776.489378292,5678729.30373215,2.7888609914246345,-0.0175888827362042,0.2781724147773639,0.0075098018987328
SGZ,453775.674614054,5678729.51091357,2.805414449197189,-0.060768201252604,0.2478998930386123,-0.0428025770983668
SGZ,453774.842592973,5678729.70911546,2.851328436848612,-0.0732047519785613,0.2107027062793285,-0.1979365762201398
SGZ,453774.062374834,5678729.928707,3.309786140051461,-0.0484153860014046,0.3153619787891941,-0.3306618179439659
SGZ,453773.35119037,5678730.18310659,3.645107953472094,-0.0612101319446228,0.4078866839258475,-0.1832786490436451
SGZ,453772.579248656,5678730.46711304,4.053387303476408,-0.0609911535397664,0.563491044285501,-0.1229435317898692
SGZ,453771.885418642,5678730.71384604,4.327439057840527,-0.0563902156956893,0.6973857093228873,-0.083036048325354
SGZ,453771.287035344,5678730.91896834,4.719502788256783,-0.0375642060082309,0.8514902188292474,-0.0147209081845763
SGZ,453770.60195095,5678731.15021585,5.121128647977558,0.0055242042363605,0.9589149530097392,0.0018816809053229
SGZ,453769.786704118,5678731.43951656,5.603924491916025,0.0095367742648089,1.0951622512846242,0.0159531750707994
SGZ,453769.049425637,5678731.71595786,6.008905353412533,-0.0112071446626885,1.039902189635992,0.0679870441853747
SGZ,453768.242917873,5678731.99088277,6.428689634375784,0.0003262873829037,0.9795524037468633,0.1459881149743781
SGZ,453767.358363432,5678732.29198365,6.663833695313201,-0.0197446485018781,1.1003372402554683,0.0741711115798053
SGZ,453766.577916714,5678732.55041495,6.824218371207924,-0.0141833252854047,1.1796919207859446,0.0587404215288304
SGZ,453765.901577746,5678732.76617668,6.8064690640662056,0.0148624610669165,1.2676105018196482,0.0624148409547666
SGZ,453765.164507554,5678733.00710631,6.746864691438767,0.0210423177685125,1.2840349595284777,0.1258475495133546
SGZ,453764.436033129,5678733.25807426,6.852738660416056,0.0293581447444885,1.2448180493957783,-0.0225382490012017
SGZ,453763.707297951,5678733.55343128,6.8654085863697,-0.0195099797983461,1.1269574856235791,-0.1005718957536078
SGZ,453762.93470377,5678733.94840962,6.950385738313604,-0.0015025372553417,1.3535774938147294,-0.0831082654667881
SGZ,453762.248973591,5678734.28951951,7.168041342439642,0.025524182255459,1.48655559353,-0.0171595845531734
SGZ,453761.528755825,5678734.60823145,7.375118457905255,0.0156080811990534,1.5989756556066388,0.0657346790804963
SGZ,453760.782809239,5678734.88684061,7.525868749266185,0.0314695379427619,1.4125784099879732,0.0232195165372158
SGZ,453760.037149399,5678735.11662165,8.199812924097822,0.0253837083702975,1.3617818049293131,-0.0311662521397363
SGZ,453759.300248278,5678735.32869781,8.304997409827424,0.0054639477320263,1.324547988716781,-0.1254511485235948
SGZ,453758.511478952,5678735.53048132,8.293889774909577,0.0194549600486629,1.4018609472190642,-0.1157709683187423
SGZ,453757.696843942,5678735.71546633,7.923057975147274,0.0186873485440902,1.5876352318625606,-0.0366804760888008
SGZ,453756.916820264,5678735.90176433,7.458301209431978,-0.0021141507848927,1.743794572413414,0.0691136815965054
SGZ,453756.102113474,5678736.09895618,7.180206823470474,0.0264318741432594,1.6230595453699537,0.0574004032661106
SGZ,453755.252684447,5678736.31370025,6.652451254985884,0.0892485541397156,1.4706293431887545,-0.001728192459952
SGZ,453754.524411478,5678736.53026571,6.230160428581264,0.066812644036893,1.16689172084286,-0.0452402833468212
SGZ,453753.856589396,5678736.76938155,5.982506600564577,0.0395818092456036,1.0197504437862464,-0.0446198832521017
SGZ,453753.162725624,5678737.02166155,5.706689550114676,0.0316699108177254,1.023101972471017,0.0281354833911959
SGZ,453752.451428996,5678737.29492464,5.560154454812579,0.0401478846582431,1.0666723319630225,0.081241067471598
SGZ,453751.661981275,5678737.61211922,5.684487837533915,0.0662638156689464,0.9808427884513562,-0.0186275654955828
SGZ,453750.855204981,5678737.93254122,5.746722434264765,0.1042370053105286,1.0925728405545934,-0.0412290918039505
SGZ,453750.091824869,5678738.23213251,6.026498926647963,0.0916458771865875,1.228673357658092,0.0936761861771825
SGZ,453749.345779727,5678738.52738652,5.988900695334598,0.0878785831279355,1.350812618909731,0.0741268540280828
SGZ,453748.651759177,5678738.8062996,5.766112898723304,0.0957772544567178,1.3764555832474057,0.0724802184525219
SGZ,453747.957732058,5678739.08632235,6.04254145020534,0.108185898390308,1.345707175613541,0.1197245856062186
SGZ,453747.298270634,5678739.37542626,6.12769608400357,0.0872602751414246,1.2670211708145285,0.0455360637069841
SGZ,453746.58699314,5678739.64535964,5.628526968301708,0.0832391879189095,1.221344975240905,0.0874340152293801
SGZ,453745.858667451,5678739.87080213,5.708431169714769,0.0739718457190149,1.282232809519859,0.1050789769250945
SGZ,453745.130322159,5678740.09957373,5.54424596983865,0.0590002219137585,1.2603247680277276,0.0239252253454953
SGZ,453744.375902544,5678740.3470581,5.151350737101721,0.0873743469235789,1.3268990948592267,0.0214098045339563
SGZ,453743.534762058,5678740.62399654,5.118035490122035,0.1186608511910213,0.9046160551287188,0.04584238652374
SGZ,453742.780401026,5678740.8614932,4.806581021477917,0.131554444541945,0.7149656107185366,0.1697839291012195
SGZ,453742.034785717,5678741.08350445,4.663798177889332,0.1062183816812711,0.6261342482002952,0.1723858925610366
SGZ,453741.375871646,5678741.27939068,4.683534667123234,0.1041634040272722,0.6040228226791448,0.1439161146168346
SGZ,453740.673593859,5678741.49055878,4.658820958827956,0.1064296610058889,0.712594907186364,0.079648015796807
SGZ,453739.884510404,5678741.7456074,4.570137928521491,0.099743911501361,0.9586417052920564,0.1776562425570006
SGZ,453739.130005688,5678742.00751774,4.701625505249624,0.0847881438040079,0.978519978033932,0.1594993901178217
SGZ,453738.392862047,5678742.26065189,4.569057186841186,0.0868589260440151,0.8773503545173263,0.1043898094966615
SGZ,453737.647011711,5678742.52261294,4.43595139669063,0.0744807664448477,0.674555993541373,0.0382999338707381
SGZ,453736.909770153,5678742.79239288,3.96797197744672,0.0537671665170528,0.4528770597045609,-0.045456644785934
SGZ,453736.146519454,5678743.06978827,3.4718436623681,0.0516346425268778,0.4621961160572368,-0.0150527354668791
SGZ,453735.357331342,5678743.34259208,3.0893868343426814,0.0247663809303913,0.5011555236754566,-0.0252016546425529
NVB,453734.602708927,5678743.6244771,3.090487851752721,0.0212599254081729,0.5288589039158429,-0.1246484212588057
FMAT,453733.856708326,5678743.91196154,3.183544157523985,-0.0310265673177101,0.5242924699818414,-0.0688519110453433
FMAT,453733.145371253,5678744.19188127,3.30766924737952,-0.002341577660963,0.5889466833488218,-0.0199435089739617
FMAT,453731.575257688,5678744.8041228,3.557143855562918,0.0296632842187506,0.8542347864081001,0.0816669374976988
FMAT,453730.803260803,5678745.097003,3.67668977730442,0.0409934494362337,0.8551229354350295,0.0257343273169206
FMAT,453730.048638051,5678745.37888758,3.809673114639733,0.0307736686603426,0.9381187569072086,0.0035755807036774
FMAT,453729.302780609,5678745.64195757,3.8207989649241614,0.04238028653395,0.8554724497994503,-0.0342773267242308
FMAT,453728.548275155,5678745.9038669,3.788876013057801,0.028550846739254,0.7472134017163018,-0.0647841710464666
FMAT,453727.733090421,5678746.18206599,3.939401066226311,0.0218514933442671,0.6177589170891433,-0.0703085082391749
FMAT,453726.987311097,5678746.43181903,4.057048700999813,0.0648093549427319,0.6988009077025823,0.0160761667168752
FMAT,453726.328291823,5678746.64545966,4.328260460380169,0.0980112267084333,0.7657181720810982,0.0843298578498151
FMAT,453725.5132961,5678746.89147641,4.456590175755657,0.0894933555733218,0.769048961324367,0.0679423942132983
FMAT,453724.785021295,5678747.10803913,4.808876268180105,0.096290493382737,0.8677528562014991,0.0758136531300983
FMAT,453724.030835183,5678747.31557133,4.916654793469923,0.109140089028372,0.812108876038076,0.0318759481279383
FMAT,453723.250692096,5678747.52184112,4.667622012889,0.1277772018029572,0.7774222147679336,0.0009151941283946
FMAT,453722.461613976,5678747.77577827,4.491511565464437,0.1443372054132252,0.774970158467903,0.0562618540626059
FMAT,453721.750276134,5678748.05569698,4.507120996257455,0.1406216347212805,0.7213513021448219,0.1580484516040216
FMAT,453721.012831265,5678748.35987701,4.815490046506774,0.1459052668166659,0.7884230137819618,0.234567150205693
FMAT,453720.31014128,5678748.64095619,4.972076122136185,0.1285686029580839,0.9606009966249264,0.0843382994089825
FMAT,453719.590161841,5678748.91860436,5.015071074320763,0.1170520774811453,1.097974803250821,0.0877947221662259
FMAT,453718.913611363,5678749.16987338,4.92580469398571,0.1128353028018351,1.1312242181925638,0.090011916427412
FMAT,453718.245858855,5678749.3967792,4.814416287211524,0.1235316032564513,1.0870550915652826,0.1050271804537833
FMAT,453717.604030625,5678749.63049598,4.72982000865266,0.1270332744250623,0.9048999918098628,0.1021110484467287
FMAT,453716.927388682,5678749.89730103,4.475381635338803,0.1638848840633579,0.7995822815770729,0.1215367342867455
FMAT,453716.216043922,5678750.17832896,4.553537718121175,0.218382082109072,0.6431672926113742,0.2135416056407451
FMAT,453715.522092904,5678750.44503213,4.630307605357548,0.2066574603776126,0.4660191082117743,0.2634391107801623
FMAT,453714.793491263,5678750.71708034,4.721647941948648,0.2009699772391141,0.5443986958605859,0.2036288831157163
FMAT,453714.056345997,5678750.97021222,5.0468706351612616,0.2171449143716081,0.7896662861542154,0.2002186663923169
FMAT,453713.241297228,5678751.22510553,5.3663287031335205,0.2056584556232199,0.9531739091094384,0.2627623135399874
FMAT,453712.564922513,5678751.44641135,5.596447307309843,0.1924489859546955,1.0377305370008332,0.1393499003369718
FMAT,453711.853877599,5678751.67639139,5.263000269850962,0.1775233980809387,1.1334678570621677,0.1237730651885025
FMAT,453711.099566717,5678751.9050072,5.135044999883526,0.1627926727672011,1.1743061756438151,0.0821433320242514
FMAT,453710.388593493,5678752.12278009,5.0460246226205,0.1731251153277255,1.121824763083126,0.1010940997435028
FMAT,453709.660272094,5678752.34710952,5.306799513630343,0.1753847821083976,1.1562554057818533,0.1241052585601068
FMAT,453708.923250487,5678752.57915608,5.306325962678703,0.1957523501855785,0.9206663473113508,0.1706607367728499
FMAT,453708.203590021,5678752.80242654,5.241149552215141,0.1742341620716374,0.7191663682997959,0.1980214267397609
FMAT,453707.449076629,5678753.06544358,5.029207911742109,0.1529229954496723,0.6581673592246405,0.2583376173301301
FMAT,453706.746431405,5678753.33875345,5.123120990057153,0.1313419241859877,0.765342837213637,0.1346698003810168
FMAT,453706.113133006,5678753.59360502,5.436016280903642,0.0890815045987124,0.8204158457925217,0.0652590668146186
FMAT,453705.462473375,5678753.85723259,5.710609173695607,0.1024844488610798,0.8773279991803373,0.0944473114274903
FMAT,453704.733714434,5678754.15591335,5.961806716733863,0.1212166389353197,0.8678301951184227,0.0732153224701129
FMAT,453704.100579053,5678754.38302155,5.587702983210303,0.1070657106268566,0.807687822487209,0.0677219382039064
FMAT,453703.250735418,5678754.66767292,5.823830058974368,0.0724791596569103,0.8557900090272974,0.113259744627655
FMAT,453702.582897137,5678754.90900389,5.828161657612666,0.05475625120154,0.9062888378762124,0.1004411400521723
FMAT,453701.784973823,5678755.1950702,6.010766647540224,0.0566912193912911,0.9982730936588752,0.0425400597638286
FMAT,453701.143098935,5678755.43655374,5.983734199472967,0.0391766630642998,1.05795275355534,-0.0397489891671815
FMAT,453700.501178318,5678755.68580532,6.023395147566781,0.0277610066467642,1.138045047707083,-0.1405877775472272
FMAT,453699.850603166,5678755.93500595,6.2901375798287,0.0060013653999911,1.1820957015908102,-0.1177655244957888
FMAT,453699.18274509,5678756.17966582,6.5273597274520565,0.0027036768165361,1.1454949422718612,-0.1130501297597808
FMAT,453698.410948177,5678756.43814128,6.885454224489591,-0.0154283695158079,1.0905451642525337,-0.0841277898383269
FMAT,453697.769249305,5678756.64966188,7.1049629852139065,-0.0419219234789349,1.3052439928045951,-0.0888307081554147
FMAT,453697.075532044,5678756.87641321,7.287036642337336,-0.0744118609592209,1.4452279082428965,-0.0866377696739075
FMAT,453696.321194109,5678757.10946653,7.500896001683191,-0.1186832785214585,1.744955322731625,-0.1875454497542611
FMAT,453695.618894067,5678757.32395981,7.634991430251326,-0.096963779437719,1.812445162919478,-0.1494278958099909
FMAT,453694.916593986,5678757.53845304,7.702777704478202,-0.0759934362406076,2.0205812700968777,-0.0416439956953003
FMAT,453694.205456602,5678757.78396769,7.584211027523709,-0.0858868396650995,2.080000204707639,-0.039704827666211
FMAT,453693.485586349,5678758.0427481,7.513668638471792,-0.0760373735523227,1.8899513932264544,-0.1911273674779823
FMAT,453692.757192097,5678758.27928298,7.065992758729738,-0.0804484020800206,1.9592498234846605,-0.3168876679099267
FMAT,453692.054839628,5678758.50265378,6.751881051933106,-0.0893296513774147,1.7740461703775623,-0.2633523213009733
FMAT,453691.361122033,5678758.72940461,6.256053267167167,-0.0900234596434202,1.5567873828172352,-0.2370375017302217
FMAT,453690.650023594,5678758.96826057,5.630678327140044,-0.0894604070433718,1.3461450899694969,-0.1904615239183787
FMAT,453689.852269153,5678759.22547274,4.757836166502057,-0.1297526612992349,1.0193755622564078,-0.1418563728053557
FMAT,453689.10660485,5678759.45524709,4.160622405344112,-0.1152902207615491,0.8866763127103391,-0.2039237759729378
FMAT,453688.369503609,5678759.70060849,3.759159425391492,-0.102059829284616,0.7982085896134129,-0.209179862857272
FMAT,453687.675655234,5678759.94955356,3.676952974709756,-0.126304001301917,0.8471730105517555,-0.2634150952883802
FMAT,453687.025203349,5678760.17766829,3.718690534793091,-0.125657115509223,0.9031689111189768,-0.2934822650408924
FMAT,453686.40065617,5678760.41592328,3.678023196822029,-0.1157830683328688,1.0352283606144017,-0.2222619993098887
FMAT,453685.767363053,5678760.66966349,3.811765760555132,-0.1434681092334532,1.1183903736438527,-0.1691867872018373
FMAT,453685.090862678,5678760.9120518,3.938500956247532,-0.147650172179323,1.155764898506033,-0.1095314979602734
FMAT,453684.371044057,5678761.16195356,4.192951214434632,-0.1323607971807952,1.0663233681117772,-0.0360961399090984
FMAT,453683.642551301,5678761.41513352,4.261344499056825,-0.1312963101092085,0.882817095698777,-0.115849666421555
FMAT,453682.905351766,5678761.67714033,4.047561442863904,-0.1440266732987837,0.8538958727253774,-0.20389856271604
FMAT,453682.18548077,5678761.93591972,3.825808883926426,-0.0867495619634365,0.8514341190772047,-0.1713988413165594
FMAT,453681.517732611,5678762.16171271,3.908817396187758,-0.04763764506977,0.8721061433678315,-0.1553969956601185
FMAT,453680.772022074,5678762.39925437,4.0558291856247575,-0.0553911375786283,0.87247450957764,-0.0349269598894025
FMAT,453680.078453976,5678762.60048046,4.144007812591585,-0.0636111504771255,0.7690877086345204,-0.049088426896687
FMAT,453679.358850506,5678762.81376073,4.010076444207606,-0.0998178879732276,0.8433831277945895,-0.0545064765241961
FMAT,453678.595739421,5678763.06673654,4.306477951280338,-0.0986885902911482,1.000640777818507,-0.0819028324603847
FMAT,453677.841302377,5678763.31643402,4.55225167469225,-0.0793640452665191,1.0587716783588348,-0.0589092057458587
FMAT,453677.10422,5678763.55846518,4.623043268165091,-0.0701166663029957,1.1816905571084848,0.0201536678156477
FMAT,453676.470821843,5678763.8299603,4.602133132921638,-0.0849803988721962,1.1296961860877666,-0.0144725442371866
FMAT,453675.83735834,5678764.11255266,4.473857243631586,-0.0731143107461381,1.0267512438924504,0.0347515613358402
FMAT,453675.160243527,5678764.45925457,4.383216923868992,-0.0487574560010344,0.8894548295931212,0.008204742880228
FMAT,453674.535166697,5678764.78739661,4.097234368994914,-0.0677468443345569,0.8334374346807649,-0.0120664783594504
FMAT,453673.858848459,5678764.99871156,3.869987545725673,-0.0800832248687116,0.7155681118953874,0.0061933716074095
FMAT,453673.078787136,5678765.19054993,3.7310222406189255,-0.1095984576074811,0.6613371660052701,-0.1419879510419097
FMAT,453672.307439052,5678765.3724516,3.749422223639925,-0.1057240037828658,0.7014778872117916,-0.2165489458006049
FMAT,453671.388494137,5678765.63338781,3.992012880141396,-0.1180954103139364,0.7119710051671508,-0.2546448329347929
FMAT,453670.564833621,5678765.88045769,4.176655424405504,-0.1125857934486711,0.8377145984199251,-0.1368904515637993
FMAT,453669.810402575,5678766.12904467,4.155305730005529,-0.1087726775736446,0.8725087554732126,-0.1563772699239946
FMAT,453669.021307737,5678766.38519595,4.157229323694519,-0.0942990737093582,0.798898165583796,-0.181477772462402
FMAT,453668.292755209,5678766.64836205,3.948410604265299,-0.0936077519744873,0.7070764702920421,-0.1468250402469229
FMAT,453667.607435978,5678766.91844114,3.735158749032909,-0.0974546819483567,0.5164946644693695,-0.1676306824716844
FMAT,453666.930686304,5678767.20299756,3.624807087454356,-0.1070981194683168,0.4866081449102593,-0.1656028927151606
FMAT,453666.219266297,5678767.49622801,3.266367985227141,-0.1293864212734926,0.489477845135124,-0.0684782628591971
FMAT,453665.516533401,5678767.78396069,3.091352304134187,-0.1206241861404607,0.583022172781052,-0.0679491595651781
FMAT,453664.813898426,5678768.05504739,3.327848739722451,-0.0671943934726877,0.6632805114016791,-0.1476784304516058
FMAT,453664.163366806,5678768.29647699,3.6603599529864335,-0.0688796430081965,0.6526315476449361,-0.1810499863130413
FMAT,453663.504363527,5678768.5067832,3.768029848663803,-0.1023540619441879,0.5969163653781933,-0.2921902853562391
FMAT,453662.810702985,5678768.72354397,3.879163523081593,-0.0737636104349226,0.6186115335727903,-0.2326885148999493
FMAT,453662.108400956,5678768.93803428,3.909980824224899,-0.0620867045524356,0.6423818367446168,-0.0796610042986279
FMAT,453661.241480307,5678769.18262903,3.828823777713296,-0.0813370104682195,0.760168017246222,-0.1091260066322174
FMAT,453660.444056971,5678769.38324209,3.92337058837334,-0.0625646923403211,0.7928939605755069,-0.107909322211737
FMAT,453659.724393536,5678769.60650813,4.357682341870055,-0.0396250023077665,0.8168292490125929,-0.1240762379864323
FMAT,453658.848667982,5678769.87657543,4.766752401703308,-0.0128629000159131,0.7815274669898545,-0.1297395409590538
FMAT,453658.206953848,5678770.09031228,5.254395614638267,-0.0355852367667401,0.7668548854309848,-0.0210245139299596
FMAT,453657.443782557,5678770.3532736,5.972693048747773,-0.0543517574765903,0.8327603022318063,-0.0086110181424071
FMAT,453656.776000285,5678770.58461315,6.302637804600977,-0.0449329497468531,0.8773413923467022,-0.04830452441193
FMAT,453656.116852889,5678770.81933277,6.680803003941693,-0.0230948225557019,0.7750691571762741,-0.1230283374994006
FMAT,453655.466346899,5678771.05632274,6.884184136168883,-0.0139281480565191,0.7498592439850106,-0.2112937413440499
FMAT,453654.677022429,5678771.35131308,6.610364097549192,-0.0113834324439643,0.8329408289099501,-0.1960375224339605
FMAT,453653.930963929,5678771.64766781,5.974332171496918,-0.0129426555836042,0.811142253206486,-0.0817179406466181
FMAT,453653.176531784,5678771.89625321,5.62759164057287,-0.048122771045006,0.8236784741948173,0.0224703670593972
FMAT,453652.370205176,5678772.13898418,5.050238649435646,-0.0715410977845705,1.0230312498567893,-0.0018317076390904
FMAT,453651.728288142,5678772.38712208,5.08985342468933,-0.0487787731527441,0.9869010678293084,-0.0315008472351113
FMAT,453651.06045979,5678772.62622924,5.664872406779022,-0.0252464783440921,0.996365969827876,0.0366988176748161
FMAT,453650.418660273,5678772.85439192,5.778763549059709,-0.001968298061272,1.114693290359938,-0.0007205575483855
FMAT,453649.690263312,5678773.09092283,5.750034751875418,0.0603004755957385,1.182057812786348,0.0320031234517927
FMAT,453648.987855982,5678773.32316763,6.393837763371564,0.0657963775126224,1.1993471804688958,0.0962494375333381
FMAT,453648.189987594,5678773.59924098,6.888113339490869,0.0715388320425915,1.1452898375136764,0.2791171575264029
FMAT,453647.435489733,5678773.85892312,7.092412772092515,0.0329132246084487,1.066739868077706,0.3060509624621031
FMAT,453646.698287787,5678774.12092655,6.832340121653754,0.0211238248312297,1.0467801724615324,0.2824822062264394
FMAT,453645.943757154,5678774.38615718,6.3075062177694905,0.0219906772993392,1.1263252389330407,0.2080672633316309
FMAT,453645.224007891,5678774.62384837,5.985674011928252,0.0189894536694912,1.081340219199887,0.142814807352293
FMAT,453644.547674921,5678774.83738027,6.024114357735038,0.0289142913750463,0.9939306987250808,0.1137574377071239
FMAT,453643.810616539,5678775.07496941,5.838964490283347,0.124277685093867,0.8920858011445499,0.1067563155721737
FMAT,453643.055870075,5678775.3768208,5.544142174896867,0.2052510022429827,0.8653920797455157,0.1354111985302896
FMAT,453642.353161743,5678775.66011251,5.185222435110121,0.2649465404353063,0.9359661582268328,0.2294006108811986
FMAT,453641.685169452,5678775.92696209,4.814111896325601,0.2987176476883001,0.9360542005068712,0.3280542084858373
FMAT,453640.991226631,5678776.19143926,4.494576785723074,0.3023099536638704,0.8467720928948086,0.4420024915182585
FMAT,453640.29745367,5678776.42706343,4.571855489980376,0.2744736676590487,0.771697031375789,0.5156015235258531
FMAT,453639.594986942,5678776.66929495,4.79936704775759,0.2628755874007205,0.7004017932852804,0.4736783938106477
FMAT,453638.90118122,5678776.91046765,4.781757052972628,0.2289205039121716,0.6675933976895533,0.3843073749205272
FMAT,453638.181418433,5678777.15037765,4.617748416301684,0.2099274953445419,0.597561591091264,0.3505317510580483
FMAT,453637.444294285,5678777.39906348,4.232441173967064,0.21394541726451,0.6072724589552976,0.3212539195992437
FMAT,453636.603165538,5678777.67266137,4.064769867172094,0.2387675901195606,0.5876641697841718,0.3482879166373017
FMAT,453635.840077729,5678777.92119414,3.991118852965923,0.2564036715786668,0.5530249419611869,0.3345234253377041
FMAT,453635.163711531,5678778.14027388,3.8751358016441664,0.2599243032396839,0.5006326301561729,0.3287712833330196
FMAT,453634.391956036,5678778.390975,3.684496673292147,0.2806336152689787,0.4876156997021708,0.3698928700288844
FMAT,453633.646157518,5678778.64293869,3.842863516201591,0.2273226928681503,0.5925413766694846,0.3241432450012114
FMAT,453632.96918335,5678778.96522297,4.191157941607214,0.1639598232572642,0.6711841676195784,0.2955071469132158
FMAT,453632.222829161,5678779.31151344,4.522309363974205,0.113905387885411,0.794660148143768,0.2245539006257617
FMAT,453631.537925869,5678779.51056679,4.549466813132495,0.0972803161737806,0.9048328275310532,0.1814045247507645
FMAT,453630.827104732,5678779.70169905,4.725121069641056,0.1033497363875092,0.9011040272639228,0.1908836017612247
FMAT,453630.133533779,5678779.90292076,4.618636124531052,0.1497757843384027,0.8715191013801433,0.2276939951122312
FMAT,453629.439877809,5678780.11856887,4.569330012882,0.1423578201052067,0.7959170160304597,0.2593017901505305
FMAT,453628.754719447,5678780.36090138,4.2936406891645404,0.1729213529097741,0.8162694128478073,0.1569185362328183
FMAT,453628.025974672,5678780.65624589,4.0840378812831135,0.2040029414984926,0.8119523778708441,0.1068454632420566
FMAT,453627.288581851,5678780.95042964,3.740154651755757,0.2344049258357216,0.7305083386610763,0.1959616870569271
FMAT,453626.568354213,5678781.26912929,3.701136039181329,0.2248029228996751,0.5532873889157358,0.2708437963129274
FMAT,453625.891660609,5678781.54369466,3.540719662638712,0.1859847616944013,0.403090242005817,0.2558052642675668
FMAT,453625.223994098,5678781.75505643,3.2549896831509813,0.1402768877127511,0.3038411214822518,0.1145435616520709
FMAT,453624.495634748,5678781.98492665,2.998843291769968,0.0907099300961477,0.2875780663571744,-0.0651543130909012
FMAT,453623.620024232,5678782.23501494,2.9972366393028653,-0.002519973092609,0.3287866549793112,-0.1115975434762869
FMAT,453622.865720828,5678782.46140288,3.043523426986477,-0.0954879355301728,0.3834468319568347,-0.0649665924120181
FMAT,453622.111365077,5678782.69666857,2.954187431485088,-0.1285232208204025,0.4638450994839036,-0.0166676615022048
FMAT,453621.339634856,5678782.94292951,2.975389906902658,-0.1170223850968059,0.5489452843371962,-0.0152994700090543
FMAT,453620.637297694,5678783.16296478,3.0900291743672943,-0.1089771854673988,0.5374400855177828,-0.0309678561859843
FMAT,453620.021636505,5678783.36131529,3.0733049583691807,-0.102774474868212,0.5535325040490437,0.0452429003960016
FMAT,453619.345204004,5678783.59149095,3.035717847215659,-0.0841525306494153,0.5082950996593474,0.0208628375573941
FMAT,453618.651318574,5678783.84597861,2.949451316570227,-0.0861072967738954,0.4955074391631331,0.0082686553703853
FMAT,453617.974709463,5678784.10611683,2.853549128256108,-0.1381479380329148,0.5222653871024847,-0.0502770481867616
FMAT,453617.254651139,5678784.3959627,2.8262338593209018,-0.153581772254554,0.4419514015754526,-0.1096193730852641
FMAT,453616.638630162,5678784.65534801,2.877590319416093,-0.1492353027687148,0.4126971850332123,-0.1080830679612137
FMAT,453615.961903221,5678784.93546116,2.845650057591043,-0.1458728011491525,0.4562866752004348,-0.139375447107617
FMAT,453615.172588907,5678785.2282281,2.804078477670736,-0.1389837845672206,0.5426343310353979,-0.125435040557593
FMAT,453614.418043036,5678785.49567518,2.723846772934028,-0.1432303700885986,0.5618180585065284,-0.1693200407769937
FMAT,453613.689781092,5678785.70889848,2.610935986592003,-0.1328847852564486,0.5632687455515423,-0.1433634672791894
FMAT,453612.952805731,5678785.93205828,2.4855842453375216,-0.1017321592375772,0.531739516337383,-0.1179169362328294
FMAT,453612.224340998,5678786.17968302,2.377721927642579,-0.0790530925319967,0.4204276315315148,-0.1546473541228647
FMAT,453611.4352749,5678786.43027992,2.152637357188646,-0.1012420701068443,0.3943067749228759,-0.1216398369082784
FMAT,453610.715621541,5678786.65132204,2.1789528199763724,-0.1108428083221125,0.4165216927612521,-0.0374970597098091
FMAT,453610.108575115,5678786.85638114,2.3353541895704377,-0.0885418356367686,0.4598743974881168,-0.0582096801974675
FMAT,453609.345511704,5678787.10047245,2.431648521161151,-0.1255890181915845,0.4701880572300685,0.0122161537646197
FMAT,453608.591240103,5678787.32131039,2.48269894783105,-0.1706618720341451,0.4589886048734997,-0.0559588055080946
FMAT,453607.828170055,5678787.56651127,2.479363161217626,-0.1967547796782298,0.4604463211790492,-0.1706157044894686
FMAT,453607.030436063,5678787.81927618,2.488665324676626,-0.1982674293728588,0.405061795348863,-0.2227324117490918
FMAT,453606.163446148,5678788.07496217,2.5889833687782886,-0.1704750268249279,0.4077555760412512,-0.1839198235792454
FMAT,453605.40049367,5678788.30018772,2.492567864591528,-0.1279276035548321,0.4651744046714836,-0.0603051165016877
FMAT,453604.767516078,5678788.49954476,2.455000786306329,-0.1317719563414742,0.4770714890823178,0.0537787366560604
FMAT,453604.091056513,5678788.73415804,2.4831325303741343,-0.1297291096103034,0.4599035683168292,0.1478332074214899
FMAT,453603.362414652,5678789.01174464,2.5606932084272693,-0.1077728974170958,0.4469369328486859,0.1158777143236327
FMAT,453602.633805436,5678789.28378252,2.5364779728484077,-0.0741782675572457,0.4353195842642643,0.0705828243227335
FMAT,453601.939918949,5678789.53826871,2.533274459143481,-0.0690886669980293,0.4487008927916962,-0.0520171599175866
FMAT,453601.202668184,5678789.808036,2.645754038766297,-0.0682450620011818,0.4664755257276048,-0.0978878687253796
FMAT,453600.465397743,5678790.08113241,2.6360834964909947,-0.0886862310627816,0.4973328403883209,-0.0787252195299283
FMAT,453599.710713536,5678790.37188238,2.5870077522109667,-0.0987605654282212,0.452069515836759,-0.0364936916915252
FMAT,453598.87791608,5678790.69990395,2.694525722332496,-0.094518711403966,0.3766649327832861,-0.0310079419399805
FMAT,453598.166648323,5678790.96649481,2.733495235492269,-0.0707379323202211,0.3241867451237482,-0.0986202629958065
FMAT,453597.524930757,5678791.18022673,2.759460459404965,-0.088657428216617,0.3297351302222698,-0.0137744785312575
FMAT,453596.692538668,5678791.43944492,2.7196630740528,-0.1108342933475172,0.370268162108891,0.1788733351582294
FMAT,453596.007496021,5678791.66179948,2.812427973797437,-0.1100111710773792,0.3449065921570572,0.1315836714472743
FMAT,453595.261668807,5678791.91819846,3.035752696519826,-0.0815250727578113,0.3232682012883177,-0.0022687858361703
FMAT,453594.437787187,5678792.20188145,3.835326717652352,-0.0535703109967532,0.3855958402927379,-0.2070876520090442
FMAT,453593.717975808,5678792.4495555,4.273576982664074,-0.0229109274607283,0.4027826077306273,-0.2661795306314596
FMAT,453593.050209346,5678792.67756049,4.666720450575617,-0.0165547126437475,0.4935841061570512,-0.1207332095941532
FMAT,453592.347785455,5678792.91201971,4.615529802022435,-0.0041359344627727,0.6018577281736675,-0.0340991364739277
FMAT,453591.584747051,5678793.15167039,4.452416374152993,0.0287718567922587,0.6132649824764013,0.0589755430758617
FMAT,453590.778285451,5678793.41658965,4.799968770067808,0.0401580205554028,0.5385947558927113,0.1581749444040549
FMAT,453589.94578168,5678793.69467251,5.192779669989223,0.0426827082681061,0.3422118418971294,0.2076041794160863
FMAT,453589.139261088,5678793.96957916,4.802124154546284,0.02484024838465,0.3797331299439687,0.1382248205794989
FMAT,453588.350023346,5678794.24902668,4.524887615297329,-0.0395302694781925,0.6811596828187226,-0.0380025960012287
FMAT,453587.638682934,5678794.5278236,4.711274970916044,-0.0673105753157311,0.8299668210376904,-0.0169455729689167
FMAT,453586.814656823,5678794.83591981,5.261762915912417,-0.1076259893677118,0.9188987056685808,-0.0540228407241854
FMAT,453586.077483534,5678795.09236895,5.365078367265202,-0.0951020209300962,0.9430429699728198,-0.062322635690326
FMAT,453585.409670824,5678795.32814139,5.3045005570070565,-0.0529002908896868,0.7797926843641853,-0.0318436890028388
FMAT,453584.57706197,5678795.62397933,4.808958079917994,-0.0356219377220228,0.8590696789266264,0.0107536260691312
FMAT,453583.891789604,5678795.88517334,4.823519666822653,-0.0397053287400578,0.967929376553665,-0.0472918176410667
FMAT,453583.232415379,5678796.15761765,4.991162069956262,-0.0475610851867333,1.0539873993043565,0.0483845402588364
FMAT,453582.59032402,5678796.43460287,4.840973281544813,-0.0686268999647531,1.1029474658168643,0.0381519318030392
FMAT,453581.740307709,5678796.74698439,5.289604664087893,-0.0842319048486946,1.1163426911981562,-0.070086325917381
FMAT,453580.959979145,5678796.9832028,6.968491463692017,-0.0576382598615524,1.074594700864732,-0.076031548844203
FMAT,453580.118878987,5678797.25124604,8.811306827024161,-0.0359975846134871,1.425856915880086,-0.0994141124638436
FMAT,453579.338432539,5678797.5074394,9.744855543282457,0.0046248047923022,1.7182891597742211,-0.0639876857685632
FMAT,453578.531983155,5678797.77013796,10.390352561913929,-0.0041281421538966,1.7867049978294112,-0.1168821684975646
FMAT,453577.864176525,5678798.00480002,10.913593515114094,-0.0208640438549795,1.9274159072888415,-0.1428329262489786
FMAT,453577.196402576,5678798.23391339,11.16937244298474,-0.0195030011025196,1.950621668575856,-0.0702180710600191
FMAT,453575.730984059,5678798.70025226,11.42163663661922,-0.0062805097729736,2.1267293604335133,0.1324437292977796
FMAT,453574.97654676,5678798.9488302,10.954989929837732,-0.0447023644827624,2.2447757627952942,0.0987929550539231
FMAT,453574.230698511,5678799.20855638,10.915504884099713,-0.0607695669951668,2.4777848175331902,0.1209116434066868
FMAT,453573.545353491,5678799.4819565,10.613060174704351,-0.048240199532122,2.2490725705837087,0.1206884565651449
FMAT,453572.825108834,5678799.80287072,10.368191106415807,-0.0393625529756213,2.3299839131988493,0.1647293403615839
FMAT,453572.191684434,5678800.07768669,10.04510005268041,-0.0279977281873244,2.210610967872572,0.168057982143304
FMAT,453571.480401807,5678800.3464946,8.991205564670262,-0.0051762752019383,1.8847152109419123,0.0959466070493999
FMAT,453570.708563493,5678800.61050624,7.847979263431362,-0.0007932054915496,1.985448858486938,-0.0194595709670169
FMAT,453569.928103307,5678800.86891813,7.707523196097521,-0.0143469497774743,1.8800115418169956,-0.0052735845255689
FMAT,453569.130471419,5678801.10392356,7.837964500287644,-0.0088359987081557,1.918101455802617,0.0272686818731593
FMAT,453568.419528933,5678801.31502533,8.008981326880862,0.0215280145621435,2.0640076643111107,-0.0557278952350824
FMAT,453567.73462859,5678801.51296342,8.24636140192567,0.0085035395191224,1.9268772181423564,-0.031378279138789
FMAT,453566.972400182,5678801.61500542,8.368751376385552,-0.0066303408463995,1.9371528114481853,0.0221522500041597
FMAT,453566.245536108,5678801.5907425,8.645051417085941,0.0037078526470427,1.9715531777006663,0.0247751569989976
FMAT,453565.579777497,5678801.47805857,8.966123034131133,0.0087716279230163,2.115139033107025,-0.0145970485019428
FMAT,453564.897128721,5678801.29424989,9.40841296471458,0.0253451787741482,2.200590092084457,-0.0348032078551813
FMAT,453564.361855991,5678801.06913929,9.915005067795551,0.0133209518264163,2.235157682463227,-0.0951686565052941
FMAT,453563.896310582,5678800.76120741,9.92317311582914,0.0224180173873696,2.1500925533722297,-0.0566505603048303
FMAT,453563.500381219,5678800.38931965,9.888833779706372,-0.0213655570728114,2.0717639854074874,-0.040590623837275
FMAT,453563.079188661,5678799.89853781,9.707721601583318,-0.0815232269551096,2.064543012181295,-0.0583397510606907
FMAT,453562.727500886,5678799.36266547,9.686702610820236,-0.0859399240080988,2.08367874079587,-0.0428047046246364
FMAT,453562.540098926,5678798.85328682,9.621500742357336,-0.0230592270018196,1.999429014063073,-0.0150367238321547
FMAT,453562.431275191,5678798.22784614,9.498066795583544,-0.051717764717295,2.123761721300078,0.0251238550028875
FMAT,453562.443300862,5678797.65638712,9.2454329500456,-0.0457325151569687,2.189058455745981,0.0433358586753097
FMAT,453562.550670498,5678797.06107563,8.720561353842134,-0.0385132628541391,2.18616140624036,-0.0268371577466296
FMAT,453562.753161515,5678796.47964242,8.378108791346344,-0.0317629878870688,2.012944918749501,-0.0664454694173673
FMAT,453563.015893899,5678795.95627242,8.382075458066968,-0.0070978657353306,1.7800134755709878,-0.0510320537223666
FMAT,453563.373767275,5678795.44345151,8.51876525277107,-0.0547113150302347,1.4738704077482756,-0.0284728840269421
FMAT,453563.860954669,5678795.01684538,8.261465525960963,-0.0183094722372336,1.4228876232001406,0.0573174923674155
FMAT,453564.399244496,5678794.73037128,8.49004087071705,0.0045094233546959,1.5354665454979826,0.0687529878710609
FMAT,453564.988990238,5678794.52410386,8.875171535817534,0.0095031761238302,1.6459828850401612,0.0245881322459281
FMAT,453565.708410022,5678794.34301612,9.34200412617852,0.0310581031726242,1.803224195919324,0.0308558045095799
FMAT,453566.471037009,5678794.17328083,10.165660627157274,0.0340483050288277,1.9340471502796024,0.0617800733096846
FMAT,453567.329060238,5678793.9708151,10.410782735490336,0.048203789777759,1.995911919526608,0.0373310108311584
FMAT,453568.144059443,5678793.72592439,10.085476601717344,0.006331256526075,2.3010861627549946,0.0307099475879143
FMAT,453568.83833359,5678793.40596719,9.678723015921426,-0.0379166187217933,2.3269141750302307,0.0780399910249729
FMAT,453569.559481031,5678792.93191083,9.755209123146042,-0.0689244555699002,2.03155773561108,-0.0785941390315127
FMAT,453570.168263396,5678792.43277684,9.973909075701828,-0.0888524127031955,1.7886454735437043,-0.1448231549135169
FMAT,453570.664536723,5678791.93297927,10.03244550558649,-0.0691228213653427,1.761971627018433,-0.1136635984476922
FMAT,453571.231289753,5678791.22274162,9.309665014683972,-0.0637501269654759,1.759839438401543,-0.1792016172178932
FMAT,453571.694286441,5678790.49524552,8.81692862636676,-0.0528262592602714,1.7809968562090983,-0.0822810190297004
FMAT,453572.131168918,5678789.79312003,8.433542761119103,-0.0246371057757924,1.4966893244333794,-0.1050076674634881
FMAT,453572.6717421,5678789.11935019,8.40663067367166,-0.0222801001527893,1.6045699502398412,-0.0022278976237556
FMAT,453573.273008165,5678788.4270722,8.739873660842655,-0.0011926979474662,1.6091762127257994,-0.02612318211661
FMAT,453573.882889389,5678787.74150357,8.824177021964532,-0.0243818452004945,1.4337739714165416,-0.0008269678028432
FMAT,453574.475363285,5678787.07247875,9.179164342396575,-0.032875977304999,1.532692344734298,0.0318646806303177
FMAT,453575.067895981,5678786.39346632,9.237799702303263,-0.0540442451397026,1.6464572316350792,0.0545655754244929
FMAT,453575.591290501,5678785.69739964,9.852240972889543,-0.037354945228084,1.7866333146157791,0.0214046619746442
FMAT,453576.071340309,5678785.01328476,10.571905464332756,-0.0937303162591723,2.100338720167555,-0.071439207050061
FMAT,453576.577464862,5678784.31045758,11.804008005573367,-0.1571164004394073,2.072814816402966,-0.2185522982476255
NVB,453577.118357938,5678783.58231075,13.467909714907208,-0.1395691038365706,1.814957393880152,-0.4220776829236358
NVB,453577.685724905,5678782.76775817,13.393506504448824,-0.0922378452015122,1.2416359488974142,-0.2980415985192773
NVB,453578.183495657,5678782.01383235,13.601433803233858,-0.0495905076275694,1.2406113331561544,-0.0110632030238831
NVB,453578.672651053,5678781.25319709,14.18500618536211,-0.0427077726676486,1.7126895977494188,0.2883600444199672
NVB,453579.092013968,5678780.58648046,13.95824284759736,0.0577062244885979,2.120719195207482,0.3357884277845878
NVB,453579.616107909,5678779.77167258,13.81990440661041,0.0874125782127636,2.5062829691043,0.0679953424664538
NVB,453580.078880686,5678779.08190675,13.288261511415028,0.0444973374400859,2.6749661462741257,0.0338000611715453
NVB,453580.550347164,5678778.38553356,11.49178487884567,-0.0100008323070419,2.4078800183325733,-0.0147484086360244
NVB,453581.030422277,5678777.69697947,10.97675477592411,0.0007605418037216,2.337038051359793,0.0748413606402107
NVB,453581.527819429,5678777.00630795,10.445037120424944,-0.063233869178635,1.9646852786462632,0.0811081521826861
NVB,453582.05989346,5678776.30585295,9.699410962503832,-0.1164856249721824,1.4674760965767917,-0.0503634288046278
NVB,453582.574501326,5678775.63192935,8.062089921220032,-0.1577334659942816,1.07804509313022,-0.1766056715788069
NVB,453583.071747725,5678774.96678148,6.818184654212059,-0.1491579396394812,0.914691961998154,-0.2509384847296267
NVB,453583.53429092,5678774.31585595,5.856283591727696,-0.1259919539543768,0.6271985660697947,-0.3382077799382955
NVB,453584.005534354,5678773.65721331,5.437082519832937,-0.1345690659297016,0.3901959987448922,-0.3121127878057679
NVB,453584.529090826,5678772.93340283,4.916114503385398,-0.2098557751410828,0.2757672812684921,-0.2618975387568997
NVB,453585.00046495,5678772.25256557,4.468501740448868,-0.2291171370996185,0.2524534689229571,-0.2977569496322459
NVB,453585.454752419,5678771.53389546,4.372911247797498,-0.2120694118452934,0.3030716524395769,-0.3539595864999215
NVB,453585.909000552,5678770.8218837,4.374880193363152,-0.1916928725432427,0.4100422868895681,-0.3178861847939699
NVB,453586.363117752,5678770.13206648,4.565542358402826,-0.214622422280163,0.5380983078112437,-0.3825295863696709
NVB,453586.28033462,5678769.49346245,5.057132508011188,-0.2183975105524148,0.5217065971284507,-0.2648848322930899
NVB,453586.119615112,5678768.8621673,5.20443774327948,-0.2396884372194493,0.5225370668055893,-0.1848015046883419
NVB,453586.591015031,5678768.17689103,6.117374123034916,-0.179208398755683,0.6357458736730385,-0.26397356702297
NVB,453587.157025644,5678767.59205153,7.942195410136516,-0.023420277194578,0.7865570030088985,-0.2820710417465878
NVB,453587.809489658,5678767.02325842,9.390503137089247,0.1029886322201529,0.9657683588910404,-0.0628737500600596
NVB,453588.479171001,5678766.47010349,10.825074951489992,0.2210330908137591,1.0695951191196822,0.3073852265029944
NVB,453589.131549781,5678765.91573673,11.812820499524282,0.3574394348831803,1.0832195814275734,0.681822170254487
NVB,453589.619420887,5678765.37260755,13.050703805933276,0.3634793540573246,0.9308944482304132,0.6159112055959951
ALG,453590.090172632,5678764.79719417,13.595067291663296,0.411990586155522,0.7610962719623224,0.5024768846440901
ALG,453590.613773761,5678764.06561519,13.210179910438864,0.3209016169435713,0.7330082959264821,0.3204812497897938
ALG,453591.093847135,5678763.37706048,13.971715802949802,0.2647900347390825,0.7994022149257048,0.2556196119406163
NVB,453591.6685312,5678762.7889425,14.058024885826669,0.2219821037004248,0.5717002214264354,0.2662140774769658
NVB,453592.269531939,5678762.14105219,14.142702800271277,0.1841450159362407,0.5697458737879588,0.2640704036996405
NVB,453592.923094135,5678761.3858243,13.46543377743241,0.1238936810885669,0.6155949364110491,0.1425158316332314
NVB,453593.290508179,5678760.72212999,14.039056031839802,0.0853280162575916,0.7301003447619588,0.0309036180733568
NVB,453593.658007197,5678760.0440092,15.365608832943613,0.0730572185962646,0.8787311278339199,0.1480432422557084
NVB,453594.155781555,5678759.28897263,15.737632639276525,0.1093216089391123,0.9794934465582944,0.1228113183474867
NVB,453594.627252171,5678758.59148887,15.580495893933705,0.0586758719222413,0.8813467348980617,0.1800313243288057
NVB,453595.107351033,5678757.89849501,16.347506996233676,0.0080581558712353,0.7154123490501345,0.1301891540820664
NVB,453595.596038897,5678757.21664941,19.74512662802264,-0.0243587710881572,0.7450681225946983,-0.0295971844303467
NVB,453596.084641641,5678756.54923025,24.44493572058245,-0.0788001663651685,1.5426047613634204,-0.1061110484576793
NVB,453596.503995254,5678755.88362242,27.93556120200836,-0.124660059736059,1.802757027718097,-0.2587785014427094
NVB,453596.923335715,5678755.22023402,31.319189944162964,-0.1645487233100239,2.0992545380566936,-0.4131899932184081
NVB,453597.385510327,5678754.63145245,34.19397761793365,-0.208557591864069,2.389584807268464,-0.3008156546035952
NVB,453597.882414042,5678754.02400953,34.58038753913816,-0.1948642097378195,2.9574570941095444,-0.2473489822454553
NVB,453598.379742839,5678753.34443423,38.17504353918135,-0.1289850301404996,3.74925976005873,-0.2907715341255523
NVB,453598.83370098,5678752.68124977,41.59745923506025,-0.12272585394574,3.851136462374981,-0.3020493930693759
NVB,453599.331055776,5678751.9972355,45.05034657049255,-0.1395067865378547,3.614329427847004,-0.2976579870522082
NVB,453599.837006109,5678751.32325976,45.66177225944943,-0.1016735711380328,3.542906597736636,-0.2509361033416633
NVB,453600.325601594,5678750.65695006,45.512846805998194,-0.0764654425981201,3.565326741509134,-0.2464668690008926
NVB,453600.814465162,5678749.94514148,44.8620187910057,-0.0549617150522425,4.49393097338984,-0.1158091991850553
NVB,453601.285686097,5678749.28982699,42.72768345022942,-0.0193889740871345,5.202245306047852,0.1465646884197281
NVB,453601.7823014,5678748.73121187,41.37341996965112,0.0086842615826467,5.114188917158083,0.2289416052738054
NVB,453602.331589157,5678748.04639372,41.27741084956825,0.0958723033981443,4.713880533780556,0.2382295961794251
NVB,453602.733691689,5678747.37069598,39.10327103356039,0.1341672135268013,5.4041560463766585,0.1408066537787496
NVB,453603.153083504,5678746.69842943,37.8355315675364,0.136929690146614,4.588961800518117,0.1239988668226117
NVB,453603.598334059,5678746.04407151,40.02098370341327,0.0894760213705291,4.849377009727649,0.0910485576361017
NVB,453604.06985538,5678745.33770936,41.660349084923794,0.1298051688274455,5.024168688678841,0.1130906724271995
FMAT,453604.523812589,5678744.67452457,42.32775669961805,0.1479600809787769,4.4315955238003175,0.0438211548583413
FMAT,453604.960186074,5678744.05784634,42.87195331137965,0.2174007810186306,4.840347192396744,-0.0397360583935792
FMAT,453605.414110436,5678743.40021015,41.28997344010391,0.2298992278832157,5.035486908215228,-0.0691216497622607
FMAT,453605.920072787,5678742.72401456,40.19636106418143,0.2088559617028692,5.644913950718355,-0.0483977018361359
FMAT,453606.451959253,5678742.05463031,40.52755086940316,0.162806561233035,4.999494665021902,0.2060675870692861
FMAT,453606.983544801,5678741.43629354,40.581418860576406,0.1908131946180797,4.578367631532092,0.0968750796718017
FMAT,453607.541335676,5678740.77704978,38.041949610929656,0.2438361910503056,4.087376376404719,0.1254992435762066
FMAT,453608.05570365,5678740.14307474,38.81908040691185,0.2056356978762162,3.702066829996357,0.3225335303995037
FMAT,453608.52700188,5678739.47444308,38.07653600872845,0.2477661260088696,3.846438264568419,0.3071374374198823
FMAT,453608.963538258,5678738.83002142,36.305459027943954,0.3054104606282521,4.235088713085589,0.094540204604288
FMAT,453609.400342678,5678738.14010087,36.115384903498295,0.2910722366719572,3.617564469098229,0.0992864413504869
FMAT,453609.845788421,5678737.45245076,35.01447105161016,0.1811387293080231,3.4008236039030653,0.1096596710801362
FMAT,453610.290874426,5678736.82583568,35.393584364924486,0.0863742618996572,4.228860617551998,0.1173457074010268
FMAT,453610.701133208,5678736.23452789,37.73337506066073,0.041208412867123,4.4356172045601365,0.2337004723398135
FMAT,453611.146277931,5678735.5979252,40.36478271970799,0.0022610004867198,4.330900064617634,0.2454542375561297
FMAT,453611.600207838,5678734.93917892,40.63977513400869,-0.0011078049256299,5.225826563267543,0.1156225358256428
FMAT,453612.0451824,5678734.33142912,42.148223358898406,0.0190393424373039,5.174028447381372,-0.0350257041882282
FMAT,453612.550953979,5678733.68741524,43.63012624339096,0.0255190629772187,5.008899550129493,-0.0568111750139987
FMAT,453613.08266927,5678733.04688348,42.942431422620245,0.0006947266257433,5.4679904457509965,0.1121139805079304
FMAT,453613.614351781,5678732.41190034,40.59979141295951,0.0129258347127871,5.459722402504815,0.0513949799117168
FMAT,453614.154780218,5678731.76143195,35.93425152781187,-0.004905271588552,4.454260484910189,-0.1937304406340924
FMAT,453614.651883916,5678731.11958639,31.256359249062783,-0.0704161695068361,2.5852318432842223,-0.1380937110127154
FMAT,453615.053768773,5678730.48050906,29.37321562683271,-0.1558673235267431,1.8516569579219115,-0.0991921913707217
FMAT,453615.455856262,5678729.80703013,25.61630713239153,-0.1441698340432568,1.486807757720234,-0.0853798721780808
FMAT,453615.832091437,5678729.11453282,22.49416458011319,-0.1001480312299416,1.3435106769105858,-0.1422040633451438
FMAT,453616.217137937,5678728.39545301,20.36535499192884,-0.0434689174217075,1.5385630217032,-0.0567009974074176
FMAT,453616.688918626,5678727.64470096,19.15612041757007,0.0066042770025365,1.838324753917719,-0.1675211817940109
FMAT,453617.16903331,5678726.94837657,17.17576169035893,-0.0069941703960422,1.5382499651217465,-0.184225253575342
FMAT,453617.692008319,5678726.32221998,15.112024650341835,-0.0321101872026042,1.0401773486898822,-0.0393873585096917
FMAT,453618.249313413,5678725.74509537,14.68068807862613,-0.0264954725939952,0.8101669292034921,0.0421314496809754
FMAT,453618.780151608,5678725.25326684,16.29200798500966,0.0209261719107525,0.771835930439292,0.1241264287654646
FMAT,453619.40612343,5678724.77309643,19.697637381223707,0.0701254732010332,1.517829944455099,0.0721719181350532
FMAT,453619.997183128,5678724.34265979,22.59450166979625,0.0935504663624892,2.554452357418649,0.0646452210881205
FMAT,453620.536172164,5678723.93633121,24.612183197325734,0.1315759655337958,3.397488650753657,0.0846780951975015
FMAT,453621.127205586,5678723.51033341,30.415646069656837,0.1205953077989941,4.074420596455066,0.0056654950252903
FMAT,453621.761753133,5678723.04353054,34.76395664285508,0.0923900785197285,4.41481097872988,-0.1034031721551859
FMAT,453622.405085816,5678722.55458403,38.208364614853394,0.0553984729601671,4.065582748897699,-0.1980401770224763
FMAT,453623.030998364,5678722.08440088,38.674192490417134,-0.0079790078835318,4.250404188724523,-0.1788722678004677
FMAT,453623.708922572,5678721.60009712,40.60371637255808,-0.1049545481434243,5.036978882352013,-0.0867982318302531
FMAT,453624.377996118,5678721.14903417,36.34708266577584,-0.1138910192226022,5.480538403925835,-0.0484353228095096
FMAT,453625.116331393,5678720.6939401,31.194140433784305,-0.088567439900217,5.291073887956646,-0.0966166448712571
FMAT,453625.819682677,5678720.30078683,24.44463711329691,-0.0785828346265322,3.8259063473588784,-0.1301987674482611
FMAT,453626.488180733,5678719.9473798,19.640321993317485,-0.0469878058993572,1.9307576930576404,-0.004269721406051
FMAT,453627.156626432,5678719.60285054,14.344022018723456,-0.0363402750713788,0.7505849665021472,0.0592362042169732
FMAT,453627.81641762,5678719.25827025,11.830229900243165,-0.032703149071736,0.7008626501588316,-0.0141342146329212
FMAT,453628.467240532,5678718.96690588,7.787030851406953,-0.0214776045076171,0.615139637956651,-0.1140496069577241
FMAT,453629.195790066,5678718.70374347,5.538430079442053,-0.0751747523533496,0.5962941167785131,-0.1315133105254176
FMAT,453630.140158381,5678718.53396286,6.65163916891159,-0.1070987658234125,0.4827375441536948,-0.0878204520684524
FMAT,453630.972110256,5678718.34798326,9.729732241847667,-0.0750713598818202,0.5836077468335996,-0.0974669446501404
FMAT,453631.743958064,5678718.08063657,14.821154191319843,-0.0564457330473513,0.8700808239346993,-0.1385342360525804
FMAT,453632.524492948,5678717.80779214,19.56848627177474,-0.0416828698937348,1.3255846882364777,-0.0932376448676258
FMAT,453633.305060462,5678717.529399,25.67685995491269,-0.0127638329354966,2.171366654958081,-0.011213013307369
FMAT,453634.08580439,5678717.22104311,31.585017227552107,-0.0076359234968779,3.088099886257662,0.1008683365908368
FMAT,453634.849278564,5678716.90592683,33.81273732379877,0.0030631978300561,3.740206921510132,0.0601180243054633
FMAT,453635.612661178,5678716.60634667,35.45499221089817,-0.0013855735054234,3.971978432895419,0.0130969980701713
FMAT,453636.376109088,5678716.29566916,37.21137038334533,0.071068062491357,4.317677508687408,0.1133840652814183
FMAT,453637.078923493,5678715.99351262,37.28044653021243,0.0751389242654915,4.887069942120397,0.1342541283144366
FMAT,453637.799131706,5678715.67703148,37.99155805603926,0.028401197600914,5.3960353973724136,0.1676569839561277
FMAT,453638.571168536,5678715.37750201,37.31932385520884,-0.0447158949078341,6.138431857795868,0.1209944765683035
FMAT,453639.325746094,5678715.10339428,34.919079938431864,-0.0841902067024643,5.893912743388171,0.0192045384985976
FMAT,453640.036881435,5678714.85788459,33.16584143460249,-0.1240425408559244,5.46526736619266,-0.1756547159114684
FMAT,453640.739277324,5678714.62675035,31.73375497108762,-0.094973990976097,3.7508479737874585,-0.3100440728807601
FMAT,453641.459034354,5678714.38684014,30.46939036663437,-0.0472068997193067,2.131421484651792,-0.2174192897499728
FMAT,453642.274356227,5678714.08534567,29.76504014812132,-0.0197981300251778,1.5541195375879475,-0.1894192362522334
FMAT,453643.037646793,5678713.80130099,24.9995127515496,-0.0373232792190088,0.9761305211709432,-0.1564164662379801
FMAT,453643.766208415,5678713.53591778,20.36779998036215,-0.0508261617818833,0.7062106713964318,-0.0780711309276543
FMAT,453644.572771113,5678713.25212776,16.25601198925421,-0.0461469936796174,0.670923159165013,-0.0856182043939122
NVB,453645.33598963,5678712.98028988,14.203924973682076,-0.0943254253687934,0.9949991826655652,-0.2145769385343059
NVB,453646.090534044,5678712.71173015,12.836646122857005,-0.1916297733657889,1.2386487714164327,-0.2130052999516889
NVB,453646.775594528,5678712.48493236,10.34129909177073,-0.2648309372659029,1.1279358623628453,-0.3001257691226198
NVB,453647.521419055,5678712.22741882,8.174335515597297,-0.3185865155168456,0.8148144863026366,-0.3266572363580818
NVB,453648.241254056,5678711.97419125,6.311662162383568,-0.3668551398645984,0.4142180712416916,-0.3840487650527034
NVB,453648.969795728,5678711.71213675,5.277526195179611,-0.3821225561174558,0.3606885349959462,-0.3635507573142271
NVB,453649.715783452,5678711.42687979,5.050186119288688,-0.4096183251810283,0.4099618556713614,-0.4133035464389341
NVB,453650.392823035,5678711.09238708,6.661901763442123,-0.3869920197408525,0.4855748488116577,-0.4983382490892572
NVB,453651.069869092,5678710.75678458,6.775730449667396,-0.3719146946688262,0.587442426489016,-0.4726426578246299
NVB,453651.833400742,5678710.43167911,6.272854011924559,-0.3242967770612157,0.5988646647960892,-0.3873895616992958
NVB,453652.50140677,5678710.16149951,5.252427874463881,-0.257959119716823,0.5413803809802643,-0.2744241691594586
NVB,453653.20414159,5678709.87265828,4.577157674889098,-0.2044568035732605,0.3984350774235929,-0.1364087377866109
NVB,453653.950298844,5678709.55854798,4.901253903155178,-0.1453432846516331,0.2940179820499136,0.0340822327358737
NVB,453654.661629207,5678709.27974512,4.155327291330044,-0.0645334399354288,0.3463753586923386,0.0957587548070538
NVB,453655.398864048,5678709.01108261,3.198032395783164,-0.0291052628792037,0.4698807159982218,0.1643702418518759
NVB,453656.179070546,5678708.79372227,2.6675975802949545,0.0050996329627665,0.5456920550430001,0.1103870137252087
NVB,453656.976017538,5678708.67301011,2.700146753197699,0.0348671702015649,0.5510473303794032,0.0318152871191379
NVB,453657.712376868,5678708.55305099,3.13172572216531,0.0050103791994629,0.4840901132770403,-0.0026102419878148
NVB,453658.509598176,5678708.38573009,3.5071905333108733,-0.0007624469615124,0.3748586145892189,0.0048969622563725
NVB,453659.290307516,5678708.08292035,4.355606258702444,0.0461582483743945,0.3163795808582824,0.039337531276273
NVB,453660.010376911,5678707.78974149,6.156476560245192,0.0278769478462331,0.3186879199295734,0.1271156685517919
NVB,453660.773888299,5678707.46796434,8.212063565999555,0.0427606754777723,0.3952322525676218,0.2278874668092005
ALG,453661.528908483,5678707.11839296,9.938957278029996,0.0553570690976081,0.4915660457816853,0.1200195439451254
ALG,453662.266802615,5678706.73764724,13.65113134539068,0.0633337807623102,0.7292266182455124,0.0054538954009424
ALG,453663.013409901,5678706.34696482,18.967327945795912,0.1174248113924148,1.0904158100180572,-0.037929829816529
ALG,453663.742473087,5678705.99613069,24.010021999879196,0.0878661780513276,1.5515485425734403,-0.0801243576719564
ALG,453664.453789703,5678705.71954641,25.989750324332352,0.0261798838980424,2.228486866560235,-0.1496667617802859
ALG,453665.182362898,5678705.45194177,25.916912926435284,0.0057442833920573,2.1235776267539848,-0.1399174577847691
ALG,453665.885083759,5678705.16531887,25.30976116551196,-0.031502637569974,1.548380051845622,-0.0793300465182974
ALG,453666.631070231,5678704.88006031,22.8008656068608,-0.0819550203557894,1.1273035991224398,-0.0798270732865316
ALG,453667.403137526,5678704.57497939,19.39739299653621,-0.0918054731291945,0.656855414066801,-0.077656241735468
ALG,453668.175054546,5678704.29542214,14.830293651851116,-0.0857682189783224,0.5659041109845043,-0.0617022925438801
ALG,453668.912144762,5678704.05117238,11.068192203175665,-0.0511351089443064,0.5476347925944111,-0.0750551287248185
ALG,453669.631919526,5678703.80793043,8.016490880184032,-0.00279811263438,0.5491345049435806,-0.1040265752159981
ALG,453670.369048837,5678703.55702217,7.709888978871121,0.0014924245328073,0.4977976314712974,-0.0066890669736416
ALG,453671.210286042,5678703.26344561,8.560687088517783,-0.0387707726584847,0.4542478778604861,0.0212719438702464
ALG,453671.973476517,5678702.99604407,9.36066055236368,-0.0385777419025361,0.529515523167579,0.0290815017338633
ALG,453672.624231103,5678702.71577336,10.714956761655015,-0.0183454406752504,0.7531927745021456,-0.0335229968418702
ALG,453673.31851904,5678702.3913681,13.90136566829286,-0.0120885747173463,1.060867612098236,-0.1501119361019301
ALG,453674.01280692,5678702.06696278,17.37017374686728,-0.036116557011287,1.6743900872881416,-0.1223461381400151
FMAT,453674.715749177,5678701.74260833,21.1427345737636,-0.0405661564080159,2.172747474613674,-0.1066283926655333
FMAT,453675.436072077,5678701.40614866,22.676381915495245,-0.056558401849142,2.339729279900105,-0.1029588139657372
FMAT,453676.208432532,5678701.05112909,19.8129488441477,-0.1055386506338731,2.2914792656779537,-0.1626468415579034
FMAT,453676.946005402,5678700.72475869,18.094460042882357,-0.1059591357582834,2.046710506114071,-0.1639070468188806
FMAT,453677.700730362,5678700.42512355,15.052314789618496,-0.1342847050070789,1.6320280449688918,-0.1609346053345141
FMAT,453678.446578821,5678700.16316818,12.717111005200255,-0.1404163928369789,1.46994932530178,-0.2201505445904527
FMAT,453679.200951068,5678699.92345823,12.127643129305037,-0.0912900880186788,1.069435664278796,-0.2395185757251585
FMAT,453679.946668836,5678699.68369729,13.810611104628068,-0.0647453420405285,0.8962158084814685,-0.2233085192115274
FMAT,453680.67511034,5678699.43828578,15.923163356861334,-0.0559836438648385,0.8000074532726736,-0.2911543973429257
FMAT,453681.464224234,5678699.17769446,17.621498694838074,-0.0312247570670093,0.8898911315198705,-0.2777261507134318
FMAT,453682.227205019,5678698.94580324,17.844909677052687,-0.0401629158734576,1.2313363904886878,-0.2263940370155492
FMAT,453682.964150644,5678698.72596621,17.00911362573436,-0.0565949276052716,1.4242314461630114,-0.2166704407780658
FMAT,453683.727183573,5678698.48519702,17.18638448326931,-0.0750255218085129,1.1280147203254225,-0.1857945331508234
FMAT,453684.447042229,5678698.22752724,16.679400218600435,-0.0922100574938261,0.8925557809419341,-0.0815187676282626
FMAT,453685.184353333,5678697.94554521,14.44875688627394,-0.1244743141039632,0.941083213629504,-0.146323168957813
FMAT,453685.999769705,5678697.6274003,12.280368760773015,-0.1571663267412879,1.0036323568448346,-0.1383801835945137
FMAT,453686.702449917,5678697.34743392,12.89510648135501,-0.0959777051614807,1.1950950948075258,-0.225362104842236
FMAT,453687.448571968,5678697.03886911,14.075446424991616,-0.0255130029973563,1.4515944887616088,-0.1690683463509181
FMAT,453688.212068107,5678696.71930877,15.257928176519735,0.0148226028810088,1.758929840975057,-0.1215583104744171
FMAT,453688.940802838,5678696.42395873,15.013675129762207,0.0486060699274898,2.0540124337384214,-0.021475337613973
FMAT,453689.695598725,5678696.11211543,14.242523238892854,0.0034474577906297,1.799217175919302,0.1607771972315669
FMAT,453690.433216257,5678695.77797568,12.772643817778537,0.0100435327796609,1.461831661278979,0.1835304674794557
FMAT,453691.110193973,5678695.45346704,11.423567545279573,0.0491179746868825,1.1785393985705386,0.1672369381975935
FMAT,453691.847706934,5678695.1370828,9.485459008317523,0.0688558000631251,1.1153870294019752,0.1201059977594893
FMAT,453692.593704544,5678694.84960234,7.848144928892052,0.0893800869490454,0.7551960262592513,0.0001982079495277
FMAT,453693.33955196,5678694.58764557,6.768965070449776,0.1137163577322965,0.5815679694766837,0.0075778885422759
FMAT,453694.189428694,5678694.29633693,6.639897880804028,0.1452600819191392,0.6699712995248386,0.0347572401063615
FMAT,453694.952578331,5678694.03559155,6.5619381556609975,0.1882302629364936,0.8397333635915711,0.0557107495797496
FMAT,453695.629020465,5678693.80208025,6.63938372254121,0.2139285547633815,0.9986833508623838,0.2306271727644775
FMAT,453696.556917407,5678693.48903493,7.152056706492862,0.2378306625475637,1.0656421268068224,0.3058463675803932
FMAT,453697.311255808,5678693.2548719,7.501457433294261,0.2243026652158186,0.9870010653788268,0.2693849072732993
FMAT,453698.082733311,5678693.04966353,7.561547831850641,0.2303432863253995,0.90287559596917,0.1680540659408707
FMAT,453698.914948396,5678692.81817792,7.8273736388426,0.2409183271332436,0.9142141641518374,0.0229266883795632
FMAT,453699.669293185,5678692.58290492,8.212340144311757,0.2238882840296098,1.1003044105455728,0.0152931992129247
FMAT,453700.415290256,5678692.29542373,8.567831583177755,0.2143580044480476,1.2674644966997577,0.0106914712183907
FMAT,453701.1527438,5678691.98902618,9.022023627583437,0.2336201275901044,1.3741148898750932,-0.0549323768888338
FMAT,453701.881712548,5678691.65372473,9.073851130531526,0.2408501518563574,1.5585972908983243,0.0275488522195447
FMAT,453702.619531447,5678691.28518226,9.182751570274222,0.2157606212412091,1.7562231778619866,0.1483120914062276
FMAT,453703.374502495,5678690.94337499,9.160329151669972,0.1958712849005754,1.869153791804068,0.1351366296630063
FMAT,453704.103327474,5678690.63248735,8.988046716210063,0.185268354191687,1.8389559680786611,0.1724849724215173
FMAT,453704.858043876,5678690.33395935,8.512746391219084,0.2056839574341878,1.66660524953722,0.218049229975357
FMAT,453705.586653383,5678690.05969262,8.023325730634525,0.2108102880885752,1.4638997977750814,0.2560802748055861
FMAT,453706.323878108,5678689.79213509,7.799788525798824,0.1934912033524891,1.3420089508274191,0.3340834197302159
FMAT,453707.052317841,5678689.54672116,7.827860404876689,0.2140648285685223,1.235814339987276,0.3198502318699512
FMAT,453708.63092679,5678688.9600592,7.596125122692161,0.2097166120464851,1.48467026139259,0.1509429042937217
FMAT,453709.368562403,5678688.62258849,8.001920071846165,0.1155086536784506,1.5792721342267506,0.1721519102360543
FMAT,453709.95934687,5678688.23764401,8.227559956366287,0.0680981318404383,1.5384896135128907,0.2403350516264739
FMAT,453710.602351433,5678687.80306703,8.609566149394643,0.0553694333343743,1.7663906647118308,0.1887106758823526
FMAT,453711.270705822,5678687.47295714,8.83582116840722,0.0927550999903504,1.6934243885977454,0.1326611925198509
FMAT,453711.998753679,5678687.29412646,8.529087332604918,0.1393754083516953,1.6853997181544,0.1719412935247369
FMAT,453712.796056432,5678687.11237362,8.152781586581327,0.1803830405765179,1.6291225494198287,0.1249332652795738
FMAT,453713.671464235,5678686.89445762,7.457251849009852,0.1410056322028718,1.5785514600740165,0.1143634662576214
FMAT,453714.434142706,5678686.7136108,7.355731041225594,0.1459878444667741,1.4049105734502088,0.0433803224780332
FMAT,453715.16214475,5678686.54254794,7.283580087072406,0.1363062073903447,1.1710765147693836,-0.0320853186571195
FMAT,453715.959616985,5678686.33194183,7.075801818570976,0.1607779846085693,1.1334422314558106,-0.0650326390504448
FMAT,453716.69659959,5678686.10544328,6.991470770114231,0.204310487416154,1.0323320351974372,-0.0335522898781052
FMAT,453717.364320718,5678685.88297654,6.887741423575036,0.2165141236069129,0.8993901558653296,0.0726386311474909
FMAT,453718.179675786,5678685.57481587,6.752137012137886,0.2199211045439569,0.9988690901304216,0.1725767131549788
FMAT,453718.891112543,5678685.27714186,6.679368600386006,0.1883172744898653,1.0702707220717589,0.1784489880021551
FMAT,453719.559303262,5678684.97477448,6.555984207251067,0.1623089535010276,1.0950422932442931,0.2619103498195957
FMAT,453720.236226632,5678684.65914117,6.748589920957753,0.1875020857200365,1.1080829009807542,0.3336311877650237
FMAT,453720.973920046,5678684.31168183,6.87152391733316,0.2142368993869587,1.1033830758365477,0.3706107017460565
FMAT,453721.711228497,5678684.02969639,7.025367446404017,0.1961500985881299,1.1077296511909156,0.2797020331070441
FMAT,453722.404912547,5678683.80738184,7.243460155605982,0.1927676739858827,1.209679838515383,0.1873253912544443
FMAT,453723.150660039,5678683.56206818,7.443416550322419,0.1668262449197315,1.093529961902403,0.1947075454441795
FMAT,453723.870542091,5678683.29995591,7.427457840680669,0.1815692059812765,1.040736502333671,0.2284287616970374
FMAT,453724.590508898,5678683.02341709,7.235359353363534,0.1916745793054018,0.9838668671759656,0.3238998142577237
FMAT,453725.397111115,5678682.73185074,7.475531333893922,0.1581312383950303,0.88699091628968,0.4361640713966624
FMAT,453726.108201615,5678682.49299168,7.495622068809879,0.1564992761129225,1.0373920836572754,0.3094130159543503
FMAT,453726.828063898,5678682.23420832,7.483980629019207,0.1816207768388735,1.1452580321486443,0.0751199100130819
FMAT,453727.539428269,5678681.94874055,7.604194081865196,0.1715969709274921,1.1285574139152907,-0.1078775630327201
FMAT,453728.224848917,5678681.65979091,7.770395329968368,0.1436885024121701,1.0907934660662202,-0.0757245252770342
FMAT,453728.901667281,5678681.36191253,7.79923581375483,0.1219596586617164,1.0537256328813858,0.1093426069030396
FMAT,453729.595781375,5678681.06635527,7.914721572326788,0.1333642568720345,1.1492716400433332,0.1630244633701985
FMAT,453730.367935139,5678680.745732,8.072638817766045,0.1478470753118404,1.3027307689235423,0.1411576272317383
FMAT,453731.070540474,5678680.47796869,8.190673022584805,0.1772048903525089,1.3977984682097404,0.1212426791375045
FMAT,453731.807717746,5678680.21817688,8.400911754708735,0.1736262633365252,1.259441066415232,0.1904117102960635
FMAT,453732.570884294,5678679.95409868,8.010585005169863,0.2051200922669198,1.1305841212769914,0.2400029841729085
FMAT,453733.299459235,5678679.68537804,8.345530013780214,0.1862523808683081,1.182777749127344,0.290967100544846
FMAT,453734.019431892,5678679.40772865,8.461009938823313,0.1760591064577029,1.0634010130134357,0.3103387117121901
FMAT,453734.739339275,5678679.14117646,8.414337997394915,0.161983983074099,1.0354067218835283,0.1876188532019049
FMAT,453735.467881457,5678678.87800427,8.194691503869004,0.1954809051762293,0.9090668144370574,0.2851277895743834
FMAT,453736.153040671,5678678.63344308,7.6952438974946045,0.2665083189789919,0.9001643611141205,0.3044009134711461
FMAT,453736.872817478,5678678.38908528,7.308963488125425,0.2976839499424736,0.8317316973565856,0.3236169953795959
FMAT,453737.653299012,5678678.12399858,6.74712370710001,0.3208879261082153,0.538013968698964,0.4897734927167441
FMAT,453738.381743179,5678677.87747204,6.154355191192998,0.3050413897197127,0.5386278730671683,0.5509925726793343
FMAT,453739.127489593,5678677.63215687,5.720773922062501,0.3011230592075473,0.5503996750122376,0.4279268948914092
FMAT,453739.84746837,5678677.35339722,5.579893594534336,0.2964205743299573,0.6109836070996891,0.2703407449443035
FMAT,453740.524285912,5678677.05551783,5.305116351138532,0.2767943732226302,0.7500946511278975,0.2131011801258087
FMAT,453741.253173311,5678676.7335295,5.385955552350826,0.2363619123016277,0.7396397484514093,0.2578440381874953
FMAT,453741.964588813,5678676.4391826,5.705392985751926,0.1896430272338944,0.7858119044601469,0.2972455251551624
FMAT,453742.641301863,5678676.15905869,5.776563666775605,0.2012482069219766,0.7795404901562801,0.2864945497262726
FMAT,453743.43956127,5678675.81417268,6.341200548787983,0.2638552357016655,0.7042773474832005,0.2696554458775558
FMAT,453744.177037632,5678675.50333221,6.921323626062725,0.2348008223015746,0.9005130012086675,0.1772282585356414
FMAT,453744.819009013,5678675.24408954,7.211275846931356,0.1941277798468565,1.0738274540416537,0.1229082560604036
FMAT,453745.634446633,5678674.92149958,7.542415358021829,0.1451982248872027,1.2637762002471755,0.1103595143030324
FMAT,453746.311029016,5678674.66356993,7.777786827538741,0.1221462724640876,1.3824336640594397,0.1725528104508301
FMAT,453747.065579236,5678674.39278111,8.255889911958011,0.0845490122207725,1.3347613019280522,0.2318791973159007
FMAT,453747.871977591,5678674.13561405,8.107911008145663,0.0697076131676885,1.3677630345802891,0.0923722246617917
FMAT,453748.62626691,5678673.90921421,7.801506456131381,0.0418408091768324,1.2646412598177696,-0.0195217942417558
FMAT,453749.380588785,5678673.67726567,7.6005487949081,0.057868557326115,1.135928109643423,-0.014527548189819
FMAT,453750.126275768,5678673.44193702,7.214400354867184,0.1040074706755289,0.9123904248107229,0.073124972110993
FMAT,453750.871995304,5678673.20105967,6.964148680763137,0.1567097314740048,0.7604160741528477,0.1248078827366127
FMAT,453751.626532185,5678672.93248987,6.251643528292094,0.2452773163629266,0.6443494795437972,0.2205754288313705
FMAT,453752.355144918,5678672.6571091,5.851157602117755,0.2622431603418806,0.5736270415534807,0.2594086984836645
FMAT,453753.144520958,5678672.35101176,5.756842311094566,0.3104320364428879,0.607377525212319,0.4292213181238635
FMAT,453753.873237894,5678672.0578752,6.010161367325232,0.2945754565786301,0.5732703948563916,0.4368024123571813
FMAT,453754.593404673,5678671.74693208,6.264154683264873,0.3119609011582387,0.6950140056516538,0.5085045388286445
FMAT,453756.068466489,5678671.10638361,7.58790964222705,0.351587038143444,0.7682676965459044,0.3456085869289945
FMAT,453756.814628892,5678670.79004416,7.89741229375463,0.3649417297817053,0.9759555761595128,0.3488941054451231
FMAT,453757.534782399,5678670.48132022,7.973841407682972,0.348273904022394,1.0280507048072731,0.3610814262666943
FMAT,453758.237548829,5678670.18581129,8.119864808165435,0.3430257062060529,1.02894262710756,0.3679530641712986
FMAT,453758.948917457,5678669.89923097,8.011649740139031,0.3145934930154995,0.9790433870280798,0.3352092302902112
FMAT,453759.642938125,5678669.61920727,8.184754938672228,0.3415770621326611,1.0346592229777458,0.3527422324283975
FMAT,453760.354280576,5678669.33706573,8.004340311036728,0.3162073056950937,1.187762470452975,0.2885367708055295
FMAT,453761.100201461,5678669.06178583,7.822141258822681,0.3041264948647478,1.1679110124888612,0.2469244140193113
FMAT,453761.82870269,5678668.80526957,7.694775186843166,0.3135145968674759,1.0253879654080125,0.2774976246547811
FMAT,453762.539875518,5678668.55198077,7.938175698906046,0.2955297882601005,0.94654534009065,0.3471831847573095
FMAT,453763.259624488,5678668.31205948,7.780071086369245,0.2749492518800976,0.9704429080361489,0.3487777477470929
FMAT,453763.979340822,5678668.07768676,7.664193415002708,0.303718750559785,1.0996057159298205,0.2234851046149077
FMAT,453764.785581533,5678667.84715146,7.89803410048976,0.2918177397903589,1.0447407394565564,0.196911701981368
FMAT,453765.539785014,5678667.63517649,7.9966258951314755,0.2649506377179144,1.1067594237445155,0.2024376828027491
FMAT,453766.320049407,5678667.40670799,7.816937220538904,0.2786558963215092,1.1472242130194057,0.2539549600084417
FMAT,453767.039967601,5678667.13793342,7.684071490960525,0.2191343267350071,1.1591076578018802,0.3374305301077707
FMAT,453767.734046384,5678666.84792146,7.818651695645916,0.2193318105107055,1.124196634402208,0.29618686723667
FMAT,453768.402227097,5678666.54665969,8.051562605839141,0.2230074015546602,0.9400420353884176,0.314522549608057
FMAT,453769.070459896,5678666.23652002,7.977551699490071,0.2488415930182589,0.9700861257600828,0.3252757717351673
FMAT,453769.825308278,5678665.91468152,7.646302254748678,0.2868823768372358,0.9266581989358192,0.2521336488036722
FMAT,453770.545382614,5678665.61927315,7.739539026626189,0.3286760160686649,0.8592803764307825,0.1170631696680663
FMAT,453771.213413229,5678665.34353489,7.534550853240259,0.2661993705427192,0.8464075225028188,0.2304115060819714
FMAT,453771.950711533,5678665.0626545,7.74547376833548,0.2434613844603176,0.8746509320929516,0.3242085783899152
FMAT,453772.696566431,5678664.79847078,7.574783337505288,0.2933027521145656,0.9224617906039074,0.3396596876931817
FMAT,453773.425236301,5678664.51310052,7.506230235831807,0.2871006654103203,0.95478914237773,0.2686795819983057
FMAT,453774.214656295,5678664.19923298,7.56954311166764,0.2541862507833309,0.9089508704820388,0.3309144861787073
FMAT,453774.899734793,5678663.96798519,7.5052588959825455,0.2688174895696208,0.9755981591931115,0.4760841583407293
FMAT,453775.628150378,5678663.72589413,7.245547170079989,0.3204088677083536,0.9404931932380192,0.4548484465219504
FMAT,453776.348054873,5678663.45933817,7.324617913759714,0.3119371392772467,0.9411130888439728,0.3014395466643014
FMAT,453777.041963566,5678663.19817833,7.276720252872467,0.2936032685891554,0.969987531894302,0.2819183004395474
FMAT,453777.735859177,5678662.9392379,7.435012172497061,0.2953114477106572,1.097753874540469,0.2363036731756595
FMAT,453778.490355036,5678662.6773239,7.330976654683452,0.3059181880511955,1.1229659084945722,0.3545654249732176
FMAT,453779.244844323,5678662.41651957,7.227062819604751,0.291303928682239,1.1509472365141138,0.3656373184035516
FMAT,453779.947420246,5678662.15319084,7.504696802146587,0.2582359430326986,1.2085217045486123,0.2897015197065718
FMAT,453780.702046256,5678661.86908207,7.801119229278186,0.2558974703366017,1.2136432343590586,0.3777215941105865
FMAT,453781.465215841,5678661.60388943,7.464512308931079,0.3008298242087973,1.1778093039828397,0.3119454125357624
FMAT,453782.167713433,5678661.35387724,7.442702976707629,0.3139941185072711,1.1920945651515098,0.2731122035510605
FMAT,453782.887545816,5678661.09952769,7.086753998192846,0.3221368499003246,1.0705075802204105,0.2798211924525921
FMAT,453783.633334809,5678660.84644023,6.59127166850166,0.3072802991094979,0.9897459496249618,0.3930859062582602
FMAT,453784.370397699,5678660.6055089,6.517095903545507,0.330030606704264,0.9786194538592536,0.3658210958220775
FMAT,453785.11630386,5678660.33244619,6.573618381534043,0.3804727694738379,0.8573093606206519,0.4097118308313714
FMAT,453785.827644532,5678660.05030236,6.944748247118588,0.4003788385967817,0.9397293018649436,0.4602032477653903
FMAT,453786.625607212,5678659.75534977,7.619220305545555,0.3418783596580642,0.9562965000956006,0.4374383932088251
FMAT,453787.362897908,5678659.47557767,8.01880279029225,0.3346371620388576,1.0424431839300738,0.432121594241561
FMAT,453788.091749143,5678659.15913366,8.248283273208667,0.3122271964321206,1.2071440149738175,0.3743665089438208
FMAT,453788.829384987,5678658.82054582,8.245764742437606,0.2616040307547511,1.5737978167614926,0.2825787743100173
FMAT,453789.558444551,5678658.46859037,8.240506836393786,0.2638009115828211,1.6240667354962262,0.3041471081190177
FMAT,453790.278882232,5678658.1110354,8.06020937495121,0.248485705619292,1.5565428494911122,0.1980718225748842
FMAT,453790.973298065,5678657.76331553,8.079639436885206,0.2639711198116332,1.4789388684169098,0.2524884720727505
FMAT,453791.667518423,5678657.44888745,8.11074129686602,0.2849262096065389,1.2990273576576354,0.2691242615690912
FMAT,453792.457243104,5678657.08286085,7.664006670636112,0.3055991619200542,1.3772142657970066,0.2832334894750137
FMAT,453793.11704121,5678656.7349376,7.41880390869489,0.3550244681489947,1.328137798063932,0.2368147120163109
FMAT,453793.794180591,5678656.38156723,7.161561964037285,0.4283010190447586,1.0136197924934094,0.3932783483542615
FMAT,453794.523187598,5678656.03848915,6.673026460238648,0.4443161495400966,0.8396326278076661,0.5538256289536562
FMAT,453795.252298749,5678655.67765534,6.33703080477127,0.4613067393257495,0.6931864321139316,0.5289951530663515
FMAT,453795.955388067,5678655.32665665,5.606284912926783,0.4501027113479588,0.6044106395225435,0.5213487543124173
FMAT,453796.63255325,5678654.96884713,5.704814233154569,0.4782909021812294,0.6513093486735348,0.4504970049843361
FMAT,453797.318353218,5678654.61441753,5.919112282377536,0.4692120181427392,0.6469686280635077,0.4861368195662839
FMAT,453798.021351165,5678654.27895485,6.236369790599007,0.4469218788799413,0.7915653899728877,0.4150198511072709
FMAT,453798.750390349,5678653.93032773,6.49228728548439,0.4372815068401269,0.9820472837161908,0.3665081791660574
FMAT,453799.462224911,5678653.56384331,7.072844643144169,0.3891861007918528,1.1458947263387882,0.4008996225064902
FMAT,453800.17398777,5678653.20956584,7.163266192261173,0.3584127256978794,1.3533704250426946,0.3245710352796751
FMAT,453800.885665896,5678652.86971478,7.192623710088694,0.3095290301851738,1.4999905260978017,0.2739036823980433
FMAT,453801.571328722,5678652.53858911,7.423127933177883,0.2655563613680992,1.3695992773243095,0.2945427983763398
FMAT,453802.248369673,5678652.20186396,7.43716434683696,0.2445226190225956,1.3152422902249743,0.3251480456787728
FMAT,453802.98617356,5678651.83442186,7.469116456210447,0.2937985115501809,1.2001013281592885,0.242774977167869
FMAT,453803.671855745,5678651.49996682,7.654420314358196,0.2778116715026658,1.1664181201163442,0.1868153028653316
FMAT,453804.340007699,5678651.20314093,7.838756380155114,0.2763450792301066,1.079711642939701,0.2096571362030077
FMAT,453805.060281232,5678650.87332783,7.949902192886503,0.3187187144845158,1.0372644566916966,0.3186482093263834
FMAT,453805.780587264,5678650.53796602,7.864138736818043,0.3185334169102602,1.124150268834867,0.2629054024561113
FMAT,453807.256142233,5678649.81195892,8.585479841135426,0.4084710541217416,1.0558008386947175,0.4005615138882613
FMAT,453807.924450183,5678649.48849924,8.008180001273407,0.4373409149608386,1.1388619865820775,0.4500479345196417
FMAT,453808.627473257,5678649.1485967,7.727569431431195,0.4379101548672476,1.0026341368569556,0.580031080127379
FMAT,453809.347811533,5678648.80768592,7.630233282215727,0.4650640465410989,1.031038831886926,0.5723608335193279
FMAT,453810.042173597,5678648.4688422,7.643311138220499,0.4625477196174046,1.0819604321296887,0.6233360495454534
FMAT,453810.736548622,5678648.12777897,7.531316831241614,0.4495115479431296,1.3206271260609717,0.5492472751806153
FMAT,453811.474332196,5678647.76366526,7.555157284383579,0.4584919036695628,1.5325699484059605,0.4355975017455702
FMAT,453812.194767881,5678647.4061083,7.8278148148873266,0.4274021963654847,1.437079067412679,0.3954924497275179
FMAT,453812.932303904,5678647.08416414,8.346760147975298,0.3885257833921346,1.4512359452216153,0.3530285659859932
FMAT,453813.713261477,5678646.73695003,8.940894026362338,0.3998047036793762,1.2263859918368338,0.3132900204443524
FMAT,453814.451096865,5678646.36395822,9.24199115184221,0.3606507527778863,1.1803487111696358,0.3786693714481089
FMAT,453815.136875733,5678646.01285627,9.22269843238822,0.3657039356575695,1.4274258147557346,0.341207584030022
FMAT,453815.822687089,5678645.65620561,9.305582834660768,0.3841285446289901,1.4684764962804393,0.382875117458969
FMAT,453816.517185309,5678645.29405703,9.402492213626434,0.4041638569016536,1.4949924191529562,0.3059767391349299
FMAT,453817.194322639,5678644.94068467,9.045998115558248,0.3754027786075171,1.6340930089765695,0.3196739859787253
FMAT,453817.906520082,5678644.5120538,8.77775635370401,0.3844243314281481,1.4716271530084215,0.3368531641472001
FMAT,453818.583982789,5678644.1031949,8.691870061382012,0.4179074680145486,1.2838006284886694,0.4183853774933364
FMAT,453819.235260968,5678643.7319144,8.467878526296383,0.4382329591065502,1.2508425594319923,0.4753197385664024
FMAT,453819.91254777,5678643.35301805,8.145711787438367,0.4163977826412592,1.1704815798937958,0.4071892520145992
FMAT,453820.641721658,5678642.98108462,7.932212580025173,0.4036324338147823,1.2601126201562372,0.4325042280257076
FMAT,453821.379510792,5678642.61586027,7.901780722250193,0.4247003418229695,1.250297861028956,0.4178339936714449
FMAT,453822.091297689,5678642.25714191,8.007205502300657,0.4188611141274661,1.225750763061538,0.3793280100754548
FMAT,453822.829028101,5678641.90190498,8.540435221703238,0.4490998053620672,1.210725026172635,0.3763748916096602
FMAT,453823.532069369,5678641.55867193,8.43808721633611,0.4195442170987573,1.178450094901012,0.4630847578218569
FMAT,453824.208828515,5678641.26966321,8.034061820680376,0.4547148325386332,1.1694664012909937,0.4437595784388599
FMAT,453824.894241978,5678640.98070521,7.964336725237847,0.4634068058932106,1.1464954882751128,0.4645591572576888
FMAT,453825.692565728,5678640.62360389,7.800405848180718,0.4606432801970966,1.182880284061868,0.4189802148934101
FMAT,453826.421621923,5678640.27164504,7.799839124105336,0.5063931228573578,1.14369900410091,0.4976903773941474
FMAT,453827.098589139,5678639.94712477,7.912832763227392,0.5154421699337522,1.1844540408125246,0.5343376435968319
FMAT,453827.862327759,5678639.58427155,7.923388428786798,0.5211413930148686,1.126408957135608,0.4579076850253507
FMAT,453828.704235469,5678639.17415676,7.678263841409229,0.5196493527585424,1.0516025382141747,0.5867121868894469
FMAT,453829.364089019,5678638.81624293,7.453781199450359,0.5687621147326751,0.977622635784456,0.7130755217780314
FMAT,453830.041342355,5678638.44289436,7.541869233278246,0.5736212992215901,0.9389732234442149,0.7068047464148172
FMAT,453830.805256422,5678638.05007818,7.402777427249943,0.5924639545771369,0.7328441251528564,0.6088533611278316
FMAT,453831.517061994,5678637.68802979,7.355721262447584,0.6259026786534425,0.7170848427000559,0.4974124987623271
FMAT,453832.237671553,5678637.30050835,7.199702205860705,0.604033464400838,0.9001619439734356,0.4582502074916965
FMAT,453832.984309208,5678636.90204181,7.490188317074491,0.5359820350117356,0.8468367751219461,0.4777079066046345
FMAT,453833.71355997,5678636.51679044,7.497819408402012,0.4910449123070769,0.8402369762803737,0.6520858649740987
FMAT,453834.37336751,5678636.16664429,7.576176570298785,0.4917417487949942,0.971276424573448,0.6220844455962203
FMAT,453835.067831483,5678635.81004272,7.3448460718039374,0.4729362260181314,0.9667609483020964,0.4871045643037547
FMAT,453835.823175276,5678635.40274884,7.149132214852911,0.4992227102044603,0.9003567089919073,0.4501315755756322
FMAT,453836.517762761,5678635.0250623,7.497578737396405,0.5258069953508009,0.9447083734023848,0.5610998929541358
FMAT,453837.238306751,5678634.64863768,7.674897696562938,0.5230217628067143,0.8822183071750103,0.6565284211119425
FMAT,453837.976191928,5678634.26676585,7.731658390753392,0.5541598190137721,1.0428723083544982,0.6119377973012429
FMAT,453838.696677212,5678633.90032865,7.637332562461621,0.5938027597530838,1.2168152318450898,0.663742380623733
FMAT,453839.399678017,5678633.56375256,7.570983820198015,0.6015783715201355,1.195838353655123,0.5749325092811564
FMAT,453840.120059056,5678633.21507089,7.597921003541963,0.587822490044333,1.1313588286995462,0.552853988902606
FMAT,453840.918758714,5678632.79360379,8.273706661627957,0.6029126262833304,1.135134263089714,0.5698555816423768
FMAT,453841.665102687,5678632.44507421,8.887618955298459,0.5922599045315147,1.144502279840767,0.5549588139717068
FMAT,453842.428416954,5678632.15435193,9.491370983739936,0.5748654782192105,1.08818032725468,0.6292414886316057
FMAT,453843.113705314,5678631.88647719,9.446623974621742,0.5232440057997866,1.244247006257601,0.6062882174152784
FMAT,453843.85118003,5678631.57451771,9.417798350201684,0.4665154653779619,1.351608331739037,0.5817895103163483
FMAT,453844.580488311,5678631.17927777,9.631922865722268,0.4560527307900766,1.3333248181096549,0.6452956790409258
FMAT,453845.257681702,5678630.81591546,9.601276547291423,0.4586226276968386,1.494794533266042,0.5828788184797428
FMAT,453845.978224881,5678630.43949005,10.28185745732226,0.4368671344015303,1.5189778349027152,0.5413175857672187
FMAT,453846.716167789,5678630.04762984,10.947817703493673,0.4739321508033248,1.6337861964900733,0.4616902581205014
FMAT,453847.419454165,5678629.66222499,10.36401887362687,0.441538369571013,1.5176354093385327,0.3760021632195356
FMAT,453848.114066599,5678629.28009852,9.782125254000045,0.3927182691618313,1.4970341819515864,0.4538037123141618
FMAT,453848.808483792,5678628.93126385,9.385656070099,0.3900894880966485,1.2692501227930697,0.549131696479784
FMAT,453849.476879311,5678628.59226446,9.041158719739729,0.4470110950032068,1.168008740620616,0.5807042252449001
FMAT,453850.249400246,5678628.20726525,9.23911191570154,0.4836765652532537,1.0434553639589377,0.6268195528715854
FMAT,453850.978506216,5678627.84642631,9.2643036008214,0.5381745470370803,1.0171254110739956,0.4633500279672196
FMAT,453851.725005397,5678627.4712623,8.943634187926762,0.5511394553096709,0.938590203286181,0.4936897489398135
FMAT,453852.480288963,5678627.07395439,8.576777410284958,0.543663868426024,0.8942678794747924,0.4797709380426584
FMAT,453853.226846544,5678626.68880268,8.27265150078853,0.4867785916012087,0.8754024119703282,0.5249240245940616
FMAT,453853.912693493,5678626.32549036,8.10033120917855,0.4062680024444928,0.8604701274629328,0.7127063461226183
FMAT,453854.581147113,5678625.97650299,7.926504596272311,0.3921245626372134,0.8976343546873256,0.6263099721993854
FMAT,453855.284179043,5678625.63437684,7.518034544134539,0.4282496711489518,0.8235098291441459,0.3309006823652632
FMAT,453856.056361143,5678625.30708294,7.391931629866755,0.4583249348437226,0.6546758133873695,0.2941899379973768
FMAT,453856.854610303,5678624.96218549,7.2943413876137795,0.4769916395378127,0.5776260844806033,0.3366128664125384
FMAT,453857.644387173,5678624.58616484,7.501251748473379,0.4680311646242176,0.5715656625794515,0.4599651458355849
FMAT,453858.390853197,5678624.21654885,7.902335065929132,0.4485136819693592,0.7007564778558609,0.443133539332847
FMAT,453859.076888315,5678623.82105395,8.176166096439028,0.3729300724076688,0.8805887428828288,0.4450338305034592
FMAT,453859.754190967,5678623.43882501,8.796783601678541,0.3191705682344979,0.9336853393220276,0.3422629333857007
FMAT,453860.422696109,5678623.08095932,8.760053402011087,0.3009160008085789,1.0925099258134217,0.3158464011254601
FMAT,453861.134661548,5678622.69116506,9.140046698301951,0.2623590998926317,1.099284174504639,0.2829897522089168
FMAT,453861.82051428,5678622.32674232,9.387438138081906,0.2772415404743826,1.1423812636870283,0.2294724768134383
FMAT,453862.48885013,5678621.99772939,9.78269739547954,0.2758088300263416,1.2285398534171852,0.2336668948919011
FMAT,453863.17454665,5678621.65994002,9.826379455210912,0.2592228724385452,1.3310178999477034,0.3163090297658686
FMAT,453863.860100023,5678621.34656461,9.247061719183025,0.1968561585971683,1.4086146994741415,0.3452659457452479
FMAT,453864.545796424,5678621.00877512,9.455631987535511,0.1943365588458793,1.2083838297785954,0.2431399568818555
FMAT,453865.188448667,5678620.63189148,9.876787525696434,0.2953559552886113,1.0674911585436104,0.0523598675361725
FMAT,453865.8658613,5678620.23079664,10.403374397872014,0.2920497278823205,1.0195402414674757,-0.0015271274771159
FMAT,453866.525828605,5678619.8529046,10.31724771836404,0.2935286437301451,0.9110029860746794,0.063590331870973
FMAT,453867.202935452,5678619.50396687,10.072106081208393,0.3165183205967131,0.975040219566416,0.1424455273741416
FMAT,453867.888690072,5678619.15618954,9.91947797813954,0.3145634803201262,1.0624451731716105,0.3185056909905732
FMAT,453868.609146543,5678618.79418853,9.616272057801298,0.2607070410801446,1.1236891506723865,0.3727367553286252
FMAT,453869.294907544,5678618.44530135,9.539037748459592,0.3026744078336662,1.2157724625715969,0.2458360163615934
FMAT,453870.032809127,5678618.06009734,9.650875436769816,0.3647783842698165,0.903544495828381,0.3185522102872218
FMAT,453870.822727725,5678617.65966135,9.60036023131495,0.3207412581309295,0.9328417432854031,0.2255831301760747
FMAT,453871.569263991,5678617.2778371,9.517141046816274,0.2457026762885022,0.9237143408318484,0.2506667094272753
FMAT,453872.246376888,5678616.92778922,9.596999256699698,0.241796186849113,0.9743720439645728,0.2873794257641838
SGZ,453873.036321265,5678616.52291409,9.35528326523196,0.2079497792252386,1.0392409020118267,0.3352621797361033
SGZ,453873.704714668,5678616.18391266,9.766449947774854,0.2093434918648827,1.153462115668398,0.3019263405503618
SGZ,453874.433272239,5678615.91628875,9.725951863157118,0.206580951479162,1.3645155664360666,0.200260662130129
SGZ,453875.204002586,5678615.83646243,10.130346773364394,0.188198213951197,1.5016629671840624,0.1842768957254905
SGZ,453875.97360806,5678615.94861906,9.900723637886644,0.1431175905931362,1.6037709652939731,0.1058767729831658
SGZ,453876.672645937,5678616.2878643,9.478189814365814,0.0862706623235082,1.575212166872216,-0.0120682023630554
SGZ,453877.275244273,5678616.83850986,9.248851075256322,0.1004717541500394,1.564850893926026,0.0785261895010336
SGZ,453877.746675209,5678617.6192183,9.808817572219928,0.0808759634383962,1.631183695771071,-0.0009063481888663
SGZ,453877.888675592,5678618.49454632,9.892664168138973,0.1653215778187433,1.9035668293108736,0.1427440782180427
SGZ,453877.692669003,5678619.45112647,9.65749916892677,0.2147942622598008,1.7517229893406765,0.2775896362249127
SGZ,453877.184611838,5678620.49022059,9.402610925320534,0.3780140060988148,1.45217777927005,0.3386721014003128
SGZ,453876.521101427,5678621.47291553,8.193273597362941,0.4155479933087992,0.9018462132040402,0.521498153609609
SGZ,453875.822271241,5678622.57525826,7.901416278942161,0.3796747755124202,0.6520029973749618,0.5038581677493802
SGZ,453875.218092504,5678623.7713759,8.262647415337856,0.3621235472999566,0.7922828049472241,0.3872858408733002
SGZ,453874.53465247,5678625.20118983,8.246898143225618,0.3744891988294248,0.9757071363908278,0.2578750193318431
SGZ,453873.990605139,5678626.4742336,9.566408260303062,0.3616211020230828,0.9760005413542336,0.5044151988541385
SGZ,453873.411446045,5678627.83141386,10.763983474100844,0.3946712203066023,1.055698514212534,0.3169873568464305
SGZ,453872.770912972,5678629.32362597,11.177921671133086,0.4353415819895737,1.4827610246666516,0.3227654059653491
SGZ,453872.148195577,5678630.72938063,11.052727646234397,0.3965953971799041,1.593055894268744,0.4238951952904027
SGZ,453871.534307891,5678632.10522329,11.726356744296536,0.4471173246808349,1.642448682484134,0.4519302895731614
SGZ,453870.929113367,5678633.47445823,11.726235098379568,0.4933304832012472,1.4593045072147104,0.4582107568192672
SGZ,453870.375578185,5678634.88949628,11.745294634999196,0.4781023533121569,1.6877788890831715,0.4729270114202396
NVB,453457.917686758,5679084.79169798,12.660736545561774,-0.2166786501629491,0.9948603503761848,-0.1846360980680739
NVB,453457.320796712,5679084.73823003,14.897765135184402,-0.1996935021937241,1.5093254030193413,-0.2388751452661494
NVB,453456.741498478,5679084.63714606,16.527790654668394,-0.203732122172416,1.6383705065798062,-0.3049347393164924
NVB,453456.240769689,5679084.42222055,18.094176978174797,-0.1912366816607391,1.796412619851091,-0.2821237344014081
NVB,453455.722704972,5679084.21163159,19.19400979466494,-0.1942320606531212,2.0545468105531794,-0.2426045410450391
NVB,453455.213301697,5679083.99998404,19.95504070739652,-0.2153353967296147,2.3028866646824167,-0.2478202646390084
NVB,453454.66044047,5679083.819153,19.603985644206865,-0.2212488823692166,2.1616606409690515,-0.3444329972461837
NVB,453454.116207884,5679083.642812,17.858680941818825,-0.221591840158224,2.063495393688825,-0.3654109392339007
NVB,453453.572290231,5679083.41320403,15.647242094260118,-0.2653732503235665,1.8697645312742963,-0.3662652607779128
NVB,453453.028142983,5679083.22243649,14.283073493747503,-0.2849193524693869,1.3576654971204318,-0.3627744884356698
NVB,453452.422827854,5679083.13007652,12.60715535488373,-0.3089737401466612,0.9392326955388944,-0.323661754289509
NVB,453451.757007473,5679083.02404159,9.572663273500217,-0.3258071058062066,0.7664067362425743,-0.3239348856289
NVB,453451.152072909,5679082.8673173,7.163849139799145,-0.3200708726792138,0.6651923098867051,-0.2760677245112106
NVB,453450.495287962,5679082.69696922,5.702218805910479,-0.3203454367805979,0.5948231694152466,-0.291574029546786
NVB,453449.82078654,5679082.59532186,4.668276968616255,-0.3169119396414903,0.5380792011063925,-0.2942778798876284
NVB,453449.015799604,5679082.60498938,4.640496189171422,-0.3410818289544163,0.3785257233215542,-0.3880939083910115
NVB,453448.237000318,5679082.5770796,4.133103423457636,-0.3519930635174714,0.3410849474747729,-0.3798478325890322
NVB,453447.579998926,5679082.44335228,3.7386061869326745,-0.3661679574684927,0.4112671837090364,-0.3975114763953575
NVB,453446.983994927,5679082.24007028,3.6754678157265097,-0.3907025520179107,0.4390560600741034,-0.3453667226469105
NVB,453446.500963398,5679081.95977255,4.2166341438559884,-0.3910693190476203,0.4361563186441328,-0.3133586949873617
NVB,453445.956980459,5679081.74126133,5.116637571158504,-0.4147593367553765,0.4552067814586601,-0.3250368735869935
NVB,453445.300025105,5679081.59976573,7.450767598118749,-0.4237800516826966,0.4490871122963886,-0.3728860755952331
NVB,453444.643135393,5679081.4471728,7.601148683135269,-0.4452594827274702,0.4533590876919839,-0.4266927267374795
NVB,453443.925569857,5679081.30975776,7.858417500203891,-0.4538584949835481,0.4315247896680127,-0.5455179570292906
NVB,453443.043345547,5679081.20799129,10.56742812636668,-0.4536157812177276,0.4864902307999792,-0.6563953940567894
NVB,453442.186974271,5679081.12524363,14.522115125115588,-0.4125359129990156,0.5323005899187492,-0.697223624522744
NVB,453441.330714567,5679081.0236305,17.722862138794135,-0.4016935307702702,1.0629230450413447,-0.5158106812242088
NVB,453440.500662261,5679080.8811109,16.547148045545946,-0.3914300082321819,1.155774764774408,-0.5628400130960782
NVB,453439.801043118,5679080.63615424,14.42689590523337,-0.3434048787246594,1.330461016591159,-0.4396718597249409
NVB,453439.049632711,5679080.36758614,13.744358010016777,-0.2884354702668194,1.175081134568867,-0.4086266817949309
NVB,453438.323786583,5679080.16686492,14.100435224743917,-0.2384150516859859,1.0617889107022904,-0.2653790213227934
NVB,453437.606135948,5679080.04387576,10.373608512193195,-0.2312553328448129,1.159818590974081,-0.155593836713978
NVB,453436.880053618,5679079.88310461,7.933671045633177,-0.2105379579916243,1.172264080944744,-0.1818351032843037
NVB,453436.111143343,5679079.64661596,5.551885804161389,-0.1682009854555184,1.172591525661956,-0.1325145255179582
NVB,453435.385277666,5679079.44922365,5.644654414601108,-0.1930803889804427,1.1893292129014743,-0.1204813747206612
NVB,453434.598585211,5679079.29253289,7.248818611174762,-0.2025783005395841,1.149917238572463,-0.144524990769102
NVB,453433.846262789,5679079.17821646,8.130644525059063,-0.2356100758138729,1.1640972712787432,-0.1578439744152519
ALG,453433.050587361,5679079.07696076,10.243325866643287,-0.2859536170646364,1.159078352851273,-0.2207096964098958
ALG,453432.220397561,5679078.95774456,11.474715632691773,-0.2812009547553465,1.0952020132820388,-0.2840832809535143
ALG,453431.476716927,5679078.84569855,13.43670337386386,-0.2708132664982873,1.412013733214527,-0.2758619398998288
ALG,453430.750477292,5679078.7115603,14.000316033286222,-0.2580409931909246,1.4976964537862207,-0.2796411290114479
ALG,453430.033069764,5679078.54751052,13.414957490268126,-0.2748000785768496,1.7855736215391778,-0.1245349445410026
ALG,453429.341843432,5679078.34699324,12.285874278778564,-0.3040123500755871,1.9306034102290937,-0.0644729786879404
ALG,453428.616155267,5679078.11963764,13.025101850866204,-0.2944400776370184,1.453202861688698,-0.1560876866302757
ALG,453427.846910622,5679077.93974431,13.114042692062789,-0.3044971023674868,1.0835295005166274,-0.2283550093613894
ALG,453427.016648805,5679077.83273457,12.991834124365116,-0.286797718713091,1.2004495819954557,-0.1976746572261958
NVB,453426.151616622,5679077.75104369,11.983394431849948,-0.3059843584856085,1.3477082213075944,-0.1434798379388373
NVB,453425.26920254,5679077.68145733,11.772526430092652,-0.3372216060648651,1.4543023471545826,-0.1312160493643901
NVB,453424.464760909,5679077.59901492,11.429254791244524,-0.3349647981540793,1.2583321080338523,-0.2027331785730655
NVB,453423.78193362,5679077.44182773,11.374814682069912,-0.3384683270038631,0.7292751418864633,-0.2733140848706439
NVB,453423.116757431,5679077.22703704,8.762795815345347,-0.3438833206658249,0.5192674497121113,-0.3087424750622344
NVB,453422.486364806,5679076.98470789,6.90608870160524,-0.3430812011770769,0.4867560915070913,-0.3303725266997008
NVB,453421.873052144,5679076.78132158,4.978131439475839,-0.3452746987980279,0.5063412439333462,-0.4161264133525706
NVB,453421.207738194,5679076.589835,4.608587645594013,-0.350389698877086,0.5024365537372225,-0.3928727591890836
NVB,453420.412798485,5679076.36428849,4.408740412891308,-0.3367023148025791,0.463258988236473,-0.370933919606129
NVB,453419.687012271,5679076.15357799,4.5256312044479,-0.3361329494460442,0.4651518424018625,-0.3536697446254562
NVB,453418.94364064,5679075.98937358,4.327133370625463,-0.3304642438422592,0.5023873766823579,-0.325930526252098
NVB,453418.208352682,5679075.92176664,4.595437656207952,-0.301409959838858,0.5751692806497678,-0.3191664537536859
NVB,453417.290754811,5679075.94741115,4.915598282933638,-0.3011252572501019,0.6743222604012884,-0.2914105927182902
NVB,453416.33875421,5679075.93622971,5.4336418917685165,-0.2943866667075709,0.8233212395486358,-0.2837347238464872
NVB,453415.551373029,5679075.89605847,5.786709214911881,-0.3020160876795915,0.8911131347194249,-0.3038144373647046
NVB,453414.781354081,5679075.84711174,5.846885092356703,-0.3173696118072107,0.8829761678075894,-0.3276664936902854
NVB,453414.037667399,5679075.73617381,5.969978584669959,-0.3316796510546723,0.8898486413611907,-0.299871674740337
NVB,453413.3637711,5679075.53242835,5.916835878383536,-0.3633552586871301,0.86728861099079,-0.3162640700113222
NVB,453412.724724053,5679075.29004721,5.897901334478124,-0.3777144477841135,0.9364880114365858,-0.3001660107221365
NVB,453412.09446322,5679075.02552267,5.802249090889244,-0.4059597878191023,0.9095495846578946,-0.3548072313250579
NVB,453411.39462875,5679074.81718449,5.807727761068956,-0.4141006420043055,0.838028877739086,-0.4156636004859898
NVB,453410.55585708,5679074.68570779,5.979862129089925,-0.4354415302805122,0.8327788930938188,-0.4798403091855193
NVB,453409.742997448,5679074.56326245,6.239191406623935,-0.4454180110598458,0.7617012972884162,-0.4503015302832986
NVB,453408.930177237,5679074.43415867,6.408254343314489,-0.4676680630445761,0.8337211556707745,-0.462052775255226
NVB,453408.169358378,5679074.2931551,6.493914578339043,-0.4828671100921167,0.8490072619821158,-0.4649168693847789
NVB,453407.408624917,5679074.13772498,6.741885199960791,-0.5079236985556433,0.8899167296916023,-0.4909777290778039
NVB,453406.613311501,5679073.97543156,6.805900670338104,-0.5183144086255191,0.8330840647891662,-0.5196761706096865
NVB,453405.800530802,5679073.83966908,6.456572282803573,-0.5109018345286489,0.7606043925317226,-0.5485532594007112
NVB,453404.987507136,5679073.74496646,6.150862717258429,-0.5232090328217169,0.6949181501230224,-0.5873006241887576
NVB,453404.174864408,5679073.58589953,5.8228256181721685,-0.4998567033800347,0.698678961388476,-0.5790603080526467
NVB,453403.475286406,5679073.33428126,5.833646712165366,-0.4969926110001461,0.694926024648393,-0.5459320469466281
NVB,453402.854147193,5679072.99101651,5.657800883102404,-0.4862575042025763,0.8052075074217568,-0.4509113808017569
NVB,453402.320029379,5679072.56836355,5.553781447451293,-0.495609923258918,0.9480193368689372,-0.4936373263883337
NVB,453401.915891931,5679072.11984543,5.598363199921881,-0.4868643913247891,0.8852696401147991,-0.4900639564395801
NVB,453401.607529239,5679071.57534443,5.866909259388442,-0.4733123276568682,0.8802515479987775,-0.4865582478405254
NVB,453401.429527826,5679070.94061409,6.015002025359348,-0.4756630549227041,0.864267581411412,-0.4983420977679957
NVB,453401.208331043,5679070.2923109,5.83538702731319,-0.4607859390145937,0.8821769924236272,-0.529154628698895
NVB,453400.900454507,5679069.66569,5.866793243329692,-0.4571691679284503,0.9895992931773032,-0.4412202285316128
NVB,453400.627151416,5679069.04704209,6.068457985076809,-0.4612258034084003,1.0098355537103492,-0.4805133436474404
NVB,453400.353960025,5679068.40952879,6.104310972954947,-0.4132170543962987,1.2072888848144254,-0.4026740922308853
NVB,453400.011878072,5679067.7127901,6.144691888504008,-0.3642091134603146,1.2054869411335938,-0.4760458057725762
NVB,453399.738896963,5679067.03976548,6.136833642769321,-0.3346293399684779,1.251419506352419,-0.3391338024601118
NVB,453399.569760835,5679066.36957503,6.169261083024971,-0.2715552945273312,1.2717661730336522,-0.1873288420195131
NVB,453399.51414258,5679065.53026215,6.662984910443826,-0.2450245576356406,1.189699454010538,-0.2339173962189243
ALG,453399.701601993,5679064.56698436,10.302046820413224,-0.1387056985302429,1.0476744155626807,-0.1281856305201058
ALG,453399.862742171,5679063.66347818,14.1108649905798,-0.0631407882746869,1.2669439331938537,-0.048815979950524
ALG,453399.868318602,5679062.72131918,17.98770085048415,-0.0805890719585206,2.345434943921929,0.1621686277555913
ALG,453399.752031122,5679061.89607418,22.18063454223581,-0.0266826218592321,3.026153374573346,0.0126259282908715
ALG,453399.574805149,5679061.13039589,27.71442988200936,0.0199408649395736,3.804950976266396,0.0507613021242012
ALG,453399.379599581,5679060.4778074,29.95180484366457,0.0442910394802431,4.066638799714734,0.1071431810365873
ALG,453399.236690865,5679059.7633815,32.98349312722166,-0.0053561512860593,4.984170277544288,0.0239745466631268
ALG,453399.120134201,5679058.98363532,33.53714732480612,-0.0245419654906445,5.650877310972926,0.1402370382486974
ALG,453399.03748093,5679058.3250544,34.8348502582028,0.0100504564819781,6.208419620667947,0.0328700756256913
ALG,453399.006099814,5679057.77775362,36.41384318404155,0.0300695335847046,6.4807084211495525,-0.0676869530390942
ALG,453399.000591234,5679057.24614272,37.8252414745376,0.0158715456409472,6.692979442174678,-0.0573406770312319
ALG,453398.909605016,5679056.5331339,37.58752952075498,-0.0602582071139983,6.959305380664094,-0.0763954100773758
ALG,453398.673286498,5679055.51518876,38.932357814977145,-0.0448801548637947,7.5894175514141,-0.0566678555215628
ALG,453398.479394841,5679054.64065465,39.06344786233083,-0.0705436208057758,6.759034754696075,-0.007267793236927
ALG,453398.302070645,5679053.89162224,41.27703339170752,-0.0781134988913062,5.496255324652848,-0.0875693698261878
ALG,453398.064313788,5679053.11670749,44.5821663435005,-0.1194523166706797,5.051290607355856,-0.0287789642775211
ALG,453397.740186091,5679052.31131779,42.5528543523948,-0.0800918236348442,6.078803575081981,-0.0987562206330863
ALG,453397.416511698,5679051.42935686,40.88099659792663,-0.0690281831765874,6.491671905227516,-0.176250197351472
ALG,453397.196182884,5679050.63456943,41.397317736411615,-0.0888912472312826,5.403534439379165,-0.1449588264032555
ALG,453397.036411588,5679049.84457952,41.65332988626363,-0.0789391090328731,4.790460661017646,-0.0924943805886243
ALG,453396.928391894,5679049.08485963,39.3597473609944,-0.0389789847348474,4.501890447400408,-0.0714569471974438
ALG,453396.846349816,5679048.32307397,34.8576762233947,-0.0579340629296892,4.978528829076133,-0.0826038038846196
ALG,453396.876794118,5679047.5663932,33.790466228469576,-0.0383738874393279,4.725859711935417,0.1129200493119405
ALG,453397.010984559,5679046.82919257,34.55014008871686,-0.0667933927244699,4.096808604850701,-0.0544032703201186
NVB,453397.075542324,5679046.15816577,33.930081889257835,-0.0525611496411846,3.607129270272971,-0.0768463890039438
NVB,453397.001609884,5679045.48853876,33.618845716855404,-0.1041691171065125,3.082973676986602,-0.0412306545408506
NVB,453396.858635994,5679044.78521007,31.144729764932865,-0.1200221850348892,2.6766671762388854,-0.2352638522040094
NVB,453396.732603914,5679044.1441286,29.38613927601965,-0.1194291355927174,2.687484205959956,-0.2744342727613833
NVB,453396.649911613,5679043.492206,26.131098370064684,-0.1640974170598021,2.1375816371230894,-0.1584934783424015
NVB,453396.515231329,5679042.84996357,22.05718578934793,-0.1527549970773671,1.7361771049856711,-0.1437915133913314
NVB,453396.311030109,5679042.25502959,19.153927423362543,-0.1228433788019959,1.7986419681058603,-0.0901772906392727
NVB,453396.089709791,5679041.62781104,16.371704213026742,-0.1504203813632754,1.4335714759481384,-0.0658246219074211
NVB,453395.842208304,5679041.03705982,15.150504858430928,-0.1331795537389638,1.0603117789897636,-0.0083932783679277
NVB,453395.629181586,5679040.47092752,13.477592504965234,-0.1226947588574304,0.7346896057258508,0.0005899843112939
NVB,453395.511666543,5679039.85320154,11.032073681427908,-0.1963995407427971,0.656833151023577,0.0112409311929845
NVB,453395.550128587,5679039.20421562,9.26408646949958,-0.1785461480676184,0.6980875826885827,-0.0586236320290337
NVB,453395.536661773,5679038.5549223,7.722278708875318,-0.2092843684954735,0.7159273217170083,-0.2370333616711183
NVB,453395.497250247,5679037.90214611,8.37647182463581,-0.2087722362582051,0.6698085948907999,-0.2663354445517545
ALG,453395.406021554,5679037.23019715,15.054918988917656,-0.1636428927795874,0.6528678604848627,-0.2335116277006355
ALG,453395.262772078,5679036.573477,21.17258390571855,-0.0503446292234993,0.83343960200772,-0.2177642576173734
ALG,453395.180211369,5679035.89935981,24.59714460909444,-0.0665134376552854,2.2035877820830376,-0.0011328806015299
ALG,453395.193812595,5679035.06378589,34.01549488705469,-0.1710551445585687,4.025195739663278,0.3361898856074591
NVB,453395.1636537,5679034.31007568,34.767592657584565,-0.1387294443612909,5.258649737846952,0.1500221137568167
NVB,453395.020877267,5679033.5734551,35.08831003884384,-0.0990088481903202,5.655632372194838,-0.1408230406999322
NVB,453394.739459804,5679032.86375801,34.61230175710228,-0.1550817025803229,3.9433787511092464,-0.3661247164031485
NVB,453394.570147527,5679032.22353006,29.952962613057643,-0.2065323588800234,3.2931423933011783,-0.461028077451877
NVB,453394.479043806,5679031.53049626,23.6263379785229,-0.332635988855234,1.6600073411133975,-0.3779249410340133
NVB,453394.431233809,5679030.83438943,18.47909556160149,-0.3769753566788096,0.6378243226644998,-0.2872189373311974
NVB,453394.40127865,5679030.04627764,11.034411304162152,-0.3291650000117139,0.7297327231674559,-0.4448810684282795
NVB,453394.362130038,5679029.34911231,6.883994108888784,-0.347287485711704,0.7741986566680512,-0.4039777527680788
NVB,453394.236499149,5679028.64033738,6.737893151415139,-0.3964794495068199,0.8452164467239324,-0.3982746528250723
NVB,453394.050343826,5679027.92121626,6.658933660631489,-0.4272811027257878,0.902379518751516,-0.4182097975020484
NVB,453393.916209285,5679027.18686635,6.906859388586792,-0.4015663572244402,0.9405117452572468,-0.3949799854767012
NVB,453393.808045725,5679026.4515604,7.129795490596916,-0.4128381034891332,0.9024960475881798,-0.4651159176311198
NVB,453393.673878388,5679025.72275911,7.433692128071481,-0.3950509309787461,0.8681010112302922,-0.4589208972577971
NVB,453393.591725238,5679024.97983877,7.566696535446575,-0.3672450309086131,0.9183929421326876,-0.3542515881368532
NVB,453393.527315258,5679024.16377883,7.596131640487314,-0.3544416665896078,0.9859091788645146,-0.3187125450256874
NVB,453393.341133839,5679023.44909661,7.649042319316137,-0.3429336992119127,1.0146897991352772,-0.3546796800016079
NVB,453393.093869651,5679022.81839506,7.458838334801273,-0.3569080839608256,1.0742807053840977,-0.3204036612998282
NVB,453392.898869284,5679022.13140479,7.212693841146492,-0.347692885785866,1.0242795586697502,-0.3436462827958206
NVB,453392.756310095,5679021.35816313,8.227285858822572,-0.2931269856277512,1.0824982068065103,-0.3134660296212178
NVB,453392.630580953,5679020.66603408,9.195046675151762,-0.2612586974761908,1.0707017075030456,-0.3021170488671172
ALG,453392.522240242,5679019.96069076,10.704589313403549,-0.2773001511845804,1.1640615600407949,-0.2397574162516072
ALG,453392.466051635,5679019.21792409,11.819917421328718,-0.2128114314662932,1.4469750921017863,-0.1455529054296201
ALG,453392.389311852,5679017.56058785,18.755908112872987,-0.0848309219505561,1.9183422966691053,-0.0783864186653216
ALG,453392.315761154,5679016.82659654,22.901299525767957,-0.0802401701825969,2.0694514726440683,-0.1168287735667166
ALG,453392.241987111,5679016.13033597,23.46335218349742,-0.0907324438832924,2.408613482436996,-0.133714127155899
ALG,453392.116658842,5679015.3705135,23.47322818118699,-0.0897699394570797,2.6556966072952,-0.1570516991149347
ALG,453391.948194647,5679014.58713056,23.794733285005275,-0.0811613585052761,2.11009528324654,-0.0588873030952714
ALG,453391.762775672,5679013.74371983,26.98108357317813,-0.0440000179064824,1.8763087521375024,-0.1318139193162004
ALG,453391.568386625,5679012.95352481,25.683295022731187,-0.0839545270124204,1.7644501469147311,-0.0854242038983595
ALG,453391.37325526,5679012.28872904,24.954483883723785,-0.0348255548533795,2.2242102009899907,0.0375447067269518
ALG,453391.169580834,5679011.60501666,22.9490449708526,0.0304609645969577,2.727229736013999,-0.0088391044840985
ALG,453390.983334254,5679010.90143163,23.871351801229427,0.012501541631631,3.157068131548085,0.1094764179334306
ALG,453390.954470112,5679009.92910496,26.289844571086707,-0.0206476669408456,3.494665772928061,0.0494424110871395
ALG,453390.995777074,5679008.79960679,25.52134369475281,0.0138935703215894,2.946757712602716,-0.0103470196573123
ALG,453391.071052733,5679007.78017664,24.180095550877603,0.1394326457085814,2.285700722885322,0.0213402731840053
ALG,453391.19729786,5679006.9230742,24.342890760050928,0.1283423797067175,2.3963796038521457,0.1004752411041408
ALG,453391.097572849,5679006.22444045,24.32928114130038,0.1355741047327682,2.834683514495639,0.2704455977685894
ALG,453390.798709259,5679005.53794499,24.53323179592206,0.1840692327758668,3.4877165384193662,0.3312235945095828
ALG,453390.516774223,5679004.91591622,27.447911398595547,0.2743145875805348,3.653818973123569,0.3375611736319888
ALG,453390.312048922,5679004.40976028,30.95107769561724,0.3009688272613323,3.863231667123472,0.2485240893527766
ALG,453390.090572532,5679003.80917498,34.44899022560267,0.339497061106341,4.208523293823224,0.3064473791396521
ALG,453389.929810963,5679003.18675378,35.02242526032304,0.2410657459239634,5.562989520865248,0.3486050379602616
ALG,453389.813131346,5679002.42809222,37.4611367583416,0.053405810040913,5.880889836068513,0.3515922908810862
ALG,453389.748774551,5679001.6031544,39.855690328583165,-0.0351867271717191,5.577339660094964,0.0400501667614948
ALG,453389.692645499,5679000.85040014,41.339795082435344,-0.0241968745280601,4.8318548931253895,-0.3766911489087561
ALG,453389.619200357,5679000.09865312,42.92310298553405,0.0150859854594088,5.270634838581608,-0.5274979882905056
ALG,453389.528419423,5678999.35124255,38.97061983063899,-0.107013174213433,7.76972233478106,-0.2602581489650451
ALG,453389.46355681,5678998.61175378,38.68922575488186,-0.1973287413026934,9.46065546990617,-0.0822394897550625
ALG,453389.432051856,5678998.08553774,41.0415205641868,-0.1118754141281216,9.750031531636044,0.0322413851370159
ALG,453389.417133752,5678997.68149426,40.63382979772848,-0.0312929225619101,9.654873789820298,0.0640969842180902
ALG,453389.361819432,5678996.79113372,41.86304333995699,0.1094817302928409,7.183955138528313,-0.0121662591668139
ALG,453389.300038128,5678995.5311825,43.10322084142262,0.0688133937139751,5.67976622359329,0.125916578699102
ALG,453389.204459045,5678994.13231032,44.53445600044624,0.0431757785576249,7.811696926875686,-0.040565737257795
ALG,453388.846431894,5678993.20575484,45.70370518584524,0.1364339626562743,8.240646696414577,-0.2459368747237275
ALG,453388.382892095,5678992.55823594,42.78475256664982,0.0852478929617363,8.584439727656514,0.1342026805955113
ALG,453388.050192091,5678991.73947776,39.56035801351142,0.0955689798552322,8.328024629668855,0.210949559842407
ALG,453387.830306212,5678990.8703382,38.609164710290194,0.0284807927050938,7.502720200112037,0.3078923074473875
ALG,453387.740898721,5678989.89099443,39.07010474647185,0.0820151091527798,4.992308650454039,0.1613840718721762
ALG,453387.806751218,5678989.00135122,42.89134707050226,0.0443541558118886,6.849572174370323,-0.0307672503977892
ALG,453387.794106479,5678988.21334183,43.997216819464576,0.0069595312582779,7.606053803596629,-0.1601290453273901
ALG,453387.720720792,5678987.45160723,47.534673091313365,0.0191799659534711,7.834045080239517,-0.2229048335491325
ALG,453387.68212495,5678986.66122466,49.825178865533815,0.0197167617811875,7.128887095852923,0.1949494378431299
ALG,453387.886184068,5678985.81790014,48.78101727780325,0.0882972100486503,6.4940275074172185,0.0672283876672822
ALG,453388.202853445,5678984.95859581,48.04520381129928,0.0864018885324304,6.345928039749574,0.1866726889107701
ALG,453388.240783745,5678984.39949783,47.71017835196202,0.0672231590227706,5.895371079004351,0.1649161220015883
ALG,453388.182887649,5678983.94526038,47.8038793991343,0.0882621107076305,5.392516994267044,0.0243902368974122
ALG,453388.195300467,5678983.31054718,46.626999326438,0.1240936953619392,5.422608703666612,-0.0783397203923316
ALG,453388.260463018,5678982.5374254,43.71651849616306,0.0682883758972346,5.994934311823962,0.0872620863930409
ALG,453388.135464238,5678981.72211642,42.960222042279824,0.0244162447229455,5.793934516854149,0.0880816748423729
ALG,453387.966915817,5678980.9531598,43.51778702826985,0.0514586258501997,6.929762850437595,-0.0189757820855443
ALG,453387.867743354,5678980.16130882,46.06510102167313,0.073180612603248,8.486212374512856,0.03123933949493
ALG,453387.898300088,5678979.38576263,45.824981868572,0.2028989980971197,6.0844432195684846,0.156925808818343
ALG,453387.963383803,5678978.62595759,47.29558652991688,0.2349536292516418,7.136093041593717,0.3718251945104278
ALG,453388.071918612,5678977.83644609,49.91951458075978,0.1990520598877103,10.075373593860068,0.5251410733740849
ALG,453388.240773782,5678977.09168238,52.047328565816045,0.1687612799578074,10.13155944826915,0.4564001221312495
ALG,453388.44347919,5678976.47696182,54.39986231710158,0.1217010467039226,11.214843582909356,0.4049393581304247
ALG,453388.680665556,5678975.8857505,56.420714323008895,0.1094294311948452,11.443656460670557,0.0188042351939509
ALG,453388.961007323,5678975.31477047,56.839502428331016,0.1167043828242861,14.207528701706782,-0.2041050065733288
ALG,453389.145890699,5678974.7865062,54.63595988451136,0.0035126926936944,11.964355175372708,-0.1818759847301372
ALG,453389.32175797,5678974.31922572,53.96666090241892,-0.0601242017956124,9.713735995432106,-0.0673366595160534
ALG,453389.331569014,5678974.12396482,53.74207978916859,-0.0437488229149243,8.763874304758039,-0.0785473589396178
ALG,453389.236826791,5678974.04572023,53.74207978916859,-0.0437488229149243,8.763874304758039,-0.0785473589396178
ALG,453389.77569369,5678973.6649311,47.50725612810685,-0.0277634661074277,8.06440877141165,-0.0636923388381678
ALG,453390.678952965,5678973.13537088,42.22639633001399,-0.0248221817946829,7.248719346566346,-0.0817716609551836
ALG,453391.400883116,5678972.53371199,40.82383372207956,-0.0153943598624804,6.454228704243854,0.0905731068345595
ALG,453392.080189864,5678971.82193379,41.42957572995898,-0.0052357925204722,6.241815245449359,0.2839344950406108
ALG,453392.69865714,5678971.15307628,41.50383429859525,0.0155445763643762,6.44728591838073,0.4203836456522155
ALG,453393.508789764,5678970.27227808,41.94475454278341,0.1729847218932329,6.415035009108315,0.1026296033068672
ALG,453394.08298461,5678969.77184295,43.65203705018981,0.1134106070005996,8.048126458325589,-0.0940810298458129
ALG,453394.814718523,5678968.97603258,47.27727747759324,-0.0683160437763478,9.929213755337155,-0.0942661945513192
ALG,453395.634517052,5678967.92438727,47.05668161430028,-0.0674098202348066,6.258230097560525,-0.0077484861205598
ALG,453396.036950486,5678967.19765257,48.95276085645852,-0.0305497824691073,6.870601107111381,-0.1411876413809861
ALG,453396.378498576,5678966.52160673,50.46152414331372,0.0089696236288572,6.773667915927889,-0.1322321251250416
ALG,453396.746155306,5678965.82130054,49.97943393996994,-0.0111353019364372,6.799437996176119,0.01172570704845
ALG,453397.104191627,5678965.28407314,49.605557024331496,-0.0387304442416872,8.014602599862053,0.0628868898060173
ALG,453397.470468795,5678964.81680982,48.62659423897558,-0.0667170959533634,8.999613770152573,0.0658339226384619
ALG,453397.828367075,5678964.30288667,48.69570217048984,-0.0177437682175838,9.422555926355546,-0.0215639012048873
ALG,453398.186409824,5678963.76454949,48.19515764906494,0.0001991334481684,9.349840250223313,-0.2025192878272499
ALG,453399.489840718,5678962.88999989,46.18934582232138,-1.9587134392181388e-05,7.610956148629794,-0.2947768189627855
ALG,453400.098817757,5678962.36202603,43.76551906632394,-0.019515710893567,8.722747457675318,-0.0847818955334028
ALG,453400.621352565,5678961.81578423,44.82165990931243,-0.0383984464448486,6.717801940253178,-0.0547841858557739
ALG,453401.143880736,5678961.27065211,43.12325209989787,-0.0215611516048571,4.387065523241772,-0.0385043392758892
ALG,453401.562236885,5678960.77817221,42.96164435747821,0.0288835130760444,4.487263517544073,-0.0646788858806915
ALG,453401.980330256,5678960.3300814,40.10575278056192,0.0041509837719294,4.688670143502727,-0.1440635966334789
ALG,453402.337847095,5678959.88052228,41.68022663493189,-0.0261243206668397,4.798785689514748,-0.0641034299925341
ALG,453402.721465986,5678959.40781252,41.26609687318468,-0.0416448147920205,4.046667671904436,-0.1415534751582464
ALG,453403.217780105,5678958.90469627,40.52033160744677,-0.001172868950443,3.0123244525873245,-0.1842814915514661
ALG,453403.705275242,5678958.42927195,40.48295298223992,0.0368678216511805,2.689949959658228,-0.1158716071941124
ALG,453404.184227258,5678957.93493102,43.3365533320998,0.0586888760003475,4.645666111168973,0.1381574370875893
ALG,453404.576717399,5678957.42565136,46.26755300815997,0.0995761499295492,5.91196681726036,0.1788579432564973
ALG,453404.960342604,5678956.95183177,46.50671758347727,0.042000519502194,7.794431311959999,0.0676655693953311
ALG,453405.516996454,5678956.49013386,46.66093602358142,-0.0594648960801328,9.696138996281531,-0.0008002548825946
ALG,453406.056242285,5678956.04497939,44.24850847144896,-0.0387182896794913,9.236270360656755,-0.0011070733523871
ALG,453406.535233411,5678955.54397994,42.01404988010196,0.0071341698629998,5.887896689103942,-0.1209179802384042
ALG,453407.023095921,5678955.00641065,41.48114537718036,0.0907640145877568,4.677590938237781,-0.1059106273862319
ALG,453407.554770468,5678954.37809972,39.56584023282401,0.1642033362677367,5.317617134350301,-0.0883068952486617
ALG,453408.09526383,5678953.72209678,37.68093966852072,0.1437502553281972,3.9333919547717873,0.0518985508288062
ALG,453408.652908916,5678953.0928297,37.22417673818203,0.0437531396047151,2.6821558352790102,0.1888971406700635
ALG,453409.288052309,5678952.53060723,35.96482053447191,0.0368732376420498,2.25963670056087,0.0068457271134777
ALG,453409.862599484,5678951.97024564,35.44535122154156,0.1000772159602542,2.5820418512484693,0.029658699694016
ALG,453409.986819145,5678951.4549391,35.908467563497744,0.1388496714719637,2.766274311683587,0.1609947727751012
ALG,453410.05914992,5678950.9326669,36.6172736404032,0.1437706687998223,3.595760747940102,0.0859222753861951
ALG,453410.581302401,5678950.45078866,36.96103375623835,0.1532624909857249,4.511897839688907,0.1480052205277227
ALG,453411.207015843,5678950.01946273,36.81390096267144,0.1042461738025475,5.766093909175868,0.288402864719668
ALG,453411.841390493,5678949.58707824,37.7838622500639,0.0812047805180406,5.867206963856732,0.1742397397311624
ALG,453412.458987555,5678949.06470329,37.59669103184414,0.0608425470977484,4.891932874460725,-0.0733786028044883
ALG,453413.085061947,5678948.57234216,35.810107066525795,0.0676669298406635,4.49110437759773,-0.1482976705542991
ALG,453413.789311,5678948.03272359,35.07007202648716,0.0440965212177035,4.528432769891451,-0.005454761053463
ALG,453414.493914544,5678947.43317964,34.55158050776649,0.1052262215114206,4.477929268801415,0.2253882678428221
ALG,453414.854135434,5678946.52641197,35.26855373263964,0.1505621622541016,4.249346960299934,0.1296797754376106
ALG,453414.937353115,5678945.62688337,37.77112512806912,-0.0140623407345865,4.372200452591444,0.305298764069685
ALG,453415.31302502,5678945.03427116,38.74904104633024,-0.020348567820567,4.557216006020773,0.1321670939129902
ALG,453415.818254791,5678944.4868162,40.38097488600224,0.0153719482783997,5.05782892500653,-0.0854134968508665
ALG,453416.289167718,5678943.88810887,41.92672015750555,0.0469204070402327,4.661508498027966,-0.1922740854056585
ALG,453416.734287183,5678943.26039497,41.65276808654628,-0.0153712548261805,4.023431740557133,-0.1083479769493894
ALG,453417.136152762,5678942.6290958,42.5233534160737,-0.0315449441911351,4.4671744878348925,-0.0669141948935041
ALG,453417.477829323,5678941.93085448,43.60328589448358,0.0295824416029639,4.790040004386504,-0.0341119293349757
ALG,453417.758404204,5678941.31992322,44.966709790411045,0.1553941292319617,5.0588243907407495,-0.0342927996800712
ALG,453418.04760748,5678940.71348206,45.82802652995337,0.27099486008297,8.037147600486776,-0.0014057152748102
ALG,453418.388719214,5678940.11067731,46.30742040330246,0.2861788640379336,9.992913492705664,0.3955605821729291
ALG,453418.738531556,5678939.50015566,44.519757488892594,0.2036304185185836,10.515892013337035,0.6018080848272791
ALG,453419.157154659,5678938.96217598,42.36961399934019,0.2052686048181455,11.547720988374843,0.5381658494766722
ALG,453419.515214516,5678938.42050864,39.85600978171814,0.2594887262904816,10.400483934499803,0.3858379529017264
ALG,453419.525195491,5678938.19639477,39.8230825115767,0.2682730227329587,8.400781145366187,0.2464622304096011
ALG,453419.508903784,5678938.0242845,39.79051590410056,0.2595306298452107,6.59728778744832,0.1193412524734293
ALG,453419.849260239,5678937.54909842,37.72846972576786,0.2805776538993088,5.061231529828996,0.0088039802020152
ALG,453420.181027613,5678937.06276385,34.189020002297376,0.2748280406203626,3.8630507541164807,0.1249476275109786
ALG,453420.538575197,5678936.60765526,33.695629601397336,0.1764450721307798,3.5051769914398205,0.3845424379138846
ALG,453420.947952433,5678936.1694998,33.608186939935045,0.1468480462921887,3.14430410247672,0.5135901876443701
ALG,453421.374711234,5678935.71923973,33.51997502984137,0.0489653099161388,3.287068502264866,0.4139211155835797
ALG,453421.749719085,5678935.23870974,32.030953472942585,0.0169972463468673,4.025829788663972,0.0795803938002919
ALG,453422.046867473,5678934.75217027,33.02225272428097,-0.031065017211576,7.6006617702986,-0.1706812330001152
ALG,453422.283124392,5678934.3174296,33.4965401671351,-0.0638362802210842,9.494011896322757,-0.3653509329976627
ALG,453422.53612606,5678933.97822794,36.02604059494093,-0.071030043400998,10.392666379570596,-0.4071314274990346
ALG,453422.840727598,5678933.69481989,38.917413117266086,-0.0746936802484919,10.172195596722355,-0.4112475347682446
ALG,453422.631557471,5678933.93995068,38.35024987948524,-0.0632379233437672,9.560658453807882,-0.405098910214732
ALG,453422.405255208,5678934.1550164,34.62739446817793,-0.0529518757219498,9.235591348938506,-0.4075184625157235
ALG,453423.099611989,5678938.21310299,45.245383325548616,0.2395209530540082,8.300700094018396,0.5371421917815685
ALG,453423.495184435,5678941.57137848,45.41507869623096,-0.0412867935875022,14.119901849915031,-0.1059100654188611
ALG,453424.023876217,5678941.446883,42.69265030078964,-0.0614752843262572,17.44366439304383,-0.1834268050620862
ALG,453424.630565334,5678941.30509265,39.99990489523658,-0.112058164007188,17.71966953890437,-0.3541789719644927
ALG,453425.280580454,5678941.15468042,38.66411791419015,-0.1427780211570541,14.55796954321612,-0.404861273377593
ALG,453425.904152212,5678941.08512469,36.6881004268749,-0.1718358540287199,10.640637646838185,-0.5881739078432703
ALG,453426.466885027,5678941.05848992,37.81420844257038,-0.164495959941847,8.093761875403175,-0.6292347516555697
ALG,453427.064236641,5678941.0320599,37.13188832084709,-0.1479786483839763,7.001794385951083,-0.6070557038456789
ALG,453427.652926986,5678941.00668837,38.7351478852946,-0.1130239054621191,11.928071592311223,-0.4017648298880997
ALG,453428.250173558,5678940.99801391,41.042085592942485,-0.0786150433676633,15.523053497144542,-0.2091272062787854
ALG,453428.77803154,5678941.01445359,43.32116147693358,-0.0460064266991668,16.323551180062115,-0.0230282974202141
ALG,453429.366524946,5678941.02237378,43.71417665609312,-0.0352879933439592,17.656219890378324,0.1636086388424696
ALG,453429.902643777,5678941.10544826,43.6983188999233,-0.0281705243304985,18.85592831877369,0.2584061207580644
ALG,453429.782311626,5678940.96379607,43.57925702888991,-0.0277438463124976,19.324631468075875,0.2573837892724518
ALG,453429.662084508,5678940.80438823,44.02689136357425,-0.061952737158098,19.19675508983688,0.2533816517847782
ALG,453429.67142846,5678940.68791797,44.02689136357425,-0.061952737158098,19.19675508983688,0.2533816517847782
ALG,453430.206437917,5678940.95853649,43.528368530503904,-0.0307693470815704,17.71109896184045,0.2303231081281705
ALG,453430.86296769,5678941.16994636,43.42469449645138,-0.047920671896051,13.792402808086932,0.159947285271373
ALG,453431.67560376,5678941.32790096,43.617641846492106,-0.0717354898804048,9.513549721079633,-0.1357468800033139
ALG,453432.418890661,5678941.50431131,43.00554067041979,-0.0988734334737232,5.6080762876524695,-0.257414380456978
ALG,453433.127434076,5678941.70160167,41.66812657700345,-0.1337377930754486,3.21597178260139,-0.2175997900885598
ALG,453433.905759928,5678941.80719406,38.50221698534149,-0.1425621363351414,2.5896625119850807,-0.2215935708462402
ALG,453434.658069184,5678941.92151062,37.786454216005104,-0.1447989075387039,2.2534184772273083,-0.1496787263258806
ALG,453435.357984242,5678942.11431067,38.48511797946352,-0.1369309358138389,3.1450574135817195,-0.0786185338062875
ALG,453436.161558858,5678942.34101676,39.537493374816776,-0.0804008013426691,4.539871064851575,-0.0548831722720935
ALG,453436.869721768,5678942.60267101,41.10275297367092,-0.0008660571527,5.387091285653036,-0.134548926409142
ALG,453437.516809567,5678942.9471965,44.42943762728663,0.1126644227441235,4.00917077555289,-0.3198774081533573
ALG,453438.155820271,5678943.19401469,46.913891635323886,0.1176656919402529,2.834594174981027,-0.2616950850818868
ALG,453438.864088327,5678943.43791311,45.53308363900524,0.1150819879878441,3.3355976865179446,-0.0980634076605824
ALG,453439.53775074,5678943.67938727,39.86072685599491,0.0423023136248093,5.345158693403725,0.0629374620149144
ALG,453440.116139257,5678943.93250538,35.68316163272849,0.008208176281032,5.045344933712264,0.1474005592376072
ALG,453440.347283034,5678944.36224236,33.51739387849963,0.0192345705631694,4.876070675640459,0.1399185446779682
ALG,453439.476522885,5678945.25156488,34.24631096568344,0.0738302843512972,4.749754900210865,0.4835041663731091
ALG,453439.142715304,5678946.08302569,31.590327323368363,0.1038101148626286,3.8002044950609535,0.1786019726445581
ALG,453439.860786858,5678946.13277279,28.58166297532444,0.1234320020384158,3.2213985128694578,0.2308899910685148
ALG,453440.604822539,5678946.18267336,24.686798745207504,0.1416471091437458,1.53321326488328,0.2240600944910342
ALG,453441.314652849,5678946.16245627,22.616496968045816,0.1400050125209959,0.5835840545868248,0.2780312812992875
ALG,453442.04141194,5678946.20670571,19.00558440551316,0.1091549306076752,0.4613709747759712,0.2962974452674123
ALG,453442.663769877,5678946.34244835,15.594779123975766,0.0220188282626177,0.5383580500954682,0.130379606661227
ALG,453443.225092082,5678946.55440392,13.322722288172926,-0.0256138623852172,0.7011471129313658,0.0221869308641145
ALG,453443.708141341,5678946.83026307,13.9489489609041,-0.0596956326406207,0.96879034468601,-0.2367715096157018
ALG,453444.13908521,5678947.13577778,16.730520942812614,-0.0654621436285104,1.2445774746690632,-0.4507960163977408
ALG,453444.665342453,5678947.42299005,19.92332786226856,-0.1034283455294357,1.4981535437093283,-0.4713681788594537
ALG,453445.331144681,5678947.53013543,21.28874507395886,-0.1228907164387935,1.6435115235830315,-0.4139238576786599
ALG,453446.006277519,5678947.52302995,18.859229271863335,-0.1790476389832551,1.8660879373914452,-0.2380509423759272
ALG,453446.699310338,5678947.41615123,16.722270397406838,-0.1851215990813086,1.7477499236130285,-0.0919221936034889
ALG,453447.45334605,5678947.23860807,14.016403864085632,-0.1597009630087401,1.4595827520522902,-0.1282103652995933
ALG,453448.120637797,5678947.09384495,12.147392462020496,-0.1243573749535937,1.2424674055168785,-0.0823126355442624
ALG,453448.744288535,5678947.01097067,10.09971101053234,-0.0987670872966838,0.8156426326623841,-0.0428950388736023
ALG,453449.341679868,5678946.97788059,8.075633146716358,-0.0999041872819979,0.726949088880878,-0.0685208835941208
ALG,453449.947791521,5678946.93374436,5.819679165811758,-0.1418146910590291,0.8729656417690301,-0.0760392741666901
ALG,453450.57137005,5678946.86307695,4.560103441011839,-0.1393621858940645,0.9532213298625826,-0.1444862845069259
ALG,453451.186805638,5678946.70579953,4.622002607581243,-0.1335042602771156,1.0084100363907291,-0.2056107718517073
ALG,453451.846748228,5678946.34014902,4.904969441365435,-0.1074071036610684,0.9229424056177208,-0.2011089458264365
ALG,453452.437945194,5678945.89085951,5.1839117743152565,-0.1050340295750782,1.0116448902818866,-0.2339965245572548
ALG,453453.037731183,5678945.4527184,5.353956290403029,-0.1084929764866207,0.8554977030552354,-0.2581705858802454
ALG,453453.603232894,5678944.95777643,5.622534637986196,-0.1087245457444776,0.8802764425138702,-0.1975009615852599
ALG,453454.142822909,5678944.45380311,5.696581345541499,-0.1229650492948295,1.1021190863181292,-0.1572216207258185
ALG,453454.613253949,5678943.93610367,5.684214206765263,-0.1255430043840081,1.1167446830703187,-0.176723242341534
ALG,453455.058075099,5678943.35832539,5.580941248844338,-0.1519782763122803,1.0144078442893762,-0.1654559341140629
ALG,453455.520736999,5678942.69076143,5.323424134980381,-0.1603452927184786,0.930756702896176,-0.2062069402841284
ALG,453455.964862589,5678942.23061428,5.20247746728317,-0.1621835806290501,0.6530815370260474,-0.2099316490073293
ALG,453456.451402209,5678941.9160973,5.070079635669046,-0.1786649002418675,0.6041975287561625,-0.2035318687945851
ALG,453456.765713743,5678941.45407289,4.878145724731816,-0.1895248651462011,0.4438387781970481,-0.2183708271609614
ALG,453456.978399386,5678940.61412695,4.581663780350772,-0.211421261815987,0.4640878857749589,-0.2080668547817027
ALG,453457.302283996,5678939.99679175,4.432044395328065,-0.2124094204788118,0.4607865810122627,-0.2031805950715451
ALG,453457.738351626,5678939.43560807,4.386245752747597,-0.2196296158125725,0.4869992269578204,-0.1919982371831267
ALG,453458.088088698,5678938.83729171,4.315343296250005,-0.1996468286442826,0.5085588226067274,-0.2003576593571669
ALG,453458.213013513,5678938.2021338,4.369247984051545,-0.1688298331760908,0.4933082788189087,-0.1552075860627772
ALG,453457.991625785,5678937.58601419,4.323459546553722,-0.1769883452852912,0.5328410161560554,-0.1672324120716379
ALG,453457.691971889,5678937.03268859,4.267212660908525,-0.1716771639000438,0.5291523840840106,-0.1229911253238825
ALG,453457.331203772,5678936.56889282,4.620355458504093,-0.1608095324156054,0.5358604764820372,-0.1867680938026695
ALG,453456.918113901,5678936.17137372,4.604782368156997,-0.1730954500315709,0.5304624512943138,-0.139464124597875
ALG,453456.513744373,5678935.76280849,4.633062892800545,-0.13918592248191,0.5585305656553693,-0.1276797848756233
ALG,453456.057053082,5678935.42051993,4.906317154928427,-0.1060437271409269,0.5987611764039085,-0.1030811571551965
ALG,453455.704349375,5678935.05665077,4.991773647206294,-0.1078905492435618,0.5661536351928036,-0.2079303811862287
ALG,453455.438356653,5678934.66555006,5.070833500006795,-0.1187080724502471,0.5319683711322472,-0.193232078875064
ALG,453455.284645348,5678934.31395498,5.150687733550534,-0.1491030443722802,0.5691192076658209,-0.1694592632147137
ALG,453455.260616673,5678933.98643169,5.126499459171496,-0.1745703983802245,0.5759818910517169,-0.1882971286830155
ALG,453454.751564377,5678933.71707811,6.380910204014395,-0.1768309435653962,0.6108943528205856,-0.2719270528037553
ALG,453453.757101397,5678933.5713681,11.239140261601284,-0.0737617018354817,0.6234593248639406,-0.3503496567567645
ALG,453453.005658746,5678933.31056924,17.212677439531518,-0.0129698033201563,0.8148504821519063,-0.2067725844534118
ALG,453452.471757878,5678932.85240823,20.21986023100036,0.0219307220726388,1.606678021861182,-0.0947755992860279
ALG,453452.067467481,5678932.43052602,22.598939779768678,0.0816123431938661,2.0022325008545234,0.1294294969155351
ALG,453451.577666897,5678931.83279505,26.0404051009972,0.0834478991170088,2.8894527505901664,0.415645574375475
ALG,453451.139794523,5678931.23537108,27.95588308355113,0.0743245076020867,3.2684163575989214,0.4809998637718161
ALG,453450.962599585,5678930.46414517,31.97314916610008,0.0797334273126239,3.395948540484416,0.2939955240623584
ALG,453450.898296187,5678929.62922026,32.10780394294192,0.0595816541466685,3.300595780922364,-0.1605792092883049
ALG,453450.608065469,5678928.94610737,36.13413480537479,0.0578773252904901,3.823263438674532,-0.385225543909058
ALG,453450.135843609,5678928.30297979,41.03329761606907,0.0642263420983217,4.248389664202512,-0.5391717841470961
ALG,453449.663989266,5678927.59770741,42.95736534565937,0.032213108126142,3.625178377171299,-0.2137175470877584
ALG,453449.269712223,5678926.9461625,39.90989508064442,0.0093109429311757,3.174997390071748,0.1090295542718581
ALG,453448.89279711,5678926.2858421,37.171045483909054,0.0774673538742893,3.290220371025661,0.4429945846174821
ALG,453448.550710769,5678925.59021508,34.32772431031956,0.1275661991838146,4.835815584140463,0.3517309136939249
ALG,453448.208499816,5678924.91567287,33.658511277831494,0.134701445712957,4.937958853614196,0.1815905343813095
ALG,453447.633235871,5678924.13432475,37.018695760298286,0.0495748043329841,4.701174871710223,0.142543246432904
ALG,453447.006339236,5678923.30273177,39.01768524014061,-0.0276016060239731,7.611148097393974,0.4022000652351664
ALG,453446.174617691,5678921.98163013,42.34676865460121,0.0797141817724168,9.4570782956514,0.0480464632138052
ALG,453445.250372319,5678920.20719636,43.06974413476985,-0.0801841615376169,5.365030156988492,-0.03946390577164
ALG,453444.371166,5678918.1345015,39.95325542969384,-0.0076451993206797,6.214805717817993,-0.044039464933024
ALG,453444.094086144,5678916.69127575,40.399857780848144,0.0455505802710888,3.855546088655724,0.0059227146820266
ALG,453444.325794634,5678915.56179342,41.509073648364605,0.2406612855256067,3.79111400328152,0.416127355974737
ALG,453444.42465778,5678914.94312808,41.61273150879757,0.2883111173031097,3.5013684257569366,0.6070191855326089
ALG,453444.366673736,5678914.50331748,41.68089234046465,0.2196422929510171,4.016441691536174,0.7152181501192816
ALG,453444.377343028,5678914.16268212,43.00264118346756,0.1944047602838794,4.066529507321833,0.6920780031776483
ALG,453444.447984719,5678913.92560973,43.2725057159469,0.1701751467722759,4.134096577253248,0.6476441613827774
ALG,453444.544544489,5678913.69645897,43.67016092332977,0.1307973984729217,4.23871309549419,0.5552255281643077
ALG,453444.701188213,5678913.55200579,44.07536822424702,0.0996436053567463,4.468742012434524,0.3787812424044481
ALG,453444.892161878,5678913.45658536,43.99718464817771,0.0976599857514166,4.680603094792538,0.354015028856842
ALG,453445.109178295,5678913.34800172,44.61695274058356,0.0687040681198845,4.743672257179398,0.2355559635589098
ALG,453445.352486825,5678913.1840852,45.02106885584606,0.0658972062855393,5.043493392820149,0.2253210149700755
ALG,453445.457373119,5678913.01047201,45.71247024154407,0.0472260975490902,5.737964687266318,0.1234063491462913
ALG,453445.484249265,5678912.85637333,45.81662231722682,0.0467491012426041,6.520332260101114,0.0266930120557726
ALG,453445.511112285,5678912.70449411,45.81662231722682,0.0467491012426041,6.520332260101114,0.0266930120557726
ALG,453445.746179527,5678912.47061353,44.856136890167946,0.049071749692729,7.096751169134517,-0.0888793985737352
ALG,453446.137293281,5678912.193265,42.89861723424151,0.0234542057761978,8.247569299492893,-0.1836403630740189
ALG,453446.503046705,5678911.81366793,42.63883348030944,-0.0315497902215357,8.047964268142922,-0.122636900696196
ALG,453446.808584883,5678911.37156783,43.72670366726123,-0.134353761591641,6.875845337564384,-0.0060899680224004
ALG,453447.105665217,5678910.8961247,44.21235255289263,-0.1816676931135102,6.03690867288016,0.0331100586560607
ALG,453447.333750964,5678910.37921222,42.90236070056634,-0.1237922646478634,4.967304502448318,-0.1875338118605868
ALG,453447.786923634,5678909.852533,43.579127725092725,-0.0751774843831452,4.837632284240547,-0.376709621895263
ALG,453448.308828315,5678909.41171222,44.21784989970408,-0.1083714468576047,4.169617096880137,-0.4826633452450245
ALG,453448.855902976,5678909.10532203,45.82601383157559,-0.150241030598614,3.67459290360764,-0.4101750539834954
ALG,453449.66194171,5678908.91476899,44.15020005580112,-0.2119463217300497,4.654771807984245,-0.3455884414607793
ALG,453450.554317094,5678908.76023889,44.982382638561184,-0.2459945973267662,4.5658244231292935,-0.2056401580318287
ALG,453451.309904056,5678908.31968981,44.118882795273024,-0.2678803395037796,3.672639785616638,-0.3488074167353056
ALG,453451.884084169,5678907.82036023,44.9646738103835,-0.2957296863161249,4.641969261916963,-0.68819571734169
ALG,453452.61385788,5678907.35413378,46.68409293255064,-0.3384264120902484,5.463252756402842,-0.5670657236673747
ALG,453453.430420895,5678906.847359,46.118821203856726,-0.4264274085849717,6.582101393860699,-0.202536522394552
ALG,453454.187562446,5678906.14380408,43.601296505369135,-0.3066397820072525,5.6093464976040455,-0.0684286552816581
ALG,453454.815034838,5678905.41395783,43.21240626277139,-0.1425492152355572,4.11038539721395,-0.2633888476164786
ALG,453455.382305014,5678904.61938914,39.31157612344049,-0.1780204308814048,3.927051340469329,-0.3863075109327592
ALG,453455.733556297,5678903.76472566,37.89634602750353,-0.2194303577592789,5.0571467617008565,-0.3152751477188922
ALG,453456.03283363,5678902.91752326,40.16156598566593,-0.2411822325928529,6.641982973443606,-0.1340027013034642
ALG,453456.609584797,5678901.98317989,42.47168455178356,-0.1098819384231849,6.075345531690104,-0.1934364051064062
ALG,453457.203402402,5678901.08999876,43.595737489354754,-0.1291414373629901,5.7739786059043245,-0.0541801920341149
ALG,453457.753329916,5678900.3008762,45.59193241075155,-0.0868234410712724,6.688130118373906,0.0360994745188183
ALG,453458.312023504,5678899.49293939,47.93685074940196,-0.0039619478343355,7.138817638624213,0.0547909223984651
ALG,453458.905932578,5678898.58422194,47.98146492608287,0.0979529634995709,5.783171424125266,-0.2460422358063784
ALG,453459.533581064,5678897.82441266,45.11230224735928,-0.0105784759444422,7.204678640805759,-0.1887531084761922
ALG,453460.117884008,5678897.07655453,46.28458169043255,-0.0221636509284428,7.293861934201265,-0.0713239479822136
ALG,453460.52885765,5678896.36762335,45.44651892483877,-0.0687008067421422,10.653724293832909,-0.0495575360770024
ALG,453460.992716879,5678895.4969788,45.18485293146939,-0.0315680334916763,10.600230676627692,0.1435277703190017
ALG,453461.490571416,5678894.73196304,42.54091886777726,-0.0114233145915151,8.225102008079809,-0.1427520382652127
ALG,453461.971241194,5678893.9457601,42.36405328796776,-0.0278466364232285,6.643523759545648,-0.1521963096354603
ALG,453462.418381212,5678892.97513761,41.12690789215918,0.0203809664585476,5.398807027678441,0.1038742493967693
ALG,453462.839091439,5678892.08315232,42.18149853789098,0.0474958504792838,4.879749691094959,0.4426443886054725
ALG,453463.06094807,5678891.1555888,43.85863072459212,0.1125491223771768,5.234393908421499,0.234151808133158
ALG,453463.289878419,5678890.49552092,42.78097538477917,0.1168682166299106,6.680739449619151,-0.0220386053400686
ALG,453463.545067845,5678889.78566873,42.13301147772352,0.0712792971879051,8.021025451000211,0.0156544371428803
ALG,453463.843766589,5678889.03612211,40.85303130817749,0.0126338126177948,7.501240118296935,0.0228094590068412
ALG,453464.072985432,5678888.32722617,41.64653828643063,-0.0856246780883004,6.636435978664108,0.1090938806886385
ALG,453464.414465319,5678887.66116493,41.94494842216624,-0.1234225614642199,5.46288119128571,-0.1260915966618727
ALG,453464.764645708,5678886.98738673,42.00540719690193,-0.0654152175259377,4.475468407886774,-0.503055403349903
ALG,453465.063147452,5678886.27113191,40.50964691237862,-0.0454821454412761,4.169598932630313,-0.4041956731390817
ALG,453465.327214246,5678885.52360007,40.29243595790147,-0.0747991092974604,4.450066557726722,-0.0779279491403072
ALG,453465.521997967,5678884.78342707,42.33213786074353,-0.0672651975593774,5.660507445024277,0.2553532003448528
ALG,453465.820322461,5678884.09713488,44.21080536631308,-0.0254686185206785,7.168905312767884,0.3266018717741866
ALG,453466.179117856,5678883.43006614,43.04525606734554,0.0146321155335395,8.20814113539654,0.104503214814861
ALG,453466.572990883,5678882.68552103,40.72588225541367,0.1269252672301084,9.446790509842408,0.1225885989503616
ALG,453466.931261419,5678882.10723052,39.981480713179664,0.0079816837497748,9.713701085682263,0.1563903359633238
ALG,453466.810909857,5678881.96890806,39.22917207971508,0.0233618188909938,9.528993387719993,0.1446530915394385
ALG,453466.664640307,5678881.82266405,38.39859466683352,-0.0115057153109257,9.021583988592475,0.249385273190093
ALG,453466.509624297,5678881.69190506,37.96014228027161,0.006378482964364,9.077459529126784,0.2349345610413236
ALG,453466.739360878,5678880.89534051,38.11641260789802,-0.1020814005600016,6.96673342683819,0.2556922589387011
ALG,453467.266962469,5678879.49016468,41.54193852126266,0.079094669948824,5.264547071461353,-0.2968681653873545
ALG,453467.470407063,5678878.74893305,41.030410174049166,0.0712332363966096,5.382426368359771,-0.2980198874461571
ALG,453467.622081245,5678877.98076102,39.186558900972514,0.0354837978420875,6.05674363450188,0.0625480700816397
ALG,453467.816976084,5678877.22172258,40.17125407449225,0.0281685587582743,4.750392556895601,0.4029782964170458
ALG,453467.9512688,5678876.46565524,41.016980478791005,0.080990028969897,2.8264348279827582,0.3626767544204209
ALG,453468.094065262,5678875.73516281,41.4933932073361,0.0910387757504175,2.924380382702,0.1122835649719866
ALG,453468.35792155,5678875.02314216,40.9327259854151,0.0286149880869893,3.0664844039893846,-0.2045771211873579
ALG,453468.699905555,5678874.27163165,41.655575579273965,-0.0808609234545154,4.169315315169194,-0.1657164742649441
ALG,453468.95519238,5678873.54513336,42.87118732935194,-0.1105637642333218,4.699701616484275,-0.1218900647254417
ALG,453469.167350326,5678872.79396528,44.10660468103077,-0.1585187422689538,5.2322111604719,-0.0102596838460795
ALG,453469.293021015,5678872.03229813,43.557452441163946,-0.0747247518431961,5.066457336232896,-0.0902359454576725
ALG,453469.496379972,5678871.30549291,45.643391671124114,-0.0260512105327903,5.368873820441428,-0.0596674080586355
ALG,453469.760098255,5678870.61677651,47.47630125938126,-0.0390634156009924,5.559913389847525,0.2189112052392701
ALG,453470.075672082,5678869.94057401,50.17191862464868,0.0082830840028194,5.582873478222791,0.1504456920830498
ALG,453470.43469605,5678869.23466458,52.34851289286834,0.1182765866594557,5.461702710046657,0.0942207631258116
ALG,453470.732671941,5678868.60718779,49.65078581203598,0.0456471490445855,4.930117538658434,0.1652477093358655
ALG,453471.082523044,5678867.98889572,46.87502935933843,0.0653309351321866,5.0901083286287685,0.1972615154100544
ALG,453471.423896549,5678867.34058982,44.35851074025156,0.1002558942155232,4.933531292183233,0.1381435311257933
ALG,453471.791043657,5678866.72461946,43.18643239897943,0.0840366963704671,4.680113499197776,0.0694727898206585
ALG,453472.097365722,5678866.149351,41.81743339476778,0.0474215737512671,4.583017429387192,0.1029620105618881
ALG,453472.334319632,5678865.5958679,39.76207306792986,0.0762505924607136,3.858244128629504,0.2139582794275439
ALG,453472.519647495,5678864.99103041,39.32092852296834,0.1909808484611769,3.402201684670876,0.1112215767606844
ALG,453472.739095358,5678864.47073685,37.80056073334984,0.2326743548842377,3.492985341255043,-0.0026727289966725
ALG,453473.070692488,5678864.01214325,37.13609751570801,0.1642356088331562,3.923508706791127,0.1191076138778506
ALG,453473.454381231,5678863.52611332,35.36980469757253,0.0961669915206366,4.733118962663163,0.362222940259037
ALG,453473.838358486,5678862.99125532,36.51117747215009,0.0955987597741253,5.02510663902521,0.3239163831492181
ALG,453474.265110343,5678862.54099239,35.61026822193798,0.0945199398249335,5.115089363099209,0.2705924327812599
ALG,453474.588216645,5678862.05460438,35.79522184674296,0.1263292891848882,4.790116580051869,0.3027967158782307
ALG,453474.799462188,5678861.45768837,36.180729952519584,0.0760917959620543,4.204171526183658,0.1472594839758361
ALG,453475.019119661,5678860.90188344,37.865399222418375,-0.0131719174108454,3.89862430427036,0.02153743871673
ALG,453475.247221864,5678860.38164095,38.5692008444136,-0.1104087706928662,3.729633203643911,-0.1919595487255305
ALG,453476.265856019,5678860.82934785,38.22163425069407,-0.0399840919370018,4.2459517037158045,-0.0220912035646081
ALG,453478.518321367,5678863.38846381,32.08184410840439,0.1936059134037197,4.182737365515733,0.1610479173377277
ALG,453480.120702764,5678864.64642022,37.25795554113656,0.1226374468448867,4.444479100411514,0.1128403463500219
ALG,453480.323758905,5678863.97066222,36.4006452456588,0.1102484878780779,6.4142922370701605,0.1357974620026645
ALG,453480.492826053,5678863.18816575,36.83583603111736,0.08047584287099,6.932670828018373,0.1173621518040536
ALG,453480.677818811,5678862.63992421,37.38640209295952,0.0571323054517936,7.265328819310185,0.1739728811611668
ALG,453480.938840816,5678862.40730573,37.64825659617007,0.0353339138099438,7.362715697862715,0.1968250717271626
ALG,453481.158025762,5678861.93140106,39.1453320406467,-0.010920276898696,6.541423055119261,0.2410285159454901
ALG,453481.335531013,5678861.18557675,38.735335205635685,-0.0027198065215477,3.865950848683684,0.1517477299263636
ALG,453481.556191261,5678860.45998322,40.69258939403707,-0.0800450871506292,3.6320127324832354,-0.1296024918163149
ALG,453481.776864582,5678859.73217024,41.22438428293572,-0.105959107927987,5.386613368305699,-0.3000539288011008
ALG,453482.066453452,5678859.05914302,43.34976231904355,-0.1746090845010332,6.645654800590597,-0.3638562405080595
ALG,453482.355170186,5678858.53370966,43.68106655389234,-0.1825009442068051,8.07649864454413,-0.257401784974779
ALG,453482.590215065,5678858.30315717,43.91771072289688,-0.1795017615084299,7.81392377878924,-0.1210201078171008
ALG,453483.122421363,5678857.58273371,43.90859905416831,-0.1153225463784628,7.16043617233525,0.035749189449356
ALG,453483.926441423,5678856.26797137,40.54585368410038,0.0257460121190329,5.479967373729608,0.1808541392953008
ALG,453484.58073645,5678855.39179204,40.94129142236315,0.000124186380368,6.599806103073058,-0.0297412377073177
ALG,453484.626435474,5678854.98144827,41.17266748273104,0.0098574958279983,7.094290382537164,0.0243240886910127
ALG,453484.715558322,5678854.54583643,42.011464220118285,0.0195775082374824,6.843040476788054,0.0701834833806009
ALG,453484.839430713,5678854.08823455,41.76079925300893,-0.0211696082634099,5.784199502431609,-0.084776874786013
ALG,453484.972121611,5678853.60294061,42.861357493615685,-0.0914543793426314,6.106081139384501,-0.289694767815945
ALG,453485.191666694,5678853.06600078,41.90888650131006,-0.1479377753376622,6.49127586595526,-0.2518720159302327
ALG,453485.436670697,5678852.61466342,40.22838398654017,-0.1599626894236419,6.72129142601683,-0.2336017713570617
ALG,453485.673964217,5678852.00347405,38.17044757676718,-0.1737436775894598,7.0953334235094525,-0.2767159489676055
ALG,453485.955029011,5678851.308201,36.40799673897113,-0.1261255953329053,6.631862641855715,-0.142923296074188
ALG,453486.261100308,5678850.77510165,34.46563510509255,-0.1008334992743254,6.360081414897575,-0.0272734184000695
ALG,453486.496466108,5678850.49017236,34.15978282931187,-0.0888722369537905,6.023848221861382,-0.0734257998812829
ALG,453486.705802527,5678850.21618695,34.12069253756111,-0.0668918249785111,5.931472098540947,-0.1492693783557169
ALG,453486.854720641,5678849.91410039,33.797074989979,-0.0554928606335451,6.261634397591767,-0.1216566200176372
ALG,453486.977556929,5678849.63183555,34.49047792173047,-0.0312733679237226,5.628895309005999,-0.0859756034723056
ALG,453487.169820137,5678849.31779764,34.18120814103748,-0.0189093479828495,5.133016123933218,-0.0336259050966535
ALG,453487.345062612,5678848.95482942,33.28185534672296,-0.0157936308666495,4.751198122265522,-0.0397630438458573
ALG,453487.633896648,5678848.40942075,33.38367687401869,0.0794912037960078,5.026815742598115,-0.1762924636137473
ALG,453487.992767295,5678847.72903427,32.69608478083036,0.1822533479036361,5.486483068568882,0.0304165597647125
ALG,453488.30826655,5678847.06503805,33.8797636862371,0.0981093186614303,5.415903177239186,0.246142476737875
ALG,453488.614803017,5678846.45314791,34.08410589043007,0.0859918076743111,5.694796680735161,0.3118199990973387
ALG,453488.903997462,5678845.84670414,34.90263983943862,0.0788456552075576,4.785961786310087,0.2100035543892039
ALG,453489.011124122,5678845.29356331,35.62341314599735,0.0555265863845465,4.7325677789702505,0.1258595669820993
ALG,453489.057478475,5678844.77224669,35.818171477389946,0.0572036646539836,4.890305859698944,-0.0429460695017589
ALG,453489.155865285,5678844.23348119,35.92301216180069,0.0479394066876396,5.537392851900962,-0.1946567282304077
ALG,453489.23678555,5678843.72124691,35.74139522084325,0.0076690403247893,5.627095789475504,-0.2579887071607535
ALG,453489.248285489,5678843.23967598,35.67188481502228,-0.0468813136003955,5.661933539364775,-0.1591552794032249
ALG,453489.277225737,5678842.73601275,35.48810891734079,-0.1265047707416655,5.004147081475771,-0.0496690000629623
ALG,453489.37573052,5678842.17727214,36.77040571309863,-0.1171756498679429,4.250691339819514,0.0598087301135371
ALG,453489.534705972,5678841.63775482,36.42879149608236,0.0782992482901266,3.523802846076072,-0.044479782767074
ALG,453489.773093719,5678840.84124071,36.86791858280473,0.1798018918074725,3.4245848618875416,-0.133313815507264
ALG,453489.86287174,5678840.29465597,37.13566616086647,0.1549096939818438,4.040911506580832,-0.0052062087211248
ALG,453489.995699788,5678839.78605764,37.48370240089897,0.1728145520884731,4.082813051343167,0.0943797865321998
ALG,453490.457690643,5678839.23057416,39.37390643876802,0.1852737624879525,4.622227799414625,0.0872218418777367
ALG,453491.014757338,5678838.69673791,41.27915977302441,0.1988119756579446,5.974065931788989,0.2235177376564511
ALG,453491.571771516,5678838.17177943,42.71973106470317,0.1346284307614769,5.400383374099763,0.387383883826237
ALG,453491.905156179,5678837.41022923,45.07167200577595,0.0637821657113518,4.995428655286311,0.1688285125499899
ALG,453492.264766763,5678836.60444327,44.35816522870273,-0.0479314819779642,7.791898774728159,-0.0534076476766474
ALG,453492.433524071,5678835.87410375,44.152781309128926,-0.0586376728551399,9.046654888765842,-0.3083010182106749
ALG,453492.636309679,5678835.24384428,44.56315506426616,-0.0629141757262417,10.135636812362002,-0.3102228656502412
ALG,453492.908318811,5678834.61621327,43.74675485017253,-0.1566367165801168,8.40245471181857,-0.1796174849404382
ALG,453493.26686717,5678833.99020323,42.41105576151443,-0.1999465992068184,6.67052575694695,-0.1626439847613794
ALG,453493.617324664,5678833.26870542,40.47226615005628,-0.1503404685695817,6.45215309574776,-0.1858250768132047
ALG,453493.88027919,5678832.70871668,38.63871440548807,-0.1307664227664733,5.62739043192059,-0.0883858089324399
ALG,453494.047672739,5678832.2092006,39.6691966052518,-0.0872245393811805,5.017911712911744,0.0108454269560749
ALG,453494.137325823,5678831.68370065,39.48246380095813,-0.0338370086311154,5.140026725154694,0.1173538642422471
ALG,453494.148950015,5678831.18104488,40.29119119061162,0.0238991041024234,5.380578666285548,0.1979186571233417
ALG,453494.203289889,5678830.77297162,40.811586910938544,0.0059087044032562,5.464226117454996,0.1311517573315922
ALG,453494.222959003,5678830.3735717,41.814688223131874,0.0490532413709104,5.014613808858906,0.2863725545391252
ALG,453494.826516388,5678829.29511421,40.845353070414674,0.0541242521232485,5.612360168262611,-0.0450783804103162
ALG,453495.440675103,5678827.88711851,39.43184400618999,-0.075019765622689,5.589325527449142,-0.3207965719621515
ALG,453496.011986814,5678826.40673481,39.21309805504321,-0.1400709668727711,4.234669760247551,0.0051921682694418
ALG,453496.464384518,5678826.00989099,39.11159947385256,-0.1030023946730896,4.77304820938115,0.0441115823877201
ALG,453496.863196309,5678825.89350168,39.8857120864755,-0.1015110656041126,5.076043865436137,0.0784162418745695
ALG,453497.106815712,5678825.67631662,39.406023510774666,-0.0381837137434201,5.130026330058808,0.0418901235568148
ALG,453497.315987241,5678825.43007413,40.200061150926494,0.0282955483900637,5.363885749279532,-0.0500947390290739
ALG,453497.456610445,5678825.06690119,38.51357199767434,0.0683389198104885,5.564412776551304,-0.0795208846595487
ALG,453497.536749956,5678824.68672448,38.18176830384414,0.0448767809703035,5.525741845884164,-0.058399104399427
ALG,453497.572987322,5678824.41282608,38.19539967891697,0.0110779675909868,5.4960281732015055,-0.0251630747209169
ALG,453497.56586661,5678824.15309855,38.66173522826271,-0.0244287050726468,5.404319423247333,0.0003386472828723
ALG,453497.541403987,5678823.89881741,39.12610570000225,-0.0552089752384621,5.449634510997399,-0.0039802560265135
ALG,453497.5507075,5678823.78900543,39.45176818949359,-0.0750528309402186,5.465299936338156,0.0064127950676954
ALG,453497.551245008,5678823.69800771,39.45176818949359,-0.0750528309402186,5.465299936338156,0.0064127950676954
ALG,453497.620442249,5678823.70507505,39.45176818949359,-0.0750528309402186,5.465299936338156,0.0064127950676954
ALG,453497.715550762,5678823.72117358,38.967711068868766,-0.0766440478526099,5.206076112416871,-0.0349729124804909
FMAT,453854.289144631,5678637.40316759,6.679281931948962,0.6978289605657917,0.6283209990328243,0.8263185283377402
FMAT,453854.242806323,5678636.44960647,6.761152357713452,0.690139147943328,0.6151827993552883,0.7695265125140653
FMAT,453854.213815779,5678635.48948845,7.26019105729095,0.6295708167290898,0.7089303960106629,0.7159465609725347
FMAT,453854.176170887,5678634.52931969,7.805839637649091,0.6175647198864324,0.8221888865632863,0.5303655064682297
FMAT,453854.138395902,5678633.59134549,8.680805227723036,0.5438048171332065,0.9610997033272984,0.5806145646510832
FMAT,453854.091680348,5678632.70214862,9.130508236495167,0.5559974418659241,1.0303249451129557,0.4770295609505411
FMAT,453854.09737883,5678631.73002649,9.60986975271961,0.5485531541248841,1.1384368723023124,0.501206795983615
FMAT,453854.120190871,5678630.79129768,10.289010674191662,0.5518068286364932,1.1670372547212329,0.3904151967111668
FMAT,453854.01360392,5678629.78078529,10.226497650830716,0.479244089791673,1.127430586997887,0.5037404971435269
FMAT,453853.846254377,5678628.80099017,9.462724981724064,0.4718758402890325,1.0520974106600507,0.326423031831284
FMAT,453853.661570154,5678627.82553249,8.674256238002695,0.4840007215289526,0.9556697277786776,0.4165208718634445
FMAT,453853.536503668,5678627.01466974,8.396054011521308,0.4742120294959604,0.894115628418788,0.4905356551244234
FMAT,453853.395429552,5678625.98175983,7.542166474946529,0.4259590665168454,0.8947540075888117,0.6809251750820674
FMAT,453853.296215586,5678625.18991465,7.13805831406884,0.5019058030105639,0.89136821111593,0.5873456642873843
FMAT,453853.197307389,5678624.34591224,7.071558809371324,0.5625335445947969,0.7939196241990939,0.4703573142067053
FMAT,453853.09007013,5678623.44637266,7.3472114229246,0.5671421795461512,0.686536126380342,0.5553823933040924
FMAT,453852.99977079,5678622.61018907,7.636542434363887,0.498435044010603,0.8463999221619399,0.5852316305580373
FMAT,453852.926780162,5678621.77410694,7.314596243764793,0.4113991399578855,1.02814985864754,0.5493678403947764
FMAT,453852.888328867,5678620.95154449,7.484238475488572,0.4503492837504252,1.2089938258481585,0.3818118862267221
FMAT,453852.884995869,5678620.04373586,8.010291234001233,0.454211040007526,1.2430430157351895,0.3073988174757414
FMAT,453852.88917228,5678619.33129018,7.817291638570669,0.4175593079932723,1.1675458163617385,0.3960022224988435
FMAT,453852.893634926,5678618.57001645,7.816417119324283,0.3526137014210592,1.0990481934838074,0.4903843211788732
FMAT,453852.872180083,5678617.80082242,7.814671790567036,0.3361859589228146,0.939596916133428,0.5069890550328918
FMAT,453852.84166758,5678617.10038082,7.955604085810824,0.3967600301423646,0.917044885194921,0.3377972855786528
FMAT,453852.793839893,5678616.40094748,7.984906357946714,0.4387165928970145,0.9210519723274668,0.3382978716522889
FMAT,453852.746857914,5678615.55724944,7.411773651833199,0.4183972019226009,0.8796359134116013,0.2964350891601783
FMAT,453852.691559887,5678614.65579479,7.470546110277297,0.3828353533523397,0.868961318462537,0.4355195604332372
FMAT,453852.584043109,5678613.80397351,7.591517585324784,0.3705839985542578,0.8947251753473199,0.5478373388810355
FMAT,453852.467631322,5678612.99316146,7.3157535422689,0.4318680990167888,1.046225207060589,0.4277836490089417
FMAT,453852.411383564,5678612.25372716,6.856523480585919,0.4091180418886342,1.0496785397925226,0.4597566411131943
FMAT,453852.363822677,5678611.50879494,6.709175034164673,0.385969156091383,1.0260201322298252,0.4753530634825275
FMAT,453852.264856233,5678610.67478005,6.916877600390284,0.3457453422312013,1.0703227605058925,0.3989488533946839
FMAT,453852.174134301,5678609.91072879,7.162834485777079,0.343509529913413,1.0175307382248489,0.3708849447720367
FMAT,453852.074829618,5678609.13441977,6.36514199012906,0.3022779605650806,1.1203134055574504,0.3686825586444379
FMAT,453851.923598967,5678608.35780635,6.207931136871368,0.3517296011400245,1.1581014250077482,0.2596897978914278
FMAT,453851.772238241,5678607.6033875,5.972914716383311,0.3376624944032316,1.051833151520951,0.3056607651501056
FMAT,453851.646905586,5678606.83802356,5.926100983007312,0.3132814244420353,0.8963251235386666,0.3606821521835392
FMAT,453851.538992211,5678606.05389569,5.945244122559069,0.3402688946408003,0.8407288595161848,0.280963445477405
FMAT,453851.440370729,5678605.16106517,6.249443122307667,0.3369199334198656,0.7257728406351778,0.4887671407623791
FMAT,453851.358628557,5678604.3415782,6.988915659064614,0.3657519614336591,0.8543461529384566,0.300928126003828
FMAT,453851.415004314,5678603.58282831,7.038135504177361,0.373345103600934,0.895925199776358,0.4062805757981014
FMAT,453851.470898654,5678602.90619833,7.297021706571312,0.3830009056212486,0.9410948898210836,0.3131084823863646
FMAT,453851.535850653,5678602.16081591,7.934834717237823,0.4174861786388251,0.9609834322868406,0.3566440696958289
FMAT,453851.540593192,5678601.35182383,8.442688351215574,0.4702022162966751,1.075112404265662,0.4404265850121499
FMAT,453851.527545678,5678600.6248502,8.67714575307408,0.4559755824126706,1.0216727671120571,0.4765250373493263
FMAT,453851.488749883,5678599.86110331,8.624396806473683,0.4486582364732361,1.0586923697189643,0.4973850666666375
FMAT,453851.432775567,5678599.07506039,8.342108101577688,0.4223341992424588,0.8649318594289984,0.4462421061703696
FMAT,453851.325252669,5678598.2243488,8.883823312254224,0.4099202810678943,0.8867716834128991,0.2894719740800045
FMAT,453851.191695278,5678597.38569202,8.936515909536283,0.3446477699720289,0.9290593073515762,0.2171528116645389
FMAT,453850.932883599,5678595.76835454,9.018055072240823,0.3120634028924949,0.949265656542204,0.233411638854771
FMAT,453850.816348681,5678594.97862727,8.922511327908635,0.3841232064243273,0.9393666102403164,0.4291697175822193
FMAT,453850.760029674,5678594.25139995,8.765788439636161,0.4005382440941412,0.9007547372557052,0.3430697307595511
FMAT,453850.712579686,5678593.48760232,8.61880319803989,0.4348050975583383,1.054870107584533,0.4765181597598529
FMAT,453850.587364491,5678592.70226323,8.672494491014504,0.4073076015030986,1.0786226681660187,0.505770330843657
FMAT,453850.479262777,5678591.95031746,8.785680363333906,0.41029398580167,1.1994672869372027,0.4704748273830507
FMAT,453850.379808892,5678591.19953215,8.765651219209229,0.4015549436309355,1.4402595077639715,0.3982860853922712
FMAT,453850.419617706,5678590.31417173,8.41300690118263,0.3510354765539529,1.4722924561170545,0.3659109213198485
FMAT,453850.485415468,5678589.4245246,8.532000935421637,0.3255507479719422,1.5187565798816125,0.2154823944439234
FMAT,453850.612326849,5678588.44423488,8.539307719731216,0.3016672882127779,1.372452974805151,0.2075695848057629
FMAT,453850.721623815,5678587.51600092,8.33622213502723,0.3755374621854426,1.2528292794166178,0.3118473837579227
FMAT,453850.604965448,5678586.74735849,8.015007902978605,0.4266244712949407,1.163282129281499,0.4798311607639402
FMAT,453850.471206676,5678585.94310327,8.228300890226487,0.4483555533641772,1.0439612017745423,0.5989805156963023
FMAT,453850.320275941,5678585.11544227,8.518578792289329,0.5490702009389374,1.0804463620804547,0.6316369354689773
FMAT,453850.159298703,5678584.52521244,8.206347860604167,0.5267322570128388,1.167053850508239,0.6221017030030901
FMAT,453850.051607023,5678583.70335376,8.081035567488225,0.5145569583792324,1.3623733889999536,0.6240087618860491
FMAT,453849.90018194,5678582.96003212,8.1404055488783,0.525791423528958,1.603170209830534,0.4978953587514647
FMAT,453849.653266796,5678582.26609016,8.224039237599456,0.4913727937669122,1.626287732517671,0.3556822355153533
FMAT,453849.293299281,5678581.66470581,8.186954493542055,0.4608737761045234,1.5887399614176096,0.4244795154562485
FMAT,453848.863453327,5678581.17277868,8.27122063598522,0.4556028694043069,1.3612877165205184,0.4076621382871083
FMAT,453848.433438265,5678580.70970446,7.978331984303893,0.456744545354118,1.160869996184077,0.4360646735094345
FMAT,453847.925144189,5678580.31275729,7.974379250890404,0.3941268418494806,0.9272550548646948,0.4863512924488876
FMAT,453847.355495829,5678580.04751261,7.841182773809053,0.3874494386758371,0.9403517661091692,0.4694081958629334
FMAT,453846.742042497,5678579.87301192,7.851911296341941,0.3919647998846312,0.8826403775869353,0.4681581640389441
FMAT,453846.128016632,5678579.79616731,7.973039416064604,0.4177176058267896,0.9412050753896656,0.4482178099233037
FMAT,453845.504464616,5678579.86797553,8.081226451027792,0.4318334471801355,1.0947592649461522,0.4512674245751082
FMAT,453844.871757286,5678580.02518205,8.595160682241769,0.3929592895257722,1.254759217600898,0.5054269759080261
FMAT,453844.22144853,5678580.23222483,8.70199778700234,0.3830948701931949,1.3297028693743564,0.5481253995470481
FMAT,453843.483952574,5678580.54862324,9.079316134545383,0.3989561565985861,1.4030720142073905,0.5439534871889008
FMAT,453842.780904581,5678580.89407751,9.213437443302755,0.4326997225197922,1.4566136151658695,0.5267636986876864
FMAT,453842.155881884,5678581.21668411,9.128151810948175,0.4274547019788969,1.422374630459014,0.5009243697421725
FMAT,453841.47004477,5678581.57888568,9.023699016562317,0.4249445041232464,1.2017542292981056,0.4042842570504276
FMAT,453840.7145372,5678582.01503303,8.870138105283045,0.4276275398341574,0.9037450504837472,0.3973912964566308
FMAT,453840.037217603,5678582.40058952,8.572909916639915,0.4611043215974339,0.7787521290243569,0.3185417993579493
FMAT,453839.333993593,5678582.77600615,8.641264892531488,0.4645163379905542,0.7272430828882613,0.2938018419849552
FMAT,453838.518055332,5678583.1862743,8.15153820608813,0.4666849874168033,0.6879811312647152,0.2742094007926602
FMAT,453837.858532195,5678583.48870246,8.074333386826797,0.3905505980872142,0.7361227505249716,0.2719245542168896
FMAT,453837.120983607,5678583.81397811,8.012741519567438,0.340040766267153,0.856700122004888,0.3176264606920116
FMAT,453836.383571623,5678584.11594939,7.878509318725976,0.3225639796343776,0.8716389507780057,0.33185334816434
FMAT,453835.620352851,5678584.39113487,7.519688114277461,0.3164469163700082,1.0545841622079513,0.2400532493751122
FMAT,453834.770434785,5678584.69244623,7.69463187511858,0.3123520086166196,1.166923028274728,0.1450149791947841
FMAT,453834.0330031,5678584.99774648,7.996275796918944,0.3485755135782777,1.2855536139183148,0.2334226574341457
FMAT,453833.269530342,5678585.31621114,8.799147633253368,0.3821656058905004,1.3631474195414477,0.3373661646293902
FMAT,453832.488885581,5678585.61126992,9.423624638748455,0.4599474020349443,1.3405586814872126,0.4644827427219642
FMAT,453831.708188693,5678585.91520645,9.81224200776384,0.513502614162579,1.3825011677480248,0.5380753860480603
FMAT,453830.944748292,5678586.22812224,9.719571940891742,0.5131335614816881,1.1217904056637589,0.6172838746267741
FMAT,453830.189721319,5678586.58214868,9.121112314860047,0.4597045237229703,0.938809843074739,0.6866958592798219
FMAT,453829.426092037,5678586.92724645,7.982101046696579,0.4593759936718355,0.8732744689561153,0.5691345883757053
FMAT,453828.680090234,5678587.21806897,7.560122017835811,0.419033954647813,0.8136729477175895,0.3909020877190325
FMAT,453827.90802131,5678587.5264948,7.043036030146506,0.374605962337636,0.8768451960615842,0.3367369344755758
FMAT,453827.092492019,5678587.86684888,6.495197132416308,0.3572068395389145,0.8034682932354936,0.3244439447559706
FMAT,453826.346184112,5678588.20982842,6.172702141273736,0.3883260582581024,0.8003448190491317,0.4339994753004839
FMAT,453825.599928213,5678588.54393006,6.310694150866546,0.4032817863293979,0.7474162895179494,0.4153308129998987
FMAT,453824.844985391,5678588.88352952,6.623369934501644,0.3802338561151256,0.7537010129130742,0.4290379793060694
FMAT,453824.090055524,5678589.22090944,6.854557291095053,0.3009240610340774,0.7404697398621682,0.3922022072950709
FMAT,453823.257087076,5678589.58335616,7.011884508408325,0.2574261073171215,0.7934583274686382,0.3968937793976262
FMAT,453822.484887507,5678589.91397603,7.46793557610679,0.2855142506349232,0.8569230567056855,0.3289394622880091
FMAT,453821.773508914,5678590.20389124,8.151603357131407,0.3273717692121062,0.9641861386407548,0.3156473132781646
FMAT,453821.01882616,5678590.49910119,8.54088464504044,0.3491471931528437,1.0492501897901774,0.2508004509814672
FMAT,453820.26416288,5678590.79098187,8.244351846316032,0.3489683736641244,1.087013832682182,0.2431575760905102
FMAT,453819.500793147,5678591.09168955,7.989905178487566,0.3366962934399017,0.982287717634352,0.2977342589487607
FMAT,453818.745940957,5678591.41575222,8.105516681878289,0.3576080451823436,0.8325655667286007,0.4724354352772668
FMAT,453817.947706461,5678591.75842636,7.933476571402624,0.3873001360516799,0.7786925408151696,0.6261944638456297
FMAT,453817.192834609,5678592.08581807,8.017229120407794,0.4084907610230984,0.7517782149710285,0.5894832365973103
FMAT,453816.489960192,5678592.40130732,8.270999860044151,0.3632394463866155,0.7405820540687944,0.4958381340030105
FMAT,453815.682960501,5678592.76279584,8.086305874339391,0.2992659440771342,0.704829484336427,0.4521416006851059
FMAT,453814.910844935,5678593.0789885,8.008047024985203,0.2392695511101323,0.6840389607283972,0.3752576565992767
FMAT,453814.234167667,5678593.35467966,7.974093839826899,0.2465820964302583,0.6844390904441638,0.2437820409989248
FMAT,453813.39258958,5678593.70930646,8.353256775137595,0.2979491886249094,0.6900054687423154,0.0727958393670549
FMAT,453812.707147202,5678594.0038121,9.15944700721626,0.2816605036002829,0.7649439078753648,0.1652080070208139
FMAT,453811.865562459,5678594.35954847,9.335699102951208,0.2374059253126234,1.0151921373795538,0.2908100115808435
FMAT,453811.162863428,5678594.64507459,9.69656485387315,0.2543410282785771,1.0101194084835292,0.3616348095743709
FMAT,453810.434038605,5678594.95819152,10.801185471091545,0.2543011853111719,1.0941362649667845,0.278874013370972
FMAT,453809.618143127,5678595.36068859,12.394231044528762,0.2012260683380626,1.3928171110051768,0.0699094073128125
FMAT,453808.993215568,5678595.66664665,12.880275007470122,0.0922123007278639,1.5835366451263893,0.1333869690130427
FMAT,453808.23807598,5678596.03953637,13.602801308631124,0.1276813143862616,1.5600984728525846,0.3254994266734675
FMAT,453807.526357685,5678596.38715619,14.067013615946296,0.1674694082528721,1.4532150566711544,0.3742393812659104
FMAT,453806.823423881,5678596.71263214,14.19759034525126,0.250853546061713,1.1178365248843685,0.2224804072239398
FMAT,453806.085989955,5678597.01792979,13.678602767925115,0.2672930052137693,1.0440746332956776,0.1601627092186327
FMAT,453805.331292919,5678597.3153577,13.117394270831404,0.2116635976298074,1.2154025548861236,0.0698845197774539
FMAT,453804.498609265,5678597.62897439,12.77914259648538,0.1834844411413522,1.276024680922475,0.0388822844909016
FMAT,453803.839435243,5678597.87147437,12.822067694627462,0.1783568411265348,1.464298909628077,0.1520277820898845
FMAT,453802.972212335,5678598.17157102,12.37646129174368,0.1172263051878358,1.6090507334907185,0.2615395026357848
FMAT,453802.261112295,5678598.41376614,11.878033431751746,0.0842242229433926,1.7248204025853626,0.1107521411422667
FMAT,453801.393843678,5678598.72163071,11.734210556054268,0.0981951616517618,1.7249984827773674,0.2074886098384835
FMAT,453799.919098707,5678599.31114008,11.368435903356891,0.1429345248764109,1.7222097237358631,0.0114985341162303
FMAT,453799.068506783,5678599.72674965,11.111586079228372,0.1891864558771221,1.8510564646937813,0.1130524403773376
FMAT,453798.244314113,5678600.06815969,11.685569582032125,0.2076362503695798,1.745892681077727,0.0988817319923727
FMAT,453797.359808152,5678600.36371521,12.443472531768082,0.2036375314780746,1.8950789497978924,0.1567130648900337
FMAT,453796.509860795,5678600.66946138,12.832456429411248,0.230953440712076,2.052117952244908,0.3936966489472229
FMAT,453795.789838948,5678600.957104,12.880942480942368,0.2641326342072975,2.047262113074948,0.4027930905775853
FMAT,453795.04374335,5678601.26345955,13.160572365512238,0.272696782224144,2.1210102518288148,0.2890567689181419
FMAT,453794.357999987,5678601.6090111,13.247377082233882,0.2635088270752157,2.121937434071983,0.1831304611351291
FMAT,453793.671956928,5678602.00561012,12.604126897454345,0.2570665328908387,1.966754341729179,0.1446139904064635
FMAT,453792.969139284,5678602.31110973,12.504551118838554,0.2464155959229417,1.7989110058900104,0.2849007563377413
FMAT,453792.240899265,5678602.52434942,12.398099859658462,0.2439966944922374,1.3491003641329218,0.2443863328782603
FMAT,453791.503366506,5678602.84629164,11.902784597048278,0.2363618031288333,1.1940787921043263,0.1362281748134932
FMAT,453790.826159916,5678603.2118688,11.442548272622728,0.1513781189631615,1.0053657163018217,0.040194741558639
FMAT,453790.14939623,5678603.50198437,11.463314009006565,0.1544556856500654,0.981438836276369,0.0284051610770408
FMAT,453789.438171526,5678603.76526318,10.521935833059722,0.1575208681738713,0.9292252678645764,-0.0101485124555782
FMAT,453788.726946776,5678604.02854193,9.948899231656036,0.1240437690390436,0.8823556776439766,-0.0917986556483876
FMAT,453788.03295246,5678604.30523897,9.109219808023342,0.0977634593825462,1.1936430370512234,-0.1761214407888827
FMAT,453787.356149485,5678604.60201267,9.320528723915055,0.1002124171879613,1.42272510902881,-0.1354602020056914
FMAT,453786.618596784,5678604.92728362,9.644860098606715,0.0639641765427508,1.7128047211272055,0.0453843643113197
FMAT,453785.881004929,5678605.25921286,9.818703412205911,0.0588891802109489,1.827446160252461,0.037548924970619
FMAT,453785.169493266,5678605.57131935,9.486895498157716,0.0370982643801908,1.878381180612173,0.0086855197519471
FMAT,453784.449359793,5678605.87782633,8.826435406275838,0.042468501709517,2.0618680530954414,0.0450676263071481
FMAT,453783.64246797,5678606.22044619,9.090051216450751,0.0338396127164815,1.89924963216801,0.0696535124091574
FMAT,453782.905051778,5678606.52241249,9.627169656040348,0.0400245468409111,1.7702559192316178,0.0883784122914314
FMAT,453782.219809092,5678606.7825139,9.670190267413112,0.0425737336647105,1.522434320261178,-0.0043101125934351
FMAT,453781.474103321,5678607.02228446,9.589126592354244,0.0570741114042803,1.3056575222472742,-0.0148703533008486
FMAT,453780.745882086,5678607.2321939,9.393271765570567,0.0642514450878396,1.2598076914293868,0.0042120881985634
FMAT,453780.03526919,5678607.39115739,9.24060990799345,0.1280351082578565,1.2495173697863384,0.1162924245928814
FMAT,453779.255643151,5678607.51198354,8.850997609256464,0.1651978001373553,1.1866633682506214,0.1199784636807388
FMAT,453778.571234278,5678607.63003938,8.332443555435121,0.2076520956067112,1.08694832474573,0.1302284404682009
FMAT,453777.781976472,5678607.91727385,7.921160894723526,0.1946552012934486,1.106932453473277,0.2344424627288051
FMAT,453776.940010691,5678608.33737076,7.972688086669628,0.1733713641791676,1.111426658001692,0.3477164711685237
FMAT,453776.158957474,5678608.70122715,7.54401918359977,0.1722468676005826,1.0354506437585298,0.3958463764399904
FMAT,453775.438732124,5678609.0232695,7.50728838161596,0.1781446515694463,0.9727082918218076,0.3481976480731225
FMAT,453774.770556525,5678609.32453186,7.494063255159615,0.2157364288047243,0.8279695422678078,0.1087881890631566
FMAT,453774.128382972,5678609.61928824,7.447577041233059,0.2240112003135899,0.7297177206995983,0.0544819166625138
FMAT,453773.425127262,5678609.99913794,7.404060319421182,0.2350974410596221,0.8246531217620038,0.0238879399801895
FMAT,453772.791001891,5678610.39714979,6.977044889166784,0.2406879050028046,0.7696973047719925,0.2159805484397956
FMAT,453772.191715358,5678610.7576341,7.032738057282866,0.2573027675884611,0.8200321659316177,0.2932893303145155
FMAT,453771.523252746,5678611.10772424,7.017039829665637,0.2496420436964105,0.886484539984501,0.3616491832501067
FMAT,453770.75098367,5678611.44943634,6.800967884095293,0.2879528258689614,0.9062231401275492,0.3306856292231297
FMAT,453770.065512043,5678611.7483772,6.963992650096117,0.2455850211543554,0.8752066242511297,0.3400665072285486
FMAT,453769.354070839,5678612.04827525,7.3502535312306305,0.2546388545632069,0.909383415959431,0.3737041427482948
FMAT,453768.529295523,5678612.48844803,8.18080313970449,0.2191198798980465,1.068998147391039,0.3307080585575481
FMAT,453767.730450537,5678612.93432185,8.592466528454338,0.2075790336012198,1.292896098008416,0.3882963961556506
FMAT,453766.992524729,5678613.32284549,8.909548358934622,0.2204564758095377,1.3170377184078346,0.3633609988810163
FMAT,453766.263318362,5678613.70032261,9.57431135233248,0.2516121407394795,1.2566690534435667,0.2552494077079089
FMAT,453765.6730506,5678613.99871246,9.446121569366976,0.2276700019392329,1.1410211149996086,0.2456659434972166
FMAT,453764.987865335,5678614.24882482,9.045727327604595,0.2001724581957219,1.3400180908179982,0.2352300839099892
FMAT,453764.268186507,5678614.47764896,8.294194028109372,0.1894700536633766,1.4368071372107836,0.2518059230741885
FMAT,453763.574359852,5678614.72549091,8.309804939458067,0.2170895994737696,1.5275169338473085,0.2839470671047038
FMAT,453762.845765877,5678614.99865323,8.399496321564735,0.2259949364820829,1.4405574415064224,0.2804087047619958
FMAT,453762.099869693,5678615.2706041,8.131290061232715,0.1919951991221042,1.3683459293975533,0.226801655409522
FMAT,453761.388675552,5678615.52833175,7.622917510221835,0.2068501025332027,1.4852710488029957,0.205054561584752
FMAT,453760.668813989,5678615.78822796,7.705402873298043,0.1965218709622401,1.4530100015239074,0.3094491057300768
FMAT,453759.940408847,5678616.02920789,7.907496139071817,0.1979951628301968,1.309138573834848,0.3252484996713148
FMAT,453759.203368878,5678616.26680772,7.875395140033959,0.2127458336653573,1.2792406522904696,0.3009643472961986
FMAT,453758.431502901,5678616.53971546,7.8457849839709555,0.2403901320691756,1.1650964981326195,0.2365246944842938
FMAT,453757.720184665,5678616.81852762,7.566208673479714,0.2414936302585282,1.2818762404516404,0.3050252480695648
FMAT,453756.956907734,5678617.10258334,7.373817314255885,0.2066946520346864,1.4865855821294671,0.1907460184975437
FMAT,453756.236935052,5678617.38134453,7.296836733583508,0.1426006779497663,1.6512928934169735,0.1308852961736039
FMAT,453755.516864534,5678617.67675159,7.585737238927747,0.1182507767585011,1.893825074340232,0.2117944289085554
FMAT,453754.840000478,5678617.98351006,7.5784051171945475,0.1255674320026857,1.902163401497306,0.1537263796175842
FMAT,453754.180418984,5678618.29480908,7.628133809979353,0.1036874175748772,1.8431424224501585,0.1228824167164671
FMAT,453753.564043957,5678618.61745953,7.960038329850071,0.1082137620455559,1.8621764392612064,0.0464760859886518
FMAT,453752.904227655,5678618.96870866,7.758711297486771,0.1516937527988228,1.9381346551786975,0.1904172482157774
FMAT,453752.192941596,5678619.24197169,7.647622449727077,0.1594170778907928,1.898063012191089,0.2051076366315871
FMAT,453751.533848857,5678619.47004085,7.810106505713254,0.1695329129095241,1.880316719556651,0.1312363967898304
FMAT,453750.857466948,5678619.69467907,8.198975566219534,0.1782948144742422,1.7716842314689591,0.1332349640477226
FMAT,453750.137813277,5678619.91906301,8.35571647136989,0.1737009583617204,1.785588465712263,0.1714571291696898
FMAT,453749.409576937,5678620.13118903,8.623605188093164,0.1554508487987072,1.689543250868397,0.1055104495406255
FMAT,453748.715371139,5678620.44339393,8.759589447727,0.1623485367956271,1.5359401453358703,0.064179125647689
FMAT,453747.404431197,5678621.13928381,9.01232636609928,0.151110392884706,1.4612028886311337,0.1044623562849476
FMAT,453746.692342751,5678621.54904295,9.412942230224823,0.1957455977098891,1.448655676598214,0.1619880256154637
FMAT,453745.876173854,5678621.99703232,9.83062889694909,0.2950744846716935,1.5130523053195153,0.2132263895432866
FMAT,453745.216213469,5678622.37269484,9.592601538878514,0.3061068587913236,1.6099375594406318,0.3516255296633886
FMAT,453744.573705168,5678622.72404498,9.746653621255684,0.306563272983562,1.6264506968049408,0.3518748244700214
FMAT,453743.888062006,5678623.05183651,9.586215604051498,0.3050241693686071,1.6061648991350237,0.3930624748284943
FMAT,453743.228531808,5678623.35425679,9.02207019261185,0.2817403412931369,1.451304745573058,0.3139141056601996
FMAT,453742.55190153,5678623.62106399,8.62837036535503,0.2761568572912421,1.3920616020472911,0.2664575288664202
FMAT,453741.840686411,5678623.88211907,8.323703524063635,0.2528378497266703,1.378184060913169,0.2157910363353618
FMAT,453741.085945174,5678624.18619922,8.601954623075478,0.2762794011471779,1.3453143433729056,0.1395335446480755
FMAT,453740.39200605,5678624.45290452,8.964530753857492,0.2931076379644635,1.4237869564967378,0.1179979749594268
FMAT,453739.724114702,5678624.70533587,8.972745427302536,0.3108909514840218,1.4331137744448017,0.1330703268069678
FMAT,453739.11688202,5678624.94480641,9.13897951012192,0.2793938176459729,1.4927973849592435,0.2108235259764889
FMAT,453738.466234075,5678625.20843665,9.20146056815037,0.2621239896788552,1.529699874466605,0.1994413212620868
FMAT,453737.737670844,5678625.47604801,9.576825368679428,0.2223883577554374,1.5418567607722875,0.1320932359417614
FMAT,453737.052411923,5678625.73836497,9.756314886202206,0.2133495857301931,1.555924203561905,0.1344064118296357
FMAT,453736.358472521,5678626.00506992,10.15626972769197,0.1950419312807903,1.568125457889295,0.0596835927416474
FMAT,453735.647243931,5678626.2683439,10.3199721036746,0.1692891123172579,1.476569569298657,-0.0038541021827425
FMAT,453734.94461747,5678626.54054651,10.369842916407856,0.1513176492813616,1.5073258626511084,0.1154179223314519
FMAT,453734.302343157,5678626.85194559,10.374109298395046,0.1158499185195448,1.4605538010732844,0.2000066331045537
FMAT,453733.694653593,5678627.16909672,10.304598831442268,0.1475240696701402,1.4359256330570558,0.2473109884996248
FMAT,453733.052613977,5678627.44054547,10.434470109687018,0.1428291634507093,1.336131320359626,0.1482706955214567
FMAT,453732.393226473,5678627.71855082,10.337833087776511,0.1353244422232063,1.3210154804394618,0.0937172104519539
FMAT,453731.664264932,5678628.05385506,9.986561167461677,0.1105280276298804,1.6036153270375315,0.0110870742903191
FMAT,453730.996007729,5678628.36843046,9.871841002460611,0.0748147373379577,1.861020035200471,0.0479131050716348
FMAT,453730.371224448,5678628.64885856,9.821635837122392,0.06964798187956,1.9570712680669136,0.0769556459643313
FMAT,453729.807217287,5678628.89635083,9.6379244037167,0.0902501113729703,2.069448954780016,0.042541295244127
FMAT,453729.182486102,5678629.167901,9.394648941276078,0.1024959060365225,2.096715157873521,0.0846495586093438
FMAT,453728.462380848,5678629.46885424,9.473035173760971,0.0968691407069606,1.8563370660255536,0.0782917060829942
FMAT,453727.803071286,5678629.73354246,9.55476869293958,0.0766762110350488,1.7006341051016491,0.0066131033941972
FMAT,453727.092102983,5678629.95242653,9.556387708670266,0.0898320716317719,1.8189975121375996,-0.0544864716199897
FMAT,453726.355112868,5678630.18114548,9.497509425823289,0.1015840318495266,1.9022035825027812,-0.0865372022134832
FMAT,453725.609200898,5678630.45531236,9.747553810086076,0.1072777949529086,2.111874268532417,-0.1039228000559784
FMAT,453724.871936707,5678630.73063977,9.702345799939083,0.0663964198171595,2.105262808164128,-0.0819041710025765
FMAT,453724.152013796,5678631.00052021,9.504484644923226,0.0354634403295042,1.9649119961353856,0.0729536978487455
FMAT,453723.49259958,5678631.28296373,9.717557946219396,0.0172711597645433,1.858558619568668,0.1969871570884933
FMAT,453722.824439625,5678631.58089251,9.723922728832743,0.0705647133017331,1.7900320637989673,0.2664262723773353
FMAT,453722.103949001,5678631.94731915,9.917322814497233,0.1201570179123096,1.7087451079404106,0.1336830525028099
FMAT,453721.444143199,5678632.29634621,9.748540060641105,0.0909382832967319,1.806011710189761,0.1108826829705841
FMAT,453720.715141613,5678632.63830782,9.534908999675189,0.1175115320159481,1.9389860005332364,0.0991895347484733
FMAT,453719.812556945,5678633.06359116,8.754442870185041,0.1925892027464724,1.960608321030336,0.0344334665857872
FMAT,453719.01407894,5678633.44620554,8.567537955568625,0.1938114277057747,1.4901729165429387,0.044633721782939
FMAT,453718.225057701,5678633.69237411,8.300561402137701,0.1749348567416171,1.4324199782835352,0.1309631857502749
FMAT,453717.444723397,5678633.93304484,8.177704238712582,0.1245949671069002,1.555626231938848,0.2114416372128812
FMAT,453716.750697768,5678634.21417454,8.393022330336581,0.1410806826909667,1.614160364598272,0.06138228024146
FMAT,453716.022035072,5678634.49842984,8.57710704401382,0.1591307098176514,1.6826590011719345,-0.0769978238652553
FMAT,453715.250093989,5678634.78354037,9.192582669607011,0.1494414842806654,1.5473064595603474,-0.0048967730332685
FMAT,453714.504142035,5678635.06436458,9.156138865337768,0.1590160706808662,1.4851641276477023,0.006054240976955
FMAT,453713.766798715,5678635.35300769,9.004090341326432,0.1729785935294702,1.6148179977970194,0.0157261437964355
FMAT,453713.003479201,5678635.64371754,8.980004428959207,0.1430320396406882,1.7070136216866827,0.1938465322202486
FMAT,453712.257455308,5678635.93674854,8.739502082311484,0.1752382381639588,1.5025752145494895,0.1707805776241735
FMAT,453711.511222551,5678636.26529079,8.5623541211877,0.2095316461013189,1.3468412434080563,0.2001343128358477
FMAT,453710.808385528,5678636.57300257,8.42432276134114,0.24216094005507,1.3693498798799362,0.2494272085693453
FMAT,453710.157298448,5678636.91098229,8.269456484259047,0.2979542872216474,1.3054886168551585,0.2305131353182553
FMAT,453709.367310799,5678637.32138979,8.290334613506765,0.2976302835402479,1.1932282581723694,0.2566776943580919
FMAT,453708.603723377,5678637.65759808,8.233596060987294,0.2547316379497846,1.230687932716957,0.1988951391487922
FMAT,453707.840201148,5678637.98270902,8.29739147573764,0.295949186116587,1.2379372892284606,0.2004548783969499
FMAT,453707.085431108,5678638.29122484,8.246877259977325,0.281765314719395,1.3774775188224888,0.2622627740313585
FMAT,453706.313293542,5678638.60962636,8.044978685158753,0.2339026969988212,1.44442608229989,0.3287417866693229
FMAT,453705.593062533,5678638.93166236,7.6388692457527645,0.1829001036670468,1.638275587452117,0.3505087325725668
FMAT,453704.993294296,5678639.37315177,7.8934988837973314,0.1836747043342661,1.692464220802546,0.3279348033419966
FMAT,453704.35020195,5678639.82326448,8.090815971557452,0.1939887761766457,1.6359028802126554,0.1444523953509808
FMAT,453703.707944896,5678640.1313319,7.881227611130312,0.1653593200570691,1.6747657002465135,0.1560021387337841
FMAT,453703.048359477,5678640.44262665,7.795292382118196,0.1161614823288702,1.8496714809174009,0.1840208080369916
FMAT,453702.336808634,5678640.76027434,7.875241837092605,0.104043086614699,1.9401607336530624,0.1473737017968941
FMAT,453701.694982178,5678640.99509951,8.398851068879262,0.1038271025537746,1.846895546779888,0.1086478883093499
FMAT,453701.018525155,5678641.23194049,9.221696678117317,0.1099323268532888,1.8663607583708632,0.0396786079554108
FMAT,453700.333452881,5678641.46207213,9.782683674280731,0.1223919312005529,2.100479582162704,0.1265974526713671
FMAT,453699.683056785,5678641.68241977,9.886166798368352,0.1652983486874563,2.179844051130448,0.1828279618711974
FMAT,453698.946006,5678641.92112372,10.34604703584629,0.2043515642575055,2.2152431766537486,0.2088271009614498
FMAT,453698.217609537,5678642.15987851,10.025037686890634,0.1984122089421773,2.154764669609687,0.2900361451158552
FMAT,453697.541139251,5678642.39893865,9.214772537495408,0.1935119401521851,1.9284358065894915,0.3133344885470015
FMAT,453696.812559936,5678642.66876571,8.804910802945537,0.2147364936676512,1.7079530222218269,0.3345362183098818
FMAT,453696.127239371,5678642.94106667,8.340549064425687,0.2157192360568495,1.5712031520506526,0.3433153547075216
FMAT,453695.372442274,5678643.25402029,7.86801826819684,0.2212828213186537,1.428300755038587,0.29176559625738
FMAT,453694.686958416,5678643.55406435,7.878266105158524,0.2238813720086239,1.3423874702869016,0.2722659705669269
FMAT,453694.027274429,5678643.88200428,7.920154969482185,0.2195072260040824,1.2194188105262005,0.2394051102025129
FMAT,453693.358870738,5678644.22099053,7.402944126641353,0.2254402968265533,1.1599875695331074,0.0148167770195614
FMAT,453692.716449689,5678644.55680027,7.257151977343623,0.1911687139042032,1.2246114428429833,-0.0472153757958616
FMAT,453692.030652274,5678644.91011106,7.067923459072846,0.067007393046436,1.2992295131024767,-0.0942805073499086
FMAT,453691.379622434,5678645.23810168,7.030440437242244,0.0532541511824592,1.3831702561520496,-0.0630280047521535
FMAT,453690.797827529,5678645.56649953,7.301379327825261,0.1304701504274986,1.3740903573416947,0.0709365228751181
FMAT,453690.181571755,5678645.8680602,7.836212807949421,0.1437375224880193,1.4036010555259468,0.1263811334051491
FMAT,453689.42736168,5678646.08113769,8.343357431036091,0.169202521236687,1.3533995694593448,0.1103626778950203
FMAT,453688.733719128,5678646.29679096,8.368406139107787,0.2223765781728146,1.282764631005232,0.1911217327419351
FMAT,453688.056947879,5678646.5868978,8.409385872134488,0.253354215193709,1.2684827471912037,0.3094602284815425
FMAT,453687.336787186,5678646.89672512,8.257051084678372,0.2761472133540658,1.4389776596968271,0.2435976607000215
FMAT,453686.625398332,5678647.18662817,8.38776830148942,0.2658860494468048,1.5407663053863068,0.2343614203374107
FMAT,453685.93148792,5678647.44778006,8.657441231701764,0.2406970314308598,1.6063052205464317,0.2583997577968504
FMAT,453685.211555579,5678647.7187667,8.664935908983406,0.2452696050718761,1.6048769071322229,0.205030704737944
FMAT,453684.439566348,5678648.01164232,8.362700854061906,0.2530863865600755,1.61375926391685,0.2295748216642317
FMAT,453683.728275216,5678648.2848992,8.098893592830352,0.1874774386039309,1.7010343070904097,0.1933851168622799
FMAT,453683.02575594,5678648.53823181,8.059812865907583,0.1622563886771481,1.960306487007211,0.2262012490607295
FMAT,453682.305712393,5678648.82808356,8.185946655476638,0.1630062798427001,2.125095056785827,0.1537781507173574
FMAT,453681.663283961,5678649.16500213,8.284611330926058,0.1218607238934552,2.006367559547844,0.1956337807809023
FMAT,453681.064186123,5678649.49218769,8.01612519454163,0.1089627251345285,1.8243988110752267,0.1205517619692754
FMAT,453680.317709153,5678649.86178695,7.739274019704298,0.0972886956349386,1.7392491020772234,0.0842501994823038
FMAT,453679.554328195,5678650.16248113,8.131855024549305,0.1110049344574425,1.6780405930441946,0.1106440823487438
FMAT,453678.877771749,5678650.41596614,8.49143133237948,0.1213055481313498,1.6709576220371625,0.0672860571226191
FMAT,453677.958637972,5678650.71130463,9.093738176523749,0.094457924397122,1.6446504915170903,-0.0601533342270071
FMAT,453677.195576808,5678650.95762188,9.318031938953864,0.0782244618537469,1.728442037246744,-0.2141486045505216
FMAT,453676.553866288,5678651.1724699,9.1258199826466,0.0943807579768139,1.801948224887301,-0.2318600415383492
FMAT,453675.955499464,5678651.37536548,9.153308319883868,0.1060284926653658,1.8076317539654043,-0.2919925861106028
FMAT,453675.244220787,5678651.64640214,9.121788186254,0.0311899554680726,1.79000829833606,-0.2622892991095781
FMAT,453674.593470481,5678651.92667305,9.38428222926819,0.026923189575135,1.5443612441744874,-0.2073326153444793
FMAT,453673.908017711,5678652.22116666,9.270281926715024,-0.0025382937835799,1.5401427784821242,-0.0817787479837661
FMAT,453673.205243063,5678652.51777781,8.899754442133542,-0.0079540293870301,1.5325546717735974,0.0798677996211546
FMAT,453672.47623093,5678652.86084471,8.00757021660078,0.043032830576971,1.4761282074164248,0.1458280400825732
FMAT,453671.79913849,5678653.20532686,7.635664373775716,0.0992366683993598,1.394167429361194,0.3041009153077208
FMAT,453671.17443598,5678653.47132381,7.446383570621441,0.1509073511996244,1.2876568927447531,0.3827836281468398
FMAT,453670.558557613,5678653.70851871,6.982695519765938,0.1926628573407613,1.0481008310940327,0.3623421567747596
FMAT,453669.942679211,5678653.94571356,6.710052195856303,0.2309484267607807,1.01217247670186,0.364885987185662
FMAT,453669.257356707,5678654.2180122,6.058745389019901,0.2872337666736188,0.9622543396725272,0.4331483908994162
FMAT,453668.45058541,5678654.53842575,5.411824652633221,0.3074686644723906,0.7667134050066813,0.4132477790747913
FMAT,453667.782610759,5678654.80416776,5.01611793085148,0.3208339160474026,0.8140203770971759,0.4188385151442279
FMAT,453667.079816049,5678655.10410755,4.779726830670162,0.3552139573423086,0.8411044135700543,0.5129201856870658
FMAT,453666.281607512,5678655.44010801,4.572167654408348,0.4112990461657808,0.8058494102664926,0.6150722031167416
FMAT,453665.509499229,5678655.75295691,5.204219896873248,0.4027094399896719,0.8163336275365385,0.6738738176119977
FMAT,453664.728814879,5678656.05243805,7.813075123092365,0.347344643413718,0.7705317192010174,0.5528720081518451
FMAT,453663.973995645,5678656.36871787,11.44286546685324,0.2764768141708996,0.8824756672896232,0.3998758777735834
FMAT,453663.270998158,5678656.70305891,13.96024243416452,0.1832214546511854,1.1695162119880038,0.2061673623614728
FMAT,453662.550633048,5678657.04728556,15.83512509793132,0.1406183511069793,1.38041092482539,0.2269616179181195
FMAT,453661.864957274,5678657.3795089,17.35619927331105,0.1041475712026918,1.256788765394383,0.1960735288910666
FMAT,453661.196694732,5678657.6940784,16.75675778155717,0.0211009556462997,0.838789328675298,0.0883823830154253
FMAT,453660.511110296,5678658.01076543,16.621778695459952,-0.0469821648578559,0.4570702269452308,-0.0329257642323694
FMAT,453659.756107794,5678658.35811724,13.149940274739276,-0.1542545140979449,0.2524935687221488,-0.1635989365700414
FMAT,453659.035938352,5678658.66905172,6.541675841487959,-0.2705124871011083,0.2151219371137763,-0.3205646263823579
FMAT,453658.367851968,5678658.95365832,7.615227596326698,-0.2410905471311739,0.2034733762791438,-0.4190281890317818
FMAT,453657.638975762,5678659.27341955,10.276196987951623,-0.2068511384844397,0.2363103651522284,-0.4425619116723701
FMAT,453656.927454007,5678659.58551451,15.931879511927072,-0.1354116978098926,0.9992971161212222,-0.2877099540599009
FMAT,453656.172562253,5678659.91400059,22.86388991125136,-0.0814666850481713,1.48961229268197,-0.0687327892515508
FMAT,453655.504449525,5678660.20304586,27.766283789810903,-0.066201725658045,1.97409007202128,0.1212676810285769
FMAT,453654.845063,5678660.47993502,33.882306917290755,-0.073693566799447,2.9072325452635384,0.2221222856917577
FMAT,453654.064260164,5678660.79939022,40.59124162038688,-0.1003482000420914,3.2296864238017147,0.1607090517235231
FMAT,453653.422358723,5678661.04641849,41.32626856856688,-0.1110983015138938,3.5414748129152893,0.0212307338919198
FMAT,453652.693776122,5678661.31624148,42.25062259220881,-0.1162678505324741,4.335903639362381,-0.1083856253357723
FMAT,453651.973867468,5678661.58278618,42.106988709730736,-0.1120841816644541,4.580958560791544,-0.1286676803118813
FMAT,453651.219295457,5678661.85689509,39.51356327423516,-0.1026142328972419,4.251236994922537,-0.0303257291489526
FMAT,453650.534102273,5678662.10699754,37.39931043095838,-0.1184650453788199,4.315492885130788,-0.0412068255112033
FMAT,453649.874826486,5678662.3650209,36.04167061493423,-0.1311860681266034,3.4573947827382456,-0.0240082891453596
ALG,453649.206830922,5678662.63409053,33.8662961884596,-0.146304354854256,3.000685462069645,-0.0034707323494145
ALG,453648.530128649,5678662.91198697,30.56356380926752,-0.0644861723686954,2.797969665496985,-0.0257951557865375
ALG,453647.98375842,5678663.10297917,28.590961113526767,-0.1078436952125906,2.454255514300716,-0.033425078696628
ALG,453647.489582426,5678663.24877821,27.77870999561073,-0.0926964602753179,2.034380725224109,0.0024491724044791
ALG,453646.864780262,5678663.53141917,27.792902507489792,-0.078165132984591,1.7568076025709811,-0.153788542913336
ALG,453646.152970171,5678663.89234121,27.30169760832633,-0.0629619149046961,1.8251252066497767,-0.0116957399666522
ALG,453645.423949241,5678664.23651535,28.32319307935624,-0.0889477241365935,1.992857506274619,0.0152322591282624
ALG,453644.781713979,5678664.54013907,28.37114881709706,-0.061910364263394,2.8805996867436705,-0.0007426261957048
ALG,453644.18288133,5678664.82182297,27.28218696085684,-0.0525084878431098,3.190419897810892,0.0343099572873238
ALG,453643.497458943,5678665.11076531,25.904657340717407,-0.0896093634600668,3.239662158119752,0.0010299232374446
ALG,453642.786086387,5678665.39733524,25.7402770771967,-0.1353202685187004,3.187993244583278,-0.2360068275290628
ALG,453642.100382894,5678665.73399578,25.497191067232706,-0.1223127895901486,2.408293872664712,-0.244586496931414
ALG,453641.362360861,5678666.13693419,23.396721674453413,-0.0943491035145841,2.339590766555196,-0.1841285800784109
ALG,453640.720759188,5678666.33291391,22.00731867173221,-0.0719659654909399,2.40752549390876,-0.2162987297827191
ALG,453640.044840515,5678666.47764222,21.32076935397644,-0.0877308454652804,2.010115216802073,-0.2086918552394039
ALG,453639.358953817,5678666.84537492,21.635743537449592,-0.0981625548918403,1.819898085821288,-0.1108635188810105
ALG,453638.698703482,5678667.26874689,24.5384396442116,-0.1112432175807182,2.001407679321798,-0.164455544418643
ALG,453638.047094402,5678667.69438923,27.368398029152,-0.0842474635082266,2.5195816333470504,-0.1550594960549705
ALG,453637.284317863,5678667.89187458,28.93157512123268,-0.0454992988274839,3.119998483627941,-0.1822866330696814
ALG,453636.487413871,5678668.00592634,30.83700491750445,-0.0178868983975279,4.200432933635205,-0.1548455594121499
ALG,453635.846491644,5678668.08649391,32.35400699854535,0.0277641618918489,4.751148045406589,-0.0882834633106842
ALG,453635.222917415,5678668.160505,33.20550748405881,0.050642648056872,4.683306193106341,-0.0434886001146433
ALG,453634.589139746,5678668.49747072,32.59378858941478,0.0633466301786389,4.5030181367945605,0.0519334158110416
ALG,453634.006791679,5678668.91908159,32.5431246488517,0.1033946957200291,3.855287556212847,0.057882103876963
ALG,453633.381635617,5678669.26164682,31.27393027337156,0.1019609965572085,2.8623334491339736,0.1243688837629237
ALG,453632.757897863,5678669.36340093,27.35755943211536,0.0876086774006014,1.805025746947261,0.0027906264073784
ALG,453632.13498367,5678669.3253292,26.22436826613512,0.0836256257517812,1.5132189971593637,-0.0407142942447648
ALG,453631.469607999,5678669.14939621,26.075723854005123,0.0949669103366047,1.3561436660408113,-0.0476572525376539
ALG,453630.839510143,5678668.86158449,26.64274751526212,0.0083648575120267,2.1443920636708067,-0.0633622667559323
ALG,453630.322004497,5678668.56000895,27.58209267102412,-0.0460249011729459,2.221169754825487,0.0319121560449308
ALG,453629.87408053,5678668.20002558,26.76686529301933,-0.0600185749949682,2.30351652348234,-0.021237482288661
ALG,453629.495783993,5678667.77386629,25.757731477640792,-0.0613132275197869,2.794252197618188,-0.1609509153370852
ALG,453629.186683464,5678667.35477319,24.97397702241882,-0.0686437218768061,3.1480155340380267,-0.24138580816552
ALG,453628.92958779,5678666.92266919,24.95395121437217,-0.0727433016779643,3.112878151174493,-0.2473193435488641
ALG,453628.812132592,5678666.29273944,23.845991185046294,-0.0718462012179861,2.3624672423187416,-0.2392769937401329
ALG,453628.850914119,5678665.58604631,22.52083955359515,-0.0828370040311572,1.489129630229901,-0.219753095947277
ALG,453629.053429719,5678664.99906271,22.861452618385183,-0.1271243559221933,1.1108989343740043,-0.0719664091377914
ALG,453629.367870654,5678664.51150764,21.554070342280163,-0.1160324336352448,1.256924379832752,0.1165861229139297
ALG,453629.665610673,5678663.92064587,19.188482415091023,-0.0969626494892439,2.2396096480693566,0.053952963657709
ALG,453629.919974093,5678663.34728485,15.781625359552327,0.0127674625301518,2.309689846824923,0.0544241580726402
ALG,453630.156747618,5678662.82154019,16.134744694712996,0.0489365091928741,2.4185484829728208,0.0447940531637323
ALG,453630.489771814,5678662.11768998,17.427973480074122,0.1508416935354243,1.7042760402859414,0.1133755932819305
ALG,453630.814638341,5678661.32944942,17.48518633976645,0.1503410143352349,0.5495484143244228,0.3393056880563809
ALG,453631.10516831,5678660.49328661,16.235365294467794,0.1057838299131831,0.4794018308514527,0.496104417387083
ALG,453631.361793132,5678659.53595948,18.17563102899184,0.2851423958134776,0.5669418914692766,0.3519971844974714
ALG,453631.574721085,5678658.65050982,20.43200680710943,0.3438503119916321,0.7489382088720873,0.3062953870052231
ALG,453631.744658122,5678657.71708695,21.26408646506417,0.3867108655358715,2.5706314932611845,0.4444634736700469
ALG,453631.845386171,5678656.77881736,23.545582231520484,0.3607965706168213,3.230777426445694,0.6088742526867578
ALG,453631.90252853,5678655.89355987,27.3070148814872,0.2727247146215193,4.072980576916635,0.6187673529452381
ALG,453631.942362106,5678655.00820042,33.4212262778622,0.2962631449304633,3.940996927154064,0.1675162307762451
ALG,453631.999641705,5678654.09963862,32.944700151435505,0.108680830226523,5.279722076156421,0.0761811294104928
ALG,453632.056888613,5678653.19662546,35.56635091404534,-0.0425946928445533,5.510476410243711,-0.0410070433924432
ALG,453632.071098909,5678652.2534072,33.40936420253247,-0.1064861778460296,5.692633656926712,-0.1455879613045089
ALG,453632.102251932,5678651.37243569,32.23784689633072,-0.0329048638786471,3.656812817875185,-0.2495944295365453
ALG,453631.968664528,5678650.54265289,32.185485193284215,0.0958853938404571,2.507163524333847,-0.1213959935822868
ALG,453631.852575467,5678649.68078991,31.072373734291865,0.1119798113991179,1.7782008878146394,0.2712607220791143
ALG,453631.73656487,5678648.80561019,31.185531572277167,0.1662544042599152,2.6878636224365278,0.4962786923762271
ALG,453631.818787911,5678648.07031895,30.56839753857809,0.2238179284047893,4.131991142107892,0.3158876470775528
ALG,453631.935223187,5678647.40403479,34.44137881513779,0.2580448389248391,5.602118183923015,0.3085813950892693
ALG,453632.112670472,5678646.66486537,42.44609198770223,0.2173011459544396,5.531216653620843,0.1517036246693119
ALG,453632.30724346,5678645.95687029,46.71511896178461,0.1429709899692539,6.143702809351401,0.0675695883730618
ALG,453632.58855624,5678645.21609309,49.17232317184025,-0.03881393149884,7.023258498533684,0.0136351278463258
ALG,453632.905225055,5678644.35012045,52.335360906294376,-0.0666621844174626,5.764673004697345,-0.091896956183968
ALG,453633.186864536,5678643.55385681,52.34206310229807,-0.143332514498975,5.189916746423925,-0.2009279345173191
ALG,453633.381692266,5678642.80258229,51.10701745416904,-0.1777378051684751,4.864765871715311,-0.439930594236074
ALG,453633.595194762,5678641.81947644,52.34915571938121,-0.1166427213987806,4.095147277262075,-0.4971580558047275
ALG,453633.721787492,5678640.89800566,49.62580492076456,-0.0169214361412018,3.575099957022492,-0.2812412715891191
NVB,453633.796244832,5678640.01174035,45.99555537236475,0.1155526867232894,3.648855216430246,0.1916809285591231
NVB,453633.870231554,5678639.20537549,47.95600054448919,0.070293891414925,3.8565570497349926,0.4396830393862946
NVB,453633.935694618,5678638.37676509,48.686702401101385,0.168356916719481,5.124656196182087,0.2147268719704161
NVB,453633.931948893,5678637.54330798,47.011316260977765,0.1974077040624786,5.374441746432448,-0.0170670144654598
NVB,453633.919633777,5678636.69537343,40.991292912322265,0.1765838039454244,5.093431533410084,-0.1404972238667668
NVB,453633.924699289,5678635.83533382,35.21523969705765,0.12169698167948,4.30675738490476,-0.0842091156829728
NVB,453634.042055819,5678635.01257789,33.540053392152195,0.114830205864712,2.764600187363476,0.0151857804035504
NVB,453634.193820621,5678634.22553716,26.101236012777218,0.25747573864805,2.3320588587084656,0.1335810208800944
NVB,453634.354684209,5678633.36308587,19.817515241885747,0.2460635567966445,1.784606958186638,0.3280174928874907
NVB,453634.523823031,5678632.56504978,18.59783441671428,0.2109703512973821,1.2685018829631156,0.4016755842781648
NVB,453634.701308983,5678631.81922192,19.399515303529256,0.1135441742309131,0.9839595949560732,0.1946129792510105
NVB,453634.887488479,5678631.06678665,18.396589653623597,-0.007335720364735,0.7471362824448019,-0.0315881304150269
NVB,453635.082675242,5678630.25447701,20.44303033241836,-0.1591296096841933,0.9880507251600632,-0.2576347622951717
NVB,453635.269305647,5678629.42547046,17.7381272924452,-0.2635101185278908,0.997718373409664,-0.5058390629946563
NVB,453635.403898772,5678628.61502346,15.282595895108464,-0.3038381607298617,0.6707321547099802,-0.5667365049867852
NVB,453635.408702697,5678627.79937297,16.12750000316658,-0.2542030006117367,1.1006286776351537,-0.441487132680335
NVB,453635.38761546,5678626.97136256,16.607557834323394,-0.141518706413588,0.9429155675518786,-0.2347899371783557
NVB,453635.444842237,5678626.07167853,15.247713127713334,-0.0275092553582012,0.9407083632046984,0.1798422693529191
FMAT,453635.510252767,5678625.25194593,13.796433784960012,0.1187888468696603,0.5152065075323232,0.1933428138965824
FMAT,453635.60167209,5678624.42459814,14.190282806280756,0.2182176614938506,0.3421928609671525,0.1621330089774924
FMAT,453635.701203267,5678623.68940879,11.860265704767526,0.2920465049697672,0.3420849456376168,0.2754981799819508
FMAT,453635.82773668,5678622.77792551,12.669673948767407,0.340053031953018,0.3623473901903367,0.2610055177582676
FMAT,453635.841371388,5678621.93236331,13.538086055190648,0.3157909905297093,0.4894475069278389,0.3312290431521215
FMAT,453635.863725798,5678621.0757548,17.411418308168987,0.3039085611396278,0.8727291319623472,0.3816033585554557
FMAT,453635.955680988,5678620.15740926,19.880007905366103,0.2265950670360271,0.8523020678340724,0.2968857968426447
FMAT,453636.055819923,5678619.31901515,25.51063290054116,0.1599878543226928,2.385182500758176,0.1092026400290552
FMAT,453636.155481717,5678618.56163121,27.027308655093552,0.0658945014915403,3.0800809628226515,0.0212470200426564
FMAT,453636.255770934,5678617.69771333,30.92159545607737,0.0433140983092157,4.606317833470887,0.0678524527835281
FMAT,453636.373205424,5678616.86164061,35.548979572985886,-0.069817762060053,6.072433240965356,0.3638424852628829
FMAT,453636.516923168,5678615.97134409,34.48379184717327,-0.1714474276524686,5.63036360340888,0.1936363477716354
FMAT,453636.651568252,5678615.15201923,29.42688685486101,-0.2100201912142715,4.622583668113952,-0.0252717732380213
FMAT,453636.760465967,5678614.29592041,24.729309533930465,-0.2473908990664735,3.605852214033558,-0.4133576083367549
FMAT,453636.860879255,5678613.41091768,21.4926216418052,-0.272082345874911,2.2776301385758457,-0.3773220705573477
FMAT,453636.995831443,5678612.53943557,14.420433583375878,-0.2739956172098675,1.0218654026624878,-0.2835284445797056
FMAT,453637.130790142,5678611.66684373,9.23820732560513,-0.2204694159839173,0.7844284168185578,-0.1548109631700311
FMAT,453637.248348636,5678610.80968614,5.493415320941336,-0.1455176169168185,0.7655583402086226,-0.1678440076471472
FMAT,453637.322472043,5678609.98001692,6.148430816098772,-0.0343923839847034,0.7677900295478466,-0.1413225122533973
FMAT,453637.379286767,5678609.15024575,7.850211179738372,0.0134006187274724,0.6448757113684317,-0.1034095729546472
FMAT,453637.444455173,5678608.37157307,12.686006120089855,0.1020478401255528,0.8000902102301427,0.0349345530683232
FMAT,453637.518513181,5678607.55300113,16.76380225270171,0.1548590044933012,0.9923180153922,0.0939177354919619
FMAT,453637.575386695,5678606.71324241,21.01353643772351,0.1690983408271235,1.7865347426371316,0.2868144047068377
FMAT,453637.62339019,5678605.91005376,24.933529707642805,0.1262011414633336,2.909140263892351,0.3746022454450756
NVB,453637.723489578,5678605.07831798,27.93798960984203,0.0787081802823257,3.123359066995057,0.2175925059644346
NVB,453637.840878002,5678604.25001332,31.78193740154228,0.0833650138024587,3.72213134831448,0.1141692514789535
NVB,453637.975490092,5678603.43623706,34.07688425118894,0.1373404838185178,3.080904602839628,-0.072043699306557
NVB,453638.067118089,5678602.5733779,35.93227784667023,0.1552295605567883,4.120416433095311,0.0871480448259145
NVB,453638.167073614,5678601.76605614,35.54288357828737,0.1527853380111519,4.796226891039158,0.2353846001785862
NVB,453638.283912956,5678601.03096867,37.2709227420989,0.1812172752534251,5.057806729248072,0.321464285014488
NVB,453638.418256995,5678600.26269128,41.13514253920438,0.2173944079768291,4.795371517061569,0.3396746863919509
NVB,453638.595944515,5678599.48246172,43.16025835439968,0.3007295509494954,4.9415332262187,0.2337391141107836
NVB,453638.756414856,5678598.68659401,44.61455922809278,0.2685167051821516,5.041112945724688,0.3121975040603119
NVB,453638.899445811,5678597.91281893,43.58125945335468,0.2201758018359924,5.205336850087488,0.4140905127536142
NVB,453638.93913466,5678597.05187341,44.15981601131793,0.0797103601485366,6.468121007211258,0.3116626190667495
NVB,453638.961214232,5678596.24187346,45.37000419151731,0.0133354650809325,7.063007068214603,0.1574504155492943
NVB,453639.017179096,5678595.55636699,40.59413348735762,0.0408288996197604,8.393236283285798,-0.1580897894931117
ALG,453639.073902072,5678594.742132,39.38926785371079,0.0113240336806817,7.653849725649916,-0.2540995325778425
ALG,453639.165660577,5678593.85707825,35.31336081087913,0.042402052773558,5.0482962763423815,-0.2054644043413028
ALG,453639.248032775,5678593.09626313,33.83246424797151,0.1086563774979401,2.965019991688479,0.0309942393865029
ALG,453639.294689736,5678592.52167855,33.18101980608775,0.1279046041042017,2.363473189207226,0.2677733370795834
ALG,453639.349706908,5678591.99708272,31.9680832060607,0.2166998259548485,2.764357118585916,0.2947025429431033
ALG,453639.430804657,5678591.45266468,28.122353924619198,0.3106251189431367,2.820273789083601,0.334839670809672
ALG,453639.625715564,5678590.68696349,26.92415719901052,0.3739076201471998,2.844668171688595,0.4559518771682853
ALG,453639.950212388,5678589.96086729,27.596616862677177,0.4493602092927016,2.934166079888705,0.4728209804233707
FMAT,453640.464006086,5678589.42232676,24.72025016773244,0.5320797234835556,2.734281353074735,0.5135486257681544
FMAT,453641.029562201,5678588.91183519,22.585409921191392,0.6057796907064883,2.341009396564701,0.584049469432991
FMAT,453641.517556204,5678588.34539847,20.84917357949602,0.6158453906428134,2.159539733926074,0.636453323781796
FMAT,453641.996837011,5678587.78889832,19.16114919053798,0.6423550741689226,1.7324809141457698,0.7005328973735738
FMAT,453642.484732847,5678587.23910747,18.07916477439058,0.6877672536806703,1.595050560676316,0.8204641204059574
FMAT,453642.981394021,5678586.67050216,18.03771631248141,0.7120582014363143,1.1780253001516263,0.9110778785026364
FMAT,453643.521823319,5678586.01781227,18.283763161427025,0.7801655165334506,1.000900653176477,0.900324128232347
FMAT,453643.958080629,5678585.41888749,15.727209780121935,0.8272295303769304,0.8919926919594819,0.9071839865674788
FMAT,453644.463539655,5678584.82591903,12.393500433498074,0.8863509114351816,0.6705747510581621,0.9329236269678948
FMAT,453645.09858449,5678584.27255545,7.448434024180786,0.9134473346640452,0.6751659086938445,0.8938547478548149
FMAT,453645.776371463,5678583.80933465,6.821596058792807,0.8916166545703735,0.5649844114691258,0.936739255942716
FMAT,453646.479369808,5678583.47388546,6.340086158300729,0.8744682468534022,0.510055261107729,0.9359457198336704
FMAT,453647.190702214,5678583.19286386,5.753417478756938,0.8339390385477282,0.5310679878644945,0.8834139396841408
FMAT,453647.919094874,5678582.95411381,5.734510521797824,0.7985407903386695,0.5642942418675462,0.8312378187379191
FMAT,453648.733801845,5678582.75471377,5.732980840482215,0.7461440426816964,0.5373835738959167,0.7766086363521022
FMAT,453649.470718037,5678582.5382091,5.869576131638419,0.6844111364701906,0.4983210107798501,0.7745469215497891
FMAT,453650.103978559,5678582.28780104,6.091066052725968,0.6612982324789123,0.4997059296799774,0.7303428600246704
FMAT,453650.797969445,5678582.01222586,6.184059395751001,0.6193585642706382,0.4745117149599544,0.6403346913422253
FMAT,453651.52673431,5678581.71022094,6.076660508210379,0.5790599742112307,0.5044566183492329,0.5743325524298576
FMAT,453652.307849626,5678581.33638931,5.754531081204632,0.5941397582024509,0.4980560325319818,0.5891499794456676
FMAT,453653.019821912,5678580.94661379,5.717591886124779,0.5733247265871598,0.5300094635610565,0.5697858618975835
FMAT,453653.705733217,5678580.57333128,5.699603428524882,0.5114623405924525,0.6107369244056962,0.5772183196822606
FMAT,453654.417705365,5678580.18355563,5.844573937550516,0.5099417789949381,0.694865874892942,0.5845706382322399
FMAT,453655.155744881,5678579.77617711,5.900549406928139,0.5211574515017594,0.8399633103730246,0.5123101574676983
FMAT,453655.884901356,5678579.40758808,5.58190278240756,0.5014399154095239,0.7651629193302875,0.4327867875932503
FMAT,453656.648407109,5678579.08470164,5.102145316181942,0.5198682270673611,0.7163455680394675,0.5039808048748511
FMAT,453657.420371112,5678578.79515794,5.045266077875612,0.5134808600853715,0.6676695763521925,0.514639380449153
FMAT,453658.192008413,5678578.5611006,4.821060189521608,0.5104229161931013,0.6357247741956518,0.4701723708229254
FMAT,453658.928963143,5678578.33793668,4.818001234225519,0.4873954381409464,0.6114140120003078,0.4282265965008827
FMAT,453659.700606887,5678578.10276946,4.844124506201897,0.4870819563795631,0.5845528225589989,0.4266813483448532
FMAT,453660.480741566,5678577.89539632,4.729833802022099,0.4937727583949315,0.5259647182091117,0.4028655209119661
FMAT,453661.209035334,5678577.67329097,4.47227520198547,0.4946561057276246,0.5195698716320136,0.3948697580666291
FMAT,453661.929288795,5678577.34682013,4.099696712330477,0.4603539454277131,0.4997056590531576,0.3747866578486694
FMAT,453662.641057738,5678576.99144533,4.110081210606116,0.4836256496696992,0.4710792324008231,0.3642043041601563
FMAT,453663.379331678,5678576.54411581,4.143348400048571,0.5024528509407062,0.448625420441205,0.4600256156004778
FMAT,453664.013388168,5678576.15831975,4.153920613496303,0.5021547036858246,0.456571149672427,0.5559925765642167
FMAT,453664.699416102,5678575.76506117,4.009601978974319,0.5361318168241866,0.4275370547424774,0.6052558930438464
FMAT,453665.480490999,5678575.39788661,4.178090880715208,0.5443828940148965,0.464733143433534,0.6119788340156603
FMAT,453666.200796325,5678575.06253755,4.5020348231147,0.5049424070513122,0.4473062788510116,0.5267056962554846
FMAT,453666.929788547,5678574.72169071,4.614211480381916,0.4819941584250748,0.4284829672116936,0.4965396695824998
FMAT,453667.684554175,5678574.41317875,4.682735848683764,0.4970767962926473,0.4373945366050762,0.590717618054446
FMAT,453668.421971963,5678574.11122321,4.772998409055052,0.5184574148484484,0.479859335135022,0.643756384220993
FMAT,453669.211406904,5678573.79403702,4.984707375431436,0.5786849647138498,0.5772546798400072,0.6988993147208362
FMAT,453670.000574001,5678573.52234962,5.173904681103266,0.6023943035572371,0.7317674403818529,0.6820687149554578
FMAT,453670.780805913,5678573.29832953,5.057867852351448,0.5930878316077128,0.6835798339145674,0.6528151529521296
FMAT,453671.595850884,5678573.04122124,4.966593198667025,0.5471161163335115,0.7956510149191175,0.5538706914761569
FMAT,453672.48931997,5678572.6935735,5.6227011498438415,0.4641434524498991,0.9225671272275126,0.4464399113810943
FMAT,453673.16609205,5678572.4023583,5.907209102483953,0.4414420828352869,1.0177875773035492,0.4023485042844701
FMAT,453673.990770737,5678571.9788414,6.191490522438597,0.4316834203925814,1.0815521127255536,0.3463678815182586
FMAT,453674.650501862,5678571.64202533,6.18795337209326,0.3748573700949843,1.0124169173984905,0.3810088499929023
FMAT,453675.353621942,5678571.28548873,6.088701028054899,0.36938715485964,0.9302951166719148,0.3385850582459377
FMAT,453676.108876679,5678570.89374631,6.092401336597869,0.3732381095979813,0.8647699682972078,0.2266959737924077
FMAT,453676.811990092,5678570.53831931,5.979257256072734,0.3725937948137525,0.7297698584318838,0.174247560799218
FMAT,453677.549720607,5678570.18309595,5.814569337433755,0.3328614054308424,0.7368929983431767,0.1929593146796833
FMAT,453678.296007394,5678569.84456938,5.724243317904142,0.2972008630101664,0.7815229086842929,0.4809374819883565
FMAT,453679.050837396,5678569.52495904,6.377015474356395,0.2967956184227975,0.8818751319162437,0.4596837932203918
FMAT,453679.831636737,5678569.20439168,6.730142424051751,0.3075675767136824,0.956603584778265,0.3692952363376456
FMAT,453680.586251133,5678568.92140224,7.165669875579152,0.3092102635635162,1.1203288745061029,0.2882039559627202
FMAT,453681.297548323,5678568.64592622,7.616179342795617,0.2970758774283407,1.152891982299948,0.2331319329129471
FMAT,453681.957122144,5678568.33574303,8.039725285917514,0.2456880414166438,1.1811323201178412,0.1542669500104014
FMAT,453682.686165281,5678567.98601692,8.351389284279385,0.2271570945088872,1.1322502878763094,0.1641053919799434
FMAT,453683.406443064,5678567.6551052,8.633173119801958,0.2021887364505121,1.092818374426956,0.188726851430957
FMAT,453684.196072611,5678567.30462565,8.857111279969072,0.1622015977927195,1.2771694564287943,0.3320167522607573
FMAT,453684.985669443,5678566.95969467,9.175708075462198,0.1705226920313127,1.5019845212319745,0.1802194795013891
FMAT,453685.740511948,5678566.63786423,8.83857157564428,0.2441515168308337,1.6720614092787691,0.1788414823650137
FMAT,453686.477823836,5678566.35366267,8.714167548329492,0.2388277466061287,1.7601714282219347,0.1390735460525744
FMAT,453687.249589597,5678566.09740792,8.669842983052037,0.2493465470520069,1.9937890110897791,0.1445897416973976
FMAT,453688.116728725,5678565.81175048,8.685403824498056,0.2360953532048684,2.1271365150647736,0.1391908609370243
FMAT,453688.879898846,5678565.5454571,8.292338113121641,0.2184330055211843,2.080951572383007,0.2955269517729108
FMAT,453689.634486443,5678565.26690571,8.382403392098208,0.220461933323034,1.8296217407965123,0.3505589332619468
FMAT,453690.302537666,5678564.98673541,8.283320168877541,0.2295787595639696,1.7349177149700048,0.3079659810622381
FMAT,453691.118423256,5678564.58647012,8.53643911645705,0.2667477517278264,1.4202616335739524,0.1779735694324365
FMAT,453691.83892885,5678564.21671713,9.056852570706548,0.2849707675447436,1.0747174370538906,0.2911424812779342
FMAT,453692.594162486,5678563.82830233,9.303570549744032,0.2588889924872826,1.0245795314519202,0.3711656213848195
FMAT,453693.32345931,5678563.43529582,9.167840182756915,0.2438113193317858,1.0935121434980255,0.2533712007380259
FMAT,453694.139853754,5678562.94847138,9.41837446278025,0.2560356976684007,0.981400778121041,0.0876688939517033
FMAT,453694.782607593,5678562.55495565,8.651302825599009,0.2857341768094671,0.9276718444322832,0.1830749811931112
FMAT,453695.537573291,5678562.21203945,8.685957363323459,0.2839885812555645,1.1699167420820489,0.2098849880486742
FMAT,453696.430648414,5678561.93097272,8.807229298717349,0.2870881725475956,1.4533685055436172,0.2919433642639768
FMAT,453697.15905714,5678561.68888895,8.756113915259096,0.3194008997890539,1.777673021231569,0.2733756171024767
FMAT,453697.913506993,5678561.43364108,8.567959109632374,0.3143129356208202,1.8408886963209,0.1850941394082483
FMAT,453698.745962815,5678561.15887614,8.715752400048151,0.2771085974502347,2.026739767161634,0.1574839310133802
FMAT,453699.500941255,5678560.8137401,8.537837545165628,0.2985476802891204,2.170142184032283,0.0828588972485424
FMAT,453700.169409464,5678560.46254633,8.556948510099227,0.2957733080410888,2.0797722869500395,0.2422941393364077
FMAT,453700.821273956,5678559.99140001,8.381821547278811,0.2620131511300032,2.041565797531234,0.2513713736890413
FMAT,453701.412715062,5678559.49326386,7.929013124023188,0.2971686210052737,1.772541048077738,0.2830086070024908
FMAT,453702.116315796,5678559.05460496,8.219390251997321,0.2874952483474302,1.6521865533381104,0.2896567547141878
FMAT,453702.801903021,5678558.7356949,8.411787757262251,0.277850811911758,1.556644172136595,0.224118635354815
FMAT,453703.400849518,5678558.43292174,8.688671881653155,0.2929669589624279,1.5654670777540376,0.2020168125611449
FMAT,453703.982591836,5678558.11229108,8.923995102158155,0.2751969657891281,1.3514361346283414,0.1671370011770784
FMAT,453704.581616557,5678557.79620108,8.716489355852598,0.2575640325121396,1.3480615153288105,0.1406891564162299
FMAT,453705.136253852,5678557.66962016,8.822955177805246,0.2820837381500252,1.3685682362246732,0.1798423183668727
FMAT,453705.655771507,5678557.62828473,8.280259731229481,0.3101294450120603,1.2562123551622124,0.1409089292662767
FMAT,453706.427907749,5678557.30877357,8.381745659555346,0.2956953574703326,1.2046680387383235,0.2345670162317684
FMAT,453707.295913143,5678556.87552011,7.792041347398056,0.2875715634075324,1.071566700519852,0.3636443509905824
FMAT,453708.137055047,5678556.59525644,7.51521349128031,0.2981036567349698,1.0715149021586758,0.3968232457847557
FMAT,453708.891066818,5678556.41435934,7.774057438700905,0.2930368329282461,1.090307441335223,0.3395223256987459
FMAT,453709.575824774,5678556.23638423,7.716548924201108,0.275164432986256,1.2319821676094855,0.3257275859477581
FMAT,453710.372918612,5678556.08792357,7.763691488530608,0.2675301524867233,1.5076054880026886,0.3750336995095909
FMAT,453711.29988527,5678555.93023861,7.60212860934463,0.2934245142686669,1.742735024258893,0.3286171137880513
FMAT,453712.140746333,5678555.69769284,7.64749656842357,0.2987863321390936,1.485768616451268,0.3600638168607512
FMAT,453712.990568306,5678555.41304062,7.681358688646908,0.312958404617632,1.336608375630169,0.3556041066617907
FMAT,453713.719184706,5678555.13544401,7.820861408761012,0.35938524821914,1.1666801010441463,0.5115703206182047
FMAT,453714.34388452,5678554.86833399,7.856672731880152,0.3656162773608501,1.1578440831220982,0.4597920135714817
FMAT,453715.037609683,5678554.63714232,8.02655513337215,0.4201875991529187,1.331699886187344,0.3653710790496602
FMAT,453715.818021079,5678554.38204539,7.94495087104686,0.4298246705998349,1.362200917276714,0.30126934259133
FMAT,453716.598484618,5678554.11807056,8.13875798120403,0.3775765284580902,1.380653840609204,0.3718524155611057
FMAT,453717.327381324,5678553.79275528,8.397617026601452,0.3446897837334566,1.356918620939111,0.4186212599101189
FMAT,453718.117164522,5678553.41563886,8.521784648431291,0.34233400550386,1.2131737539344791,0.3525554317135584
FMAT,453718.768205274,5678553.08431688,8.603733801486618,0.4218722212385941,1.1963054956331145,0.2414373301632719
FMAT,453719.419350359,5678552.73523918,8.702848863195172,0.435973440793765,1.125972860580912,0.2253376454211981
FMAT,453720.165946808,5678552.34344168,8.928470647572441,0.3456685278191679,1.1941296694166583,0.4537279375619645
FMAT,453720.912380082,5678551.97938733,8.765979262640368,0.3181940223830476,1.280172519875646,0.5351515877478553
FMAT,453721.650132918,5678551.61972095,8.65035278649171,0.2711489110939621,1.3799428490278596,0.5119109076607994
FMAT,453722.352994607,5678551.30645959,8.637320441678158,0.2623260007592973,1.4549504859679752,0.5399890308411419
FMAT,453723.038417224,5678551.01529099,8.563778763822258,0.2506001306466534,1.723968365150656,0.4218164463567019
FMAT,453723.697987888,5678550.70510432,9.191227803826608,0.2330323488515889,1.9169976400423083,0.255611343587248
FMAT,453724.392306044,5678550.37292652,9.565530025514658,0.2053692620565445,2.03265884991947,0.0719732876899662
FMAT,453725.121352112,5678550.02208677,9.234621711943234,0.1749666387200149,2.138903375597115,0.1218684687550978
FMAT,453725.789655157,5678549.69863406,8.937196833085107,0.1334232426002356,2.096114001227922,0.2035357751181618
FMAT,453726.466638504,5678549.37079324,9.034603502064622,0.0819847484264927,2.165844882636111,0.1954243205519821
FMAT,453727.169760724,5678549.01314232,8.970500996718444,0.1245785742418827,1.992307290577017,0.1767974086094552
FMAT,453727.85548302,5678548.67092578,9.206009273271803,0.1402458114500559,1.7615335823247698,0.1495560680932548
FMAT,453728.61057637,5678548.30581185,9.345232528544962,0.1850420551676058,1.4280524933555208,0.0859611703715635
FMAT,453729.34822414,5678547.9639004,9.554066938689711,0.159259582772951,1.3374275670955067,0.0020620482859941
FMAT,453730.076728369,5678547.70516767,9.671473851742943,0.1596673034598705,1.446788786047985,-0.0099614557543625
FMAT,453730.831143163,5678547.4554653,9.811601189523122,0.1626254447944363,1.4133491377142795,-0.0938020816516511
FMAT,453731.663805036,5678547.14518559,9.666184345756289,0.1482103720586917,1.305315747863566,0.0476754537396364
FMAT,453732.418487145,5678546.84998419,9.286753869398174,0.1452338573652109,1.3630197243437634,0.2070618176502627
FMAT,453733.155788922,5678546.56688801,9.136867860490922,0.1623707204047455,1.423319639033992,0.2243999963194135
FMAT,453733.945107542,5678546.26856075,8.861120699988547,0.1682133246403994,1.6859434460115752,0.1990470428463737
FMAT,453734.699782956,5678545.97446886,8.7977209029748,0.1971880926516634,1.9740089291370757,0.1721787639358202
FMAT,453735.341542005,5678545.74962861,9.042598944540934,0.175694737840005,1.9376523382281177,0.1692909740776849
FMAT,453736.026689723,5678545.50506748,9.128104003234183,0.1214760558626084,2.016827536210417,0.1229392502437363
FMAT,453736.755728291,5678545.15533639,9.761954972195571,0.1314745736002885,2.048404498403521,0.215443992463606
FMAT,453737.415408779,5678544.82628319,10.436354208886447,0.1250910095618561,2.4221858630877238,0.205631542094188
FMAT,453738.057748079,5678544.50267686,10.527763168996556,0.1427620151006861,2.313040375326082,0.1919659218256031
FMAT,453738.821638281,5678544.11319878,10.17488872406955,0.2083306547648717,2.287154661552949,0.2521031474826674
FMAT,453739.533452847,5678543.74893924,9.615079821514724,0.2454564797057085,1.9873428853562864,0.3309353398995053
FMAT,453740.356696716,5678543.568446,9.587326328527688,0.2445450658963719,1.587526696370828,0.3716234799889701
FMAT,453741.309943571,5678543.35653338,9.72259361100643,0.2570983011416022,1.2541603161821258,0.4616595428773362
FMAT,453742.012725467,5678543.05658703,9.997328426299289,0.2375783695737957,1.1405047056709037,0.4890913169061322
FMAT,453742.620127861,5678542.78715361,10.032319741778704,0.2440557886688891,1.16346109514314,0.5746067729249976
FMAT,453743.40979134,5678542.43000978,10.538357988896491,0.2716752790681093,1.368213006211816,0.4350686307459688
FMAT,453744.138757556,5678542.09248502,10.57021503337022,0.27198429386133,1.4425388275677784,0.2112190495656485
FMAT,453744.824354606,5678541.77135186,10.469185795836225,0.2643705169712528,1.4790778267091134,0.2169749753988227
FMAT,453745.466354273,5678541.50545082,10.018289223706882,0.2466446202405282,1.5170622953105786,0.1525227008642238
FMAT,453746.108432143,5678541.22623298,9.777236005168296,0.2130135770435499,1.553625125897086,0.2011977120282298
FMAT,453746.776361896,5678540.96603303,9.604790329856051,0.2106744481262461,1.3080896252680845,0.2818710701089582
FMAT,453747.296804078,5678540.76711339,9.784569297763468,0.1908870741018396,1.2812065293192112,0.1814069356275037
FMAT,453748.052117442,5678540.36426683,9.462167390306863,0.2044538682954836,1.3426259606192066,0.3015324261339641
FMAT,453748.746694437,5678539.98769775,9.270508964241328,0.1920338865636966,1.4485891691948658,0.3328503115378352
FMAT,453749.397863168,5678539.63417867,8.879834062843678,0.234659266906846,1.5903647719441911,0.2309067721765053
FMAT,453749.97948483,5678539.33351974,9.15153200150282,0.2502897535626157,1.475369369864704,0.1246041858641518
FMAT,453750.587121374,5678539.02413548,9.188266977055337,0.2565762602990083,1.5088238854960174,0.0818496723422179
FMAT,453751.272926519,5678538.66749045,8.70448784521091,0.2519019078360783,1.5826220464901597,0.1856337786877086
FMAT,453751.889197656,5678538.36148612,7.759907227937989,0.1540088229798773,1.584254713872344,0.2177345906871905
FMAT,453752.479356028,5678538.08085298,7.438513721464209,0.1698652122669237,1.6312130950603434,0.2125667541765369
FMAT,453753.112837786,5678537.79159617,7.1887425043853295,0.2054454691634194,1.6604372045195852,0.1999166891124351
FMAT,453753.720167671,5678537.53436891,7.088678410717008,0.2519244182575953,1.4867573953551718,0.2340285000084072
FMAT,453754.301202265,5678537.33358525,7.094048260889657,0.2395266341022679,1.2839307789479415,0.2032815943055889
FMAT,453754.899525777,5678537.13623241,6.447477061026113,0.2170602154738173,1.0061054901864612,0.158000312384741
FMAT,453755.532466275,5678536.93908289,6.329737241212632,0.2127035140490386,0.8997695454006144,0.2602126163152523
FMAT,453756.165491488,5678536.72750685,6.122768923127874,0.2144589917042774,0.8130765599486811,0.3974480792183747
FMAT,453756.764056111,5678536.48909391,6.202603879338403,0.2134915214718706,0.8376992214268305,0.4009958327508794
FMAT,453757.380059582,5678536.22858803,6.461391991628465,0.2279568134067563,1.1091773465309505,0.3533546936797263
FMAT,453757.98751958,5678535.94916587,6.952442557034344,0.2334791017896637,1.300946992788946,0.2801376439177748
FMAT,453758.621216079,5678535.62328758,7.18253523945011,0.2133048358482682,1.470102373399529,0.248388605767556
FMAT,453759.272247104,5678535.29307199,8.057269666345626,0.2009073017663243,1.6576103045189114,0.1598365707047865
FMAT,453759.992486007,5678534.96770195,8.390184329804956,0.175389470534939,1.5495880039367729,0.1346307626742262
FMAT,453760.66927108,5678534.67315007,8.261215340279229,0.1553764154213255,1.3021975102522498,0.1429769442868818
FMAT,453761.372136182,5678534.35877553,7.906892571834293,0.150665072258376,1.2234976970387192,0.1055758585255335
FMAT,453762.005578196,5678534.07617638,7.732042456595577,0.1936742916004728,1.0212526256865155,0.1967463991292114
FMAT,453762.647974254,5678533.7425805,7.624930206420552,0.2203265344052266,1.0196203288840135,0.1741154513899928
FMAT,453763.368336718,5678533.3961253,7.458971546383279,0.2451784798857455,1.066658904513304,0.2233720385362493
FMAT,453764.010432832,5678533.11357683,7.724484039739472,0.2902135852986268,1.0292035575348697,0.3501641756609049
FMAT,453764.626227219,5678532.8885817,7.685377931835314,0.3051835305348258,1.1724160074489882,0.3358008328507946
FMAT,453765.285084239,5678532.69935199,7.863187089708421,0.3049146238897822,1.2177184403318408,0.3247159761505052
FMAT,453765.961412674,5678532.48248067,8.60763997239459,0.2865108074001582,1.2363959557392616,0.3167642259488233
FMAT,453766.655016974,5678532.27125958,9.05261917079252,0.2478944659736282,1.2543013937243506,0.3225185097344472
FMAT,453767.400618419,5678532.04813639,8.85591350241901,0.258317211916285,1.373781769644863,0.2861050669567757
FMAT,453768.111648454,5678531.81704172,8.691794650176908,0.25506756888039,1.5227848242485935,0.2330786123630638
FMAT,453768.883544938,5678531.5374747,8.950103650921665,0.2373591143990016,1.5337221214214092,0.2482449571695605
FMAT,453769.499482437,5678531.28806516,8.876088263148675,0.2582306050818244,1.4763139544762327,0.1786230219151912
FMAT,453770.107032854,5678530.99310588,8.920281512624399,0.2578936284158259,1.1978505774944317,0.2062851171329563
FMAT,453770.663146527,5678530.61461195,9.491024499350493,0.2911313913446732,1.0534987533651687,0.2161360389797951
FMAT,453771.279755147,5678530.25090022,9.62223316051608,0.2920193499108657,1.0280885274684397,0.215215027442005
FMAT,453771.991351871,5678529.92325881,9.617703723429187,0.2963063700011316,1.0681379955631534,0.3609970161702699
FMAT,453772.685574876,5678529.60661298,9.916849640344743,0.3360172498580918,1.1688879819541649,0.3954061920192351
FMAT,453773.345174328,5678529.29087353,10.10255196200454,0.298283629736166,1.187451986528452,0.4380992657270446
FMAT,453773.987360973,5678528.99278804,10.340497469031025,0.2707029520317113,1.5593709127616706,0.4039862460531785
FMAT,453774.672870919,5678528.68607877,11.10764311698324,0.2627378447846088,1.6902794732362934,0.3455875966180117
FMAT,453775.410247628,5678528.38966191,11.975574859087075,0.2975968802780203,1.68584760153675,0.3084838397530668
FMAT,453776.121433479,5678528.13193303,12.215668172524282,0.3134722368929376,1.70040974723167,0.1614975920451396
FMAT,453776.849764865,5678527.90204894,12.158448773473486,0.3252010154503715,1.515807628445804,0.2562528299857748
FMAT,453777.586796062,5678527.66444749,11.618697101185807,0.3254754489777854,1.457182444675453,0.4029993187447149
FMAT,453778.315355416,5678527.39572276,11.364377856514588,0.355290299563284,1.3945919487717602,0.5614489826776475
FMAT,453779.104631255,5678527.10404937,11.538351779685929,0.3118402454553994,1.2854916839369073,0.4974833852236276
FMAT,453779.83315793,5678526.84087314,11.025701564337783,0.3297793705295315,1.1510561780676023,0.4526543179568057
FMAT,453780.492242115,5678526.61280165,10.28860995259824,0.3466362619157704,0.9812641741100676,0.4612305050730366
FMAT,453781.281498245,5678526.32445723,9.52349798047726,0.3174446148169089,0.8951612063063776,0.4697988695859484
FMAT,453781.975459928,5678526.05219972,9.401768060229816,0.2976998031563523,0.9394017634230116,0.5117150887580021
FMAT,453782.678114897,5678525.7733346,9.085860195791426,0.2937291293825615,1.0272300346613878,0.4188760046407992
FMAT,453783.372115576,5678525.4944186,8.814877851888266,0.3004617577095099,1.07994048606274,0.2593931734194906
FMAT,453784.12683922,5678525.19144418,8.118643060408166,0.3502050022097332,1.017048739304954,0.1513433437010863
FMAT,453784.812387523,5678524.87807566,7.701662323370495,0.3584089404648105,0.9513036931818188,0.3150960372854511
FMAT,453785.498320154,5678524.49923308,7.333035432173238,0.3871198567049462,0.8852700784062517,0.3882296207525378
FMAT,453786.132079719,5678524.1622553,7.2614451288364705,0.4206986604445938,0.8753414673484466,0.517658817225377
FMAT,453786.748322279,5678523.86068718,7.229528306715829,0.4529635883522737,0.8271471336960574,0.5307325066665886
FMAT,453787.37327766,5678523.54918225,7.115999680713894,0.4680012686866791,0.8164270251413911,0.5531765636245031
FMAT,453788.024215249,5678523.2345005,6.577488963344048,0.4368489347079326,0.8571994163703341,0.530251823097017
FMAT,453788.727143359,5678522.90902624,5.963678016556609,0.4493415668328764,0.7954676433702101,0.4259477206315216
FMAT,453789.412521898,5678522.62451026,5.929841702733439,0.4106834685328059,0.7937581785198252,0.3023406663543678
FMAT,453790.071664074,5678522.38645042,5.807057288005008,0.384087724637173,0.6600829540004539,0.3028744657355052
FMAT,453790.756866634,5678522.13189701,5.918082276317992,0.3229641290953904,0.5624339762456184,0.261518021508849
FMAT,453791.502870286,5678521.83996836,6.730754531951236,0.330082916767605,0.6218466853278162,0.3408760774817709
FMAT,453792.162403176,5678521.53532463,7.306912468770706,0.3393458574591793,0.6421657239436788,0.3782494172924813
FMAT,453792.735934316,5678521.13806537,7.461983096122269,0.3246257498728179,0.7141369861042374,0.3129731669523127
FMAT,453793.162532306,5678520.70776036,7.7413921616749235,0.3131684812487063,0.7545123298675945,0.3489189318513157
FMAT,453793.520300226,5678520.20824575,8.091283421918092,0.2700446135858029,0.7336704382910981,0.4328094208606921
FMAT,453793.826637753,5678519.62408696,8.621991094006399,0.2643155475566343,0.9093924264220884,0.4512774584450094
FMAT,453794.055041539,5678519.04723908,8.920022841055946,0.254628914998065,0.8979357214212972,0.387276574407563
FMAT,453794.214328678,5678518.45000969,9.645880239907004,0.3261098092293181,0.901671229571191,0.4176558385969081
FMAT,453794.304518723,5678517.82906961,10.343096909555795,0.3681290139460368,0.8703030005043547,0.1615402174966855
FMAT,453794.334226843,5678517.19112802,9.878406553221224,0.3860032887398148,0.870512455873823,0.1660185722530713
FMAT,453794.312231046,5678516.51515086,8.97502855756574,0.3376082467122585,0.8246491853014049,0.3849348817933227
FMAT,453794.2296817,5678515.8343792,8.895998396829977,0.2793389884074131,0.8115628072346847,0.390853463614138
FMAT,453794.06960908,5678515.09100556,8.641926653336803,0.2606531530293571,0.8218138130028109,0.5247796466670143
FMAT,453793.86601131,5678514.39065734,8.706909158953705,0.2621700583874743,0.8286468926509819,0.3977878172861265
FMAT,453793.636405296,5678513.69792481,8.631964261980116,0.372695227162501,0.8754979711749878,0.1707446242335404
FMAT,453793.389614637,5678512.98400583,7.930160451629909,0.2956457325147868,0.8983876178590183,0.0781146865314339
FMAT,453793.14298036,5678512.24345336,8.29172651678362,0.2934301288161562,0.9988946670393264,0.1696611498929664
FMAT,453792.879226582,5678511.47061715,8.877295311916876,0.302102304626245,1.0082387818791625,0.3608524884359867
FMAT,453792.624074973,5678510.70670955,9.37776419483598,0.3287304649568323,0.986252100669604,0.5553349528774818
FMAT,453792.351484685,5678509.96489492,9.513501119073014,0.4164982502278357,0.9000560189725424,0.4410134756816498
FMAT,453792.070298856,5678509.21304192,9.332777110538148,0.384484167707148,0.9175265244088826,0.4606393637775868
FMAT,453791.780387201,5678508.47334513,9.752942002875969,0.3675869242565204,0.9109003388840948,0.3667979575965349
FMAT,453791.499168914,5678507.72704075,9.704049815965323,0.4490018441880132,0.7510061070071582,0.3354981585108987
FMAT,453791.209250856,5678506.98845365,9.124059208600723,0.429968648937336,0.7153749204954799,0.53222996458139
FMAT,453790.937201524,5678506.15453149,9.713467309657805,0.5197626430774276,0.5911241408277174,0.5397652748816352
FMAT,453790.674151727,5678505.26184449,9.453898824429508,0.5107288669669536,0.7179627177374095,0.6874702324821372
FMAT,453790.427902306,5678504.45581793,8.895038539977188,0.4770390548646845,0.7154153724309821,0.6354807087575908
ALG,453790.156048581,5678503.58860387,8.942084227959114,0.4629251417275363,0.8507931265964477,0.3584403067745813
ALG,453789.92689924,5678502.8181902,9.03275948986414,0.4391922779834659,0.7942880698782264,0.312246017520116
ALG,453789.654374638,5678502.06527818,9.406234172675711,0.3721899640599019,0.6931036089608411,0.2180488248543951
ALG,453789.373111187,5678501.32674181,9.020133028525684,0.3932180062931114,0.6954581319908653,0.4652897529854496
ALG,453789.083284781,5678500.57261843,8.37307762397485,0.4348091775426,0.7351452526046027,0.54541723917678
ALG,453788.793419344,5678499.82515341,8.131115886857215,0.5483450091416926,0.703214199762413,0.5837567051806776
ALG,453788.468735164,5678499.11188675,8.353683024593996,0.5382017748188753,0.7301715096192102,0.5321619275879688
ALG,453788.117971148,5678498.41844277,8.667327286291272,0.4780838462773731,0.7697617299643585,0.6362183434895642
ALG,453787.767565504,5678497.6639637,8.425531562723393,0.4994166827281167,0.9333641620922102,0.6007588031923858
ALG,453787.400411783,5678496.81394634,8.158097130455355,0.5246398208146646,1.0354649066680903,0.5250880639830672
ALG,453787.024851502,5678495.92170845,8.32668216371901,0.4433018025105636,1.1495648662737683,0.4767154856728327
ALG,453786.648489971,5678495.16596718,8.769771037236135,0.4227264088456565,1.300533619029025,0.4178642655416931
ALG,453786.271861403,5678494.45572476,9.16263423303548,0.3888975688330226,1.399981915897056,0.2841119480158932
ALG,453785.912795398,5678493.70230453,8.931515160760911,0.3988959842275879,1.4357540833489968,0.2976543060954413
ALG,453785.562468363,5678492.9345086,9.562854531803362,0.4213348809401887,1.332538134177048,0.3671900737845868
ALG,453785.263766931,5678492.21806503,9.56503774994384,0.3555931281552124,1.4288322761997134,0.4537709151113091
ALG,453784.982575927,5678491.46732148,9.38214165182566,0.3612317154129099,1.3955995537134895,0.462659645509339
ALG,453784.719234146,5678490.62457204,9.196076758803107,0.4819712018116048,1.2618351272936037,0.3563769118419618
ALG,453784.507693838,5678489.8032123,8.625780735906224,0.4297948776890796,1.1854529514960472,0.431762380245779
FMAT,453784.296231762,5678488.9685358,8.34344659623874,0.4394167661960906,1.2597558258746522,0.4775845924212005
FMAT,453784.041368429,5678488.15579982,7.942954856252639,0.4101632827889436,1.3045238325049175,0.3753437003229442
FMAT,453783.760275425,5678487.38841028,8.444122692368122,0.4690940199144482,1.0670972452899192,0.3572479003976755
FMAT,453783.444780691,5678486.58419645,8.06274632960511,0.4683938979352409,0.8278100405463283,0.3280294164763842
FMAT,453783.12905147,5678485.81993283,7.709442136102943,0.4705668384407526,0.7184739623300845,0.5312684038060093
FMAT,453782.804316282,5678485.11554374,7.141650037134245,0.4705028438377548,0.6462857921289068,0.5227764310101788
FMAT,453782.43632972,5678484.40757139,7.118880885320726,0.5307525322038278,0.6802611656068569,0.6767295475247607
FMAT,453782.06834974,5678483.6984893,7.310462563143917,0.4592776632436016,0.7574287611733201,0.5867943056547138
FMAT,453781.735071305,5678482.97518396,7.911915045402636,0.457644769983659,0.8970709713752888,0.5658365144486838
FMAT,453781.453848409,5678482.2299889,8.023908619917231,0.4019456501936613,1.056363052438816,0.3661802725028492
FMAT,453781.207098987,5678481.50941112,8.594614288622145,0.3729798059691845,1.042612181234175,0.2641441868666136
FMAT,453780.986116715,5678480.82227763,9.573995161110398,0.3037646557330634,0.8658084061067004,0.2420244607413379
FMAT,453780.635230399,5678480.14991813,10.695915704957846,0.289456295278062,0.8088488350012007,0.2135111764352239
FMAT,453780.214315692,5678479.61253902,12.286123073410495,0.2594252704544467,0.8765995342633149,0.2629411631394092
FMAT,453779.732365601,5678479.15248519,13.310034979969414,0.2578806017540395,1.1681733603925477,0.3671016961897687
FMAT,453779.197975667,5678478.77979502,13.841430454136834,0.3018423704060565,1.6086427847881544,0.3903817527746275
FMAT,453778.619721874,5678478.50783605,14.561568867799606,0.3497701291574851,2.149274150511936,0.3183358847466229
FMAT,453778.058118366,5678478.34806127,14.670172199901748,0.3536859757851223,2.3712127063092643,0.2740975024998401
FMAT,453777.513256347,5678478.28493449,14.43075873722382,0.3282062665402819,2.4390071623113987,0.2502924801108998
FMAT,453776.976533736,5678478.30952705,13.631880860114451,0.3116557070303428,2.557078822643808,0.1833299875445105
FMAT,453776.370030233,5678478.42693025,12.864401590384412,0.2460729880973115,2.5149491388946243,0.1225697878942526
FMAT,453775.832349684,5678478.61465287,12.576125906058016,0.2165695140141074,2.315626221173739,0.111329200071359
FMAT,453775.311488751,5678478.88570674,11.915331500859285,0.2105511367711027,2.3293201028716557,0.152485734584431
FMAT,453774.798825804,5678479.23449241,11.50930287309635,0.2233136475016209,2.1069854037073075,0.2290820127897488
FMAT,453774.337657855,5678479.65682507,11.359263743965398,0.1785247291714177,1.8993329104848635,0.1403044563076714
FMAT,453773.919467556,5678480.12934959,11.067767630321509,0.1621961247392735,1.720621666267047,0.1095405984976592
FMAT,453773.509501292,5678480.67516701,10.73293320723221,0.1289366672959891,1.5642803611214782,-0.0071922750478643
FMAT,453773.099300361,5678481.26093464,10.548283966383067,0.1209461581392088,1.586037442534055,0.0427435792695891
FMAT,453772.680666754,5678481.80892066,10.80601855398395,0.1327461867552568,1.6592807501070257,0.1259081417464607
FMAT,453772.218644818,5678482.37662766,10.113395456236558,0.172609790480216,1.6226784841319817,0.0144069188832019
FMAT,453771.747883898,5678482.95871027,9.43907481772096,0.1567188140946206,1.707562207266725,0.0091715857384005
FMAT,453771.224963127,5678483.58043816,8.80450886524459,0.1700137950810599,1.719819530105925,0.1379276996819476
FMAT,453770.667321216,5678484.21971838,9.011278453100145,0.2200455514706904,1.7191963571734836,0.0853894512931683
FMAT,453770.101403022,5678484.79458346,9.15204751882574,0.2227855008886667,1.8872487251880004,0.203386005496637
FMAT,453769.526954377,5678485.34831283,9.295638866227575,0.223386088205812,2.103614313359477,0.1921983599494473
FMAT,453768.883030932,5678485.94269551,10.102098868321306,0.2617939015460769,2.311846215358864,0.2856068324750672
FMAT,453768.256656932,5678486.49611984,10.315506024401133,0.2648967646426378,2.728935860075953,0.1797609891690726
FMAT,453767.613104797,5678487.02724788,10.200615904658486,0.2481117800214468,2.746627856818189,0.2749739243516033
FMAT,453766.821812009,5678487.66293602,9.695409371539617,0.2371924608376319,2.326580593036753,0.1780313111960124
FMAT,453766.108765372,5678488.23804647,9.091699168610972,0.2303033841189656,2.051845424153957,0.1642320673888926
FMAT,453765.413131318,5678488.79550284,9.406845040159604,0.2622543479172892,1.9096209275948384,0.2378883042045611
FMAT,453764.743518433,5678489.3431241,9.832382630715902,0.2788646316435791,1.7467021653359376,0.3543406715206286
FMAT,453764.10814421,5678489.95531288,10.482250979891116,0.3268816706829013,1.8033947475418015,0.4922286101072405
FMAT,453763.542120834,5678490.54793316,11.232164773312498,0.3658346745177536,1.9488063795851276,0.398607609102269
FMAT,453763.019400981,5678491.13525891,11.589208844249605,0.3065363576576224,2.2378913954009136,0.3621781866738176
FMAT,453762.479040208,5678491.77907913,11.85047378303851,0.3091303234985635,2.202396689657395,0.2141395736510593
FMAT,453761.930044699,5678492.41951929,11.646929485758706,0.2717093078064629,2.489177857047842,0.099898816883128
FMAT,453761.312219605,5678492.99074955,11.304115185631694,0.2474194820873344,2.609579259839159,0.2861702440909779
FMAT,453760.607761104,5678493.57700763,10.976180706605245,0.2375126224280151,2.5086421993675847,0.2236249189553815
FMAT,453760.085151647,5678494.1454678,10.206940854802772,0.2478486488647024,2.418230417343858,0.1970545060676705
FMAT,453759.536325267,5678494.75705484,9.988718590158824,0.2109339393579733,2.532615956062155,0.339021425367558
FMAT,453758.918154319,5678495.38710055,10.00461063843432,0.2115266972457434,2.5076880345761,0.218447843071064
FMAT,453758.343456401,5678495.9829988,10.779732352533278,0.265605142139782,2.702382627529973,0.3136744289194502
FMAT,453757.760038999,5678496.58994346,10.75243250995068,0.2458768298369646,2.426566527902379,0.2853750985783848
FMAT,453757.194223282,5678497.14705196,10.75514809162083,0.2809523164623549,2.446551960932667,0.364447775850264
FMAT,453756.645918,5678497.66986051,10.967515132501015,0.2885144952848137,2.2744683206706746,0.3525560823111404
FMAT,453756.002135999,5678498.23982812,10.522347142333368,0.3341698526799603,1.9068571019308127,0.3336449647829071
FMAT,453755.367118943,5678498.79098112,10.959008066955375,0.3471120398074513,1.7937297056745949,0.2579664341548552
FMAT,453754.792909462,5678499.30364946,10.79025102170172,0.368940282055236,1.5233546749326827,0.3104221470773944
FMAT,453754.183933111,5678499.84163815,9.49573522586027,0.3610554898131825,1.368782177427072,0.3434200516504503
FMAT,453753.50527312,5678500.45579133,7.763521059275999,0.3882098354603557,1.686396367066647,0.333922727424237
FMAT,453752.852777771,5678501.0356954,7.5597408147035985,0.3936264308847573,1.4133308621601672,0.3731416020970549
FMAT,453752.209053897,5678501.59567514,7.43709674490299,0.4304531560938746,1.4827495445813854,0.3856956238144678
FMAT,453751.574062386,5678502.14238892,7.162766998659357,0.5074534488732875,1.1410405022727308,0.6192308705379097
FMAT,453750.973824571,5678502.66600174,6.887647096856616,0.4899230583468281,0.7918137557945782,0.6201539331857566
FMAT,453750.434329187,5678503.16222722,6.538538385023996,0.484494036024497,0.8123306934284791,0.5980717121988411
FMAT,453749.868779804,5678503.67383632,5.451246263408727,0.4965103040778335,0.8158143982946555,0.491661499344258
FMAT,453749.233364154,5678504.29268228,5.127106347486996,0.4620308814114772,0.8422720148271626,0.5158982921930554
FMAT,453748.745793858,5678504.78921273,5.116988240305607,0.401323239319221,0.803676479852794,0.610748982623697
FMAT,453748.153394832,5678505.45159227,5.609341816299765,0.355219490973542,0.7561859619559665,0.5418763285855607
FMAT,453747.587440874,5678506.03200439,5.927791168286709,0.3182432242241127,0.8857296253994672,0.2291221552051933
FMAT,453746.995882795,5678506.55122883,6.186736356586558,0.3242081925786689,1.1114973827482668,0.1927301011537174
FMAT,453746.387629135,5678506.96603704,6.198364278065495,0.2583266694126485,1.1894542709316178,0.1635639284179082
FMAT,453745.7449411,5678507.34956939,6.507253900849931,0.209082801435593,1.2503003826980854,0.0478189307383313
FMAT,453745.111324556,5678507.6621299,7.444596942627563,0.2103679120126669,1.2647149265087134,0.1672562743878
FMAT,453744.37358342,5678508.02068873,7.640098861123109,0.2386082196066926,1.2029152283492237,0.1818660916091423
FMAT,453743.817443945,5678508.40361972,7.611789203936576,0.2327746479385428,1.2875413496952957,0.3140796143273707
FMAT,453743.200392286,5678508.84279086,7.398597488397364,0.2588290207892333,1.3101826976839417,0.3254747152788826
FMAT,453742.59199478,5678509.2820128,7.420641004424531,0.3223347619834518,1.2535833122511044,0.3816449553041579
FMAT,453741.923265445,5678509.67870902,7.081453032763823,0.3844000075379903,1.088212075624561,0.3973712796739234
FMAT,453741.176478473,5678510.10380042,7.12545190274124,0.3433842356209811,0.936121924539048,0.4329832465181869
FMAT,453740.490981824,5678510.40828733,7.187491277452228,0.3621994114408734,0.9582051687423956,0.3241914334065839
FMAT,453739.779548532,5678510.70818268,7.307037054445035,0.3256156351872308,1.093646292706577,0.1864949562687006
FMAT,453738.998881382,5678511.0076711,7.397261602883398,0.2797549485218825,1.2262844439343532,0.1822299673464912
FMAT,453738.218351129,5678511.28385514,7.508010837029706,0.2450288677323452,1.2072751237910535,0.2429483045161256
FMAT,453737.446533743,5678511.55010241,7.121049722240622,0.2692401034135467,1.1784747702397818,0.29621272805176
FMAT,453736.717641773,5678511.87541953,6.705413280485142,0.2456019091093171,1.1548633221097324,0.303900482501347
FMAT,453735.971552163,5678512.18176947,6.331085750552516,0.2465501026258611,1.075857342731313,0.2445783559140553
FMAT,453735.208049687,5678512.50577327,6.032316533916356,0.2324746676621871,0.9694919950891272,0.296619536441462
FMAT,453734.49668122,5678512.79457086,5.928943012762535,0.2086813332114563,0.9831755177925914,0.3029275909649305
FMAT,453733.777043289,5678513.01784354,5.718349882746896,0.2201061409392803,0.9868756428902667,0.3175318861543582
FMAT,453733.005356027,5678513.26189579,5.818398470172784,0.2241374054276899,1.0851187201100527,0.3374234189137295
FMAT,453732.225060144,5678513.49812901,6.190249586584455,0.2748138304647413,1.0386306161445151,0.2911921912720119
FMAT,453731.453424964,5678513.73330329,6.823446408489515,0.3566384302093542,1.1790636144453297,0.1750481247934981
FMAT,453730.603647296,5678514.0112991,6.73554564128393,0.4126938590495413,1.29910498644448,0.1715556816334427
FMAT,453729.892180676,5678514.31674221,6.620469151009814,0.4104240480090196,1.2689661618265384,0.2538006394345248
FMAT,453729.145979669,5678514.64195689,6.891378459818564,0.3682645392199542,1.1841300542041762,0.2852686868087495
FMAT,453728.374037698,5678514.92928812,7.056799263598764,0.3353756579443996,1.1967450424128043,0.2654390090808472
FMAT,453727.619423697,5678515.21339183,7.114560171698376,0.2968596710000935,1.0694842441751145,0.260390536606391
FMAT,453726.864731363,5678515.51081221,7.294097611164086,0.2917702143295204,1.1385960372693915,0.3070304649467992
FMAT,453726.109993307,5678515.81600061,7.193301338836981,0.2804367373565726,1.162297950162104,0.2762455596631329
FMAT,453725.363981182,5678516.10903281,7.243230484784531,0.2530505439171201,1.2226665084285613,0.2825742945292409
FMAT,453724.635721065,5678516.32670513,7.508676212502467,0.2377216221331464,1.3204726873338184,0.2617363171892967
FMAT,453723.864157132,5678516.54967165,7.721612280089772,0.2346218506848499,1.4311889458328182,0.1440209391352047
FMAT,453722.82460555,5678516.72112314,7.974023876695681,0.241334874839295,1.5733565692759568,0.0880645001763804
FMAT,453721.888943848,5678516.88652665,7.933737847947126,0.2433418707287576,1.468132144223248,0.0493317095318189
FMAT,453721.177652772,5678517.1620063,8.148323077216089,0.2571921630083154,1.6509698089068117,0.1946417645939466
FMAT,453720.448883549,5678517.46623708,8.385164055861477,0.2557976698104173,1.6666299394274338,0.2171044357398415
FMAT,453719.719664097,5678517.84703907,8.367638764421994,0.2419945502205317,1.622252718900465,0.2413266283389566
FMAT,453718.955605808,5678518.26536824,7.958417429466488,0.2327256925885389,1.4630504119371637,0.1937904054349662
FMAT,453718.191684453,5678518.66039304,7.554004517835297,0.2492926146972428,1.3648456695323998,0.245345452302484
FMAT,453717.264089428,5678518.92572247,6.894972438150898,0.255139979772218,1.3194672507544782,0.2314583988125013
FMAT,453716.319172824,5678519.19316948,6.557302647157201,0.2653815819634039,1.2269065380483872,0.2627660552406606
FMAT,453715.590383646,5678519.50072899,6.925423904314879,0.3043404817857476,1.0262574324454456,0.2985557360360188
FMAT,453714.852972801,5678519.80268891,6.961683663608674,0.3470404021130948,0.9584276192376204,0.2025865046045911
FMAT,453714.020880793,5678520.01642045,7.075843456995293,0.369825740775227,0.9067603268976534,0.2161763317004435
FMAT,453713.154132647,5678520.23660672,7.089818711617315,0.37586129139045,0.956007756662112,0.2201574687928138
FMAT,453712.339238088,5678520.46930524,6.820247595496211,0.3307107284908702,1.1413295949948987,0.2576986457629449
FMAT,453711.662400152,5678520.7727308,6.536397257611123,0.3017994058122487,1.1939308752821784,0.295380147951236
FMAT,453710.985483856,5678521.08947305,6.335196181191772,0.3005329611735904,1.2348850705850465,0.4234162711973667
FMAT,453710.204462164,5678521.44888398,6.113194680568897,0.3213258829788871,1.2252255681388726,0.4697530265328203
FMAT,453709.501485155,5678521.78211936,5.954807502605435,0.3745100106136951,1.2182938846786462,0.3339263068123372
FMAT,453708.885115719,5678522.10476632,5.869844951911297,0.4271590482371948,1.244049735726809,0.3785460607022844
FMAT,453708.181975445,5678522.4657448,5.865511769197846,0.4800227616673034,1.0860725110254663,0.4580776931624353
FMAT,453707.504987075,5678522.79469377,5.586462335656624,0.4986793396254289,1.0609857507413982,0.4803018589573674
FMAT,453706.889478923,5678522.97085638,5.565693492598468,0.4874955890350054,0.9404286731409026,0.6091765375096959
FMAT,453706.196063013,5678523.14989007,5.398910792041046,0.4708295505559449,0.8097181299893722,0.6215274914361375
FMAT,453705.606785094,5678523.28070639,5.186751483892316,0.4877253454913487,0.7696549669782662,0.6193525707752993
FMAT,453704.991413912,5678523.43356454,5.259476011599828,0.4947436780156155,0.7121971260207621,0.5400799974924118
FMAT,453704.392163369,5678523.78849507,5.434866570938615,0.4888940667965845,0.723371460797747,0.4815069324711964
FMAT,453703.810195146,5678524.14796626,5.473954372702278,0.4557932201793841,0.7942325840018579,0.3656704406469711
FMAT,453703.202375103,5678524.48841932,5.551678151699202,0.4411627145108288,0.7619776459901666,0.3366966286882323
FMAT,453702.422096757,5678524.72132041,5.7690860918262485,0.3855262144508234,0.7857871697515081,0.30478808574237
FMAT,453701.633262025,5678524.9375246,6.339701091685508,0.3724020567688418,0.8359498123227016,0.3091782148125632
FMAT,453700.905268016,5678525.10969586,6.818467718062434,0.3589067111547648,0.966698681544689,0.3976539637134774
FMAT,453700.142578682,5678525.29498019,7.201069220835119,0.400999707404202,1.1439112544842158,0.4049276095030938
FMAT,453699.336272166,5678525.53882556,7.257203504338209,0.4234739993191105,1.3007263232620512,0.41151436657625
FMAT,453698.581871468,5678525.78630545,7.612462579726685,0.4433631029279267,1.414147382056893,0.5147867701988268
FMAT,453697.879246044,5678526.05961445,7.986544500835016,0.4592694652979961,1.3716365041330152,0.5370535642549651
FMAT,453697.176581405,5678526.33958176,8.094421917432914,0.4354894049445926,1.4614875215124097,0.467960627864774
FMAT,453696.482544849,5678526.62403883,8.113155890799106,0.3885501960315068,1.5706627008556189,0.4179242692879317
FMAT,453695.675781143,5678526.94556484,7.898336563898455,0.3917116484234252,1.654464700401418,0.381807442553451
FMAT,453694.929681932,5678527.25302063,7.804775249434182,0.3091657128337333,1.8563874199683712,0.3666109190042217
FMAT,453694.166169729,5678527.5781302,7.805228313789469,0.2488213666520687,1.8905394639536588,0.2940734433376384
FMAT,453693.445987439,5678527.89350669,7.741641622318993,0.2394400671080243,2.0222152687339228,0.2441204474379415
FMAT,453692.725818143,5678528.20666365,7.790689592670955,0.1893934128486176,2.161249125985901,0.1663307359385994
FMAT,453692.005740182,5678528.50428434,8.184440303554904,0.2010926961641638,2.130338586044869,0.0112708404439636
FMAT,453691.277314755,5678528.74969681,8.634937955006055,0.2207010327057509,2.0586381050797,0.0460539442941927
FMAT,453690.574976054,5678528.9741771,9.020950785332806,0.2057039929611398,1.922642590086773,0.2014664764162801
FMAT,453689.05757789,5678529.45909667,7.789477019995799,0.2567304746489105,1.291125420017171,0.429544959012297
FMAT,453688.3119613,5678529.68443191,7.628816974893183,0.2966813195953749,1.2366260249981862,0.3826316955224445
FMAT,453687.549055762,5678529.90633608,7.5207869468245425,0.3072746128120474,1.0896865084917762,0.2926468265890752
FMAT,453686.777384939,5678530.14705464,7.059186289100743,0.2972053021636436,1.0810352868835105,0.3383750658666195
FMAT,453686.074732587,5678530.42480151,6.691018073667648,0.2808156867618178,1.0373354328510975,0.4342190199567714
FMAT,453685.328606547,5678530.73669532,6.324747056191861,0.2910962542017025,1.0225908070722791,0.4092181905514993
FMAT,453684.608312605,5678531.07093638,5.924541253205178,0.3138008579372203,0.9431895858454172,0.3887924850006993
FMAT,453683.835858055,5678531.4448221,6.23946352712994,0.3258059048017552,0.93636729869486,0.3949441671519043
FMAT,453683.046134114,5678531.81194753,6.006060817080778,0.3576689369106144,1.0033390200300394,0.3680646410465428
FMAT,453682.274136487,5678532.10815209,5.830070898983016,0.3657544512240081,1.116210265773237,0.3424600972460209
FMAT,453681.502158387,5678532.40102739,5.666727668810087,0.3919584076128274,1.1503485231760944,0.313249387167525
FMAT,453680.747599736,5678532.67513907,5.540690804344873,0.4430835200874265,1.0901460033769512,0.2410463513797975
FMAT,453679.967130519,5678532.94022008,5.725034698486025,0.494731554131154,0.9017053286488288,0.2778055602218925
FMAT,453679.212695831,5678533.19324676,6.197009225788985,0.4992683444395004,0.7265456358455714,0.3961233392179524
FMAT,453678.501662946,5678533.42433343,6.221805781753385,0.4699874358944373,0.5863897382956673,0.4902801320704257
FMAT,453677.686589635,5678533.68699105,7.061595438879157,0.4326302215136273,0.5172760506335468,0.5650916184742234
FMAT,453676.966850165,5678533.92690448,8.48541184729352,0.3276874386149955,0.5862026798632358,0.5521147130137085
FMAT,453676.238410685,5678534.17453502,9.315300617941698,0.249150726793485,0.686939848824183,0.4890053490466313
FMAT,453675.492414499,5678534.46423333,9.8531375377066,0.2314819989215016,0.8589610791949024,0.3281338323296394
FMAT,453674.824443667,5678534.73108562,9.945557733357454,0.2434938385625006,1.305742519741351,0.3033451626405286
FMAT,453674.095736286,5678535.02421484,9.725905111262934,0.2493834400525722,1.6798648879214666,0.169580219918958
FMAT,453673.280584287,5678535.30018876,9.600907835923898,0.2482546360468085,1.8291581978178395,0.167450576697164
FMAT,453672.552092315,5678535.55669679,9.29938413523141,0.2058746148353206,1.7138224123907009,0.2372593760467601
FMAT,453671.849497743,5678535.82445483,8.45400204418593,0.1756422596562786,1.682691795295954,0.1964340965461995
FMAT,453671.1209273,5678536.09427948,8.873033568038604,0.1913250848966961,1.8059219988343604,0.1875809447275666
FMAT,453670.43553664,5678536.37989492,9.282416496826237,0.218022876549637,1.9355938686521164,0.2357072873068261
FMAT,453669.732830888,5678536.66651817,9.012095905098956,0.1961113623380224,2.108128314224457,0.2310808777589879
FMAT,453669.03897528,5678536.91990043,8.846643583731716,0.1861250452372473,2.336023654735996,0.1846599865479226
FMAT,453668.362480388,5678537.16450667,9.203781242924856,0.1649723583628589,2.329563048337975,0.2633049311522895
FMAT,453667.677239756,5678537.42459811,9.393540893874334,0.1901578028849757,2.242892032212573,0.3310007021797586
FMAT,453667.009242273,5678537.69588866,9.022757122232512,0.2255545502138339,2.3371837010667367,0.244417044179769
FMAT,453666.315197062,5678537.98145282,9.103542401045228,0.2542444975410487,2.155076707212754,0.2019170611681633
FMAT,453665.577534332,5678538.32557783,8.662160762414972,0.2538811358016568,2.037780111938988,0.234026176517227
FMAT,453664.848695625,5678538.64090077,8.174871969410967,0.2414969020915729,2.0488244870050867,0.3470822609484049
FMAT,453664.025130347,5678538.87576283,8.173496172100439,0.2367207259036072,1.8547632733036865,0.348201847244432
FMAT,453663.236175513,5678539.1119383,8.377210693660299,0.1994653938451635,1.7538921386678794,0.3678666686377295
FMAT,453662.524795394,5678539.40183915,8.716019615171563,0.2282915613584303,1.8435728950167445,0.2615384928367981
FMAT,453661.761378627,5678539.71029967,8.699762633015869,0.2113262266998627,2.0599127619509625,0.1517025723171182
FMAT,453661.093459131,5678539.96827298,8.644643747636842,0.1639620578145897,2.1508065504969998,0.0871050366232522
FMAT,453660.616593054,5678540.11528441,8.860763683369296,0.1328556058242662,2.1778821552984478,0.0393551973163886
FMAT,453660.009664851,5678540.30370133,8.99781269448348,0.1046394173699189,2.1277067731700714,0.0399366011968816
FMAT,453659.315926189,5678540.53710762,8.804987328018306,0.0500444524774358,2.2700532568551965,0.0355830894555869
FMAT,453658.6049051,5678540.76597304,8.959603259487968,0.022980196241626,2.177818865410511,0.0636718594461693
FMAT,453657.84197148,5678540.99231325,8.701604682189206,0.0568556615631543,2.006962730692922,0.0910209877736956
FMAT,453657.009627351,5678541.24820848,8.954475039991475,0.0525494959195238,1.8910717471632144,0.0377860732285123
FMAT,453656.246582574,5678541.49341392,9.367332456224444,0.0767972965046218,1.7651427920885316,0.1181752436678093
FMAT,453655.561478352,5678541.73020002,9.46806810930008,0.1168344827989973,1.7104947389624134,0.1529453955503161
FMAT,453654.850215306,5678542.00012506,9.048173740019548,0.0844216919511436,1.614253174393034,0.1120594699442653
FMAT,453654.164601386,5678542.32346987,9.019482968763246,0.0895308285177751,1.716785574234808,0.0273322433003198
FMAT,453653.392327194,5678542.66628022,9.031201712283451,0.1400028395059906,2.0260471356911536,0.0731474505415729
FMAT,453652.681050919,5678542.93842453,9.089348328146524,0.1855130942955731,2.361019436720164,0.2443203582089524
FMAT,453651.995828854,5678543.19518543,9.664122267029072,0.1759442885146412,2.421286113119933,0.2899105657089692
FMAT,453651.267276628,5678543.46167906,9.416554554934557,0.1529704177225958,2.5612133897179743,0.2735317715157832
FMAT,453650.512741963,5678543.73134894,9.065501183673382,0.1334882777536008,2.3573456095642644,0.1890259769445741
FMAT,453649.792915776,5678543.98568637,9.08193833373711,0.1049136751179427,2.1295860927910795,0.0756417623342994
FMAT,453649.029844362,5678544.23533003,8.8238712594039,0.0963264025608504,2.1869891565311352,0.0041042055632038
FMAT,453648.370813547,5678544.45340299,8.617026199856578,0.0888850619580331,2.053185205281882,0.0745408471179319
FMAT,453647.442892842,5678544.77310094,8.27846938274143,0.1265760773165984,1.742252142439961,0.0565649231594596
FMAT,453646.662891751,5678544.95827819,7.938640613058507,0.1210913440837784,1.8151854056994352,-0.0593546761560919
FMAT,453645.927011443,5678544.99944544,7.986162980737886,0.1339983121970217,1.644326787850433,-0.0487704601403376
FMAT,453645.235062456,5678544.92878484,8.202809166114184,0.1480718026964288,1.7348360221356849,-0.0054124976697502
FMAT,453644.509058423,5678544.76248365,7.855493132768877,0.1575947909611935,1.7548736770316724,0.0789656003460705
FMAT,453643.964983455,5678544.56507049,8.04046348653226,0.1436397191014056,1.7467769898442471,0.1608217852217596
FMAT,453643.507849774,5678544.30047347,8.049401773998781,0.1200168746829931,1.7467537959774908,0.2462977650659266
FMAT,453642.973964865,5678543.84232496,8.17411757965048,0.1091573563383987,1.6896875456346487,0.3070053534109906
FMAT,453642.604517524,5678543.38403501,8.78496855812078,0.1432857202301366,1.8274026210159733,0.3068379176395139
FMAT,453642.270347324,5678542.81386631,9.07899955954413,0.1793252737178807,1.956482562224565,0.3171257628142396
FMAT,453642.031909924,5678542.15326045,8.966524667828722,0.1866921101767353,1.9528675970219704,0.2497900216247485
FMAT,453641.905834163,5678541.51773115,8.80642068092597,0.2086160526555242,1.7490565786583914,0.1242182639781713
FMAT,453641.883668349,5678540.87282588,8.180859609948262,0.094505505965385,1.623701689114059,0.1610358334550357
FMAT,453641.974099387,5678540.21304696,8.31602955104345,0.0931715918827254,1.7104038518858289,0.1657785081952854
FMAT,453642.142477548,5678539.54373916,8.551120332379833,0.0945596484418552,1.723970543064015,0.0239366328502492
FMAT,453642.380122412,5678538.86929043,9.202805781626934,0.0865612502631004,2.032546933569561,0.0686735405262628
FMAT,453642.634984254,5678538.21047982,9.369801025480102,0.087038435267105,2.2641118778498237,0.1047668693855149
FMAT,453642.881263687,5678537.53941123,9.710635536596252,0.1342049671104911,2.581012495008144,0.1138862995802404
FMAT,453643.119209038,5678536.81391496,10.039507539059446,0.1183870434711203,2.829486622447909,0.1350697386201501
FMAT,453643.313870014,5678536.09038331,10.030838944504255,0.1119339631019219,2.8409594760477725,0.2126505275649147
FMAT,453643.474920332,5678535.19574959,10.163696682252906,0.1794362763029252,2.727288171115234,0.1901027022675446
FMAT,453643.540035392,5678534.42595461,10.14413521285564,0.1995604816271361,2.500677834429784,0.1833770136153482
FMAT,453643.597097413,5678533.55401363,9.631735589998325,0.2342718845018481,2.4378776741069,0.2229172987648638
FMAT,453643.654165955,5678532.68096291,9.517150554231492,0.264689922306733,2.2594595031634737,0.2482772183469435
FMAT,453643.659583463,5678531.76099781,8.913989241615567,0.2247156164328609,2.178897577060403,0.3042683389114871
FMAT,453643.622723054,5678530.67209913,8.733120225147855,0.2803273390072759,1.9381650242723008,0.2472599155938719
FMAT,453643.56782224,5678529.70738813,9.29443042618736,0.1867786078161358,1.82233370659264,0.1998416629082585
FMAT,453643.313971824,5678528.72485904,9.813499550361575,0.1476635770471975,1.7808809415124005,0.0950580119393827
FMAT,453642.861165342,5678527.72562155,10.183053158330146,0.1842146056218819,1.8260239762154116,0.089940973607166
SGAM,453642.788354934,5678526.86290366,10.068556950349656,0.1290263389230339,1.7858806543085814,0.1677996596868556
SGAM,453643.009076465,5678526.12287898,9.92094285843833,0.1098596812381355,1.6506755722710131,0.3092643108130243
SGAM,453643.29993373,5678525.23011944,9.336863893167877,0.127628685841434,1.4934939282682849,0.3140760981563829
SGAM,453643.669724698,5678524.16026196,8.604036996627256,0.1744258449042917,1.4624508915364678,0.1712529671776898
SGAM,453644.066086035,5678522.98735258,8.039613434455536,0.2435661127865505,1.5201282271707293,0.1333318461585173
SGAM,453644.512379546,5678522.15321622,8.117865383553644,0.1775573639080561,1.8104396431880372,0.1697555233551417
SGAM,453644.957542436,5678521.5110629,8.528367631286514,0.214742901479562,1.93874540061403,0.3492830684596199
SGAM,453645.203572855,5678520.88216391,8.852530504867266,0.2239809637234777,2.023243107685369,0.2548116279307169
SGAM,453645.258798345,5678520.32205667,9.273166297287675,0.2553991137667078,2.1180396027672965,0.2335265657902361
SGAM,453645.209676357,5678519.84567728,9.453166688550748,0.2614818278819529,2.1221932391079856,0.1791320143309877
SGAM,453645.073665675,5678519.42760389,9.238349749405364,0.2635328057099392,2.1953418678697,0.1602745033352575
SGAM,453644.825711953,5678518.91343131,9.00986119313574,0.2317077633654111,2.4701537890557885,0.2001774760853937
SGAM,453644.466220388,5678518.23435637,9.22139075385226,0.1965948531122747,2.4293211630173825,0.2687429189265284
SGAM,453644.106957609,5678517.51644089,9.306282446966646,0.2008596578020013,2.330380783929628,0.2364237541502523
SGAM,453643.790939917,5678516.80321914,9.463220023397716,0.236317577075912,2.269508447399264,0.2915475956587348
SGAM,453643.526880349,5678516.0847545,9.626786025222732,0.2315440912192823,2.3824946355745715,0.2743760646171816
SGAM,453643.399890022,5678515.60458723,9.658585367998276,0.2351145444083039,2.255747405313438,0.187247759880731
SGAM,453643.358553247,5678515.27585271,9.887988270569926,0.224246769637406,2.289218269497587,0.1560976610783666
SGAM,453643.30105819,5678514.751704,10.015181864740024,0.2428835817689709,2.291941808627166,0.1366027442115175
SGAM,453643.236300884,5678513.9911321,10.2232835250006,0.1931391953295254,2.214681099478445,0.2020535470732025
SGAM,453643.188133188,5678513.35273228,10.050658539911838,0.2072675887213561,1.9336364759659028,0.2270084700608698
SGAM,453643.147456482,5678512.91191515,9.927616187127857,0.2027259393632723,1.930523542292007,0.2391083815494686
SGAM,453643.115473217,5678512.46449061,9.8175236873018,0.1343439420568653,1.8986828964492035,0.1850135948178111
SGAM,453643.110099618,5678511.90735582,9.961644163251714,0.1205280088910907,1.9542109071989455,0.1656380183479203
SGAM,453643.122269732,5678511.31037271,10.314448433953052,0.1019053098365895,2.1234691671846804,0.0100267660201617
SGAM,453643.33626445,5678510.24292706,10.305627439041173,0.0798130107295995,2.331055583077566,-0.0375246565264253
SGAM,453643.672882101,5678508.92761566,10.84259759245187,-0.0636283010929027,2.8118289884837373,-0.035494723842776
SGAM,453643.687038826,5678507.99327501,12.287765026371831,-0.0671942593063027,3.1340102399049186,-0.0245780542778122
SGAM,453643.466348717,5678507.25841925,13.330701803048974,0.0322246882227491,3.044840781305115,-0.0911672253862312
SGAM,453643.202309122,5678506.53662541,12.998759242917748,0.0494851962300799,3.2864979999531228,0.0024489162060856
SGAM,453643.032851698,5678505.91970667,12.718638709798304,0.0164281818018777,3.5710752783905577,0.008804672047014
SGAM,453642.975252182,5678505.4133136,12.824336843912215,-0.0051805478655042,3.4046988128636246,-0.0139151339665342
SGAM,453643.300536089,5678504.55294003,14.003293565541028,0.0010302733558312,3.480373112039187,0.0488946953745449
SGAM,453643.912631174,5678503.48672896,13.51367001141767,0.1395810885379639,2.683493672782053,-0.1156638435790399
SGAM,453643.911622928,5678502.18829534,12.101176281627668,0.1488247167723478,2.2572648184132493,0.0469693372642733
SGAM,453643.444143176,5678500.74173523,11.772592308147743,0.214704675227558,2.207364727341304,0.2727952601301843
SGAM,453642.830280452,5678499.16890933,12.047875935353964,0.2380162779530459,2.313582929133864,0.2442262164367538
SGAM,453642.761587547,5678497.60706227,11.84149622385362,0.1930361480254205,1.9430814201893605,0.2199663382130097
SGAM,453643.134808319,5678495.95459717,12.0452789208068,0.1777343682912307,1.6888795061615915,0.0661766675456402
SGAM,453643.210348399,5678494.88411662,12.383198950444394,0.072941703294287,1.592996752859983,-0.0142503739874362
SGAM,453643.093751016,5678494.10881243,12.497589103687222,0.0670180064093171,1.5139066000989865,-0.2683126394962794
SGAM,453643.037569726,5678493.36160821,12.018163338170634,0.0340364867625925,1.3855399848528371,-0.14704725374148
SGAM,453642.981440731,5678492.60552616,11.362592287051571,0.0389357693236127,1.148544234491919,-0.0236806270453216
SGAM,453642.925814955,5678491.763995,10.65932428882278,0.1139676602493306,0.9205724215727006,-0.0295951248655569
SGAM,453642.878418612,5678490.99464716,9.604360566625072,0.190259439543129,0.7989874477849518,0.2552239992391321
SGAM,453642.847984319,5678490.28421688,8.403164239808849,0.2929260805135064,0.6364701193955874,0.3676388688528629
SGAM,453643.102949198,5678489.60765057,7.404153406786291,0.4256390129639092,0.5694600835316982,0.4867220853934633
SGAM,453643.487465656,5678488.97623785,6.731426635666732,0.4465794902191004,0.567840631658227,0.5088392923726758
SGAM,453643.776328384,5678488.42194553,6.335899922668496,0.4441768937640495,0.5455717975025347,0.5519462826906836
SGAM,453644.065106118,5678487.88207968,6.372507019839785,0.4803621046692441,0.5490325900556402,0.5799948172697023
SGAM,453644.128619747,5678487.3841682,6.785264466700986,0.5170032678042797,0.5722266950586141,0.6155875506772356
SGAM,453644.166379891,5678486.8505925,7.040059250532414,0.545550376679322,0.5849664119486353,0.6354375128610424
SGAM,453644.47095636,5678486.56717591,7.550253429135549,0.5445397537845077,0.6390024972433458,0.6629693334926448
SGAM,453644.852708293,5678486.40517841,7.872595013736586,0.5388837924247138,0.646800645965772,0.6636090309768354
SGAM,453645.243003316,5678486.26209724,8.801968825555663,0.547575015720509,0.6653998493632646,0.6313176154159836
SGAM,453645.591118644,5678485.93343653,9.680462463654344,0.5732112151493364,0.7128038592894543,0.6503017582059963
SGAM,453645.939501869,5678485.55927693,10.759626561004511,0.6024837305053163,0.8858055735546976,0.58518806893372
SGAM,453646.427567679,5678484.97952313,11.57215227331328,0.5629297126889209,1.0246504456916865,0.5264266995075247
SGAM,453646.93294181,5678484.39987122,12.751185435370695,0.513481974103919,1.0833182942318345,0.5777169735783779
SGAM,453647.307575016,5678483.97703637,14.09409117813782,0.5042702743702323,1.132171752926068,0.5393258865804216
SGAM,453647.673371017,5678483.58522295,15.42441671376592,0.4737872731018093,1.251669448327933,0.3039987640345766
SGAM,453648.073705352,5678483.20693009,15.968207578661488,0.4388264771167642,1.2035777461849329,0.1923992077715523
SGAM,453648.527029926,5678482.64805718,15.199282130783294,0.3449560410528055,1.2485213562837183,0.1093850721915589
SGAM,453649.006454242,5678482.0660328,12.929789369713552,0.2609739003651586,1.3072422909673778,0.2777462417242642
SGAM,453648.803745842,5678481.21697701,12.535726965504878,0.1700011481327331,1.3981172678003988,0.2933982108262751
SGAM,453648.506168093,5678480.31187423,13.485566932630698,0.172169086289331,1.3873317061704862,0.3632591248403801
SGAM,453648.958603802,5678479.9039244,13.9836889852735,0.1353940539024467,1.357039017797048,0.2222478040659974
SGAM,453649.686601397,5678479.73064823,13.937267765063014,0.0914403004243872,1.390631333418662,0.0842597543765334
SGAM,453650.517965727,5678479.6401034,13.361125361040456,0.0771592084375021,1.4590931987987048,0.0555301149041911
SGAM,453651.228909704,5678479.42344575,13.288943981376343,0.1048352215722939,1.3674561531222276,-0.0376147683949209
SGAM,453651.905171536,5678479.21768151,13.2978062622317,0.1010442230971584,1.2837131893325278,-0.0216197424356553
SGAM,453652.615520856,5678479.10200906,12.195008376969191,0.1270775619707733,1.248990724286234,-0.0225043759742029
SGAM,453653.28242279,5678479.01604446,11.505757663254688,0.1698891888693936,1.181667635411926,0.0264161285596885
SGAM,453654.546614136,5678478.90807174,10.37330203422514,0.2758812486132549,1.1847989737361189,0.1563520143866491
SGAM,453655.23076561,5678478.83219643,10.174594752637509,0.299891715480042,1.23301760620159,0.3659123744790904
SGAM,453655.932375715,5678478.7308992,9.7851785539211,0.280902652572267,1.109684607761321,0.4867867434299034
SGAM,453656.642862127,5678478.59192208,9.124165046046764,0.2409129410896112,1.119746478586888,0.3392847120106191
SGAM,453657.353446509,5678478.43629897,8.327593499349907,0.2299378416717491,1.0497704715906315,0.2351241047963307
FMAT,453658.046866207,5678478.25615986,7.834620562346071,0.1761269042670446,0.9258812492368697,0.1075585036243122
FMAT,453658.723186552,5678478.04040748,7.479188119554356,0.1598005827273599,0.8546796130360849,-0.0736508179693757
FMAT,453659.399709376,5678477.79025344,6.806554335094384,0.1544977854998152,0.7351263694748592,-0.0794976275350997
FMAT,453660.145733517,5678477.49500803,6.349386911699469,0.1186055842537113,0.541922554985728,0.1262794133248947
FMAT,453661.499151294,5678476.93144512,5.9046204502763775,0.1285549386499159,0.5057089636366386,0.2740490790481867
FMAT,453662.149495796,5678476.71775907,5.618098703051589,0.1807260084473965,0.5231431252383328,0.3972124536740073
FMAT,453662.860543693,5678476.48334471,5.764485368434649,0.2672606632265548,0.5265106265917942,0.4381199991505782
FMAT,453663.641177791,5678476.18941247,6.04873529725777,0.3814981948470214,0.590289862564117,0.3768661859835857
FMAT,453664.335178511,5678475.91050695,6.342348749174136,0.4025142174263185,0.639867906398522,0.3369019719728041
FMAT,453665.054756342,5678475.69722819,6.397058828930695,0.3695561169143267,0.6175659566268429,0.3783491284472413
FMAT,453665.800283633,5678475.48632163,6.352469458581027,0.349721354869985,0.5472179550347674,0.5387806786183845
FMAT,453666.554445475,5678475.27879514,6.567255929567872,0.316922266821609,0.5606010215762944,0.7678878157019294
FMAT,453667.282664311,5678475.06778657,6.735920184002026,0.3096389686541125,0.6360808810070104,0.7694630895533424
FMAT,453668.010902702,5678474.85344874,6.651469429780304,0.278514616279734,0.7326802890927607,0.5406951355712222
FMAT,453668.670005539,5678474.62205743,6.321889405012281,0.2863578742700715,0.8285126349135961,0.4317887499651885
FMAT,453669.329147528,5678474.38400769,6.315737566150874,0.2920466332164726,0.8616297108461957,0.3971788252948823
FMAT,453670.031573465,5678474.14399311,6.362571154290158,0.2477339707597116,0.8355487374425501,0.248965025841878
FMAT,453670.77745969,5678473.87205101,6.451841232856535,0.207068096226766,0.8032385672517002,0.1328047226554242
FMAT,453671.531882485,5678473.62013488,6.399641074843441,0.1518110461647943,0.7999315290336166,0.1782374365348169
FMAT,453672.260231652,5678473.38693128,6.342152512790402,0.1690143952035321,0.8227311271772393,0.3235240889315315
FMAT,453672.971311591,5678473.14696737,6.470640134231778,0.1514270939723631,0.8243030443878148,0.3141457842237478
FMAT,453673.682502509,5678472.88813801,6.818280372752308,0.1757500513592395,0.9755865964318092,0.3164275256716873
FMAT,453674.385143691,5678472.61150199,6.936424706598497,0.1972773173738696,1.0803616845195612,0.3432348253666033
FMAT,453675.070659313,5678472.30369165,6.846055815099292,0.1813149656372908,1.1232567360255667,0.4366398098395048
FMAT,453675.712845195,5678472.00561416,6.656134023594226,0.1739779129692397,1.110198936087087,0.4284636358250219
FMAT,453676.37205858,5678471.75535682,6.442938943689053,0.180977778008309,0.974636423145889,0.3989763060081034
FMAT,453677.187295356,5678471.46384641,6.592493173838534,0.1490960738204689,0.6639120605265945,0.3253400467190347
FMAT,453677.924376693,5678471.21737647,6.533398482181219,0.1456832010668225,0.6223988354866108,0.2343390731964471
FMAT,453678.661686542,5678470.93206595,6.663982586410766,0.079500993928717,0.6949432414593065,0.1014766053766028
FMAT,453679.390289914,5678470.65558226,7.087921175623117,0.065840052774223,0.8402213705391937,-0.0710465451216409
FMAT,453680.187610812,5678470.46717448,7.761460725166281,0.0706278603792988,0.8574356038473945,-0.2044520037023326
FMAT,453680.941575878,5678470.29293847,7.824478564785874,0.0225098505179348,0.9964340759538453,-0.1666557942348374
FMAT,453681.626803725,5678470.03395563,7.886278402490172,0.012769707587259,0.9811802732183714,-0.2159362891069044
FMAT,453682.346778846,5678469.75298183,7.781711363414205,0.0211690331048147,0.9903234385130776,-0.2247625760557957
FMAT,453683.118816112,5678469.44900919,7.863875111695309,0.0633143395452618,0.8250645324833282,-0.2662701633371993
FMAT,453683.786839924,5678469.17216866,7.443278048723441,0.1003588714532978,0.757029194910676,-0.3215526543898781
FMAT,453684.437574922,5678468.89189705,7.026971334244228,0.146735319621496,0.7002799062662385,-0.2347336181559271
FMAT,453685.079799337,5678468.58716043,6.9189060517195,0.2183205801220131,0.6558649001202611,-0.0204690425117789
FMAT,453685.765314181,5678468.27934915,6.572070425852469,0.3008988349824765,0.7109260192712148,0.2005907453699137
FMAT,453686.55441142,5678468.01764771,6.66552242568416,0.3915366745890837,0.7938937806202829,0.4300798654414181
FMAT,453687.29149213,5678467.77117689,6.301465265820776,0.4626522994276706,0.8582816258101776,0.5239819110166621
FMAT,453688.002571087,5678467.53121163,6.164839825825642,0.4971142110173665,0.9979859652248848,0.5145938738390528
FMAT,453688.722278062,5678467.29573614,6.393936413378471,0.4325242636785101,1.0798038699012544,0.5385857835485439
FMAT,453689.424611352,5678467.07125604,6.792559427127716,0.3647975957631783,1.0533410754580048,0.4104171138400778
FMAT,453690.196067031,5678466.86604858,7.02562182685095,0.3128633065769003,0.9683255822326868,0.3489819367418047
FMAT,453690.924258314,5678466.65947674,7.366579014411917,0.2428411472306782,0.9249643579841468,0.2017778512202858
FMAT,453691.653017527,5678466.35635844,6.97382335822777,0.2000846155562562,0.9855739691563772,0.1649168207886549
FMAT,453692.329779813,5678466.06514162,6.971337642955185,0.1603709690993336,1.0658326715401392,0.1306913292194372
FMAT,453693.006829287,5678465.72509668,6.935008647710829,0.1132984791451146,1.1092578303500815,0.121747327431139
FMAT,453693.701226223,5678465.37849512,7.526289429952435,0.1581401874276193,1.21856732881319,0.1923547173478477
FMAT,453694.386609884,5678465.09287768,7.764551286390452,0.2232807806261579,1.196354401419315,0.1657831652586348
FMAT,453695.106708111,5678464.79081788,7.913403984424688,0.2681587085496387,1.226693510696692,0.1863116405545591
FMAT,453695.809354322,5678464.51307023,8.099537136766825,0.3304519997887999,1.2446235080823589,0.3112654349996053
FMAT,453696.477194483,5678464.26730103,8.028204755847437,0.3593181083106148,1.2919744430183568,0.4722035510069307
FMAT,453697.179677408,5678464.01729649,7.673804985837922,0.3838655041873828,1.2648615272336188,0.547452724991563
FMAT,453697.977473692,5678463.7478767,7.385256440408769,0.405939244629418,1.2113679454555213,0.5464600786049119
FMAT,453698.705892931,5678463.50246365,7.418710200037881,0.4524673022758555,1.0715768773379315,0.5000069131119609
FMAT,453699.425886406,5678463.21815911,7.776881076787724,0.4341705434424008,0.8669772816947506,0.389875877781639
FMAT,453700.197915826,5678462.91529453,7.872454867685555,0.3787927290026754,0.7742369940747609,0.3097492647810563
FMAT,453700.917883084,5678462.63542878,7.5822204317296285,0.2797150726492261,1.1387474806992886,0.3354189746740788
FMAT,453701.559779983,5678462.38617726,7.363144049724037,0.2957290309574588,1.3035770241417877,0.3595465862235333
FMAT,453702.236358803,5678462.12603201,7.339525355492224,0.3287707606254456,1.552112008157801,0.3947355401127545
FMAT,453702.904126759,5678461.89246928,7.241975757342704,0.3411808827411574,1.5303715788547394,0.4409718475158031
FMAT,453703.589209543,5678461.65789857,7.341577698430591,0.3474086868419461,1.367233021523166,0.4723028703557035
FMAT,453704.421413193,5678461.42419305,6.79274677432956,0.3180190308502364,1.2307232249975602,0.3814469836824505
FMAT,453705.184318164,5678461.20117756,6.748665307412596,0.2494617063145996,1.1409389642509618,0.3902372944230645
FMAT,453705.912612933,5678460.97684869,6.853646912283329,0.1631604951059695,1.0024025586066196,0.26266340822557
FMAT,453706.571863563,5678460.71993046,7.108418959648331,0.1270063028896812,0.8133092160546999,0.2411481385450051
FMAT,453707.265848298,5678460.44324062,7.028474522495106,0.1179429807061798,0.6554397551110327,0.2080337549906938
FMAT,453708.055231155,5678460.13270897,6.775700767658087,0.1608373806237638,0.6434380613081319,0.1129512786521459
FMAT,453708.766654642,5678459.83392621,6.399458354590045,0.2293568195018938,0.6069822637367536,0.0762863078612832
FMAT,453709.486732243,5678459.53519429,6.182460076795256,0.3198081017706655,0.5860910770144232,0.2995512524256949
SGAM,453710.241517825,5678459.22112966,5.984156964629617,0.3966908262726833,0.5188804415789371,0.5521011904588842
SGAM,453710.935678487,5678458.91447683,6.1412205901066965,0.4792067673590208,0.5242387343459973,0.6500152625901475
SGAM,453711.534545366,5678458.62391009,6.338128686342823,0.5513382084026335,0.5269419201228737,0.6679416304131863
SGAM,453712.193945693,5678458.34146762,6.531303842611227,0.5731129774738155,0.4219350649016766,0.6829947929755149
SGAM,453712.965817521,5678458.06523529,6.832248081453346,0.605737231432722,0.4273599017814718,0.6724190041079543
SGAM,453713.59022914,5678457.8458437,7.355199212175719,0.6140168291014491,0.4518982312811049,0.6992193907439224
SGAM,453714.388337423,5678457.52315528,9.086916838808923,0.5527340754633365,0.5572698810202469,0.7031810682471342
SGAM,453715.116690308,5678457.288838,9.311322251557865,0.5388390382798681,0.6229353381975463,0.5498882973897588
SGAM,453715.809963209,5678457.13310786,9.196124202506674,0.4875750691757303,0.6469416365960069,0.3644065202802142
SGAM,453716.459958726,5678456.97823297,8.986270526488491,0.4528478899133613,0.789463694309374,0.2029483591316566
SGAM,453717.144890597,5678456.76918484,9.139558053512358,0.3631757164034075,1.0671939489117397,0.0593981563769787
SGAM,453717.925866459,5678456.41643162,9.296209358566196,0.2784476833877641,1.2486525443660057,0.0313881887791767
SGAM,453718.585494724,5678456.09514811,8.17869164897957,0.2148060750947835,1.3550147824908665,0.0516168428759832
SGAM,453719.210480181,5678455.77809995,7.293573179909081,0.1790849131449235,1.4632059181233603,0.057534980518618
SGAM,453719.92219644,5678455.42937839,7.147084534380379,0.1588568600632834,1.455750974572188,0.1268453949287634
SGAM,453720.633853915,5678455.09064434,6.826189344548115,0.1851019188158836,1.327382970586264,0.3963684537602325
SGAM,453721.310757664,5678454.77501101,6.783749546802196,0.2223794189982389,1.3125882244603222,0.477977491787988
SGAM,453722.022167102,5678454.47844652,6.578366258573797,0.2819742053657871,1.205416495147089,0.5582691750667693
SGAM,453722.724707031,5678454.21845215,6.172429892840489,0.3465768496583494,1.08423715543768,0.4928441917394117
SGAM,453723.453157209,5678453.96748817,6.087177113894597,0.3481239581143383,0.898638601058741,0.5042222144900438
SGAM,453724.268168534,5678453.71370369,5.557656866918666,0.339183342428898,0.8918925728937921,0.464909049932546
SGAM,453724.94438703,5678453.51459157,5.228778865971568,0.3116530062656592,0.8521601853374399,0.4246145577998014
SGAM,453725.681347709,5678453.2880923,4.896267493080507,0.2579503494886229,0.7402522965157526,0.371225335799946
SGAM,453726.461768338,5678453.02966518,4.843158949412291,0.2596076600999319,0.7357352442254608,0.3529755010662418
SGAM,453727.181492364,5678452.790857,4.624749739932076,0.2524878085609158,0.7148715853370899,0.4759757741030413
SGAM,453727.901157638,5678452.56203632,4.413742295290219,0.2223565536078018,0.8145806240476091,0.577599807732954
SGAM,453728.594253727,5678452.43626773,4.465721278685729,0.1879620281662272,0.7934911754167444,0.5252124477969382
SGAM,453729.28670401,5678452.42036224,4.550777465756456,0.1663959379432094,0.6990198166260438,0.4172035117849205
SGAM,453730.006036512,5678452.24813754,4.629819829965165,0.171670754032622,0.6645461404258792,0.2430267620505518
SGAM,453730.717393201,5678451.9604501,4.630805653057966,0.1476090647172706,0.5777043831858847,0.0968356082951066
SGAM,453731.394178856,5678451.66479103,4.530147839804143,0.1410092365430061,0.5365572958405527,-0.140241698708382
SGAM,453732.149288919,5678451.29523786,4.476324432478283,0.0774757908327192,0.62191228802714,-0.1956835135018962
SGAM,453732.826341889,5678450.95407979,4.60735576069758,0.0542637182897648,0.6503399707109495,-0.0839135062406581
SGAM,453733.512042437,5678450.61408225,4.447758740182455,0.089619367809196,0.6285717448397311,0.1895310058678366
SGAM,453734.215005585,5678450.28195448,4.085329082939816,0.1859280518887571,0.5848443971194706,0.4408890860061239
SGAM,453734.89124961,5678450.07840259,4.176606314642677,0.2918863726745671,0.5421331712480201,0.4957462946693564
SGAM,453735.532472593,5678449.94345039,4.331975520130847,0.36489437333696,0.5654624313986036,0.5554497998823543
SGAM,453736.148170059,5678449.73399372,4.653760636908082,0.4982757822265104,0.6049748464779194,0.6663644738058374
SGAM,453736.78146278,5678449.47581065,4.889084997259968,0.5184239367529712,0.6556707746311375,0.7192216300493602
SGAM,453737.475504127,5678449.18913061,5.187205365905797,0.5180100738586175,0.7447186611175425,0.5996614929900381
SGAM,453738.281658155,5678448.96969542,5.639935720200319,0.475506498771808,0.9162619050685114,0.5119349619138949
SGAM,453739.148260797,5678448.77281074,6.022171763785647,0.4213509813732953,1.1307045708705823,0.4117332070944155
SGAM,453739.911509158,5678448.49097627,6.147302561816112,0.3916882008567356,1.2713729962653153,0.3449238804221682
SGAM,453740.605674211,5678448.18321111,6.001572344601944,0.3489907621186335,1.4088320708164486,0.2943412163180889
SGAM,453741.28253742,5678447.87423445,5.657159126682401,0.3397894256349162,1.2586428596703891,0.2240576313088994
SGAM,453741.959517956,5678447.5452826,5.564600431929295,0.3093028619075853,1.0704213545139147,0.3568710738569266
SGAM,453742.800249178,5678447.33270875,5.806508373407633,0.2896196271576274,0.9330036725313786,0.4147744442293173
SGAM,453743.770407931,5678447.18637162,6.152706875800625,0.2804219946147179,0.824616262101661,0.3722344553437377
SGAM,453744.766476944,5678447.04906476,7.296701940073317,0.3272784723545361,0.861408155065101,0.4161506296329131
SGAM,453745.564230693,5678446.78629855,8.097987774712724,0.3643295115692022,0.8223129386771061,0.4371298099570184
SGAM,453746.249845546,5678446.46072638,8.429135773195197,0.361539862233426,0.7631232476693679,0.473239020217633
SGAM,453747.152505367,5678446.01879416,8.461042592627372,0.3543874303660734,0.819063951866195,0.3972528776204501
SGAM,453748.506504685,5678445.35423104,7.3304943172322465,0.3092145621352833,0.7420340233900756,0.3913283659741484
SGAM,453750.007128823,5678444.77487148,8.074483906744106,0.2165122823973559,0.7282982600707709,0.4546233218503285
SGAM,453751.506520465,5678444.40525039,7.885724721824228,0.2971626362000886,0.6343384058853542,0.3898415963421086
SGAM,453752.632394734,5678444.26981495,7.742575573196514,0.4156910788722602,0.5428673806555594,0.493002224364731
SGAM,453753.566886634,5678444.30193958,8.464853580659545,0.4309452135489184,0.5131854177665108,0.5642445543295754
SGAM,453754.500570119,5678444.47167047,8.75727845743505,0.4316331053195545,0.6275920074193444,0.5216621159587068
SGAM,453755.079016164,5678444.71033939,8.780610092371036,0.3789143049423682,0.789016944629292,0.4465896777104707
SGAM,453755.475372994,5678445.00786596,9.2878733752225,0.3229873358726486,0.9486155813302962,0.3514560753424151
SGAM,453755.904338509,5678445.64739235,9.906592547593013,0.1844353951875753,1.307751729956378,0.1342318065416252
SGAM,453756.194250891,5678446.38598086,10.041593674052857,0.1600273098332048,1.571703391185526,0.0181396718473945
SGAM,453756.216845916,5678448.43252414,10.97795921392948,0.152387949094004,2.051433540706748,-0.0314512336350237
SGAM,453755.855942959,5678449.46581666,11.054233841615185,0.1502101793783179,1.915717626435712,0.2175798106458257
SGAM,453755.218387177,5678450.44976389,10.710510390121769,0.1832613780219124,1.5786585480065505,0.3052265662836199
SGAM,453754.339440551,5678451.274706,9.804637797079518,0.2523503381090705,1.8243647953335955,0.3421486369143017
SGAM,453753.219944096,5678451.79748789,9.601810376937674,0.3165546763686682,2.068207713647781,0.2085325604365232
SGAM,453761.709248931,5678485.8073402,9.605032149572375,0.2020639153812658,1.3878442061391212,0.3441201567173647
SGAM,453760.480515895,5678485.77237846,9.77579886590579,0.2559865401050185,1.6826520968897198,0.3840267938871106
SGAM,453759.442996568,5678485.59870911,9.937488642763636,0.2499308281251571,2.093627308785172,0.3445580584543567
SGAM,453758.268861513,5678485.10906326,9.729834709898812,0.2815617727948182,2.217775601332898,0.2547744740430215
SGAM,453757.060129378,5678484.61588469,10.019073505527704,0.2776721502780739,2.1527282978021693,0.3459279521690117
SGAM,453755.722960031,5678483.88779055,10.19031877220921,0.2753057792454313,2.046544350932518,0.2431889051587221
SGAM,453754.403360097,5678483.11540873,9.758027426077682,0.2997195061452352,1.765022902635467,0.1385145432877552
SGAM,453753.093040502,5678482.23654356,8.883606434366285,0.2849390501910496,1.8897767354533808,0.3801122453758921
SGAM,453751.713148628,5678481.4149773,8.532591584534789,0.282718572587823,1.8916182241074344,0.2440187358811668
SGAM,453750.332800633,5678480.67109181,7.868657634299501,0.2682312589727909,1.973398429627481,0.4063424582180182
SGAM,453749.047088255,5678480.02320209,7.5748325206626035,0.3008970074769853,1.780949874850836,0.3043307503058591
SGAM,453747.864528686,5678479.49466331,8.454671559772644,0.3320113873666747,1.9897639803969984,0.2688736314565306
SGAM,453746.517337533,5678478.99955978,8.46757420458555,0.3017233953581503,2.017040971604335,0.3457239424554383
SGAM,453745.230465036,5678478.54920114,8.154129045622303,0.2774425874525589,1.8377855532891048,0.2947265636843468
SGAM,453743.85767029,5678477.99290952,8.340182488194285,0.3108815603339259,1.86774846193409,0.2022002687226866
SGAM,453742.277905591,5678477.3111075,8.70215019805298,0.3461348206908686,1.9596745342058808,0.3068709217018774
SGAM,453740.853257873,5678476.7423032,9.098897356476138,0.392652843744372,2.004709426869604,0.320873955196622
SGAM,453739.480691999,5678476.1471703,8.967127483852543,0.4404225686891976,1.8741289978437152,0.3367425431321924
SGAM,453738.100169974,5678475.43324532,9.064034181785647,0.5673994974472192,1.2580249386432707,0.6972783164604118
SGAM,453736.657927551,5678474.9131666,8.946743085302455,0.6203321296626095,1.3981121198857551,0.7246493514473877
SGAM,453735.188620507,5678474.58047918,8.643990667980631,0.5920832201327239,1.5400764270516378,0.6769591157905521
SGAM,453733.639854014,5678474.51477834,9.393625450081846,0.5544939074219306,1.6607961578575348,0.5953750025654607
SGAM,453732.169855765,5678474.29972161,9.787940412647323,0.6028624136147146,1.7269900268978224,0.6892024611549803
SGAM,453729.245602331,5678474.13604396,9.284439275431051,0.6090305879217086,1.3730166866395883,0.5359713996403679
FMAT,453727.694291887,5678474.50313617,6.976009918759714,0.6117965473595396,0.949434920969224,0.6105883081436124
FMAT,453726.39385482,5678474.88834933,5.8413028794410415,0.6237810485490506,0.6490438797817983,0.775827382481904
FMAT,453724.876521509,5678475.3643979,4.194845800281241,0.7588290261212878,0.5690764881811234,0.8119182075532528
FMAT,453723.497165709,5678475.92448985,4.168105400164732,0.8051417698279865,0.5485217199085549,0.8298661365067684
FMAT,453722.369629264,5678476.34179228,4.0976136218375485,0.8116836451324522,0.4676230191428069,0.7817056029215755
FMAT,453721.232140198,5678476.97987968,3.76759362753795,0.7616660701185941,0.4158503952095092,0.7684842773219817
FMAT,453720.181094969,5678477.63512165,3.806472367012794,0.683519797983466,0.4395540278819748,0.7590295761080713
FMAT,453719.060300618,5678478.37762501,3.6977413852909775,0.6679979365521371,0.4650176328753483,0.5695835123626298
FMAT,453718.164312736,5678479.15585274,3.6734139303067583,0.6024885913254874,0.4912877822470195,0.5865612319859539
FMAT,453717.197636131,5678480.18114281,3.4886684014389626,0.5259654203071715,0.3723650650954102,0.610939546152889
FMAT,453716.152934521,5678481.22927912,3.2171533876411886,0.484858704444279,0.4956785555011587,0.4654968984669543
FMAT,453715.108310934,5678482.26409854,3.3698493183061293,0.4459377486610593,0.4619099228148318,0.4229891716890874
FMAT,453712.983323799,5678484.52440677,3.818803861490652,0.5800327329406108,0.6452363312200934,0.6120087743622807
FMAT,453712.09476856,5678485.51020397,3.9978243659687935,0.5882251513043684,0.6741114547458235,0.6281034073352764
FMAT,453711.277175959,5678486.20233007,4.530677541887563,0.5850997054184175,0.6565820733384268,0.5715815249675363
FMAT,453710.921107446,5678486.41220179,4.799187888054305,0.5765598785716849,0.7336742559766715,0.5440986314801664
FMAT,453710.47672847,5678486.92230108,4.979789760582102,0.5582368080027164,0.7892386178111269,0.5323890902783733
FMAT,453710.07700389,5678487.19739231,5.029561517687903,0.5264824284924959,0.8569119768699562,0.516457983285778
FMAT,453710.041917239,5678487.27708922,5.029561517687903,0.5264824284924959,0.8569119768699562,0.516457983285778
FMAT,453709.685568036,5678487.53467922,5.262162909897294,0.4979436838564003,0.9000547637419242,0.5361346035336193
FMAT,453709.114084146,5678487.58347763,5.735046782786097,0.438599568870443,0.9513219616881398,0.4787030497195816
