ID,class,x,y
1,NVB,453594.477237,5679192.373871
2,FMAT,453561.906453393,5679108.58525087
3,ALG,453744.452238143,5679033.2864208
4,ALG,453863.44530232,5679037.93445954
5,ALG,453964.611906273,5679016.72184267
6,ALG,454022.798766296,5679018.69156725
7,ALG,454092.909720928,5678981.21145043
8,ALG,454153.990888766,5678960.20829519
9,ALG,454173.404145423,5679007.55488332
10,ALG,454120.970769676,5679029.63745334
11,ALG,454208.441471722,5679029.95075255
12,ALG,454262.54067056,5679013.04151743
13,ALG,454274.106661601,5679064.05821076
14,ALG,454315.512595845,5679120.75269125
15,ALG,454354.056166448,5679130.74492279
16,ALG,454075.749568098,5678706.78665459
17,ALG,454044.5036825,5678720.5245892
18,NVB,453953.165195791,5678766.48217933
19,SGAM,453800.471966194,5678788.94779249
20,NVB,453747.7938208,5678478.02185329
21,SGZ,453650.222476438,5678490.87388036
22,ALG,453607.698640431,5678653.44442
23,NVB,453643.068761943,5678811.41723759
24,NVB,453586.176398003,5678936.70294994
25,NVB,453511.54525242,5678895.42418824
26,ALG,453458.283958985,5678874.46169097
27,NVB,454023.528804231,5678923.79636312
28,NVB,454022.774058728,5678924.09825084
29,NVB,454022.05430776,5678924.33597644
30,NVB,454021.326102978,5678924.53924987
31,NVB,454020.597995377,5678924.72587732
32,NVB,454019.896007317,5678924.88602287
33,NVB,454019.133293899,5678925.07022853
34,NVB,454018.396531515,5678925.25680523
35,NVB,454017.711774936,5678925.43036841
36,NVB,454017.044191575,5678925.62733692
37,NVB,454016.385061926,5678925.85875748
38,NVB,454015.725666488,5678926.13567683
39,NVB,454015.066095995,5678926.44255878
40,NVB,454014.41497919,5678926.78389279
41,NVB,454013.798468081,5678927.12764841
42,NVB,454013.086904527,5678927.44532416
43,NVB,454012.401693883,5678927.69656783
44,NVB,454011.699342379,5678927.91885741
45,NVB,454010.99712696,5678928.11784265
46,NVB,454010.294982812,5678928.30462081
47,NVB,454009.59306552,5678928.45255843
48,NVB,454008.908600182,5678928.5761831
49,NVB,454008.189276233,5678928.7406654
50,NVB,454007.539157293,5678928.91110075
51,NVB,454006.906256929,5678929.09717336
52,NVB,454006.238446068,5678929.33298143
53,NVB,454005.56178599,5678929.60203072
54,NVB,454004.876432278,5678929.87768775
55,NVB,454004.199791556,5678930.14340773
56,NVB,454003.540609272,5678930.38370505
57,NVB,454002.864124062,5678930.62279146
58,NVB,454002.100936361,5678930.88800562
59,NVB,454001.381125773,5678931.13571689
60,NVB,454000.644051153,5678931.37555887
61,NVB,453999.932862736,5678931.62886922
62,NVB,453999.230374346,5678931.87446198
63,NVB,453998.528106374,5678932.08232393
64,NVB,453997.825942109,5678932.27243016
65,NVB,453997.158552177,5678932.43610515
66,NVB,453996.465224098,5678932.59518946
67,NVB,453995.737290213,5678932.75185197
68,NVB,453995.044091766,5678932.88874159
69,NVB,453994.350919235,5678933.02119225
70,NVB,453993.631834494,5678933.14461329
71,NVB,453992.817424966,5678933.28856277
72,NVB,453992.10668358,5678933.46530119
73,NVB,453991.352500115,5678933.67063959
74,NVB,453990.546297689,5678933.89121063
75,NVB,453989.748736937,5678934.11405163
76,NVB,453988.95977894,5678934.34582095
77,NVB,453988.248875231,5678934.55030222
78,NVB,453987.555319774,5678934.74822622
79,NVB,453986.827087156,5678934.95593539
80,NVB,453986.133596487,5678935.14276199
81,NVB,453985.43176242,5678935.276271
82,NVB,453984.67803262,5678935.40392781
83,NVB,453983.915654595,5678935.53042423
84,NVB,453983.161775564,5678935.68360464
85,NVB,453982.355909985,5678935.846469
86,NVB,453981.653732004,5678936.03879326
87,NVB,453980.916786031,5678936.25643884
88,NVB,453980.153921353,5678936.46616449
89,NVB,453979.451762719,5678936.65515937
90,NVB,453978.740955849,5678936.84299386
91,NVB,453978.004236764,5678937.0217987
92,NVB,453977.276282618,5678937.18178868
93,NVB,453976.600412282,5678937.31544869
94,NVB,453975.872574849,5678937.45546345
95,NVB,453975.049444957,5678937.61045778
96,NVB,453974.295585002,5678937.76030815
97,NVB,453973.584888192,5678937.92927681
98,NVB,453972.891448831,5678938.10722443
99,NVB,453972.189335282,5678938.28845056
100,NVB,453971.452706737,5678938.4517186
101,NVB,453970.724732853,5678938.61503716
102,NVB,453969.93608525,5678938.79353764
103,NVB,453969.208059397,5678938.96573389
104,NVB,453968.445220081,5678939.1710195
105,NVB,453967.665038899,5678939.38175247
106,NVB,453966.876222443,5678939.58910557
107,NVB,453966.139639082,5678939.74460502
108,NVB,453965.437732864,5678939.89031926
109,NVB,453964.744487803,5678940.03497432
110,NVB,453964.016572024,5678940.18830472
111,NVB,453963.15879037,5678940.34864402
112,NVB,453962.370414961,5678940.48053518
113,NVB,453961.616742666,5678940.59820224
114,NVB,453960.932307907,5678940.71627411
115,NVB,453960.178518754,5678940.85391613
116,NVB,453959.354979328,5678941.07882168
117,NVB,453958.600670932,5678941.30524178
118,NVB,453957.144073044,5678941.74284926
119,NVB,453956.441764089,5678941.95736584
120,NVB,453955.748129261,5678942.16860378
121,NVB,453955.07181677,5678942.37772344
122,NVB,453954.378337635,5678942.5623278
123,NVB,453953.676262183,5678942.73689392
124,NVB,453952.92234938,5678942.89562008
125,NVB,453952.220520509,5678943.02801642
126,NVB,453951.544597292,5678943.17055211
127,NVB,453950.799319628,5678943.33265787
128,NVB,453950.054054912,5678943.4925441
129,NVB,453949.230761566,5678943.67527894
130,NVB,453948.485425383,5678943.84737203
131,NVB,453947.800762939,5678944.00428324
132,NVB,453947.098739135,5678944.16997095
133,NVB,453946.39675425,5678944.32900024
134,NVB,453945.74672999,5678944.48278459
135,NVB,453945.088044515,5678944.63762799
136,NVB,453944.403433864,5678944.78566108
137,NVB,453943.710168484,5678944.93364348
138,NVB,453942.938783556,5678945.12001062
139,NVB,453942.210691571,5678945.30330166
140,NVB,453941.526035358,5678945.45910259
141,NVB,453940.798034198,5678945.62685731
142,NVB,453940.044036442,5678945.8000087
143,NVB,453939.281267084,5678945.99308449
144,NVB,453938.544474782,5678946.18409265
145,NVB,453937.746911237,5678946.4069284
146,NVB,453936.984044372,5678946.61664989
147,NVB,453936.238506348,5678946.82314339
148,NVB,453935.553661581,5678947.01112591
149,NVB,453934.773660504,5678947.19078325
150,NVB,453933.985011178,5678947.36928015
151,NVB,453933.213703689,5678947.54232961
152,NVB,453932.537812185,5678947.67931503
153,NVB,453931.792650561,5678947.82144389
154,NVB,453931.012772689,5678947.98001603
155,NVB,453930.284868463,5678948.13112386
156,NVB,453929.522111617,5678948.32197925
157,NVB,453928.741967396,5678948.52605001
158,NVB,453927.987923623,5678948.70696835
159,NVB,453927.216537934,5678948.89333395
160,NVB,453926.462474604,5678949.07758133
161,NVB,453925.682609484,5678949.23393348
162,NVB,453924.980708117,5678949.37853441
163,NVB,453924.252680243,5678949.55072651
164,NVB,453923.51598464,5678949.72508736
165,NVB,453922.727308813,5678949.90802204
166,NVB,453921.929965251,5678950.09312545
167,NVB,453921.149950547,5678950.2750009
168,NVB,453920.430226475,5678950.50716861
169,NVB,453919.701841153,5678950.74039533
170,NVB,453918.96512585,5678950.91808493
171,NVB,453918.19377869,5678951.09779129
172,NVB,453917.362062896,5678951.24052195
173,NVB,453916.530366557,5678951.37992333
174,NVB,453915.707331391,5678951.51826556
175,NVB,453914.901287312,5678951.7110857
176,NVB,453913.991269767,5678951.9232729
177,NVB,453913.211072797,5678952.13621995
178,NVB,453912.404840201,5678952.36122194
179,NVB,453911.57246803,5678952.6160345
180,NVB,453910.74011529,5678952.8675178
181,NVB,453909.933830571,5678953.10139735
182,NVB,453909.197101819,5678953.2813055
183,NVB,453908.451705329,5678953.46338236
184,NVB,453907.602536742,5678953.63042467
185,NVB,453906.814081029,5678953.77562702
186,NVB,453906.01685363,5678953.94075372
187,NVB,453905.228287401,5678954.10482128
188,NVB,453904.448388843,5678954.26671998
189,NVB,453903.711802794,5678954.4222136
190,NVB,453902.957855312,5678954.58648363
191,NVB,453902.143012927,5678954.8036658
192,NVB,453900.678092443,5678955.18350635
193,NVB,453899.915308165,5678955.37879779
194,NVB,453899.117995972,5678955.55835026
195,NVB,453898.329305962,5678955.74350196
196,NVB,453897.462593533,5678955.95039202
197,NVB,453896.725825225,5678956.13695737
198,NVB,453895.963066744,5678956.32780952
199,NVB,453895.200249739,5678956.52864915
200,NVB,453894.454774615,5678956.72404143
201,NVB,453893.709279954,5678956.92276283
202,NVB,453892.955124044,5678957.12254319
203,NVB,453892.166323242,5678957.32655966
204,NVB,453891.412238741,5678957.51413287
205,NVB,453890.61488713,5678957.70034284
206,NVB,453889.861056033,5678957.84463652
207,NVB,453889.150582974,5678957.97475711
208,NVB,453888.327221617,5678958.16858288
209,NVB,453887.512462936,5678958.37133708
210,NVB,453886.6889195,5678958.59623505
211,NVB,453885.804682505,5678958.83964347
212,NVB,453884.981138968,5678959.06454128
213,NVB,453884.322399006,5678959.22825743
214,NVB,453883.62907915,5678959.38511238
215,NVB,453882.840628886,5678959.52920261
216,NVB,453882.104158898,5678959.66471911
217,NVB,453881.306988853,5678959.81985577
218,NVB,453880.457773461,5678959.99466325
219,NVB,453879.643118389,5678960.17966099
220,NVB,453878.871639352,5678960.38155807
221,NVB,453878.082883347,5678960.57780503
222,NVB,453877.259612448,5678960.75609346
223,NVB,453876.601021703,5678960.89428523
224,NVB,453875.742988828,5678961.0967847
225,NVB,453875.032287673,5678961.26574449
226,NVB,453874.269599658,5678961.44438754
227,NVB,453873.437647849,5678961.62706378
228,NVB,453872.692347223,5678961.79249135
229,NVB,453871.964343002,5678961.96023973
230,NVB,453871.210290059,5678962.14226237
231,NVB,453870.404237239,5678962.33618769
232,NVB,453869.572070666,5678962.55548454
233,NVB,453868.757102948,5678962.7937481
234,NVB,453867.976793075,5678963.02555605
235,NVB,453867.170525493,5678963.25610207
236,NVB,453866.355869756,5678963.44109844
237,NVB,453865.532539748,5678963.62937319
238,NVB,453864.743848094,5678963.81452154
239,NVB,453863.972537379,5678963.98756424
240,NVB,453863.244643311,5678964.13644644
241,NVB,453862.542778412,5678964.27438345
242,NVB,453861.728233006,5678964.44051397
243,NVB,453860.974290138,5678964.60367026
244,NVB,453860.194422088,5678964.76001596
245,NVB,453859.380104212,5678964.88730576
246,NVB,453858.565708262,5678965.02791221
247,NVB,453857.768381083,5678965.20967996
248,NVB,453857.005568695,5678965.40940617
249,NVB,453856.225310239,5678965.63233515
250,NVB,453855.392674595,5678965.93153091
251,NVB,453854.638165564,5678966.19123292
252,NVB,453853.97050944,5678966.39928493
253,NVB,453853.242198655,5678966.6191888
254,NVB,453852.479392515,5678966.81780484
255,NVB,453851.716651385,5678967.00532354
256,NVB,453850.971375785,5678967.16631015
257,NVB,453850.16551057,5678967.3280513
258,NVB,453849.403029531,5678967.47118066
259,NVB,453848.692613434,5678967.59131005
260,NVB,453847.081058424,5678967.88482915
261,NVB,453846.301183248,5678968.0422832
262,NVB,453845.503933532,5678968.21073297
263,NVB,453844.654579767,5678968.40884089
264,NVB,453843.874502806,5678968.60069626
265,NVB,453843.085810115,5678968.78584245
266,NVB,453842.331703768,5678968.97674016
267,NVB,453841.603522526,5678969.1744484
268,NVB,453840.857953718,5678969.38537181
269,NVB,453840.112313299,5678969.60850216
270,NVB,453839.306037685,5678969.84015506
271,NVB,453838.569188544,5678970.04003172
272,NVB,453837.884462941,5678970.20692095
273,NVB,453837.165124894,5678970.37249741
274,NVB,453836.419881194,5678970.52793402
275,NVB,453835.622604972,5678970.70082171
276,NVB,453834.703876184,5678970.92182686
277,NVB,453833.923642547,5678971.14031472
278,NVB,453833.117151842,5678971.40858801
279,NVB,453832.267367904,5678971.67993663
280,NVB,453831.504521674,5678971.88520902
281,NVB,453830.785293967,5678972.03191953
282,NVB,453830.048769782,5678972.176309
283,NVB,453829.312375729,5678972.29850385
284,NVB,453828.524079294,5678972.41595518
285,NVB,453827.770375729,5678972.53804838
286,NVB,453827.059971832,5678972.65595638
287,NVB,453826.288770013,5678972.81013002
288,NVB,453825.413327381,5678973.02916843
289,NVB,453824.719926964,5678973.19933494
290,NVB,453823.84453631,5678973.40949535
291,NVB,453823.029774303,5678973.6122429
292,NVB,453822.249611655,5678973.8185226
293,NVB,453821.530064643,5678974.01960893
294,NVB,453820.79321464,5678974.21948394
295,NVB,453819.961051867,5678974.43766583
296,NVB,453819.189628409,5678974.62956954
297,NVB,453818.435559948,5678974.8138066
298,NVB,453817.620830194,5678975.01100495
299,NVB,453816.849452188,5678975.19514033
300,NVB,453816.138807013,5678975.35410728
301,NVB,453815.393562398,5678975.50954189
302,NVB,453814.561679259,5678975.68000492
303,NVB,453813.894333707,5678975.83478661
304,NVB,453813.027597195,5678976.0449966
305,NVB,453812.221606538,5678976.2278187
306,NVB,453811.45896114,5678976.39868759
307,NVB,453810.756840267,5678976.57989939
308,NVB,453810.037364311,5678976.76877766
309,NVB,453809.222627624,5678976.96708488
310,NVB,453808.572604349,5678977.11974821
311,NVB,453807.723261659,5678977.31563271
312,NVB,453807.029756284,5678977.50355332
313,NVB,453806.26685671,5678977.71770109
314,NVB,453805.48662157,5678977.93618614
315,NVB,453804.758432018,5678978.13500071
316,NVB,453804.038864613,5678978.33941463
317,NVB,453803.310753123,5678978.52491232
318,NVB,453802.565364682,5678978.70475974
319,NVB,453801.811373561,5678978.87567849
320,NVB,453801.066102262,5678979.03555067
321,NVB,453800.346801665,5678979.19446541
322,NVB,453799.584175243,5678979.36200397
323,NVB,453798.734981852,5678979.53236375
324,NVB,453797.955150077,5678979.68204493
325,NVB,453797.253295591,5678979.81775669
326,NVB,453796.481903587,5678980.00410953
327,NVB,453795.736417151,5678980.20060223
328,NVB,453794.912998936,5678980.40329609
329,NVB,453794.167616624,5678980.58203299
330,NVB,453793.491595955,5678980.74009134
331,NVB,453792.789584981,5678980.90243617
332,NVB,453792.070362189,5678981.04803342
333,NVB,453791.351158913,5678981.19030142
334,NVB,453790.640623377,5678981.3304007
335,NVB,453789.912413577,5678981.53254308
336,NVB,453789.175496892,5678981.74351242
337,NVB,453788.37814678,5678981.92860234
338,NVB,453787.632894445,5678982.08514407
339,NVB,453786.90478872,5678982.26953053
340,NVB,453786.185344215,5678982.45285799
341,NVB,453785.474567444,5678982.63401674
342,NVB,453784.763901382,5678982.79631005
343,NVB,453784.053274378,5678982.95194492
344,NVB,453783.368787461,5678983.0777695
345,NVB,453782.649688061,5678983.20228107
346,NVB,453781.895839371,5678983.34878389
347,NVB,453781.159280594,5678983.49871745
348,NVB,453780.422695733,5678983.65308985
349,NVB,453779.729260779,5678983.82880106
350,NVB,453779.061790027,5678984.00466463
351,NVB,453778.299058417,5678984.18995678
352,NVB,453777.579633068,5678984.36995428
353,NVB,453776.920601964,5678984.5824895
354,NVB,453776.218199364,5678984.81141653
355,NVB,453775.507128945,5678985.04251213
356,NVB,453774.787618754,5678985.23693584
357,NVB,453774.076893583,5678985.40921574
358,NVB,453773.262200652,5678985.59975115
359,NVB,453772.482139702,5678985.78827029
360,NVB,453771.676029764,5678985.99106336
361,NVB,453770.913323843,5678986.17191589
362,NVB,453770.133529939,5678986.31493596
363,NVB,453769.466469281,5678986.42088586
364,NVB,453768.600134364,5678986.56228785
365,NVB,453767.872386163,5678986.68563752
366,NVB,453767.083956951,5678986.82527727
367,NVB,453766.278042265,5678986.99477796
368,NVB,453765.532756395,5678987.15686624
369,NVB,453764.778880918,5678987.30780635
370,NVB,453764.00763074,5678987.46974201
371,NVB,453763.210155599,5678987.67591423
372,NVB,453762.403921385,5678987.89979119
373,NVB,453761.615003144,5678988.12265999
374,NVB,453760.921410937,5678988.32500301
375,NVB,453760.219176976,5678988.52507569
376,NVB,453759.517021192,5678988.71183157
377,NVB,453758.797568908,5678988.89626627
378,NVB,453758.052152339,5678989.08054841
379,NVB,453757.306768324,5678989.25928183
380,NVB,453756.578700292,5678989.43700712
381,NVB,453755.876440044,5678989.64151833
382,NVB,453755.165505453,5678989.84930782
383,NVB,453754.38549577,5678990.02894735
384,NVB,453753.648916255,5678990.18220752
385,NVB,453752.89491639,5678990.35423133
386,NVB,453752.123626544,5678990.5228242
387,NVB,453751.378320476,5678990.68824033
388,NVB,453750.624248802,5678990.87247092
389,NVB,453749.870203163,5678991.05226253
390,NVB,453749.098971852,5678991.21086755
391,NVB,453748.379688584,5678991.36644837
392,NVB,453747.703659495,5678991.52561254
393,NVB,453747.019008223,5678991.67917716
394,NVB,453746.351575157,5678991.84837961
395,NVB,453745.64084873,5678992.02065695
396,NVB,453744.92145448,5678992.19510283
397,NVB,453744.228044018,5678992.36637201
398,NVB,453743.499936272,5678992.55075447
399,NVB,453742.763121571,5678992.74396383
400,NVB,453742.052342823,5678992.92511867
401,NVB,453741.341596641,5678993.10072481
402,NVB,453740.613632199,5678993.26069299
403,NVB,453739.903009841,5678993.41521416
404,NVB,453739.105474748,5678993.6313715
405,NVB,453738.359978997,5678993.82896851
406,NVB,453737.710063727,5678993.96276064
407,NVB,453736.947440979,5678994.12918343
408,NVB,453736.236596753,5678994.32143503
409,NVB,453735.525745971,5678994.51479629
410,NVB,453734.832263357,5678994.69827165
411,NVB,453734.078164805,5678994.88693958
412,NVB,453733.367385651,5678995.06809363
413,NVB,453732.665339479,5678995.23598175
414,NVB,453731.833250177,5678995.44083763
415,NVB,453731.122555701,5678995.60756503
416,NVB,453730.411906846,5678995.76652427
417,NVB,453729.709958375,5678995.91776621
418,NVB,453729.016768984,5678996.0513033
419,NVB,453728.28022751,5678996.19790275
420,NVB,453727.517676078,5678996.35211761
421,NVB,453726.79846363,5678996.49548947
422,NVB,453726.044645166,5678996.63643833
423,NVB,453725.28213278,5678996.78399461
424,NVB,453724.54545419,5678996.95389799
425,NVB,453723.756775258,5678997.13570308
426,NVB,453723.011428794,5678997.30777491
427,NVB,453722.326809124,5678997.45578875
428,NVB,453721.616127296,5678997.62029583
429,NVB,453720.809884303,5678997.84527828
430,NVB,453720.072990244,5678998.05180226
431,NVB,453719.344718292,5678998.26392569
432,NVB,453718.564432925,5678998.49017025
433,NVB,453717.818890504,5678998.69553342
434,NVB,453717.090938087,5678998.85327998
435,NVB,453716.354272163,5678999.02096314
436,NVB,453715.660827826,5678999.19777845
437,NVB,453714.950113078,5678999.36783357
438,NVB,453714.152759335,5678999.55291601
439,NVB,453713.494110104,5678999.699972
440,NVB,453712.766164023,5678999.85660843
441,NVB,453711.951598518,5679000.02494296
442,NVB,453711.189020274,5679000.18359517
443,NVB,453710.391816421,5679000.34315349
444,NVB,453709.594547289,5679000.513809
445,NVB,453708.840408391,5679000.70913289
446,NVB,453708.068907728,5679000.91323275
447,NVB,453707.340746096,5679001.10648969
448,NVB,453706.638646598,5679001.28325333
449,NVB,453705.910550147,5679001.46541287
450,NVB,453705.095605848,5679001.69811091
451,NVB,453704.341310111,5679001.92006783
452,NVB,453703.647734723,5679002.11907665
453,NVB,453702.858976455,5679002.31419639
454,NVB,453702.104980778,5679002.48510562
455,NVB,453701.281609895,5679002.6789119
456,NVB,453700.527679406,5679002.83872369
457,NVB,453699.756511141,5679002.98622662
458,NVB,453698.9333033,5679003.15228946
459,NVB,453698.057820925,5679003.3768624
460,NVB,453697.217042411,5679003.58721237
461,NVB,453696.445606417,5679003.78021382
462,NVB,453695.700226059,5679003.9578317
463,NVB,453694.998256566,5679004.11239974
464,NVB,453694.235599242,5679004.28436704
465,NVB,453693.498867024,5679004.46314535
466,NVB,453692.779326819,5679004.6620005
467,NVB,453691.938006265,5679004.96445733
468,NVB,453691.191796721,5679005.28301023
469,NVB,453690.454202718,5679005.60827234
470,NVB,453689.742566437,5679005.93479683
471,NVB,453689.065568761,5679006.2581957
472,NVB,453688.345271065,5679006.58577888
473,NVB,453687.581836537,5679006.88980316
474,NVB,453686.887894708,5679007.15095527
475,NVB,453686.219975898,5679007.4022725
476,NVB,453685.517268227,5679007.68223895
477,NVB,453684.797179149,5679007.97431051
478,NVB,453684.024861084,5679008.31712401
479,NVB,453683.286998832,5679008.68788429
480,NVB,453682.592456074,5679009.05113099
481,NVB,453681.88044049,5679009.44201899
482,NVB,453681.194297756,5679009.84859587
483,NVB,453680.508109248,5679010.26294078
484,NVB,453679.804643762,5679010.67163515
485,NVB,453679.109728513,5679011.09813603
486,NVB,453678.458178477,5679011.50935526
487,NVB,453677.754595247,5679011.93802456
488,NVB,453677.103169126,5679012.32815885
489,NVB,453676.443146925,5679012.70825461
490,NVB,453675.748361904,5679013.11256064
491,NVB,453675.001413077,5679013.55651126
492,NVB,453674.245620026,5679014.032593
493,NVB,453673.533133426,5679014.50338065
494,NVB,453672.872843146,5679014.92897496
495,NVB,453672.264599014,5679015.33489967
496,NVB,453671.656413589,5679015.73083679
497,NVB,453671.013635099,5679016.12213124
498,NVB,453670.345048924,5679016.48663937
499,NVB,453669.667886269,5679016.83777978
500,NVB,453668.999417519,5679017.1823127
501,NVB,453668.330909525,5679017.53350393
502,NVB,453667.592928107,5679017.92423785
503,NVB,453666.794173738,5679018.34679728
504,NVB,453666.064892667,5679018.7298139
505,NVB,453665.413805003,5679019.06224138
506,NVB,453664.710546928,5679019.43542312
507,NVB,453664.041744651,5679019.83655174
508,NVB,453663.35560661,5679020.24201735
509,NVB,453662.591301103,5679020.69363303
510,NVB,453661.922465954,5679021.10031011
511,NVB,453661.244832255,5679021.53135021
512,NVB,453660.532527077,5679021.97106432
513,NVB,453659.854984667,5679022.38656811
514,NVB,453659.177416059,5679022.80651075
515,NVB,453658.499880039,5679023.2209047
516,NVB,453657.82231782,5679023.6397375
517,NVB,453657.170863601,5679024.03430906
518,NVB,453656.484679109,5679024.44754217
519,NVB,453655.781171898,5679024.86289278
520,NVB,453655.112505879,5679025.24071636
521,NVB,453654.426569405,5679025.61177963
522,NVB,453653.714655427,5679025.98490945
523,NVB,453653.01137004,5679026.36252907
524,NVB,453652.281956887,5679026.76773897
525,NVB,453651.63056746,5679027.1512128
526,NVB,453651.005286072,5679027.51042541
527,NVB,453650.328069325,5679027.87044199
528,NVB,453649.6249404,5679028.22142784
529,NVB,453648.913012886,5679028.59677668
530,NVB,453648.209570233,5679029.00102935
531,NVB,453647.49746618,5679029.40634072
532,NVB,453646.837467233,5679029.7819951
533,NVB,453646.186175291,5679030.14882256
534,NVB,453645.517547556,5679030.51998697
535,NVB,453644.770784831,5679030.93175263
536,NVB,453644.0761795,5679031.30498351
537,NVB,453643.390202765,5679031.68270419
538,NVB,453642.773581969,5679032.04085738
539,NVB,453642.113393084,5679032.44869348
540,NVB,453641.288560371,5679032.88996283
541,NVB,453640.412171222,5679033.26767183
542,NVB,453639.553098126,5679033.64437294
543,NVB,453638.745836128,5679034.04135484
544,NVB,453638.076959389,5679034.45468827
545,NVB,453637.39919252,5679034.90792089
546,NVB,453636.729871262,5679035.39671571
547,NVB,453636.06091588,5679035.82336571
548,NVB,453635.374997177,5679036.19109814
549,NVB,453634.715127781,5679036.54455696
550,NVB,453634.055081869,5679036.92797837
551,NVB,453633.438153069,5679037.33828805
552,NVB,453632.830035861,5679037.72201518
553,NVB,453632.204674338,5679038.09454304
554,NVB,453631.57931929,5679038.46596112
555,NVB,453630.95389229,5679038.84958617
556,NVB,453630.276327241,5679039.26841661
557,SGZ,453629.633485925,5679039.66969525
558,SGZ,453628.964523253,5679040.09745438
559,SGZ,453628.321622977,5679040.50872046
560,SGZ,453627.670080897,5679040.91771606
561,SGZ,453627.044777699,5679041.28025597
562,SGZ,453626.437084734,5679041.5918503
563,SGZ,453625.855460734,5679041.88584186
564,SGZ,453625.230281568,5679042.2272968
565,SGZ,453624.544100329,5679042.63941741
566,SGZ,453623.936191445,5679042.98763256
567,SGZ,453623.363104399,5679043.30165003
568,SGZ,453622.703305762,5679043.64290084
569,SGZ,453621.939531655,5679044.00351491
570,SGZ,453621.504385415,5679044.40934564
571,SGZ,453621.493318437,5679044.81878423
572,SGZ,453621.473714308,5679045.20819674
573,SGZ,453621.151172082,5679045.59915404
574,SGZ,453620.474089677,5679045.93586378
575,SGZ,453619.745797426,5679046.1501975
576,SGZ,453618.975093994,5679046.21779215
577,SGZ,453618.203919851,5679046.36528713
578,SGZ,453617.475464056,5679046.60736384
579,SGZ,453616.737791155,5679046.94482609
580,SGZ,453615.886513773,5679047.46694996
581,SGZ,453615.139218293,5679047.96860079
582,SGZ,453614.365546371,5679048.54001143
583,SGZ,453613.565511058,5679049.17896242
584,SGZ,453612.835112995,5679049.75062787
585,SGZ,453612.191753395,5679050.23957359
586,SGZ,453611.627065165,5679050.59692059
587,SGZ,453611.097643472,5679050.84460847
588,SGZ,453610.568326363,5679051.07454066
589,SGZ,453609.848492017,5679051.3222163
590,SGZ,453609.206891025,5679051.51264499
591,SGZ,453608.529957986,5679051.82382998
592,SGZ,453607.939004217,5679052.23207121
593,SGZ,453607.313633809,5679052.60570683
594,SGZ,453606.592922975,5679053.0020857
595,SGZ,453605.958884541,5679053.37788968
596,SGZ,453605.24664529,5679053.80539181
597,SGZ,453604.44758961,5679054.2778827
598,SGZ,453603.674609475,5679054.73166115
599,SGZ,453602.936320485,5679055.17343653
600,SGZ,453602.180852558,5679055.59291527
601,SGZ,453601.399478931,5679056.00225338
602,SGZ,453600.548663875,5679056.44558493
603,SGZ,453599.801726262,5679056.88619928
604,SGZ,453599.141434937,5679057.31067772
605,SGZ,453598.464860708,5679057.56082681
606,SGZ,453597.823847552,5679057.65137908
607,SGZ,453597.104391538,5679057.83468934
608,SGZ,453596.219656565,5679058.15907551
609,SGZ,453595.524935303,5679058.5511675
610,SGZ,453594.847065777,5679059.0210424
611,SGZ,453594.134387166,5679059.52289529
612,SGZ,453593.560709022,5679059.93678611
613,SGZ,453592.847860179,5679060.46749181
614,SGZ,453592.264748671,5679061.01338913
615,SGZ,453591.785194171,5679061.61094607
616,SGZ,453591.322491375,5679062.28628596
617,SGZ,453590.91175675,5679062.95527356
618,SGZ,453590.674223403,5679063.60752581
619,SGZ,453590.531755827,5679064.28364352
620,SGZ,453590.415226571,5679064.96435319
621,SGZ,453590.324393605,5679065.69071475
622,SGZ,453590.242025767,5679066.44930943
623,SGZ,453590.238159803,5679067.10515858
624,SGZ,453590.278189464,5679067.65583866
625,SGZ,453590.377043377,5679068.50539264
626,SGZ,453590.501580556,5679069.40281797
627,SGZ,453590.652101913,5679070.29706715
628,SGZ,453590.681893784,5679071.11625035
629,SGZ,453590.642682401,5679071.89507521
630,SGZ,453590.551417666,5679072.6946788
631,SGZ,453590.416139515,5679073.61942655
632,SGZ,453590.418952929,5679074.6104645
633,NVB,453590.526285193,5679075.49003213
634,NVB,453590.56425441,5679076.39027647
635,NVB,453590.5672968,5679077.34247394
636,SGZ,453590.587563858,5679078.3091999
637,SGZ,453590.616662386,5679079.24601423
638,SGZ,453590.67200676,5679080.13526332
639,SGZ,453590.814455688,5679080.93069569
640,SGZ,453591.009016927,5679081.69536178
641,SGZ,453591.220600103,5679082.50895792
642,SGZ,453591.42393402,5679083.25369991
643,SGZ,453591.601637007,5679083.94169273
644,SGZ,453591.622721869,5679084.76970271
645,SGZ,453591.565677531,5679085.63720375
646,SGZ,453591.595515374,5679086.44861883
647,SGZ,453591.711561688,5679087.31824989
648,SGZ,453591.897167432,5679088.13391242
649,SGZ,453592.134401495,5679089.0009285
650,SGZ,453592.718660842,5679089.7290497
651,SGZ,453593.355294258,5679090.38201545
652,SGZ,453593.948431071,5679091.07245682
653,SGZ,453594.169120998,5679091.80953266
654,SGZ,453594.225355435,5679092.54785872
655,SGZ,453594.029565306,5679093.46004241
656,SGZ,453593.764725874,5679094.33963589
657,SGZ,453593.395772862,5679095.26189658
658,SGZ,453592.956239912,5679096.41124335
659,SGZ,453592.66429752,5679097.48377638
660,SGZ,453593.023406607,5679098.23165601
661,SGZ,453593.530276528,5679098.87386898
662,SGZ,453593.811367619,5679099.64237428
663,SGZ,453594.040719208,5679100.37839139
664,SGZ,453594.491931888,5679101.65284304
665,SGZ,453594.712510992,5679102.40878422
666,SGZ,453594.934444055,5679102.93501175
667,SGZ,453595.130425597,5679103.45886678
668,SGZ,453595.187373157,5679104.07623249
669,SGZ,453595.209367641,5679104.74999027
670,SGZ,453595.256404542,5679105.58037269
671,SGZ,453595.294989335,5679106.37630255
672,SGZ,453595.222146414,5679106.98735445
673,SGZ,453595.140877519,5679107.55951487
674,SGZ,453595.076964163,5679108.12400922
675,SGZ,453595.140990357,5679109.00887032
676,SGZ,453595.239701511,5679109.88283819
677,SGZ,453595.417385861,5679110.57416008
678,SGZ,453595.620936791,5679111.2822809
679,SGZ,453595.797404668,5679112.18001214
680,SGZ,453595.956942161,5679113.01327713
681,SGZ,453596.10796869,5679113.82207711
682,SGZ,453596.328293236,5679114.6212976
683,SGZ,453596.5315108,5679115.38601451
684,SGZ,453596.553479289,5679116.06421119
685,SGZ,453596.575245029,5679116.77680942
686,SGZ,453596.734625739,5679117.63670786
687,SGZ,453596.885717849,5679118.43441054
688,SGZ,453597.140707977,5679119.22606695
689,SGZ,453597.429781439,5679120.10892505
690,SGZ,453597.701604034,5679120.98169358
691,SGZ,453597.748706735,5679121.80097869
692,SGZ,453597.786664031,5679122.70344237
693,SGZ,453597.81690169,5679123.44716397
694,SGZ,453597.829581024,5679124.23295322
695,SGZ,453597.85870686,5679125.16532853
696,SGZ,453597.88791119,5679126.08438711
697,SGZ,453597.934490735,5679126.99245043
698,SGZ,453598.032895077,5679127.91857544
699,SGZ,453598.148831625,5679128.80707172
700,SGZ,453598.361417541,5679129.45087925
701,SGZ,453598.521943243,5679130.11657528
702,SGZ,453598.350554408,5679131.29413697
703,SGZ,453598.309224611,5679132.43251357
704,SGZ,453598.640624961,5679133.47653716
705,SGZ,453598.989472567,5679134.49735847
706,SGZ,453599.40781463,5679135.47530842
707,SGZ,453599.948607411,5679136.2364658
708,SGZ,453600.402432604,5679137.06813566
709,SGZ,453600.189273501,5679137.99020499
710,SGZ,453599.985213976,5679138.83686383
711,SGZ,453599.937400721,5679139.60675982
712,SGZ,453599.872611156,5679140.31995769
713,SGZ,453599.765560664,5679140.86089274
714,SGZ,453599.675551866,5679141.44742863
715,SGZ,453599.664156725,5679141.91235352
716,SGZ,453599.801582524,5679142.09183577
717,SGZ,453599.99833712,5679142.48474277
718,SGZ,453600.23660713,5679143.17642154
719,SGZ,453600.396832465,5679143.89316499
720,SGZ,453600.305718454,5679144.66724486
721,SGZ,453600.206099918,5679145.41575
722,SGZ,453600.149474775,5679146.21222844
723,SGZ,453600.2482132,5679147.08175728
724,SGZ,453600.364653885,5679147.88480446
725,SGZ,453600.524519651,5679148.66258292
726,SGZ,453600.710291377,5679149.45050195
727,SGZ,453600.930833272,5679150.21310125
728,SGZ,453601.168410404,5679151.02241111
729,SGZ,453601.371825638,5679151.753836
730,SGZ,453601.506897388,5679152.33282018
731,SGZ,453601.56389166,5679152.94241769
732,SGZ,453601.386614186,5679153.65051361
733,SGZ,453601.183241086,5679154.38065105
734,SGZ,453600.892546919,5679155.24122632
735,SGZ,453600.567677654,5679156.02613607
736,SGZ,453600.215738286,5679156.99843678
737,SGZ,453599.699283079,5679157.98197536
738,SGZ,453599.123786601,5679158.70326115
739,SGZ,453598.53268055,5679159.13591568
740,SGZ,453597.933037211,5679159.54854407
741,SGZ,453597.488515637,5679160.07528277
742,SGZ,453596.889369232,5679160.40357178
743,SGZ,453596.12765599,5679160.41239973
744,SGZ,453595.469730086,5679160.43404672
745,SGZ,453594.966788621,5679160.59310836
746,SGZ,453594.403426063,5679160.7240697
747,SGZ,453593.815092849,5679160.68619936
748,SGZ,453593.184806175,5679160.42390892
749,SGZ,453592.546172025,5679160.10941022
750,SGZ,453591.925011325,5679159.76727029
751,SGZ,453591.243338056,5679159.41256622
752,SGZ,453590.276542451,5679158.97294899
753,SGZ,453589.404218648,5679158.65818233
754,SGZ,453588.608474527,5679158.56692999
755,SGZ,453588.027141433,5679158.80987133
756,SGZ,453587.455365982,5679158.89972123
757,SGZ,453586.824189986,5679158.78835324
758,SGZ,453586.174474278,5679158.88551196
759,SGZ,453585.496837717,5679159.31432614
760,SGZ,453584.032105298,5679159.65304821
761,SGZ,453583.343491494,5679159.00754377
762,SGZ,453582.541460772,5679158.51451838
763,SGZ,453581.771256295,5679158.49555072
764,SGZ,453580.992907198,5679158.3899732
765,SGZ,453580.180487951,5679158.19097437
766,SGZ,453579.358216482,5679158.19500459
767,SGZ,453578.638574219,5679158.40827587
768,SGZ,453577.962193519,5679158.62402169
769,SGZ,453577.182503136,5679158.74593797
770,SGZ,453576.282500733,5679158.72176541
771,SGZ,453575.321043503,5679158.8448293
772,SGZ,453574.194147792,5679159.13560204
773,SGZ,453573.387982076,5679159.3439236
774,SGZ,453572.685898076,5679159.51512676
775,SGZ,453571.931976019,5679159.67048745
776,SGZ,453571.178845741,5679159.69157102
777,SGZ,453570.383082069,5679159.60364603
778,SGZ,453569.500867178,5679159.49856464
779,SGZ,453568.549380072,5679159.39862348
780,SGZ,453567.676147384,5679159.23810655
781,SGZ,453566.915559832,5679159.05605851
782,SGZ,453566.033397402,5679158.94209892
783,SGZ,453564.977822064,5679158.88038529
784,SGZ,453563.783512465,5679158.86113418
785,SGZ,453563.03808814,5679159.04317853
786,SGZ,453562.525751541,5679159.32758628
787,SGZ,453561.720475626,5679159.38498368
788,SGZ,453560.829357201,5679159.32201994
789,SGZ,453560.14673624,5679159.12822367
790,SGZ,453559.568517864,5679158.84293254
791,SGZ,453558.903946509,5679158.52383904
792,SGZ,453558.366783923,5679158.61500075
793,SGZ,453557.672490538,5679158.93273768
794,SGZ,453557.030735497,5679159.14757618
795,SGZ,453556.293861186,5679159.34742659
796,SGZ,453554.990192555,5679158.79262171
797,SGZ,453553.558657392,5679157.90524219
798,SGZ,453552.092286767,5679157.0542792
799,SGZ,453551.080359614,5679156.92956451
800,SGZ,453550.377326024,5679157.2616762
801,SGZ,453549.794309248,5679157.78981473
802,SGZ,453549.297435873,5679158.38726696
803,SGZ,453548.933470156,5679158.46280333
804,SGZ,453548.605243734,5679158.3487805
805,SGZ,453548.294405767,5679158.22154305
806,SGZ,453547.358212372,5679158.46349758
807,SGZ,453546.005161049,5679158.94381182
808,SGZ,453545.034131667,5679159.22218283
809,SGZ,453544.254185303,5679159.38737523
810,SGZ,453543.57744341,5679159.66415312
811,SGZ,453542.943616035,5679160.00222132
812,SGZ,453542.18049488,5679160.2496355
813,SGZ,453541.426637586,5679160.393896
814,SGZ,453540.725056967,5679160.47964729
815,SGZ,453539.972044351,5679160.48075278
816,SGZ,453539.115558798,5679160.4157714
817,SGZ,453538.223052111,5679160.58806736
818,SGZ,453537.26946964,5679160.84323528
819,SGZ,453536.508149127,5679160.7854738
820,SGZ,453535.859873322,5679160.63848828
821,SGZ,453535.29704673,5679160.67844773
822,SGZ,453534.682080911,5679160.75361196
823,SGZ,453534.075743829,5679160.83326613
824,SGZ,453532.3073032,5679159.83624712
825,SGZ,453530.125227083,5679158.53160066
826,SGZ,453528.9838755,5679158.33842352
827,SGZ,453528.23855517,5679158.50270894
828,SGZ,453527.553472232,5679158.72616745
829,SGZ,453526.850706015,5679159.01277821
830,SGZ,453526.147736689,5679159.33379046
831,SGZ,453525.453363292,5679159.66484129
832,SGZ,453524.698313547,5679160.01107064
833,SGZ,453524.177995225,5679160.18112286
834,SGZ,453523.657879948,5679160.3167735
835,SGZ,453523.060158412,5679160.40313628
836,SGZ,453522.428059472,5679160.44823473
837,SGZ,453521.709574885,5679160.46507902
838,SGZ,453521.232275688,5679160.67866589
839,SGZ,453520.780843023,5679160.90905193
840,SGZ,453520.86116791,5679160.49780278
841,SGZ,453521.002372168,5679160.03697354
842,SGZ,453520.396565619,5679160.02673871
843,SGZ,453519.651657659,5679160.12111048
844,SGZ,453519.02757164,5679160.27501306
845,SGZ,453518.437954682,5679160.45464371
846,SGZ,453517.839669652,5679160.63644267
847,SGZ,453516.912470601,5679160.82073884
848,SGZ,453515.968086105,5679160.98384789
849,SGZ,453515.058727547,5679161.07835809
850,SGZ,453514.141035067,5679161.11844044
851,SGZ,453513.329678552,5679160.73965881
852,SGZ,453512.648539359,5679160.29505996
853,SGZ,453512.01898262,5679159.90958322
854,SGZ,453511.144964654,5679159.88222734
855,SGZ,453510.244051418,5679160.01229938
856,SGZ,453509.403362346,5679160.20376407
857,SGZ,453508.675148151,5679160.40255141
858,SGZ,453507.790660065,5679160.68253862
859,SGZ,453506.854176733,5679160.97331636
860,SGZ,453505.865802996,5679161.25712898
861,SGZ,453504.869088797,5679161.48762343
862,SGZ,453503.881324381,5679161.66823112
863,SGZ,453502.85341123,5679161.31924302
864,SGZ,453501.869480671,5679160.85065975
865,SGZ,453500.94378201,5679160.78082641
866,SGZ,453499.974271236,5679160.80173504
867,SGZ,453499.00477356,5679160.82042411
868,SGZ,453498.078452279,5679160.85601455
869,SGZ,453497.151967125,5679160.91934809
870,SGZ,453496.242201942,5679161.08265924
871,SGZ,453495.349726939,5679161.24940171
872,SGZ,453494.379350861,5679161.41679372
873,SGZ,453493.461094483,5679161.55231024
874,SGZ,453492.654664062,5679161.80501266
875,SGZ,453491.796317039,5679162.0551888
876,SGZ,453490.929537892,5679162.26758298
877,SGZ,453490.03841303,5679162.20572094
878,SGZ,453489.078586181,5679162.05245212
879,SGZ,453488.360907661,5679161.93279686
880,SGZ,453487.582670787,5679161.80834473
881,SGZ,453486.89958586,5679161.69333277
882,SGZ,453486.26838472,5679161.58639562
883,SGZ,453485.421282055,5679161.39827975
884,SGZ,453484.600898211,5679161.0826985
885,SGZ,453483.850062105,5679160.71536903
886,SGZ,453483.254897005,5679160.36893498
887,SGZ,453482.63416707,5679159.9546541
888,SGZ,453482.162236521,5679159.25937162
889,SGZ,453481.741907875,5679158.6198823
890,SGZ,453481.208455327,5679158.08293288
891,SGZ,453480.6751471,5679157.5215694
892,SGZ,453480.09009291,5679156.9288267
893,SGZ,453479.531233112,5679156.29739689
894,SGZ,453479.015595625,5679155.67510055
895,SGZ,453478.542655889,5679155.15071591
896,SGZ,453478.113364643,5679154.56333246
897,SGZ,453477.806147421,5679153.82352251
898,SGZ,453477.533786046,5679153.04396691
899,SGZ,453477.130735189,5679152.41012825
900,SGZ,453476.75366887,5679151.77311381
901,SGZ,453476.419942841,5679151.12525778
902,SGZ,453476.216309678,5679150.43267002
903,NVB,453475.99541259,5679149.73221188
904,NVB,453475.765736027,5679149.05278741
905,NVB,453475.553152966,5679148.41008623
906,SGZ,453475.332046165,5679147.74513935
907,SGZ,453475.093616429,5679147.08230964
908,SGZ,453474.855186737,5679146.41947991
909,SGZ,453474.625857924,5679145.68123983
910,SGZ,453474.370531591,5679144.94839496
911,SGZ,453474.063531511,5679144.17196383
912,SGZ,453473.773428207,5679143.46554782
913,SGZ,453473.448344595,5679142.81996225
914,SGZ,453473.106043001,5679142.15873819
915,SGZ,453472.746870998,5679141.42306006
916,SGZ,453472.387548233,5679140.71290566
917,SGZ,453472.054288657,5679139.98625875
918,SGZ,453471.603952458,5679138.56642567
919,SGZ,453471.12133629,5679138.21510694
920,SGZ,453470.639172674,5679137.78721697
921,SGZ,453470.392416644,5679137.06884956
922,SGZ,453470.14615252,5679136.26725255
923,SGZ,453469.9340228,5679135.54797999
924,SGZ,453469.73915704,5679134.83657781
925,SGZ,453469.656719924,5679134.14026702
926,SGZ,453469.859285011,5679133.54884881
927,SGZ,453470.036016494,5679132.9350826
928,SGZ,453470.161395606,5679132.22335345
929,SGZ,453470.243677218,5679131.48140591
930,SGZ,453470.326319516,5679130.67842334
931,SGZ,453470.33147423,5679129.80617732
932,SGZ,453469.98856357,5679129.24815778
933,SGZ,453469.236058822,5679129.16380744
934,SGZ,453468.519019754,5679128.93650675
935,SGZ,453468.082623613,5679128.0871758
936,SGZ,453467.663399649,5679127.26125141
937,SGZ,453467.217496171,5679126.55613387
938,NVB,453466.798003477,5679125.77570828
939,NVB,453466.421549268,5679125.03548861
940,NVB,453466.07937368,5679124.35317939
941,NVB,453465.720078558,5679123.63858573
942,NVB,453465.222888832,5679122.82440783
943,NVB,453464.820594839,5679122.0629498
944,NVB,453464.504810556,5679121.30866166
945,NVB,453464.180771537,5679120.48662895
946,NVB,453463.882671046,5679119.6691886
947,NVB,453463.618908155,5679118.89967116
948,NVB,453463.286594872,5679118.01322305
949,NVB,453462.953724132,5679117.22110177
950,NVB,453462.680906412,5679116.51922654
951,NVB,453462.340122109,5679115.60165484
952,NVB,453461.98152959,5679114.76832012
953,NVB,453461.579295368,5679113.99687436
954,NVB,453461.202730721,5679113.2755198
955,NVB,453460.8097419,5679112.40424965
956,NVB,453460.520408481,5679111.56799494
957,NVB,453460.26501903,5679110.84624683
958,NVB,453459.932804877,5679109.94315263
959,NVB,453459.582749692,5679109.12984406
960,NVB,453459.232399393,5679108.36647322
961,NVB,453458.933840709,5679107.62671361
962,NVB,453458.644225598,5679106.83817712
963,SGZ,453458.31192653,5679105.94950932
964,SGZ,453458.012980991,5679105.27522361
965,SGZ,453457.59383806,5679104.4359819
966,SGZ,453457.226512975,5679103.61591251
967,SGZ,453456.885080441,5679102.80820361
968,SGZ,453456.560715006,5679102.04165694
969,SGZ,453456.245155402,5679101.24963768
970,SGZ,453455.946938412,5679100.4521721
971,SGZ,453455.622645336,5679099.67341838
972,SGZ,453455.298326086,5679098.89910356
973,SGZ,453454.896493542,5679098.05996402
974,SGZ,453454.442790893,5679097.21052992
975,SGZ,453454.188091343,5679096.37226016
976,SGZ,453454.071233408,5679095.64245265
977,SGZ,453453.954382055,5679094.91153541
978,SGZ,453453.742432138,5679094.16229969
979,SGZ,453453.461262997,5679093.40932545
980,NVB,453453.084824762,5679092.66688563
981,NVB,453452.656168729,5679091.97296681
982,NVB,453452.279382922,5679091.28934253
983,NVB,453451.911357017,5679090.58801375
984,NVB,453451.509184107,5679089.80657987
985,NVB,453451.158513996,5679089.0975853
986,NVB,453450.816505374,5679088.38753215
987,NVB,453450.509339338,5679087.63995292
988,NVB,453450.236714075,5679086.90589509
989,NVB,453449.972546885,5679086.20518025
990,NVB,453449.717087097,5679085.49563876
991,NVB,453449.409435754,5679084.83017934
992,NVB,453449.075885501,5679084.15346912
993,NVB,453448.742473095,5679083.45345459
994,NVB,453448.469841585,5679082.72050642
995,NVB,453448.205864985,5679081.98760941
996,NVB,453447.89926374,5679081.14459347
997,NVB,453447.626855485,5679080.37391452
998,NVB,453447.371284557,5679079.68323831
999,NVB,453447.10707195,5679078.99029147
1000,NVB,453446.85162579,5679078.27853041
1001,NVB,453446.60484765,5679077.56460106
1002,NVB,453446.357984253,5679076.86509817
1003,NVB,453446.03311571,5679076.18400007
1004,ALG,453445.682315486,5679075.49719978
1005,ALG,453445.384094029,5679074.70084348
1006,ALG,453445.137539244,5679073.94918333
1007,ALG,453444.907874236,5679073.26864811
1008,ALG,453444.600381285,5679072.57655501
1009,ALG,453444.258144328,5679071.90534202
1010,ALG,453443.846845856,5679071.20375695
1011,ALG,453443.392778522,5679070.41646691
1012,ALG,453443.059314728,5679069.72532994
1013,ALG,453442.70872505,5679069.00301822
1014,ALG,453442.323443894,5679068.29270877
1015,ALG,453441.972552484,5679067.6214445
1016,ALG,453441.656378931,5679066.933739
1017,ALG,453441.470343,5679066.19353427
1018,ALG,453441.310324121,5679065.44460524
1019,ALG,453441.064091587,5679064.63856829
1020,ALG,453440.817485047,5679063.89578581
1021,ALG,453440.536206713,5679063.16167642
1022,ALG,453440.263327328,5679062.47089759
1023,NVB,453439.97309895,5679061.78667476
1024,NVB,453439.691676396,5679061.07697935
1025,NVB,453439.418836539,5679060.37954212
1026,NVB,453439.137473152,5679059.65985914
1027,NVB,453438.830381586,5679058.90007239
1028,NVB,453438.480094687,5679058.12671297
1029,NVB,453438.138154231,5679057.40556194
1030,ALG,453437.779022317,5679056.66433342
1031,ALG,453437.471025317,5679056.05768906
1032,ALG,453437.180213322,5679055.47223189
1033,ALG,453436.89747865,5679054.98448196
1034,ALG,453436.649192677,5679054.52578968
1035,ALG,453436.497698076,5679053.79910628
1036,ALG,453436.337679942,5679053.05017713
1037,ALG,453436.01379776,5679052.20261939
1038,ALG,453435.664095573,5679051.33049405
1039,ALG,453435.297037879,5679050.46603442
1040,ALG,453434.894625895,5679049.72565954
1041,ALG,453434.500586581,5679049.03305413
1042,ALG,453434.184493218,5679048.33203158
1043,ALG,453433.84299335,5679047.53652857
1044,ALG,453433.691210363,5679046.85867313
1045,ALG,453433.652176304,5679046.14153295
1046,ALG,453433.786133549,5679045.44317219
1047,ALG,453433.997308069,5679044.8595741
1048,ALG,453434.329735285,5679044.26226619
1049,ALG,453434.687628076,5679043.74945114
1050,ALG,453435.105559759,5679043.32910182
1051,NVB,453435.583812559,5679042.95349989
1052,NVB,453436.061559947,5679042.66334699
1053,NVB,453436.556006556,5679042.47650113
1054,NVB,453437.162821313,5679042.31473466
1055,NVB,453437.725902578,5679042.23039317
1056,NVB,453438.497053713,5679042.08735475
1057,NVB,453439.259379375,5679041.973118
1058,NVB,453440.082104942,5679041.89031183
1059,NVB,453440.861530184,5679041.81168859
1060,NVB,453441.640935722,5679041.73639445
1061,NVB,453442.58484172,5679041.65208508
1062,NVB,453443.381510911,5679041.58466123
1063,NVB,453444.178271955,5679041.5017011
1064,NVB,453444.96641754,5679041.41203134
1065,NVB,453445.935815442,5679041.40777552
1066,NVB,453446.844701842,5679041.39095435
1067,NVB,453447.633057353,5679041.26577304
1068,NVB,453448.577429081,5679041.10267228
1069,NVB,453449.443789371,5679040.95908596
1070,NVB,453450.292787516,5679040.82427503
1071,NVB,453451.13311114,5679040.69274202
1072,NVB,453451.982017369,5679040.5734671
1073,NVB,453452.787649527,5679040.45393625
1074,NVB,453453.523925082,5679040.35397108
1075,NVB,453454.415960954,5679040.25936574
1076,NVB,453455.247242564,5679040.19325508
1077,NVB,453456.078517597,5679040.12825406
1078,NVB,453456.901131245,5679040.06431151
1079,NVB,453457.689053478,5679040.01237123
1080,NVB,453458.528911116,5679039.95962812
1081,NVB,453459.455474273,5679039.88076306
1082,NVB,453460.286932905,5679039.78468921
1083,NVB,453461.040471997,5679039.69259375
1084,NVB,453461.811314125,5679039.60171027
1085,NVB,453462.59952489,5679039.50094147
1086,NVB,453463.439762874,5679039.38383362
1087,NVB,453464.236713671,5679039.26868935
1088,NVB,453464.99048879,5679039.13664331
1089,NVB,453465.787564156,5679039.00041406
1090,NVB,453466.714487852,5679038.8605131
1091,NVB,453467.44203611,5679038.77270249
1092,NVB,453468.342739538,5679038.67592728
1093,NVB,453469.200122992,5679038.58666431
1094,NVB,453470.014147129,5679038.51157197
1095,NVB,453470.802082219,5679038.45741092
1096,NVB,453471.6073597,5679038.39780346
1097,NVB,453472.51666537,5679038.30995674
1098,NVB,453473.218203178,5679038.22976025
1099,NVB,453474.075711121,5679038.11941192
1100,NVB,453474.872556696,5679038.02202223
1101,NVB,453475.643424714,5679037.92669848
1102,NVB,453476.371064577,5679037.82335085
1103,NVB,453477.116033708,5679037.71677625
1104,NVB,453477.938876408,5679037.61399103
1105,NVB,453478.727040841,5679037.52098872
1106,NVB,453479.541169677,5679037.42813975
1107,NVB,453480.407266669,5679037.32893915
1108,NVB,453481.256001571,5679037.23851401
1109,NVB,453482.026895653,5679037.13875072
1110,NVB,453482.814863289,5679037.07903984
1111,NVB,453483.679898047,5679037.1596148
1112,NVB,453484.33641104,5679037.37545901
1113,NVB,453484.853850537,5679037.69147027
1114,NVB,453485.336179131,5679038.09050656
1115,NVB,453485.757589756,5679038.54578102
1116,NVB,453486.170057153,5679039.04983236
1117,NVB,453486.582223024,5679039.60493116
1118,NVB,453486.967808259,5679040.26419097
1119,NVB,453487.266858574,5679040.92072
1120,NVB,453487.488179538,5679041.54904565
1121,NVB,453487.700314698,5679042.26720812
1122,NVB,453487.90378853,5679042.98642919
1123,NVB,453488.063758879,5679043.74423508
1124,NVB,453488.214248415,5679044.64181555
1125,NVB,453488.339370118,5679045.4382574
1126,NVB,453488.533664819,5679046.24620555
1127,NVB,453488.762480494,5679047.07100412
1128,NVB,453488.974635597,5679047.78583737
1129,NVB,453489.229697713,5679048.56307101
1130,NVB,453489.484838551,5679049.32698791
1131,NVB,453489.77425783,5679050.14881516
1132,NVB,453489.986288557,5679050.88473321
1133,NVB,453490.163391928,5679051.67260395
1134,NVB,453490.348927272,5679052.49825656
1135,NVB,453490.517860999,5679053.2039563
1136,NVB,453490.695705246,5679053.86642778
1137,NVB,453490.881870023,5679054.5855465
1138,NVB,453491.06778573,5679055.34683487
1139,NVB,453491.27123401,5679056.07049474
1140,NVB,453491.509039425,5679056.83874822
1141,NVB,453491.772534053,5679057.65376364
1142,NVB,453492.019066505,5679058.40986122
1143,NVB,453492.265540011,5679059.17594635
1144,NVB,453492.520727391,5679059.93209503
1145,NVB,453492.750173204,5679060.65035959
1146,SGZ,453492.987998576,5679061.41528384
1147,SGZ,453493.208697871,5679062.14903345
1148,SGZ,453493.412192421,5679062.86492516
1149,SGZ,453493.60693385,5679063.59741165
1150,SGZ,453493.979035042,5679065.07448939
1151,SGZ,453494.164970981,5679065.83244849
1152,SGZ,453494.359496246,5679066.60155599
1153,SGZ,453494.536836413,5679067.3494764
1154,SGZ,453494.70564632,5679068.07626086
1155,SGZ,453494.874397264,5679068.81303286
1156,SGZ,453495.060536586,5679069.53659037
1157,SGZ,453494.917968913,5679070.22824261
1158,SGZ,453494.437993432,5679070.89570654
1159,SGZ,453494.389809599,5679071.7266371
1160,SGZ,453494.695936905,5679072.65066133
1161,SGZ,453494.907470574,5679073.47091853
1162,SGZ,453495.076038129,5679074.2387629
1163,SGZ,453495.296154628,5679075.07127821
1164,SGZ,453495.604097831,5679075.68790779
1165,SGZ,453495.956154324,5679076.16274779
1166,SGZ,453496.342469758,5679076.69882729
1167,SGZ,453496.711298567,5679077.26476718
1168,SGZ,453497.06267353,5679077.85501882
1169,SGZ,453497.379343936,5679078.45949244
1170,SGZ,453497.712786631,5679079.15506597
1171,SGZ,453498.003007556,5679079.84150606
1172,SGZ,453498.250131235,5679080.4977279
1173,SGZ,453498.616063375,5679081.55416741
1174,SGZ,453498.972940951,5679082.67824917
1175,SGZ,453499.184049332,5679083.57063854
1176,SGZ,453499.326829932,5679084.3083668
1177,SGZ,453499.540009509,5679084.85008216
1178,SGZ,453499.754014934,5679085.25197181
1179,SGZ,453500.26960343,5679085.88203498
1180,SGZ,453501.008855159,5679086.74425048
1181,SGZ,453501.644635386,5679087.54037861
1182,SGZ,453501.742018547,5679088.63740307
1183,SGZ,453501.579342933,5679089.80280696
1184,SGZ,453501.730300317,5679090.62159641
1185,SGZ,453502.06367184,5679091.32937674
1186,SGZ,453502.050009893,5679092.17715767
1187,SGZ,453501.837331874,5679093.01599491
1188,SGZ,453501.650520108,5679093.87163139
1189,SGZ,453501.654462781,5679094.6695768
1190,SGZ,453501.788543086,5679095.41502198
1191,SGZ,453501.518099014,5679095.77631845
1192,SGZ,453501.07559957,5679095.96014589
1193,SGZ,453500.933326923,5679096.60186047
1194,SGZ,453500.937092572,5679097.42976852
1195,SGZ,453501.010123425,5679098.25364659
1196,SGZ,453501.290976131,5679099.06099575
1197,SGZ,453501.69306268,5679099.85796321
1198,SGZ,453502.615405245,5679100.49486745
1199,SGZ,453503.728509125,5679101.07297073
1200,SGZ,453504.270011203,5679101.71206477
1201,SGZ,453504.568862232,5679102.40299461
1202,SGZ,453504.815135266,5679103.20348082
1203,SGZ,453504.888776048,5679103.92415416
1204,SGZ,453504.90179992,5679104.65001836
1205,SGZ,453504.975113063,5679105.42617808
1206,SGZ,453505.065808074,5679106.19023301
1207,SGZ,453505.199947899,5679106.92569056
1208,SGZ,453505.34269021,5679107.67007705
1209,SGZ,453505.934411801,5679108.59911657
1210,SGZ,453506.578436375,5679109.46520821
1211,SGZ,453507.144986504,5679110.25981724
1212,SGZ,453507.391115895,5679111.08471738
1213,SGZ,453507.507775878,5679111.84892559
1214,SGZ,453507.257097058,5679113.26017805
1215,SGZ,453506.84070393,5679114.88574664
1216,SGZ,453506.990096217,5679115.96976088
1217,SGZ,453507.31415914,5679116.78846262
1218,SGZ,453507.75508034,5679116.87207921
1219,SGZ,453508.240055806,5679116.8238937
1220,SGZ,453508.725077132,5679116.76794008
1221,SGZ,453508.957003118,5679117.06672697
1222,SGZ,453509.092742377,5679117.53141087
1223,SGZ,453509.133828239,5679117.90231547
1224,SGZ,453509.15751258,5679118.28865405
1225,SGZ,453509.18116416,5679118.68054127
1226,SGZ,453509.196252581,5679119.05684119
1227,SGZ,453509.20271232,5679119.4286511
1228,SGZ,453509.269651495,5679119.81857439
1229,SGZ,453509.353926682,5679120.20416098
1230,SGZ,453509.446371875,5679120.67191852
1231,SGZ,453509.590923393,5679121.11002005
1232,SGZ,453509.804956561,5679121.50747047
1233,SGZ,453510.079639571,5679121.89418135
1234,SGZ,453510.423424198,5679122.30460533
1235,SGZ,453510.810614414,5679122.69309026
1236,SGZ,453511.241262634,5679123.05075831
1237,SGZ,453511.844707499,5679123.46049586
1238,SGZ,453512.456977685,5679123.84143154
1239,SGZ,453513.311152732,5679124.29704003
1240,SGZ,453514.157249552,5679124.65494129
1241,SGZ,453514.934913107,5679124.87593714
1242,SGZ,453515.739026248,5679125.01496636
1243,SGZ,453516.552089142,5679125.10410885
1244,SGZ,453517.382848398,5679125.1278795
1245,SGZ,453518.196579562,5679125.10382959
1246,SGZ,453519.03647852,5679125.04553131
1247,SGZ,453519.885104431,5679124.97507703
1248,SGZ,453520.725108177,5679124.89902294
1249,SGZ,453521.58248722,5679124.81197365
1250,SGZ,453522.4741059,5679124.78949285
1251,SGZ,453523.348434425,5679124.76358058
1252,SGZ,453524.214166993,5679124.72762957
1253,SGZ,453525.15735479,5679124.76649003
1254,SGZ,453526.083357249,5679124.78416336
1255,SGZ,453527.053669146,5679124.62675503
1256,SGZ,453527.946198237,5679124.45002145
1257,SGZ,453528.769678026,5679124.24069699
1258,SGZ,453529.662508329,5679124.01291574
1259,SGZ,453530.546696773,5679123.78286385
1260,SGZ,453531.353200646,5679123.51684085
1261,SGZ,453532.229002612,5679123.24123885
1262,SGZ,453532.888504057,5679122.95215277
1263,SGZ,453533.582598857,5679122.66770987
1264,SGZ,453534.405259661,5679122.59710079
1265,SGZ,453535.201719981,5679122.5662886
1266,SGZ,453535.997996926,5679122.56654871
1267,SGZ,453536.837371551,5679122.59702676
1268,SGZ,453537.668104377,5679122.62523419
1269,SGZ,453538.541908699,5679122.68809845
1270,SGZ,453539.363921155,5679122.72735191
1271,SGZ,453540.125604704,5679122.72296839
1272,SGZ,453541.051940886,5679122.68404386
1273,SGZ,453541.892101306,5679122.58135404
1274,SGZ,453542.715102506,5679122.45303825
1275,SGZ,453543.529501159,5679122.31579349
1276,SGZ,453544.378244377,5679122.22536148
1277,SGZ,453545.183745817,5679122.12912541
1278,SGZ,453545.972238623,5679121.98173965
1279,SGZ,453546.786728834,5679121.82895836
1280,SGZ,453547.592099252,5679121.7549166
1281,SGZ,453548.406144196,5679121.67759664
1282,SGZ,453549.229164829,5679121.54595099
1283,SGZ,453550.104127911,5679121.41239216
1284,SGZ,453550.926958625,5679121.31292844
1285,SGZ,453551.592809654,5679121.41451603
1286,SGZ,453552.371200556,5679121.51232841
1287,SGZ,453553.107390619,5679121.42789007
1288,SGZ,453553.809871024,5679121.18899528
1289,SGZ,453554.323357648,5679120.70927601
1290,SGZ,453554.715793494,5679120.20886684
1291,SGZ,453555.039657836,5679119.59485698
1292,SGZ,453555.285876825,5679118.93821796
1293,SGZ,453555.410724319,5679118.31526573
1294,SGZ,453555.509882056,5679117.64555177
1295,SGZ,453555.531918183,5679116.84443044
1296,SGZ,453555.50140307,5679116.14842692
1297,SGZ,453555.419423395,5679115.37332641
1298,SGZ,453555.29478463,5679114.49365621
1299,SGZ,453555.239182078,5679113.648796
1300,SGZ,453555.131480004,5679112.83248238
1301,SGZ,453554.875695655,5679112.17621135
1302,SGZ,453554.611518314,5679111.47550015
1303,SGZ,453554.339805562,5679110.58497443
1304,SGZ,453554.093926603,5679109.71679643
1305,SGZ,453553.925673253,5679108.89457676
1306,SGZ,453553.791928185,5679108.09142668
1307,SGZ,453553.701464106,5679107.28742216
1308,SGZ,453553.66302753,5679106.46707805
1309,SGZ,453553.667675521,5679105.67917133
1310,SGZ,453553.706995403,5679104.88259102
1311,SGZ,453553.738066281,5679104.01715653
1312,SGZ,453553.769196074,5679103.14173448
1313,SGZ,453553.76570635,5679102.26610821
1314,SGZ,453553.72744656,5679101.41580145
1315,SGZ,453553.567822133,5679100.59807173
1316,SGZ,453553.399091156,5679099.85686216
1317,SGZ,453553.238347341,5679099.22889588
1318,SGZ,453553.043848207,5679098.4542413
1319,SGZ,453552.857886145,5679097.69961287
1320,SGZ,453552.654634019,5679096.94155314
1321,SGZ,453552.38182873,5679096.23635187
1322,SGZ,453552.143479303,5679095.55909801
1323,SGZ,453551.939762487,5679094.87982893
1324,SGZ,453551.882549978,5679094.30796171
1325,SGZ,453551.851518122,5679093.69962664
1326,SGZ,453551.839478524,5679092.80619365
1327,SGZ,453551.870687066,5679091.91745486
1328,SGZ,453552.031247212,5679091.10938235
1329,SGZ,453552.183466704,5679090.24799185
1330,SGZ,453552.257497798,5679089.43607957
1331,SGZ,453552.149266132,5679088.70965382
1332,SGZ,453551.981052761,5679087.88077571
1333,SGZ,453551.82110148,5679087.11853233
1334,SGZ,453551.643958356,5679086.33621171
1335,SGZ,453551.484144625,5679085.55066403
1336,SGZ,453551.341359128,5679084.81293676
1337,SGZ,453551.198874818,5679084.02416201
1338,SGZ,453551.021810393,5679083.22852464
1339,SGZ,453550.896498371,5679082.46315628
1340,SGZ,453550.832051873,5679081.65042705
1341,SGZ,453550.784974018,5679080.82781238
1342,SGZ,453550.72922823,5679080.0073661
1343,SGZ,453550.656166204,5679079.18792743
1344,SGZ,453550.539561514,5679078.4137323
1345,SGZ,453550.431389103,5679077.67731897
1346,SGZ,453550.349547892,5679076.87891406
1347,SGZ,453550.320080986,5679076.00535402
1348,SGZ,453550.273278205,5679075.13613077
1349,SGZ,453550.148313393,5679074.31194681
1350,SGZ,453550.006052016,5679073.48544127
1351,SGZ,453549.837747565,5679072.67209929
1352,SGZ,453549.678058714,5679071.86546672
1353,SGZ,453549.518422277,5679071.04995632
1354,SGZ,453549.333260007,5679070.15994097
1355,SGZ,453549.182199918,5679069.35779837
1356,SGZ,453549.073844452,5679068.65245738
1357,SGZ,453548.991846361,5679067.88068592
1358,SGZ,453548.927243078,5679067.09459011
1359,SGZ,453548.871386303,5679066.29300918
1360,SGZ,453548.841402394,5679065.50711761
1361,SGZ,453548.8031303,5679064.65903023
1362,SGZ,453548.738435409,5679063.88847061
1363,SGZ,453548.638983699,5679063.14101102
1364,SGZ,453548.522183061,5679062.40010767
1365,SGZ,453548.362278514,5679061.63009608
1366,SGZ,453548.202256147,5679060.88005958
1367,SGZ,453548.05946491,5679060.14344195
1368,SGZ,453547.925132104,5679059.4401672
1369,SGZ,453547.78249151,5679058.67802582
1370,SGZ,453547.649009921,5679057.83048645
1371,SGZ,453547.532458268,5679057.04741341
1372,SGZ,453547.424574561,5679056.26217199
1373,SGZ,453547.342773207,5679055.45710865
1374,SGZ,453547.295532243,5679054.66223712
1375,SGZ,453547.265895578,5679053.81752996
1376,SGZ,453547.227322552,5679053.02049003
1377,SGZ,453547.171119065,5679052.27772464
1378,SGZ,453547.097776183,5679051.5060042
1379,SGZ,453546.981185406,5679050.72958951
1380,SGZ,453546.855985668,5679049.94535567
1381,SGZ,453546.73074667,5679049.16778019
1382,SGZ,453546.597036214,5679048.35908126
1383,SGZ,453546.463247213,5679047.56369907
1384,SGZ,453546.337896985,5679046.80498895
1385,SGZ,453546.195878826,5679045.93742337
1386,SGZ,453546.061998245,5679045.15757735
1387,SGZ,453545.954141062,5679044.36789698
1388,SGZ,453545.863645909,5679043.56944091
1389,SGZ,453545.798578301,5679042.86213572
1390,SGZ,453545.733844637,5679042.09823442
1391,SGZ,453545.669523494,5679041.26442024
1392,SGZ,453545.587460598,5679040.50374598
1393,SGZ,453545.428375297,5679039.59501831
1394,SGZ,453545.277159107,5679038.81950905
1395,SGZ,453545.125942953,5679038.04399979
1396,SGZ,453545.009555578,5679037.23318349
1397,SGZ,453544.953712574,5679036.42938303
1398,SGZ,453544.914989306,5679035.65786681
1399,SGZ,453544.876292237,5679034.88191168
1400,SGZ,453544.829372535,5679034.03266343
1401,SGZ,453544.773326598,5679033.26326453
1402,SGZ,453544.80341616,5679032.56428915
1403,SGZ,453544.920007879,5679031.87359254
1404,SGZ,453545.08802419,5679031.26865138
1405,SGZ,453545.359799837,5679030.68096892
1406,SGZ,453545.709259098,5679030.12925735
1407,SGZ,453546.154169889,5679029.53593783
1408,SGZ,453546.659415377,5679028.98514539
1409,SGZ,453547.2078824,5679028.44348606
1410,SGZ,453547.712931322,5679027.9259854
1411,SGZ,453548.200624756,5679027.41615067
1412,SGZ,453548.757471369,5679026.92115087
1413,SGZ,453549.34880614,5679026.44854984
1414,SGZ,453549.983473729,5679025.96621653
1415,SGZ,453550.609060889,5679025.55596441
1416,SGZ,453551.208303882,5679025.20992329
1417,SGZ,453552.006659411,5679024.85617866
1418,SGZ,453552.769996347,5679024.56992312
1419,NVB,453553.489902153,5679024.31004569
1420,NVB,453554.183679871,5679024.07775822
1421,NVB,453554.851506268,5679023.84309806
1422,NVB,453555.571503586,5679023.56768425
1423,NVB,453556.265765599,5679023.25327673
1424,NVB,453556.882088626,5679022.94617776
1425,NVB,453557.515753916,5679022.63363222
1426,NVB,453558.227482451,5679022.29269316
1427,NVB,453558.947885347,5679021.94847591
1428,NVB,453559.694383464,5679021.58221719
1429,NVB,453560.406124897,5679021.23905849
1430,NVB,453561.187307482,5679020.86190654
1431,NVB,453561.933772663,5679020.50119625
1432,NVB,453562.688958012,5679020.12943966
1433,NVB,453563.400738452,5679019.77962232
1434,NVB,453564.086430116,5679019.4507366
1435,NVB,453564.823926074,5679019.14324193
1436,NVB,453565.535267819,5679018.86777617
1437,NVB,453566.194700433,5679018.5886749
1438,NVB,453566.871553837,5679018.29081028
1439,NVB,453567.548381005,5679017.99738452
1440,NVB,453568.277149918,5679017.70204549
1441,NVB,453569.049218866,5679017.40252269
1442,NVB,453569.769319792,5679017.10935194
1443,NVB,453570.428791375,5679016.82359194
1444,NVB,453571.131464835,5679016.55029409
1445,NVB,453571.868803183,5679016.26943223
1446,NVB,453572.684309361,5679015.94242107
1447,NVB,453573.395886111,5679015.62700439
1448,NVB,453574.107469347,5679015.31047792
1449,NVB,453574.758606477,5679014.97028987
1450,NVB,453575.557548803,5679014.51666735
1451,NVB,453576.23459125,5679014.18661982
1452,NVB,453576.920124839,5679013.88436647
1453,NVB,453577.614496361,5679013.5510917
1454,NVB,453578.439029753,5679013.16087648
1455,NVB,453579.168046433,5679012.82336679
1456,NVB,453579.853403125,5679012.55107584
1457,NVB,453580.703527688,5679012.22426796
1458,NVB,453581.466829611,5679011.94355829
1459,NVB,453582.247473747,5679011.65740196
1460,NVB,453583.010926036,5679011.3511684
1461,NVB,453583.800447274,5679011.02733219
1462,NVB,453584.607448098,5679010.67474503
1463,NVB,453585.345073257,5679010.34505389
1464,NVB,453586.056779826,5679010.00744151
1465,NVB,453586.768486328,5679009.66982908
1466,NVB,453587.488821377,5679009.33670651
1467,NVB,453588.261340141,5679008.96061061
1468,NVB,453588.973209997,5679008.59525478
1469,NVB,453589.65889305,5679008.26747658
1470,NVB,453590.405290287,5679007.91786088
1471,NVB,453591.255754053,5679007.53334601
1472,NVB,453592.002013781,5679007.20703445
1473,NVB,453592.756974008,5679006.87300574
1474,NVB,453593.503344808,5679006.52782866
1475,NVB,453594.188916292,5679006.21891545
1476,NVB,453594.874284957,5679005.94440373
1477,NVB,453595.620361242,5679005.64916421
1478,NVB,453597.069331356,5679005.04289372
1479,NVB,453597.858929851,5679004.70573938
1480,NVB,453598.53592472,5679004.38345804
1481,NVB,453599.247656328,5679004.04140557
1482,NVB,453600.02853446,5679003.71529728
1483,NVB,453600.78335012,5679003.40568182
1484,NVB,453601.529504416,5679003.09712501
1485,NVB,453602.214820227,5679002.83149048
1486,NVB,453602.900168688,5679002.56030726
1487,NVB,453603.646551703,5679002.21290977
1488,NVB,453604.340947201,5679001.87519375
1489,NVB,453605.070236356,5679001.4910731
1490,NVB,453605.773443437,5679001.12677448
1491,NVB,453606.528526726,5679000.77165963
1492,NVB,453607.257632578,5679000.41861116
1493,NVB,453607.99535389,5679000.07227199
1494,NVB,453608.785075649,5678999.71403173
1495,NVB,453609.540001732,5678999.38555005
1496,NVB,453610.25149047,5678999.08455653
1497,NVB,453611.093114444,5678998.73106092
1498,NVB,453611.821958356,5678998.42240115
1499,NVB,453612.542127832,5678998.1170195
1500,NVB,453613.253662106,5678997.80825761
1501,NVB,453614.02593003,5678997.47432885
1502,NVB,453614.754793319,5678997.16233962
1503,NVB,453615.457613815,5678996.8635141
1504,NVB,453616.31665144,5678996.49236427
1505,NVB,453617.106470516,5678996.11747725
1506,NVB,453617.878881935,5678995.75913411
1507,NVB,453618.61642582,5678995.4427566
1508,NVB,453619.319265625,5678995.14060155
1509,NVB,453620.135048695,5678994.76586719
1510,NVB,453620.760093618,5678994.44660723
1511,NVB,453621.419862115,5678994.1097955
1512,NVB,453622.14014848,5678993.78443788
1513,NVB,453622.886301004,5678993.47587905
1514,NVB,453623.701240477,5678993.24429923
1515,NVB,453624.568226097,5678992.9930501
1516,NVB,453625.357384226,5678992.73024478
1517,NVB,453625.999574868,5678992.43882956
1518,NVB,453626.667860456,5678992.12537266
1519,NVB,453627.431733938,5678991.74700251
1520,NVB,453628.126284337,5678991.38265093
1521,NVB,453628.794896557,5678991.01370745
1522,NVB,453629.498271519,5678990.62055381
1523,NVB,453630.201476477,5678990.25625302
1524,NVB,453630.930488767,5678989.91873857
1525,NVB,453631.685439107,5678989.58581587
1526,NVB,453632.475112961,5678989.23534134
1527,NVB,453633.186691379,5678988.91880956
1528,NVB,453633.898171709,5678988.61892364
1529,NVB,453634.652971483,5678988.3115244
1530,NVB,453635.390383276,5678988.01733989
1531,NVB,453636.084553937,5678987.71735184
1532,NVB,453636.813487314,5678987.39315357
1533,NVB,453637.629334078,5678987.00732013
1534,NVB,453638.358267326,5678986.68312173
1535,NVB,453639.043769934,5678986.3853019
1536,NVB,453639.746862976,5678986.03986565
1537,NVB,453640.406701817,5678985.69084533
1538,NVB,453641.023116573,5678985.3670939
1539,NVB,453641.691512033,5678985.03477036
1540,NVB,453642.44669667,5678984.66189643
1541,NVB,453643.149697928,5678984.33199606
1542,NVB,453643.869773393,5678984.04214775
1543,NVB,453644.641947162,5678983.7237522
1544,NVB,453645.396817909,5678983.40414493
1545,NVB,453646.047668313,5678983.11166932
1546,NVB,453646.776666177,5678982.77637286
1547,NVB,453647.436243089,5678982.47174107
1548,NVB,453648.061050704,5678982.19242916
1549,NVB,453648.894107853,5678981.82334239
1550,NVB,453649.683616813,5678981.50060934
1551,NVB,453650.429669068,5678981.20869384
1552,NVB,453651.149685174,5678980.92883242
1553,NVB,453651.887128307,5678980.62909773
1554,NVB,453652.720093649,5678980.27554675
1555,NVB,453653.457628115,5678979.96027572
1556,NVB,453654.169113376,5678979.65927825
1557,NVB,453655.687312006,5678979.05340461
1558,NVB,453656.364171604,5678978.75331288
1559,NVB,453657.058510466,5678978.42447007
1560,NVB,453657.770152213,5678978.0968388
1561,NVB,453658.516484712,5678977.75720423
1562,NVB,453659.280250726,5678977.39658665
1563,NVB,453660.017993669,5678977.04580372
1564,NVB,453660.712417136,5678976.70253412
1565,NVB,453661.398316433,5678976.33701895
1566,NVB,453662.110225599,5678975.96388845
1567,NVB,453662.908819222,5678975.56796298
1568,NVB,453663.629056419,5678975.25036968
1569,NVB,453664.349241309,5678974.94165413
1570,NVB,453665.017530382,5678974.62708427
1571,NVB,453665.651095966,5678974.33006625
1572,NVB,453666.345107498,5678974.05670902
1573,NVB,453667.065135431,5678973.7746267
1574,NVB,453667.880587431,5678973.45537382
1575,NVB,453668.626612108,5678973.16789551
1576,NVB,453669.381265339,5678972.88490698
1577,NVB,453670.07525702,5678972.6148786
1578,NVB,453670.821412138,5678972.30520553
1579,NVB,453671.576535374,5678971.94231637
1580,NVB,453672.227651567,5678971.60433976
1581,NVB,453672.913203788,5678971.29763918
1582,NVB,453673.616137249,5678970.97883338
1583,NVB,453674.319240425,5678970.6311746
1584,NVB,453675.005040608,5678970.28230418
1585,NVB,453675.682107644,5678969.94669951
1586,NVB,453676.359194208,5678969.6077656
1587,NVB,453677.027606396,5678969.27210989
1588,NVB,453677.687220156,5678968.96081722
1589,NVB,453678.381518069,5678968.6386309
1590,NVB,453679.084457595,5678968.3187149
1591,NVB,453679.735331582,5678968.0217976
1592,NVB,453680.403475809,5678967.73164045
1593,NVB,453681.097714738,5678967.41944144
1594,NVB,453681.809308769,5678967.09957611
1595,NVB,453682.642081973,5678966.77820409
1596,NVB,453683.440020763,5678966.49324934
1597,NVB,453684.142685696,5678966.21994146
1598,NVB,453684.958168842,5678965.89513818
1599,NVB,453685.695628828,5678965.59207116
1600,NVB,453686.381101652,5678965.29868615
1601,NVB,453687.057965398,5678964.99748208
1602,NVB,453687.769493683,5678964.68871349
1603,NVB,453688.429034819,5678964.38962693
1604,NVB,453689.15806827,5678964.0476682
1605,NVB,453689.869759574,5678963.71115622
1606,NVB,453690.59005985,5678963.38246319
1607,NVB,453691.28415438,5678963.0946773
1608,NVB,453691.978294552,5678962.79912326
1609,NVB,453692.715930204,5678962.46609293
1610,NVB,453693.40153303,5678962.15051275
1611,NVB,453694.052445121,5678961.84693591
1612,NVB,453694.729445332,5678961.52242689
1613,NVB,453695.449529816,5678961.23035444
1614,NVB,453696.195611037,5678960.93288598
1615,NVB,453696.924245703,5678960.65861994
1616,NVB,453697.748441188,5678960.3238787
1617,NVB,453698.555235798,5678960.00457175
1618,NVB,453699.223293787,5678959.72883948
1619,NVB,453699.986899519,5678959.39485144
1620,NVB,453700.629149876,5678959.09233289
1621,NVB,453701.19330542,5678958.82375779
1622,NVB,453701.905067511,5678958.47503772
1623,NVB,453702.521523238,5678958.14351341
1624,NVB,453704.0406079,5678957.38559776
1625,NVB,453704.847623808,5678957.02855943
1626,NVB,453705.602385085,5678956.72670207
1627,NVB,453706.365827119,5678956.42045661
1628,NVB,453707.033930199,5678956.13695558
1629,NVB,453707.728056099,5678955.84361961
1630,NVB,453708.396139505,5678955.56344766
1631,NVB,453709.072858007,5678955.28665571
1632,NVB,453709.775605845,5678954.99891909
1633,NVB,453710.565298767,5678954.64399786
1634,NVB,453711.285577753,5678954.31863213
1635,NVB,453712.014511393,5678953.99331721
1636,NVB,453712.830253063,5678953.62412194
1637,NVB,453713.637274703,5678953.26597299
1638,NVB,453714.392433245,5678952.89642138
1639,NVB,453715.069536215,5678952.55415497
1640,NVB,453715.711870233,5678952.23720874
1641,NVB,453716.362937196,5678951.90699659
1642,NVB,453717.100590345,5678951.5706348
1643,NVB,453717.838191239,5678951.24315077
1644,NVB,453718.567078651,5678950.92560335
1645,NVB,453719.313340654,5678950.59706033
1646,NVB,453720.059628687,5678950.26407833
1647,NVB,453720.849320662,5678949.90915607
1648,NVB,453721.586914717,5678949.58278142
1649,NVB,453722.333006868,5678949.28309105
1650,NVB,453723.070424683,5678948.98667891
1651,NVB,453723.799161644,5678948.69465475
1652,NVB,453724.510582614,5678948.40363851
1653,NVB,453725.308772361,5678948.07540015
1654,NVB,453726.028945763,5678947.76778872
1655,NVB,453726.757839034,5678947.44913081
1656,NVB,453727.391387007,5678947.15432732
1657,NVB,453728.077039255,5678946.82986632
1658,NVB,453728.771424418,5678946.49213939
1659,NVB,453729.457167858,5678946.15214207
1660,NVB,453730.221018796,5678945.77598145
1661,NVB,453730.941217876,5678945.46393067
1662,NVB,453731.696055274,5678945.14875408
1663,NVB,453732.433694076,5678944.81461032
1664,NVB,453733.1366814,5678944.48581169
1665,NVB,453733.804886821,5678944.18455276
1666,NVB,453734.481779499,5678943.87779599
1667,NVB,453735.149965255,5678943.57986613
1668,NVB,453735.861359251,5678943.29328778
1669,NVB,453736.633394782,5678942.99707781
1670,NVB,453737.396866846,5678942.68528072
1671,NVB,453738.108351969,5678942.38316598
1672,NVB,453738.845918502,5678942.06122863
1673,NVB,453739.600794375,5678941.73939292
1674,NVB,453740.295048171,5678941.42385954
1675,NVB,453741.04138659,5678941.08199774
1676,NVB,453741.744471017,5678940.73655243
1677,NVB,453742.38720723,5678940.35080089
1678,NVB,453743.064581725,5678939.96192351
1679,NVB,453743.810939444,5678939.61673227
1680,NVB,453744.574632566,5678939.26720374
1681,NVB,453745.355458978,5678938.94773948
1682,NVB,453746.153568634,5678938.63281575
1683,NVB,453746.925609831,5678938.33549505
1684,NVB,453747.602345014,5678938.05537063
1685,NVB,453748.287767445,5678937.76974836
1686,NVB,453749.059678083,5678937.49462201
1687,NVB,453749.779627916,5678937.22473918
1688,NVB,453750.500060107,5678936.87273641
1689,NVB,453751.151059123,5678936.55361868
1690,NVB,453751.871497708,5678936.20050605
1691,NVB,453753.537566153,5678935.46674948
1692,NVB,453754.240669074,5678935.11797387
1693,NVB,453754.95248529,5678934.75926149
1694,NVB,453755.690043886,5678934.4384323
1695,NVB,453756.418986842,5678934.11089384
1696,NVB,453757.139314157,5678933.77664611
1697,NVB,453757.833677339,5678933.44224581
1698,NVB,453758.536682117,5678933.11011574
1699,NVB,453759.213631519,5678932.79336931
1700,NVB,453759.916590555,5678932.46900722
1701,NVB,453760.697376545,5678932.15619981
1702,NVB,453761.452068061,5678931.8654344
1703,NVB,453762.198372044,5678931.52911925
1704,NVB,453762.927334007,5678931.198251
1705,NVB,453763.664931041,5678930.87076271
1706,NVB,453764.402677908,5678930.51775059
1707,NVB,453765.105649552,5678930.19116858
1708,NVB,453765.834506995,5678929.87805572
1709,NVB,453766.554703176,5678929.56600169
1710,NVB,453767.29240417,5678929.22075741
1711,NVB,453768.038733716,5678928.88000279
1712,NVB,453768.77634335,5678928.55029456
1713,NVB,453769.600623566,5678928.20000964
1714,NVB,453770.381493449,5678927.87277482
1715,NVB,453771.170952787,5678927.55668802
1716,NVB,453771.925728175,5678927.25149515
1717,NVB,453772.697845441,5678926.9408552
1718,NVB,453773.443972542,5678926.63450164
1719,NVB,453774.146754502,5678926.34010094
1720,NVB,453774.884383181,5678926.00706295
1721,NVB,453775.604721982,5678925.67059409
1722,NVB,453776.316575443,5678925.30522141
1723,NVB,453777.071767392,5678924.92900546
1724,NVB,453777.948307203,5678924.52242842
1725,NVB,453778.712016855,5678924.16956741
1726,NVB,453779.475719924,5678923.81781606
1727,NVB,453780.291507353,5678923.43973601
1728,NVB,453781.037900923,5678923.08788289
1729,NVB,453781.688891021,5678922.76987237
1730,NVB,453782.39193942,5678922.42997209
1731,NVB,453783.129534801,5678922.10248198
1732,NVB,453783.901937746,5678921.74301291
1733,NVB,453784.822206221,5678921.25900817
1734,NVB,453785.612204975,5678920.85081251
1735,NVB,453786.445366284,5678920.46173616
1736,NVB,453787.251912095,5678920.18348011
1737,NVB,453788.006399524,5678919.92711374
1738,NVB,453788.769535062,5678919.67190783
1739,NVB,453789.541488066,5678919.38900944
1740,NVB,453790.270245809,5678919.09254025
1741,NVB,453791.033791537,5678918.76742125
1742,NVB,453791.745383109,5678918.44643631
1743,NVB,453792.387704681,5678918.13059357
1744,NVB,453793.073403772,5678917.79724912
1745,NVB,453793.802389186,5678917.46193912
1746,NVB,453794.548670852,5678917.1289501
1747,NVB,453795.303483383,5678916.81709663
1748,NVB,453796.066950525,5678916.50529389
1749,NVB,453796.787098666,5678916.2010052
1750,NVB,453797.472615048,5678915.89873275
1751,NVB,453798.149535319,5678915.5864219
1752,NVB,453798.861334701,5678915.22992502
1753,NVB,453799.512284341,5678914.91857141
1754,NVB,453800.180386974,5678914.6339528
1755,NVB,453800.805138073,5678914.36239693
1756,NVB,453801.560008691,5678914.04055531
1757,NVB,453802.392914512,5678913.69475667
1758,NVB,453803.14763523,5678913.39843865
1759,NVB,453803.885027023,5678913.10534817
1760,NVB,453804.648532523,5678912.78688623
1761,NVB,453805.403617709,5678912.42842322
1762,NVB,453806.141328376,5678912.08095586
1763,NVB,453806.835609386,5678911.759868
1764,NVB,453807.521170562,5678911.44982659
1765,NVB,453808.224014969,5678911.14432558
1766,NVB,453808.900901841,5678910.83756244
1767,NVB,453809.595202157,5678910.51314516
1768,NVB,453810.280802181,5678910.19644513
1769,NVB,453810.975069831,5678909.87757637
1770,NVB,453811.730095845,5678909.52910031
1771,NVB,453812.493763433,5678909.18289441
1772,NVB,453813.283349367,5678908.84460885
1773,NVB,453814.125051992,5678908.47444574
1774,NVB,453814.888628233,5678908.1437758
1775,NVB,453816.199010393,5678907.54996959
1776,NVB,453816.867268015,5678907.23871609
1777,NVB,453817.544180247,5678906.92751331
1778,NVB,453818.195043817,5678906.63058463
1779,NVB,453818.889297806,5678906.31393463
1780,NVB,453819.592160831,5678906.00510343
1781,NVB,453820.312268023,5678905.70747097
1782,NVB,453821.153742158,5678905.37614759
1783,NVB,453821.943119036,5678905.07337246
1784,NVB,453822.61110935,5678904.80761733
1785,NVB,453823.435306517,5678904.47064354
1786,NVB,453824.172898467,5678904.1431496
1787,NVB,453824.841311688,5678903.80526196
1788,NVB,453825.475073685,5678903.47271987
1789,NVB,453826.143519332,5678903.12928348
1790,NVB,453826.933344868,5678902.74993662
1791,NVB,453827.566885407,5678902.45512511
1792,NVB,453828.382759373,5678902.06150392
1793,NVB,453829.025026044,5678901.75453604
1794,NVB,453829.771337236,5678901.41599506
1795,NVB,453830.404786449,5678901.13671951
1796,NVB,453831.072912796,5678900.84765938
1797,NVB,453831.853790362,5678900.51819904
1798,NVB,453832.461099768,5678900.26873372
1799,NVB,453833.259019711,5678899.9848736
1800,NVB,453834.039688861,5678899.69092434
1801,NVB,453834.803074678,5678899.39243459
1802,NVB,453835.488477479,5678899.10902422
1803,NVB,453836.174068934,5678898.79343168
1804,NVB,453836.937923084,5678898.41504131
1805,NVB,453837.6236836,5678898.07059572
1806,NVB,453838.292069687,5678897.73714586
1807,NVB,453838.977888643,5678897.38271259
1808,NVB,453839.62899785,5678897.04361248
1809,NVB,453840.253999913,5678896.72877411
1810,NVB,453840.939636512,5678896.40541306
1811,NVB,453841.720610809,5678896.05930583
1812,NVB,453842.336665281,5678895.79435431
1813,NVB,453843.126255064,5678895.45495604
1814,NVB,453843.829142168,5678895.14168378
1815,NVB,453844.48857382,5678894.85923014
1816,NVB,453845.173767683,5678894.61133023
1817,NVB,453845.885042541,5678894.34360737
1818,NVB,453846.683078487,5678894.03977078
1819,NVB,453847.403092456,5678893.75767206
1820,NVB,453848.114445224,5678893.47663226
1821,NVB,453848.869305351,5678893.15589586
1822,NVB,453849.572263575,5678892.83041608
1823,NVB,453850.154043722,5678892.50644543
1824,NVB,453850.735901881,5678892.169158
1825,NVB,453851.335075778,5678891.83086227
1826,NVB,453852.020691971,5678891.51082944
1827,NVB,453852.732200481,5678891.20315576
1828,NVB,453853.4783275,5678890.89568493
1829,NVB,453854.1984385,5678890.59693966
1830,NVB,453854.979314057,5678890.26747704
1831,NVB,453855.708079579,5678889.96878237
1832,NVB,453856.402109411,5678889.68985983
1833,NVB,453857.104832857,5678889.40432958
1834,NVB,453857.816249916,5678889.11219163
1835,NVB,453858.510351139,5678888.8210619
1836,NVB,453859.161179116,5678888.52967849
1837,NVB,453859.803137778,5678888.27486533
1838,NVB,453860.453770549,5678888.01677366
1839,NVB,453861.147969126,5678887.70899777
1840,NVB,453861.963683769,5678887.34200659
1841,NVB,453862.718750837,5678886.98575758
1842,NVB,453863.49120515,5678886.61629319
1843,NVB,453864.229021334,5678886.24995504
1844,NVB,453864.845451438,5678885.92063754
1845,NVB,453865.470555637,5678885.58804153
1846,NVB,453866.104125835,5678885.28767829
1847,NVB,453866.763685901,5678884.98302824
1848,NVB,453867.449281346,5678884.66632326
1849,NVB,453868.12614407,5678884.36288425
1850,NVB,453868.802974233,5678884.06499382
1851,NVB,453869.488335427,5678883.78823888
1852,NVB,453870.173657561,5678883.51814224
1853,NVB,453870.936968876,5678883.23185602
1854,NVB,453871.656889933,5678882.96529128
1855,NVB,453872.221066571,5678882.69115535
1856,NVB,453872.845988141,5678882.38963114
1857,NVB,453873.45363291,5678882.08245682
1858,NVB,453874.087222018,5678881.77876376
1859,NVB,453874.781569041,5678881.44546294
1860,NVB,453875.432304765,5678881.16961439
1861,NVB,453876.100421225,5678880.88166018
1862,NVB,453876.786093948,5678880.55163766
1863,NVB,453877.445711705,5678880.23699916
1864,NVB,453878.096681278,5678879.92120018
1865,NVB,453878.730380551,5678879.59864138
1866,NVB,453879.355399137,5678879.28047073
1867,NVB,453880.049940738,5678878.9138776
1868,NVB,453880.718303865,5678878.58375334
1869,NVB,453881.394931518,5678878.3202634
1870,NVB,453882.106177633,5678878.0569762
1871,NVB,453882.851957699,5678877.80831818
1872,NVB,453883.61503397,5678877.56198095
1873,NVB,453884.352120314,5678877.31993046
1874,NVB,453885.115209489,5678877.07137362
1875,NVB,453885.843686612,5678876.8215042
1876,NVB,453886.520268434,5678876.56578192
1877,NVB,453887.214321965,5678876.28241777
1878,NVB,453887.969191809,5678875.95945819
1879,NVB,453888.637437348,5678875.64930836
1880,NVB,453889.279666968,5678875.34788423
1881,NVB,453889.965332142,5678875.0189703
1882,NVB,453890.624981396,5678874.69878206
1883,NVB,453891.276047463,5678874.36633608
1884,NVB,453891.953161835,5678874.01961564
1885,NVB,453892.664953125,5678873.66311033
1886,NVB,453893.37669236,5678873.31548278
1887,NVB,453894.088399037,5678872.97340381
1888,NVB,453894.81744739,5678872.6258775
1889,NVB,453895.529056457,5678872.30044432
1890,NVB,453896.266635828,5678871.9740534
1891,NVB,453896.94346383,5678871.67616056
1892,NVB,453897.576901711,5678871.39798937
1893,NVB,453898.227655285,5678871.11880976
1894,NVB,453898.921629921,5678870.84876131
1895,NVB,453899.624278622,5678870.5754343
1896,NVB,453900.30963103,5678870.29978642
1897,NVB,453901.029783806,5678869.9932688
1898,NVB,453901.749975517,5678869.68009274
1899,NVB,453902.487788295,5678869.31375103
1900,NVB,453903.138918385,5678868.97020679
1901,NVB,453903.755423453,5678868.62756953
1902,NVB,453904.389289678,5678868.27615574
1903,NVB,453905.023038893,5678867.944717
1904,NVB,453905.699892204,5678867.64238451
1905,NVB,453906.402748287,5678867.3335456
1906,NVB,453907.201077959,5678866.97865542
1907,NVB,453907.921262644,5678866.66658853
1908,NVB,453908.615444447,5678866.36102794
1909,NVB,453909.326850962,5678866.06999509
1910,NVB,453910.020798777,5678865.80438458
1911,NVB,453910.688633277,5678865.56414576
1912,NVB,453911.356721102,5678865.28062749
1913,NVB,453912.07718481,5678864.92084192
1914,NVB,453912.70242823,5678864.56382816
1915,NVB,453913.284560942,5678864.17881784
1916,NVB,453913.857681694,5678863.85479185
1917,NVB,453914.57798275,5678863.52274925
1918,NVB,453915.359093382,5678863.15222073
1919,NVB,453916.044717409,5678862.82996291
1920,NVB,453916.686931917,5678862.53075602
1921,NVB,453917.363797293,5678862.22620307
1922,NVB,453918.092674713,5678861.90752754
1923,NVB,453918.830031303,5678861.61886527
1924,NVB,453919.558551359,5678861.36122466
1925,NVB,453920.260997122,5678861.12229738
1926,NVB,453920.971993523,5678860.90117635
1927,NVB,453921.743773489,5678860.64600827
1928,NVB,453922.446349019,5678860.38488624
1929,NVB,453923.08842019,5678860.11009284
1930,NVB,453923.773985175,5678859.7978219
1931,NVB,453924.451012404,5678859.46552514
1932,NVB,453925.136746137,5678859.12440115
1933,NVB,453925.848346209,5678858.80007498
1934,NVB,453926.61201673,5678858.45163861
1935,NVB,453927.32363616,5678858.12398312
1936,NVB,453927.96582387,5678857.82921422
1937,NVB,453928.746809905,5678857.47976922
1938,NVB,453929.458312266,5678857.17208864
1939,NVB,453930.16111451,5678856.87212544
1940,NVB,453930.881173953,5678856.5811413
1941,NVB,453931.644688181,5678856.25933792
1942,NVB,453932.330187549,5678855.95816352
1943,NVB,453932.937613621,5678855.68760567
1944,NVB,453933.71852779,5678855.35036718
1945,NVB,453934.45600655,5678855.04061861
1946,NVB,453935.176247474,5678854.7185617
1947,NVB,453936.538980588,5678854.0495779
1948,NVB,453937.242048486,5678853.70411523
1949,NVB,453937.988577614,5678853.32672356
1950,NVB,453938.6224865,5678852.96753894
1951,NVB,453939.230451015,5678852.60487317
1952,NVB,453939.864184489,5678852.27565111
1953,NVB,453940.532231154,5678851.99878874
1954,NVB,453941.278130197,5678851.72904039
1955,NVB,453942.015244748,5678851.48143589
1956,NVB,453942.787016593,5678851.22737548
1957,NVB,453943.515431002,5678850.98748831
1958,NVB,453944.252551902,5678850.73877388
1959,NVB,453944.981290813,5678850.44340017
1960,NVB,453945.675599547,5678850.11564177
1961,NVB,453946.326440497,5678849.82092201
1962,NVB,453947.02059332,5678849.51979696
1963,NVB,453947.809972601,5678849.21478983
1964,NVB,453948.555832175,5678848.95169915
1965,NVB,453949.293095525,5678848.67857023
1966,NVB,453950.00477802,5678848.33981542
1967,NVB,453950.664779552,5678847.95858714
1968,NVB,453951.350673398,5678847.58971768
1969,NVB,453951.993015108,5678847.26831336
1970,NVB,453952.626650246,5678846.95573619
1971,NVB,453953.277601008,5678846.64215049
1972,NVB,453953.911177629,5678846.33956077
1973,NVB,453954.588079084,5678846.02834627
1974,NVB,453955.308376753,5678845.69629996
1975,NVB,453956.002723571,5678845.36188229
1976,NVB,453956.688409248,5678845.02852366
1977,NVB,453957.322031036,5678844.71816558
1978,NVB,453957.946998184,5678844.40775682
1979,NVB,453958.624119968,5678844.05881122
1980,NVB,453959.266435125,5678843.74184523
1981,NVB,453959.917391843,5678843.42714925
1982,NVB,453960.594234394,5678843.12592178
1983,NVB,453961.279692547,5678842.83140324
1984,NVB,453961.973785763,5678842.54026444
1985,NVB,453962.685136188,5678842.25810462
1986,NVB,453963.465846549,5678841.95526476
1987,NVB,453964.151265553,5678841.66740434
1988,NVB,453964.758682917,5678841.39795377
1989,NVB,453965.504904548,5678841.07271674
1990,NVB,453966.164327196,5678840.79025296
1991,NVB,453966.806297875,5678840.53210194
1992,NVB,453967.43953606,5678840.287217
1993,NVB,453968.072793671,5678840.03900282
1994,NVB,453968.758115008,5678839.76778792
1995,NVB,453969.469562258,5678839.46898156
1996,NVB,453970.172439218,5678839.15569808
1997,NVB,453970.8927291,5678838.82476009
1998,NVB,453971.630399455,5678838.48171622
1999,NVB,453972.359505994,5678838.12308549
2000,NVB,453973.08869681,5678837.75002823
2001,NVB,453973.731186031,5678837.40309841
2002,NVB,453974.33888819,5678837.08481907
2003,NVB,453974.981377304,5678836.73788914
2004,NVB,453975.641233907,5678836.38107279
2005,NVB,453976.326872542,5678836.05548056
2006,NVB,453977.029606197,5678835.76661049
2007,NVB,453977.801576434,5678835.4781451
2008,NVB,453978.556088253,5678835.21510219
2009,NVB,453979.327948098,5678834.94550202
2010,NVB,453980.039141511,5678834.68997412
2011,NVB,453980.767695927,5678834.4256695
2012,NVB,453981.496334622,5678834.14693835
2013,NVB,453982.199054937,5678833.86028727
2014,NVB,453982.867169864,5678833.57121432
2015,NVB,453983.604748383,5678833.24370553
2016,NVB,453984.394364568,5678832.89763481
2017,NVB,453985.105868965,5678832.5888395
2018,NVB,453985.765880419,5678832.20538884
2019,NVB,453986.287768854,5678831.76120347
2020,NVB,453986.680091558,5678831.27297993
2021,NVB,453986.98608251,5678830.74762951
2022,NVB,453987.205631462,5678830.2040176
2023,NVB,453987.330103312,5678829.63876445
2024,NVB,453987.368100766,5678829.06079846
2025,NVB,453987.268092056,5678828.40212273
2026,NVB,453987.046575614,5678827.80155443
2027,NVB,453986.703629298,5678827.2457768
2028,NVB,453986.273488728,5678826.80046613
2029,NVB,453985.799530517,5678826.44811967
2030,NVB,453985.264529848,5678826.17420978
2031,NVB,453984.686016376,5678825.94110686
2032,NVB,453984.099010531,5678825.68021011
2033,NVB,453983.460343259,5678825.37351095
2034,NVB,453982.787187494,5678825.04441482
2035,NVB,453982.088081056,5678824.71294742
2036,NVB,453981.380586067,5678824.3359305
2037,NVB,453980.751196313,5678823.92274782
2038,NVB,453980.182648066,5678823.46553008
2039,NVB,453979.623137188,5678822.94288894
2040,NVB,453979.132817493,5678822.42842059
2041,NVB,453978.590473168,5678821.93029458
2042,NVB,453977.901533276,5678821.34031075
2043,NVB,453977.281440755,5678820.81731529
2044,NVB,453976.644149478,5678820.27535321
2045,NVB,453976.015480412,5678819.73899031
2046,NVB,453975.412599949,5678819.23274181
2047,NVB,453974.757954395,5678818.69844649
2048,NVB,453974.094712753,5678818.15411295
2049,NVB,453973.500461147,5678817.65235381
2050,NVB,453972.888932936,5678817.14494479
2051,NVB,453971.683938493,5678816.00149934
2052,NVB,453971.124539007,5678815.4599922
2053,NVB,453970.539467905,5678814.86839545
2054,NVB,453969.885439439,5678814.22867554
2055,NVB,453969.274443787,5678813.63026853
2056,NVB,453968.64611316,5678813.03619917
2057,NVB,453968.043648964,5678812.45892749
2058,NVB,453967.458429071,5678811.89285426
2059,NVB,453966.864814268,5678811.28234125
2060,NVB,453966.288339948,5678810.70078234
2061,NVB,453965.754703709,5678810.1938282
2062,NVB,453965.195123352,5678809.68339302
2063,NVB,453964.540609069,5678809.12690225
2064,NVB,453963.920388614,5678808.62610028
2065,NVB,453963.317373504,5678808.14315512
2066,NVB,453962.679941447,5678807.6256059
2067,NVB,453962.077017345,5678807.12712445
2068,NVB,453961.439299907,5678806.65840317
2069,NVB,453960.715471885,5678806.11482393
2070,NVB,453960.069502431,5678805.57724878
2071,NVB,453959.432336881,5678805.01420044
2072,NVB,453958.821115589,5678804.45463307
2073,NVB,453958.339706068,5678803.89693461
2074,NVB,453957.824002947,5678803.28354725
2075,NVB,453957.265066127,5678802.6632484
2076,NVB,453956.749129519,5678802.08981118
2077,NVB,453956.207359165,5678801.49402751
2078,NVB,453955.630931785,5678800.9046997
2079,NVB,453954.915791687,5678800.35562189
2080,NVB,453954.148620592,5678799.82399595
2081,NVB,453953.398557466,5678799.32687275
2082,NVB,453952.708946398,5678798.85229838
2083,NVB,453952.028171693,5678798.34670218
2084,NVB,453951.416821624,5678797.80932879
2085,NVB,453950.88324564,5678797.29238606
2086,NVB,453950.401895545,5678796.72469955
2087,NVB,453949.869033741,5678796.08568665
2088,NVB,453949.267318725,5678795.38079476
2089,NVB,453948.708136469,5678794.80266497
2090,NVB,453948.131638738,5678794.2255436
2091,NVB,453947.433912702,5678793.65881069
2092,NVB,453946.770428376,5678793.15664447
2093,NVB,453946.098367507,5678792.64111083
2094,NVB,453945.486602806,5678792.17475956
2095,NVB,453944.745805736,5678791.5733717
2096,NVB,453944.134670931,5678790.9993767
2097,NVB,453943.540955642,5678790.40661753
2098,NVB,453942.9130638,5678789.73819428
2099,NVB,453942.336703203,5678789.13776819
2100,NVB,453941.716920728,5678788.56261263
2101,NVB,453941.079842273,5678787.9851363
2102,NVB,453940.433927593,5678787.43868168
2103,NVB,453939.796459759,5678786.92778893
2104,NVB,453939.133171274,5678786.3923302
2105,NVB,453938.453047811,5678785.77575999
2106,NVB,453937.798316643,5678785.25699771
2107,NVB,453937.108142841,5678784.8789683
2108,NVB,453936.417436664,5678784.59193653
2109,NVB,453935.778333015,5678784.36069495
2110,NVB,453935.095313939,5678784.2390632
2111,NVB,453934.351096341,5678784.22250108
2112,NVB,453933.606404712,5678784.28694904
2113,NVB,453932.835320913,5678784.42448706
2114,NVB,453932.011920314,5678784.62830484
2115,NVB,453931.266202586,5678784.86808963
2116,NVB,453930.572327535,5678785.12260469
2117,NVB,453929.886951107,5678785.40380381
2118,NVB,453929.192744758,5678785.71491488
2119,NVB,453927.752112491,5678786.38677073
2120,NVB,453927.023099524,5678786.72986114
2121,NVB,453926.32008904,5678787.06644506
2122,NVB,453925.617013548,5678787.4141262
2123,NVB,453924.888045854,5678787.74944831
2124,NVB,453924.124602872,5678788.06015373
2125,NVB,453923.291806695,5678788.39042895
2126,NVB,453922.536972651,5678788.70895297
2127,NVB,453921.764608647,5678789.06510636
2128,NVB,453921.009514661,5678789.42801935
2129,NVB,453920.245577707,5678789.82306373
2130,NVB,453919.473031612,5678790.21028929
2131,NVB,453918.691856892,5678790.5930252
2132,NVB,453917.841361403,5678790.98978222
2133,NVB,453917.069022942,5678791.34149624
2134,NVB,453916.383470085,5678791.65265685
2135,NVB,453915.663273061,5678791.96805367
2136,NVB,453914.934395457,5678792.28783867
2137,NVB,453914.179554196,5678792.60747162
2138,NVB,453913.433588285,5678792.8894244
2139,NVB,453912.644161251,5678793.2033059
2140,NVB,453911.906622376,5678793.52414969
2141,NVB,453911.203766549,5678793.83409879
2142,NVB,453910.474784639,5678794.17163904
2143,NVB,453909.632929879,5678794.5706653
2144,NVB,453908.88661927,5678794.91143325
2145,NVB,453908.175134648,5678795.2168925
2146,NVB,453907.489782508,5678795.49365077
2147,NVB,453906.735109562,5678795.78443007
2148,NVB,453905.902266335,5678796.12247157
2149,NVB,453905.130011293,5678796.45975795
2150,NVB,453904.366339249,5678796.80930195
2151,NVB,453903.602569668,5678797.17549179
2152,NVB,453902.864724642,5678797.54849196
2153,NVB,453902.126938032,5678797.91150451
2154,NVB,453901.432625489,5678798.2403688
2155,NVB,453900.77301552,5678798.55500927
2156,NVB,453900.09602494,5678798.88175535
2157,NVB,453899.34959653,5678799.2424975
2158,NVB,453898.637974669,5678799.57126019
2159,NVB,453897.900343632,5678799.90763886
2160,NVB,453897.214860738,5678800.20659081
2161,NVB,453896.338581445,5678800.57212109
2162,NVB,453895.549172437,5678800.8826717
2163,NVB,453894.733728251,5678801.20527719
2164,NVB,453893.935651573,5678801.51799641
2165,NVB,453893.120142259,5678801.85169902
2166,NVB,453892.48670326,5678802.13097956
2167,NVB,453891.905477454,5678802.36173614
2168,NVB,453891.202737021,5678802.65170836
2169,NVB,453890.543405751,5678802.91862968
2170,NVB,453889.840619718,5678803.21636987
2171,NVB,453889.155116722,5678803.5186503
2172,NVB,453888.434865494,5678803.84292247
2173,NVB,453887.679996022,5678804.1669918
2174,NVB,453886.93365753,5678804.51219659
2175,NVB,453886.18729947,5678804.86073049
2176,NVB,453885.475605038,5678805.201699
2177,NVB,453884.76390404,5678805.54377718
2178,NVB,453883.982791082,5678805.91541238
2179,NVB,453883.279900517,5678806.23090765
2180,NVB,453882.637897271,5678806.49460051
2181,NVB,453881.935266632,5678806.76570653
2182,NVB,453881.241355502,5678807.02576591
2183,NVB,453880.547346811,5678807.30247115
2184,NVB,453879.766500021,5678807.62860708
2185,NVB,453879.080996247,5678807.93088663
2186,NVB,453878.352031127,5678808.26509473
2187,NVB,453877.596985265,5678808.61912576
2188,NVB,453876.83321977,5678808.9842033
2189,NVB,453876.052034571,5678809.36804473
2190,NVB,453875.331515683,5678809.73781456
2191,NVB,453874.637038406,5678810.0944197
2192,NVB,453873.968700277,5678810.42121425
2193,NVB,453873.369897611,5678810.69736691
2194,NVB,453872.692755277,5678811.04963439
2195,NVB,453872.00690631,5678811.41072892
2196,NVB,453871.329776852,5678811.76077682
2197,NVB,453870.609348555,5678812.11501003
2198,NVB,453869.897678786,5678812.45153823
2199,NVB,453869.108085441,5678812.79315859
2200,NVB,453868.370659964,5678813.09402322
2201,NVB,453867.711346531,5678813.35761344
2202,NVB,453867.034704434,5678813.62443137
2203,NVB,453866.349420738,5678813.88897907
2204,NVB,453865.646951442,5678814.13234044
2205,NVB,453864.953117147,5678814.37908165
2206,NVB,453864.181014597,5678814.68973057
2207,NVB,453863.417547034,5678815.00375932
2208,NVB,453862.636445115,5678815.37317295
2209,NVB,453861.915944546,5678815.73961238
2210,NVB,453861.186717809,5678816.11820802
2211,NVB,453860.501004443,5678816.45599727
2212,NVB,453859.841430301,5678816.76397597
2213,NVB,453859.12099451,5678817.11931786
2214,NVB,453858.426593885,5678817.46260484
2215,NVB,453857.749638907,5678817.78268892
2216,NVB,453856.951207804,5678818.15532974
2217,NVB,453856.222253789,5678818.48731634
2218,NVB,453855.589280434,5678818.68669351
2219,NVB,453854.783040177,5678818.91501872
2220,NVB,453854.115331415,5678819.13416796
2221,NVB,453853.291456697,5678819.41787797
2222,NVB,453852.606386686,5678819.64580345
2223,NVB,453851.886561771,5678819.89683023
2224,NVB,453851.175313314,5678820.16122442
2225,NVB,453850.481126737,5678820.46788968
2226,NVB,453849.726013372,5678820.83301533
2227,NVB,453849.144329517,5678821.14144974
2228,NVB,453848.519203648,5678821.47848337
2229,NVB,453847.815978453,5678821.85057162
2230,NVB,453847.173510811,5678822.1930523
2231,NVB,453846.479122216,5678822.53411879
2232,NVB,453845.767430932,5678822.873974
2233,NVB,453845.047111044,5678823.2093395
2234,NVB,453844.352813351,5678823.5348696
2235,NVB,453843.684609429,5678823.8383573
2236,NVB,453843.042382169,5678824.13977771
2237,NVB,453842.36551707,5678824.44432428
2238,NVB,453841.584751541,5678824.75602998
2239,NVB,453840.864743614,5678825.03812816
2240,NVB,453840.257667973,5678825.24875361
2241,NVB,453839.572551516,5678825.48444606
2242,NVB,453838.818035785,5678825.74747568
2243,NVB,453838.167452929,5678825.99779746
2244,NVB,453837.490808716,5678826.26461286
2245,NVB,453836.761963726,5678826.57773229
2246,NVB,453836.102491902,5678826.86795336
2247,NVB,453835.425645815,5678827.16917016
2248,NVB,453834.731379902,5678827.48915078
2249,NVB,453834.063064637,5678827.81150304
2250,NVB,453833.377329541,5678828.15261912
2251,NVB,453832.682900762,5678828.50034276
2252,NVB,453832.005768056,5678828.85038731
2253,NVB,453831.389458099,5678829.15972713
2254,NVB,453830.790652481,5678829.43587657
2255,NVB,453830.191840313,5678829.71313569
2256,NVB,453829.584354002,5678829.99367319
2257,NVB,453828.890211257,5678830.29256846
2258,NVB,453828.178733273,5678830.59580107
2259,NVB,453827.484590418,5678830.89469622
2260,NVB,453826.755822694,5678831.19449799
2261,NVB,453826.053357096,5678831.43674612
2262,NVB,453825.350917491,5678831.67455527
2263,NVB,453824.674396009,5678831.92028475
2264,NVB,453824.023584371,5678832.20944584
2265,NVB,453823.372733627,5678832.50526525
2266,NVB,453822.643711738,5678832.84834605
2267,NVB,453821.966708387,5678833.17619517
2268,NVB,453821.324505556,5678833.47317491
2269,NVB,453820.604196651,5678833.80631873
2270,NVB,453819.875343768,5678834.12054634
2271,NVB,453819.129220724,5678834.42801397
2272,NVB,453818.339616407,5678834.770739
2273,NVB,453817.688661075,5678835.0843136
2274,NVB,453817.003022271,5678835.40878234
2275,NVB,453816.317500587,5678835.71327592
2276,NVB,453815.649431238,5678835.99345696
2277,NVB,453815.007423239,5678836.25714434
2278,NVB,453814.382730868,5678836.51982349
2279,NVB,453813.740644658,5678836.7968275
2280,NVB,453812.976782257,5678837.17743507
2281,NVB,453812.26497749,5678837.53615265
2282,NVB,453811.639998457,5678837.84765962
2283,NVB,453810.884888096,5678838.21167183
2284,NVB,453810.216636032,5678838.52292481
2285,NVB,453809.52249829,5678838.82070865
2286,NVB,453808.811148991,5678839.10174495
2287,NVB,453808.039106853,5678839.40129111
2288,NVB,453807.310474319,5678839.67778681
2289,NVB,453806.607922697,5678839.93445968
2290,NVB,453805.801249024,5678840.23602195
2291,NVB,453805.133100768,5678840.52951884
2292,NVB,453804.464887342,5678840.83411296
2293,NVB,453803.822565996,5678841.15106638
2294,NVB,453803.128134743,5678841.49878743
2295,NVB,453802.459771381,5678841.82890513
2296,NVB,453801.817410802,5678842.15251675
2297,NVB,453801.122933782,5678842.50800572
2298,NVB,453800.281016093,5678842.91589819
2299,NVB,453799.560620754,5678843.26346656
2300,NVB,453798.866273782,5678843.59676076
2301,NVB,453798.119934083,5678843.94084745
2302,NVB,453797.425775856,5678844.24195942
2303,NVB,453796.835733181,5678844.4992917
2304,NVB,453796.115682724,5678844.78804417
2305,NVB,453795.456520461,5678845.0249949
2306,NVB,453794.754039607,5678845.26945971
2307,NVB,453794.034138803,5678845.53268824
2308,NVB,453793.27075656,5678845.83117403
2309,NVB,453792.559308331,5678846.12885479
2310,NVB,453791.917148902,5678846.41806405
2311,NVB,453791.240247292,5678846.72815489
2312,NVB,453790.467897578,5678847.07985656
2313,NVB,453789.816998718,5678847.38344131
2314,NVB,453789.192063594,5678847.6871784
2315,NVB,453788.619192781,5678847.96791597
2316,NVB,453788.020247407,5678848.26736646
2317,NVB,453787.386624976,5678848.57660125
2318,NVB,453786.744458636,5678848.86691982
2319,NVB,453786.024348771,5678849.16565892
2320,NVB,453785.321704387,5678849.43786609
2321,NVB,453784.662508827,5678849.68036457
2322,NVB,453783.93388101,5678849.95574838
2323,NVB,453782.554490549,5678850.51141199
2324,NVB,453781.869122544,5678850.78926911
2325,NVB,453781.201089747,5678851.06278888
2326,NVB,453780.532985236,5678851.3485156
2327,NVB,453779.882079118,5678851.65320926
2328,NVB,453779.170479993,5678851.97641257
2329,NVB,453778.432851855,5678852.31056066
2330,NVB,453777.660487974,5678852.66448053
2331,NVB,453776.940227551,5678852.98874255
2332,NVB,453776.219986612,5678853.30967533
2333,NVB,453775.517230741,5678853.60074701
2334,NVB,453774.849275669,5678853.8609495
2335,NVB,453774.172424861,5678854.16216106
2336,NVB,453773.521414001,5678854.48460984
2337,NVB,453772.887875197,5678854.77941701
2338,NVB,453772.23707275,5678855.0663544
2339,NVB,453771.594983505,5678855.34335499
2340,NVB,453770.918158507,5678855.64012736
2341,NVB,453770.215284931,5678855.95117368
2342,NVB,453769.512411298,5678856.26221993
2343,NVB,453768.826872886,5678856.56892885
2344,NVB,453768.141399586,5678856.86454043
2345,NVB,453767.44721298,5678857.17008868
2346,NVB,453766.674926321,5678857.51069074
2347,NVB,453765.946049483,5678857.82824257
2348,NVB,453765.260595516,5678858.12052472
2349,NVB,453764.540379692,5678858.43701752
2350,NVB,453763.854782232,5678858.75371356
2351,NVB,453763.169249896,5678859.05931227
2352,NVB,453762.431685576,5678859.38236158
2353,NVB,453761.78958259,5678859.66158084
2354,NVB,453761.112626488,5678859.98054693
2355,NVB,453760.418159058,5678860.33381287
2356,NVB,453759.697747291,5678860.68359707
2357,NVB,453758.960078385,5678861.02440172
2358,NVB,453758.231174832,5678861.34639175
2359,NVB,453757.536915734,5678861.66414614
2360,NVB,453756.877392351,5678861.96212871
2361,NVB,453756.183217882,5678862.26545651
2362,NVB,453755.437109174,5678862.56958896
2363,NVB,453754.777689934,5678862.8498157
2364,NVB,453754.126879626,5678863.13786133
2365,NVB,453753.441405188,5678863.43347163
2366,NVB,453752.72990819,5678863.73891692
2367,NVB,453751.966405231,5678864.05737382
2368,NVB,453751.211674167,5678864.3559064
2369,NVB,453750.500300862,5678864.64026664
2370,NVB,453749.797490849,5678864.94021386
2371,NVB,453749.146549793,5678865.25045364
2372,NVB,453748.460983708,5678865.56159971
2373,NVB,453747.766671677,5678865.88823107
2374,NVB,453747.055069917,5678866.21143149
2375,NVB,453746.369490622,5678866.52479683
2376,NVB,453745.692709329,5678866.81379895
2377,NVB,453744.99863831,5678867.09937012
2378,NVB,453744.217825469,5678867.41772459
2379,NVB,453743.515041045,5678867.71323234
2380,NVB,453742.881676073,5678867.97807445
2381,NVB,453742.187526605,5678868.27696211
2382,NVB,453741.51928225,5678868.58598983
2383,NVB,453740.842311498,5678868.90717365
2384,NVB,453740.061126627,5678869.2887822
2385,NVB,453739.375396801,5678869.62767069
2386,NVB,453738.672396803,5678869.95979903
2387,NVB,453737.9521788,5678870.27628941
2388,NVB,453737.223508268,5678870.5583273
2389,NVB,453736.495000717,5678870.81262191
2390,NVB,453735.801000738,5678871.08598527
2391,NVB,453735.089495825,5678871.3925387
2392,NVB,453734.395352272,5678871.69031595
2393,NVB,453733.675218713,5678871.99237948
2394,NVB,453732.920368782,5678872.31088541
2395,NVB,453732.200091629,5678872.63736282
2396,NVB,453730.75926974,5678873.33581629
2397,NVB,453730.065028018,5678873.65023909
2398,NVB,453729.336082951,5678873.97888483
2399,NVB,453728.676557446,5678874.27686504
2400,NVB,453728.060409373,5678874.55734389
2401,NVB,453727.400838113,5678874.8630921
2402,NVB,453726.645687608,5678875.23264492
2403,NVB,453725.942738743,5678875.55589432
2404,NVB,453725.239868091,5678875.86582691
2405,NVB,453724.554319682,5678876.17364173
2406,NVB,453723.712524801,5678876.55933148
2407,NVB,453723.009575693,5678876.88258061
2408,NVB,453722.280806151,5678877.18126305
2409,NVB,453721.552206163,5678877.45109248
2410,NVB,453720.832143327,5678877.74094783
2411,NVB,453720.146666338,5678878.03655525
2412,NVB,453719.391880504,5678878.34396261
2413,NVB,453718.654547391,5678878.62705764
2414,NVB,453717.925744901,5678878.93128831
2415,NVB,453717.266270728,5678879.22038975
2416,NVB,453716.59809621,5678879.51720836
2417,NVB,453715.904022988,5678879.80277698
2418,NVB,453715.201340753,5678880.08052657
2419,NVB,453714.455019952,5678880.42016646
2420,NVB,453713.743278466,5678880.76666817
2421,NVB,453713.092230258,5678881.09466063
2422,NVB,453712.441116753,5678881.43375032
2423,NVB,453711.703195871,5678881.81672023
2424,NVB,453711.034701205,5678882.16791504
2425,NVB,453710.374854585,5678882.52027041
2426,NVB,453709.671702111,5678882.87791992
2427,NVB,453708.994689654,5678883.20575938
2428,NVB,453708.3264427,5678883.5147843
2429,NVB,453707.614883367,5678883.83021308
2430,NVB,453706.903356602,5678884.14009315
2431,NVB,453706.157269966,5678884.43978204
2432,NVB,453705.393926204,5678884.73049126
2433,NVB,453704.613129546,5678885.04551263
2434,NVB,453703.85827716,5678885.3640158
2435,NVB,453703.181551377,5678885.64302672
2436,NVB,453702.513480186,5678885.92208849
2437,NVB,453701.775963008,5678886.23625433
2438,NVB,453701.125070467,5678886.53761233
2439,NVB,453700.482825989,5678886.84013091
2440,NVB,453699.762591812,5678887.15883727
2441,NVB,453699.042377161,5678887.47421438
2442,NVB,453698.322097183,5678887.8006887
2443,NVB,453697.593071129,5678888.14264826
2444,NVB,453696.846951116,5678888.44788491
2445,NVB,453696.040300775,5678888.74388736
2446,NVB,453695.277165072,5678888.9990843
2447,NVB,453694.557563609,5678889.21014656
2448,NVB,453693.838040433,5678889.40789202
2449,NVB,453693.161849174,5678889.59590439
2450,NVB,453692.5116675,5678889.77630133
2451,NVB,453691.748753512,5678889.99376717
2452,NVB,453691.003194461,5678890.20356666
2453,NVB,453690.301091356,5678890.38254824
2454,NVB,453689.53831433,5678890.57670958
2455,NVB,453688.766784703,5678890.78746586
2456,NVB,453687.977834771,5678891.01698562
2457,NVB,453687.206194084,5678891.24660712
2458,NVB,453686.382514502,5678891.49478845
2459,NVB,453685.602127676,5678891.73989508
2460,NVB,453684.839219829,5678891.95625053
2461,NVB,453684.137025021,5678892.15076775
2462,NVB,453683.426149418,5678892.34967291
2463,NVB,453682.715280307,5678892.54746827
2464,NVB,453682.013072333,5678892.74420476
2465,NVB,453681.293104535,5678893.01741059
2466,NVB,453680.607703041,5678893.29969785
2467,NVB,453679.913712141,5678893.57083686
2468,NVB,453679.089640324,5678893.88560111
2469,NVB,453678.335008026,5678894.16637109
2470,NVB,453677.693277854,5678894.38121929
2471,NVB,453676.869558457,5678894.636058
2472,NVB,453676.097910542,5678894.86678815
2473,NVB,453675.352311415,5678895.08324453
2474,NVB,453674.597992296,5678895.3107472
2475,NVB,453673.809002302,5678895.54692391
2476,NVB,453672.950748946,5678895.78713204
2477,NVB,453672.187905645,5678895.99238899
2478,NVB,453671.442384662,5678896.19552827
2479,NVB,453670.670932343,5678896.39296604
2480,NVB,453669.951466655,5678896.58072178
2481,NVB,453669.266534637,5678896.78310764
2482,NVB,453668.564214912,5678896.99870831
2483,NVB,453667.818615365,5678897.21516399
2484,NVB,453667.055615041,5678897.44705391
2485,NVB,453666.28388165,5678897.69220957
2486,NVB,453665.52069183,5678897.95628146
2487,NVB,453664.783465913,5678898.22050609
2488,NVB,453663.959530144,5678898.51196448
2489,NVB,453663.196314037,5678898.78047506
2490,NVB,453662.450459439,5678899.04020962
2491,NVB,453661.687275886,5678899.30317142
2492,NVB,453660.93283185,5678899.55175762
2493,NVB,453660.161176435,5678899.78359594
2494,NVB,453659.398345461,5678899.9866322
2495,NVB,453658.713458583,5678900.18124905
2496,NVB,453658.019903957,5678900.37803435
2497,NVB,453657.27410782,5678900.62778087
2498,NVB,453656.510930466,5678900.88963244
2499,NVB,453655.713147507,5678901.14906069
2500,NVB,453654.924045283,5678901.4041009
2501,NVB,453654.15228498,5678901.65369428
2502,NVB,453653.449951324,5678901.87151307
2503,NVB,453652.738976038,5678902.08706138
2504,NVB,453651.958410678,5678902.36212735
2505,NVB,453651.221275342,5678902.61081452
2506,NVB,453650.44952133,5678902.85929782
2507,NVB,453649.677767271,5678903.10778104
2508,NVB,453648.923342077,5678903.35303691
2509,NVB,453648.212314259,5678903.57746264
2510,NVB,453647.492677477,5678903.79406926
2511,NVB,453646.677551932,5678904.05894333
2512,NVB,453645.905843367,5678904.29965809
2513,NVB,453645.108223051,5678904.53134207
2514,NVB,453644.301974162,5678904.7585361
2515,NVB,453643.52169574,5678904.9847732
2516,NVB,453642.845345061,5678905.19941474
2517,NVB,453642.168961674,5678905.41960486
2518,NVB,453641.510024791,5678905.61659256
2519,NVB,453640.816449631,5678905.81670554
2520,NVB,453640.079627275,5678906.01212472
2521,NVB,453639.360101128,5678906.20986522
2522,NVB,453638.614663243,5678906.39857494
2523,NVB,453637.869192645,5678906.59283323
2524,NVB,453637.132350534,5678906.79158132
2525,NVB,453636.343338609,5678907.03108348
2526,NVB,453635.606346102,5678907.25535518
2527,NVB,453634.886806653,5678907.45531473
2528,NVB,453634.193244227,5678907.65320767
2529,NVB,453633.464860511,5678907.88529824
2530,NVB,453632.727776335,5678908.12510586
2531,NVB,453631.990646368,5678908.37268152
2532,NVB,453631.201477258,5678908.63881664
2533,NVB,453630.455666383,5678908.89078008
2534,NVB,453629.709763952,5678909.15827966
2535,NVB,453628.998584707,5678909.40822741
2536,NVB,453628.287509997,5678909.64041945
2537,NVB,453627.567826333,5678909.86479235
2538,NVB,453626.848194924,5678910.08028737
2539,NVB,453626.067895839,5678910.30985193
2540,NVB,453625.330948475,5678910.52635457
2541,NVB,453623.882952254,5678910.97060988
2542,NVB,453623.120073455,5678911.18141073
2543,NVB,453622.322615172,5678911.38534921
2544,NVB,453621.421183173,5678911.60865091
2545,NVB,453620.649682261,5678911.81385191
2546,NVB,453619.86074776,5678912.04003568
2547,NVB,453619.123623544,5678912.28650041
2548,NVB,453618.438551498,5678912.51218615
2549,NVB,453617.753420577,5678912.74785939
2550,NVB,453617.042149082,5678913.01334226
2551,NVB,453616.270137945,5678913.30510162
2552,NVB,453615.44604836,5678913.6220787
2553,NVB,453614.691522976,5678913.88397722
2554,NVB,453613.954607645,5678914.09493017
2555,NVB,453613.261050623,5678914.29171154
2556,NVB,453612.550099221,5678914.50281734
2557,NVB,453611.821779594,5678914.72380863
2558,NVB,453611.093427231,5678914.95034849
2559,NVB,453610.304354813,5678915.19983561
2560,NVB,453609.541213663,5678915.45502427
2561,NVB,453608.804069172,5678915.70481722
2562,NVB,453608.066970406,5678915.946842
2563,NVB,453607.252012247,5678916.18285908
2564,NVB,453606.515116108,5678916.39048215
2565,NVB,453605.81287786,5678916.59165078
2566,NVB,453605.049886836,5678916.82131527
2567,NVB,453604.295576596,5678917.04659177
2568,NVB,453603.575996182,5678917.25320684
2569,NVB,453602.830451709,5678917.45966884
2570,NVB,453602.09348993,5678917.67838877
2571,NVB,453601.313123939,5678917.91904817
2572,NVB,453600.506689231,5678918.17731012
2573,NVB,453599.717589979,5678918.43123509
2574,NVB,453598.980542993,5678918.6643812
2575,NVB,453598.217531936,5678918.89737422
2576,NVB,453597.506586242,5678919.10736893
2577,NVB,453596.804295182,5678919.31741459
2578,NVB,453596.093375572,5678919.52297026
2579,NVB,453595.382455924,5678919.72852587
2580,NVB,453594.645454471,5678919.95390347
2581,NVB,453593.917088025,5678920.18266121
2582,NVB,453593.180073405,5678920.41025814
2583,NVB,453592.408426947,5678920.6398704
2584,NVB,453591.558705189,5678920.90009581
2585,NVB,453590.778305832,5678921.14630281
2586,NVB,453590.067281225,5678921.36961359
2587,NVB,453589.330207499,5678921.60719771
2588,NVB,453588.636531415,5678921.82395203
2589,NVB,453587.873454315,5678922.06804133
2590,NVB,453587.188360864,5678922.29705355
2591,NVB,453586.511974389,5678922.51723891
2592,NVB,453585.783731769,5678922.72491107
2593,NVB,453585.029577406,5678922.92355226
2594,NVB,453584.249426255,5678923.12758895
2595,NVB,453583.469183464,5678923.34716175
2596,NVB,453582.714878499,5678923.57132647
2597,NVB,453581.97785668,5678923.80003209
2598,NVB,453581.171459965,5678924.0516337
2599,NVB,453580.434398798,5678924.28699753
2600,NVB,453579.749350731,5678924.50824101
2601,NVB,453579.003634791,5678924.74355369
2602,NVB,453578.257925351,5678924.97775657
2603,NVB,453577.546939289,5678925.19440785
2604,NVB,453576.783933484,5678925.42628907
2605,NVB,453576.159585777,5678925.62791437
2606,NVB,453575.517837056,5678925.84497374
2607,NVB,453574.858759305,5678926.06526017
2608,NVB,453574.164794482,5678926.33084126
2609,NVB,453573.43609308,5678926.61619324
2610,NVB,453572.681434119,5678926.90028232
2611,NVB,453571.892175997,5678927.18083799
2612,NVB,453571.068351435,5678927.45231159
2613,NVB,453570.288088197,5678927.67521228
2614,NVB,453569.612073813,5678927.8321417
2615,NVB,453568.927476706,5678927.97681301
2616,NVB,453568.138872817,5678928.14639549
2617,NVB,453567.393319799,5678928.35396387
2618,NVB,453566.647609657,5678928.58816565
2619,NVB,453565.936505122,5678928.824791
2620,NVB,453565.095239897,5678929.11835646
2621,NVB,453564.375604943,5678929.33384578
2622,NVB,453563.612683421,5678929.55129926
2623,NVB,453562.832504848,5678929.75977275
2624,NVB,453562.095724037,5678929.94741657
2625,NVB,453561.402275539,5678930.12532802
2626,NVB,453560.596014957,5678930.35362325
2627,NVB,453559.789695414,5678930.59190594
2628,NVB,453559.026629626,5678930.83377299
2629,NVB,453558.150692793,5678931.13601132
2630,NVB,453557.352779024,5678931.41651449
2631,NVB,453556.702302594,5678931.64572829
2632,NVB,453555.878477021,5678931.91720031
2633,NVB,453555.158599322,5678932.17374874
2634,NVB,453554.48202776,5678932.42500375
2635,NVB,453553.77088322,5678932.66828637
2636,NVB,453553.007777757,5678932.91681121
2637,NVB,453552.149313514,5678933.1914078
2638,NVB,453551.403674458,5678933.41340113
2639,NVB,453550.684091101,5678933.62001139
2640,NVB,453549.955898839,5678933.81880242
2641,NVB,453549.054370447,5678934.05763206
2642,NVB,453548.291389096,5678934.28507162
2643,NVB,453547.511026294,5678934.52461598
2644,NVB,453546.730702727,5678934.75750189
2645,NVB,453545.941665491,5678935.00032421
2646,NVB,453545.152634751,5678935.24203673
2647,NVB,453544.381168726,5678935.44057191
2648,NVB,453543.644367276,5678935.6315432
2649,NVB,453542.872560661,5678935.88778409
2650,NVB,453541.979300136,5678936.19213795
2651,NVB,453541.250675205,5678936.46417024
2652,NVB,453540.522030573,5678936.73953163
2653,NVB,453539.775991366,5678937.02921729
2654,NVB,453539.125461556,5678937.26730746
2655,NVB,453538.405615546,5678937.51830573
2656,NVB,453537.599189783,5678937.7743418
2657,NVB,453536.870826515,5678938.00198456
2658,NVB,453536.125343738,5678938.19734298
2659,NVB,453535.345229039,5678938.39471647
2660,NVB,453534.582449892,5678938.58775314
2661,NVB,453533.837006297,5678938.77645297
2662,NVB,453533.100210816,5678938.96631355
2663,NVB,453532.354551006,5678939.19163427
2664,NVB,453531.582841909,5678939.43122814
2665,NVB,453530.776356767,5678939.69725108
2666,NVB,453530.039220516,5678939.94481723
2667,NVB,453529.397665817,5678940.12858102
2668,NVB,453528.704091189,5678940.32757443
2669,NVB,453528.010490325,5678940.5310067
2670,NVB,453527.282283724,5678940.7320151
2671,NVB,453526.484682274,5678940.9592482
2672,NVB,453525.730360827,5678941.18562694
2673,NVB,453524.941335371,5678941.42622771
2674,NVB,453524.169088639,5678941.75681856
2675,NVB,453523.448842111,5678942.07550887
2676,NVB,453522.719993232,5678942.3852702
2677,NVB,453522.06954106,5678942.61004224
2678,NVB,453521.427848371,5678942.81710967
2679,NVB,453520.655856862,5678943.10442078
2680,NVB,453519.935931089,5678943.3687341
2681,NVB,453519.25988809,5678943.53009812
2682,NVB,453518.453847617,5678943.72065829
2683,NVB,453517.673705695,5678943.92246895
2684,NVB,453516.919527844,5678944.12443283
2685,NVB,453516.156682144,5678944.328565
2686,NVB,453515.28981615,5678944.55982709
2687,NVB,453514.48359856,5678944.78034951
2688,NVB,453513.720523397,5678945.02332192
2689,NVB,453512.992119421,5678945.25762085
2690,NVB,453512.27254048,5678945.46311788
2691,NVB,453511.570257802,5678945.67093652
2692,NVB,453510.867942323,5678945.88430373
2693,NVB,453510.078883158,5678946.13045166
2694,NVB,453509.341745628,5678946.37801588
2695,NVB,453508.613498668,5678946.58568093
2696,NVB,453507.859176146,5678946.81205796
2697,NVB,453507.113298579,5678947.07399733
2698,NVB,453506.367407852,5678947.33815608
2699,NVB,453505.543460872,5678947.62959797
2700,NVB,453504.832221637,5678947.88841239
2701,NVB,453503.982231771,5678948.19301751
2702,NVB,453503.184307718,5678948.47462494
2703,NVB,453502.403843766,5678948.73081077
2704,NVB,453501.580388047,5678948.93902264
2705,NVB,453500.765567329,5678949.15061472
2706,NVB,453500.011146011,5678949.39363693
2707,NVB,453499.282819863,5678949.61461786
2708,NVB,453498.502499867,5678949.84638928
2709,NVB,453497.635842474,5678950.04213814
2710,NVB,453496.838507931,5678950.2238694
2711,NVB,453496.093114724,5678950.40368785
2712,NVB,453495.347590382,5678950.6057008
2713,NVB,453494.679866627,5678950.82370997
2714,NVB,453493.977360109,5678951.06925779
2715,NVB,453493.274801105,5678951.32368338
2716,NVB,453492.520366227,5678951.56892433
2717,NVB,453491.670500021,5678951.8524433
2718,NVB,453490.92468042,5678952.10439359
2719,NVB,453490.274272393,5678952.32139491
2720,NVB,453489.450488169,5678952.58509192
2721,NVB,453488.765520209,5678952.79190106
2722,NVB,453488.045782571,5678953.02402936
2723,NVB,453487.291065447,5678953.31698812
2724,NVB,453486.562502539,5678953.57791808
2725,NVB,453485.756112715,5678953.82729051
2726,NVB,453484.96692081,5678954.09563049
2727,NVB,453484.246769872,5678954.39767131
2728,NVB,453483.509512704,5678954.66520823
2729,NVB,453482.781264265,5678954.8728709
2730,NVB,453482.070423573,5678955.06398986
2731,NVB,453481.359609074,5678955.25066984
2732,NVB,453480.68340685,5678955.43866403
2733,NVB,453479.963917892,5678955.62862193
2734,NVB,453479.175073138,5678955.83814575
2735,NVB,453478.394889615,5678956.04661091
2736,NVB,453477.588682876,5678956.26491011
2737,NVB,453476.817042507,5678956.49229163
2738,NVB,453475.958645062,5678956.75467294
2739,NVB,453475.204274682,5678956.98881495
2740,NVB,453474.458506508,5678957.23188586
2741,NVB,453473.764614136,5678957.48414141
2742,NVB,453473.062217837,5678957.710822
2743,NVB,453472.351363527,5678957.90415953
2744,NVB,453471.623029222,5678958.12624764
2745,NVB,453470.833619955,5678958.43120724
2746,NVB,453469.97478923,5678958.76682995
2747,NVB,453469.168201564,5678959.04949252
2748,NVB,453468.405261298,5678959.26915627
2749,NVB,453467.590228689,5678959.51625623
2750,NVB,453466.783817956,5678959.76895591
2751,NVB,453465.986140599,5678960.00838992
2752,NVB,453465.01516542,5678960.28120231
2753,NVB,453464.269639306,5678960.48321232
2754,NVB,453463.454711388,5678960.71255621
2755,NVB,453462.830495617,5678960.89086827
2756,NVB,453462.136904281,5678961.0920753
2757,NVB,453461.347901047,5678961.32823082
2758,NVB,453460.567467206,5678961.57886388
2759,NVB,453459.752197939,5678961.86591324
2760,NVB,453458.919717568,5678962.13621428
2761,NVB,453458.139198289,5678962.40127356
2762,NVB,453457.470803309,5678962.73247186
2763,NVB,453456.845025855,5678963.17489872
2764,NVB,453456.305146102,5678963.72770027
2765,NVB,453455.885448353,5678964.4476773
2766,NVB,453455.681338005,5678965.30099109
2767,NVB,453455.744677875,5678966.29904594
2768,NVB,453456.102383537,5678967.28108475
2769,NVB,453456.641700867,5678968.2875023
2770,NVB,453457.284547099,5678969.35002017
2771,NVB,453457.952517995,5678970.55473667
2772,NVB,453458.611657239,5678971.7893646
2773,NVB,453459.210410345,5678972.9903425
2774,NVB,453459.912134887,5678974.34174756
2775,NVB,453460.648681984,5678975.65895563
2776,NVB,453461.479565587,5678977.12321048
2777,NVB,453462.215988583,5678978.46150323
2778,NVB,453462.831028962,5678979.83570072
2779,NVB,453463.428537049,5678981.24752659
2780,NVB,453464.034516439,5678982.69047596
2781,NVB,453464.658054803,5678984.09135792
2782,NVB,453465.333843292,5678985.43817009
2783,NVB,453465.940623573,5678986.74573247
2784,NVB,453466.676444829,5678988.18611974
2785,NVB,453467.317726511,5678989.51386173
2786,NVB,453457.745846819,5679017.22808634
2787,NVB,453457.201376069,5679017.09280544
2788,NVB,453456.761189169,5679016.88600614
2789,NVB,453456.3905817,5679016.62191028
2790,NVB,453456.054921412,5679016.30253266
2791,NVB,453455.788873363,5679015.92030986
2792,NVB,453455.52314024,5679015.4848201
2793,NVB,453455.231377197,5679015.06027412
2794,NVB,453455.01762531,5679014.61621351
2795,NVB,453454.942756701,5679014.10416843
2796,NVB,453455.110838648,5679013.48924156
2797,NVB,453455.261027121,5679012.97297814
2798,NVB,453455.393689519,5679012.49323341
2799,NVB,453455.638752497,5679012.0330192
2800,NVB,453455.952548522,5679011.65866336
2801,NVB,453456.30052408,5679011.35886395
2802,NVB,453456.881922755,5679011.10372533
2803,NVB,453457.653398488,5679010.90519866
2804,NVB,453458.511441631,5679010.70385435
2805,NVB,453459.438814788,5679010.48738305
2806,NVB,453460.279935314,5679010.22046228
2807,NVB,453460.957087331,5679009.87266897
2808,NVB,453461.582605818,5679009.4746309
2809,NVB,453462.182441976,5679009.028721
2810,NVB,453462.739227214,5679008.54482452
2811,NVB,453463.383393172,5679007.92050411
2812,NVB,453463.888675973,5679007.36416829
2813,NVB,453464.40328252,5679006.69469134
2814,NVB,453464.81432688,5679005.97466272
2815,NVB,453465.095674223,5679005.23278194
2816,NVB,453465.273695559,5679004.40039932
2817,NVB,453465.433849797,5679003.66224127
2818,NVB,453465.793391636,5679002.86977336
2819,NVB,453466.34368592,5679002.01961524
2820,NVB,453466.729441137,5679001.18513109
2821,NVB,453466.959377697,5679000.3552748
2822,NVB,453467.076821941,5678999.52142434
2823,NVB,453467.133728726,5678998.67944771
2824,NVB,453467.217058913,5678997.75994358
2825,NVB,453467.438491418,5678996.90451238
2826,NVB,453467.737370728,5678996.12500305
2827,NVB,453468.079773013,5678995.30357981
2828,NVB,453468.39616504,5678994.48977118
2829,NVB,453468.686710784,5678993.65583399
2830,NVB,453469.003745432,5678992.733272
2831,NVB,453469.398030074,5678991.9199237
2832,NVB,453469.887792403,5678991.06052944
2833,NVB,453470.360507461,5678990.15664374
2834,NVB,453470.625134492,5678989.31478493
2835,NVB,453470.768483439,5678988.4910754
2836,NVB,453470.85127533,5678987.66256892
2837,NVB,453470.882073116,5678986.84485282
2838,NVB,453470.973880441,5678985.95536245
2839,NVB,453471.134591262,5678985.12287738
2840,NVB,453471.46798384,5678984.36132814
2841,NVB,453471.939878546,5678983.59615835
2842,NVB,453472.437724284,5678982.83336141
2843,NVB,453472.675980021,5678982.06015223
2844,NVB,453472.715012631,5678981.31350985
2845,NVB,453472.823650444,5678980.50513189
2846,NVB,453472.984059297,5678979.72369428
2847,NVB,453473.161672676,5678978.9601146
2848,NVB,453473.409245338,5678978.074874
2849,NVB,453473.656326094,5678977.272863
2850,NVB,453473.937304383,5678976.59312665
2851,NVB,453474.331830382,5678975.73871815
2852,NVB,453474.578373228,5678975.02770481
2853,NVB,453474.773413872,5678974.24425228
2854,NVB,453474.916958877,5678973.38725082
2855,NVB,453475.016823594,5678972.59879678
2856,NVB,453475.125329912,5678971.81261334
2857,NVB,453475.424351825,5678971.00868968
2858,NVB,453475.8618494,5678970.20558432
2859,NVB,453476.351268721,5678969.40389551
2860,NVB,453476.814664733,5678968.61204079
2861,NVB,453477.000761745,5678967.87736509
2862,NVB,453477.07432757,5678967.14535372
2863,NVB,453477.147834366,5678966.4233299
2864,NVB,453477.265336116,5678965.57949171
2865,NVB,453477.39102043,5678964.81560507
2866,NVB,453477.629393203,5678964.02242062
2867,NVB,453477.919517232,5678963.25950566
2868,NVB,453478.304771039,5678962.50936025
2869,NVB,453478.733370522,5678961.74726351
2870,NVB,453479.040849707,5678960.9766827
2871,NVB,453479.28797529,5678960.16690341
2872,NVB,453479.509339934,5678959.32256912
2873,NVB,453479.721859655,5678958.51036581
2874,NVB,453479.934254747,5678957.71924732
2875,NVB,453480.172528708,5678956.9427087
2876,NVB,453480.410809181,5678956.16506035
2877,NVB,453480.623243488,5678955.36728347
2878,NVB,453480.809307071,5678954.63815631
2879,NVB,453480.987069985,5678953.84905269
2880,NVB,453481.147490654,5678953.06539543
2881,NVB,453481.290549409,5678952.29051372
2882,NVB,453481.494171451,5678951.51931915
2883,NVB,453481.741007997,5678950.75836781
2884,NVB,453482.26516241,5678949.93690807
2885,NVB,453482.788897081,5678949.18647089
2886,NVB,453483.069965417,5678948.49119801
2887,NVB,453483.290890055,5678947.72121539
2888,NVB,453483.503179611,5678946.94785245
2889,NVB,453483.637563659,5678946.17624874
2890,NVB,453483.728621704,5678945.41326717
2891,NVB,453483.880459362,5678944.61735171
2892,NVB,453484.057900486,5678943.88262469
2893,NVB,453484.252447733,5678943.18240151
2894,NVB,453484.508331862,5678942.35491753
2895,NVB,453484.746388574,5678941.61499979
2896,NVB,453485.001551388,5678940.90958588
2897,NVB,453485.248000454,5678940.21410838
2898,NVB,453485.546692376,5678939.46567073
2899,NVB,453485.827904377,5678938.74598373
2900,NVB,453486.100192827,5678938.07174444
2901,NVB,453486.42442252,5678937.39559247
2902,NVB,453486.896050788,5678936.67481088
2903,NVB,453487.358571902,5678936.03054937
2904,NVB,453487.803704878,5678935.39950231
2905,NVB,453488.153721384,5678934.75346632
2906,NVB,453488.486277662,5678934.13285181
2907,NVB,453488.853406764,5678933.52020989
2908,NVB,453489.22069315,5678932.88093448
2909,NVB,453489.613995997,5678932.23293462
2910,NVB,453490.015973138,5678931.58165668
2911,NVB,453490.461446553,5678930.89290361
2912,NVB,453490.941525536,5678930.20657447
2913,NVB,453491.404131167,5678929.54788626
2914,NVB,453491.831600087,5678928.97666203
2915,NVB,453492.276345541,5678928.41108867
2916,NVB,453492.834119724,5678927.7585114
2917,NVB,453493.365510218,5678927.17680331
2918,NVB,453493.835970413,5678926.6535529
2919,NVB,453494.350136609,5678926.05731603
2920,NVB,453494.855595604,5678925.46990583
2921,NVB,453495.395673254,5678924.88270009
2922,NVB,453495.996681013,5678924.23703657
2923,NVB,453496.493301552,5678923.68064753
2924,NVB,453496.981457426,5678923.09202522
2925,NVB,453497.478405562,5678922.48014971
2926,NVB,453497.983903425,5678921.88608094
2927,NVB,453498.454782501,5678921.29180767
2928,NVB,453498.830374835,5678920.71139852
2929,NVB,453499.223296134,5678920.12776241
2930,NVB,453499.789848372,5678919.45415092
2931,NVB,453500.330075999,5678918.8414211
2932,NVB,453500.818126423,5678918.2705542
2933,NVB,453501.34111008,5678917.64662479
2934,NVB,453501.863779055,5678917.0759623
2935,NVB,453502.386402076,5678916.51306786
2936,NVB,453502.908985699,5678915.95683177
2937,NVB,453503.440708912,5678915.31852686
2938,NVB,453503.946245194,5678914.71779935
2939,NVB,453504.477804397,5678914.10723758
2940,NVB,453504.991857562,5678913.52986539
2941,NVB,453505.514473575,5678912.96808048
2942,NVB,453506.028526591,5678912.39070823
2943,NVB,453506.499332411,5678911.80864148
2944,NVB,453506.953143386,5678911.17320554
2945,NVB,453507.406672498,5678910.58548788
2946,NVB,453507.868541646,5678910.05108825
2947,NVB,453508.339314423,5678909.47457003
2948,NVB,453508.801799447,5678908.8358559
2949,NVB,453509.298896499,5678908.1984559
2950,NVB,453509.882186237,5678907.62149226
2951,NVB,453510.508926136,5678907.01482144
2952,NVB,453511.100870362,5678906.43790882
2953,NVB,453511.580153187,5678905.88585553
2954,NVB,453512.085911043,5678905.24739673
2955,NVB,453512.400853475,5678904.67772649
2956,NVB,453512.680810276,5678904.1699966
2957,NVB,453513.152145878,5678903.49804148
2958,NVB,453513.561994541,5678902.97887109
2959,NVB,453514.032648538,5678902.42232764
2960,NVB,453514.607505632,5678901.80758179
2961,NVB,453515.138774843,5678901.24584734
2962,NVB,453515.704590525,5678900.69652427
2963,NVB,453516.279054233,5678900.14836199
2964,NVB,453516.78432649,5678899.59202277
2965,NVB,453517.289723164,5678899.01459869
2966,NVB,453517.786379936,5678898.45154994
2967,NVB,453518.300273869,5678897.90081037
2968,NVB,453518.779804646,5678897.30658698
2969,NVB,453519.173162289,5678896.64859809
2970,NVB,453519.574814173,5678896.05169532
2971,NVB,453520.028072866,5678895.50947579
2972,NVB,453520.533632831,5678894.90430829
2973,NVB,453521.090950272,5678894.32830027
2974,NVB,453521.700470683,5678893.70599018
2975,NVB,453522.240360737,5678893.14985499
2976,NVB,453522.736833353,5678892.61787833
2977,NVB,453523.233436926,5678892.06370706
2978,NVB,453523.712973529,5678891.46837364
2979,NVB,453524.157904586,5678890.87061637
2980,NVB,453524.559523046,5678890.27926199
2981,NVB,453524.943727345,5678889.70556106
2982,NVB,453525.449515848,5678889.06155277
2983,NVB,453526.058688313,5678888.49805794
2984,NVB,453526.659245358,5678887.92785361
2985,NVB,453527.233812187,5678887.36193488
2986,NVB,453527.721865286,5678886.7899566
2987,NVB,453528.071450629,5678886.21605117
2988,NVB,453528.46424361,5678885.65349844
2989,NVB,453528.969540287,5678885.09271953
2990,NVB,453529.544296707,5678884.49461852
2991,NVB,453530.075609546,5678883.92511497
2992,NVB,453530.546202298,5678883.37855809
2993,NVB,453531.112762344,5678882.70272491
2994,NVB,453531.609587411,5678882.11082236
2995,NVB,453532.080369903,5678881.53208327
2996,NVB,453532.516658234,5678880.932055
2997,NVB,453532.996553711,5678880.27568596
2998,NVB,453533.458871302,5678879.66471359
2999,NVB,453533.973096961,5678879.05737687
3000,NVB,453534.547865664,5678878.45705603
3001,NVB,453535.165868133,5678877.86364892
3002,NVB,453535.69733731,5678877.26751152
3003,NVB,453536.176852436,5678876.67550653
3004,NVB,453536.699961547,5678876.02938022
3005,NVB,453537.170808799,5678875.43954355
3006,NVB,453537.58078542,5678874.89817735
3007,NVB,453538.034329831,5678874.30712875
3008,NVB,453538.496555,5678873.71169228
3009,NVB,453539.002498557,5678873.04104964
3010,NVB,453539.438792449,5678872.43991125
3011,NVB,453539.883577177,5678871.86656711
3012,NVB,453540.406397523,5678871.2692686
3013,NVB,453541.033256625,5678870.64151053
3014,NVB,453541.547258462,5678870.07190406
3015,NVB,453541.991938127,5678869.51631546
3016,NVB,453542.402117121,5678868.94054744
3017,NVB,453542.77770377,5678868.3601362
3018,NVB,453543.309269963,5678867.74735237
3019,NVB,453543.918459157,5678867.18052698
3020,NVB,453544.518443596,5678866.70686765
3021,NVB,453545.144156079,5678866.27331168
3022,NVB,453545.795662093,5678865.86876181
3023,NVB,453546.412359682,5678865.49618973
3024,NVB,453546.994268499,5678865.15226627
3025,NVB,453547.602317909,5678864.77853331
3026,NVB,453548.210445829,5678864.39148355
3027,NVB,453548.913951243,5678863.9750328
3028,NVB,453549.617312537,5678863.58299601
3029,NVB,453550.320641023,5678863.19650779
3030,NVB,453551.00651617,5678862.83433141
3031,NVB,453551.674924891,5678862.49868632
3032,NVB,453552.386390564,5678862.19991751
3033,NVB,453553.097581206,5678861.94775722
3034,NVB,453553.782670479,5678861.71874798
3035,NVB,453554.485101667,5678861.48429215
3036,NVB,453555.265561805,5678861.22699149
3037,NVB,453556.045871318,5678860.9952145
3038,NVB,453556.800164576,5678860.77216209
3039,NVB,453557.589279174,5678860.51491225
3040,NVB,453558.33513376,5678860.25518761
3041,NVB,453559.159056538,5678859.96595971
3042,NVB,453559.930861757,5678859.70860754
3043,NVB,453560.693946852,5678859.46230152
3044,NVB,453561.422334913,5678859.22910796
3045,NVB,453562.124752549,5678858.99687091
3046,NVB,453562.861775494,5678858.76705745
3047,NVB,453563.615976699,5678858.55954059
3048,NVB,453564.335637977,5678858.33850272
3049,NVB,453565.124882982,5678858.05905757
3050,NVB,453565.836099009,5678857.80245722
3051,NVB,453566.590581481,5678857.54722176
3052,NVB,453567.371034273,5678857.29102963
3053,NVB,453568.203453925,5678857.02848531
3054,NVB,453569.06176535,5678856.77830105
3055,NVB,453569.824725515,5678856.55307898
3056,NVB,453570.561715272,5678856.32881345
3057,NVB,453571.281598654,5678856.07004419
3058,NVB,453571.914857396,5678855.82408122
3059,NVB,453572.504699098,5678855.60227703
3060,NVB,453573.224628155,5678855.33573949
3061,NVB,453573.961912186,5678855.06153588
3062,NVB,453574.881139179,5678854.7551121
3063,NVB,453575.730762809,5678854.51042471
3064,NVB,453576.493611313,5678854.30406738
3065,NVB,453577.273886767,5678854.07783693
3066,NVB,453578.036970755,5678853.83152924
3067,NVB,453578.765403563,5678853.59056598
3068,NVB,453579.502425494,5678853.36075098
3069,NVB,453580.248036551,5678853.14208421
3070,NVB,453580.985006053,5678852.92114689
3071,NVB,453581.756907984,5678852.64714666
3072,NVB,453582.476810277,5678852.3850472
3073,NVB,453583.153190887,5678852.16486222
3074,NVB,453583.847024601,5678851.92036521
3075,NVB,453584.558213271,5678851.66820208
3076,NVB,453585.364484737,5678851.43657528
3077,NVB,453586.170631851,5678851.22603322
3078,NVB,453586.95107027,5678850.97205862
3079,NVB,453587.653630318,5678850.71540528
3080,NVB,453588.373375224,5678850.47993876
3081,NVB,453589.153610693,5678850.26036551
3082,NVB,453589.933885365,5678850.03413382
3083,NVB,453590.670867375,5678849.81097614
3084,NVB,453591.399240534,5678849.57999928
3085,NVB,453592.170997847,5678849.33041205
3086,NVB,453592.91675207,5678849.08733007
3087,NVB,453593.619285586,5678848.83511512
3088,NVB,453594.32189755,5678848.56958337
3089,NVB,453595.197594874,5678848.30618155
3090,NVB,453596.0211487,5678848.0790946
3091,NVB,453596.84471556,5678847.8497881
3092,NVB,453597.460532808,5678847.62591562
3093,NVB,453598.11985847,5678847.36234793
3094,NVB,453598.909192705,5678847.06736322
3095,NVB,453599.654926873,5678846.82760979
3096,NVB,453600.443796625,5678846.61141562
3097,NVB,453601.258800164,5678846.36652146
3098,NVB,453602.022033049,5678846.0946877
3099,NVB,453602.759236693,5678845.83379813
3100,NVB,453603.487851097,5678845.56176021
3101,NVB,453604.181696654,5678845.31504196
3102,NVB,453604.884157521,5678845.07503302
3103,NVB,453605.61247095,5678844.8540424
3104,NVB,453606.392711898,5678844.63335773
3105,NVB,453607.181692408,5678844.3982975
3106,NVB,453607.936008722,5678844.17080131
3107,NVB,453608.707496853,5678843.96671132
3108,NVB,453609.479004558,5678843.75929208
3109,NVB,453610.259330292,5678843.52418055
3110,NVB,453611.01394722,5678843.24563656
3111,NVB,453611.707929646,5678842.97561335
3112,NVB,453612.384465525,5678842.72879239
3113,NVB,453613.191075233,5678842.43945688
3114,NVB,453613.919630099,5678842.17740555
3115,NVB,453614.656649896,5678841.94758727
3116,NVB,453615.38495621,5678841.72770548
3117,NVB,453616.22588984,5678841.48851139
3118,NVB,453617.023445861,5678841.26681791
3119,NVB,453617.699883351,5678841.03664242
3120,NVB,453618.497766176,5678840.75946239
3121,NVB,453619.217607278,5678840.50734714
3122,NVB,453619.919936488,5678840.28953143
3123,NVB,453620.700307314,5678840.04665077
3124,NVB,453621.47201043,5678839.80593851
3125,NVB,453622.269657646,5678839.56870831
3126,NVB,453623.032673395,5678839.33349356
3127,NVB,453623.769777627,5678839.08924796
3128,NVB,453624.498266451,5678838.83829294
3129,NVB,453625.269910495,5678838.60756787
3130,NVB,453626.024219175,5678838.38117967
3131,NVB,453626.804896841,5678838.08614119
3132,NVB,453627.542196936,5678837.80860339
3133,NVB,453628.331032297,5678837.59795508
3134,NVB,453629.163127469,5678837.38978103
3135,NVB,453629.882765286,5678837.17206638
3136,NVB,453630.585231152,5678836.93094543
3137,NVB,453631.287677366,5678836.6931536
3138,NVB,453632.024859517,5678836.43559049
3139,NVB,453632.73596676,5678836.19673978
3140,NVB,453633.524886782,5678835.97166448
3141,NVB,453634.270468483,5678835.75743154
3142,NVB,453635.068095284,5678835.52352923
3143,NVB,453635.87445504,5678835.27636108
3144,NVB,453636.663492512,5678835.03131036
3145,NVB,453637.383371699,5678834.77253509
3146,NVB,453638.267988508,5678834.46368062
3147,NVB,453638.970545356,5678834.20702272
3148,NVB,453639.707772758,5678833.9416908
3149,NVB,453640.41035565,5678833.68059387
3150,NVB,453641.121638818,5678833.41177974
3151,NVB,453641.858768054,5678833.16309354
3152,NVB,453642.613284819,5678832.90119246
3153,NVB,453643.341772447,5678832.65023571
3154,NVB,453644.078725116,5678832.43151196
3155,NVB,453644.841563066,5678832.22625777
3156,NVB,453645.725715365,5678831.99619316
3157,NVB,453646.523223816,5678831.78226481
3158,NVB,453647.251508663,5678831.56570927
3159,NVB,453648.057867617,5678831.31853987
3160,NVB,453648.855643812,5678831.05911242
3161,NVB,453649.584026525,5678830.82591075
3162,NVB,453650.399079108,5678830.5721337
3163,NVB,453651.09279769,5678830.34649616
3164,NVB,453651.803910316,5678830.10653401
3165,NVB,453652.575735596,5678829.84473388
3166,NVB,453653.347586957,5678829.57849476
3167,NVB,453654.10208338,5678829.31992177
3168,NVB,453654.856684279,5678829.04359305
3169,NVB,453655.61127859,5678828.76837399
3170,NVB,453656.313958465,5678828.49062972
3171,NVB,453657.051295781,5678828.2064308
3172,NVB,453657.918425531,5678827.9274349
3173,NVB,453658.72477723,5678827.68137415
3174,NVB,453659.461637537,5678827.47818516
3175,NVB,453660.189895486,5678827.26606734
3176,NVB,453660.909453098,5678827.06166661
3177,NVB,453661.767712457,5678826.81924038
3178,NVB,453662.565246052,5678826.6008715
3179,NVB,453663.250113399,5678826.4084738
3180,NVB,453664.056562745,5678826.14576658
3181,NVB,453664.793873428,5678825.86600586
3182,NVB,453665.531118745,5678825.59734234
3183,NVB,453666.242419893,5678825.32519677
3184,NVB,453666.953832016,5678825.03418576
3185,NVB,453667.639188939,5678824.75855807
3186,NVB,453668.350150327,5678824.54411817
3187,NVB,453669.225639943,5678824.31510973
3188,NVB,453670.040325473,5678824.12347544
3189,NVB,453670.768413022,5678823.94020958
3190,NVB,453671.548865488,5678823.68289744
3191,NVB,453672.207977618,5678823.45483488
3192,NVB,453672.919167318,5678823.20155409
3193,NVB,453673.682441108,5678822.92194532
3194,NVB,453674.419600945,5678822.66770744
3195,NVB,453675.208740383,5678822.40489723
3196,NVB,453675.971922592,5678822.14082443
3197,NVB,453676.67446401,5678821.88638265
3198,NVB,453677.42901767,5678821.61781988
3199,NVB,453678.157574931,5678821.3546529
3200,NVB,453678.877510219,5678821.08588631
3201,NVB,453679.640711761,5678820.81848397
3202,NVB,453680.44697062,5678820.5879572
3203,NVB,453681.253124961,5678820.37518599
3204,NVB,453681.989899099,5678820.18642137
3205,NVB,453682.735458341,5678819.97551304
3206,NVB,453683.463649651,5678819.77449036
3207,NVB,453684.23512028,5678819.57261246
3208,NVB,453685.015251961,5678819.36967568
3209,NVB,453685.899388526,5678819.14182604
3210,NVB,453686.679722497,5678818.90448751
3211,NVB,453687.399657263,5678818.63572014
3212,NVB,453688.041583402,5678818.3864696
3213,NVB,453688.761563766,5678818.109934
3214,NVB,453689.550761002,5678817.8371348
3215,NVB,453690.287874139,5678817.59066354
3216,NVB,453691.059585891,5678817.34772503
3217,NVB,453691.848580612,5678817.10932718
3218,NVB,453692.65483219,5678816.87990889
3219,NVB,453693.443892085,5678816.63041359
3220,NVB,453694.215845153,5678816.34641484
3221,NVB,453694.97908486,5678816.07235265
3222,NVB,453695.716439158,5678815.78482095
3223,NVB,453696.384400268,5678815.52351543
3224,NVB,453697.087025262,5678815.25464537
3225,NVB,453697.902048528,5678815.00530233
3226,NVB,453698.682251179,5678814.79015719
3227,NVB,453699.453649118,5678814.60048482
3228,NVB,453700.190539728,5678814.3917434
3229,NVB,453700.901590625,5678814.16176438
3230,NVB,453701.673301704,5678813.91882484
3231,NVB,453703.103933845,5678813.48000221
3232,NVB,453703.823789222,5678813.22455007
3233,NVB,453704.56946466,5678812.99366458
3234,NVB,453705.323768505,5678812.76726881
3235,NVB,453706.078117986,5678812.53310488
3236,NVB,453706.815236613,5678812.28552236
3237,NVB,453707.552511805,5678812.01130629
3238,NVB,453708.307291813,5678811.70390008
3239,NVB,453709.027225157,5678811.43513074
3240,NVB,453709.70362467,5678811.21049601
3241,NVB,453710.432140701,5678810.95398444
3242,NVB,453711.125966692,5678810.70947626
3243,NVB,453711.836958199,5678810.48948381
3244,NVB,453712.608590269,5678810.25985994
3245,NVB,453713.2675826,5678810.05176907
3246,NVB,453713.961330125,5678809.82057738
3247,NVB,453714.724281414,5678809.59534134
3248,NVB,453715.443888127,5678809.38205782
3249,NVB,453716.155179501,5678809.11101749
3250,NVB,453716.840513692,5678808.83871472
3251,NVB,453717.534300147,5678808.60086435
3252,NVB,453718.280039965,5678808.35888028
3253,NVB,453719.008333634,5678808.14009868
3254,NVB,453719.753831987,5678807.93917441
3255,NVB,453720.525333095,5678807.73174433
3256,NVB,453721.348865845,5678807.50686377
3257,NVB,453722.051104366,5678807.30346546
3258,NVB,453722.701513393,5678807.08311591
3259,NVB,453723.308636585,5678806.8647314
3260,NVB,453723.967810982,5678806.62556725
3261,NVB,453724.670362458,5678806.36890175
3262,NVB,453725.33827612,5678806.11536188
3263,NVB,453726.023694521,5678805.82863186
3264,NVB,453726.709119392,5678805.54079204
3265,NVB,453727.42894064,5678805.2908864
3266,NVB,453728.200636954,5678805.05016373
3267,NVB,453728.91162093,5678804.83127948
3268,NVB,453729.535883286,5678804.64184916
3269,NVB,453730.290081227,5678804.43320666
3270,NVB,453731.035291956,5678804.28110937
3271,NVB,453731.693872391,5678804.14292985
3272,NVB,453732.517306605,5678803.93469405
3273,NVB,453733.210785611,5678803.74899953
3274,NVB,453733.939111026,5678803.52466791
3275,NVB,453734.659218804,5678803.22593357
3276,NVB,453735.327275339,5678802.94797884
3277,NVB,453736.021243291,5678802.67905446
3278,NVB,453736.723826614,5678802.41683924
3279,NVB,453737.426279466,5678802.17681853
3280,NVB,453738.171965872,5678801.94371041
3281,NVB,453738.908886833,5678801.72941674
3282,NVB,453739.62842041,5678801.52833803
3283,NVB,453740.373813253,5678801.34516747
3284,NVB,453741.093268512,5678801.15740536
3285,NVB,453741.769666192,5678800.9327679
3286,NVB,453742.454933552,5678800.6715602
3287,NVB,453743.148803249,5678800.41928111
3288,NVB,453743.903182976,5678800.17956493
3289,NVB,453744.614276904,5678799.94181389
3290,NVB,453745.316670605,5678799.71178003
3291,NVB,453746.799329199,5678799.25549893
3292,NVB,453747.449782482,5678799.02737926
3293,NVB,453748.143645346,5678798.77620946
3294,NVB,453748.794157227,5678798.53810212
3295,NVB,453749.479287231,5678798.30019811
3296,NVB,453750.242210266,5678798.07939754
3297,NVB,453751.074395657,5678797.85456474
3298,NVB,453751.845875356,5678797.65046079
3299,NVB,453752.53948371,5678797.44257001
3300,NVB,453753.345868323,5678797.18984123
3301,NVB,453754.048157212,5678796.97756225
3302,NVB,453754.74173937,5678796.77411019
3303,NVB,453755.444047738,5678796.5585019
3304,NVB,453756.189837354,5678796.30763642
3305,NVB,453756.883693174,5678796.05757559
3306,NVB,453757.534139373,5678795.83056481
3307,NVB,453758.245180332,5678795.60169037
3308,NVB,453759.051453756,5678795.36782639
3309,NVB,453759.849124735,5678795.12503367
3310,NVB,453760.568878764,5678794.8862223
3311,NVB,453761.331996678,5678794.63212882
3312,NVB,453762.051737579,5678794.39553677
3313,NVB,453762.728140575,5678794.16978778
3314,NVB,453763.430598387,5678793.92865503
3315,NVB,453764.228451571,5678793.65478948
3316,NVB,453764.956905479,5678793.40826044
3317,NVB,453765.633549444,5678793.14145126
3318,NVB,453766.336156966,5678792.8747945
3319,NVB,453766.995218053,5678792.65449214
3320,NVB,453767.628178641,5678792.45734155
3321,NVB,453768.295848568,5678792.244858
3322,NVB,453768.989573297,5678792.01699067
3323,NVB,453769.735146987,5678791.80274495
3324,NVB,453770.567194283,5678791.60121438
3325,NVB,453771.364708117,5678791.38505398
3326,NVB,453772.101835669,5678791.13524592
3327,NVB,453772.761078893,5678790.88387069
3328,NVB,453773.377101546,5678790.62336348
3329,NVB,453774.062490734,5678790.34106821
3330,NVB,453774.773556764,5678790.10775336
3331,NVB,453775.492977553,5678789.92553677
3332,NVB,453776.273155952,5678789.71371316
3333,NVB,453777.010263637,5678789.46723382
3334,NVB,453777.756182179,5678789.19417175
3335,NVB,453778.398050842,5678788.9537917
3336,NVB,453779.039860828,5678788.72339916
3337,NVB,453779.73366962,5678788.48110442
3338,NVB,453780.514049726,5678788.23487881
3339,NVB,453781.294338572,5678788.00418932
3340,NVB,453782.065901178,5678787.78565595
3341,NVB,453782.785451872,5678787.58124413
3342,NVB,453783.504982985,5678787.38016143
3343,NVB,453784.207205004,5678787.17897705
3344,NVB,453784.926794676,5678786.96790666
3345,NVB,453785.663804104,5678786.73807244
3346,NVB,453786.357638569,5678786.49133821
3347,NVB,453787.043039948,5678786.20682235
3348,NVB,453787.780101356,5678785.96811011
3349,NVB,453788.568731606,5678785.79073765
3350,NVB,453789.418002133,5678785.60373317
3351,NVB,453790.154952673,5678785.38388608
3352,NVB,453790.770857058,5678785.14335264
3353,NVB,453791.447401707,5678784.89318717
3354,NVB,453792.288414861,5678784.63843817
3355,NVB,453792.990883911,5678784.39508333
3356,NVB,453793.641621164,5678784.11813182
3357,NVB,453794.30095428,5678783.85121859
3358,NVB,453795.150888791,5678783.55102122
3359,NVB,453795.870614593,5678783.31664554
3360,NVB,453797.275715004,5678782.80219198
3361,NVB,453798.012749723,5678782.56791769
3362,NVB,453798.844892969,5678782.34973822
3363,NVB,453799.538459608,5678782.14850169
3364,NVB,453800.240889127,5678781.91180458
3365,NVB,453800.969360318,5678781.66194304
3366,NVB,453801.671698581,5678781.440782
3367,NVB,453802.373984707,5678781.22849872
3368,NVB,453803.102416693,5678780.98529535
3369,NVB,453803.82222016,5678780.73760221
3370,NVB,453804.594041869,5678780.47467752
3371,NVB,453805.33118033,5678780.2226469
3372,NVB,453806.024883351,5678779.99810551
3373,NVB,453806.727299456,5678779.76362728
3374,NVB,453807.516423496,5678779.5019136
3375,NVB,453808.166697521,5678779.30375159
3376,NVB,453809.033751207,5678779.0358364
3377,NVB,453809.788257021,5678778.77391937
3378,NVB,453810.473474549,5678778.52047387
3379,NVB,453811.21038475,5678778.3072832
3380,NVB,453811.999143891,5678778.10771384
3381,NVB,453812.787994139,5678777.89260821
3382,NVB,453813.542284866,5678777.66731186
3383,NVB,453814.279286046,5678777.43858469
3384,NVB,453815.016261142,5678777.21429638
3385,NVB,453815.727227073,5678776.99762378
3386,NVB,453816.455488976,5678776.78327211
3387,NVB,453817.218420984,5678776.56024563
3388,NVB,453818.068093407,5678776.30443492
3389,NVB,453818.77930003,5678776.0467021
3390,NVB,453819.473191066,5678775.78997741
3391,NVB,453820.132236158,5678775.57189007
3392,NVB,453820.877969574,5678775.32989633
3393,NVB,453821.61519814,5678775.06232799
3394,NVB,453822.248435793,5678774.81745471
3395,NVB,453822.933606995,5678774.57177623
3396,NVB,453823.688040302,5678774.32206489
3397,NVB,453824.451115057,5678774.07462369
3398,NVB,453825.188200187,5678773.83146905
3399,NVB,453825.890602131,5678773.59920857
3400,NVB,453826.601697598,5678773.36034043
3401,NVB,453827.330089028,5678773.1237932
3402,NVB,453828.058480416,5678772.88724589
3403,NVB,453828.8388574,5678772.64101551
3404,NVB,453829.654008585,5678772.36835461
3405,NVB,453830.399481064,5678772.1707491
3406,NVB,453831.127449242,5678772.00633384
3407,NVB,453831.855515007,5678771.8252726
3408,NVB,453832.583691374,5678771.62534592
3409,NVB,453833.372846246,5678771.35808101
3410,NVB,453834.110080511,5678771.08940179
3411,NVB,453834.76933303,5678770.83580193
3412,NVB,453835.46332068,5678770.56242991
3413,NVB,453836.165917238,5678770.29687668
3414,NVB,453836.902904032,5678770.07036687
3415,NVB,453837.64842816,5678769.86388284
3416,NVB,453838.454872172,5678769.60004811
3417,NVB,453839.235333087,5678769.33939024
3418,NVB,453839.989947546,5678769.05860494
3419,NVB,453840.657945304,5678768.78951915
3420,NVB,453841.343278056,5678768.51609587
3421,NVB,453842.123589111,5678768.28096146
3422,NVB,453842.921013943,5678768.07922031
3423,NVB,453843.744395744,5678767.87874103
3424,NVB,453844.515830946,5678767.6812864
3425,NVB,453845.192281244,5678767.44665254
3426,NVB,453845.860239644,5678767.18422467
3427,NVB,453846.614964255,5678766.88457337
3428,NVB,453847.377972481,5678766.64822724
3429,NVB,453848.149518065,5678766.43190688
3430,NVB,453848.921271781,5678766.18007515
3431,NVB,453849.658374906,5678765.93358904
3432,NVB,453850.360645289,5678765.72352095
3433,NVB,453851.106175141,5678765.51592593
3434,NVB,453851.938412618,5678765.28109496
3435,NVB,453852.640676374,5678765.0721364
3436,NVB,453853.308341593,5678764.85964567
3437,NVB,453854.114732511,5678764.60468717
3438,NVB,453854.886401291,5678764.36728132
3439,NVB,453855.64948707,5678764.11761765
3440,NVB,453856.429940346,5678763.85806781
3441,NVB,453857.236344063,5678763.60088953
3442,NVB,453857.860671479,5678763.39924207
3443,NVB,453858.667101119,5678763.13762473
3444,NVB,453859.473712819,5678762.84493492
3445,NVB,453860.254243886,5678762.57206796
3446,NVB,453860.99135931,5678762.32336134
3447,NVB,453861.858532826,5678762.03435553
3448,NVB,453862.612683993,5678761.83235878
3449,NVB,453863.280140544,5678761.65537852
3450,NVB,453864.129634203,5678761.42952552
3451,NVB,453864.927324386,5678761.18228329
3452,NVB,453865.68174202,5678760.93478739
3453,NVB,453866.375519591,5678760.69692397
3454,NVB,453867.086619121,5678760.45694245
3455,NVB,453867.927711652,5678760.18775893
3456,NVB,453868.595415045,5678759.96860855
3457,NVB,453869.453992039,5678759.66956363
3458,NVB,453870.251805414,5678759.40123603
3459,NVB,453871.014805673,5678759.16599735
3460,NVB,453871.742830273,5678758.9915908
3461,NVB,453872.496980883,5678758.78959311
3462,NVB,453873.260065541,5678758.53992775
3463,NVB,453873.875685618,5678758.34710614
3464,NVB,453874.725432179,5678758.07797261
3465,NVB,453875.419170202,5678757.84676676
3466,NVB,453876.164978192,5678757.59145106
3467,NVB,453876.936899156,5678757.31076365
3468,NVB,453877.674013543,5678757.06205548
3469,NVB,453878.454179303,5678756.85133151
3470,NVB,453879.243097032,5678756.62401224
3471,NVB,453879.885427926,5678756.30372352
3472,NVB,453880.44196797,5678755.85419927
3473,NVB,453880.912346591,5678755.33869402
3474,NVB,453881.252842763,5678754.83352552
3475,NVB,453881.611265466,5678754.22303423
3476,NVB,453881.960858102,5678753.64245488
3477,NVB,453882.250090287,5678753.02378986
3478,NVB,453882.426872578,5678752.3944782
3479,NVB,453882.508481472,5678751.76016994
3480,NVB,453882.46023403,5678751.13175956
3481,NVB,453882.377284142,5678750.51757286
3482,NVB,453882.277129308,5678749.88552911
3483,NVB,453882.203731059,5678749.11825061
3484,NVB,453882.112698812,5678748.40635712
3485,NVB,453882.003954553,5678747.76316538
3486,NVB,453881.887569981,5678746.94680533
3487,NVB,453881.831441763,5678746.18628659
3488,ALG,453881.757900577,5678745.44342209
3489,ALG,453881.65831145,5678744.71483197
3490,ALG,453881.549937845,5678744.00838571
3491,ALG,453881.467748732,5678743.26436078
3492,ALG,453881.472370962,5678742.475344
3493,ALG,453881.476895676,5678741.70297313
3494,ALG,453881.429838088,5678740.87148247
3495,ALG,453881.35679108,5678740.04427863
3496,ALG,453881.24898317,5678739.24128599
3497,ALG,453881.106921445,5678738.37594578
3498,ALG,453880.938441258,5678737.58813444
3499,ALG,453880.708846711,5678736.8909659
3500,ALG,453880.505436658,5678736.1562187
3501,ALG,453880.380033901,5678735.40195269
3502,ALG,453880.263370152,5678734.63331092
3503,ALG,453880.137928438,5678733.88570328
3504,ALG,453880.012772804,5678733.08926759
3505,ALG,453879.99957916,5678732.38670819
3506,ALG,453880.158727208,5678731.81278157
3507,ALG,453880.24924412,5678731.13524461
3508,ALG,453880.133549143,5678730.20125332
3509,ALG,453879.999719608,5678729.40809611
3510,ALG,453879.84789854,5678728.73135896
3511,ALG,453879.67919766,5678727.98127833
3512,ALG,453879.484650455,5678727.21107049
3513,ALG,453879.298530204,5678726.47975383
3514,ALG,453879.11256602,5678725.72180369
3515,ALG,453878.927213005,5678724.85953909
3516,ALG,453878.802051154,5678724.0642131
3517,ALG,453878.702735677,5678723.28901432
3518,ALG,453878.61183412,5678722.55492618
3519,ALG,453878.486737356,5678721.7485029
3520,ALG,453878.37933312,5678720.87670705
3521,ALG,453878.323322502,5678720.09621314
3522,ALG,453878.310454135,5678719.33816731
3523,ALG,453878.210852704,5678718.61179656
3524,ALG,453878.007183328,5678717.9214384
3525,ALG,453877.726326108,5678717.11077324
3526,ALG,453877.350829149,5678716.20411369
3527,ALG,453877.130767757,5678715.3571824
3528,ALG,453877.075036889,5678714.52897015
3529,ALG,453877.036543407,5678713.71306633
3530,ALG,453876.998069443,5678712.89383331
3531,ALG,453876.933541131,5678712.08998438
3532,ALG,453876.921394615,5678711.20875869
3533,ALG,453876.961714408,5678710.23572979
3534,ALG,453876.958280856,5678709.34456725
3535,ALG,453876.876541227,5678708.52397098
3536,ALG,453876.769273915,5678707.62887079
3537,ALG,453876.635516669,5678706.82350648
3538,ALG,453876.501245807,5678706.1058107
3539,ALG,453876.349867653,5678705.35361192
3540,ALG,453876.189659548,5678704.63132511
3541,ALG,453876.029991124,5678703.81693083
3542,ALG,453875.91317879,5678703.0738127
3543,ALG,453875.804877869,5678702.35515929
3544,ALG,453875.71415892,5678701.58999871
3545,ALG,453875.615052133,5678700.77928855
3546,ALG,453875.584355077,5678700.10991954
3547,ALG,453875.59797049,5678699.26324754
3548,NVB,453875.472614376,5678698.5012133
3549,NVB,453875.165157669,5678697.79914927
3550,NVB,453874.830872957,5678697.24452698
3551,NVB,453874.426988749,5678696.75164379
3552,NVB,453873.936235211,5678696.31373991
3553,NVB,453873.444733967,5678696.00345476
3554,NVB,453872.909433937,5678695.78280403
3555,SGZ,453872.347591947,5678695.66076695
3556,SGZ,453871.78515174,5678695.64082484
3557,SGZ,453871.170193239,5678695.72156369
3558,SGZ,453870.554688503,5678695.89551968
3559,SGZ,453869.956063415,5678696.14281911
3560,SGZ,453869.287559083,5678696.4995759
3561,SGZ,453868.696977062,5678696.85124042
3562,SGZ,453868.011072713,5678697.22343187
3563,SGZ,453867.264593798,5678697.59415852
3564,SGZ,453866.457631358,5678697.94788415
3565,SGZ,453865.642203011,5678698.26937687
3566,SGZ,453864.878740198,5678698.58451544
3567,SGZ,453864.080588058,5678698.91165808
3568,SGZ,453863.195833014,5678699.24828098
3569,SGZ,453862.397960401,5678699.52770513
3570,SGZ,453861.678218261,5678699.76652574
3571,SGZ,453860.854343219,5678700.05245593
3572,SGZ,453860.047724949,5678700.34736531
3573,SGZ,453859.267089429,5678700.6390976
3574,SGZ,453858.390955887,5678700.98131934
3575,SGZ,453857.627531539,5678701.28979884
3576,SGZ,453856.786399358,5678701.56674933
3577,SGZ,453855.919446917,5678701.81913352
3578,SGZ,453855.035224583,5678702.06475779
3579,SGZ,453854.159728176,5678702.29822568
3580,SGZ,453853.344754218,5678702.54203614
3581,SGZ,453852.564339398,5678702.79603701
3582,SGZ,453851.818483721,5678703.06022828
3583,SGZ,453851.037880142,5678703.34641111
3584,SGZ,453850.239902581,5678703.64358968
3585,SGZ,453849.459402975,5678703.91201671
3586,SGZ,453848.67895536,5678704.17156583
3587,SGZ,453847.863831397,5678704.44089948
3588,SGZ,453846.961941801,5678704.74745643
3589,SGZ,453846.189933757,5678705.04367708
3590,SGZ,453845.40047364,5678705.3642102
3591,SGZ,453844.593659039,5678705.69240986
3592,SGZ,453843.882017167,5678706.0256065
3593,SGZ,453843.213627908,5678706.36238597
3594,SGZ,453842.502194129,5678706.66007119
3595,SGZ,453841.756318215,5678706.9275907
3596,SGZ,453840.915399577,5678707.16791846
3597,SGZ,453840.12663527,5678707.36971012
3598,SGZ,453839.389992771,5678707.53851433
3599,SGZ,453838.506055567,5678707.73530871
3600,SGZ,453837.708818899,5678707.90597699
3601,SGZ,453836.971870451,5678708.1269382
3602,SGZ,453836.252074663,5678708.37463433
3603,SGZ,453835.462991238,5678708.63080221
3604,SGZ,453834.717199489,5678708.88389459
3605,SGZ,453833.902009464,5678709.16432409
3606,SGZ,453833.104134767,5678709.44374528
3607,SGZ,453832.297592559,5678709.72533509
3608,SGZ,453831.560363933,5678709.99401411
3609,SGZ,453830.849189699,5678710.24730915
3610,SGZ,453830.155298273,5678710.50514454
3611,SGZ,453829.409330442,5678710.78819908
3612,SGZ,453828.585270796,5678711.10519831
3613,SGZ,453827.81323538,5678711.40585608
3614,SGZ,453827.023864981,5678711.71085117
3615,SGZ,453826.277623547,5678712.040514
3616,SGZ,453825.566084453,5678712.35595335
3617,SGZ,453824.785355294,5678712.66321843
3618,SGZ,453824.030706579,5678712.95066061
3619,SGZ,453823.302229443,5678713.20274371
3620,SGZ,453822.435183468,5678713.47066043
3621,SGZ,453821.637626886,5678713.69570377
3622,SGZ,453820.970069236,5678713.89043615
3623,SGZ,453820.111723119,5678714.15063527
3624,SGZ,453819.357197772,5678714.41699218
3625,SGZ,453818.645964144,5678714.68027367
3626,SGZ,453817.926134609,5678714.93351677
3627,SGZ,453817.16294815,5678715.20093242
3628,SGZ,453816.399833253,5678715.45614098
3629,SGZ,453815.610780997,5678715.70675824
3630,SGZ,453814.813067732,5678715.95843438
3631,SGZ,453813.998084577,5678716.20335052
3632,NVB,453813.209077742,5678716.44619944
3633,NVB,453812.385205645,5678716.73101486
3634,NVB,453811.622090439,5678716.98622296
3635,NVB,453810.910745624,5678717.26836914
3636,NVB,453810.208048697,5678717.55167576
3637,NVB,453809.418833245,5678717.83003561
3638,NVB,453808.62087864,5678718.12277107
3639,NVB,453807.848913374,5678718.41121988
3640,NVB,453807.051232133,5678718.65734659
3641,NVB,453806.227561436,5678718.90775978
3642,NVB,453805.351416975,5678719.25108538
3643,NVB,453804.553312293,5678719.56934417
3644,NVB,453803.764194113,5678719.83105754
3645,NVB,453802.957747434,5678720.09599843
3646,NVB,453802.185912008,5678720.36225212
3647,NVB,453801.466179089,5678720.5988478
3648,NVB,453800.720469738,5678720.8375105
3649,NVB,453799.931136384,5678721.13584452
3650,NVB,453799.202533955,5678721.40901024
3651,NVB,453798.49151392,5678721.63566888
3652,NVB,453797.702395323,5678721.89738164
3653,NVB,453796.93063769,5678722.15031807
3654,NVB,453796.098149008,5678722.42842263
3655,NVB,453795.361106798,5678722.66491617
3656,NVB,453794.650249368,5678722.86383126
3657,NVB,453793.913422014,5678723.06370362
3658,NVB,453793.063448344,5678723.37166893
3659,NVB,453791.406623276,5678724.01337702
3660,NVB,453790.652219743,5678724.25864635
3661,NVB,453789.828417635,5678724.5312524
3662,NVB,453789.117097392,5678724.80895771
3663,NVB,453788.379800686,5678725.08872999
3664,NVB,453787.642679814,5678725.33853955
3665,NVB,453786.905584953,5678725.58391012
3666,NVB,453786.168307639,5678725.86035302
3667,NVB,453785.457013199,5678726.13361908
3668,NVB,453784.719735781,5678726.41006185
3669,NVB,453783.852452452,5678726.71792455
3670,NVB,453783.037128403,5678727.02054337
3671,NVB,453782.264985394,5678727.33895235
3672,NVB,453781.432137292,5678727.67809042
3673,NVB,453780.512705392,5678728.02337867
3674,NVB,453779.723390074,5678728.31838148
3675,SGZ,453778.925498417,5678728.60001666
3676,SGZ,453778.084484242,5678728.85587394
3677,SGZ,453777.304214155,5678729.08434363
3678,SGZ,453776.489378292,5678729.30373215
3679,SGZ,453775.674614054,5678729.51091357
3680,SGZ,453774.842592973,5678729.70911546
3681,SGZ,453774.062374834,5678729.928707
3682,SGZ,453773.35119037,5678730.18310659
3683,SGZ,453772.579248656,5678730.46711304
3684,SGZ,453771.885418642,5678730.71384604
3685,SGZ,453771.287035344,5678730.91896834
3686,SGZ,453770.60195095,5678731.15021585
3687,SGZ,453769.786704118,5678731.43951656
3688,SGZ,453769.049425637,5678731.71595786
3689,SGZ,453768.242917873,5678731.99088277
3690,SGZ,453767.358363432,5678732.29198365
3691,SGZ,453766.577916714,5678732.55041495
3692,SGZ,453765.901577746,5678732.76617668
3693,SGZ,453765.164507554,5678733.00710631
3694,SGZ,453764.436033129,5678733.25807426
3695,SGZ,453763.707297951,5678733.55343128
3696,SGZ,453762.93470377,5678733.94840962
3697,SGZ,453762.248973591,5678734.28951951
3698,SGZ,453761.528755825,5678734.60823145
3699,SGZ,453760.782809239,5678734.88684061
3700,SGZ,453760.037149399,5678735.11662165
3701,SGZ,453759.300248278,5678735.32869781
3702,SGZ,453758.511478952,5678735.53048132
3703,SGZ,453757.696843942,5678735.71546633
3704,SGZ,453756.916820264,5678735.90176433
3705,SGZ,453756.102113474,5678736.09895618
3706,SGZ,453755.252684447,5678736.31370025
3707,SGZ,453754.524411478,5678736.53026571
3708,SGZ,453753.856589396,5678736.76938155
3709,SGZ,453753.162725624,5678737.02166155
3710,SGZ,453752.451428996,5678737.29492464
3711,SGZ,453751.661981275,5678737.61211922
3712,SGZ,453750.855204981,5678737.93254122
3713,SGZ,453750.091824869,5678738.23213251
3714,SGZ,453749.345779727,5678738.52738652
3715,SGZ,453748.651759177,5678738.8062996
3716,SGZ,453747.957732058,5678739.08632235
3717,SGZ,453747.298270634,5678739.37542626
3718,SGZ,453746.58699314,5678739.64535964
3719,SGZ,453745.858667451,5678739.87080213
3720,SGZ,453745.130322159,5678740.09957373
3721,SGZ,453744.375902544,5678740.3470581
3722,SGZ,453743.534762058,5678740.62399654
3723,SGZ,453742.780401026,5678740.8614932
3724,SGZ,453742.034785717,5678741.08350445
3725,SGZ,453741.375871646,5678741.27939068
3726,SGZ,453740.673593859,5678741.49055878
3727,SGZ,453739.884510404,5678741.7456074
3728,SGZ,453739.130005688,5678742.00751774
3729,SGZ,453738.392862047,5678742.26065189
3730,SGZ,453737.647011711,5678742.52261294
3731,SGZ,453736.909770153,5678742.79239288
3732,SGZ,453736.146519454,5678743.06978827
3733,SGZ,453735.357331342,5678743.34259208
3734,NVB,453734.602708927,5678743.6244771
3735,FMAT,453733.856708326,5678743.91196154
3736,FMAT,453733.145371253,5678744.19188127
3737,FMAT,453731.575257688,5678744.8041228
3738,FMAT,453730.803260803,5678745.097003
3739,FMAT,453730.048638051,5678745.37888758
3740,FMAT,453729.302780609,5678745.64195757
3741,FMAT,453728.548275155,5678745.9038669
3742,FMAT,453727.733090421,5678746.18206599
3743,FMAT,453726.987311097,5678746.43181903
3744,FMAT,453726.328291823,5678746.64545966
3745,FMAT,453725.5132961,5678746.89147641
3746,FMAT,453724.785021295,5678747.10803913
3747,FMAT,453724.030835183,5678747.31557133
3748,FMAT,453723.250692096,5678747.52184112
3749,FMAT,453722.461613976,5678747.77577827
3750,FMAT,453721.750276134,5678748.05569698
3751,FMAT,453721.012831265,5678748.35987701
3752,FMAT,453720.31014128,5678748.64095619
3753,FMAT,453719.590161841,5678748.91860436
3754,FMAT,453718.913611363,5678749.16987338
3755,FMAT,453718.245858855,5678749.3967792
3756,FMAT,453717.604030625,5678749.63049598
3757,FMAT,453716.927388682,5678749.89730103
3758,FMAT,453716.216043922,5678750.17832896
3759,FMAT,453715.522092904,5678750.44503213
3760,FMAT,453714.793491263,5678750.71708034
3761,FMAT,453714.056345997,5678750.97021222
3762,FMAT,453713.241297228,5678751.22510553
3763,FMAT,453712.564922513,5678751.44641135
3764,FMAT,453711.853877599,5678751.67639139
3765,FMAT,453711.099566717,5678751.9050072
3766,FMAT,453710.388593493,5678752.12278009
3767,FMAT,453709.660272094,5678752.34710952
3768,FMAT,453708.923250487,5678752.57915608
3769,FMAT,453708.203590021,5678752.80242654
3770,FMAT,453707.449076629,5678753.06544358
3771,FMAT,453706.746431405,5678753.33875345
3772,FMAT,453706.113133006,5678753.59360502
3773,FMAT,453705.462473375,5678753.85723259
3774,FMAT,453704.733714434,5678754.15591335
3775,FMAT,453704.100579053,5678754.38302155
3776,FMAT,453703.250735418,5678754.66767292
3777,FMAT,453702.582897137,5678754.90900389
3778,FMAT,453701.784973823,5678755.1950702
3779,FMAT,453701.143098935,5678755.43655374
3780,FMAT,453700.501178318,5678755.68580532
3781,FMAT,453699.850603166,5678755.93500595
3782,FMAT,453699.18274509,5678756.17966582
3783,FMAT,453698.410948177,5678756.43814128
3784,FMAT,453697.769249305,5678756.64966188
3785,FMAT,453697.075532044,5678756.87641321
3786,FMAT,453696.321194109,5678757.10946653
3787,FMAT,453695.618894067,5678757.32395981
3788,FMAT,453694.916593986,5678757.53845304
3789,FMAT,453694.205456602,5678757.78396769
3790,FMAT,453693.485586349,5678758.0427481
3791,FMAT,453692.757192097,5678758.27928298
3792,FMAT,453692.054839628,5678758.50265378
3793,FMAT,453691.361122033,5678758.72940461
3794,FMAT,453690.650023594,5678758.96826057
3795,FMAT,453689.852269153,5678759.22547274
3796,FMAT,453689.10660485,5678759.45524709
3797,FMAT,453688.369503609,5678759.70060849
3798,FMAT,453687.675655234,5678759.94955356
3799,FMAT,453687.025203349,5678760.17766829
3800,FMAT,453686.40065617,5678760.41592328
3801,FMAT,453685.767363053,5678760.66966349
3802,FMAT,453685.090862678,5678760.9120518
3803,FMAT,453684.371044057,5678761.16195356
3804,FMAT,453683.642551301,5678761.41513352
3805,FMAT,453682.905351766,5678761.67714033
3806,FMAT,453682.18548077,5678761.93591972
3807,FMAT,453681.517732611,5678762.16171271
3808,FMAT,453680.772022074,5678762.39925437
3809,FMAT,453680.078453976,5678762.60048046
3810,FMAT,453679.358850506,5678762.81376073
3811,FMAT,453678.595739421,5678763.06673654
3812,FMAT,453677.841302377,5678763.31643402
3813,FMAT,453677.10422,5678763.55846518
3814,FMAT,453676.470821843,5678763.8299603
3815,FMAT,453675.83735834,5678764.11255266
3816,FMAT,453675.160243527,5678764.45925457
3817,FMAT,453674.535166697,5678764.78739661
3818,FMAT,453673.858848459,5678764.99871156
3819,FMAT,453673.078787136,5678765.19054993
3820,FMAT,453672.307439052,5678765.3724516
3821,FMAT,453671.388494137,5678765.63338781
3822,FMAT,453670.564833621,5678765.88045769
3823,FMAT,453669.810402575,5678766.12904467
3824,FMAT,453669.021307737,5678766.38519595
3825,FMAT,453668.292755209,5678766.64836205
3826,FMAT,453667.607435978,5678766.91844114
3827,FMAT,453666.930686304,5678767.20299756
3828,FMAT,453666.219266297,5678767.49622801
3829,FMAT,453665.516533401,5678767.78396069
3830,FMAT,453664.813898426,5678768.05504739
3831,FMAT,453664.163366806,5678768.29647699
3832,FMAT,453663.504363527,5678768.5067832
3833,FMAT,453662.810702985,5678768.72354397
3834,FMAT,453662.108400956,5678768.93803428
3835,FMAT,453661.241480307,5678769.18262903
3836,FMAT,453660.444056971,5678769.38324209
3837,FMAT,453659.724393536,5678769.60650813
3838,FMAT,453658.848667982,5678769.87657543
3839,FMAT,453658.206953848,5678770.09031228
3840,FMAT,453657.443782557,5678770.3532736
3841,FMAT,453656.776000285,5678770.58461315
3842,FMAT,453656.116852889,5678770.81933277
3843,FMAT,453655.466346899,5678771.05632274
3844,FMAT,453654.677022429,5678771.35131308
3845,FMAT,453653.930963929,5678771.64766781
3846,FMAT,453653.176531784,5678771.89625321
3847,FMAT,453652.370205176,5678772.13898418
3848,FMAT,453651.728288142,5678772.38712208
3849,FMAT,453651.06045979,5678772.62622924
3850,FMAT,453650.418660273,5678772.85439192
3851,FMAT,453649.690263312,5678773.09092283
3852,FMAT,453648.987855982,5678773.32316763
3853,FMAT,453648.189987594,5678773.59924098
3854,FMAT,453647.435489733,5678773.85892312
3855,FMAT,453646.698287787,5678774.12092655
3856,FMAT,453645.943757154,5678774.38615718
3857,FMAT,453645.224007891,5678774.62384837
3858,FMAT,453644.547674921,5678774.83738027
3859,FMAT,453643.810616539,5678775.07496941
3860,FMAT,453643.055870075,5678775.3768208
3861,FMAT,453642.353161743,5678775.66011251
3862,FMAT,453641.685169452,5678775.92696209
3863,FMAT,453640.991226631,5678776.19143926
3864,FMAT,453640.29745367,5678776.42706343
3865,FMAT,453639.594986942,5678776.66929495
3866,FMAT,453638.90118122,5678776.91046765
3867,FMAT,453638.181418433,5678777.15037765
3868,FMAT,453637.444294285,5678777.39906348
3869,FMAT,453636.603165538,5678777.67266137
3870,FMAT,453635.840077729,5678777.92119414
3871,FMAT,453635.163711531,5678778.14027388
3872,FMAT,453634.391956036,5678778.390975
3873,FMAT,453633.646157518,5678778.64293869
3874,FMAT,453632.96918335,5678778.96522297
3875,FMAT,453632.222829161,5678779.31151344
3876,FMAT,453631.537925869,5678779.51056679
3877,FMAT,453630.827104732,5678779.70169905
3878,FMAT,453630.133533779,5678779.90292076
3879,FMAT,453629.439877809,5678780.11856887
3880,FMAT,453628.754719447,5678780.36090138
3881,FMAT,453628.025974672,5678780.65624589
3882,FMAT,453627.288581851,5678780.95042964
3883,FMAT,453626.568354213,5678781.26912929
3884,FMAT,453625.891660609,5678781.54369466
3885,FMAT,453625.223994098,5678781.75505643
3886,FMAT,453624.495634748,5678781.98492665
3887,FMAT,453623.620024232,5678782.23501494
3888,FMAT,453622.865720828,5678782.46140288
3889,FMAT,453622.111365077,5678782.69666857
3890,FMAT,453621.339634856,5678782.94292951
3891,FMAT,453620.637297694,5678783.16296478
3892,FMAT,453620.021636505,5678783.36131529
3893,FMAT,453619.345204004,5678783.59149095
3894,FMAT,453618.651318574,5678783.84597861
3895,FMAT,453617.974709463,5678784.10611683
3896,FMAT,453617.254651139,5678784.3959627
3897,FMAT,453616.638630162,5678784.65534801
3898,FMAT,453615.961903221,5678784.93546116
3899,FMAT,453615.172588907,5678785.2282281
3900,FMAT,453614.418043036,5678785.49567518
3901,FMAT,453613.689781092,5678785.70889848
3902,FMAT,453612.952805731,5678785.93205828
3903,FMAT,453612.224340998,5678786.17968302
3904,FMAT,453611.4352749,5678786.43027992
3905,FMAT,453610.715621541,5678786.65132204
3906,FMAT,453610.108575115,5678786.85638114
3907,FMAT,453609.345511704,5678787.10047245
3908,FMAT,453608.591240103,5678787.32131039
3909,FMAT,453607.828170055,5678787.56651127
3910,FMAT,453607.030436063,5678787.81927618
3911,FMAT,453606.163446148,5678788.07496217
3912,FMAT,453605.40049367,5678788.30018772
3913,FMAT,453604.767516078,5678788.49954476
3914,FMAT,453604.091056513,5678788.73415804
3915,FMAT,453603.362414652,5678789.01174464
3916,FMAT,453602.633805436,5678789.28378252
3917,FMAT,453601.939918949,5678789.53826871
3918,FMAT,453601.202668184,5678789.808036
3919,FMAT,453600.465397743,5678790.08113241
3920,FMAT,453599.710713536,5678790.37188238
3921,FMAT,453598.87791608,5678790.69990395
3922,FMAT,453598.166648323,5678790.96649481
3923,FMAT,453597.524930757,5678791.18022673
3924,FMAT,453596.692538668,5678791.43944492
3925,FMAT,453596.007496021,5678791.66179948
3926,FMAT,453595.261668807,5678791.91819846
3927,FMAT,453594.437787187,5678792.20188145
3928,FMAT,453593.717975808,5678792.4495555
3929,FMAT,453593.050209346,5678792.67756049
3930,FMAT,453592.347785455,5678792.91201971
3931,FMAT,453591.584747051,5678793.15167039
3932,FMAT,453590.778285451,5678793.41658965
3933,FMAT,453589.94578168,5678793.69467251
3934,FMAT,453589.139261088,5678793.96957916
3935,FMAT,453588.350023346,5678794.24902668
3936,FMAT,453587.638682934,5678794.5278236
3937,FMAT,453586.814656823,5678794.83591981
3938,FMAT,453586.077483534,5678795.09236895
3939,FMAT,453585.409670824,5678795.32814139
3940,FMAT,453584.57706197,5678795.62397933
3941,FMAT,453583.891789604,5678795.88517334
3942,FMAT,453583.232415379,5678796.15761765
3943,FMAT,453582.59032402,5678796.43460287
3944,FMAT,453581.740307709,5678796.74698439
3945,FMAT,453580.959979145,5678796.9832028
3946,FMAT,453580.118878987,5678797.25124604
3947,FMAT,453579.338432539,5678797.5074394
3948,FMAT,453578.531983155,5678797.77013796
3949,FMAT,453577.864176525,5678798.00480002
3950,FMAT,453577.196402576,5678798.23391339
3951,FMAT,453575.730984059,5678798.70025226
3952,FMAT,453574.97654676,5678798.9488302
3953,FMAT,453574.230698511,5678799.20855638
3954,FMAT,453573.545353491,5678799.4819565
3955,FMAT,453572.825108834,5678799.80287072
3956,FMAT,453572.191684434,5678800.07768669
3957,FMAT,453571.480401807,5678800.3464946
3958,FMAT,453570.708563493,5678800.61050624
3959,FMAT,453569.928103307,5678800.86891813
3960,FMAT,453569.130471419,5678801.10392356
3961,FMAT,453568.419528933,5678801.31502533
3962,FMAT,453567.73462859,5678801.51296342
3963,FMAT,453566.972400182,5678801.61500542
3964,FMAT,453566.245536108,5678801.5907425
3965,FMAT,453565.579777497,5678801.47805857
3966,FMAT,453564.897128721,5678801.29424989
3967,FMAT,453564.361855991,5678801.06913929
3968,FMAT,453563.896310582,5678800.76120741
3969,FMAT,453563.500381219,5678800.38931965
3970,FMAT,453563.079188661,5678799.89853781
3971,FMAT,453562.727500886,5678799.36266547
3972,FMAT,453562.540098926,5678798.85328682
3973,FMAT,453562.431275191,5678798.22784614
3974,FMAT,453562.443300862,5678797.65638712
3975,FMAT,453562.550670498,5678797.06107563
3976,FMAT,453562.753161515,5678796.47964242
3977,FMAT,453563.015893899,5678795.95627242
3978,FMAT,453563.373767275,5678795.44345151
3979,FMAT,453563.860954669,5678795.01684538
3980,FMAT,453564.399244496,5678794.73037128
3981,FMAT,453564.988990238,5678794.52410386
3982,FMAT,453565.708410022,5678794.34301612
3983,FMAT,453566.471037009,5678794.17328083
3984,FMAT,453567.329060238,5678793.9708151
3985,FMAT,453568.144059443,5678793.72592439
3986,FMAT,453568.83833359,5678793.40596719
3987,FMAT,453569.559481031,5678792.93191083
3988,FMAT,453570.168263396,5678792.43277684
3989,FMAT,453570.664536723,5678791.93297927
3990,FMAT,453571.231289753,5678791.22274162
3991,FMAT,453571.694286441,5678790.49524552
3992,FMAT,453572.131168918,5678789.79312003
3993,FMAT,453572.6717421,5678789.11935019
3994,FMAT,453573.273008165,5678788.4270722
3995,FMAT,453573.882889389,5678787.74150357
3996,FMAT,453574.475363285,5678787.07247875
3997,FMAT,453575.067895981,5678786.39346632
3998,FMAT,453575.591290501,5678785.69739964
3999,FMAT,453576.071340309,5678785.01328476
4000,FMAT,453576.577464862,5678784.31045758
4001,NVB,453577.118357938,5678783.58231075
4002,NVB,453577.685724905,5678782.76775817
4003,NVB,453578.183495657,5678782.01383235
4004,NVB,453578.672651053,5678781.25319709
4005,NVB,453579.092013968,5678780.58648046
4006,NVB,453579.616107909,5678779.77167258
4007,NVB,453580.078880686,5678779.08190675
4008,NVB,453580.550347164,5678778.38553356
4009,NVB,453581.030422277,5678777.69697947
4010,NVB,453581.527819429,5678777.00630795
4011,NVB,453582.05989346,5678776.30585295
4012,NVB,453582.574501326,5678775.63192935
4013,NVB,453583.071747725,5678774.96678148
4014,NVB,453583.53429092,5678774.31585595
4015,NVB,453584.005534354,5678773.65721331
4016,NVB,453584.529090826,5678772.93340283
4017,NVB,453585.00046495,5678772.25256557
4018,NVB,453585.454752419,5678771.53389546
4019,NVB,453585.909000552,5678770.8218837
4020,NVB,453586.363117752,5678770.13206648
4021,NVB,453586.28033462,5678769.49346245
4022,NVB,453586.119615112,5678768.8621673
4023,NVB,453586.591015031,5678768.17689103
4024,NVB,453587.157025644,5678767.59205153
4025,NVB,453587.809489658,5678767.02325842
4026,NVB,453588.479171001,5678766.47010349
4027,NVB,453589.131549781,5678765.91573673
4028,NVB,453589.619420887,5678765.37260755
4029,ALG,453590.090172632,5678764.79719417
4030,ALG,453590.613773761,5678764.06561519
4031,ALG,453591.093847135,5678763.37706048
4032,NVB,453591.6685312,5678762.7889425
4033,NVB,453592.269531939,5678762.14105219
4034,NVB,453592.923094135,5678761.3858243
4035,NVB,453593.290508179,5678760.72212999
4036,NVB,453593.658007197,5678760.0440092
4037,NVB,453594.155781555,5678759.28897263
4038,NVB,453594.627252171,5678758.59148887
4039,NVB,453595.107351033,5678757.89849501
4040,NVB,453595.596038897,5678757.21664941
4041,NVB,453596.084641641,5678756.54923025
4042,NVB,453596.503995254,5678755.88362242
4043,NVB,453596.923335715,5678755.22023402
4044,NVB,453597.385510327,5678754.63145245
4045,NVB,453597.882414042,5678754.02400953
4046,NVB,453598.379742839,5678753.34443423
4047,NVB,453598.83370098,5678752.68124977
4048,NVB,453599.331055776,5678751.9972355
4049,NVB,453599.837006109,5678751.32325976
4050,NVB,453600.325601594,5678750.65695006
4051,NVB,453600.814465162,5678749.94514148
4052,NVB,453601.285686097,5678749.28982699
4053,NVB,453601.7823014,5678748.73121187
4054,NVB,453602.331589157,5678748.04639372
4055,NVB,453602.733691689,5678747.37069598
4056,NVB,453603.153083504,5678746.69842943
4057,NVB,453603.598334059,5678746.04407151
4058,NVB,453604.06985538,5678745.33770936
4059,FMAT,453604.523812589,5678744.67452457
4060,FMAT,453604.960186074,5678744.05784634
4061,FMAT,453605.414110436,5678743.40021015
4062,FMAT,453605.920072787,5678742.72401456
4063,FMAT,453606.451959253,5678742.05463031
4064,FMAT,453606.983544801,5678741.43629354
4065,FMAT,453607.541335676,5678740.77704978
4066,FMAT,453608.05570365,5678740.14307474
4067,FMAT,453608.52700188,5678739.47444308
4068,FMAT,453608.963538258,5678738.83002142
4069,FMAT,453609.400342678,5678738.14010087
4070,FMAT,453609.845788421,5678737.45245076
4071,FMAT,453610.290874426,5678736.82583568
4072,FMAT,453610.701133208,5678736.23452789
4073,FMAT,453611.146277931,5678735.5979252
4074,FMAT,453611.600207838,5678734.93917892
4075,FMAT,453612.0451824,5678734.33142912
4076,FMAT,453612.550953979,5678733.68741524
4077,FMAT,453613.08266927,5678733.04688348
4078,FMAT,453613.614351781,5678732.41190034
4079,FMAT,453614.154780218,5678731.76143195
4080,FMAT,453614.651883916,5678731.11958639
4081,FMAT,453615.053768773,5678730.48050906
4082,FMAT,453615.455856262,5678729.80703013
4083,FMAT,453615.832091437,5678729.11453282
4084,FMAT,453616.217137937,5678728.39545301
4085,FMAT,453616.688918626,5678727.64470096
4086,FMAT,453617.16903331,5678726.94837657
4087,FMAT,453617.692008319,5678726.32221998
4088,FMAT,453618.249313413,5678725.74509537
4089,FMAT,453618.780151608,5678725.25326684
4090,FMAT,453619.40612343,5678724.77309643
4091,FMAT,453619.997183128,5678724.34265979
4092,FMAT,453620.536172164,5678723.93633121
4093,FMAT,453621.127205586,5678723.51033341
4094,FMAT,453621.761753133,5678723.04353054
4095,FMAT,453622.405085816,5678722.55458403
4096,FMAT,453623.030998364,5678722.08440088
4097,FMAT,453623.708922572,5678721.60009712
4098,FMAT,453624.377996118,5678721.14903417
4099,FMAT,453625.116331393,5678720.6939401
4100,FMAT,453625.819682677,5678720.30078683
4101,FMAT,453626.488180733,5678719.9473798
4102,FMAT,453627.156626432,5678719.60285054
4103,FMAT,453627.81641762,5678719.25827025
4104,FMAT,453628.467240532,5678718.96690588
4105,FMAT,453629.195790066,5678718.70374347
4106,FMAT,453630.140158381,5678718.53396286
4107,FMAT,453630.972110256,5678718.34798326
4108,FMAT,453631.743958064,5678718.08063657
4109,FMAT,453632.524492948,5678717.80779214
4110,FMAT,453633.305060462,5678717.529399
4111,FMAT,453634.08580439,5678717.22104311
4112,FMAT,453634.849278564,5678716.90592683
4113,FMAT,453635.612661178,5678716.60634667
4114,FMAT,453636.376109088,5678716.29566916
4115,FMAT,453637.078923493,5678715.99351262
4116,FMAT,453637.799131706,5678715.67703148
4117,FMAT,453638.571168536,5678715.37750201
4118,FMAT,453639.325746094,5678715.10339428
4119,FMAT,453640.036881435,5678714.85788459
4120,FMAT,453640.739277324,5678714.62675035
4121,FMAT,453641.459034354,5678714.38684014
4122,FMAT,453642.274356227,5678714.08534567
4123,FMAT,453643.037646793,5678713.80130099
4124,FMAT,453643.766208415,5678713.53591778
4125,FMAT,453644.572771113,5678713.25212776
4126,NVB,453645.33598963,5678712.98028988
4127,NVB,453646.090534044,5678712.71173015
4128,NVB,453646.775594528,5678712.48493236
4129,NVB,453647.521419055,5678712.22741882
4130,NVB,453648.241254056,5678711.97419125
4131,NVB,453648.969795728,5678711.71213675
4132,NVB,453649.715783452,5678711.42687979
4133,NVB,453650.392823035,5678711.09238708
4134,NVB,453651.069869092,5678710.75678458
4135,NVB,453651.833400742,5678710.43167911
4136,NVB,453652.50140677,5678710.16149951
4137,NVB,453653.20414159,5678709.87265828
4138,NVB,453653.950298844,5678709.55854798
4139,NVB,453654.661629207,5678709.27974512
4140,NVB,453655.398864048,5678709.01108261
4141,NVB,453656.179070546,5678708.79372227
4142,NVB,453656.976017538,5678708.67301011
4143,NVB,453657.712376868,5678708.55305099
4144,NVB,453658.509598176,5678708.38573009
4145,NVB,453659.290307516,5678708.08292035
4146,NVB,453660.010376911,5678707.78974149
4147,NVB,453660.773888299,5678707.46796434
4148,ALG,453661.528908483,5678707.11839296
4149,ALG,453662.266802615,5678706.73764724
4150,ALG,453663.013409901,5678706.34696482
4151,ALG,453663.742473087,5678705.99613069
4152,ALG,453664.453789703,5678705.71954641
4153,ALG,453665.182362898,5678705.45194177
4154,ALG,453665.885083759,5678705.16531887
4155,ALG,453666.631070231,5678704.88006031
4156,ALG,453667.403137526,5678704.57497939
4157,ALG,453668.175054546,5678704.29542214
4158,ALG,453668.912144762,5678704.05117238
4159,ALG,453669.631919526,5678703.80793043
4160,ALG,453670.369048837,5678703.55702217
4161,ALG,453671.210286042,5678703.26344561
4162,ALG,453671.973476517,5678702.99604407
4163,ALG,453672.624231103,5678702.71577336
4164,ALG,453673.31851904,5678702.3913681
4165,ALG,453674.01280692,5678702.06696278
4166,FMAT,453674.715749177,5678701.74260833
4167,FMAT,453675.436072077,5678701.40614866
4168,FMAT,453676.208432532,5678701.05112909
4169,FMAT,453676.946005402,5678700.72475869
4170,FMAT,453677.700730362,5678700.42512355
4171,FMAT,453678.446578821,5678700.16316818
4172,FMAT,453679.200951068,5678699.92345823
4173,FMAT,453679.946668836,5678699.68369729
4174,FMAT,453680.67511034,5678699.43828578
4175,FMAT,453681.464224234,5678699.17769446
4176,FMAT,453682.227205019,5678698.94580324
4177,FMAT,453682.964150644,5678698.72596621
4178,FMAT,453683.727183573,5678698.48519702
4179,FMAT,453684.447042229,5678698.22752724
4180,FMAT,453685.184353333,5678697.94554521
4181,FMAT,453685.999769705,5678697.6274003
4182,FMAT,453686.702449917,5678697.34743392
4183,FMAT,453687.448571968,5678697.03886911
4184,FMAT,453688.212068107,5678696.71930877
4185,FMAT,453688.940802838,5678696.42395873
4186,FMAT,453689.695598725,5678696.11211543
4187,FMAT,453690.433216257,5678695.77797568
4188,FMAT,453691.110193973,5678695.45346704
4189,FMAT,453691.847706934,5678695.1370828
4190,FMAT,453692.593704544,5678694.84960234
4191,FMAT,453693.33955196,5678694.58764557
4192,FMAT,453694.189428694,5678694.29633693
4193,FMAT,453694.952578331,5678694.03559155
4194,FMAT,453695.629020465,5678693.80208025
4195,FMAT,453696.556917407,5678693.48903493
4196,FMAT,453697.311255808,5678693.2548719
4197,FMAT,453698.082733311,5678693.04966353
4198,FMAT,453698.914948396,5678692.81817792
4199,FMAT,453699.669293185,5678692.58290492
4200,FMAT,453700.415290256,5678692.29542373
4201,FMAT,453701.1527438,5678691.98902618
4202,FMAT,453701.881712548,5678691.65372473
4203,FMAT,453702.619531447,5678691.28518226
4204,FMAT,453703.374502495,5678690.94337499
4205,FMAT,453704.103327474,5678690.63248735
4206,FMAT,453704.858043876,5678690.33395935
4207,FMAT,453705.586653383,5678690.05969262
4208,FMAT,453706.323878108,5678689.79213509
4209,FMAT,453707.052317841,5678689.54672116
4210,FMAT,453708.63092679,5678688.9600592
4211,FMAT,453709.368562403,5678688.62258849
4212,FMAT,453709.95934687,5678688.23764401
4213,FMAT,453710.602351433,5678687.80306703
4214,FMAT,453711.270705822,5678687.47295714
4215,FMAT,453711.998753679,5678687.29412646
4216,FMAT,453712.796056432,5678687.11237362
4217,FMAT,453713.671464235,5678686.89445762
4218,FMAT,453714.434142706,5678686.7136108
4219,FMAT,453715.16214475,5678686.54254794
4220,FMAT,453715.959616985,5678686.33194183
4221,FMAT,453716.69659959,5678686.10544328
4222,FMAT,453717.364320718,5678685.88297654
4223,FMAT,453718.179675786,5678685.57481587
4224,FMAT,453718.891112543,5678685.27714186
4225,FMAT,453719.559303262,5678684.97477448
4226,FMAT,453720.236226632,5678684.65914117
4227,FMAT,453720.973920046,5678684.31168183
4228,FMAT,453721.711228497,5678684.02969639
4229,FMAT,453722.404912547,5678683.80738184
4230,FMAT,453723.150660039,5678683.56206818
4231,FMAT,453723.870542091,5678683.29995591
4232,FMAT,453724.590508898,5678683.02341709
4233,FMAT,453725.397111115,5678682.73185074
4234,FMAT,453726.108201615,5678682.49299168
4235,FMAT,453726.828063898,5678682.23420832
4236,FMAT,453727.539428269,5678681.94874055
4237,FMAT,453728.224848917,5678681.65979091
4238,FMAT,453728.901667281,5678681.36191253
4239,FMAT,453729.595781375,5678681.06635527
4240,FMAT,453730.367935139,5678680.745732
4241,FMAT,453731.070540474,5678680.47796869
4242,FMAT,453731.807717746,5678680.21817688
4243,FMAT,453732.570884294,5678679.95409868
4244,FMAT,453733.299459235,5678679.68537804
4245,FMAT,453734.019431892,5678679.40772865
4246,FMAT,453734.739339275,5678679.14117646
4247,FMAT,453735.467881457,5678678.87800427
4248,FMAT,453736.153040671,5678678.63344308
4249,FMAT,453736.872817478,5678678.38908528
4250,FMAT,453737.653299012,5678678.12399858
4251,FMAT,453738.381743179,5678677.87747204
4252,FMAT,453739.127489593,5678677.63215687
4253,FMAT,453739.84746837,5678677.35339722
4254,FMAT,453740.524285912,5678677.05551783
4255,FMAT,453741.253173311,5678676.7335295
4256,FMAT,453741.964588813,5678676.4391826
4257,FMAT,453742.641301863,5678676.15905869
4258,FMAT,453743.43956127,5678675.81417268
4259,FMAT,453744.177037632,5678675.50333221
4260,FMAT,453744.819009013,5678675.24408954
4261,FMAT,453745.634446633,5678674.92149958
4262,FMAT,453746.311029016,5678674.66356993
4263,FMAT,453747.065579236,5678674.39278111
4264,FMAT,453747.871977591,5678674.13561405
4265,FMAT,453748.62626691,5678673.90921421
4266,FMAT,453749.380588785,5678673.67726567
4267,FMAT,453750.126275768,5678673.44193702
4268,FMAT,453750.871995304,5678673.20105967
4269,FMAT,453751.626532185,5678672.93248987
4270,FMAT,453752.355144918,5678672.6571091
4271,FMAT,453753.144520958,5678672.35101176
4272,FMAT,453753.873237894,5678672.0578752
4273,FMAT,453754.593404673,5678671.74693208
4274,FMAT,453756.068466489,5678671.10638361
4275,FMAT,453756.814628892,5678670.79004416
4276,FMAT,453757.534782399,5678670.48132022
4277,FMAT,453758.237548829,5678670.18581129
4278,FMAT,453758.948917457,5678669.89923097
4279,FMAT,453759.642938125,5678669.61920727
4280,FMAT,453760.354280576,5678669.33706573
4281,FMAT,453761.100201461,5678669.06178583
4282,FMAT,453761.82870269,5678668.80526957
4283,FMAT,453762.539875518,5678668.55198077
4284,FMAT,453763.259624488,5678668.31205948
4285,FMAT,453763.979340822,5678668.07768676
4286,FMAT,453764.785581533,5678667.84715146
4287,FMAT,453765.539785014,5678667.63517649
4288,FMAT,453766.320049407,5678667.40670799
4289,FMAT,453767.039967601,5678667.13793342
4290,FMAT,453767.734046384,5678666.84792146
4291,FMAT,453768.402227097,5678666.54665969
4292,FMAT,453769.070459896,5678666.23652002
4293,FMAT,453769.825308278,5678665.91468152
4294,FMAT,453770.545382614,5678665.61927315
4295,FMAT,453771.213413229,5678665.34353489
4296,FMAT,453771.950711533,5678665.0626545
4297,FMAT,453772.696566431,5678664.79847078
4298,FMAT,453773.425236301,5678664.51310052
4299,FMAT,453774.214656295,5678664.19923298
4300,FMAT,453774.899734793,5678663.96798519
4301,FMAT,453775.628150378,5678663.72589413
4302,FMAT,453776.348054873,5678663.45933817
4303,FMAT,453777.041963566,5678663.19817833
4304,FMAT,453777.735859177,5678662.9392379
4305,FMAT,453778.490355036,5678662.6773239
4306,FMAT,453779.244844323,5678662.41651957
4307,FMAT,453779.947420246,5678662.15319084
4308,FMAT,453780.702046256,5678661.86908207
4309,FMAT,453781.465215841,5678661.60388943
4310,FMAT,453782.167713433,5678661.35387724
4311,FMAT,453782.887545816,5678661.09952769
4312,FMAT,453783.633334809,5678660.84644023
4313,FMAT,453784.370397699,5678660.6055089
4314,FMAT,453785.11630386,5678660.33244619
4315,FMAT,453785.827644532,5678660.05030236
4316,FMAT,453786.625607212,5678659.75534977
4317,FMAT,453787.362897908,5678659.47557767
4318,FMAT,453788.091749143,5678659.15913366
4319,FMAT,453788.829384987,5678658.82054582
4320,FMAT,453789.558444551,5678658.46859037
4321,FMAT,453790.278882232,5678658.1110354
4322,FMAT,453790.973298065,5678657.76331553
4323,FMAT,453791.667518423,5678657.44888745
4324,FMAT,453792.457243104,5678657.08286085
4325,FMAT,453793.11704121,5678656.7349376
4326,FMAT,453793.794180591,5678656.38156723
4327,FMAT,453794.523187598,5678656.03848915
4328,FMAT,453795.252298749,5678655.67765534
4329,FMAT,453795.955388067,5678655.32665665
4330,FMAT,453796.63255325,5678654.96884713
4331,FMAT,453797.318353218,5678654.61441753
4332,FMAT,453798.021351165,5678654.27895485
4333,FMAT,453798.750390349,5678653.93032773
4334,FMAT,453799.462224911,5678653.56384331
4335,FMAT,453800.17398777,5678653.20956584
4336,FMAT,453800.885665896,5678652.86971478
4337,FMAT,453801.571328722,5678652.53858911
4338,FMAT,453802.248369673,5678652.20186396
4339,FMAT,453802.98617356,5678651.83442186
4340,FMAT,453803.671855745,5678651.49996682
4341,FMAT,453804.340007699,5678651.20314093
4342,FMAT,453805.060281232,5678650.87332783
4343,FMAT,453805.780587264,5678650.53796602
4344,FMAT,453807.256142233,5678649.81195892
4345,FMAT,453807.924450183,5678649.48849924
4346,FMAT,453808.627473257,5678649.1485967
4347,FMAT,453809.347811533,5678648.80768592
4348,FMAT,453810.042173597,5678648.4688422
4349,FMAT,453810.736548622,5678648.12777897
4350,FMAT,453811.474332196,5678647.76366526
4351,FMAT,453812.194767881,5678647.4061083
4352,FMAT,453812.932303904,5678647.08416414
4353,FMAT,453813.713261477,5678646.73695003
4354,FMAT,453814.451096865,5678646.36395822
4355,FMAT,453815.136875733,5678646.01285627
4356,FMAT,453815.822687089,5678645.65620561
4357,FMAT,453816.517185309,5678645.29405703
4358,FMAT,453817.194322639,5678644.94068467
4359,FMAT,453817.906520082,5678644.5120538
4360,FMAT,453818.583982789,5678644.1031949
4361,FMAT,453819.235260968,5678643.7319144
4362,FMAT,453819.91254777,5678643.35301805
4363,FMAT,453820.641721658,5678642.98108462
4364,FMAT,453821.379510792,5678642.61586027
4365,FMAT,453822.091297689,5678642.25714191
4366,FMAT,453822.829028101,5678641.90190498
4367,FMAT,453823.532069369,5678641.55867193
4368,FMAT,453824.208828515,5678641.26966321
4369,FMAT,453824.894241978,5678640.98070521
4370,FMAT,453825.692565728,5678640.62360389
4371,FMAT,453826.421621923,5678640.27164504
4372,FMAT,453827.098589139,5678639.94712477
4373,FMAT,453827.862327759,5678639.58427155
4374,FMAT,453828.704235469,5678639.17415676
4375,FMAT,453829.364089019,5678638.81624293
4376,FMAT,453830.041342355,5678638.44289436
4377,FMAT,453830.805256422,5678638.05007818
4378,FMAT,453831.517061994,5678637.68802979
4379,FMAT,453832.237671553,5678637.30050835
4380,FMAT,453832.984309208,5678636.90204181
4381,FMAT,453833.71355997,5678636.51679044
4382,FMAT,453834.37336751,5678636.16664429
4383,FMAT,453835.067831483,5678635.81004272
4384,FMAT,453835.823175276,5678635.40274884
4385,FMAT,453836.517762761,5678635.0250623
4386,FMAT,453837.238306751,5678634.64863768
4387,FMAT,453837.976191928,5678634.26676585
4388,FMAT,453838.696677212,5678633.90032865
4389,FMAT,453839.399678017,5678633.56375256
4390,FMAT,453840.120059056,5678633.21507089
4391,FMAT,453840.918758714,5678632.79360379
4392,FMAT,453841.665102687,5678632.44507421
4393,FMAT,453842.428416954,5678632.15435193
4394,FMAT,453843.113705314,5678631.88647719
4395,FMAT,453843.85118003,5678631.57451771
4396,FMAT,453844.580488311,5678631.17927777
4397,FMAT,453845.257681702,5678630.81591546
4398,FMAT,453845.978224881,5678630.43949005
4399,FMAT,453846.716167789,5678630.04762984
4400,FMAT,453847.419454165,5678629.66222499
4401,FMAT,453848.114066599,5678629.28009852
4402,FMAT,453848.808483792,5678628.93126385
4403,FMAT,453849.476879311,5678628.59226446
4404,FMAT,453850.249400246,5678628.20726525
4405,FMAT,453850.978506216,5678627.84642631
4406,FMAT,453851.725005397,5678627.4712623
4407,FMAT,453852.480288963,5678627.07395439
4408,FMAT,453853.226846544,5678626.68880268
4409,FMAT,453853.912693493,5678626.32549036
4410,FMAT,453854.581147113,5678625.97650299
4411,FMAT,453855.284179043,5678625.63437684
4412,FMAT,453856.056361143,5678625.30708294
4413,FMAT,453856.854610303,5678624.96218549
4414,FMAT,453857.644387173,5678624.58616484
4415,FMAT,453858.390853197,5678624.21654885
4416,FMAT,453859.076888315,5678623.82105395
4417,FMAT,453859.754190967,5678623.43882501
4418,FMAT,453860.422696109,5678623.08095932
4419,FMAT,453861.134661548,5678622.69116506
4420,FMAT,453861.82051428,5678622.32674232
4421,FMAT,453862.48885013,5678621.99772939
4422,FMAT,453863.17454665,5678621.65994002
4423,FMAT,453863.860100023,5678621.34656461
4424,FMAT,453864.545796424,5678621.00877512
4425,FMAT,453865.188448667,5678620.63189148
4426,FMAT,453865.8658613,5678620.23079664
4427,FMAT,453866.525828605,5678619.8529046
4428,FMAT,453867.202935452,5678619.50396687
4429,FMAT,453867.888690072,5678619.15618954
4430,FMAT,453868.609146543,5678618.79418853
4431,FMAT,453869.294907544,5678618.44530135
4432,FMAT,453870.032809127,5678618.06009734
4433,FMAT,453870.822727725,5678617.65966135
4434,FMAT,453871.569263991,5678617.2778371
4435,FMAT,453872.246376888,5678616.92778922
4436,SGZ,453873.036321265,5678616.52291409
4437,SGZ,453873.704714668,5678616.18391266
4438,SGZ,453874.433272239,5678615.91628875
4439,SGZ,453875.204002586,5678615.83646243
4440,SGZ,453875.97360806,5678615.94861906
4441,SGZ,453876.672645937,5678616.2878643
4442,SGZ,453877.275244273,5678616.83850986
4443,SGZ,453877.746675209,5678617.6192183
4444,SGZ,453877.888675592,5678618.49454632
4445,SGZ,453877.692669003,5678619.45112647
4446,SGZ,453877.184611838,5678620.49022059
4447,SGZ,453876.521101427,5678621.47291553
4448,SGZ,453875.822271241,5678622.57525826
4449,SGZ,453875.218092504,5678623.7713759
4450,SGZ,453874.53465247,5678625.20118983
4451,SGZ,453873.990605139,5678626.4742336
4452,SGZ,453873.411446045,5678627.83141386
4453,SGZ,453872.770912972,5678629.32362597
4454,SGZ,453872.148195577,5678630.72938063
4455,SGZ,453871.534307891,5678632.10522329
4456,SGZ,453870.929113367,5678633.47445823
4457,SGZ,453870.375578185,5678634.88949628
4458,NVB,453457.917686758,5679084.79169798
4459,NVB,453457.320796712,5679084.73823003
4460,NVB,453456.741498478,5679084.63714606
4461,NVB,453456.240769689,5679084.42222055
4462,NVB,453455.722704972,5679084.21163159
4463,NVB,453455.213301697,5679083.99998404
4464,NVB,453454.66044047,5679083.819153
4465,NVB,453454.116207884,5679083.642812
4466,NVB,453453.572290231,5679083.41320403
4467,NVB,453453.028142983,5679083.22243649
4468,NVB,453452.422827854,5679083.13007652
4469,NVB,453451.757007473,5679083.02404159
4470,NVB,453451.152072909,5679082.8673173
4471,NVB,453450.495287962,5679082.69696922
4472,NVB,453449.82078654,5679082.59532186
4473,NVB,453449.015799604,5679082.60498938
4474,NVB,453448.237000318,5679082.5770796
4475,NVB,453447.579998926,5679082.44335228
4476,NVB,453446.983994927,5679082.24007028
4477,NVB,453446.500963398,5679081.95977255
4478,NVB,453445.956980459,5679081.74126133
4479,NVB,453445.300025105,5679081.59976573
4480,NVB,453444.643135393,5679081.4471728
4481,NVB,453443.925569857,5679081.30975776
4482,NVB,453443.043345547,5679081.20799129
4483,NVB,453442.186974271,5679081.12524363
4484,NVB,453441.330714567,5679081.0236305
4485,NVB,453440.500662261,5679080.8811109
4486,NVB,453439.801043118,5679080.63615424
4487,NVB,453439.049632711,5679080.36758614
4488,NVB,453438.323786583,5679080.16686492
4489,NVB,453437.606135948,5679080.04387576
4490,NVB,453436.880053618,5679079.88310461
4491,NVB,453436.111143343,5679079.64661596
4492,NVB,453435.385277666,5679079.44922365
4493,NVB,453434.598585211,5679079.29253289
4494,NVB,453433.846262789,5679079.17821646
4495,ALG,453433.050587361,5679079.07696076
4496,ALG,453432.220397561,5679078.95774456
4497,ALG,453431.476716927,5679078.84569855
4498,ALG,453430.750477292,5679078.7115603
4499,ALG,453430.033069764,5679078.54751052
4500,ALG,453429.341843432,5679078.34699324
4501,ALG,453428.616155267,5679078.11963764
4502,ALG,453427.846910622,5679077.93974431
4503,ALG,453427.016648805,5679077.83273457
4504,NVB,453426.151616622,5679077.75104369
4505,NVB,453425.26920254,5679077.68145733
4506,NVB,453424.464760909,5679077.59901492
4507,NVB,453423.78193362,5679077.44182773
4508,NVB,453423.116757431,5679077.22703704
4509,NVB,453422.486364806,5679076.98470789
4510,NVB,453421.873052144,5679076.78132158
4511,NVB,453421.207738194,5679076.589835
4512,NVB,453420.412798485,5679076.36428849
4513,NVB,453419.687012271,5679076.15357799
4514,NVB,453418.94364064,5679075.98937358
4515,NVB,453418.208352682,5679075.92176664
4516,NVB,453417.290754811,5679075.94741115
4517,NVB,453416.33875421,5679075.93622971
4518,NVB,453415.551373029,5679075.89605847
4519,NVB,453414.781354081,5679075.84711174
4520,NVB,453414.037667399,5679075.73617381
4521,NVB,453413.3637711,5679075.53242835
4522,NVB,453412.724724053,5679075.29004721
4523,NVB,453412.09446322,5679075.02552267
4524,NVB,453411.39462875,5679074.81718449
4525,NVB,453410.55585708,5679074.68570779
4526,NVB,453409.742997448,5679074.56326245
4527,NVB,453408.930177237,5679074.43415867
4528,NVB,453408.169358378,5679074.2931551
4529,NVB,453407.408624917,5679074.13772498
4530,NVB,453406.613311501,5679073.97543156
4531,NVB,453405.800530802,5679073.83966908
4532,NVB,453404.987507136,5679073.74496646
4533,NVB,453404.174864408,5679073.58589953
4534,NVB,453403.475286406,5679073.33428126
4535,NVB,453402.854147193,5679072.99101651
4536,NVB,453402.320029379,5679072.56836355
4537,NVB,453401.915891931,5679072.11984543
4538,NVB,453401.607529239,5679071.57534443
4539,NVB,453401.429527826,5679070.94061409
4540,NVB,453401.208331043,5679070.2923109
4541,NVB,453400.900454507,5679069.66569
4542,NVB,453400.627151416,5679069.04704209
4543,NVB,453400.353960025,5679068.40952879
4544,NVB,453400.011878072,5679067.7127901
4545,NVB,453399.738896963,5679067.03976548
4546,NVB,453399.569760835,5679066.36957503
4547,NVB,453399.51414258,5679065.53026215
4548,ALG,453399.701601993,5679064.56698436
4549,ALG,453399.862742171,5679063.66347818
4550,ALG,453399.868318602,5679062.72131918
4551,ALG,453399.752031122,5679061.89607418
4552,ALG,453399.574805149,5679061.13039589
4553,ALG,453399.379599581,5679060.4778074
4554,ALG,453399.236690865,5679059.7633815
4555,ALG,453399.120134201,5679058.98363532
4556,ALG,453399.03748093,5679058.3250544
4557,ALG,453399.006099814,5679057.77775362
4558,ALG,453399.000591234,5679057.24614272
4559,ALG,453398.909605016,5679056.5331339
4560,ALG,453398.673286498,5679055.51518876
4561,ALG,453398.479394841,5679054.64065465
4562,ALG,453398.302070645,5679053.89162224
4563,ALG,453398.064313788,5679053.11670749
4564,ALG,453397.740186091,5679052.31131779
4565,ALG,453397.416511698,5679051.42935686
4566,ALG,453397.196182884,5679050.63456943
4567,ALG,453397.036411588,5679049.84457952
4568,ALG,453396.928391894,5679049.08485963
4569,ALG,453396.846349816,5679048.32307397
4570,ALG,453396.876794118,5679047.5663932
4571,ALG,453397.010984559,5679046.82919257
4572,NVB,453397.075542324,5679046.15816577
4573,NVB,453397.001609884,5679045.48853876
4574,NVB,453396.858635994,5679044.78521007
4575,NVB,453396.732603914,5679044.1441286
4576,NVB,453396.649911613,5679043.492206
4577,NVB,453396.515231329,5679042.84996357
4578,NVB,453396.311030109,5679042.25502959
4579,NVB,453396.089709791,5679041.62781104
4580,NVB,453395.842208304,5679041.03705982
4581,NVB,453395.629181586,5679040.47092752
4582,NVB,453395.511666543,5679039.85320154
4583,NVB,453395.550128587,5679039.20421562
4584,NVB,453395.536661773,5679038.5549223
4585,NVB,453395.497250247,5679037.90214611
4586,ALG,453395.406021554,5679037.23019715
4587,ALG,453395.262772078,5679036.573477
4588,ALG,453395.180211369,5679035.89935981
4589,ALG,453395.193812595,5679035.06378589
4590,NVB,453395.1636537,5679034.31007568
4591,NVB,453395.020877267,5679033.5734551
4592,NVB,453394.739459804,5679032.86375801
4593,NVB,453394.570147527,5679032.22353006
4594,NVB,453394.479043806,5679031.53049626
4595,NVB,453394.431233809,5679030.83438943
4596,NVB,453394.40127865,5679030.04627764
4597,NVB,453394.362130038,5679029.34911231
4598,NVB,453394.236499149,5679028.64033738
4599,NVB,453394.050343826,5679027.92121626
4600,NVB,453393.916209285,5679027.18686635
4601,NVB,453393.808045725,5679026.4515604
4602,NVB,453393.673878388,5679025.72275911
4603,NVB,453393.591725238,5679024.97983877
4604,NVB,453393.527315258,5679024.16377883
4605,NVB,453393.341133839,5679023.44909661
4606,NVB,453393.093869651,5679022.81839506
4607,NVB,453392.898869284,5679022.13140479
4608,NVB,453392.756310095,5679021.35816313
4609,NVB,453392.630580953,5679020.66603408
4610,ALG,453392.522240242,5679019.96069076
4611,ALG,453392.466051635,5679019.21792409
4612,ALG,453392.389311852,5679017.56058785
4613,ALG,453392.315761154,5679016.82659654
4614,ALG,453392.241987111,5679016.13033597
4615,ALG,453392.116658842,5679015.3705135
4616,ALG,453391.948194647,5679014.58713056
4617,ALG,453391.762775672,5679013.74371983
4618,ALG,453391.568386625,5679012.95352481
4619,ALG,453391.37325526,5679012.28872904
4620,ALG,453391.169580834,5679011.60501666
4621,ALG,453390.983334254,5679010.90143163
4622,ALG,453390.954470112,5679009.92910496
4623,ALG,453390.995777074,5679008.79960679
4624,ALG,453391.071052733,5679007.78017664
4625,ALG,453391.19729786,5679006.9230742
4626,ALG,453391.097572849,5679006.22444045
4627,ALG,453390.798709259,5679005.53794499
4628,ALG,453390.516774223,5679004.91591622
4629,ALG,453390.312048922,5679004.40976028
4630,ALG,453390.090572532,5679003.80917498
4631,ALG,453389.929810963,5679003.18675378
4632,ALG,453389.813131346,5679002.42809222
4633,ALG,453389.748774551,5679001.6031544
4634,ALG,453389.692645499,5679000.85040014
4635,ALG,453389.619200357,5679000.09865312
4636,ALG,453389.528419423,5678999.35124255
4637,ALG,453389.46355681,5678998.61175378
4638,ALG,453389.432051856,5678998.08553774
4639,ALG,453389.417133752,5678997.68149426
4640,ALG,453389.361819432,5678996.79113372
4641,ALG,453389.300038128,5678995.5311825
4642,ALG,453389.204459045,5678994.13231032
4643,ALG,453388.846431894,5678993.20575484
4644,ALG,453388.382892095,5678992.55823594
4645,ALG,453388.050192091,5678991.73947776
4646,ALG,453387.830306212,5678990.8703382
4647,ALG,453387.740898721,5678989.89099443
4648,ALG,453387.806751218,5678989.00135122
4649,ALG,453387.794106479,5678988.21334183
4650,ALG,453387.720720792,5678987.45160723
4651,ALG,453387.68212495,5678986.66122466
4652,ALG,453387.886184068,5678985.81790014
4653,ALG,453388.202853445,5678984.95859581
4654,ALG,453388.240783745,5678984.39949783
4655,ALG,453388.182887649,5678983.94526038
4656,ALG,453388.195300467,5678983.31054718
4657,ALG,453388.260463018,5678982.5374254
4658,ALG,453388.135464238,5678981.72211642
4659,ALG,453387.966915817,5678980.9531598
4660,ALG,453387.867743354,5678980.16130882
4661,ALG,453387.898300088,5678979.38576263
4662,ALG,453387.963383803,5678978.62595759
4663,ALG,453388.071918612,5678977.83644609
4664,ALG,453388.240773782,5678977.09168238
4665,ALG,453388.44347919,5678976.47696182
4666,ALG,453388.680665556,5678975.8857505
4667,ALG,453388.961007323,5678975.31477047
4668,ALG,453389.145890699,5678974.7865062
4669,ALG,453389.32175797,5678974.31922572
4670,ALG,453389.331569014,5678974.12396482
4671,ALG,453389.236826791,5678974.04572023
4672,ALG,453389.77569369,5678973.6649311
4673,ALG,453390.678952965,5678973.13537088
4674,ALG,453391.400883116,5678972.53371199
4675,ALG,453392.080189864,5678971.82193379
4676,ALG,453392.69865714,5678971.15307628
4677,ALG,453393.508789764,5678970.27227808
4678,ALG,453394.08298461,5678969.77184295
4679,ALG,453394.814718523,5678968.97603258
4680,ALG,453395.634517052,5678967.92438727
4681,ALG,453396.036950486,5678967.19765257
4682,ALG,453396.378498576,5678966.52160673
4683,ALG,453396.746155306,5678965.82130054
4684,ALG,453397.104191627,5678965.28407314
4685,ALG,453397.470468795,5678964.81680982
4686,ALG,453397.828367075,5678964.30288667
4687,ALG,453398.186409824,5678963.76454949
4688,ALG,453399.489840718,5678962.88999989
4689,ALG,453400.098817757,5678962.36202603
4690,ALG,453400.621352565,5678961.81578423
4691,ALG,453401.143880736,5678961.27065211
4692,ALG,453401.562236885,5678960.77817221
4693,ALG,453401.980330256,5678960.3300814
4694,ALG,453402.337847095,5678959.88052228
4695,ALG,453402.721465986,5678959.40781252
4696,ALG,453403.217780105,5678958.90469627
4697,ALG,453403.705275242,5678958.42927195
4698,ALG,453404.184227258,5678957.93493102
4699,ALG,453404.576717399,5678957.42565136
4700,ALG,453404.960342604,5678956.95183177
4701,ALG,453405.516996454,5678956.49013386
4702,ALG,453406.056242285,5678956.04497939
4703,ALG,453406.535233411,5678955.54397994
4704,ALG,453407.023095921,5678955.00641065
4705,ALG,453407.554770468,5678954.37809972
4706,ALG,453408.09526383,5678953.72209678
4707,ALG,453408.652908916,5678953.0928297
4708,ALG,453409.288052309,5678952.53060723
4709,ALG,453409.862599484,5678951.97024564
4710,ALG,453409.986819145,5678951.4549391
4711,ALG,453410.05914992,5678950.9326669
4712,ALG,453410.581302401,5678950.45078866
4713,ALG,453411.207015843,5678950.01946273
4714,ALG,453411.841390493,5678949.58707824
4715,ALG,453412.458987555,5678949.06470329
4716,ALG,453413.085061947,5678948.57234216
4717,ALG,453413.789311,5678948.03272359
4718,ALG,453414.493914544,5678947.43317964
4719,ALG,453414.854135434,5678946.52641197
4720,ALG,453414.937353115,5678945.62688337
4721,ALG,453415.31302502,5678945.03427116
4722,ALG,453415.818254791,5678944.4868162
4723,ALG,453416.289167718,5678943.88810887
4724,ALG,453416.734287183,5678943.26039497
4725,ALG,453417.136152762,5678942.6290958
4726,ALG,453417.477829323,5678941.93085448
4727,ALG,453417.758404204,5678941.31992322
4728,ALG,453418.04760748,5678940.71348206
4729,ALG,453418.388719214,5678940.11067731
4730,ALG,453418.738531556,5678939.50015566
4731,ALG,453419.157154659,5678938.96217598
4732,ALG,453419.515214516,5678938.42050864
4733,ALG,453419.525195491,5678938.19639477
4734,ALG,453419.508903784,5678938.0242845
4735,ALG,453419.849260239,5678937.54909842
4736,ALG,453420.181027613,5678937.06276385
4737,ALG,453420.538575197,5678936.60765526
4738,ALG,453420.947952433,5678936.1694998
4739,ALG,453421.374711234,5678935.71923973
4740,ALG,453421.749719085,5678935.23870974
4741,ALG,453422.046867473,5678934.75217027
4742,ALG,453422.283124392,5678934.3174296
4743,ALG,453422.53612606,5678933.97822794
4744,ALG,453422.840727598,5678933.69481989
4745,ALG,453422.631557471,5678933.93995068
4746,ALG,453422.405255208,5678934.1550164
4747,ALG,453423.099611989,5678938.21310299
4748,ALG,453423.495184435,5678941.57137848
4749,ALG,453424.023876217,5678941.446883
4750,ALG,453424.630565334,5678941.30509265
4751,ALG,453425.280580454,5678941.15468042
4752,ALG,453425.904152212,5678941.08512469
4753,ALG,453426.466885027,5678941.05848992
4754,ALG,453427.064236641,5678941.0320599
4755,ALG,453427.652926986,5678941.00668837
4756,ALG,453428.250173558,5678940.99801391
4757,ALG,453428.77803154,5678941.01445359
4758,ALG,453429.366524946,5678941.02237378
4759,ALG,453429.902643777,5678941.10544826
4760,ALG,453429.782311626,5678940.96379607
4761,ALG,453429.662084508,5678940.80438823
4762,ALG,453429.67142846,5678940.68791797
4763,ALG,453430.206437917,5678940.95853649
4764,ALG,453430.86296769,5678941.16994636
4765,ALG,453431.67560376,5678941.32790096
4766,ALG,453432.418890661,5678941.50431131
4767,ALG,453433.127434076,5678941.70160167
4768,ALG,453433.905759928,5678941.80719406
4769,ALG,453434.658069184,5678941.92151062
4770,ALG,453435.357984242,5678942.11431067
4771,ALG,453436.161558858,5678942.34101676
4772,ALG,453436.869721768,5678942.60267101
4773,ALG,453437.516809567,5678942.9471965
4774,ALG,453438.155820271,5678943.19401469
4775,ALG,453438.864088327,5678943.43791311
4776,ALG,453439.53775074,5678943.67938727
4777,ALG,453440.116139257,5678943.93250538
4778,ALG,453440.347283034,5678944.36224236
4779,ALG,453439.476522885,5678945.25156488
4780,ALG,453439.142715304,5678946.08302569
4781,ALG,453439.860786858,5678946.13277279
4782,ALG,453440.604822539,5678946.18267336
4783,ALG,453441.314652849,5678946.16245627
4784,ALG,453442.04141194,5678946.20670571
4785,ALG,453442.663769877,5678946.34244835
4786,ALG,453443.225092082,5678946.55440392
4787,ALG,453443.708141341,5678946.83026307
4788,ALG,453444.13908521,5678947.13577778
4789,ALG,453444.665342453,5678947.42299005
4790,ALG,453445.331144681,5678947.53013543
4791,ALG,453446.006277519,5678947.52302995
4792,ALG,453446.699310338,5678947.41615123
4793,ALG,453447.45334605,5678947.23860807
4794,ALG,453448.120637797,5678947.09384495
4795,ALG,453448.744288535,5678947.01097067
4796,ALG,453449.341679868,5678946.97788059
4797,ALG,453449.947791521,5678946.93374436
4798,ALG,453450.57137005,5678946.86307695
4799,ALG,453451.186805638,5678946.70579953
4800,ALG,453451.846748228,5678946.34014902
4801,ALG,453452.437945194,5678945.89085951
4802,ALG,453453.037731183,5678945.4527184
4803,ALG,453453.603232894,5678944.95777643
4804,ALG,453454.142822909,5678944.45380311
4805,ALG,453454.613253949,5678943.93610367
4806,ALG,453455.058075099,5678943.35832539
4807,ALG,453455.520736999,5678942.69076143
4808,ALG,453455.964862589,5678942.23061428
4809,ALG,453456.451402209,5678941.9160973
4810,ALG,453456.765713743,5678941.45407289
4811,ALG,453456.978399386,5678940.61412695
4812,ALG,453457.302283996,5678939.99679175
4813,ALG,453457.738351626,5678939.43560807
4814,ALG,453458.088088698,5678938.83729171
4815,ALG,453458.213013513,5678938.2021338
4816,ALG,453457.991625785,5678937.58601419
4817,ALG,453457.691971889,5678937.03268859
4818,ALG,453457.331203772,5678936.56889282
4819,ALG,453456.918113901,5678936.17137372
4820,ALG,453456.513744373,5678935.76280849
4821,ALG,453456.057053082,5678935.42051993
4822,ALG,453455.704349375,5678935.05665077
4823,ALG,453455.438356653,5678934.66555006
4824,ALG,453455.284645348,5678934.31395498
4825,ALG,453455.260616673,5678933.98643169
4826,ALG,453454.751564377,5678933.71707811
4827,ALG,453453.757101397,5678933.5713681
4828,ALG,453453.005658746,5678933.31056924
4829,ALG,453452.471757878,5678932.85240823
4830,ALG,453452.067467481,5678932.43052602
4831,ALG,453451.577666897,5678931.83279505
4832,ALG,453451.139794523,5678931.23537108
4833,ALG,453450.962599585,5678930.46414517
4834,ALG,453450.898296187,5678929.62922026
4835,ALG,453450.608065469,5678928.94610737
4836,ALG,453450.135843609,5678928.30297979
4837,ALG,453449.663989266,5678927.59770741
4838,ALG,453449.269712223,5678926.9461625
4839,ALG,453448.89279711,5678926.2858421
4840,ALG,453448.550710769,5678925.59021508
4841,ALG,453448.208499816,5678924.91567287
4842,ALG,453447.633235871,5678924.13432475
4843,ALG,453447.006339236,5678923.30273177
4844,ALG,453446.174617691,5678921.98163013
4845,ALG,453445.250372319,5678920.20719636
4846,ALG,453444.371166,5678918.1345015
4847,ALG,453444.094086144,5678916.69127575
4848,ALG,453444.325794634,5678915.56179342
4849,ALG,453444.42465778,5678914.94312808
4850,ALG,453444.366673736,5678914.50331748
4851,ALG,453444.377343028,5678914.16268212
4852,ALG,453444.447984719,5678913.92560973
4853,ALG,453444.544544489,5678913.69645897
4854,ALG,453444.701188213,5678913.55200579
4855,ALG,453444.892161878,5678913.45658536
4856,ALG,453445.109178295,5678913.34800172
4857,ALG,453445.352486825,5678913.1840852
4858,ALG,453445.457373119,5678913.01047201
4859,ALG,453445.484249265,5678912.85637333
4860,ALG,453445.511112285,5678912.70449411
4861,ALG,453445.746179527,5678912.47061353
4862,ALG,453446.137293281,5678912.193265
4863,ALG,453446.503046705,5678911.81366793
4864,ALG,453446.808584883,5678911.37156783
4865,ALG,453447.105665217,5678910.8961247
4866,ALG,453447.333750964,5678910.37921222
4867,ALG,453447.786923634,5678909.852533
4868,ALG,453448.308828315,5678909.41171222
4869,ALG,453448.855902976,5678909.10532203
4870,ALG,453449.66194171,5678908.91476899
4871,ALG,453450.554317094,5678908.76023889
4872,ALG,453451.309904056,5678908.31968981
4873,ALG,453451.884084169,5678907.82036023
4874,ALG,453452.61385788,5678907.35413378
4875,ALG,453453.430420895,5678906.847359
4876,ALG,453454.187562446,5678906.14380408
4877,ALG,453454.815034838,5678905.41395783
4878,ALG,453455.382305014,5678904.61938914
4879,ALG,453455.733556297,5678903.76472566
4880,ALG,453456.03283363,5678902.91752326
4881,ALG,453456.609584797,5678901.98317989
4882,ALG,453457.203402402,5678901.08999876
4883,ALG,453457.753329916,5678900.3008762
4884,ALG,453458.312023504,5678899.49293939
4885,ALG,453458.905932578,5678898.58422194
4886,ALG,453459.533581064,5678897.82441266
4887,ALG,453460.117884008,5678897.07655453
4888,ALG,453460.52885765,5678896.36762335
4889,ALG,453460.992716879,5678895.4969788
4890,ALG,453461.490571416,5678894.73196304
4891,ALG,453461.971241194,5678893.9457601
4892,ALG,453462.418381212,5678892.97513761
4893,ALG,453462.839091439,5678892.08315232
4894,ALG,453463.06094807,5678891.1555888
4895,ALG,453463.289878419,5678890.49552092
4896,ALG,453463.545067845,5678889.78566873
4897,ALG,453463.843766589,5678889.03612211
4898,ALG,453464.072985432,5678888.32722617
4899,ALG,453464.414465319,5678887.66116493
4900,ALG,453464.764645708,5678886.98738673
4901,ALG,453465.063147452,5678886.27113191
4902,ALG,453465.327214246,5678885.52360007
4903,ALG,453465.521997967,5678884.78342707
4904,ALG,453465.820322461,5678884.09713488
4905,ALG,453466.179117856,5678883.43006614
4906,ALG,453466.572990883,5678882.68552103
4907,ALG,453466.931261419,5678882.10723052
4908,ALG,453466.810909857,5678881.96890806
4909,ALG,453466.664640307,5678881.82266405
4910,ALG,453466.509624297,5678881.69190506
4911,ALG,453466.739360878,5678880.89534051
4912,ALG,453467.266962469,5678879.49016468
4913,ALG,453467.470407063,5678878.74893305
4914,ALG,453467.622081245,5678877.98076102
4915,ALG,453467.816976084,5678877.22172258
4916,ALG,453467.9512688,5678876.46565524
4917,ALG,453468.094065262,5678875.73516281
4918,ALG,453468.35792155,5678875.02314216
4919,ALG,453468.699905555,5678874.27163165
4920,ALG,453468.95519238,5678873.54513336
4921,ALG,453469.167350326,5678872.79396528
4922,ALG,453469.293021015,5678872.03229813
4923,ALG,453469.496379972,5678871.30549291
4924,ALG,453469.760098255,5678870.61677651
4925,ALG,453470.075672082,5678869.94057401
4926,ALG,453470.43469605,5678869.23466458
4927,ALG,453470.732671941,5678868.60718779
4928,ALG,453471.082523044,5678867.98889572
4929,ALG,453471.423896549,5678867.34058982
4930,ALG,453471.791043657,5678866.72461946
4931,ALG,453472.097365722,5678866.149351
4932,ALG,453472.334319632,5678865.5958679
4933,ALG,453472.519647495,5678864.99103041
4934,ALG,453472.739095358,5678864.47073685
4935,ALG,453473.070692488,5678864.01214325
4936,ALG,453473.454381231,5678863.52611332
4937,ALG,453473.838358486,5678862.99125532
4938,ALG,453474.265110343,5678862.54099239
4939,ALG,453474.588216645,5678862.05460438
4940,ALG,453474.799462188,5678861.45768837
4941,ALG,453475.019119661,5678860.90188344
4942,ALG,453475.247221864,5678860.38164095
4943,ALG,453476.265856019,5678860.82934785
4944,ALG,453478.518321367,5678863.38846381
4945,ALG,453480.120702764,5678864.64642022
4946,ALG,453480.323758905,5678863.97066222
4947,ALG,453480.492826053,5678863.18816575
4948,ALG,453480.677818811,5678862.63992421
4949,ALG,453480.938840816,5678862.40730573
4950,ALG,453481.158025762,5678861.93140106
4951,ALG,453481.335531013,5678861.18557675
4952,ALG,453481.556191261,5678860.45998322
4953,ALG,453481.776864582,5678859.73217024
4954,ALG,453482.066453452,5678859.05914302
4955,ALG,453482.355170186,5678858.53370966
4956,ALG,453482.590215065,5678858.30315717
4957,ALG,453483.122421363,5678857.58273371
4958,ALG,453483.926441423,5678856.26797137
4959,ALG,453484.58073645,5678855.39179204
4960,ALG,453484.626435474,5678854.98144827
4961,ALG,453484.715558322,5678854.54583643
4962,ALG,453484.839430713,5678854.08823455
4963,ALG,453484.972121611,5678853.60294061
4964,ALG,453485.191666694,5678853.06600078
4965,ALG,453485.436670697,5678852.61466342
4966,ALG,453485.673964217,5678852.00347405
4967,ALG,453485.955029011,5678851.308201
4968,ALG,453486.261100308,5678850.77510165
4969,ALG,453486.496466108,5678850.49017236
4970,ALG,453486.705802527,5678850.21618695
4971,ALG,453486.854720641,5678849.91410039
4972,ALG,453486.977556929,5678849.63183555
4973,ALG,453487.169820137,5678849.31779764
4974,ALG,453487.345062612,5678848.95482942
4975,ALG,453487.633896648,5678848.40942075
4976,ALG,453487.992767295,5678847.72903427
4977,ALG,453488.30826655,5678847.06503805
4978,ALG,453488.614803017,5678846.45314791
4979,ALG,453488.903997462,5678845.84670414
4980,ALG,453489.011124122,5678845.29356331
4981,ALG,453489.057478475,5678844.77224669
4982,ALG,453489.155865285,5678844.23348119
4983,ALG,453489.23678555,5678843.72124691
4984,ALG,453489.248285489,5678843.23967598
4985,ALG,453489.277225737,5678842.73601275
4986,ALG,453489.37573052,5678842.17727214
4987,ALG,453489.534705972,5678841.63775482
4988,ALG,453489.773093719,5678840.84124071
4989,ALG,453489.86287174,5678840.29465597
4990,ALG,453489.995699788,5678839.78605764
4991,ALG,453490.457690643,5678839.23057416
4992,ALG,453491.014757338,5678838.69673791
4993,ALG,453491.571771516,5678838.17177943
4994,ALG,453491.905156179,5678837.41022923
4995,ALG,453492.264766763,5678836.60444327
4996,ALG,453492.433524071,5678835.87410375
4997,ALG,453492.636309679,5678835.24384428
4998,ALG,453492.908318811,5678834.61621327
4999,ALG,453493.26686717,5678833.99020323
5000,ALG,453493.617324664,5678833.26870542
5001,ALG,453493.88027919,5678832.70871668
5002,ALG,453494.047672739,5678832.2092006
5003,ALG,453494.137325823,5678831.68370065
5004,ALG,453494.148950015,5678831.18104488
5005,ALG,453494.203289889,5678830.77297162
5006,ALG,453494.222959003,5678830.3735717
5007,ALG,453494.826516388,5678829.29511421
5008,ALG,453495.440675103,5678827.88711851
5009,ALG,453496.011986814,5678826.40673481
5010,ALG,453496.464384518,5678826.00989099
5011,ALG,453496.863196309,5678825.89350168
5012,ALG,453497.106815712,5678825.67631662
5013,ALG,453497.315987241,5678825.43007413
5014,ALG,453497.456610445,5678825.06690119
5015,ALG,453497.536749956,5678824.68672448
5016,ALG,453497.572987322,5678824.41282608
5017,ALG,453497.56586661,5678824.15309855
5018,ALG,453497.541403987,5678823.89881741
5019,ALG,453497.5507075,5678823.78900543
5020,ALG,453497.551245008,5678823.69800771
5021,ALG,453497.620442249,5678823.70507505
5022,ALG,453497.715550762,5678823.72117358
5023,FMAT,453854.289144631,5678637.40316759
5024,FMAT,453854.242806323,5678636.44960647
5025,FMAT,453854.213815779,5678635.48948845
5026,FMAT,453854.176170887,5678634.52931969
5027,FMAT,453854.138395902,5678633.59134549
5028,FMAT,453854.091680348,5678632.70214862
5029,FMAT,453854.09737883,5678631.73002649
5030,FMAT,453854.120190871,5678630.79129768
5031,FMAT,453854.01360392,5678629.78078529
5032,FMAT,453853.846254377,5678628.80099017
5033,FMAT,453853.661570154,5678627.82553249
5034,FMAT,453853.536503668,5678627.01466974
5035,FMAT,453853.395429552,5678625.98175983
5036,FMAT,453853.296215586,5678625.18991465
5037,FMAT,453853.197307389,5678624.34591224
5038,FMAT,453853.09007013,5678623.44637266
5039,FMAT,453852.99977079,5678622.61018907
5040,FMAT,453852.926780162,5678621.77410694
5041,FMAT,453852.888328867,5678620.95154449
5042,FMAT,453852.884995869,5678620.04373586
5043,FMAT,453852.88917228,5678619.33129018
5044,FMAT,453852.893634926,5678618.57001645
5045,FMAT,453852.872180083,5678617.80082242
5046,FMAT,453852.84166758,5678617.10038082
5047,FMAT,453852.793839893,5678616.40094748
5048,FMAT,453852.746857914,5678615.55724944
5049,FMAT,453852.691559887,5678614.65579479
5050,FMAT,453852.584043109,5678613.80397351
5051,FMAT,453852.467631322,5678612.99316146
5052,FMAT,453852.411383564,5678612.25372716
5053,FMAT,453852.363822677,5678611.50879494
5054,FMAT,453852.264856233,5678610.67478005
5055,FMAT,453852.174134301,5678609.91072879
5056,FMAT,453852.074829618,5678609.13441977
5057,FMAT,453851.923598967,5678608.35780635
5058,FMAT,453851.772238241,5678607.6033875
5059,FMAT,453851.646905586,5678606.83802356
5060,FMAT,453851.538992211,5678606.05389569
5061,FMAT,453851.440370729,5678605.16106517
5062,FMAT,453851.358628557,5678604.3415782
5063,FMAT,453851.415004314,5678603.58282831
5064,FMAT,453851.470898654,5678602.90619833
5065,FMAT,453851.535850653,5678602.16081591
5066,FMAT,453851.540593192,5678601.35182383
5067,FMAT,453851.527545678,5678600.6248502
5068,FMAT,453851.488749883,5678599.86110331
5069,FMAT,453851.432775567,5678599.07506039
5070,FMAT,453851.325252669,5678598.2243488
5071,FMAT,453851.191695278,5678597.38569202
5072,FMAT,453850.932883599,5678595.76835454
5073,FMAT,453850.816348681,5678594.97862727
5074,FMAT,453850.760029674,5678594.25139995
5075,FMAT,453850.712579686,5678593.48760232
5076,FMAT,453850.587364491,5678592.70226323
5077,FMAT,453850.479262777,5678591.95031746
5078,FMAT,453850.379808892,5678591.19953215
5079,FMAT,453850.419617706,5678590.31417173
5080,FMAT,453850.485415468,5678589.4245246
5081,FMAT,453850.612326849,5678588.44423488
5082,FMAT,453850.721623815,5678587.51600092
5083,FMAT,453850.604965448,5678586.74735849
5084,FMAT,453850.471206676,5678585.94310327
5085,FMAT,453850.320275941,5678585.11544227
5086,FMAT,453850.159298703,5678584.52521244
5087,FMAT,453850.051607023,5678583.70335376
5088,FMAT,453849.90018194,5678582.96003212
5089,FMAT,453849.653266796,5678582.26609016
5090,FMAT,453849.293299281,5678581.66470581
5091,FMAT,453848.863453327,5678581.17277868
5092,FMAT,453848.433438265,5678580.70970446
5093,FMAT,453847.925144189,5678580.31275729
5094,FMAT,453847.355495829,5678580.04751261
5095,FMAT,453846.742042497,5678579.87301192
5096,FMAT,453846.128016632,5678579.79616731
5097,FMAT,453845.504464616,5678579.86797553
5098,FMAT,453844.871757286,5678580.02518205
5099,FMAT,453844.22144853,5678580.23222483
5100,FMAT,453843.483952574,5678580.54862324
5101,FMAT,453842.780904581,5678580.89407751
5102,FMAT,453842.155881884,5678581.21668411
5103,FMAT,453841.47004477,5678581.57888568
5104,FMAT,453840.7145372,5678582.01503303
5105,FMAT,453840.037217603,5678582.40058952
5106,FMAT,453839.333993593,5678582.77600615
5107,FMAT,453838.518055332,5678583.1862743
5108,FMAT,453837.858532195,5678583.48870246
5109,FMAT,453837.120983607,5678583.81397811
5110,FMAT,453836.383571623,5678584.11594939
5111,FMAT,453835.620352851,5678584.39113487
5112,FMAT,453834.770434785,5678584.69244623
5113,FMAT,453834.0330031,5678584.99774648
5114,FMAT,453833.269530342,5678585.31621114
5115,FMAT,453832.488885581,5678585.61126992
5116,FMAT,453831.708188693,5678585.91520645
5117,FMAT,453830.944748292,5678586.22812224
5118,FMAT,453830.189721319,5678586.58214868
5119,FMAT,453829.426092037,5678586.92724645
5120,FMAT,453828.680090234,5678587.21806897
5121,FMAT,453827.90802131,5678587.5264948
5122,FMAT,453827.092492019,5678587.86684888
5123,FMAT,453826.346184112,5678588.20982842
5124,FMAT,453825.599928213,5678588.54393006
5125,FMAT,453824.844985391,5678588.88352952
5126,FMAT,453824.090055524,5678589.22090944
5127,FMAT,453823.257087076,5678589.58335616
5128,FMAT,453822.484887507,5678589.91397603
5129,FMAT,453821.773508914,5678590.20389124
5130,FMAT,453821.01882616,5678590.49910119
5131,FMAT,453820.26416288,5678590.79098187
5132,FMAT,453819.500793147,5678591.09168955
5133,FMAT,453818.745940957,5678591.41575222
5134,FMAT,453817.947706461,5678591.75842636
5135,FMAT,453817.192834609,5678592.08581807
5136,FMAT,453816.489960192,5678592.40130732
5137,FMAT,453815.682960501,5678592.76279584
5138,FMAT,453814.910844935,5678593.0789885
5139,FMAT,453814.234167667,5678593.35467966
5140,FMAT,453813.39258958,5678593.70930646
5141,FMAT,453812.707147202,5678594.0038121
5142,FMAT,453811.865562459,5678594.35954847
5143,FMAT,453811.162863428,5678594.64507459
5144,FMAT,453810.434038605,5678594.95819152
5145,FMAT,453809.618143127,5678595.36068859
5146,FMAT,453808.993215568,5678595.66664665
5147,FMAT,453808.23807598,5678596.03953637
5148,FMAT,453807.526357685,5678596.38715619
5149,FMAT,453806.823423881,5678596.71263214
5150,FMAT,453806.085989955,5678597.01792979
5151,FMAT,453805.331292919,5678597.3153577
5152,FMAT,453804.498609265,5678597.62897439
5153,FMAT,453803.839435243,5678597.87147437
5154,FMAT,453802.972212335,5678598.17157102
5155,FMAT,453802.261112295,5678598.41376614
5156,FMAT,453801.393843678,5678598.72163071
5157,FMAT,453799.919098707,5678599.31114008
5158,FMAT,453799.068506783,5678599.72674965
5159,FMAT,453798.244314113,5678600.06815969
5160,FMAT,453797.359808152,5678600.36371521
5161,FMAT,453796.509860795,5678600.66946138
5162,FMAT,453795.789838948,5678600.957104
5163,FMAT,453795.04374335,5678601.26345955
5164,FMAT,453794.357999987,5678601.6090111
5165,FMAT,453793.671956928,5678602.00561012
5166,FMAT,453792.969139284,5678602.31110973
5167,FMAT,453792.240899265,5678602.52434942
5168,FMAT,453791.503366506,5678602.84629164
5169,FMAT,453790.826159916,5678603.2118688
5170,FMAT,453790.14939623,5678603.50198437
5171,FMAT,453789.438171526,5678603.76526318
5172,FMAT,453788.726946776,5678604.02854193
5173,FMAT,453788.03295246,5678604.30523897
5174,FMAT,453787.356149485,5678604.60201267
5175,FMAT,453786.618596784,5678604.92728362
5176,FMAT,453785.881004929,5678605.25921286
5177,FMAT,453785.169493266,5678605.57131935
5178,FMAT,453784.449359793,5678605.87782633
5179,FMAT,453783.64246797,5678606.22044619
5180,FMAT,453782.905051778,5678606.52241249
5181,FMAT,453782.219809092,5678606.7825139
5182,FMAT,453781.474103321,5678607.02228446
5183,FMAT,453780.745882086,5678607.2321939
5184,FMAT,453780.03526919,5678607.39115739
5185,FMAT,453779.255643151,5678607.51198354
5186,FMAT,453778.571234278,5678607.63003938
5187,FMAT,453777.781976472,5678607.91727385
5188,FMAT,453776.940010691,5678608.33737076
5189,FMAT,453776.158957474,5678608.70122715
5190,FMAT,453775.438732124,5678609.0232695
5191,FMAT,453774.770556525,5678609.32453186
5192,FMAT,453774.128382972,5678609.61928824
5193,FMAT,453773.425127262,5678609.99913794
5194,FMAT,453772.791001891,5678610.39714979
5195,FMAT,453772.191715358,5678610.7576341
5196,FMAT,453771.523252746,5678611.10772424
5197,FMAT,453770.75098367,5678611.44943634
5198,FMAT,453770.065512043,5678611.7483772
5199,FMAT,453769.354070839,5678612.04827525
5200,FMAT,453768.529295523,5678612.48844803
5201,FMAT,453767.730450537,5678612.93432185
5202,FMAT,453766.992524729,5678613.32284549
5203,FMAT,453766.263318362,5678613.70032261
5204,FMAT,453765.6730506,5678613.99871246
5205,FMAT,453764.987865335,5678614.24882482
5206,FMAT,453764.268186507,5678614.47764896
5207,FMAT,453763.574359852,5678614.72549091
5208,FMAT,453762.845765877,5678614.99865323
5209,FMAT,453762.099869693,5678615.2706041
5210,FMAT,453761.388675552,5678615.52833175
5211,FMAT,453760.668813989,5678615.78822796
5212,FMAT,453759.940408847,5678616.02920789
5213,FMAT,453759.203368878,5678616.26680772
5214,FMAT,453758.431502901,5678616.53971546
5215,FMAT,453757.720184665,5678616.81852762
5216,FMAT,453756.956907734,5678617.10258334
5217,FMAT,453756.236935052,5678617.38134453
5218,FMAT,453755.516864534,5678617.67675159
5219,FMAT,453754.840000478,5678617.98351006
5220,FMAT,453754.180418984,5678618.29480908
5221,FMAT,453753.564043957,5678618.61745953
5222,FMAT,453752.904227655,5678618.96870866
5223,FMAT,453752.192941596,5678619.24197169
5224,FMAT,453751.533848857,5678619.47004085
5225,FMAT,453750.857466948,5678619.69467907
5226,FMAT,453750.137813277,5678619.91906301
5227,FMAT,453749.409576937,5678620.13118903
5228,FMAT,453748.715371139,5678620.44339393
5229,FMAT,453747.404431197,5678621.13928381
5230,FMAT,453746.692342751,5678621.54904295
5231,FMAT,453745.876173854,5678621.99703232
5232,FMAT,453745.216213469,5678622.37269484
5233,FMAT,453744.573705168,5678622.72404498
5234,FMAT,453743.888062006,5678623.05183651
5235,FMAT,453743.228531808,5678623.35425679
5236,FMAT,453742.55190153,5678623.62106399
5237,FMAT,453741.840686411,5678623.88211907
5238,FMAT,453741.085945174,5678624.18619922
5239,FMAT,453740.39200605,5678624.45290452
5240,FMAT,453739.724114702,5678624.70533587
5241,FMAT,453739.11688202,5678624.94480641
5242,FMAT,453738.466234075,5678625.20843665
5243,FMAT,453737.737670844,5678625.47604801
5244,FMAT,453737.052411923,5678625.73836497
5245,FMAT,453736.358472521,5678626.00506992
5246,FMAT,453735.647243931,5678626.2683439
5247,FMAT,453734.94461747,5678626.54054651
5248,FMAT,453734.302343157,5678626.85194559
5249,FMAT,453733.694653593,5678627.16909672
5250,FMAT,453733.052613977,5678627.44054547
5251,FMAT,453732.393226473,5678627.71855082
5252,FMAT,453731.664264932,5678628.05385506
5253,FMAT,453730.996007729,5678628.36843046
5254,FMAT,453730.371224448,5678628.64885856
5255,FMAT,453729.807217287,5678628.89635083
5256,FMAT,453729.182486102,5678629.167901
5257,FMAT,453728.462380848,5678629.46885424
5258,FMAT,453727.803071286,5678629.73354246
5259,FMAT,453727.092102983,5678629.95242653
5260,FMAT,453726.355112868,5678630.18114548
5261,FMAT,453725.609200898,5678630.45531236
5262,FMAT,453724.871936707,5678630.73063977
5263,FMAT,453724.152013796,5678631.00052021
5264,FMAT,453723.49259958,5678631.28296373
5265,FMAT,453722.824439625,5678631.58089251
5266,FMAT,453722.103949001,5678631.94731915
5267,FMAT,453721.444143199,5678632.29634621
5268,FMAT,453720.715141613,5678632.63830782
5269,FMAT,453719.812556945,5678633.06359116
5270,FMAT,453719.01407894,5678633.44620554
5271,FMAT,453718.225057701,5678633.69237411
5272,FMAT,453717.444723397,5678633.93304484
5273,FMAT,453716.750697768,5678634.21417454
5274,FMAT,453716.022035072,5678634.49842984
5275,FMAT,453715.250093989,5678634.78354037
5276,FMAT,453714.504142035,5678635.06436458
5277,FMAT,453713.766798715,5678635.35300769
5278,FMAT,453713.003479201,5678635.64371754
5279,FMAT,453712.257455308,5678635.93674854
5280,FMAT,453711.511222551,5678636.26529079
5281,FMAT,453710.808385528,5678636.57300257
5282,FMAT,453710.157298448,5678636.91098229
5283,FMAT,453709.367310799,5678637.32138979
5284,FMAT,453708.603723377,5678637.65759808
5285,FMAT,453707.840201148,5678637.98270902
5286,FMAT,453707.085431108,5678638.29122484
5287,FMAT,453706.313293542,5678638.60962636
5288,FMAT,453705.593062533,5678638.93166236
5289,FMAT,453704.993294296,5678639.37315177
5290,FMAT,453704.35020195,5678639.82326448
5291,FMAT,453703.707944896,5678640.1313319
5292,FMAT,453703.048359477,5678640.44262665
5293,FMAT,453702.336808634,5678640.76027434
5294,FMAT,453701.694982178,5678640.99509951
5295,FMAT,453701.018525155,5678641.23194049
5296,FMAT,453700.333452881,5678641.46207213
5297,FMAT,453699.683056785,5678641.68241977
5298,FMAT,453698.946006,5678641.92112372
5299,FMAT,453698.217609537,5678642.15987851
5300,FMAT,453697.541139251,5678642.39893865
5301,FMAT,453696.812559936,5678642.66876571
5302,FMAT,453696.127239371,5678642.94106667
5303,FMAT,453695.372442274,5678643.25402029
5304,FMAT,453694.686958416,5678643.55406435
5305,FMAT,453694.027274429,5678643.88200428
5306,FMAT,453693.358870738,5678644.22099053
5307,FMAT,453692.716449689,5678644.55680027
5308,FMAT,453692.030652274,5678644.91011106
5309,FMAT,453691.379622434,5678645.23810168
5310,FMAT,453690.797827529,5678645.56649953
5311,FMAT,453690.181571755,5678645.8680602
5312,FMAT,453689.42736168,5678646.08113769
5313,FMAT,453688.733719128,5678646.29679096
5314,FMAT,453688.056947879,5678646.5868978
5315,FMAT,453687.336787186,5678646.89672512
5316,FMAT,453686.625398332,5678647.18662817
5317,FMAT,453685.93148792,5678647.44778006
5318,FMAT,453685.211555579,5678647.7187667
5319,FMAT,453684.439566348,5678648.01164232
5320,FMAT,453683.728275216,5678648.2848992
5321,FMAT,453683.02575594,5678648.53823181
5322,FMAT,453682.305712393,5678648.82808356
5323,FMAT,453681.663283961,5678649.16500213
5324,FMAT,453681.064186123,5678649.49218769
5325,FMAT,453680.317709153,5678649.86178695
5326,FMAT,453679.554328195,5678650.16248113
5327,FMAT,453678.877771749,5678650.41596614
5328,FMAT,453677.958637972,5678650.71130463
5329,FMAT,453677.195576808,5678650.95762188
5330,FMAT,453676.553866288,5678651.1724699
5331,FMAT,453675.955499464,5678651.37536548
5332,FMAT,453675.244220787,5678651.64640214
5333,FMAT,453674.593470481,5678651.92667305
5334,FMAT,453673.908017711,5678652.22116666
5335,FMAT,453673.205243063,5678652.51777781
5336,FMAT,453672.47623093,5678652.86084471
5337,FMAT,453671.79913849,5678653.20532686
5338,FMAT,453671.17443598,5678653.47132381
5339,FMAT,453670.558557613,5678653.70851871
5340,FMAT,453669.942679211,5678653.94571356
5341,FMAT,453669.257356707,5678654.2180122
5342,FMAT,453668.45058541,5678654.53842575
5343,FMAT,453667.782610759,5678654.80416776
5344,FMAT,453667.079816049,5678655.10410755
5345,FMAT,453666.281607512,5678655.44010801
5346,FMAT,453665.509499229,5678655.75295691
5347,FMAT,453664.728814879,5678656.05243805
5348,FMAT,453663.973995645,5678656.36871787
5349,FMAT,453663.270998158,5678656.70305891
5350,FMAT,453662.550633048,5678657.04728556
5351,FMAT,453661.864957274,5678657.3795089
5352,FMAT,453661.196694732,5678657.6940784
5353,FMAT,453660.511110296,5678658.01076543
5354,FMAT,453659.756107794,5678658.35811724
5355,FMAT,453659.035938352,5678658.66905172
5356,FMAT,453658.367851968,5678658.95365832
5357,FMAT,453657.638975762,5678659.27341955
5358,FMAT,453656.927454007,5678659.58551451
5359,FMAT,453656.172562253,5678659.91400059
5360,FMAT,453655.504449525,5678660.20304586
5361,FMAT,453654.845063,5678660.47993502
5362,FMAT,453654.064260164,5678660.79939022
5363,FMAT,453653.422358723,5678661.04641849
5364,FMAT,453652.693776122,5678661.31624148
5365,FMAT,453651.973867468,5678661.58278618
5366,FMAT,453651.219295457,5678661.85689509
5367,FMAT,453650.534102273,5678662.10699754
5368,FMAT,453649.874826486,5678662.3650209
5369,ALG,453649.206830922,5678662.63409053
5370,ALG,453648.530128649,5678662.91198697
5371,ALG,453647.98375842,5678663.10297917
5372,ALG,453647.489582426,5678663.24877821
5373,ALG,453646.864780262,5678663.53141917
5374,ALG,453646.152970171,5678663.89234121
5375,ALG,453645.423949241,5678664.23651535
5376,ALG,453644.781713979,5678664.54013907
5377,ALG,453644.18288133,5678664.82182297
5378,ALG,453643.497458943,5678665.11076531
5379,ALG,453642.786086387,5678665.39733524
5380,ALG,453642.100382894,5678665.73399578
5381,ALG,453641.362360861,5678666.13693419
5382,ALG,453640.720759188,5678666.33291391
5383,ALG,453640.044840515,5678666.47764222
5384,ALG,453639.358953817,5678666.84537492
5385,ALG,453638.698703482,5678667.26874689
5386,ALG,453638.047094402,5678667.69438923
5387,ALG,453637.284317863,5678667.89187458
5388,ALG,453636.487413871,5678668.00592634
5389,ALG,453635.846491644,5678668.08649391
5390,ALG,453635.222917415,5678668.160505
5391,ALG,453634.589139746,5678668.49747072
5392,ALG,453634.006791679,5678668.91908159
5393,ALG,453633.381635617,5678669.26164682
5394,ALG,453632.757897863,5678669.36340093
5395,ALG,453632.13498367,5678669.3253292
5396,ALG,453631.469607999,5678669.14939621
5397,ALG,453630.839510143,5678668.86158449
5398,ALG,453630.322004497,5678668.56000895
5399,ALG,453629.87408053,5678668.20002558
5400,ALG,453629.495783993,5678667.77386629
5401,ALG,453629.186683464,5678667.35477319
5402,ALG,453628.92958779,5678666.92266919
5403,ALG,453628.812132592,5678666.29273944
5404,ALG,453628.850914119,5678665.58604631
5405,ALG,453629.053429719,5678664.99906271
5406,ALG,453629.367870654,5678664.51150764
5407,ALG,453629.665610673,5678663.92064587
5408,ALG,453629.919974093,5678663.34728485
5409,ALG,453630.156747618,5678662.82154019
5410,ALG,453630.489771814,5678662.11768998
5411,ALG,453630.814638341,5678661.32944942
5412,ALG,453631.10516831,5678660.49328661
5413,ALG,453631.361793132,5678659.53595948
5414,ALG,453631.574721085,5678658.65050982
5415,ALG,453631.744658122,5678657.71708695
5416,ALG,453631.845386171,5678656.77881736
5417,ALG,453631.90252853,5678655.89355987
5418,ALG,453631.942362106,5678655.00820042
5419,ALG,453631.999641705,5678654.09963862
5420,ALG,453632.056888613,5678653.19662546
5421,ALG,453632.071098909,5678652.2534072
5422,ALG,453632.102251932,5678651.37243569
5423,ALG,453631.968664528,5678650.54265289
5424,ALG,453631.852575467,5678649.68078991
5425,ALG,453631.73656487,5678648.80561019
5426,ALG,453631.818787911,5678648.07031895
5427,ALG,453631.935223187,5678647.40403479
5428,ALG,453632.112670472,5678646.66486537
5429,ALG,453632.30724346,5678645.95687029
5430,ALG,453632.58855624,5678645.21609309
5431,ALG,453632.905225055,5678644.35012045
5432,ALG,453633.186864536,5678643.55385681
5433,ALG,453633.381692266,5678642.80258229
5434,ALG,453633.595194762,5678641.81947644
5435,ALG,453633.721787492,5678640.89800566
5436,NVB,453633.796244832,5678640.01174035
5437,NVB,453633.870231554,5678639.20537549
5438,NVB,453633.935694618,5678638.37676509
5439,NVB,453633.931948893,5678637.54330798
5440,NVB,453633.919633777,5678636.69537343
5441,NVB,453633.924699289,5678635.83533382
5442,NVB,453634.042055819,5678635.01257789
5443,NVB,453634.193820621,5678634.22553716
5444,NVB,453634.354684209,5678633.36308587
5445,NVB,453634.523823031,5678632.56504978
5446,NVB,453634.701308983,5678631.81922192
5447,NVB,453634.887488479,5678631.06678665
5448,NVB,453635.082675242,5678630.25447701
5449,NVB,453635.269305647,5678629.42547046
5450,NVB,453635.403898772,5678628.61502346
5451,NVB,453635.408702697,5678627.79937297
5452,NVB,453635.38761546,5678626.97136256
5453,NVB,453635.444842237,5678626.07167853
5454,FMAT,453635.510252767,5678625.25194593
5455,FMAT,453635.60167209,5678624.42459814
5456,FMAT,453635.701203267,5678623.68940879
5457,FMAT,453635.82773668,5678622.77792551
5458,FMAT,453635.841371388,5678621.93236331
5459,FMAT,453635.863725798,5678621.0757548
5460,FMAT,453635.955680988,5678620.15740926
5461,FMAT,453636.055819923,5678619.31901515
5462,FMAT,453636.155481717,5678618.56163121
5463,FMAT,453636.255770934,5678617.69771333
5464,FMAT,453636.373205424,5678616.86164061
5465,FMAT,453636.516923168,5678615.97134409
5466,FMAT,453636.651568252,5678615.15201923
5467,FMAT,453636.760465967,5678614.29592041
5468,FMAT,453636.860879255,5678613.41091768
5469,FMAT,453636.995831443,5678612.53943557
5470,FMAT,453637.130790142,5678611.66684373
5471,FMAT,453637.248348636,5678610.80968614
5472,FMAT,453637.322472043,5678609.98001692
5473,FMAT,453637.379286767,5678609.15024575
5474,FMAT,453637.444455173,5678608.37157307
5475,FMAT,453637.518513181,5678607.55300113
5476,FMAT,453637.575386695,5678606.71324241
5477,FMAT,453637.62339019,5678605.91005376
5478,NVB,453637.723489578,5678605.07831798
5479,NVB,453637.840878002,5678604.25001332
5480,NVB,453637.975490092,5678603.43623706
5481,NVB,453638.067118089,5678602.5733779
5482,NVB,453638.167073614,5678601.76605614
5483,NVB,453638.283912956,5678601.03096867
5484,NVB,453638.418256995,5678600.26269128
5485,NVB,453638.595944515,5678599.48246172
5486,NVB,453638.756414856,5678598.68659401
5487,NVB,453638.899445811,5678597.91281893
5488,NVB,453638.93913466,5678597.05187341
5489,NVB,453638.961214232,5678596.24187346
5490,NVB,453639.017179096,5678595.55636699
5491,ALG,453639.073902072,5678594.742132
5492,ALG,453639.165660577,5678593.85707825
5493,ALG,453639.248032775,5678593.09626313
5494,ALG,453639.294689736,5678592.52167855
5495,ALG,453639.349706908,5678591.99708272
5496,ALG,453639.430804657,5678591.45266468
5497,ALG,453639.625715564,5678590.68696349
5498,ALG,453639.950212388,5678589.96086729
5499,FMAT,453640.464006086,5678589.42232676
5500,FMAT,453641.029562201,5678588.91183519
5501,FMAT,453641.517556204,5678588.34539847
5502,FMAT,453641.996837011,5678587.78889832
5503,FMAT,453642.484732847,5678587.23910747
5504,FMAT,453642.981394021,5678586.67050216
5505,FMAT,453643.521823319,5678586.01781227
5506,FMAT,453643.958080629,5678585.41888749
5507,FMAT,453644.463539655,5678584.82591903
5508,FMAT,453645.09858449,5678584.27255545
5509,FMAT,453645.776371463,5678583.80933465
5510,FMAT,453646.479369808,5678583.47388546
5511,FMAT,453647.190702214,5678583.19286386
5512,FMAT,453647.919094874,5678582.95411381
5513,FMAT,453648.733801845,5678582.75471377
5514,FMAT,453649.470718037,5678582.5382091
5515,FMAT,453650.103978559,5678582.28780104
5516,FMAT,453650.797969445,5678582.01222586
5517,FMAT,453651.52673431,5678581.71022094
5518,FMAT,453652.307849626,5678581.33638931
5519,FMAT,453653.019821912,5678580.94661379
5520,FMAT,453653.705733217,5678580.57333128
5521,FMAT,453654.417705365,5678580.18355563
5522,FMAT,453655.155744881,5678579.77617711
5523,FMAT,453655.884901356,5678579.40758808
5524,FMAT,453656.648407109,5678579.08470164
5525,FMAT,453657.420371112,5678578.79515794
5526,FMAT,453658.192008413,5678578.5611006
5527,FMAT,453658.928963143,5678578.33793668
5528,FMAT,453659.700606887,5678578.10276946
5529,FMAT,453660.480741566,5678577.89539632
5530,FMAT,453661.209035334,5678577.67329097
5531,FMAT,453661.929288795,5678577.34682013
5532,FMAT,453662.641057738,5678576.99144533
5533,FMAT,453663.379331678,5678576.54411581
5534,FMAT,453664.013388168,5678576.15831975
5535,FMAT,453664.699416102,5678575.76506117
5536,FMAT,453665.480490999,5678575.39788661
5537,FMAT,453666.200796325,5678575.06253755
5538,FMAT,453666.929788547,5678574.72169071
5539,FMAT,453667.684554175,5678574.41317875
5540,FMAT,453668.421971963,5678574.11122321
5541,FMAT,453669.211406904,5678573.79403702
5542,FMAT,453670.000574001,5678573.52234962
5543,FMAT,453670.780805913,5678573.29832953
5544,FMAT,453671.595850884,5678573.04122124
5545,FMAT,453672.48931997,5678572.6935735
5546,FMAT,453673.16609205,5678572.4023583
5547,FMAT,453673.990770737,5678571.9788414
5548,FMAT,453674.650501862,5678571.64202533
5549,FMAT,453675.353621942,5678571.28548873
5550,FMAT,453676.108876679,5678570.89374631
5551,FMAT,453676.811990092,5678570.53831931
5552,FMAT,453677.549720607,5678570.18309595
5553,FMAT,453678.296007394,5678569.84456938
5554,FMAT,453679.050837396,5678569.52495904
5555,FMAT,453679.831636737,5678569.20439168
5556,FMAT,453680.586251133,5678568.92140224
5557,FMAT,453681.297548323,5678568.64592622
5558,FMAT,453681.957122144,5678568.33574303
5559,FMAT,453682.686165281,5678567.98601692
5560,FMAT,453683.406443064,5678567.6551052
5561,FMAT,453684.196072611,5678567.30462565
5562,FMAT,453684.985669443,5678566.95969467
5563,FMAT,453685.740511948,5678566.63786423
5564,FMAT,453686.477823836,5678566.35366267
5565,FMAT,453687.249589597,5678566.09740792
5566,FMAT,453688.116728725,5678565.81175048
5567,FMAT,453688.879898846,5678565.5454571
5568,FMAT,453689.634486443,5678565.26690571
5569,FMAT,453690.302537666,5678564.98673541
5570,FMAT,453691.118423256,5678564.58647012
5571,FMAT,453691.83892885,5678564.21671713
5572,FMAT,453692.594162486,5678563.82830233
5573,FMAT,453693.32345931,5678563.43529582
5574,FMAT,453694.139853754,5678562.94847138
5575,FMAT,453694.782607593,5678562.55495565
5576,FMAT,453695.537573291,5678562.21203945
5577,FMAT,453696.430648414,5678561.93097272
5578,FMAT,453697.15905714,5678561.68888895
5579,FMAT,453697.913506993,5678561.43364108
5580,FMAT,453698.745962815,5678561.15887614
5581,FMAT,453699.500941255,5678560.8137401
5582,FMAT,453700.169409464,5678560.46254633
5583,FMAT,453700.821273956,5678559.99140001
5584,FMAT,453701.412715062,5678559.49326386
5585,FMAT,453702.116315796,5678559.05460496
5586,FMAT,453702.801903021,5678558.7356949
5587,FMAT,453703.400849518,5678558.43292174
5588,FMAT,453703.982591836,5678558.11229108
5589,FMAT,453704.581616557,5678557.79620108
5590,FMAT,453705.136253852,5678557.66962016
5591,FMAT,453705.655771507,5678557.62828473
5592,FMAT,453706.427907749,5678557.30877357
5593,FMAT,453707.295913143,5678556.87552011
5594,FMAT,453708.137055047,5678556.59525644
5595,FMAT,453708.891066818,5678556.41435934
5596,FMAT,453709.575824774,5678556.23638423
5597,FMAT,453710.372918612,5678556.08792357
5598,FMAT,453711.29988527,5678555.93023861
5599,FMAT,453712.140746333,5678555.69769284
5600,FMAT,453712.990568306,5678555.41304062
5601,FMAT,453713.719184706,5678555.13544401
5602,FMAT,453714.34388452,5678554.86833399
5603,FMAT,453715.037609683,5678554.63714232
5604,FMAT,453715.818021079,5678554.38204539
5605,FMAT,453716.598484618,5678554.11807056
5606,FMAT,453717.327381324,5678553.79275528
5607,FMAT,453718.117164522,5678553.41563886
5608,FMAT,453718.768205274,5678553.08431688
5609,FMAT,453719.419350359,5678552.73523918
5610,FMAT,453720.165946808,5678552.34344168
5611,FMAT,453720.912380082,5678551.97938733
5612,FMAT,453721.650132918,5678551.61972095
5613,FMAT,453722.352994607,5678551.30645959
5614,FMAT,453723.038417224,5678551.01529099
5615,FMAT,453723.697987888,5678550.70510432
5616,FMAT,453724.392306044,5678550.37292652
5617,FMAT,453725.121352112,5678550.02208677
5618,FMAT,453725.789655157,5678549.69863406
5619,FMAT,453726.466638504,5678549.37079324
5620,FMAT,453727.169760724,5678549.01314232
5621,FMAT,453727.85548302,5678548.67092578
5622,FMAT,453728.61057637,5678548.30581185
5623,FMAT,453729.34822414,5678547.9639004
5624,FMAT,453730.076728369,5678547.70516767
5625,FMAT,453730.831143163,5678547.4554653
5626,FMAT,453731.663805036,5678547.14518559
5627,FMAT,453732.418487145,5678546.84998419
5628,FMAT,453733.155788922,5678546.56688801
5629,FMAT,453733.945107542,5678546.26856075
5630,FMAT,453734.699782956,5678545.97446886
5631,FMAT,453735.341542005,5678545.74962861
5632,FMAT,453736.026689723,5678545.50506748
5633,FMAT,453736.755728291,5678545.15533639
5634,FMAT,453737.415408779,5678544.82628319
5635,FMAT,453738.057748079,5678544.50267686
5636,FMAT,453738.821638281,5678544.11319878
5637,FMAT,453739.533452847,5678543.74893924
5638,FMAT,453740.356696716,5678543.568446
5639,FMAT,453741.309943571,5678543.35653338
5640,FMAT,453742.012725467,5678543.05658703
5641,FMAT,453742.620127861,5678542.78715361
5642,FMAT,453743.40979134,5678542.43000978
5643,FMAT,453744.138757556,5678542.09248502
5644,FMAT,453744.824354606,5678541.77135186
5645,FMAT,453745.466354273,5678541.50545082
5646,FMAT,453746.108432143,5678541.22623298
5647,FMAT,453746.776361896,5678540.96603303
5648,FMAT,453747.296804078,5678540.76711339
5649,FMAT,453748.052117442,5678540.36426683
5650,FMAT,453748.746694437,5678539.98769775
5651,FMAT,453749.397863168,5678539.63417867
5652,FMAT,453749.97948483,5678539.33351974
5653,FMAT,453750.587121374,5678539.02413548
5654,FMAT,453751.272926519,5678538.66749045
5655,FMAT,453751.889197656,5678538.36148612
5656,FMAT,453752.479356028,5678538.08085298
5657,FMAT,453753.112837786,5678537.79159617
5658,FMAT,453753.720167671,5678537.53436891
5659,FMAT,453754.301202265,5678537.33358525
5660,FMAT,453754.899525777,5678537.13623241
5661,FMAT,453755.532466275,5678536.93908289
5662,FMAT,453756.165491488,5678536.72750685
5663,FMAT,453756.764056111,5678536.48909391
5664,FMAT,453757.380059582,5678536.22858803
5665,FMAT,453757.98751958,5678535.94916587
5666,FMAT,453758.621216079,5678535.62328758
5667,FMAT,453759.272247104,5678535.29307199
5668,FMAT,453759.992486007,5678534.96770195
5669,FMAT,453760.66927108,5678534.67315007
5670,FMAT,453761.372136182,5678534.35877553
5671,FMAT,453762.005578196,5678534.07617638
5672,FMAT,453762.647974254,5678533.7425805
5673,FMAT,453763.368336718,5678533.3961253
5674,FMAT,453764.010432832,5678533.11357683
5675,FMAT,453764.626227219,5678532.8885817
5676,FMAT,453765.285084239,5678532.69935199
5677,FMAT,453765.961412674,5678532.48248067
5678,FMAT,453766.655016974,5678532.27125958
5679,FMAT,453767.400618419,5678532.04813639
5680,FMAT,453768.111648454,5678531.81704172
5681,FMAT,453768.883544938,5678531.5374747
5682,FMAT,453769.499482437,5678531.28806516
5683,FMAT,453770.107032854,5678530.99310588
5684,FMAT,453770.663146527,5678530.61461195
5685,FMAT,453771.279755147,5678530.25090022
5686,FMAT,453771.991351871,5678529.92325881
5687,FMAT,453772.685574876,5678529.60661298
5688,FMAT,453773.345174328,5678529.29087353
5689,FMAT,453773.987360973,5678528.99278804
5690,FMAT,453774.672870919,5678528.68607877
5691,FMAT,453775.410247628,5678528.38966191
5692,FMAT,453776.121433479,5678528.13193303
5693,FMAT,453776.849764865,5678527.90204894
5694,FMAT,453777.586796062,5678527.66444749
5695,FMAT,453778.315355416,5678527.39572276
5696,FMAT,453779.104631255,5678527.10404937
5697,FMAT,453779.83315793,5678526.84087314
5698,FMAT,453780.492242115,5678526.61280165
5699,FMAT,453781.281498245,5678526.32445723
5700,FMAT,453781.975459928,5678526.05219972
5701,FMAT,453782.678114897,5678525.7733346
5702,FMAT,453783.372115576,5678525.4944186
5703,FMAT,453784.12683922,5678525.19144418
5704,FMAT,453784.812387523,5678524.87807566
5705,FMAT,453785.498320154,5678524.49923308
5706,FMAT,453786.132079719,5678524.1622553
5707,FMAT,453786.748322279,5678523.86068718
5708,FMAT,453787.37327766,5678523.54918225
5709,FMAT,453788.024215249,5678523.2345005
5710,FMAT,453788.727143359,5678522.90902624
5711,FMAT,453789.412521898,5678522.62451026
5712,FMAT,453790.071664074,5678522.38645042
5713,FMAT,453790.756866634,5678522.13189701
5714,FMAT,453791.502870286,5678521.83996836
5715,FMAT,453792.162403176,5678521.53532463
5716,FMAT,453792.735934316,5678521.13806537
5717,FMAT,453793.162532306,5678520.70776036
5718,FMAT,453793.520300226,5678520.20824575
5719,FMAT,453793.826637753,5678519.62408696
5720,FMAT,453794.055041539,5678519.04723908
5721,FMAT,453794.214328678,5678518.45000969
5722,FMAT,453794.304518723,5678517.82906961
5723,FMAT,453794.334226843,5678517.19112802
5724,FMAT,453794.312231046,5678516.51515086
5725,FMAT,453794.2296817,5678515.8343792
5726,FMAT,453794.06960908,5678515.09100556
5727,FMAT,453793.86601131,5678514.39065734
5728,FMAT,453793.636405296,5678513.69792481
5729,FMAT,453793.389614637,5678512.98400583
5730,FMAT,453793.14298036,5678512.24345336
5731,FMAT,453792.879226582,5678511.47061715
5732,FMAT,453792.624074973,5678510.70670955
5733,FMAT,453792.351484685,5678509.96489492
5734,FMAT,453792.070298856,5678509.21304192
5735,FMAT,453791.780387201,5678508.47334513
5736,FMAT,453791.499168914,5678507.72704075
5737,FMAT,453791.209250856,5678506.98845365
5738,FMAT,453790.937201524,5678506.15453149
5739,FMAT,453790.674151727,5678505.26184449
5740,FMAT,453790.427902306,5678504.45581793
5741,ALG,453790.156048581,5678503.58860387
5742,ALG,453789.92689924,5678502.8181902
5743,ALG,453789.654374638,5678502.06527818
5744,ALG,453789.373111187,5678501.32674181
5745,ALG,453789.083284781,5678500.57261843
5746,ALG,453788.793419344,5678499.82515341
5747,ALG,453788.468735164,5678499.11188675
5748,ALG,453788.117971148,5678498.41844277
5749,ALG,453787.767565504,5678497.6639637
5750,ALG,453787.400411783,5678496.81394634
5751,ALG,453787.024851502,5678495.92170845
5752,ALG,453786.648489971,5678495.16596718
5753,ALG,453786.271861403,5678494.45572476
5754,ALG,453785.912795398,5678493.70230453
5755,ALG,453785.562468363,5678492.9345086
5756,ALG,453785.263766931,5678492.21806503
5757,ALG,453784.982575927,5678491.46732148
5758,ALG,453784.719234146,5678490.62457204
5759,ALG,453784.507693838,5678489.8032123
5760,FMAT,453784.296231762,5678488.9685358
5761,FMAT,453784.041368429,5678488.15579982
5762,FMAT,453783.760275425,5678487.38841028
5763,FMAT,453783.444780691,5678486.58419645
5764,FMAT,453783.12905147,5678485.81993283
5765,FMAT,453782.804316282,5678485.11554374
5766,FMAT,453782.43632972,5678484.40757139
5767,FMAT,453782.06834974,5678483.6984893
5768,FMAT,453781.735071305,5678482.97518396
5769,FMAT,453781.453848409,5678482.2299889
5770,FMAT,453781.207098987,5678481.50941112
5771,FMAT,453780.986116715,5678480.82227763
5772,FMAT,453780.635230399,5678480.14991813
5773,FMAT,453780.214315692,5678479.61253902
5774,FMAT,453779.732365601,5678479.15248519
5775,FMAT,453779.197975667,5678478.77979502
5776,FMAT,453778.619721874,5678478.50783605
5777,FMAT,453778.058118366,5678478.34806127
5778,FMAT,453777.513256347,5678478.28493449
5779,FMAT,453776.976533736,5678478.30952705
5780,FMAT,453776.370030233,5678478.42693025
5781,FMAT,453775.832349684,5678478.61465287
5782,FMAT,453775.311488751,5678478.88570674
5783,FMAT,453774.798825804,5678479.23449241
5784,FMAT,453774.337657855,5678479.65682507
5785,FMAT,453773.919467556,5678480.12934959
5786,FMAT,453773.509501292,5678480.67516701
5787,FMAT,453773.099300361,5678481.26093464
5788,FMAT,453772.680666754,5678481.80892066
5789,FMAT,453772.218644818,5678482.37662766
5790,FMAT,453771.747883898,5678482.95871027
5791,FMAT,453771.224963127,5678483.58043816
5792,FMAT,453770.667321216,5678484.21971838
5793,FMAT,453770.101403022,5678484.79458346
5794,FMAT,453769.526954377,5678485.34831283
5795,FMAT,453768.883030932,5678485.94269551
5796,FMAT,453768.256656932,5678486.49611984
5797,FMAT,453767.613104797,5678487.02724788
5798,FMAT,453766.821812009,5678487.66293602
5799,FMAT,453766.108765372,5678488.23804647
5800,FMAT,453765.413131318,5678488.79550284
5801,FMAT,453764.743518433,5678489.3431241
5802,FMAT,453764.10814421,5678489.95531288
5803,FMAT,453763.542120834,5678490.54793316
5804,FMAT,453763.019400981,5678491.13525891
5805,FMAT,453762.479040208,5678491.77907913
5806,FMAT,453761.930044699,5678492.41951929
5807,FMAT,453761.312219605,5678492.99074955
5808,FMAT,453760.607761104,5678493.57700763
5809,FMAT,453760.085151647,5678494.1454678
5810,FMAT,453759.536325267,5678494.75705484
5811,FMAT,453758.918154319,5678495.38710055
5812,FMAT,453758.343456401,5678495.9829988
5813,FMAT,453757.760038999,5678496.58994346
5814,FMAT,453757.194223282,5678497.14705196
5815,FMAT,453756.645918,5678497.66986051
5816,FMAT,453756.002135999,5678498.23982812
5817,FMAT,453755.367118943,5678498.79098112
5818,FMAT,453754.792909462,5678499.30364946
5819,FMAT,453754.183933111,5678499.84163815
5820,FMAT,453753.50527312,5678500.45579133
5821,FMAT,453752.852777771,5678501.0356954
5822,FMAT,453752.209053897,5678501.59567514
5823,FMAT,453751.574062386,5678502.14238892
5824,FMAT,453750.973824571,5678502.66600174
5825,FMAT,453750.434329187,5678503.16222722
5826,FMAT,453749.868779804,5678503.67383632
5827,FMAT,453749.233364154,5678504.29268228
5828,FMAT,453748.745793858,5678504.78921273
5829,FMAT,453748.153394832,5678505.45159227
5830,FMAT,453747.587440874,5678506.03200439
5831,FMAT,453746.995882795,5678506.55122883
5832,FMAT,453746.387629135,5678506.96603704
5833,FMAT,453745.7449411,5678507.34956939
5834,FMAT,453745.111324556,5678507.6621299
5835,FMAT,453744.37358342,5678508.02068873
5836,FMAT,453743.817443945,5678508.40361972
5837,FMAT,453743.200392286,5678508.84279086
5838,FMAT,453742.59199478,5678509.2820128
5839,FMAT,453741.923265445,5678509.67870902
5840,FMAT,453741.176478473,5678510.10380042
5841,FMAT,453740.490981824,5678510.40828733
5842,FMAT,453739.779548532,5678510.70818268
5843,FMAT,453738.998881382,5678511.0076711
5844,FMAT,453738.218351129,5678511.28385514
5845,FMAT,453737.446533743,5678511.55010241
5846,FMAT,453736.717641773,5678511.87541953
5847,FMAT,453735.971552163,5678512.18176947
5848,FMAT,453735.208049687,5678512.50577327
5849,FMAT,453734.49668122,5678512.79457086
5850,FMAT,453733.777043289,5678513.01784354
5851,FMAT,453733.005356027,5678513.26189579
5852,FMAT,453732.225060144,5678513.49812901
5853,FMAT,453731.453424964,5678513.73330329
5854,FMAT,453730.603647296,5678514.0112991
5855,FMAT,453729.892180676,5678514.31674221
5856,FMAT,453729.145979669,5678514.64195689
5857,FMAT,453728.374037698,5678514.92928812
5858,FMAT,453727.619423697,5678515.21339183
5859,FMAT,453726.864731363,5678515.51081221
5860,FMAT,453726.109993307,5678515.81600061
5861,FMAT,453725.363981182,5678516.10903281
5862,FMAT,453724.635721065,5678516.32670513
5863,FMAT,453723.864157132,5678516.54967165
5864,FMAT,453722.82460555,5678516.72112314
5865,FMAT,453721.888943848,5678516.88652665
5866,FMAT,453721.177652772,5678517.1620063
5867,FMAT,453720.448883549,5678517.46623708
5868,FMAT,453719.719664097,5678517.84703907
5869,FMAT,453718.955605808,5678518.26536824
5870,FMAT,453718.191684453,5678518.66039304
5871,FMAT,453717.264089428,5678518.92572247
5872,FMAT,453716.319172824,5678519.19316948
5873,FMAT,453715.590383646,5678519.50072899
5874,FMAT,453714.852972801,5678519.80268891
5875,FMAT,453714.020880793,5678520.01642045
5876,FMAT,453713.154132647,5678520.23660672
5877,FMAT,453712.339238088,5678520.46930524
5878,FMAT,453711.662400152,5678520.7727308
5879,FMAT,453710.985483856,5678521.08947305
5880,FMAT,453710.204462164,5678521.44888398
5881,FMAT,453709.501485155,5678521.78211936
5882,FMAT,453708.885115719,5678522.10476632
5883,FMAT,453708.181975445,5678522.4657448
5884,FMAT,453707.504987075,5678522.79469377
5885,FMAT,453706.889478923,5678522.97085638
5886,FMAT,453706.196063013,5678523.14989007
5887,FMAT,453705.606785094,5678523.28070639
5888,FMAT,453704.991413912,5678523.43356454
5889,FMAT,453704.392163369,5678523.78849507
5890,FMAT,453703.810195146,5678524.14796626
5891,FMAT,453703.202375103,5678524.48841932
5892,FMAT,453702.422096757,5678524.72132041
5893,FMAT,453701.633262025,5678524.9375246
5894,FMAT,453700.905268016,5678525.10969586
5895,FMAT,453700.142578682,5678525.29498019
5896,FMAT,453699.336272166,5678525.53882556
5897,FMAT,453698.581871468,5678525.78630545
5898,FMAT,453697.879246044,5678526.05961445
5899,FMAT,453697.176581405,5678526.33958176
5900,FMAT,453696.482544849,5678526.62403883
5901,FMAT,453695.675781143,5678526.94556484
5902,FMAT,453694.929681932,5678527.25302063
5903,FMAT,453694.166169729,5678527.5781302
5904,FMAT,453693.445987439,5678527.89350669
5905,FMAT,453692.725818143,5678528.20666365
5906,FMAT,453692.005740182,5678528.50428434
5907,FMAT,453691.277314755,5678528.74969681
5908,FMAT,453690.574976054,5678528.9741771
5909,FMAT,453689.05757789,5678529.45909667
5910,FMAT,453688.3119613,5678529.68443191
5911,FMAT,453687.549055762,5678529.90633608
5912,FMAT,453686.777384939,5678530.14705464
5913,FMAT,453686.074732587,5678530.42480151
5914,FMAT,453685.328606547,5678530.73669532
5915,FMAT,453684.608312605,5678531.07093638
5916,FMAT,453683.835858055,5678531.4448221
5917,FMAT,453683.046134114,5678531.81194753
5918,FMAT,453682.274136487,5678532.10815209
5919,FMAT,453681.502158387,5678532.40102739
5920,FMAT,453680.747599736,5678532.67513907
5921,FMAT,453679.967130519,5678532.94022008
5922,FMAT,453679.212695831,5678533.19324676
5923,FMAT,453678.501662946,5678533.42433343
5924,FMAT,453677.686589635,5678533.68699105
5925,FMAT,453676.966850165,5678533.92690448
5926,FMAT,453676.238410685,5678534.17453502
5927,FMAT,453675.492414499,5678534.46423333
5928,FMAT,453674.824443667,5678534.73108562
5929,FMAT,453674.095736286,5678535.02421484
5930,FMAT,453673.280584287,5678535.30018876
5931,FMAT,453672.552092315,5678535.55669679
5932,FMAT,453671.849497743,5678535.82445483
5933,FMAT,453671.1209273,5678536.09427948
5934,FMAT,453670.43553664,5678536.37989492
5935,FMAT,453669.732830888,5678536.66651817
5936,FMAT,453669.03897528,5678536.91990043
5937,FMAT,453668.362480388,5678537.16450667
5938,FMAT,453667.677239756,5678537.42459811
5939,FMAT,453667.009242273,5678537.69588866
5940,FMAT,453666.315197062,5678537.98145282
5941,FMAT,453665.577534332,5678538.32557783
5942,FMAT,453664.848695625,5678538.64090077
5943,FMAT,453664.025130347,5678538.87576283
5944,FMAT,453663.236175513,5678539.1119383
5945,FMAT,453662.524795394,5678539.40183915
5946,FMAT,453661.761378627,5678539.71029967
5947,FMAT,453661.093459131,5678539.96827298
5948,FMAT,453660.616593054,5678540.11528441
5949,FMAT,453660.009664851,5678540.30370133
5950,FMAT,453659.315926189,5678540.53710762
5951,FMAT,453658.6049051,5678540.76597304
5952,FMAT,453657.84197148,5678540.99231325
5953,FMAT,453657.009627351,5678541.24820848
5954,FMAT,453656.246582574,5678541.49341392
5955,FMAT,453655.561478352,5678541.73020002
5956,FMAT,453654.850215306,5678542.00012506
5957,FMAT,453654.164601386,5678542.32346987
5958,FMAT,453653.392327194,5678542.66628022
5959,FMAT,453652.681050919,5678542.93842453
5960,FMAT,453651.995828854,5678543.19518543
5961,FMAT,453651.267276628,5678543.46167906
5962,FMAT,453650.512741963,5678543.73134894
5963,FMAT,453649.792915776,5678543.98568637
5964,FMAT,453649.029844362,5678544.23533003
5965,FMAT,453648.370813547,5678544.45340299
5966,FMAT,453647.442892842,5678544.77310094
5967,FMAT,453646.662891751,5678544.95827819
5968,FMAT,453645.927011443,5678544.99944544
5969,FMAT,453645.235062456,5678544.92878484
5970,FMAT,453644.509058423,5678544.76248365
5971,FMAT,453643.964983455,5678544.56507049
5972,FMAT,453643.507849774,5678544.30047347
5973,FMAT,453642.973964865,5678543.84232496
5974,FMAT,453642.604517524,5678543.38403501
5975,FMAT,453642.270347324,5678542.81386631
5976,FMAT,453642.031909924,5678542.15326045
5977,FMAT,453641.905834163,5678541.51773115
5978,FMAT,453641.883668349,5678540.87282588
5979,FMAT,453641.974099387,5678540.21304696
5980,FMAT,453642.142477548,5678539.54373916
5981,FMAT,453642.380122412,5678538.86929043
5982,FMAT,453642.634984254,5678538.21047982
5983,FMAT,453642.881263687,5678537.53941123
5984,FMAT,453643.119209038,5678536.81391496
5985,FMAT,453643.313870014,5678536.09038331
5986,FMAT,453643.474920332,5678535.19574959
5987,FMAT,453643.540035392,5678534.42595461
5988,FMAT,453643.597097413,5678533.55401363
5989,FMAT,453643.654165955,5678532.68096291
5990,FMAT,453643.659583463,5678531.76099781
5991,FMAT,453643.622723054,5678530.67209913
5992,FMAT,453643.56782224,5678529.70738813
5993,FMAT,453643.313971824,5678528.72485904
5994,FMAT,453642.861165342,5678527.72562155
5995,SGAM,453642.788354934,5678526.86290366
5996,SGAM,453643.009076465,5678526.12287898
5997,SGAM,453643.29993373,5678525.23011944
5998,SGAM,453643.669724698,5678524.16026196
5999,SGAM,453644.066086035,5678522.98735258
6000,SGAM,453644.512379546,5678522.15321622
6001,SGAM,453644.957542436,5678521.5110629
6002,SGAM,453645.203572855,5678520.88216391
6003,SGAM,453645.258798345,5678520.32205667
6004,SGAM,453645.209676357,5678519.84567728
6005,SGAM,453645.073665675,5678519.42760389
6006,SGAM,453644.825711953,5678518.91343131
6007,SGAM,453644.466220388,5678518.23435637
6008,SGAM,453644.106957609,5678517.51644089
6009,SGAM,453643.790939917,5678516.80321914
6010,SGAM,453643.526880349,5678516.0847545
6011,SGAM,453643.399890022,5678515.60458723
6012,SGAM,453643.358553247,5678515.27585271
6013,SGAM,453643.30105819,5678514.751704
6014,SGAM,453643.236300884,5678513.9911321
6015,SGAM,453643.188133188,5678513.35273228
6016,SGAM,453643.147456482,5678512.91191515
6017,SGAM,453643.115473217,5678512.46449061
6018,SGAM,453643.110099618,5678511.90735582
6019,SGAM,453643.122269732,5678511.31037271
6020,SGAM,453643.33626445,5678510.24292706
6021,SGAM,453643.672882101,5678508.92761566
6022,SGAM,453643.687038826,5678507.99327501
6023,SGAM,453643.466348717,5678507.25841925
6024,SGAM,453643.202309122,5678506.53662541
6025,SGAM,453643.032851698,5678505.91970667
6026,SGAM,453642.975252182,5678505.4133136
6027,SGAM,453643.300536089,5678504.55294003
6028,SGAM,453643.912631174,5678503.48672896
6029,SGAM,453643.911622928,5678502.18829534
6030,SGAM,453643.444143176,5678500.74173523
6031,SGAM,453642.830280452,5678499.16890933
6032,SGAM,453642.761587547,5678497.60706227
6033,SGAM,453643.134808319,5678495.95459717
6034,SGAM,453643.210348399,5678494.88411662
6035,SGAM,453643.093751016,5678494.10881243
6036,SGAM,453643.037569726,5678493.36160821
6037,SGAM,453642.981440731,5678492.60552616
6038,SGAM,453642.925814955,5678491.763995
6039,SGAM,453642.878418612,5678490.99464716
6040,SGAM,453642.847984319,5678490.28421688
6041,SGAM,453643.102949198,5678489.60765057
6042,SGAM,453643.487465656,5678488.97623785
6043,SGAM,453643.776328384,5678488.42194553
6044,SGAM,453644.065106118,5678487.88207968
6045,SGAM,453644.128619747,5678487.3841682
6046,SGAM,453644.166379891,5678486.8505925
6047,SGAM,453644.47095636,5678486.56717591
6048,SGAM,453644.852708293,5678486.40517841
6049,SGAM,453645.243003316,5678486.26209724
6050,SGAM,453645.591118644,5678485.93343653
6051,SGAM,453645.939501869,5678485.55927693
6052,SGAM,453646.427567679,5678484.97952313
6053,SGAM,453646.93294181,5678484.39987122
6054,SGAM,453647.307575016,5678483.97703637
6055,SGAM,453647.673371017,5678483.58522295
6056,SGAM,453648.073705352,5678483.20693009
6057,SGAM,453648.527029926,5678482.64805718
6058,SGAM,453649.006454242,5678482.0660328
6059,SGAM,453648.803745842,5678481.21697701
6060,SGAM,453648.506168093,5678480.31187423
6061,SGAM,453648.958603802,5678479.9039244
6062,SGAM,453649.686601397,5678479.73064823
6063,SGAM,453650.517965727,5678479.6401034
6064,SGAM,453651.228909704,5678479.42344575
6065,SGAM,453651.905171536,5678479.21768151
6066,SGAM,453652.615520856,5678479.10200906
6067,SGAM,453653.28242279,5678479.01604446
6068,SGAM,453654.546614136,5678478.90807174
6069,SGAM,453655.23076561,5678478.83219643
6070,SGAM,453655.932375715,5678478.7308992
6071,SGAM,453656.642862127,5678478.59192208
6072,SGAM,453657.353446509,5678478.43629897
6073,FMAT,453658.046866207,5678478.25615986
6074,FMAT,453658.723186552,5678478.04040748
6075,FMAT,453659.399709376,5678477.79025344
6076,FMAT,453660.145733517,5678477.49500803
6077,FMAT,453661.499151294,5678476.93144512
6078,FMAT,453662.149495796,5678476.71775907
6079,FMAT,453662.860543693,5678476.48334471
6080,FMAT,453663.641177791,5678476.18941247
6081,FMAT,453664.335178511,5678475.91050695
6082,FMAT,453665.054756342,5678475.69722819
6083,FMAT,453665.800283633,5678475.48632163
6084,FMAT,453666.554445475,5678475.27879514
6085,FMAT,453667.282664311,5678475.06778657
6086,FMAT,453668.010902702,5678474.85344874
6087,FMAT,453668.670005539,5678474.62205743
6088,FMAT,453669.329147528,5678474.38400769
6089,FMAT,453670.031573465,5678474.14399311
6090,FMAT,453670.77745969,5678473.87205101
6091,FMAT,453671.531882485,5678473.62013488
6092,FMAT,453672.260231652,5678473.38693128
6093,FMAT,453672.971311591,5678473.14696737
6094,FMAT,453673.682502509,5678472.88813801
6095,FMAT,453674.385143691,5678472.61150199
6096,FMAT,453675.070659313,5678472.30369165
6097,FMAT,453675.712845195,5678472.00561416
6098,FMAT,453676.37205858,5678471.75535682
6099,FMAT,453677.187295356,5678471.46384641
6100,FMAT,453677.924376693,5678471.21737647
6101,FMAT,453678.661686542,5678470.93206595
6102,FMAT,453679.390289914,5678470.65558226
6103,FMAT,453680.187610812,5678470.46717448
6104,FMAT,453680.941575878,5678470.29293847
6105,FMAT,453681.626803725,5678470.03395563
6106,FMAT,453682.346778846,5678469.75298183
6107,FMAT,453683.118816112,5678469.44900919
6108,FMAT,453683.786839924,5678469.17216866
6109,FMAT,453684.437574922,5678468.89189705
6110,FMAT,453685.079799337,5678468.58716043
6111,FMAT,453685.765314181,5678468.27934915
6112,FMAT,453686.55441142,5678468.01764771
6113,FMAT,453687.29149213,5678467.77117689
6114,FMAT,453688.002571087,5678467.53121163
6115,FMAT,453688.722278062,5678467.29573614
6116,FMAT,453689.424611352,5678467.07125604
6117,FMAT,453690.196067031,5678466.86604858
6118,FMAT,453690.924258314,5678466.65947674
6119,FMAT,453691.653017527,5678466.35635844
6120,FMAT,453692.329779813,5678466.06514162
6121,FMAT,453693.006829287,5678465.72509668
6122,FMAT,453693.701226223,5678465.37849512
6123,FMAT,453694.386609884,5678465.09287768
6124,FMAT,453695.106708111,5678464.79081788
6125,FMAT,453695.809354322,5678464.51307023
6126,FMAT,453696.477194483,5678464.26730103
6127,FMAT,453697.179677408,5678464.01729649
6128,FMAT,453697.977473692,5678463.7478767
6129,FMAT,453698.705892931,5678463.50246365
6130,FMAT,453699.425886406,5678463.21815911
6131,FMAT,453700.197915826,5678462.91529453
6132,FMAT,453700.917883084,5678462.63542878
6133,FMAT,453701.559779983,5678462.38617726
6134,FMAT,453702.236358803,5678462.12603201
6135,FMAT,453702.904126759,5678461.89246928
6136,FMAT,453703.589209543,5678461.65789857
6137,FMAT,453704.421413193,5678461.42419305
6138,FMAT,453705.184318164,5678461.20117756
6139,FMAT,453705.912612933,5678460.97684869
6140,FMAT,453706.571863563,5678460.71993046
6141,FMAT,453707.265848298,5678460.44324062
6142,FMAT,453708.055231155,5678460.13270897
6143,FMAT,453708.766654642,5678459.83392621
6144,FMAT,453709.486732243,5678459.53519429
6145,SGAM,453710.241517825,5678459.22112966
6146,SGAM,453710.935678487,5678458.91447683
6147,SGAM,453711.534545366,5678458.62391009
6148,SGAM,453712.193945693,5678458.34146762
6149,SGAM,453712.965817521,5678458.06523529
6150,SGAM,453713.59022914,5678457.8458437
6151,SGAM,453714.388337423,5678457.52315528
6152,SGAM,453715.116690308,5678457.288838
6153,SGAM,453715.809963209,5678457.13310786
6154,SGAM,453716.459958726,5678456.97823297
6155,SGAM,453717.144890597,5678456.76918484
6156,SGAM,453717.925866459,5678456.41643162
6157,SGAM,453718.585494724,5678456.09514811
6158,SGAM,453719.210480181,5678455.77809995
6159,SGAM,453719.92219644,5678455.42937839
6160,SGAM,453720.633853915,5678455.09064434
6161,SGAM,453721.310757664,5678454.77501101
6162,SGAM,453722.022167102,5678454.47844652
6163,SGAM,453722.724707031,5678454.21845215
6164,SGAM,453723.453157209,5678453.96748817
6165,SGAM,453724.268168534,5678453.71370369
6166,SGAM,453724.94438703,5678453.51459157
6167,SGAM,453725.681347709,5678453.2880923
6168,SGAM,453726.461768338,5678453.02966518
6169,SGAM,453727.181492364,5678452.790857
6170,SGAM,453727.901157638,5678452.56203632
6171,SGAM,453728.594253727,5678452.43626773
6172,SGAM,453729.28670401,5678452.42036224
6173,SGAM,453730.006036512,5678452.24813754
6174,SGAM,453730.717393201,5678451.9604501
6175,SGAM,453731.394178856,5678451.66479103
6176,SGAM,453732.149288919,5678451.29523786
6177,SGAM,453732.826341889,5678450.95407979
6178,SGAM,453733.512042437,5678450.61408225
6179,SGAM,453734.215005585,5678450.28195448
6180,SGAM,453734.89124961,5678450.07840259
6181,SGAM,453735.532472593,5678449.94345039
6182,SGAM,453736.148170059,5678449.73399372
6183,SGAM,453736.78146278,5678449.47581065
6184,SGAM,453737.475504127,5678449.18913061
6185,SGAM,453738.281658155,5678448.96969542
6186,SGAM,453739.148260797,5678448.77281074
6187,SGAM,453739.911509158,5678448.49097627
6188,SGAM,453740.605674211,5678448.18321111
6189,SGAM,453741.28253742,5678447.87423445
6190,SGAM,453741.959517956,5678447.5452826
6191,SGAM,453742.800249178,5678447.33270875
6192,SGAM,453743.770407931,5678447.18637162
6193,SGAM,453744.766476944,5678447.04906476
6194,SGAM,453745.564230693,5678446.78629855
6195,SGAM,453746.249845546,5678446.46072638
6196,SGAM,453747.152505367,5678446.01879416
6197,SGAM,453748.506504685,5678445.35423104
6198,SGAM,453750.007128823,5678444.77487148
6199,SGAM,453751.506520465,5678444.40525039
6200,SGAM,453752.632394734,5678444.26981495
6201,SGAM,453753.566886634,5678444.30193958
6202,SGAM,453754.500570119,5678444.47167047
6203,SGAM,453755.079016164,5678444.71033939
6204,SGAM,453755.475372994,5678445.00786596
6205,SGAM,453755.904338509,5678445.64739235
6206,SGAM,453756.194250891,5678446.38598086
6207,SGAM,453756.216845916,5678448.43252414
6208,SGAM,453755.855942959,5678449.46581666
6209,SGAM,453755.218387177,5678450.44976389
6210,SGAM,453754.339440551,5678451.274706
6211,SGAM,453753.219944096,5678451.79748789
6212,SGAM,453761.709248931,5678485.8073402
6213,SGAM,453760.480515895,5678485.77237846
6214,SGAM,453759.442996568,5678485.59870911
6215,SGAM,453758.268861513,5678485.10906326
6216,SGAM,453757.060129378,5678484.61588469
6217,SGAM,453755.722960031,5678483.88779055
6218,SGAM,453754.403360097,5678483.11540873
6219,SGAM,453753.093040502,5678482.23654356
6220,SGAM,453751.713148628,5678481.4149773
6221,SGAM,453750.332800633,5678480.67109181
6222,SGAM,453749.047088255,5678480.02320209
6223,SGAM,453747.864528686,5678479.49466331
6224,SGAM,453746.517337533,5678478.99955978
6225,SGAM,453745.230465036,5678478.54920114
6226,SGAM,453743.85767029,5678477.99290952
6227,SGAM,453742.277905591,5678477.3111075
6228,SGAM,453740.853257873,5678476.7423032
6229,SGAM,453739.480691999,5678476.1471703
6230,SGAM,453738.100169974,5678475.43324532
6231,SGAM,453736.657927551,5678474.9131666
6232,SGAM,453735.188620507,5678474.58047918
6233,SGAM,453733.639854014,5678474.51477834
6234,SGAM,453732.169855765,5678474.29972161
6235,SGAM,453729.245602331,5678474.13604396
6236,FMAT,453727.694291887,5678474.50313617
6237,FMAT,453726.39385482,5678474.88834933
6238,FMAT,453724.876521509,5678475.3643979
6239,FMAT,453723.497165709,5678475.92448985
6240,FMAT,453722.369629264,5678476.34179228
6241,FMAT,453721.232140198,5678476.97987968
6242,FMAT,453720.181094969,5678477.63512165
6243,FMAT,453719.060300618,5678478.37762501
6244,FMAT,453718.164312736,5678479.15585274
6245,FMAT,453717.197636131,5678480.18114281
6246,FMAT,453716.152934521,5678481.22927912
6247,FMAT,453715.108310934,5678482.26409854
6248,FMAT,453712.983323799,5678484.52440677
6249,FMAT,453712.09476856,5678485.51020397
6250,FMAT,453711.277175959,5678486.20233007
6251,FMAT,453710.921107446,5678486.41220179
6252,FMAT,453710.47672847,5678486.92230108
6253,FMAT,453710.07700389,5678487.19739231
6254,FMAT,453710.041917239,5678487.27708922
6255,FMAT,453709.685568036,5678487.53467922
6256,FMAT,453709.114084146,5678487.58347763
